announcement_id,symbol,publication_date,period_end_candidate,document_type,is_corrected,title,source_url,retrieved_at,content_sha256,content_length_bytes,retrieval_status,failure_reason,fund_shares,distributable_amount_period,distributable_amount_per_unit_period,nav_per_unit,raw_text
SZSE_1211393469,180101,2021-10-27,2021-09-30,quarterly_report,False,博时蛇口产园REIT：2021年第3季度报告,https://disc.static.szse.cn/disc/disk02/finalpage/2021-10-27/9930ff4e-ed5d-4a45-b147-17344e8eb12a.PDF,2026-09-05T13:14:36.835622+00:00,70f3dedce5e7fbfa47022085cb152a04e9aa8518f298cb05b6ad950a57c4be1d,536005.0,success,,900000000.0,22452987.12,0.02,,"报告期末基金份额总额 900,000,000.00 份；本期可供分配金额 22,452,987.12 元；单位可供分配金额 0.02 元/份"
SZSE_1212239392,180101,2022-01-24,2021-12-31,quarterly_report,False,博时蛇口产园REIT：博时招商蛇口产业园封闭式基础设施证券投资基金2021年第4季度报告,https://disc.static.szse.cn/disc/disk03/finalpage/2022-01-24/a50c9018-5cd3-4c8b-8d97-e3f3d9de2b1e.PDF,2026-09-05T13:14:36.835727+00:00,bbb796b273630a609482d38da1db8957f55b76c6b8134b033fac1f47b9d9ae02,312573.0,success,,900000000.0,24275671.13,0.03,,"报告期末基金份额总额 900,000,000.00 份；本期可供分配金额 24,275,671.13 元；单位可供分配金额 0.03 元/份"
SZSE_1213014882,180101,2022-04-22,2022-03-31,quarterly_report,False,博时蛇口产园REIT：博时招商蛇口产业园封闭式基础设施证券投资基金2022年第1季度报告,https://disc.static.szse.cn/disc/disk03/finalpage/2022-04-21/9b45fe03-210b-431a-afed-210cbe7ad1f9.PDF,2026-09-05T13:14:36.835834+00:00,f0261a5b2115a2b1c9a251ee10f0ed27577d585fd26581af01199aa03f6755ca,252635.0,success,,900000000.0,16234104.51,0.02,,"报告期末基金份额总额 900,000,000.00 份；本期可供分配金额 16,234,104.51 元；单位可供分配金额 0.02 元/份"
SZSE_1214093978,180101,2022-07-21,2022-06-30,quarterly_report,False,博时蛇口产园REIT：博时招商蛇口产业园封闭式基础设施证券投资基金2022年第2季度报告,https://disc.static.szse.cn/disc/disk03/finalpage/2022-07-20/a27b7594-afd8-41cd-ac64-74193ab6cec3.PDF,2026-09-05T13:14:36.835949+00:00,38206c486f41f069a901d5f4e81a1164d8ee729681621aca00cb9bc008152f91,359224.0,success,,900000000.0,12475761.29,0.01,,"报告期末基金份额总额 900,000,000.00 份；本期可供分配金额 12,475,761.29 元；单位可供分配金额 0.01 元/份"
SZSE_1214418531,180101,2022-08-29,2022-06-30,semiannual_report,False,博时蛇口产园REIT：博时招商蛇口产业园封闭式基础设施证券投资基金2022年中期报告,https://disc.static.szse.cn/disc/disk03/finalpage/2022-08-26/e16390a9-b4f5-4a6a-a014-8dc861e3f837.PDF,2026-09-05T13:14:36.836045+00:00,40f4e7110fe1bd492f3296a9d41c3dfc4d296966e8d6e02714139189aa05f450,1434113.0,success,,900000000.0,28823467.3,0.03,2.3117,"报告期末基金份额总额 900,000,000.00 份；本期可供分配金额 28,823,467.30 元；单位可供分配金额 0.03 元/份"
SZSE_1214897761,180101,2022-10-26,2022-09-30,quarterly_report,False,博时蛇口产园REIT：博时招商蛇口产业园封闭式基础设施证券投资基金2022年第3季度报告,https://disc.static.szse.cn/disc/disk03/finalpage/2022-10-25/4eefe41d-e2a3-4d33-8990-31b176f2e2ea.PDF,2026-09-05T13:14:36.836166+00:00,5c9a1ce52df1e8aab504f1b0598eacdbc47b681b9016db3fc7f746a7ef2a3b73,414715.0,success,,900000000.0,22122172.34,0.02,,"报告期末基金份额总额 900,000,000.00 份；本期可供分配金额 22,122,172.34 元；单位可供分配金额 0.02 元/份"
SZSE_1215665039,180101,2023-01-20,2022-12-31,quarterly_report,False,博时蛇口产园REIT：博时招商蛇口产业园封闭式基础设施证券投资基金2022年第4季度报告,https://disc.static.szse.cn/disc/disk03/finalpage/2023-01-19/5a1dce81-e6d6-4cb4-a728-3a59c1566f37.PDF,2026-09-05T13:14:37.071818+00:00,1639eeefa9c26d094111dbd26d167cacaf0565cc37ccaf737a37abb0f6888bad,411889.0,success,,900000000.0,35666079.59,0.04,,"报告期末基金份额总额 900,000,000.00 份；本期可供分配金额 35,666,079.59 元；单位可供分配金额 0.04 元/份"
SZSE_1216486942,180101,2023-04-21,2023-03-31,quarterly_report,False,博时蛇口产园REIT：博时招商蛇口产业园封闭式基础设施证券投资基金2023年第1季度报告,https://disc.static.szse.cn/disc/disk03/finalpage/2023-04-20/915ccecc-98f0-4889-b42d-6094bb4e5a3e.PDF,2026-09-05T13:14:37.100299+00:00,1a2e29ffdb4104b347a8938987dae088eacb91fc28eff9bf60e7ae5344dac4a1,385750.0,success,,900000000.0,14650776.95,0.02,,"报告期末基金份额总额 900,000,000.00 份；本期可供分配金额 14,650,776.95 元；单位可供分配金额 0.02 元/份"
SZSE_1217345144,180101,2023-07-21,2023-06-30,quarterly_report,False,博时蛇口产园REIT：博时招商蛇口产业园封闭式基础设施证券投资基金2023年第2季度报告,https://disc.static.szse.cn/disc/disk03/finalpage/2023-07-20/5f390904-1f21-4391-ac0a-6c85a9eb9079.PDF,2026-09-05T13:14:37.112105+00:00,3264c37b46e2134111a346f31902bc4963400d6948848d6a2d806643a78e9d4a,475779.0,success,,1421130866.0,22795223.93,0.016,,"报告期末基金份额总额 1,421,130,866.00 份；本期可供分配金额 22,795,223.93 元；单位可供分配金额 0.0160 元/份"
SZSE_1217647769,180101,2023-08-28,2023-06-30,semiannual_report,False,博时蛇口产园REIT：博时招商蛇口产业园封闭式基础设施证券投资基金2023年中期报告,https://disc.static.szse.cn/disc/disk03/finalpage/2023-08-25/540de4fb-e568-4bf0-b317-c7fd04689003.PDF,2026-09-05T13:14:37.116585+00:00,347ed7f47f1dc6b11bcdc12e3ce5d85f1be851817b57f92fd1da6558a54eb724,1666082.0,success,,1421130866.0,37386695.76,0.0263,2.3127,"报告期末基金份额总额 1,421,130,866.00 份；本期可供分配金额 37,386,695.76 元；单位可供分配金额 0.0263 元/份"
SZSE_1218133998,180101,2023-10-25,2023-09-30,quarterly_report,False,博时蛇口产园REIT：博时招商蛇口产业园封闭式基础设施证券投资基金2023年第3季度报告,https://disc.static.szse.cn/disc/disk03/finalpage/2023-10-24/6d2bef77-fe04-4533-8d2f-153703b78a37.PDF,2026-09-05T13:14:37.123128+00:00,c1b1546a1f9223202fb8b21c76f5c3350b1c1d4d3afa99216f42a784a4fc5e4d,417332.0,success,,1421130866.0,30706570.3,0.0216,,"报告期末基金份额总额 1,421,130,866.00 份；本期可供分配金额 30,706,570.30 元；单位可供分配金额 0.0216 元/份"
SZSE_1218949797,180101,2024-01-22,2023-12-31,quarterly_report,False,博时蛇口产园REIT：博时招商蛇口产业园封闭式基础设施证券投资基金2023年第4季度报告,https://disc.static.szse.cn/disc/disk03/finalpage/2024-01-19/65ce71b0-ad41-445d-9aa2-943026b99b92.PDF,2026-09-05T13:14:37.252606+00:00,672333936db122a38046bb74163565f79fe490bcdc79242e8aee0902d1ee0e14,396235.0,success,,1421130866.0,50103365.68,0.0353,,"报告期末基金份额总额 1,421,130,866.00 份；本期可供分配金额 50,103,365.68 元；单位可供分配金额 0.0353 元/份"
SZSE_1219688026,180101,2024-04-22,2024-03-31,quarterly_report,False,博时蛇口产园REIT：博时招商蛇口产业园封闭式基础设施证券投资基金2024年第1季度报告,https://disc.static.szse.cn/disc/disk03/finalpage/2024-04-19/10e99dbe-3c45-410b-ba2c-17684785a11b.PDF,2026-09-05T13:14:37.286836+00:00,289c8a82ed5b4bece82516ae7fef91585d8d1d05c907bfa59c6146381e18f9b5,454124.0,success,,1421130866.0,27676192.15,0.0195,,"报告期末基金份额总额 1,421,130,866.00 份；本期可供分配金额 27,676,192.15 元；单位可供分配金额 0.0195 元/份"
SZSE_1220674668,180101,2024-07-19,2024-06-30,quarterly_report,False,博时蛇口产园REIT：博时招商蛇口产业园封闭式基础设施证券投资基金2024年第2季度报告,https://disc.static.szse.cn/disc/disk03/finalpage/2024-07-18/32605e36-01b9-46fc-88f5-8a6d6b72eaa9.PDF,2026-09-05T13:14:37.295557+00:00,4192c1d3ff701ccd4778b4f6cd60c49a94507a54e887523f7a56a18c21463242,394231.0,success,,1421130866.0,34085605.75,0.024,,"报告期末基金份额总额 1,421,130,866.00 份；本期可供分配金额 34,085,605.75 元；单位可供分配金额 0.0240 元/份"
SZSE_1221050311,180101,2024-08-30,2024-06-30,semiannual_report,False,博时蛇口产园REIT：博时招商蛇口产业园封闭式基础设施证券投资基金2024年中期报告,https://disc.static.szse.cn/disc/disk03/finalpage/2024-08-29/6d02fdf0-e5ed-447b-8f68-a0c084aee4ad.PDF,2026-09-05T13:14:37.340362+00:00,52fb0383810b6a9a32c07569c9ee5b26c2684dbded0029f9c49aea244eaaa5fe,1694023.0,success,,1421130866.0,61761797.9,0.0435,2.28,"报告期末基金份额总额 1,421,130,866.00 份；本期可供分配金额 61,761,797.90 元；单位可供分配金额 0.0435 元/份"
SZSE_1221505918,180101,2024-10-25,2024-09-30,quarterly_report,False,博时蛇口产园REIT：博时招商蛇口产业园封闭式基础设施证券投资基金2024年第3季度报告,https://disc.static.szse.cn/disc/disk03/finalpage/2024-10-24/9bbb030c-6c1a-478e-ace3-872d5a4e6f32.PDF,2026-09-05T13:14:37.502516+00:00,0d6207e6b813673d722fa6350b2ea6e1fbdf3fb47aab27488d2c7c313bcdd4c5,393453.0,success,,1421130866.0,36806401.39,0.0259,,"报告期末基金份额总额 1,421,130,866.00 份；本期可供分配金额 36,806,401.39 元；单位可供分配金额 0.0259 元/份"
SZSE_1222387318,180101,2025-01-22,2024-12-31,quarterly_report,False,博时蛇口产园REIT：博时招商蛇口产业园封闭式基础设施证券投资基金2024年第4季度报告,https://disc.static.szse.cn/disc/disk03/finalpage/2025-01-21/1003d894-a537-4e49-af07-cd504f32129b.PDF,2026-09-05T13:14:37.505687+00:00,dfbc606737a1433644950bf776163db842e41b320b52525513ed0f5bd59e722d,999963.0,success,,1421130866.0,43059792.66,0.0303,,"报告期末基金份额总额 1,421,130,866.00 份；本期可供分配金额 43,059,792.66 元；单位可供分配金额 0.0303 元/份"
SZSE_1223187120,180101,2025-04-22,2025-03-31,quarterly_report,False,博时蛇口产园REIT：博时招商蛇口产业园封闭式基础设施证券投资基金2025年第1季度报告,https://disc.static.szse.cn/disc/disk03/finalpage/2025-04-21/efd94342-49aa-42c0-8e88-e8a29e44be24.PDF,2026-09-05T13:14:37.510220+00:00,2e32b990727fe2777712f3a71fce84bb201657750577d652f4529bd5fd2dd146,488543.0,success,,1421130866.0,23787263.95,0.0167,,"报告期末基金份额总额 1,421,130,866.00 份；本期可供分配金额 23,787,263.95 元；单位可供分配金额 0.0167 元/份"
SZSE_1224214198,180101,2025-07-21,2025-06-30,quarterly_report,False,博时蛇口产园REIT：博时招商蛇口产业园封闭式基础设施证券投资基金2025年第2季度报告,https://disc.static.szse.cn/disc/disk03/finalpage/2025-07-18/131a2b09-3651-4e32-8306-8e91ff488834.PDF,2026-09-05T13:14:37.510524+00:00,5037bee683d0b624333e6b4a455db455991f116724460d368bf7ab3352f21e66,538601.0,success,,1421130866.0,33009835.08,0.0232,,"报告期末基金份额总额 1,421,130,866.00 份；本期可供分配金额 33,009,835.08 元；单位可供分配金额 0.0232 元/份"
SZSE_1224574254,180101,2025-08-27,2025-06-30,semiannual_report,False,博时蛇口产园REIT：博时招商蛇口产业园封闭式基础设施证券投资基金2025年中期报告,https://disc.static.szse.cn/disc/disk03/finalpage/2025-08-27/e1592c0e-65b1-475b-aaee-e7b765d595ee.PDF,2026-09-05T13:14:37.537158+00:00,06fb85907190b4cc8952c8a790b5ae167327213c5ddb2020b8cc7d2e4a2a373d,588629.0,success,,1421130866.0,56797099.03,0.04,2.2127,"报告期末基金份额总额 1,421,130,866.00 份；本期可供分配金额 56,797,099.03 元；单位可供分配金额 0.0400 元/份"
SZSE_1224739913,180101,2025-10-28,2025-09-30,quarterly_report,False,博时蛇口产园REIT：博时招商蛇口产业园封闭式基础设施证券投资基金2025年第3季度报告,https://disc.static.szse.cn/disc/disk03/finalpage/2025-10-28/b7d16ecd-2200-4ab1-a9c8-6e6c5ca6cab3.PDF,2026-09-05T13:14:37.727896+00:00,b8650eb233fc5f06c36273df08614cbccf80055eedece8f26b7847c62a17f344,235508.0,success,,1421130866.0,28532233.43,0.0201,,"报告期末基金份额总额 1,421,130,866.00 份；本期可供分配金额 28,532,233.43 元；单位可供分配金额 0.0201 元/份"
SZSE_1224944195,180101,2026-01-22,2025-12-31,quarterly_report,False,博时蛇口产园REIT：博时招商蛇口产业园封闭式基础设施证券投资基金2025年第4季度报告,https://disc.static.szse.cn/disc/disk03/finalpage/2026-01-22/1f78f675-8695-4271-8a34-1de68e950b21.PDF,2026-09-05T13:14:37.728452+00:00,d0c9e610f062df3d47ca696b523f6cd21f4293662b84cccb6c67be467566064a,270395.0,success,,1421130866.0,35287081.11,0.0248,,"报告期末基金份额总额 1,421,130,866.00 份；本期可供分配金额 35,287,081.11 元；单位可供分配金额 0.0248 元/份"
SZSE_1225136711,180101,2026-04-22,2026-03-31,quarterly_report,False,博时蛇口产园REIT：博时招商蛇口产业园封闭式基础设施证券投资基金2026年第1季度报告,https://disc.static.szse.cn/disc/disk03/finalpage/2026-04-22/3c35e190-6352-41d4-b055-cb4ac63db37c.PDF,2026-09-05T13:14:37.755124+00:00,1608f1f5f8933311b0d30aa3e007a221c2c553b82ba809e56cc17121cf98f7c5,231371.0,success,,1421130866.0,20355551.68,0.0143,,"报告期末基金份额总额 1,421,130,866.00 份；本期可供分配金额 20,355,551.68 元；单位可供分配金额 0.0143 元/份"
SZSE_1225433699,180101,2026-07-21,2026-06-30,quarterly_report,False,博时蛇口产园REIT：博时招商蛇口产业园封闭式基础设施证券投资基金2026年第2季度报告,https://disc.static.szse.cn/disc/disk03/finalpage/2026-07-21/91ad45f0-754f-429d-a23d-d750d53e4ed3.PDF,2026-09-05T13:14:37.779488+00:00,8e7d913d9bf74107d6dcacacc45980f9c0a0a7327cec28aa038044a1e55f3234,304295.0,success,,1421130866.0,31164190.68,0.0219,,"报告期末基金份额总额 1,421,130,866.00 份；本期可供分配金额 31,164,190.68 元；单位可供分配金额 0.0219 元/份"
SZSE_1225514622,180101,2026-08-27,2026-06-30,semiannual_report,False,博时蛇口产园REIT：博时招商蛇口产业园封闭式基础设施证券投资基金2026年中期报告,https://disc.static.szse.cn/disc/disk03/finalpage/2026-08-27/6b8c7b56-88ba-42ca-8aa5-34a5e81431ef.PDF,2026-09-05T13:14:37.806518+00:00,61e001e2393c6c0c6c43685bab8b0c44295b6770e68b4af4c7832d6a8e35c1bc,690414.0,success,,1421130866.0,32827929.51,0.0231,2.1141,"报告期末基金份额总额 1,421,130,866.00 份；本期可供分配金额 32,827,929.51 元；单位可供分配金额 0.0231 元/份"
SZSE_1215669113,180102,2023-01-20,2022-12-31,quarterly_report,False,华夏合肥高新REIT：华夏合肥高新创新产业园封闭式基础设施证券投资基金2022年第4季度报告,https://disc.static.szse.cn/disc/disk03/finalpage/2023-01-19/70e57bfd-1ca6-4be5-85e9-1346cc9a30f2.PDF,2026-09-05T13:14:37.897120+00:00,92debf548c8658c6169f6281e665c189c93925cd7cf800ebf66f8d2594c3c232,347616.0,success,,700000000.0,18551261.02,0.0265,,"报告期末基金份额总额 700,000,000.00 份；本期可供分配金额 18,551,261.02 元；单位可供分配金额 0.0265 元/份"
SZSE_1216489558,180102,2023-04-21,2023-03-31,quarterly_report,False,华夏合肥高新REIT：华夏合肥高新创新产业园封闭式基础设施证券投资基金2023年第1季度报告,https://disc.static.szse.cn/disc/disk03/finalpage/2023-04-20/777f0148-28cc-4db3-991a-c082406e3f8f.PDF,2026-09-05T13:14:37.901394+00:00,3c03edf1165f57b08f46638b32b9c61d1bc08bfbb9f97940f93638cb48d8391b,322314.0,success,,700000000.0,18515798.43,0.0265,,"报告期末基金份额总额 700,000,000.00 份；本期可供分配金额 18,515,798.43 元；单位可供分配金额 0.0265 元/份"
SZSE_1217333933,180102,2023-07-20,2023-06-30,quarterly_report,False,华夏合肥高新REIT：华夏合肥高新创新产业园封闭式基础设施证券投资基金2023年第2季度报告,https://disc.static.szse.cn/disc/disk03/finalpage/2023-07-19/abbf687f-870a-4bf6-ab72-99cdd30bbf04.PDF,2026-09-05T13:14:37.905313+00:00,355be43cf2bd086b78c4c162aefe1f12eb44e92b99cae84ad401477466716428,339228.0,success,,700000000.0,18913358.49,0.027,,"报告期末基金份额总额 700,000,000.00 份；本期可供分配金额 18,913,358.49 元；单位可供分配金额 0.0270 元/份"
SZSE_1217695171,180102,2023-08-30,2023-06-30,semiannual_report,False,华夏合肥高新REIT：华夏合肥高新创新产业园封闭式基础设施证券投资基金2023年中期报告,https://disc.static.szse.cn/disc/disk03/finalpage/2023-08-29/260313f3-b9e3-4578-a0d6-7e8fa62f5388.PDF,2026-09-05T13:14:37.919941+00:00,9a62a81c16229c7146bccc7934cc4c990df2cd5fcaeaa4b09d4d4f4d2c96c555,1769450.0,success,,700000000.0,37429156.92,0.0535,2.2091,"报告期末基金份额总额 700,000,000.00 份；本期可供分配金额 37,429,156.92 元；单位可供分配金额 0.0535 元/份"
SZSE_1218124099,180102,2023-10-24,2023-09-30,quarterly_report,False,华夏合肥高新REIT：华夏合肥高新创新产业园封闭式基础设施证券投资基金2023年第3季度报告,https://disc.static.szse.cn/disc/disk03/finalpage/2023-10-23/d0f51128-e06a-4003-a646-1cb096cc46ae.PDF,2026-09-05T13:14:37.926785+00:00,be2f0bd0af282199c95682b99d61b996f663001df0443f6d2b3071e26c9bd18d,335285.0,success,,700000000.0,19173659.5,0.0274,,"报告期末基金份额总额 700,000,000.00 份；本期可供分配金额 19,173,659.50 元；单位可供分配金额 0.0274 元/份"
SZSE_1218944025,180102,2024-01-19,2023-12-31,quarterly_report,False,华夏合肥高新REIT：华夏合肥高新创新产业园封闭式基础设施证券投资基金2023年第4季度报告,https://disc.static.szse.cn/disc/disk03/finalpage/2024-01-18/1e50b5b8-6d03-4559-8bac-674f1d72dc2c.PDF,2026-09-05T13:14:38.059746+00:00,8b5ea31aba7d228c7aafde3fd6905bcfa0203787c26d4295affdd352798cd71e,341089.0,success,,700000000.0,19232235.7,0.0275,,"报告期末基金份额总额 700,000,000.00 份；本期可供分配金额 19,232,235.70 元；单位可供分配金额 0.0275 元/份"
SZSE_1219663879,180102,2024-04-19,2024-03-31,quarterly_report,False,华夏合肥高新REIT：华夏合肥高新创新产业园封闭式基础设施证券投资基金2024年第1季度报告,https://disc.static.szse.cn/disc/disk03/finalpage/2024-04-18/e0688147-ef20-4096-8c33-acfefe4646fe.PDF,2026-09-05T13:14:38.094019+00:00,b592776da762ce501d2921cc4bf15b4ea18f8f8a3f066596dde167857b71cb72,354179.0,success,,700000000.0,18918805.06,0.027,,"报告期末基金份额总额 700,000,000.00 份；本期可供分配金额 18,918,805.06 元；单位可供分配金额 0.0270 元/份"
SZSE_1220663160,180102,2024-07-18,2024-06-30,quarterly_report,False,华夏合肥高新REIT：华夏合肥高新创新产业园封闭式基础设施证券投资基金2024年第2季度报告,https://disc.static.szse.cn/disc/disk03/finalpage/2024-07-17/c4d32f6b-d323-40de-a83e-554b8dab476c.PDF,2026-09-05T13:14:38.094429+00:00,6e71daa5840608da55919fdde4a05f43ea4eebd3572fa37726274b371fdf091a,343789.0,success,,700000000.0,18993189.69,0.0271,,"报告期末基金份额总额 700,000,000.00 份；本期可供分配金额 18,993,189.69 元；单位可供分配金额 0.0271 元/份"
SZSE_1221046789,180102,2024-08-30,2024-06-30,semiannual_report,False,华夏合肥高新REIT：华夏合肥高新创新产业园封闭式基础设施证券投资基金2024年中期报告,https://disc.static.szse.cn/disc/disk03/finalpage/2024-08-29/c38c1845-f684-480c-96e3-04cc12a104ae.PDF,2026-09-05T13:14:38.098554+00:00,6221605893084bad58526efd82128c0a28610b06b3b5cd76f49469a4e0a35399,2145703.0,success,,700000000.0,37911994.75,0.0542,2.108,"报告期末基金份额总额 700,000,000.00 份；本期可供分配金额 37,911,994.75 元；单位可供分配金额 0.0542 元/份"
SZSE_1221505080,180102,2024-10-25,2024-09-30,quarterly_report,False,华夏合肥高新REIT：华夏合肥高新创新产业园封闭式基础设施证券投资基金2024年第3季度报告,https://disc.static.szse.cn/disc/disk03/finalpage/2024-10-24/677d6e51-7a1d-4ba0-ad5a-3d6a27eea7c4.PDF,2026-09-05T13:14:38.118172+00:00,fcea6f0c73ca175ec35d419e8b881d29a1e8a02920620e0562e5db82314e13a2,420077.0,success,,700000000.0,18808763.86,0.0269,,"报告期末基金份额总额 700,000,000.00 份；本期可供分配金额 18,808,763.86 元；单位可供分配金额 0.0269 元/份"
SZSE_1222389979,180102,2025-01-22,2024-12-31,quarterly_report,False,华夏合肥高新REIT：华夏合肥高新创新产业园封闭式基础设施证券投资基金2024年第4季度报告,https://disc.static.szse.cn/disc/disk03/finalpage/2025-01-21/a30a39c9-572d-45ab-99d2-3554e395b710.PDF,2026-09-05T13:14:38.315582+00:00,5e65d6e1d94e686459190bbf9d443fa0ab49f74fc0cffa51958d6b6124aee860,611073.0,success,,700000000.0,18933171.98,0.027,,"报告期末基金份额总额 700,000,000.00 份；本期可供分配金额 18,933,171.98 元；单位可供分配金额 0.0270 元/份"
SZSE_1223193936,180102,2025-04-22,2025-03-31,quarterly_report,False,华夏合肥高新REIT：华夏合肥高新创新产业园封闭式基础设施证券投资基金2025年第1季度报告,https://disc.static.szse.cn/disc/disk03/finalpage/2025-04-21/b2215604-2625-4d49-b453-4ad355bac0d2.PDF,2026-09-05T13:14:38.323563+00:00,0faf8b8a4d7be0aaaac396ef34a27d5f85387c6baf8fd08acde0b4a5b925a64d,652527.0,success,,700000000.0,17094460.65,0.0244,,"报告期末基金份额总额 700,000,000.00 份；本期可供分配金额 17,094,460.65 元；单位可供分配金额 0.0244 元/份"
SZSE_1224214617,180102,2025-07-21,2025-06-30,quarterly_report,False,华夏合肥高新REIT：华夏合肥高新创新产业园封闭式基础设施证券投资基金2025年第2季度报告,https://disc.static.szse.cn/disc/disk03/finalpage/2025-07-18/f7a8ecae-6860-4ad1-993e-d5775ad8e737.PDF,2026-09-05T13:14:38.328341+00:00,27ad2a027446f92c9a5c71d08b8031cf42238e996da5c1a0b9b4b40fb96528ba,643131.0,success,,700000000.0,17118082.46,0.0245,,"报告期末基金份额总额 700,000,000.00 份；本期可供分配金额 17,118,082.46 元；单位可供分配金额 0.0245 元/份"
SZSE_1224618925,180102,2025-08-30,2025-06-30,semiannual_report,False,华夏合肥高新REIT：华夏合肥高新创新产业园封闭式基础设施证券投资基金2025年中期报告,https://disc.static.szse.cn/disc/disk03/finalpage/2025-08-30/475dc8d9-8c76-405d-91b8-368fcdfe3612.PDF,2026-09-05T13:14:38.331898+00:00,504ffbc67402957ead6ca349298a65b4ddce53e6b5b384e28b2b356211474bdf,701650.0,success,,700000000.0,34212543.11,0.0489,2.0329,"报告期末基金份额总额 700,000,000.00 份；本期可供分配金额 34,212,543.11 元；单位可供分配金额 0.0489 元/份"
SZSE_1224743432,180102,2025-10-28,2025-09-30,quarterly_report,False,华夏合肥高新REIT：华夏合肥高新创新产业园封闭式基础设施证券投资基金2025年第3季度报告,https://disc.static.szse.cn/disc/disk03/finalpage/2025-10-28/31878517-a780-421f-8ddd-92751dc6abbb.PDF,2026-09-05T13:14:38.356971+00:00,ab94b837d9878c911820b7ce3261c7f5c3e046a8b9152e54bd0d8fcd697c5ea4,348412.0,success,,700000000.0,15598385.92,0.0223,,"报告期末基金份额总额 700,000,000.00 份；本期可供分配金额 15,598,385.92 元；单位可供分配金额 0.0223 元/份"
SZSE_1224944745,180102,2026-01-22,2025-12-31,quarterly_report,False,华夏合肥高新REIT：华夏合肥高新创新产业园封闭式基础设施证券投资基金2025年第4季度报告,https://disc.static.szse.cn/disc/disk03/finalpage/2026-01-22/55921da9-8f98-4ef0-96d7-1be9c3fe3707.PDF,2026-09-05T13:14:38.533803+00:00,d388e65fd4cb54764ecb0d94f2735b1244d93016b88facc289c8dc41d5736784,352912.0,success,,700000000.0,9739475.57,0.0139,,"报告期末基金份额总额 700,000,000.00 份；本期可供分配金额 9,739,475.57 元；单位可供分配金额 0.0139 元/份"
SZSE_1225138050,180102,2026-04-22,2026-03-31,quarterly_report,False,华夏合肥高新REIT：华夏合肥高新创新产业园封闭式基础设施证券投资基金2026年第1季度报告,https://disc.static.szse.cn/disc/disk03/finalpage/2026-04-22/36b37e69-c5a4-41ce-8ebe-079691fa5416.PDF,2026-09-05T13:14:38.581930+00:00,0cbbce4e062aa0b1bbae5b77a07bc90ee076edfcfcf655eccd77334a96a37ca7,355574.0,success,,700000000.0,8443119.59,0.0121,,"报告期末基金份额总额 700,000,000.00 份；本期可供分配金额 8,443,119.59 元；单位可供分配金额 0.0121 元/份"
SZSE_1225434063,180102,2026-07-21,2026-06-30,quarterly_report,False,华夏合肥高新REIT：华夏合肥高新创新产业园封闭式基础设施证券投资基金2026年第2季度报告,https://disc.static.szse.cn/disc/disk03/finalpage/2026-07-21/aa5b6b15-d762-461d-9d78-c969c6db34b1.PDF,2026-09-05T13:14:38.621539+00:00,b1c290c4a5529a16da26c5cdd270c93bef2779c80fceb7e1e7274d6488281efc,372322.0,success,,700000000.0,7327650.21,0.0105,,"报告期末基金份额总额 700,000,000.00 份；本期可供分配金额 7,327,650.21 元；单位可供分配金额 0.0105 元/份"
SZSE_1216489557,180103,2023-04-21,2023-03-31,quarterly_report,False,华夏和达高科REIT：华夏杭州和达高科产业园封闭式基础设施证券投资基金2023年第1季度报告,https://disc.static.szse.cn/disc/disk03/finalpage/2023-04-20/a89c6493-bd8c-46c4-8523-a6ed76f9e662.PDF,2026-09-05T13:14:38.625941+00:00,9c1cc88c179d83ef70c4a5b2b821b692720ef3ab0f14b90442fa8b72553901dd,336261.0,success,,500000000.0,14768750.11,0.0295,,"报告期末基金份额总额 500,000,000.00 份；本期可供分配金额 14,768,750.11 元；单位可供分配金额 0.0295 元/份"
SZSE_1217333932,180103,2023-07-20,2023-06-30,quarterly_report,False,华夏和达高科REIT：华夏杭州和达高科产业园封闭式基础设施证券投资基金2023年第2季度报告,https://disc.static.szse.cn/disc/disk03/finalpage/2023-07-19/90ed99b5-c7d6-4eef-87d4-6d5d9050bdb4.PDF,2026-09-05T13:14:38.626684+00:00,74e4d02f7c71d414d78cc60ea52ae04a9ff56c8ecf97a77186d8d91b2fc5afa6,281539.0,success,,500000000.0,15275937.67,0.0306,,"报告期末基金份额总额 500,000,000.00 份；本期可供分配金额 15,275,937.67 元；单位可供分配金额 0.0306 元/份"
SZSE_1217695170,180103,2023-08-30,2023-06-30,semiannual_report,False,华夏和达高科REIT：华夏杭州和达高科产业园封闭式基础设施证券投资基金2023年中期报告,https://disc.static.szse.cn/disc/disk03/finalpage/2023-08-29/64f55f02-fb44-4203-87d2-e917b882ddd2.PDF,2026-09-05T13:14:38.676026+00:00,2b74977f08a0d679b148eae344b42db80c312ea6e18b7837f47df0e660b67d33,1681064.0,success,,500000000.0,30044687.78,0.0601,2.8317,"报告期末基金份额总额 500,000,000.00 份；本期可供分配金额 30,044,687.78 元；单位可供分配金额 0.0601 元/份"
SZSE_1218124077,180103,2023-10-24,2023-09-30,quarterly_report,False,华夏和达高科REIT：华夏杭州和达高科产业园封闭式基础设施证券投资基金2023年第3季度报告,https://disc.static.szse.cn/disc/disk03/finalpage/2023-10-23/294e3995-aaed-4f4a-8a96-bcd74750c917.PDF,2026-09-05T13:14:38.701661+00:00,4eab9954c4423284bd2109b021e2373a2853e0e26f295b858a6867beac3c145f,297828.0,success,,500000000.0,15297685.56,0.0306,,"报告期末基金份额总额 500,000,000.00 份；本期可供分配金额 15,297,685.56 元；单位可供分配金额 0.0306 元/份"
SZSE_1218944031,180103,2024-01-19,2023-12-31,quarterly_report,False,华夏和达高科REIT：华夏杭州和达高科产业园封闭式基础设施证券投资基金2023年第4季度报告,https://disc.static.szse.cn/disc/disk03/finalpage/2024-01-18/3176f721-be65-44eb-86a6-62c3e66315da.PDF,2026-09-05T13:14:38.720932+00:00,73b88ab3d5c4673c8ad0e07f95883740509ea685e8bee215d38ae5dd7eaf25a2,306057.0,success,,500000000.0,14944067.54,0.0299,,"报告期末基金份额总额 500,000,000.00 份；本期可供分配金额 14,944,067.54 元；单位可供分配金额 0.0299 元/份"
SZSE_1219663946,180103,2024-04-19,2024-03-31,quarterly_report,False,华夏和达高科REIT：华夏杭州和达高科产业园封闭式基础设施证券投资基金2024年第1季度报告,https://disc.static.szse.cn/disc/disk03/finalpage/2024-04-18/869c046b-dd1f-4fd1-94f6-19e2410d2db0.PDF,2026-09-05T13:14:38.778883+00:00,e1ac6ad57df6dd60d6d1f7ab86a5122f88e7f991a8b35ef273aace10a4890695,352880.0,success,,500000000.0,14738519.22,0.0295,,"报告期末基金份额总额 500,000,000.00 份；本期可供分配金额 14,738,519.22 元；单位可供分配金额 0.0295 元/份"
SZSE_1220663158,180103,2024-07-18,2024-06-30,quarterly_report,False,华夏和达高科REIT：华夏杭州和达高科产业园封闭式基础设施证券投资基金2024年第2季度报告,https://disc.static.szse.cn/disc/disk03/finalpage/2024-07-17/71dff2b0-58c5-4c38-995a-e292736b24ef.PDF,2026-09-05T13:14:38.783151+00:00,b5d0a528df4087361ef5fe7da61d46dc7e8a014dd04902fe870c2291e61929dc,506298.0,success,,500000000.0,13993873.3,0.028,,"报告期末基金份额总额 500,000,000.00 份；本期可供分配金额 13,993,873.30 元；单位可供分配金额 0.0280 元/份"
SZSE_1221046645,180103,2024-08-30,2024-06-30,semiannual_report,False,华夏和达高科REIT：华夏杭州和达高科产业园封闭式基础设施证券投资基金2024年中期报告,https://disc.static.szse.cn/disc/disk03/finalpage/2024-08-29/f831fdf1-d50a-4ea9-82ad-60c2c80c539e.PDF,2026-09-05T13:14:38.797539+00:00,7ef862931e893592b467b2128f7ddb5a848477d17f254cc353912b4b8046f0b2,1701579.0,success,,500000000.0,28732392.52,0.0575,2.7019,"报告期末基金份额总额 500,000,000.00 份；本期可供分配金额 28,732,392.52 元；单位可供分配金额 0.0575 元/份"
SZSE_1221505055,180103,2024-10-25,2024-09-30,quarterly_report,False,华夏和达高科REIT：华夏杭州和达高科产业园封闭式基础设施证券投资基金2024年第3季度报告,https://disc.static.szse.cn/disc/disk03/finalpage/2024-10-24/561e64d5-fb4e-417d-9499-ad597ad1acb3.PDF,2026-09-05T13:14:38.866976+00:00,9c910f5aae74d9e8d699908110ac4564f19fc2ad63227e179dd6a060e74d5c22,358823.0,success,,500000000.0,14233963.48,0.0285,,"报告期末基金份额总额 500,000,000.00 份；本期可供分配金额 14,233,963.48 元；单位可供分配金额 0.0285 元/份"
SZSE_1222389983,180103,2025-01-22,2024-12-31,quarterly_report,False,华夏和达高科REIT：华夏杭州和达高科产业园封闭式基础设施证券投资基金2024年第4季度报告,https://disc.static.szse.cn/disc/disk03/finalpage/2025-01-21/3dabe448-fadb-4657-8822-00c519adde8b.PDF,2026-09-05T13:14:38.890348+00:00,c3171b42566e37a13cd674aa938972aaa230b99cd6dcf5e86f7fa3925ae5b173,561069.0,success,,500000000.0,14175142.56,0.0284,,"报告期末基金份额总额 500,000,000.00 份；本期可供分配金额 14,175,142.56 元；单位可供分配金额 0.0284 元/份"
SZSE_1223193924,180103,2025-04-22,2025-03-31,quarterly_report,False,华夏和达高科REIT：华夏杭州和达高科产业园封闭式基础设施证券投资基金2025年第1季度报告,https://disc.static.szse.cn/disc/disk03/finalpage/2025-04-21/91ff7dd7-0e7d-4893-a951-1cc632e71eb2.PDF,2026-09-05T13:14:38.968581+00:00,ef4e672e72528ec0f71bf5e563a69f5ba8c88781958d48c3072f01ba03ec3b4c,568393.0,success,,500000000.0,13446933.33,0.0269,,"报告期末基金份额总额 500,000,000.00 份；本期可供分配金额 13,446,933.33 元；单位可供分配金额 0.0269 元/份"
SZSE_1224214605,180103,2025-07-21,2025-06-30,quarterly_report,False,华夏和达高科REIT：华夏杭州和达高科产业园封闭式基础设施证券投资基金2025年第2季度报告,https://disc.static.szse.cn/disc/disk03/finalpage/2025-07-18/0ecb31ce-ef26-4a82-aa26-1a5c8921bd8a.PDF,2026-09-05T13:14:38.972462+00:00,8a59cb7bda6c88ddd98377f9df040551f6635762a82715216b4b3a7c46724adf,585426.0,success,,500000000.0,13479672.13,0.027,,"报告期末基金份额总额 500,000,000.00 份；本期可供分配金额 13,479,672.13 元；单位可供分配金额 0.0270 元/份"
SZSE_1224618781,180103,2025-08-30,2025-06-30,semiannual_report,False,华夏和达高科REIT：华夏杭州和达高科产业园封闭式基础设施证券投资基金2025年中期报告,https://disc.static.szse.cn/disc/disk03/finalpage/2025-08-30/52b22a85-a938-437c-a3a2-6e786d0bb9e4.PDF,2026-09-05T13:14:38.978514+00:00,728e9e55595012c3e97bda90cf53e7832d4d036fe7f1d88d9834c999c78f4068,724709.0,success,,500000000.0,26926605.46,0.0539,2.5926,"报告期末基金份额总额 500,000,000.00 份；本期可供分配金额 26,926,605.46 元；单位可供分配金额 0.0539 元/份"
SZSE_1224743429,180103,2025-10-28,2025-09-30,quarterly_report,False,华夏和达高科REIT：华夏杭州和达高科产业园封闭式基础设施证券投资基金2025年第3季度报告,https://disc.static.szse.cn/disc/disk03/finalpage/2025-10-28/975b7754-d9cd-4434-81e4-125e1a7a41a4.PDF,2026-09-05T13:14:39.231835+00:00,97c7d3aa7570c1e500163e4e09debae685b14c2889c424dd696d3071482c732f,353072.0,success,,500000000.0,13483311.19,0.027,,"报告期末基金份额总额 500,000,000.00 份；本期可供分配金额 13,483,311.19 元；单位可供分配金额 0.0270 元/份"
SZSE_1224944727,180103,2026-01-22,2025-12-31,quarterly_report,False,华夏和达高科REIT：华夏杭州和达高科产业园封闭式基础设施证券投资基金2025年第4季度报告,https://disc.static.szse.cn/disc/disk03/finalpage/2026-01-22/38ccf0e8-0f52-48ee-9b9b-10254932ac7b.PDF,2026-09-05T13:14:39.238809+00:00,7b34afbd03290bc153eeced4d416681ca24e83a538c6510ab879725154e92e94,3441506.0,success,,500000000.0,12931579.31,0.0259,,"报告期末基金份额总额 500,000,000.00 份；本期可供分配金额 12,931,579.31 元；单位可供分配金额 0.0259 元/份"
SZSE_1225138213,180103,2026-04-22,2026-03-31,quarterly_report,False,华夏和达高科REIT：华夏杭州和达高科产业园封闭式基础设施证券投资基金2026年第1季度报告,https://disc.static.szse.cn/disc/disk03/finalpage/2026-04-22/628f1919-16ed-4ab5-b489-21c1d3a010cd.PDF,2026-09-05T13:14:39.281753+00:00,b697f8b350eab36deb40be9d7c004c3a92ad0d3732094f01e9b775ad47094be9,353173.0,success,,500000000.0,12131749.0,0.0243,,"报告期末基金份额总额 500,000,000.00 份；本期可供分配金额 12,131,749.00 元；单位可供分配金额 0.0243 元/份"
SZSE_1225434056,180103,2026-07-21,2026-06-30,quarterly_report,False,华夏和达高科REIT：华夏杭州和达高科产业园封闭式基础设施证券投资基金2026年第2季度报告,https://disc.static.szse.cn/disc/disk03/finalpage/2026-07-21/865cb1e9-fb4f-4166-abfc-be6b3975de34.PDF,2026-09-05T13:14:39.316607+00:00,1c723c972cf0c1a0bf246487dcdffb12299e67521b3f5779e39b95605406082a,387762.0,success,,500000000.0,11551607.07,0.0231,,"报告期末基金份额总额 500,000,000.00 份；本期可供分配金额 11,551,607.07 元；单位可供分配金额 0.0231 元/份"
SZSE_1222380815,180105,2025-01-21,2024-12-31,quarterly_report,False,易方达广开产园REIT：易方达广州开发区高新产业园封闭式基础设施证券投资基金2024年第4季度报告,https://disc.static.szse.cn/disc/disk03/finalpage/2025-01-20/b3889f99-fcb6-460e-9bc3-0e2ae0e7bc02.PDF,2026-09-05T13:14:39.402453+00:00,fe4d569e026820f4373ab30d4879401eb471c8dc3473e7500bc95ae7648108c5,992368.0,success,,800000000.0,26521724.89,0.0332,,"报告期末基金份额总额 800,000,000.00 份；本期可供分配金额 26,521,724.89 元；单位可供分配金额 0.0332 元/份"
SZSE_1223191490,180105,2025-04-22,2025-03-31,quarterly_report,False,易方达广开产园REIT：易方达广州开发区高新产业园封闭式基础设施证券投资基金2025年第1季度报告,https://disc.static.szse.cn/disc/disk03/finalpage/2025-04-21/3e731eb2-da69-4d2d-a2d4-94001e267bbd.PDF,2026-09-05T13:14:39.419104+00:00,5ebc18fe56fce935a8178407e6cb2603d6369f0c008734057e06d588ddb34a11,491451.0,success,,800000000.0,23889427.08,0.0299,,"报告期末基金份额总额 800,000,000.00 份；本期可供分配金额 23,889,427.08 元；单位可供分配金额 0.0299 元/份"
SZSE_1224216439,180105,2025-07-21,2025-06-30,quarterly_report,False,易方达广开产园REIT：易方达广州开发区高新产业园封闭式基础设施证券投资基金2025年第2季度报告,https://disc.static.szse.cn/disc/disk03/finalpage/2025-07-18/b3113374-bd84-42c7-8529-1f33a3ed2ee3.PDF,2026-09-05T13:14:39.469349+00:00,dd8bb5bdac8c1d07c7c28b6cf836c6db54d5e88786f81f68dfb1c36f7fe86bf8,485964.0,success,,800000000.0,23325713.73,0.0292,,"报告期末基金份额总额 800,000,000.00 份；本期可供分配金额 23,325,713.73 元；单位可供分配金额 0.0292 元/份"
SZSE_1224626572,180105,2025-08-30,2025-06-30,semiannual_report,False,易方达广开产园REIT：易方达广州开发区高新产业园封闭式基础设施证券投资基金2025年中期报告,https://disc.static.szse.cn/disc/disk03/finalpage/2025-08-30/0dd07e5e-86ab-483c-a483-717e071b969c.PDF,2026-09-05T13:14:39.550629+00:00,671e98eead6bae64270e02a4ffe83d1a937433fa81ffadac744a10635126c527,2035443.0,success,,800000000.0,47215140.81,0.059,2.5336,"报告期末基金份额总额 800,000,000.00 份；本期可供分配金额 47,215,140.81 元；单位可供分配金额 0.0590 元/份"
SZSE_1224743994,180105,2025-10-28,2025-09-30,quarterly_report,False,易方达广开产园REIT：易方达广州开发区高新产业园封闭式基础设施证券投资基金2025年第3季度报告,https://disc.static.szse.cn/disc/disk03/finalpage/2025-10-28/cb15d951-e0af-4fc5-86a1-767c778e1532.PDF,2026-09-05T13:14:39.553368+00:00,cdfee3f8187af83e014ba3ce11011a5a9ea3009513bbb69ad41857561ddd342c,543619.0,success,,800000000.0,16975096.04,0.0212,,"报告期末基金份额总额 800,000,000.00 份；本期可供分配金额 16,975,096.04 元；单位可供分配金额 0.0212 元/份"
SZSE_1224943841,180105,2026-01-22,2025-12-31,quarterly_report,False,易方达广开产园REIT：易方达广州开发区高新产业园封闭式基础设施证券投资基金2025年第4季度报告,https://disc.static.szse.cn/disc/disk03/finalpage/2026-01-22/0a86b2a0-a72a-4bc3-a2d3-38e2c88d1363.PDF,2026-09-05T13:14:39.644057+00:00,52035f6939905959eb139803e183c37ad5b19c327efa020291d31669cd6915c8,536415.0,success,,800000000.0,15466073.33,0.0193,,"报告期末基金份额总额 800,000,000.00 份；本期可供分配金额 15,466,073.33 元；单位可供分配金额 0.0193 元/份"
SZSE_1225136082,180105,2026-04-22,2026-03-31,quarterly_report,False,易方达广开产园REIT：易方达广州开发区高新产业园封闭式基础设施证券投资基金2026年第1季度报告,https://disc.static.szse.cn/disc/disk03/finalpage/2026-04-22/d4fcaab6-856f-48f9-901a-7752bb5b8e52.PDF,2026-09-05T13:14:39.697631+00:00,b73a6832ce332259b7cc7d64ad3ca480b87d624c8fb514368d022a33c3ead4b9,532167.0,success,,800000000.0,13737167.75,0.0172,,"报告期末基金份额总额 800,000,000.00 份；本期可供分配金额 13,737,167.75 元；单位可供分配金额 0.0172 元/份"
SZSE_1225432584,180105,2026-07-21,2026-06-30,quarterly_report,False,易方达广开产园REIT：易方达广州开发区高新产业园封闭式基础设施证券投资基金2026年第2季度报告,https://disc.static.szse.cn/disc/disk03/finalpage/2026-07-21/e19df923-e274-43c9-85d2-61f6d8e2fc7f.PDF,2026-09-05T13:14:39.753196+00:00,cf72b24544abf8e4b79eac459bda60ae138efdd61958d5b35a001fdc04e7dae3,537723.0,success,,800000000.0,10016739.4,0.0125,,"报告期末基金份额总额 800,000,000.00 份；本期可供分配金额 10,016,739.40 元；单位可供分配金额 0.0125 元/份"
SZSE_1223143166,180106,2025-04-21,2025-03-31,quarterly_report,False,广发成都高投产业园REIT：广发成都高投产业园封闭式基础设施证券投资基金2025年第1季度报告,https://disc.static.szse.cn/disc/disk03/finalpage/2025-04-18/2adfa5a0-8703-43f8-b825-8ec3fbcac8b0.PDF,2026-09-05T13:14:39.827056+00:00,104df37fd436885f10d1d31649f8866346985c6faba9bcebad2c83118bdc6233,495778.0,success,,400000000.0,16462040.3,0.0412,,"报告期末基金份额总额 400,000,000.00 份；本期可供分配金额 16,462,040.30 元；单位可供分配金额 0.0412 元/份"
SZSE_1224202303,180106,2025-07-18,2025-06-30,quarterly_report,False,广发成都高投产业园REIT：广发成都高投产业园封闭式基础设施证券投资基金2025年第2季度报告,https://disc.static.szse.cn/disc/disk03/finalpage/2025-07-17/d185642b-6bdf-4836-9607-e4745e24d4df.PDF,2026-09-05T13:14:39.915643+00:00,6fee20701d7878d84315bdf85ab9d9afccbb81f2da5d1ae0f40f0971413b2f87,481895.0,success,,400000000.0,14891898.99,0.0372,,"报告期末基金份额总额 400,000,000.00 份；本期可供分配金额 14,891,898.99 元；单位可供分配金额 0.0372 元/份"
SZSE_1224618340,180106,2025-08-30,2025-06-30,semiannual_report,False,广发成都高投产业园REIT：广发成都高投产业园封闭式基础设施证券投资基金2025年中期报告,https://disc.static.szse.cn/disc/disk03/finalpage/2025-08-30/8af7a8b1-af4b-457a-ae18-8cba14490b52.PDF,2026-09-05T13:14:39.933949+00:00,c0b76a59f3b39f35a98f4a5e0f00d81947159b4b6fedf99d0ce41ab8a8cb7b5c,649154.0,success,,400000000.0,31353939.29,0.0784,3.1347,"报告期末基金份额总额 400,000,000.00 份；本期可供分配金额 31,353,939.29 元；单位可供分配金额 0.0784 元/份"
SZSE_1224739726,180106,2025-10-28,2025-09-30,quarterly_report,False,广发成都高投产业园REIT：广发成都高投产业园封闭式基础设施证券投资基金2025年第3季度报告,https://disc.static.szse.cn/disc/disk03/finalpage/2025-10-28/9eba6586-b3de-45a9-a33d-a081836a4c48.PDF,2026-09-05T13:14:39.977639+00:00,24bad48b2958193396d431d55d47a7bdc0251ef3105e24fac1e450ab2a1fd788,224947.0,success,,400000000.0,16799950.1,0.042,,"报告期末基金份额总额 400,000,000.00 份；本期可供分配金额 16,799,950.10 元；单位可供分配金额 0.0420 元/份"
SZSE_1224943051,180106,2026-01-22,2025-12-31,quarterly_report,False,广发成都高投产业园REIT：广发成都高投产业园封闭式基础设施证券投资基金2025年第4季度报告,https://disc.static.szse.cn/disc/disk03/finalpage/2026-01-22/8e5dd8f2-7172-4a6a-b8c5-cb3cf88e1450.PDF,2026-09-05T13:14:40.033268+00:00,4463e297322aee4922c2d377d8adb012707087798f91f27dc747623b96eeca28,557646.0,success,,400000000.0,17316248.46,0.0433,,"报告期末基金份额总额 400,000,000.00 份；本期可供分配金额 17,316,248.46 元；单位可供分配金额 0.0433 元/份"
SZSE_1225135595,180106,2026-04-22,2026-03-31,quarterly_report,False,广发成都高投产业园REIT：广发成都高投产业园封闭式基础设施证券投资基金2026年第1季度报告,https://disc.static.szse.cn/disc/disk03/finalpage/2026-04-22/0409128f-f152-479e-b515-e19749bdfd3d.PDF,2026-09-05T13:14:40.043921+00:00,5cb6a333283809f499a05c54fba0de2288e9f249e3dd65b889ba0f0b24adbbd3,236603.0,success,,400000000.0,15522166.68,0.0388,,"报告期末基金份额总额 400,000,000.00 份；本期可供分配金额 15,522,166.68 元；单位可供分配金额 0.0388 元/份"
SZSE_1225429666,180106,2026-07-20,2026-06-30,quarterly_report,False,广发成都高投产业园REIT：广发成都高投产业园封闭式基础设施证券投资基金2026年第2季度报告,https://disc.static.szse.cn/disc/disk03/finalpage/2026-07-20/5b83f095-463f-4aac-9dcb-7728ec421096.PDF,2026-09-05T13:14:40.050879+00:00,eec73d7f5f6514f8ae30a4ebe24d04c5857a51e933c4d069b14455b290440b39,229856.0,success,,400000000.0,14178302.58,0.0354,,"报告期末基金份额总额 400,000,000.00 份；本期可供分配金额 14,178,302.58 元；单位可供分配金额 0.0354 元/份"
SZSE_1211383854,180201,2021-10-27,2021-09-30,quarterly_report,False,平安广州广河REIT：平安广州交投广河高速公路封闭式基础设施证券投资基金2021年第3季度报告,https://disc.static.szse.cn/disc/disk02/finalpage/2021-10-27/29d14559-fd7d-427e-87f6-7bf264218f26.PDF,2026-09-05T13:14:40.193280+00:00,d164df625c1f5605e2cc475441fba7cdafcd73e35f76b968da60d6b098fb8c59,338438.0,success,,700000000.0,157485011.94,0.225,,"报告期末基金份额总额 700,000,000.00 份；本期可供分配金额 157,485,011.94 元；单位可供分配金额 0.2250 元/份"
SZSE_1212240010,180201,2022-01-24,2021-12-31,quarterly_report,False,平安广州广河REIT：平安广州交投广河高速公路封闭式基础设施证券投资基金2021年第4季度报告,https://disc.static.szse.cn/disc/disk03/finalpage/2022-01-24/5ac16474-ab64-4a31-965c-c01495e80fbf.PDF,2026-09-05T13:14:40.206619+00:00,babc974ca805f55dc3583df6e2730c07346a22cda98beed8f2a78920cf3b480c,339683.0,success,,700000000.0,171617876.76,0.2452,,"报告期末基金份额总额 700,000,000.00 份；本期可供分配金额 171,617,876.76 元；单位可供分配金额 0.2452 元/份"
SZSE_1213017940,180201,2022-04-22,2022-03-31,quarterly_report,False,平安广州广河REIT：平安广州交投广河高速公路封闭式基础设施证券投资基金2022年第1季度报告,https://disc.static.szse.cn/disc/disk03/finalpage/2022-04-21/504f85db-bbd9-4835-b8ab-6f7165eddc2d.PDF,2026-09-05T13:14:40.251309+00:00,22dbb58bc363ad7de4ae40fc7f2e3a81e5ea10fc8156cc46cf1365bfc112099a,341889.0,success,,700000000.0,105934425.64,0.1513,,"报告期末基金份额总额 700,000,000.00 份；本期可供分配金额 105,934,425.64 元；单位可供分配金额 0.1513 元/份"
SZSE_1214096108,180201,2022-07-21,2022-06-30,quarterly_report,False,平安广州广河REIT：平安广州交投广河高速公路封闭式基础设施证券投资基金2022年第2季度报告,https://disc.static.szse.cn/disc/disk03/finalpage/2022-07-20/d0ede893-7d9e-4e08-9c22-fa6d582d85ca.PDF,2026-09-05T13:14:40.251404+00:00,01f62db5744875aa22a930f962b1031163552fd36bc8694b7a986bc977e45593,419372.0,success,,700000000.0,126635117.68,0.1809,,"报告期末基金份额总额 700,000,000.00 份；本期可供分配金额 126,635,117.68 元；单位可供分配金额 0.1809 元/份"
SZSE_1214446103,180201,2022-08-30,2022-06-30,semiannual_report,False,平安广州广河REIT：平安广州交投广河高速公路封闭式基础设施证券投资基金2022年中期报告,https://disc.static.szse.cn/disc/disk03/finalpage/2022-08-29/d5e54394-04a0-42b9-8930-677fd70d1ea3.PDF,2026-09-05T13:14:40.273238+00:00,d5c5eda5b05bfa5c37a80832328f2bd8230adf2c2480d8b998ac3c1d49948760,1880551.0,success,,700000000.0,256903376.42,0.367,12.614,"报告期末基金份额总额 700,000,000.00 份；本期可供分配金额 256,903,376.42 元；单位可供分配金额 0.3670 元/份"
SZSE_1214900690,180201,2022-10-26,2022-09-30,quarterly_report,False,平安广州广河REIT：平安广州交投广河高速公路封闭式基础设施证券投资基金2022年第3季度报告,https://disc.static.szse.cn/disc/disk03/finalpage/2022-10-25/a2372fdb-27e4-47df-8cf3-5176390b3426.PDF,2026-09-05T13:14:40.281728+00:00,b39017a388331b0033050e7eba888c9f4a03160855d83a33ed5813460d2a90ff,429501.0,success,,700000000.0,176714122.91,0.2524,,"报告期末基金份额总额 700,000,000.00 份；本期可供分配金额 176,714,122.91 元；单位可供分配金额 0.2524 元/份"
SZSE_1215666363,180201,2023-01-20,2022-12-31,quarterly_report,False,平安广州广河REIT：平安广州交投广河高速公路封闭式基础设施证券投资基金2022年第4季度报告,https://disc.static.szse.cn/disc/disk03/finalpage/2023-01-19/c838e08d-6211-42f0-b8a3-b903ae8e7f2d.PDF,2026-09-05T13:14:40.345477+00:00,d5c2b3f4a974524a30fd9b29a8cb209148af7a5850dd5e8baacc7daada25b94f,425614.0,success,,700000000.0,92144964.37,0.1316,,"报告期末基金份额总额 700,000,000.00 份；本期可供分配金额 92,144,964.37 元；单位可供分配金额 0.1316 元/份"
SZSE_1216514338,180201,2023-04-22,2023-03-31,quarterly_report,False,平安广州广河REIT：平安广州交投广河高速公路封闭式基础设施证券投资基金2023年第1季度报告,https://disc.static.szse.cn/disc/disk03/finalpage/2023-04-21/f9b820c3-c724-4c34-9156-08ebc237a313.PDF,2026-09-05T13:14:40.351570+00:00,e3a8096711b580f01eead6fdb739538af6d0221084487ba428b2cfd738f12eb2,484847.0,success,,700000000.0,148030554.31,0.2115,,"报告期末基金份额总额 700,000,000.00 份；本期可供分配金额 148,030,554.31 元；单位可供分配金额 0.2115 元/份"
SZSE_1217347107,180201,2023-07-21,2023-06-30,quarterly_report,False,平安广州广河REIT：平安广州交投广河高速公路封闭式基础设施证券投资基金2023年第2季度报告,https://disc.static.szse.cn/disc/disk03/finalpage/2023-07-20/c06c87b0-093d-438a-a9af-b4e33d5542ac.PDF,2026-09-05T13:14:40.382574+00:00,8130aac6c9f0a6a3a6c4444839f7c72d15c103aa8b43160ec7b674ee954164d6,501207.0,success,,700000000.0,106641242.72,0.1523,,"报告期末基金份额总额 700,000,000.00 份；本期可供分配金额 106,641,242.72 元；单位可供分配金额 0.1523 元/份"
SZSE_1217700598,180201,2023-08-30,2023-06-30,semiannual_report,False,平安广州广河REIT：平安广州交投广河高速公路封闭式基础设施证券投资基金2023年中期报告,https://disc.static.szse.cn/disc/disk03/finalpage/2023-08-29/4d023a15-0d95-44f5-ac3f-adb254452555.PDF,2026-09-05T13:14:40.414404+00:00,55e574f9ae7f9e0cf079bcb49969e8042a73eb8b463bde3ad141ac3096374c30,1948824.0,success,,700000000.0,254671797.03,0.3638,12.1071,"报告期末基金份额总额 700,000,000.00 份；本期可供分配金额 254,671,797.03 元；单位可供分配金额 0.3638 元/份"
SZSE_1218137901,180201,2023-10-25,2023-09-30,quarterly_report,False,平安广州广河REIT：平安广州交投广河高速公路封闭式基础设施证券投资基金2023年第3季度报告,https://disc.static.szse.cn/disc/disk03/finalpage/2023-10-24/f8ffdd8e-fb6f-43d4-ab2a-990b5ea38f1d.PDF,2026-09-05T13:14:40.423697+00:00,33bc474273efcbc97ccaf2dd383e31587f03f8b12336807d6e0cdee8fff2c237,497810.0,success,,700000000.0,170054729.1,0.2429,,"报告期末基金份额总额 700,000,000.00 份；本期可供分配金额 170,054,729.10 元；单位可供分配金额 0.2429 元/份"
SZSE_1218956497,180201,2024-01-22,2023-12-31,quarterly_report,False,平安广州广河REIT：平安广州交投广河高速公路封闭式基础设施证券投资基金2023年第4季度报告,https://disc.static.szse.cn/disc/disk03/finalpage/2024-01-19/23ba2d9e-ff24-42ea-8320-4e6dd3d3c9be.PDF,2026-09-05T13:14:40.569122+00:00,820126952d4968d515d9358f371666fdbe9c8605ad7f107df36b184b411893a8,513013.0,success,,700000000.0,118995532.79,0.17,,"报告期末基金份额总额 700,000,000.00 份；本期可供分配金额 118,995,532.79 元；单位可供分配金额 0.1700 元/份"
SZSE_1219694895,180201,2024-04-22,2024-03-31,quarterly_report,False,平安广州广河REIT：平安广州交投广河高速公路封闭式基础设施证券投资基金2024年第1季度报告,https://disc.static.szse.cn/disc/disk03/finalpage/2024-04-19/617910a5-d264-4041-91c3-e721d71f5a6d.PDF,2026-09-05T13:14:40.585994+00:00,f4814e98feec19f53a4420d617757957fa0c20361a4638628f3ced77e1a3fa3c,505828.0,success,,700000000.0,151107642.98,0.2159,,"报告期末基金份额总额 700,000,000.00 份；本期可供分配金额 151,107,642.98 元；单位可供分配金额 0.2159 元/份"
SZSE_1220676362,180201,2024-07-19,2024-06-30,quarterly_report,False,平安广州广河REIT：平安广州交投广河高速公路封闭式基础设施证券投资基金2024年第2季度报告,https://disc.static.szse.cn/disc/disk03/finalpage/2024-07-18/132ceba0-2e96-4c29-8c9c-a91976cccb7a.PDF,2026-09-05T13:14:40.638854+00:00,eb2b0ce8fcfb1ec313f1cc8dc7d010d8aa72978636675b36683b7134622e393d,488565.0,success,,700000000.0,106488338.38,0.1521,,"报告期末基金份额总额 700,000,000.00 份；本期可供分配金额 106,488,338.38 元；单位可供分配金额 0.1521 元/份"
SZSE_1221055852,180201,2024-08-30,2024-06-30,semiannual_report,False,平安广州广河REIT：平安广州交投广河高速公路封闭式基础设施证券投资基金2024年中期报告,https://disc.static.szse.cn/disc/disk03/finalpage/2024-08-29/02d03610-53b5-40d3-bb0e-ec6bf45dcdd4.PDF,2026-09-05T13:14:40.659585+00:00,612a039a051264f5c3cc59b4442d3321dd831b9e9f7c6ba6f688e2732bada5e6,1981692.0,success,,700000000.0,257595981.36,0.368,11.6793,"报告期末基金份额总额 700,000,000.00 份；本期可供分配金额 257,595,981.36 元；单位可供分配金额 0.3680 元/份"
SZSE_1221508383,180201,2024-10-25,2024-09-30,quarterly_report,False,平安广州广河REIT：平安广州交投广河高速公路封闭式基础设施证券投资基金2024年第3季度报告,https://disc.static.szse.cn/disc/disk03/finalpage/2024-10-24/bc9dd1c2-216a-4bc0-81d5-a16ae59c000b.PDF,2026-09-05T13:14:40.732437+00:00,c03d012c213cb608ea4aff15dc33c538a80009e940f627e504c17b4aa851dcee,500909.0,success,,700000000.0,172717141.74,0.2467,,"报告期末基金份额总额 700,000,000.00 份；本期可供分配金额 172,717,141.74 元；单位可供分配金额 0.2467 元/份"
SZSE_1222390047,180201,2025-01-22,2024-12-31,quarterly_report,False,平安广州广河REIT：平安广州交投广河高速公路封闭式基础设施证券投资基金2024年第4季度报告,https://disc.static.szse.cn/disc/disk03/finalpage/2025-01-21/20d4c982-7bfa-4832-90b7-389cddd154b1.PDF,2026-09-05T13:14:40.755512+00:00,3ecf1cf2319c84c5eda59405e30d6dbc9f54633f8dfbe61c152e855b6442e1eb,565449.0,success,,700000000.0,96010594.72,0.1372,,"报告期末基金份额总额 700,000,000.00 份；本期可供分配金额 96,010,594.72 元；单位可供分配金额 0.1372 元/份"
SZSE_1223191935,180201,2025-04-22,2025-03-31,quarterly_report,False,平安广州广河REIT：平安广州交投广河高速公路封闭式基础设施证券投资基金2025年第1季度报告,https://disc.static.szse.cn/disc/disk03/finalpage/2025-04-21/82d28f6c-5509-4872-b707-09c0d9b0b078.PDF,2026-09-05T13:14:40.819032+00:00,848273215d3e06ea139cda08170e5def59202f3113c2419d6683ca44e0612ffc,543723.0,success,,700000000.0,151036363.89,0.2158,,"报告期末基金份额总额 700,000,000.00 份；本期可供分配金额 151,036,363.89 元；单位可供分配金额 0.2158 元/份"
SZSE_1224215339,180201,2025-07-21,2025-06-30,quarterly_report,False,平安广州广河REIT：平安广州交投广河高速公路封闭式基础设施证券投资基金2025年第2季度报告,https://disc.static.szse.cn/disc/disk03/finalpage/2025-07-18/4168d84a-8053-469f-95cf-d43588cdbb8d.PDF,2026-09-05T13:14:40.838216+00:00,2b3201c521901d898383c27dd948c07fa2e9ced7183d114645669e5984f9ca24,531895.0,success,,700000000.0,104015845.26,0.1486,,"报告期末基金份额总额 700,000,000.00 份；本期可供分配金额 104,015,845.26 元；单位可供分配金额 0.1486 元/份"
SZSE_1224608841,180201,2025-08-29,2025-06-30,semiannual_report,False,平安广州广河REIT：平安广州交投广河高速公路封闭式基础设施证券投资基金2025年中期报告,https://disc.static.szse.cn/disc/disk03/finalpage/2025-08-29/c1bc7cba-b1ed-468b-ad92-8b59c9124437.PDF,2026-09-05T13:14:40.848148+00:00,a53251317080ed7abf36651a4080970b3dff732fb330c18e284504137df232e9,545696.0,success,,700000000.0,255052209.15,0.3644,10.5014,"报告期末基金份额总额 700,000,000.00 份；本期可供分配金额 255,052,209.15 元；单位可供分配金额 0.3644 元/份"
SZSE_1224744609,180201,2025-10-28,2025-09-30,quarterly_report,False,平安广州广河REIT：平安广州交投广河高速公路封闭式基础设施证券投资基金2025年第3季度报告,https://disc.static.szse.cn/disc/disk03/finalpage/2025-10-28/551605d8-7a7f-4799-bebe-b3f0a6c1a744.PDF,2026-09-05T13:14:40.979000+00:00,5df4c84753375067f435beca6b6233b0ca64b511a7484249f0efcb03c9c022bc,196963.0,success,,700000000.0,159010052.15,0.2272,,"报告期末基金份额总额 700,000,000.00 份；本期可供分配金额 159,010,052.15 元；单位可供分配金额 0.2272 元/份"
SZSE_1224944344,180201,2026-01-22,2025-12-31,quarterly_report,False,平安广州广河REIT：平安广州交投广河高速公路封闭式基础设施证券投资基金2025年第4季度报告,https://disc.static.szse.cn/disc/disk03/finalpage/2026-01-22/92edb498-85ef-4a58-bf5e-13c6b07b00c0.PDF,2026-09-05T13:14:41.031008+00:00,45eff36ceb1b956710b9c36229e653f7b9cf0892941afb830908619f4d757bc2,199494.0,success,,700000000.0,99812867.27,0.1426,,"报告期末基金份额总额 700,000,000.00 份；本期可供分配金额 99,812,867.27 元；单位可供分配金额 0.1426 元/份"
SZSE_1225140159,180201,2026-04-22,2026-03-31,quarterly_report,False,平安广州广河REIT：平安广州交投广河高速公路封闭式基础设施证券投资基金2026年第1季度报告,https://disc.static.szse.cn/disc/disk03/finalpage/2026-04-22/fea51f0b-eace-471b-83f1-471ee5f0291a.PDF,2026-09-05T13:14:41.050676+00:00,9574b9eab9d6244cf9e17ea09459ef3f4ab32f95c3826f1c12db34acf3fdccf2,194691.0,success,,700000000.0,150366555.85,0.2148,,"报告期末基金份额总额 700,000,000.00 份；本期可供分配金额 150,366,555.85 元；单位可供分配金额 0.2148 元/份"
SZSE_1225433696,180201,2026-07-21,2026-06-30,quarterly_report,False,平安广州广河REIT：平安广州交投广河高速公路封闭式基础设施证券投资基金2026年第2季度报告,https://disc.static.szse.cn/disc/disk03/finalpage/2026-07-21/e98b1e02-6b71-4e0c-8200-c51a13b7b40c.PDF,2026-09-05T13:14:41.081048+00:00,8bc3f3b348360e213442ac07113b048b3685022fd95ec26784286925164577b1,215239.0,success,,700000000.0,99170151.59,0.1417,,"报告期末基金份额总额 700,000,000.00 份；本期可供分配金额 99,170,151.59 元；单位可供分配金额 0.1417 元/份"
SZSE_1225521135,180201,2026-08-28,2026-06-30,semiannual_report,False,平安广州广河REIT：平安广州交投广河高速公路封闭式基础设施证券投资基金2026年中期报告,https://disc.static.szse.cn/disc/disk03/finalpage/2026-08-28/ddc97a46-5a47-4c61-bcfd-8a1b2aea3f8d.PDF,2026-09-05T13:14:41.135825+00:00,44f091de6c6dc6e13d492cd46abd348f43afe1ef73ee73b64a877558907f30b8,551892.0,success,,700000000.0,249536707.44,0.3565,9.9672,"报告期末基金份额总额 700,000,000.00 份；本期可供分配金额 249,536,707.44 元；单位可供分配金额 0.3565 元/份"
SZSE_1213003663,180202,2022-04-21,2022-03-31,quarterly_report,False,华夏越秀高速REIT：华夏越秀高速公路封闭式基础设施证券投资基金2022年第1季度报告,https://disc.static.szse.cn/disc/disk03/finalpage/2022-04-20/4c22ee7b-6c5e-4afe-b5d6-675af541d4c7.PDF,2026-09-05T13:14:41.148632+00:00,1faea9bef20dd1eed24d8563875ad791b70baa2e9ec523f75e504954f7c54c65,277097.0,success,,300000000.0,37185626.38,0.124,,"报告期末基金份额总额 300,000,000.00 份；本期可供分配金额 37,185,626.38 元；单位可供分配金额 0.1240 元/份"
SZSE_1214083464,180202,2022-07-20,2022-06-30,quarterly_report,False,华夏越秀高速REIT：华夏越秀高速公路封闭式基础设施证券投资基金2022年第2季度报告,https://disc.static.szse.cn/disc/disk03/finalpage/2022-07-19/4c37559a-a0d8-4138-a073-cd25d057dd6b.PDF,2026-09-05T13:14:41.173758+00:00,33bdb9aacda0e383ac74cd1ede9f8db56ef510563de2884b7c3c8abfbf9817f1,359357.0,success,,300000000.0,33094461.04,0.1103,,"报告期末基金份额总额 300,000,000.00 份；本期可供分配金额 33,094,461.04 元；单位可供分配金额 0.1103 元/份"
SZSE_1214448346,180202,2022-08-30,2022-06-30,semiannual_report,False,华夏越秀高速REIT：华夏越秀高速公路封闭式基础设施证券投资基金2022年中期报告,https://disc.static.szse.cn/disc/disk03/finalpage/2022-08-29/1194cd17-cb60-4aaf-a4b4-0b716fb54484.PDF,2026-09-05T13:14:41.194788+00:00,dd5669e6366ef1b44d4f5a6cc397d4b3ae1c62cc4d6267fa91fa4e44203be625,1593228.0,success,,300000000.0,70280087.41,0.2343,7.1897,"报告期末基金份额总额 300,000,000.00 份；本期可供分配金额 70,280,087.41 元；单位可供分配金额 0.2343 元/份"
SZSE_1214883446,180202,2022-10-25,2022-09-30,quarterly_report,False,华夏越秀高速REIT：华夏越秀高速公路封闭式基础设施证券投资基金2022年第3季度报告,https://disc.static.szse.cn/disc/disk03/finalpage/2022-10-24/6a123d0c-11bb-43d4-a0ad-fbe7ff83f48a.PDF,2026-09-05T13:14:41.215406+00:00,5f83f3fe1b4ae13680e9aab3c573e7ff70f6fd96ad5765ed468ab9aef340f32a,362117.0,success,,300000000.0,38093601.41,0.127,,"报告期末基金份额总额 300,000,000.00 份；本期可供分配金额 38,093,601.41 元；单位可供分配金额 0.1270 元/份"
SZSE_1215669107,180202,2023-01-20,2022-12-31,quarterly_report,False,华夏越秀高速REIT：华夏越秀高速公路封闭式基础设施证券投资基金2022年第4季度报告,https://disc.static.szse.cn/disc/disk03/finalpage/2023-01-19/3bf72004-8bca-4bd0-88da-a4a5f93da416.PDF,2026-09-05T13:14:41.227139+00:00,8db54e691cab13a2c6e8eae3f1be8272e3d265c4440a32034703e124dcb8cafb,328746.0,success,,300000000.0,29053132.61,0.0968,,"报告期末基金份额总额 300,000,000.00 份；本期可供分配金额 29,053,132.61 元；单位可供分配金额 0.0968 元/份"
SZSE_1216489439,180202,2023-04-21,2023-03-31,quarterly_report,False,华夏越秀高速REIT：华夏越秀高速公路封闭式基础设施证券投资基金2023年第1季度报告,https://disc.static.szse.cn/disc/disk03/finalpage/2023-04-20/26258f16-7486-4310-9da4-022840287f3f.PDF,2026-09-05T13:14:41.335898+00:00,db30c8a050696e07c9330251dbe6e91cfe9f331a893bc1d3ea3cba9760224617,312465.0,success,,300000000.0,44333734.57,0.1478,,"报告期末基金份额总额 300,000,000.00 份；本期可供分配金额 44,333,734.57 元；单位可供分配金额 0.1478 元/份"
SZSE_1217333911,180202,2023-07-20,2023-06-30,quarterly_report,False,华夏越秀高速REIT：华夏越秀高速公路封闭式基础设施证券投资基金2023年第2季度报告,https://disc.static.szse.cn/disc/disk03/finalpage/2023-07-19/e8eb4e90-aa67-4c35-9a1c-3096cfa8f1db.PDF,2026-09-05T13:14:41.387586+00:00,3034ca09dfdba570f9efa7a6c6f3324e769c24549d6f75ec123c81f60bbc0c92,316974.0,success,,300000000.0,37791080.03,0.126,,"报告期末基金份额总额 300,000,000.00 份；本期可供分配金额 37,791,080.03 元；单位可供分配金额 0.1260 元/份"
SZSE_1217695111,180202,2023-08-30,2023-06-30,semiannual_report,False,华夏越秀高速REIT：华夏越秀高速公路封闭式基础设施证券投资基金2023年中期报告,https://disc.static.szse.cn/disc/disk03/finalpage/2023-08-29/9808c129-e4e1-43fd-bc2c-d1549b2b0824.PDF,2026-09-05T13:14:41.422225+00:00,bc689eddf65d7ceb07cd6944b2642e18eb145d376db0d7ea90f285b455f9ec8c,1678384.0,success,,300000000.0,82124814.6,0.2737,6.6652,"报告期末基金份额总额 300,000,000.00 份；本期可供分配金额 82,124,814.60 元；单位可供分配金额 0.2737 元/份"
SZSE_1218124016,180202,2023-10-24,2023-09-30,quarterly_report,False,华夏越秀高速REIT：华夏越秀高速公路封闭式基础设施证券投资基金2023年第3季度报告,https://disc.static.szse.cn/disc/disk03/finalpage/2023-10-23/230005e5-6194-48ed-8191-15b26d1aa6b4.PDF,2026-09-05T13:14:41.427801+00:00,00aed70734bfda07d6644043d486ed573c52761c0bd391d5777aca9be0b5673a,403105.0,success,,300000000.0,42745604.8,0.1425,,"报告期末基金份额总额 300,000,000.00 份；本期可供分配金额 42,745,604.80 元；单位可供分配金额 0.1425 元/份"
SZSE_1218944057,180202,2024-01-19,2023-12-31,quarterly_report,False,华夏越秀高速REIT：华夏越秀高速公路封闭式基础设施证券投资基金2023年第4季度报告,https://disc.static.szse.cn/disc/disk03/finalpage/2024-01-18/d171741c-9fef-4659-9eed-2158f7ad3ee7.PDF,2026-09-05T13:14:41.490879+00:00,1d637bbaa961395c24808872d96d74d2934fdf4f2e03a08d8028486133d677b2,406991.0,success,,300000000.0,39224533.03,0.1307,,"报告期末基金份额总额 300,000,000.00 份；本期可供分配金额 39,224,533.03 元；单位可供分配金额 0.1307 元/份"
SZSE_1219663821,180202,2024-04-19,2024-03-31,quarterly_report,False,华夏越秀高速REIT：华夏越秀高速公路封闭式基础设施证券投资基金2024年第1季度报告,https://disc.static.szse.cn/disc/disk03/finalpage/2024-04-18/ca417b58-a99b-4115-8006-36af656ab0a4.PDF,2026-09-05T13:14:41.507360+00:00,c1d66dd62ae003a10a56c1295d2de55c065f95589f8df63992273fb584a27051,466379.0,success,,300000000.0,33987332.19,0.1133,,"报告期末基金份额总额 300,000,000.00 份；本期可供分配金额 33,987,332.19 元；单位可供分配金额 0.1133 元/份"
SZSE_1220663154,180202,2024-07-18,2024-06-30,quarterly_report,False,华夏越秀高速REIT：华夏越秀高速公路封闭式基础设施证券投资基金2024年第2季度报告,https://disc.static.szse.cn/disc/disk03/finalpage/2024-07-17/95b466a1-eb58-4161-b1ae-d6c091c0fed5.PDF,2026-09-05T13:14:41.528470+00:00,92a7bcf08ef8ad17968ab42fbb9f541b704342927bbf25d8d827c4cb4f2ed08c,465539.0,success,,300000000.0,31498830.1,0.105,,"报告期末基金份额总额 300,000,000.00 份；本期可供分配金额 31,498,830.10 元；单位可供分配金额 0.1050 元/份"
SZSE_1221046594,180202,2024-08-30,2024-06-30,semiannual_report,False,华夏越秀高速REIT：华夏越秀高速公路封闭式基础设施证券投资基金2024年中期报告,https://disc.static.szse.cn/disc/disk03/finalpage/2024-08-29/d270519a-b126-49ea-8eca-c885fd7d126a.PDF,2026-09-05T13:14:41.543164+00:00,64c72991243f65ac3d44479012fb2797b5ba3dfcdde4d3ef271e1b04656017fe,1627596.0,success,,300000000.0,65486162.29,0.2183,6.3076,"报告期末基金份额总额 300,000,000.00 份；本期可供分配金额 65,486,162.29 元；单位可供分配金额 0.2183 元/份"
SZSE_1221505014,180202,2024-10-25,2024-09-30,quarterly_report,False,华夏越秀高速REIT：华夏越秀高速公路封闭式基础设施证券投资基金2024年第3季度报告,https://disc.static.szse.cn/disc/disk03/finalpage/2024-10-24/c09ea07a-34e3-48f8-bc55-a78259b020f7.PDF,2026-09-05T13:14:41.590013+00:00,aef0791bbe233f52f4a8a1b0f82afb3167185ba44f8e00d86aea9a12128352e7,369721.0,success,,300000000.0,37867532.98,0.1262,,"报告期末基金份额总额 300,000,000.00 份；本期可供分配金额 37,867,532.98 元；单位可供分配金额 0.1262 元/份"
SZSE_1222390050,180202,2025-01-22,2024-12-31,quarterly_report,False,华夏越秀高速REIT：华夏越秀高速公路封闭式基础设施证券投资基金2024年第4季度报告,https://disc.static.szse.cn/disc/disk03/finalpage/2025-01-21/ece93205-611d-445d-a81b-3679f79c6b04.PDF,2026-09-05T13:14:41.652725+00:00,f8437bd54accf77ce121d477ca1033c0ba56fec22995f00da7e4222dbb854d1f,514228.0,success,,300000000.0,24604064.54,0.082,,"报告期末基金份额总额 300,000,000.00 份；本期可供分配金额 24,604,064.54 元；单位可供分配金额 0.0820 元/份"
SZSE_1223193943,180202,2025-04-22,2025-03-31,quarterly_report,False,华夏越秀高速REIT：华夏越秀高速公路封闭式基础设施证券投资基金2025年第1季度报告,https://disc.static.szse.cn/disc/disk03/finalpage/2025-04-21/7a325edf-e9b3-4dee-970f-4c081e966c9e.PDF,2026-09-05T13:14:41.733503+00:00,f31de1192b23b3bc1fec9960845a2574099929284ae1c4d4d2df5d8875a95227,473311.0,success,,300000000.0,26919472.98,0.0897,,"报告期末基金份额总额 300,000,000.00 份；本期可供分配金额 26,919,472.98 元；单位可供分配金额 0.0897 元/份"
SZSE_1224214604,180202,2025-07-21,2025-06-30,quarterly_report,False,华夏越秀高速REIT：华夏越秀高速公路封闭式基础设施证券投资基金2025年第2季度报告,https://disc.static.szse.cn/disc/disk03/finalpage/2025-07-18/32858ca9-70e9-4a57-8beb-418948500dc9.PDF,2026-09-05T13:14:41.751018+00:00,d525f4947840a38b775bf8068c1f2a412e966dfee880f06af8a79201f98a9346,480086.0,success,,300000000.0,28618993.87,0.0954,,"报告期末基金份额总额 300,000,000.00 份；本期可供分配金额 28,618,993.87 元；单位可供分配金额 0.0954 元/份"
SZSE_1224618637,180202,2025-08-30,2025-06-30,semiannual_report,False,华夏越秀高速REIT：华夏越秀高速公路封闭式基础设施证券投资基金2025年中期报告,https://disc.static.szse.cn/disc/disk03/finalpage/2025-08-30/b51eef9e-d981-4d44-9fab-b273462021f0.PDF,2026-09-05T13:14:41.760346+00:00,d92038ccf61e6d1c9a9d5adf437724b86c6e4dcac52bfb235440b006135e4503,7056053.0,success,,300000000.0,55538466.85,0.1851,6.0754,"报告期末基金份额总额 300,000,000.00 份；本期可供分配金额 55,538,466.85 元；单位可供分配金额 0.1851 元/份"
SZSE_1224743426,180202,2025-10-28,2025-09-30,quarterly_report,False,华夏越秀高速REIT：华夏越秀高速公路封闭式基础设施证券投资基金2025年第3季度报告,https://disc.static.szse.cn/disc/disk03/finalpage/2025-10-28/1bf029a3-6381-484f-ad1c-3b79cc26db68.PDF,2026-09-05T13:14:41.785699+00:00,2881f7edc1f00fb41fb0ee76ed67220e3acb5e7a3b80229d1689a31530540f39,265579.0,success,,300000000.0,34408820.71,0.1147,,"报告期末基金份额总额 300,000,000.00 份；本期可供分配金额 34,408,820.71 元；单位可供分配金额 0.1147 元/份"
SZSE_1224944724,180202,2026-01-22,2025-12-31,quarterly_report,False,华夏越秀高速REIT：华夏越秀高速公路封闭式基础设施证券投资基金2025年第4季度报告,https://disc.static.szse.cn/disc/disk03/finalpage/2026-01-22/b8466fa7-fb62-41d6-8d95-58d2ee753f82.PDF,2026-09-05T13:14:41.894835+00:00,bad49c938ac782944e112413ff4cecc44a937c97be86164d978b47e6a3df7317,260680.0,success,,300000000.0,22213090.8,0.074,,"报告期末基金份额总额 300,000,000.00 份；本期可供分配金额 22,213,090.80 元；单位可供分配金额 0.0740 元/份"
SZSE_1225137718,180202,2026-04-22,2026-03-31,quarterly_report,False,华夏越秀高速REIT：华夏越秀高速公路封闭式基础设施证券投资基金2026年第1季度报告,https://disc.static.szse.cn/disc/disk03/finalpage/2026-04-22/d8a361a5-cfc5-4b71-9fcf-946c7330bb55.PDF,2026-09-05T13:14:41.985695+00:00,07aa618e158cab889a693ce0b130ed6e395ae1f97734a0bcdf2d8d2de1a4d038,263884.0,success,,300000000.0,30082026.14,0.1003,,"报告期末基金份额总额 300,000,000.00 份；本期可供分配金额 30,082,026.14 元；单位可供分配金额 0.1003 元/份"
SZSE_1225434059,180202,2026-07-21,2026-06-30,quarterly_report,False,华夏越秀高速REIT：华夏越秀高速公路封闭式基础设施证券投资基金2026年第2季度报告,https://disc.static.szse.cn/disc/disk03/finalpage/2026-07-21/be267523-b8eb-4c32-9ba4-083e4bd7f0be.PDF,2026-09-05T13:14:41.998696+00:00,21a50c6d3eaa93148bf75f9c6339ae55ab2c967c0fc91edbbc4aae72a14ed857,312438.0,success,,300000000.0,28881597.56,0.0963,,"报告期末基金份额总额 300,000,000.00 份；本期可供分配金额 28,881,597.56 元；单位可供分配金额 0.0963 元/份"
SZSE_1222380101,180203,2025-01-21,2024-12-31,quarterly_report,False,招商高速公路REIT：招商基金招商公路高速公路封闭式基础设施证券投资基金2024年第4季度报告,https://disc.static.szse.cn/disc/disk03/finalpage/2025-01-20/5129f929-f87a-4c05-b036-e5ea5b7b7450.PDF,2026-09-05T13:14:41.999902+00:00,f2caf494ac86580ad00b9cdfc4d8f07a3d8e7146b8a19b56f20771a3e575f6a6,432468.0,success,,500000000.0,235347428.99,0.4707,,"报告期末基金份额总额 500,000,000.00 份；本期可供分配金额 235,347,428.99 元；单位可供分配金额 0.4707 元/份"
SZSE_1223149525,180203,2025-04-21,2025-03-31,quarterly_report,False,招商高速公路REIT：招商基金招商公路高速公路封闭式基础设施证券投资基金2025年第1季度报告,https://disc.static.szse.cn/disc/disk03/finalpage/2025-04-18/71837f59-81c6-4f7c-9e01-2e98be2576f2.PDF,2026-09-05T13:14:42.036405+00:00,32e782e2940a3056f03afe5a13b18906034c9239f9eaf65646dffc17801bef41,468719.0,success,,500000000.0,79512852.19,0.159,,"报告期末基金份额总额 500,000,000.00 份；本期可供分配金额 79,512,852.19 元；单位可供分配金额 0.1590 元/份"
SZSE_1224203277,180203,2025-07-18,2025-06-30,quarterly_report,False,招商高速公路REIT：招商基金招商公路高速公路封闭式基础设施证券投资基金2025年第2季度报告,https://disc.static.szse.cn/disc/disk03/finalpage/2025-07-17/03fffc5e-ca67-4cce-ab82-0977d1238cdc.PDF,2026-09-05T13:14:42.174472+00:00,eee99c869511e563f430b5e0dab68108444c47753a88679bf6ba0c4ea25cfb9a,470108.0,success,,500000000.0,64535745.94,0.1291,,"报告期末基金份额总额 500,000,000.00 份；本期可供分配金额 64,535,745.94 元；单位可供分配金额 0.1291 元/份"
SZSE_1224595486,180203,2025-08-28,2025-06-30,semiannual_report,False,招商高速公路REIT：招商基金招商公路高速公路封闭式基础设施证券投资基金2025年中期报告,https://disc.static.szse.cn/disc/disk03/finalpage/2025-08-28/a8f43258-c5e6-41bf-b835-df9d05de4dc5.PDF,2026-09-05T13:14:42.269026+00:00,db67df29bb926703055d3b3e6079f94bb4b4ff79f0da640e55f3048179babbc3,550147.0,success,,500000000.0,144048598.13,0.2881,6.4886,"报告期末基金份额总额 500,000,000.00 份；本期可供分配金额 144,048,598.13 元；单位可供分配金额 0.2881 元/份"
SZSE_1224735390,180203,2025-10-27,2025-09-30,quarterly_report,False,招商高速公路REIT：招商基金招商公路高速公路封闭式基础设施证券投资基金2025年第3季度报告,https://disc.static.szse.cn/disc/disk03/finalpage/2025-10-27/9b4325ca-a197-4daa-82eb-7c7661263bb1.PDF,2026-09-05T13:14:42.292404+00:00,aaffb9d0a6b3597702078aea26653ad09fe765fc2d6bdcba8c2f019e5be1ec35,345478.0,success,,500000000.0,82659844.85,0.1653,,"报告期末基金份额总额 500,000,000.00 份；本期可供分配金额 82,659,844.85 元；单位可供分配金额 0.1653 元/份"
SZSE_1224943433,180203,2026-01-22,2025-12-31,quarterly_report,False,招商高速公路REIT：招商基金招商公路高速公路封闭式基础设施证券投资基金2025年第4季度报告,https://disc.static.szse.cn/disc/disk03/finalpage/2026-01-22/99df7e8f-0f09-487a-8a5e-5f5d3eac5429.PDF,2026-09-05T13:14:42.293217+00:00,15881eb33d4695447d8c443c8d6287ce5870f582e9aca5152a2ff5b2b6fffcdb,365485.0,success,,500000000.0,91626525.88,0.1833,,"报告期末基金份额总额 500,000,000.00 份；本期可供分配金额 91,626,525.88 元；单位可供分配金额 0.1833 元/份"
SZSE_1225139944,180203,2026-04-22,2026-03-31,quarterly_report,False,招商高速公路REIT：招商基金招商公路高速公路封闭式基础设施证券投资基金2026年第1季度报告,https://disc.static.szse.cn/disc/disk03/finalpage/2026-04-22/67fec293-c9c8-49cd-888a-48ecf404a6b1.PDF,2026-09-05T13:14:42.364659+00:00,0b6c841c939e0521c389a42f4eabb8e1677acff6f590f9955bb0907875ebd375,235124.0,success,,500000000.0,68549514.0,0.1371,,"报告期末基金份额总额 500,000,000.00 份；本期可供分配金额 68,549,514.00 元；单位可供分配金额 0.1371 元/份"
SZSE_1225433657,180203,2026-07-21,2026-06-30,quarterly_report,False,招商高速公路REIT：招商基金招商公路高速公路封闭式基础设施证券投资基金2026年第2季度报告,https://disc.static.szse.cn/disc/disk03/finalpage/2026-07-21/a8e96566-0853-4555-a8c5-1f4ec4fc4543.PDF,2026-09-05T13:14:42.477812+00:00,44dec18b570772f5e9a287670a559a34da7bab993c364b1b1ddfb1a4b7e6fbe7,226320.0,success,,500000000.0,98703240.69,0.1974,,"报告期末基金份额总额 500,000,000.00 份；本期可供分配金额 98,703,240.69 元；单位可供分配金额 0.1974 元/份"
SZSE_1211387334,180301,2021-10-27,2021-09-30,quarterly_report,False,红土盐田港REIT：红土创新盐田港仓储物流封闭式基础设施证券投资基金2021年第3季度报告,https://disc.static.szse.cn/disc/disk02/finalpage/2021-10-27/027a4858-a2f8-4632-ad16-fb1e201f4ffb.PDF,2026-09-05T13:14:42.501006+00:00,2da16e1563c7479e0f7a467f5ef45e4f6882c3e514caae4272cd4377cc73ee9b,214595.0,success,,800000000.0,19533403.51,0.0244,,"报告期末基金份额总额 800,000,000.00 份；本期可供分配金额 19,533,403.51 元；单位可供分配金额 0.0244 元/份"
SZSE_1212240186,180301,2022-01-22,2021-12-31,quarterly_report,False,红土盐田港REIT：红土创新盐田港仓储物流封闭式基础设施证券投资基金2021年第4季度报告,https://disc.static.szse.cn/disc/disk03/finalpage/2022-01-22/8988da0d-22cc-43f5-98fe-9638c4ec113d.PDF,2026-09-05T13:14:42.518675+00:00,60d32d2e4fad3ecdb99e06410cd3414ac648b3d3452f1f90a94624f949a28a8a,213447.0,success,,800000000.0,21104426.36,0.0264,,"报告期末基金份额总额 800,000,000.00 份；本期可供分配金额 21,104,426.36 元；单位可供分配金额 0.0264 元/份"
SZSE_1213042017,180301,2022-04-23,2022-03-31,quarterly_report,False,红土盐田港REIT：红土创新盐田港仓储物流封闭式基础设施证券投资基金2022年第1季度报告,https://disc.static.szse.cn/disc/disk03/finalpage/2022-04-22/2fa72b99-e2b5-41c4-95b8-25a771fad666.PDF,2026-09-05T13:14:42.605305+00:00,c777c0a5449f8b847955d5752383efb50df032690bbdcddabb7361c9b293a343,182693.0,success,,800000000.0,23013663.87,0.0288,,"报告期末基金份额总额 800,000,000.00 份；本期可供分配金额 23,013,663.87 元；单位可供分配金额 0.0288 元/份"
SZSE_1214095884,180301,2022-07-21,2022-06-30,quarterly_report,False,红土盐田港REIT：红土创新盐田港仓储物流封闭式基础设施证券投资基金2022年第2季度报告,https://disc.static.szse.cn/disc/disk03/finalpage/2022-07-20/c9a57c4c-d09e-41af-bb86-a0b5b1c0e5ac.PDF,2026-09-05T13:14:42.636718+00:00,a731e1fac6c377b8fa42a4b6e38abe63e4343e674e7155a13e1c8118de9bcea1,195157.0,success,,800000000.0,22052251.49,0.0276,,"报告期末基金份额总额 800,000,000.00 份；本期可供分配金额 22,052,251.49 元；单位可供分配金额 0.0276 元/份"
SZSE_1214471662,180301,2022-08-31,2022-06-30,semiannual_report,False,红土盐田港REIT：红土创新盐田港仓储物流封闭式基础设施证券投资基金2022年中期报告,https://disc.static.szse.cn/disc/disk03/finalpage/2022-08-30/ff36bcbc-92ef-4d96-92bf-ad290d4c8205.PDF,2026-09-05T13:14:42.639424+00:00,af0ebecf5295deb778642804b0a1785c931ec844696541598d35ce89fb9a9e31,1771777.0,success,,800000000.0,45065915.36,0.0563,2.2977,"报告期末基金份额总额 800,000,000.00 份；本期可供分配金额 45,065,915.36 元；单位可供分配金额 0.0563 元/份"
SZSE_1214899953,180301,2022-10-26,2022-09-30,quarterly_report,False,红土盐田港REIT：红土创新盐田港仓储物流封闭式基础设施证券投资基金2022年第3季度报告,https://disc.static.szse.cn/disc/disk03/finalpage/2022-10-25/63068e30-bffb-4972-aeb4-0bef014bd74a.PDF,2026-09-05T13:14:42.651016+00:00,952f65246f6ec45667d7e14c3228f8fe0088c561fb1035c5fd13dbabf8cf3499,186694.0,success,,800000000.0,20342865.48,0.0254,,"报告期末基金份额总额 800,000,000.00 份；本期可供分配金额 20,342,865.48 元；单位可供分配金额 0.0254 元/份"
SZSE_1215663339,180301,2023-01-20,2022-12-31,quarterly_report,False,红土创新盐田港REIT：红土创新盐田港仓储物流封闭式基础设施证券投资基金2022年第4季度报告,https://disc.static.szse.cn/disc/disk03/finalpage/2023-01-19/41405f5e-00d8-4e18-8c90-5eaae33d4799.PDF,2026-09-05T13:14:42.663917+00:00,219d6470ec5439407ca7e10d84f7f2b3e77e4c00adb821d1f8c6a431118cc7a1,197627.0,success,,800000000.0,21538835.86,0.0269,,"报告期末基金份额总额 800,000,000.00 份；本期可供分配金额 21,538,835.86 元；单位可供分配金额 0.0269 元/份"
SZSE_1216486984,180301,2023-04-21,2023-03-31,quarterly_report,False,红土创新盐田港REIT：红土创新盐田港仓储物流封闭式基础设施证券投资基金2023年第1季度报告,https://disc.static.szse.cn/disc/disk03/finalpage/2023-04-20/d012845b-857c-47d0-b9f5-226a06534aa5.PDF,2026-09-05T13:14:42.691505+00:00,f121e838116296a18dd66cb95f7a59dc7a8bcde7709bc4c55e1bb574f6f80924,206936.0,success,,800000000.0,23482463.89,0.0294,,"报告期末基金份额总额 800,000,000.00 份；本期可供分配金额 23,482,463.89 元；单位可供分配金额 0.0294 元/份"
SZSE_1217345739,180301,2023-07-21,2023-06-30,quarterly_report,False,红土创新盐田港REIT：红土创新盐田港仓储物流封闭式基础设施证券投资基金2023年第2季度报告,https://disc.static.szse.cn/disc/disk03/finalpage/2023-07-20/6f9150b7-6284-4d7d-a7b7-e5b1aaf2d4db.PDF,2026-09-05T13:14:42.726969+00:00,328e52622741f5fedacf979f6ea0e5fba221ec20a80b9b5831799af0f52a0883,214699.0,success,,953629628.0,22802079.94,0.0239,,"报告期末基金份额总额 953,629,628.00 份；本期可供分配金额 22,802,079.94 元；单位可供分配金额 0.0239 元/份"
SZSE_1217709422,180301,2023-08-31,2023-06-30,semiannual_report,False,红土创新盐田港REIT：红土创新盐田港仓储物流封闭式基础设施证券投资基金2023年中期报告,https://disc.static.szse.cn/disc/disk03/finalpage/2023-08-30/2b46c18c-f6c8-424d-b2bd-9ed901396362.PDF,2026-09-05T13:14:42.751179+00:00,c05477dc61e7ccd1acc0eb17912924bbdfe5d2cae15b9823ee4797d0e4cd149a,568228.0,success,,953629628.0,46284543.83,0.0485,2.317,"报告期末基金份额总额 953,629,628.00 份；本期可供分配金额 46,284,543.83 元；单位可供分配金额 0.0485 元/份"
SZSE_1218133516,180301,2023-10-25,2023-09-30,quarterly_report,False,红土创新盐田港REIT：红土创新盐田港仓储物流封闭式基础设施证券投资基金2023年第3季度报告,https://disc.static.szse.cn/disc/disk03/finalpage/2023-10-24/1acd47f8-9d1a-4493-b524-0f3d6db28751.PDF,2026-09-05T13:14:42.785010+00:00,ff5bdfcec972a510083a6f4bef7536ece96006b511c72ec2bedfb5f8417a5c0e,508607.0,success,,953629628.0,26858458.32,0.0282,,"报告期末基金份额总额 953,629,628.00 份；本期可供分配金额 26,858,458.32 元；单位可供分配金额 0.0282 元/份"
SZSE_1218956679,180301,2024-01-20,2023-12-31,quarterly_report,False,红土创新盐田港REIT：红土创新盐田港仓储物流封闭式基础设施证券投资基金2023年第4季度报告,https://disc.static.szse.cn/disc/disk03/finalpage/2024-01-19/0d4f700b-f6e8-464d-a2f9-33fa66600ac7.PDF,2026-09-05T13:14:42.853355+00:00,bd4c73b5eb43bd4da7299c4b71e37d259080269a1c8a4ab148b8a5336be44b3f,224565.0,success,,953629628.0,22891517.34,0.024,,"报告期末基金份额总额 953,629,628.00 份；本期可供分配金额 22,891,517.34 元；单位可供分配金额 0.0240 元/份"
SZSE_1219689585,180301,2024-04-20,2024-03-31,quarterly_report,False,红土创新盐田港REIT：红土创新盐田港仓储物流封闭式基础设施证券投资基金2024年第1季度报告,https://disc.static.szse.cn/disc/disk03/finalpage/2024-04-19/08686eb4-8cd8-4c56-9f85-a9844caa0f99.PDF,2026-09-05T13:14:42.854954+00:00,14c5051b1c6eea2c891f55464b5078f6e354a5eeb92f8845e4a6c7292d2845be,406859.0,success,,953629628.0,25266118.2,0.0265,,"报告期末基金份额总额 953,629,628.00 份；本期可供分配金额 25,266,118.20 元；单位可供分配金额 0.0265 元/份"
SZSE_1220674820,180301,2024-07-19,2024-06-30,quarterly_report,False,红土创新盐田港REIT：红土创新盐田港仓储物流封闭式基础设施证券投资基金2024年第2季度报告,https://disc.static.szse.cn/disc/disk03/finalpage/2024-07-18/bafd41bf-16ad-4a51-a0e3-0715b4a8fd7f.PDF,2026-09-05T13:14:42.903353+00:00,570fa4369f6308c39acfc03bff17d7fe5d48b7a86c656558aec94d59fb639974,245446.0,success,,953629628.0,22582801.56,0.0237,,"报告期末基金份额总额 953,629,628.00 份；本期可供分配金额 22,582,801.56 元；单位可供分配金额 0.0237 元/份"
SZSE_1221105386,180301,2024-08-30,2024-06-30,semiannual_report,False,红土创新盐田港REIT：红土创新盐田港仓储物流封闭式基础设施证券投资基金2024年中期报告,https://disc.static.szse.cn/disc/disk03/finalpage/2024-08-30/298f7a48-0c0d-45d6-85dc-944ea7ee5a59.PDF,2026-09-05T13:14:42.989372+00:00,7d56920ad05e2f5cc93e2e1742d0e8342e9e18173fd5c96a7dbad9e8e3095a81,565465.0,success,,953629628.0,47848919.76,0.0502,2.2627,"报告期末基金份额总额 953,629,628.00 份；本期可供分配金额 47,848,919.76 元；单位可供分配金额 0.0502 元/份"
SZSE_1221505102,180301,2024-10-25,2024-09-30,quarterly_report,False,红土创新盐田港REIT：红土创新盐田港仓储物流封闭式基础设施证券投资基金2024年第3季度报告,https://disc.static.szse.cn/disc/disk03/finalpage/2024-10-24/3b3b6375-766a-4574-899b-27ee0abc5ce7.PDF,2026-09-05T13:14:43.005668+00:00,4a27d7dce1fb02c6ec695d735f4e2e2c008aeae21ef591157fcaddb2e4aa45ab,410888.0,success,,953629628.0,24261215.04,0.0254,,"报告期末基金份额总额 953,629,628.00 份；本期可供分配金额 24,261,215.04 元；单位可供分配金额 0.0254 元/份"
SZSE_1222389148,180301,2025-01-22,2024-12-31,quarterly_report,False,红土创新盐田港REIT：红土创新盐田港仓储物流封闭式基础设施证券投资基金2024年第4季度报告,https://disc.static.szse.cn/disc/disk03/finalpage/2025-01-21/9e9775f1-dd8e-4700-9128-69bf453d3bef.PDF,2026-09-05T13:14:43.017831+00:00,545316bb9e095c9eb9942c1edfe8d5a65bdfd5be70b8e60a3cbaa582dd82cfd8,560638.0,success,,953629628.0,22664719.16,0.0238,,"报告期末基金份额总额 953,629,628.00 份；本期可供分配金额 22,664,719.16 元；单位可供分配金额 0.0238 元/份"
SZSE_1223185276,180301,2025-04-22,2025-03-31,quarterly_report,False,红土创新盐田港REIT：红土创新盐田港仓储物流封闭式基础设施证券投资基金2025年第1季度报告,https://disc.static.szse.cn/disc/disk03/finalpage/2025-04-21/b0bcddad-a269-4ab9-a273-2455ebc55a5b.PDF,2026-09-05T13:14:43.051069+00:00,21dfac279df1c3528378dccec6324e773b0d6504483c98e8d75dfa7a09268668,234397.0,success,,953629628.0,23601388.35,0.0247,,"报告期末基金份额总额 953,629,628.00 份；本期可供分配金额 23,601,388.35 元；单位可供分配金额 0.0247 元/份"
SZSE_1224202354,180301,2025-07-18,2025-06-30,quarterly_report,False,红土创新盐田港REIT：红土创新盐田港仓储物流封闭式基础设施证券投资基金2025年第2季度报告,https://disc.static.szse.cn/disc/disk03/finalpage/2025-07-17/f7053c53-862d-4cf8-af8f-f86772dc8b42.PDF,2026-09-05T13:14:43.056891+00:00,8a8e634c99c6b9871b124d80ad4d2d196c0768e35923dbab44c118d5ca631b86,237733.0,success,,953629628.0,24199646.89,0.0254,,"报告期末基金份额总额 953,629,628.00 份；本期可供分配金额 24,199,646.89 元；单位可供分配金额 0.0254 元/份"
SZSE_1224606925,180301,2025-08-29,2025-06-30,semiannual_report,False,红土创新盐田港REIT：红土创新盐田港仓储物流封闭式基础设施证券投资基金2025年中期报告,https://disc.static.szse.cn/disc/disk03/finalpage/2025-08-29/87fc2770-387b-4af1-8765-d479e1c7a9a3.PDF,2026-09-05T13:14:43.077558+00:00,1555869cc3f278077ea57128fd4580ff43b26b2d1b96699924c1b9f1740d9e19,689171.0,success,,953629628.0,47801035.24,0.0501,2.1854,"报告期末基金份额总额 953,629,628.00 份；本期可供分配金额 47,801,035.24 元；单位可供分配金额 0.0501 元/份"
SZSE_1224738313,180301,2025-10-28,2025-09-30,quarterly_report,False,红土创新盐田港REIT：红土创新盐田港仓储物流封闭式基础设施证券投资基金2025年第3季度报告,https://disc.static.szse.cn/disc/disk03/finalpage/2025-10-28/24c3b580-8ad4-4227-9b7f-b7226f67687b.PDF,2026-09-05T13:14:43.234252+00:00,e5b8941c2b01b384610d25140cb84b1daa36eeff168382f80ab75f904e716fc0,245629.0,success,,953629628.0,23623246.94,0.0248,,"报告期末基金份额总额 953,629,628.00 份；本期可供分配金额 23,623,246.94 元；单位可供分配金额 0.0248 元/份"
SZSE_1224943596,180301,2026-01-22,2025-12-31,quarterly_report,False,红土创新盐田港REIT：红土创新盐田港仓储物流封闭式基础设施证券投资基金2025年第4季度报告,https://disc.static.szse.cn/disc/disk03/finalpage/2026-01-22/0c6409cd-e594-4ccf-8eab-4725545f9759.PDF,2026-09-05T13:14:43.254380+00:00,bad13b5f562961bdb88f01ed7dec914c296f67b34b2744927e6b0edbd21c78c3,236057.0,success,,953629628.0,21161865.05,0.0222,,"报告期末基金份额总额 953,629,628.00 份；本期可供分配金额 21,161,865.05 元；单位可供分配金额 0.0222 元/份"
SZSE_1225127044,180301,2026-04-21,2026-03-31,quarterly_report,False,红土创新盐田港REIT：红土创新盐田港仓储物流封闭式基础设施证券投资基金2026年第1季度报告,https://disc.static.szse.cn/disc/disk03/finalpage/2026-04-21/33b4e72c-3e28-4b27-866b-b9ea97a1ecb7.PDF,2026-09-05T13:14:43.259004+00:00,7fe0811a6f650dd07bb578a8b4154c789d827c34859095fb6325b4c6b2fb4778,232103.0,success,,953629628.0,21550260.77,0.0226,,"报告期末基金份额总额 953,629,628.00 份；本期可供分配金额 21,550,260.77 元；单位可供分配金额 0.0226 元/份"
SZSE_1225432330,180301,2026-07-21,2026-06-30,quarterly_report,False,红土创新盐田港REIT：红土创新盐田港仓储物流封闭式基础设施证券投资基金2026年第2季度报告,https://disc.static.szse.cn/disc/disk03/finalpage/2026-07-21/07522a94-dc7a-46f6-b694-51f76af36494.PDF,2026-09-05T13:14:43.271353+00:00,a90daaf9619ebe8e4bcb6538120db52582159dc07e7e1fa79e09b238a5278753,215999.0,success,,953629628.0,20612970.04,0.0216,,"报告期末基金份额总额 953,629,628.00 份；本期可供分配金额 20,612,970.04 元；单位可供分配金额 0.0216 元/份"
SZSE_1221505081,180302,2024-10-25,2024-09-30,quarterly_report,False,华夏深国际REIT：华夏深国际仓储物流封闭式基础设施证券投资基金2024年第3季度报告,https://disc.static.szse.cn/disc/disk03/finalpage/2024-10-24/761bd1ae-020b-4675-a59e-e092691280cf.PDF,2026-09-05T13:14:43.315268+00:00,bcbaea3cea9ab0dd71a9617ec3d1ca7dca20f3675e84ae549a3f8fff20b7f9fc,384984.0,success,,600000000.0,18551724.59,0.0309,,"报告期末基金份额总额 600,000,000.00 份；本期可供分配金额 18,551,724.59 元；单位可供分配金额 0.0309 元/份"
SZSE_1222389974,180302,2025-01-22,2024-12-31,quarterly_report,False,华夏深国际REIT：华夏深国际仓储物流封闭式基础设施证券投资基金2024年第4季度报告,https://disc.static.szse.cn/disc/disk03/finalpage/2025-01-21/42f2447d-fc1e-4345-92aa-c385f8abc469.PDF,2026-09-05T13:14:43.382665+00:00,738b2a9a6dcc07d6ab410129b189251cc688f6d90f2c355706994149d6a42206,683790.0,success,,600000000.0,18570338.36,0.031,,"报告期末基金份额总额 600,000,000.00 份；本期可供分配金额 18,570,338.36 元；单位可供分配金额 0.0310 元/份"
SZSE_1223193825,180302,2025-04-22,2025-03-31,quarterly_report,False,华夏深国际REIT：华夏深国际仓储物流封闭式基础设施证券投资基金2025年第1季度报告,https://disc.static.szse.cn/disc/disk03/finalpage/2025-04-21/e528ad04-7708-47d3-b574-752392ff2a85.PDF,2026-09-05T13:14:43.506565+00:00,438e47507771fad9ac85f9d0241477487f03ac7c23b65cc040ba1082cc9705fe,429456.0,success,,600000000.0,18234986.3,0.0304,,"报告期末基金份额总额 600,000,000.00 份；本期可供分配金额 18,234,986.30 元；单位可供分配金额 0.0304 元/份"
SZSE_1224214571,180302,2025-07-21,2025-06-30,quarterly_report,False,华夏深国际REIT：华夏深国际仓储物流封闭式基础设施证券投资基金2025年第2季度报告,https://disc.static.szse.cn/disc/disk03/finalpage/2025-07-18/6b5fbc97-3a44-40c0-b599-4a70ba0c6180.PDF,2026-09-05T13:14:43.507266+00:00,0f6051e2e6fe75ab3eb5c1e4fbe04cb7f5c2ca27b79a2b5cce401fad3a6b7419,666930.0,success,,600000000.0,18511683.29,0.0309,,"报告期末基金份额总额 600,000,000.00 份；本期可供分配金额 18,511,683.29 元；单位可供分配金额 0.0309 元/份"
SZSE_1224618927,180302,2025-08-30,2025-06-30,semiannual_report,False,华夏深国际REIT：华夏深国际仓储物流封闭式基础设施证券投资基金2025年中期报告,https://disc.static.szse.cn/disc/disk03/finalpage/2025-08-30/7316e665-f7a3-43b7-a8ee-5e654ca9d9b6.PDF,2026-09-05T13:14:43.525583+00:00,07d09458b21a671829bdce7b2518f30fecafececc10c57db3813f770bbc21bd0,772550.0,success,,600000000.0,36746669.59,0.0612,2.454,"报告期末基金份额总额 600,000,000.00 份；本期可供分配金额 36,746,669.59 元；单位可供分配金额 0.0612 元/份"
SZSE_1224743439,180302,2025-10-28,2025-09-30,quarterly_report,False,华夏深国际REIT：华夏深国际仓储物流封闭式基础设施证券投资基金2025年第3季度报告,https://disc.static.szse.cn/disc/disk03/finalpage/2025-10-28/7b90e0d5-bd0b-4974-9d48-0c4c3b3adabd.PDF,2026-09-05T13:14:43.526305+00:00,92dfd03d37b42484264cd203720a186a6a42e204642ab03bb6ace0a7a299d36d,366148.0,success,,600000000.0,18744911.01,0.0312,,"报告期末基金份额总额 600,000,000.00 份；本期可供分配金额 18,744,911.01 元；单位可供分配金额 0.0312 元/份"
SZSE_1224944752,180302,2026-01-22,2025-12-31,quarterly_report,False,华夏深国际REIT：华夏深国际仓储物流封闭式基础设施证券投资基金2025年第4季度报告,https://disc.static.szse.cn/disc/disk03/finalpage/2026-01-22/ab964bcc-f1fb-412e-95b3-2b84408e118e.PDF,2026-09-05T13:14:43.668588+00:00,e4438be282af254c91c66143d71d39a477ef88a654a230dfe9b85664b57c53f1,360126.0,success,,600000000.0,18909619.4,0.0315,,"报告期末基金份额总额 600,000,000.00 份；本期可供分配金额 18,909,619.40 元；单位可供分配金额 0.0315 元/份"
SZSE_1225138176,180302,2026-04-22,2026-03-31,quarterly_report,False,华夏深国际REIT：华夏深国际仓储物流封闭式基础设施证券投资基金2026年第1季度报告,https://disc.static.szse.cn/disc/disk03/finalpage/2026-04-22/6170e77a-8410-4c55-8612-26e0eb3b3e36.PDF,2026-09-05T13:14:43.737862+00:00,908d4a50297af435c649409b870a7d4e346a29739c57dc03339aa04af614d533,351806.0,success,,600000000.0,17682410.96,0.0295,,"报告期末基金份额总额 600,000,000.00 份；本期可供分配金额 17,682,410.96 元；单位可供分配金额 0.0295 元/份"
SZSE_1225434097,180302,2026-07-21,2026-06-30,quarterly_report,False,华夏深国际REIT：华夏深国际仓储物流封闭式基础设施证券投资基金2026年第2季度报告,https://disc.static.szse.cn/disc/disk03/finalpage/2026-07-21/372c364d-09b0-4fff-bc61-5c04a2b4b991.PDF,2026-09-05T13:14:43.751100+00:00,a4576531b34a7d9e08d6f109a1f8792dba955401c06a0d37b6a3eef9f97c1d00,368495.0,success,,600000000.0,17812204.77,0.0297,,"报告期末基金份额总额 600,000,000.00 份；本期可供分配金额 17,812,204.77 元；单位可供分配金额 0.0297 元/份"
SZSE_1222379168,180303,2025-01-21,2024-12-31,quarterly_report,False,华泰宝湾物流REIT：华泰紫金宝湾物流仓储封闭式基础设施证券投资基金2024年第4季度报告,https://disc.static.szse.cn/disc/disk03/finalpage/2025-01-20/022723ba-e381-4be5-a57e-87a042555c54.PDF,2026-09-05T13:14:43.754516+00:00,480ac8a88789ecbc72521f349ce967b7f5c82c04b007f1ea75abb898f9a18754,727083.0,success,,300000000.0,13457105.08,0.0449,,"报告期末基金份额总额 300,000,000.00 份；本期可供分配金额 13,457,105.08 元；单位可供分配金额 0.0449 元/份"
SZSE_1223191415,180303,2025-04-22,2025-03-31,quarterly_report,False,华泰宝湾物流REIT：华泰紫金宝湾物流仓储封闭式基础设施证券投资基金2025年第1季度报告,https://disc.static.szse.cn/disc/disk03/finalpage/2025-04-21/296c9fbc-677b-488e-a34f-fee60b5c406f.PDF,2026-09-05T13:14:43.837997+00:00,bea14438bffa68792e5c2a0a7823c1dd8d56c45a127b8aa7320032101caf575a,649078.0,success,,300000000.0,12474334.49,0.0416,,"报告期末基金份额总额 300,000,000.00 份；本期可供分配金额 12,474,334.49 元；单位可供分配金额 0.0416 元/份"
SZSE_1224215185,180303,2025-07-21,2025-06-30,quarterly_report,False,华泰宝湾物流REIT：华泰紫金宝湾物流仓储封闭式基础设施证券投资基金2025年第2季度报告,https://disc.static.szse.cn/disc/disk03/finalpage/2025-07-18/0b1b7832-6b61-48ec-b029-01eaa5bdec54.PDF,2026-09-05T13:14:43.875224+00:00,23f1bfb5bec00910a17c2f18911e4b6b8e157c4ecb236dc42adcd1a5644aaeb3,745753.0,success,,300000000.0,14344500.44,0.0478,,"报告期末基金份额总额 300,000,000.00 份；本期可供分配金额 14,344,500.44 元；单位可供分配金额 0.0478 元/份"
SZSE_1224614174,180303,2025-08-29,2025-06-30,semiannual_report,False,华泰宝湾物流REIT：华泰紫金宝湾物流仓储封闭式基础设施证券投资基金2025年中期报告,https://disc.static.szse.cn/disc/disk03/finalpage/2025-08-29/425f8f50-1b4b-480c-b222-b00ed36fecfc.PDF,2026-09-05T13:14:43.895608+00:00,63332d4df52c698e543f391ba9ae3bfe023fe2ed16bcad354a1f7984b4003d46,2382466.0,success,,300000000.0,26818834.93,0.0894,4.0376,"报告期末基金份额总额 300,000,000.00 份；本期可供分配金额 26,818,834.93 元；单位可供分配金额 0.0894 元/份"
SZSE_1224746833,180303,2025-10-28,2025-09-30,quarterly_report,False,华泰宝湾物流REIT：华泰紫金宝湾物流仓储封闭式基础设施证券投资基金2025年第3季度报告,https://disc.static.szse.cn/disc/disk03/finalpage/2025-10-28/f669d922-8814-4b73-b846-dbd591f22f66.PDF,2026-09-05T13:14:43.896714+00:00,77461a08afd65a41a5233ad713a083ab0dbeba542f38e1f6d0fb27e195b52587,795287.0,success,,300000000.0,12189140.5,0.0406,,"报告期末基金份额总额 300,000,000.00 份；本期可供分配金额 12,189,140.50 元；单位可供分配金额 0.0406 元/份"
SZSE_1224943842,180303,2026-01-22,2025-12-31,quarterly_report,False,华泰宝湾物流REIT：华泰紫金宝湾物流仓储封闭式基础设施证券投资基金2025年第4季度报告,https://disc.static.szse.cn/disc/disk03/finalpage/2026-01-22/7e6f70b7-f855-4971-ad28-722e3a9fed62.PDF,2026-09-05T13:14:43.910382+00:00,3e16411cfa050a3b3aec23a88015978e3f4987e3487ba6939125534ae98ea94d,818303.0,success,,300000000.0,16071081.77,0.0536,,"报告期末基金份额总额 300,000,000.00 份；本期可供分配金额 16,071,081.77 元；单位可供分配金额 0.0536 元/份"
SZSE_1225136074,180303,2026-04-22,2026-03-31,quarterly_report,False,华泰宝湾物流REIT：华泰紫金宝湾物流仓储封闭式基础设施证券投资基金2026年第1季度报告,https://disc.static.szse.cn/disc/disk03/finalpage/2026-04-22/c302fa2a-3836-478b-8c49-036454a9eb89.PDF,2026-09-05T13:14:43.916816+00:00,c696bf74a546719ba008342074aaf2ced974943df9c1405200f7acd75050ff02,802504.0,success,,300000000.0,14447965.73,0.0482,,"报告期末基金份额总额 300,000,000.00 份；本期可供分配金额 14,447,965.73 元；单位可供分配金额 0.0482 元/份"
SZSE_1225432460,180303,2026-07-21,2026-06-30,quarterly_report,False,华泰宝湾物流REIT：华泰紫金宝湾物流仓储封闭式基础设施证券投资基金2026年第2季度报告,https://disc.static.szse.cn/disc/disk03/finalpage/2026-07-21/0e9cfb17-615f-435a-bd63-3504bf81d6e8.PDF,2026-09-05T13:14:44.025550+00:00,1440f2e06e35f0186c1b95fa4d66e5c9fd09c36527cfe95d5dcf3192ff92490f,698603.0,success,,300000000.0,15374532.26,0.0512,,"报告期末基金份额总额 300,000,000.00 份；本期可供分配金额 15,374,532.26 元；单位可供分配金额 0.0512 元/份"
SZSE_1224216672,180305,2025-07-21,2025-06-30,quarterly_report,False,南方顺丰物流REIT：南方顺丰仓储物流封闭式基础设施证券投资基金2025年第2季度报告,https://disc.static.szse.cn/disc/disk03/finalpage/2025-07-18/36455de1-4f5d-4dd3-8f83-ceed4acb98f0.PDF,2026-09-05T13:14:44.224148+00:00,d62924bc25cf1caabc8aaaab92609a543ea71e8e34f7aca39d1e85ca91ac25b6,626675.0,success,,1000000000.0,37605939.29,0.0376,,"报告期末基金份额总额 1,000,000,000.00 份；本期可供分配金额 37,605,939.29 元；单位可供分配金额 0.0376 元/份"
SZSE_1224628872,180305,2025-08-30,2025-06-30,semiannual_report,False,南方顺丰物流REIT：南方顺丰仓储物流封闭式基础设施证券投资基金2025年中期报告,https://disc.static.szse.cn/disc/disk03/finalpage/2025-08-30/4781db99-9851-49b3-967e-20f88e35cfb1.PDF,2026-09-05T13:14:44.227506+00:00,dc9d21b8da249bc7623b7e0b263189e7896012600b56f60e00ba6eb590866fbe,654182.0,success,,1000000000.0,37770605.45,0.0378,3.3116,"报告期末基金份额总额 1,000,000,000.00 份；本期可供分配金额 37,770,605.45 元；单位可供分配金额 0.0378 元/份"
SZSE_1224745332,180305,2025-10-28,2025-09-30,quarterly_report,False,南方顺丰物流REIT：南方顺丰仓储物流封闭式基础设施证券投资基金2025年第3季度报告,https://disc.static.szse.cn/disc/disk03/finalpage/2025-10-28/1b129f08-9010-46f1-99d1-0fdafd6c3a9a.PDF,2026-09-05T13:14:44.241656+00:00,3daf9cbb11d05d6d2cb31f7206e7a6a0c6a687f097d960385d7d1c2c28eccf54,237269.0,success,,1000000000.0,42676517.94,0.0426,,"报告期末基金份额总额 1,000,000,000.00 份；本期可供分配金额 42,676,517.94 元；单位可供分配金额 0.0426 元/份"
SZSE_1224944649,180305,2026-01-22,2025-12-31,quarterly_report,False,南方顺丰物流REIT：南方顺丰仓储物流封闭式基础设施证券投资基金2025年第4季度报告,https://disc.static.szse.cn/disc/disk03/finalpage/2026-01-22/9f07fcd0-9dd0-463d-a3e9-317ad2f513ac.PDF,2026-09-05T13:14:44.346401+00:00,f1614439acfbafd4a370d6d637c46ebd71fdc196d30693231e1878224a6a79fa,229941.0,success,,1000000000.0,43509440.0,0.0435,,"报告期末基金份额总额 1,000,000,000.00 份；本期可供分配金额 43,509,440.00 元；单位可供分配金额 0.0435 元/份"
SZSE_1225138231,180305,2026-04-22,2026-03-31,quarterly_report,False,南方顺丰物流REIT：南方顺丰仓储物流封闭式基础设施证券投资基金2026年第1季度报告,https://disc.static.szse.cn/disc/disk03/finalpage/2026-04-22/5a7b88b5-cbac-437f-b48c-94944ba45d10.PDF,2026-09-05T13:14:44.405269+00:00,46292f8f2665b3f95b01b512fa274d6e3df87a08a291cb57cc0a71fbda55f4f7,239133.0,success,,1000000000.0,43308506.25,0.0433,,"报告期末基金份额总额 1,000,000,000.00 份；本期可供分配金额 43,308,506.25 元；单位可供分配金额 0.0433 元/份"
SZSE_1225434192,180305,2026-07-21,2026-06-30,quarterly_report,False,南方顺丰物流REIT：南方顺丰仓储物流封闭式基础设施证券投资基金2026年第2季度报告,https://disc.static.szse.cn/disc/disk03/finalpage/2026-07-21/02292f89-fbb6-48d2-ace9-4d3ef573683f.PDF,2026-09-05T13:14:44.435135+00:00,cf6e791c7cdf19b3e622455a8bb71c6b41bfe729f3b55554eed63e6e12f49e45,254698.0,success,,1000000000.0,40494617.58,0.0405,,"报告期末基金份额总额 1,000,000,000.00 份；本期可供分配金额 40,494,617.58 元；单位可供分配金额 0.0405 元/份"
SZSE_1225138007,180306,2026-04-22,2026-03-31,quarterly_report,False,华夏安博仓储REIT：华夏安博仓储物流封闭式基础设施证券投资基金2026年第1季度报告,https://disc.static.szse.cn/disc/disk03/finalpage/2026-04-22/b567cae5-0b9f-4845-b0c8-02a30c7f11ae.PDF,2026-09-05T13:14:44.443514+00:00,10c75fbd26f6d917203a97283202adaa93778f2f3555a4f22e101c2a20e3b4a8,352222.0,success,,400000000.0,26758633.22,0.0669,,"报告期末基金份额总额 400,000,000.00 份；本期可供分配金额 26,758,633.22 元；单位可供分配金额 0.0669 元/份"
SZSE_1225434061,180306,2026-07-21,2026-06-30,quarterly_report,False,华夏安博仓储REIT：华夏安博仓储物流封闭式基础设施证券投资基金2026年第2季度报告,https://disc.static.szse.cn/disc/disk03/finalpage/2026-07-21/e915fd62-2eff-4f0e-b980-8d7bfaf982a9.PDF,2026-09-05T13:14:44.560459+00:00,675c155472967e55714dba2a88519182b2363c59be2bd4d6a0ffc300b5c0a896,369045.0,success,,400000000.0,26787672.85,0.067,,"报告期末基金份额总额 400,000,000.00 份；本期可供分配金额 26,787,672.85 元；单位可供分配金额 0.0670 元/份"
SZSE_1214884507,180401,2022-10-25,2022-09-30,quarterly_report,False,鹏华深圳能源REIT：鹏华深圳能源清洁能源封闭式基础设施证券投资基金2022年3季度报告,https://disc.static.szse.cn/disc/disk03/finalpage/2022-10-24/d4bb7e2c-f4c9-48c4-a120-1ad88a90ba05.PDF,2026-09-05T13:14:44.577256+00:00,7ca60de88d7c1413046d0fec6e625adbadb06543aad7bd044d7033b835f1a136,443767.0,success,,600000000.0,179840522.57,0.2997,,"报告期末基金份额总额 600,000,000.00 份；本期可供分配金额 179,840,522.57 元；单位可供分配金额 0.2997 元/份"
SZSE_1215668650,180401,2023-01-20,2022-12-31,quarterly_report,False,鹏华深圳能源REIT：鹏华深圳能源清洁能源封闭式基础设施证券投资基金2022年4季度报告,https://disc.static.szse.cn/disc/disk03/finalpage/2023-01-19/10a67980-bf7f-4580-b039-3ac8fd5905c3.PDF,2026-09-05T13:14:44.664922+00:00,38e444e98312226b205121cefa32100bc136655ba100457ea01326d119eb56a7,438284.0,success,,600000000.0,88520439.55,0.1475,,"报告期末基金份额总额 600,000,000.00 份；本期可供分配金额 88,520,439.55 元；单位可供分配金额 0.1475 元/份"
SZSE_1216496666,180401,2023-04-21,2023-03-31,quarterly_report,False,鹏华深圳能源REIT：鹏华深圳能源清洁能源封闭式基础设施证券投资基金2023年1季度报告,https://disc.static.szse.cn/disc/disk03/finalpage/2023-04-20/13cffc1a-2278-4c52-a96f-f275cf7c2436.PDF,2026-09-05T13:14:44.667548+00:00,14e925c2ba18af6973d895e102e53343a61b1f8031bc1ff81bbc27093d4ef5be,416077.0,success,,600000000.0,37832746.33,0.0631,,"报告期末基金份额总额 600,000,000.00 份；本期可供分配金额 37,832,746.33 元；单位可供分配金额 0.0631 元/份"
SZSE_1217315893,180401,2023-07-18,2023-06-30,quarterly_report,False,鹏华深圳能源REIT：鹏华深圳能源清洁能源封闭式基础设施证券投资基金2023年2季度报告,https://disc.static.szse.cn/disc/disk03/finalpage/2023-07-17/1304168a-0af3-4740-a354-1267a8446ddc.PDF,2026-09-05T13:14:44.667963+00:00,8182993e2d8b96d36fe0b255a162818a7983f66572b397333483a415947387cc,432535.0,success,,600000000.0,167153472.9,0.2786,,"报告期末基金份额总额 600,000,000.00 份；本期可供分配金额 167,153,472.90 元；单位可供分配金额 0.2786 元/份"
SZSE_1217699697,180401,2023-08-30,2023-06-30,semiannual_report,False,鹏华深圳能源REIT：鹏华深圳能源清洁能源封闭式基础设施证券投资基金2023年中期报告,https://disc.static.szse.cn/disc/disk03/finalpage/2023-08-29/f4563988-ca37-4558-9750-06fd629803c2.PDF,2026-09-05T13:14:44.760308+00:00,00cf35bd913b5bf0c311cc596e50ce3e1886e0737c4358e3400b65913806bef6,1584222.0,success,,600000000.0,204986219.23,0.3416,6.0644,"报告期末基金份额总额 600,000,000.00 份；本期可供分配金额 204,986,219.23 元；单位可供分配金额 0.3416 元/份"
SZSE_1218124391,180401,2023-10-24,2023-09-30,quarterly_report,False,鹏华深圳能源REIT：鹏华深圳能源清洁能源封闭式基础设施证券投资基金2023年3季度报告,https://disc.static.szse.cn/disc/disk03/finalpage/2023-10-23/10bee5dc-eb05-4395-9d1f-a2929d19c174.PDF,2026-09-05T13:14:44.760813+00:00,d3f9e4fb5d19d1993cd099809a875cb0ceb9c06a4aefcd3cdfc4933d02fe7122,442945.0,success,,600000000.0,153201120.16,0.2553,,"报告期末基金份额总额 600,000,000.00 份；本期可供分配金额 153,201,120.16 元；单位可供分配金额 0.2553 元/份"
SZSE_1218945900,180401,2024-01-19,2023-12-31,quarterly_report,False,鹏华深圳能源REIT：鹏华深圳能源清洁能源封闭式基础设施证券投资基金2023年4季度报告,https://disc.static.szse.cn/disc/disk03/finalpage/2024-01-18/bb6b1af8-332a-4a35-8b21-34944279e5f1.PDF,2026-09-05T13:14:44.827961+00:00,ed9676fc3aaad4e10dfac373272b235e425ac9a8fc7ce62114cd807ad02044de,444264.0,success,,600000000.0,61870473.35,0.1031,,"报告期末基金份额总额 600,000,000.00 份；本期可供分配金额 61,870,473.35 元；单位可供分配金额 0.1031 元/份"
SZSE_1219663184,180401,2024-04-19,2024-03-31,quarterly_report,False,鹏华深圳能源REIT：鹏华深圳能源清洁能源封闭式基础设施证券投资基金2024年第1季度报告,https://disc.static.szse.cn/disc/disk03/finalpage/2024-04-18/a468ab7e-8986-42ec-9ac4-85ce5a665359.PDF,2026-09-05T13:14:44.839471+00:00,8cdaa697ee4329bc759be4024981612dfd8660eeb812b3e0f72c4bf19c3a0cd3,484356.0,success,,600000000.0,51279922.62,0.0855,,"报告期末基金份额总额 600,000,000.00 份；本期可供分配金额 51,279,922.62 元；单位可供分配金额 0.0855 元/份"
SZSE_1220664855,180401,2024-07-18,2024-06-30,quarterly_report,False,鹏华深圳能源REIT：鹏华深圳能源清洁能源封闭式基础设施证券投资基金2024年第2季度报告,https://disc.static.szse.cn/disc/disk03/finalpage/2024-07-17/16f58f15-98f2-48de-ba9d-f29f6a5bb097.PDF,2026-09-05T13:14:44.857329+00:00,89fb8912a5308ecff75486a6d97f3baa07355e563c7a6394d1601ae145e708c5,500651.0,success,,600000000.0,98804676.9,0.1647,,"报告期末基金份额总额 600,000,000.00 份；本期可供分配金额 98,804,676.90 元；单位可供分配金额 0.1647 元/份"
SZSE_1221031835,180401,2024-08-29,2024-06-30,semiannual_report,False,鹏华深圳能源REIT：鹏华深圳能源清洁能源封闭式基础设施证券投资基金2024年中期报告,https://disc.static.szse.cn/disc/disk03/finalpage/2024-08-28/77c3ba90-c273-4d1e-918a-20e390b72ec1.PDF,2026-09-05T13:14:44.859204+00:00,762b5adadf1e4e0609af914d24cea2f20e777f685856109edf0766f67ddbbe7e,1785380.0,success,,600000000.0,150084599.52,0.2501,5.6752,"报告期末基金份额总额 600,000,000.00 份；本期可供分配金额 150,084,599.52 元；单位可供分配金额 0.2501 元/份"
SZSE_1221490500,180401,2024-10-24,2024-09-30,quarterly_report,False,鹏华深圳能源REIT：鹏华深圳能源清洁能源封闭式基础设施证券投资基金2024年第3季度报告,https://disc.static.szse.cn/disc/disk03/finalpage/2024-10-23/9dff127f-75a0-4233-9b40-ec24c253f08d.PDF,2026-09-05T13:14:44.936233+00:00,f0f736c59154ce9406ab373d9b477060e11ddda8f968a23716a3ac3c88a12340,498280.0,success,,600000000.0,143452937.78,0.2391,,"报告期末基金份额总额 600,000,000.00 份；本期可供分配金额 143,452,937.78 元；单位可供分配金额 0.2391 元/份"
SZSE_1222380727,180401,2025-01-21,2024-12-31,quarterly_report,False,鹏华深圳能源REIT：鹏华深圳能源清洁能源封闭式基础设施证券投资基金2024年第4季度报告,https://disc.static.szse.cn/disc/disk03/finalpage/2025-01-20/094f84e1-4ec9-4a37-851d-585d2aac731a.PDF,2026-09-05T13:14:45.008201+00:00,a0e854abc31383d26693389c6bf48ff37815af1c8e9479d86477b47b5e999145,538862.0,success,,600000000.0,62066202.1,0.1034,,"报告期末基金份额总额 600,000,000.00 份；本期可供分配金额 62,066,202.10 元；单位可供分配金额 0.1034 元/份"
SZSE_1223155851,180401,2025-04-21,2025-03-31,quarterly_report,False,鹏华深圳能源REIT：鹏华深圳能源清洁能源封闭式基础设施证券投资基金2025年第1季度报告,https://disc.static.szse.cn/disc/disk03/finalpage/2025-04-18/6d497abf-37fc-4e01-a6c1-b5e859ebfe21.PDF,2026-09-05T13:14:45.085958+00:00,e6dec84c5d992d80a2622842e4ba3f92bbaf53f603768667780ad635e3cd4b85,486866.0,success,,600000000.0,48265648.49,0.0804,,"报告期末基金份额总额 600,000,000.00 份；本期可供分配金额 48,265,648.49 元；单位可供分配金额 0.0804 元/份"
SZSE_1224203482,180401,2025-07-18,2025-06-30,quarterly_report,False,鹏华深圳能源REIT：鹏华深圳能源清洁能源封闭式基础设施证券投资基金2025年第2季度报告,https://disc.static.szse.cn/disc/disk03/finalpage/2025-07-17/5f893010-a64b-4ac3-b990-b80ef285ec9c.PDF,2026-09-05T13:14:45.123421+00:00,678d3a209fd75045d1f3ace3a2ddac7a65e4ef47c1da09edc89d4b06b03ac002,536620.0,success,,600000000.0,44775313.32,0.0746,,"报告期末基金份额总额 600,000,000.00 份；本期可供分配金额 44,775,313.32 元；单位可供分配金额 0.0746 元/份"
SZSE_1224598109,180401,2025-08-28,2025-06-30,semiannual_report,False,鹏华深圳能源REIT：鹏华深圳能源清洁能源封闭式基础设施证券投资基金2025年中期报告,https://disc.static.szse.cn/disc/disk03/finalpage/2025-08-28/e96ffab4-41b0-40c4-a67e-00e65ea8a191.PDF,2026-09-05T13:14:45.250997+00:00,62774bd3d48c742c75982f88498284f7be48974dc6f76aa0a5f31366a5f605ec,541802.0,success,,600000000.0,93040961.81,0.1551,5.2965,"报告期末基金份额总额 600,000,000.00 份；本期可供分配金额 93,040,961.81 元；单位可供分配金额 0.1551 元/份"
SZSE_1224738150,180401,2025-10-27,2025-09-30,quarterly_report,False,鹏华深圳能源REIT：鹏华深圳能源清洁能源封闭式基础设施证券投资基金2025年第3季度报告,https://disc.static.szse.cn/disc/disk03/finalpage/2025-10-27/bb0b9a6a-1228-4a02-96f7-0b5a23d8e7a7.PDF,2026-09-05T13:14:45.271248+00:00,6ca9aa57b57ab9234aa776c99f24f71c8094b1587a463dc080df9755157a2317,506649.0,success,,600000000.0,78706953.46,0.1312,,"报告期末基金份额总额 600,000,000.00 份；本期可供分配金额 78,706,953.46 元；单位可供分配金额 0.1312 元/份"
SZSE_1224942753,180401,2026-01-21,2025-12-31,quarterly_report,False,鹏华深圳能源REIT：鹏华深圳能源清洁能源封闭式基础设施证券投资基金2025年第4季度报告,https://disc.static.szse.cn/disc/disk03/finalpage/2026-01-21/95ed212e-3ff7-4718-a48c-dee16c231de9.PDF,2026-09-05T13:14:45.274286+00:00,42b45c84b419d68ace26da302c0e52af0ae7caf22dd63236b96d27e2adbaa924,199795.0,success,,600000000.0,77607896.49,0.1293,,"报告期末基金份额总额 600,000,000.00 份；本期可供分配金额 77,607,896.49 元；单位可供分配金额 0.1293 元/份"
SZSE_1225132017,180401,2026-04-21,2026-03-31,quarterly_report,False,鹏华深圳能源REIT：鹏华深圳能源清洁能源封闭式基础设施证券投资基金2026年第1季度报告,https://disc.static.szse.cn/disc/disk03/finalpage/2026-04-21/4cb49125-59bf-4589-ad82-3a34cce102ea.PDF,2026-09-05T13:14:45.319716+00:00,ce1f9a01624dc96def41b0e6c70bd9cfd213768ca0639f4b37d2386bd7aee96c,493753.0,success,,600000000.0,44178712.34,0.0736,,"报告期末基金份额总额 600,000,000.00 份；本期可供分配金额 44,178,712.34 元；单位可供分配金额 0.0736 元/份"
SZSE_1225431331,180401,2026-07-20,2026-06-30,quarterly_report,False,鹏华深圳能源REIT：鹏华深圳能源清洁能源封闭式基础设施证券投资基金2026年第2季度报告,https://disc.static.szse.cn/disc/disk03/finalpage/2026-07-20/62427907-8e2e-4a82-94bd-dd38d7f9998d.PDF,2026-09-05T13:14:45.336614+00:00,92358a9dba84b1d9b9f128f6b15014c0a19cc3e521b134a4c897842a31274db0,202999.0,success,,600000000.0,32108731.78,0.0535,,"报告期末基金份额总额 600,000,000.00 份；本期可供分配金额 32,108,731.78 元；单位可供分配金额 0.0535 元/份"
SZSE_1223192658,180402,2025-04-22,2025-03-31,quarterly_report,False,工银蒙能清洁能源REIT：工银瑞信蒙能清洁能源封闭式基础设施证券投资基金2025年第1季度报告,https://disc.static.szse.cn/disc/disk03/finalpage/2025-04-21/3a6bdfe8-7d1d-4a3a-8ae6-31374b453595.PDF,2026-09-05T13:14:45.366456+00:00,b82d881783e75dd86d25772ad9770e049e7fcde7d9cffd78cecd39f060da52dc,517328.0,success,,200000000.0,35822975.53,0.1791,,"报告期末基金份额总额 200,000,000.00 份；本期可供分配金额 35,822,975.53 元；单位可供分配金额 0.1791 元/份"
SZSE_1224216284,180402,2025-07-21,2025-06-30,quarterly_report,False,工银蒙能清洁能源REIT：工银瑞信蒙能清洁能源封闭式基础设施证券投资基金2025年第2季度报告,https://disc.static.szse.cn/disc/disk03/finalpage/2025-07-18/8c09eac0-f027-48a5-8494-80f8d21def9d.PDF,2026-09-05T13:14:45.407355+00:00,4868d2c20b506ae6897fe94e5cb68b73bcb1499169c8a1adcea2b932f91fdc96,492246.0,success,,200000000.0,802347.13,0.004,,"报告期末基金份额总额 200,000,000.00 份；本期可供分配金额 802,347.13 元；单位可供分配金额 0.0040 元/份"
SZSE_1224613222,180402,2025-08-29,2025-06-30,semiannual_report,False,工银蒙能清洁能源REIT：工银瑞信蒙能清洁能源封闭式基础设施证券投资基金2025年中期报告,https://disc.static.szse.cn/disc/disk03/finalpage/2025-08-29/5dcdee34-5729-48da-abcc-d921641157c8.PDF,2026-09-05T13:14:45.469275+00:00,11d7704557c855024031e52f1bf03b012dbe4b4ba30c5570e9c7c6cbe6db9d28,722341.0,success,,200000000.0,36625322.66,0.1831,5.4796,"报告期末基金份额总额 200,000,000.00 份；本期可供分配金额 36,625,322.66 元；单位可供分配金额 0.1831 元/份"
SZSE_1224747452,180402,2025-10-28,2025-09-30,quarterly_report,False,工银蒙能清洁能源REIT：工银瑞信蒙能清洁能源封闭式基础设施证券投资基金2025年第3季度报告,https://disc.static.szse.cn/disc/disk03/finalpage/2025-10-28/831c6667-d399-48d8-9f75-b635809a602a.PDF,2026-09-05T13:14:45.501695+00:00,4bbc4bec7359ea1a8d31d02e3e6378b0210497629f8373bdf1ec3930f0b555f8,225384.0,success,,200000000.0,159723771.34,0.7986,,"报告期末基金份额总额 200,000,000.00 份；本期可供分配金额 159,723,771.34 元；单位可供分配金额 0.7986 元/份"
SZSE_1224945063,180402,2026-01-22,2025-12-31,quarterly_report,False,工银蒙能清洁能源REIT：工银瑞信蒙能清洁能源封闭式基础设施证券投资基金2025年第4季度报告,https://disc.static.szse.cn/disc/disk03/finalpage/2026-01-22/35f7e746-6524-49a4-8d23-f44cf5fb8f4e.PDF,2026-09-05T13:14:45.504151+00:00,a4de938c516b6ae6472f17a105b76feccbadfdc5007e82a0a6ea620add0c521c,231342.0,success,,200000000.0,-3000438.14,-0.015,,"报告期末基金份额总额 200,000,000.00 份；本期可供分配金额 -3,000,438.14 元；单位可供分配金额 -0.0150 元/份"
SZSE_1225141955,180402,2026-04-22,2026-03-31,quarterly_report,False,工银蒙能清洁能源REIT：工银瑞信蒙能清洁能源封闭式基础设施证券投资基金2026年第1季度报告,https://disc.static.szse.cn/disc/disk03/finalpage/2026-04-22/224432e2-8cc1-437a-a502-093d6540a94c.PDF,2026-09-05T13:14:45.550174+00:00,773ac09ee28130aec8bacf9633cdd0a3a5346279fecfebd4b758b89d9e376da9,223021.0,success,,200000000.0,2435414.08,0.0122,,"报告期末基金份额总额 200,000,000.00 份；本期可供分配金额 2,435,414.08 元；单位可供分配金额 0.0122 元/份"
SZSE_1225433287,180402,2026-07-21,2026-06-30,quarterly_report,False,工银蒙能清洁能源REIT：工银瑞信蒙能清洁能源封闭式基础设施证券投资基金2026年第2季度报告,https://disc.static.szse.cn/disc/disk03/finalpage/2026-07-21/5e92280c-2d77-4774-a060-a19382c1f6ee.PDF,2026-09-05T13:14:45.571335+00:00,b7ebe497744344be3d6a3e69ac38530f85c33d6f2042fa3d1f061975caa938ef,235984.0,success,,200000000.0,18204835.48,0.091,,"报告期末基金份额总额 200,000,000.00 份；本期可供分配金额 18,204,835.48 元；单位可供分配金额 0.0910 元/份"
SZSE_1215663344,180501,2023-01-20,2022-12-31,quarterly_report,False,红土创新深圳安居REIT：红土创新深圳人才安居保障性租赁住房封闭式基础设施证券投资基金2022年第4季度报告,https://disc.static.szse.cn/disc/disk03/finalpage/2023-01-19/2159bac9-ebd9-4275-ae4f-1c1d5980ff81.PDF,2026-09-05T13:14:45.584532+00:00,d8e2877a03e49c173a7849513cc1ec0536f5215b4fc0048eb55b02699ff12ef9,244652.0,success,,500000000.0,13628738.83,0.0273,,"报告期末基金份额总额 500,000,000.00 份；本期可供分配金额 13,628,738.83 元；单位可供分配金额 0.0273 元/份"
SZSE_1216486985,180501,2023-04-21,2023-03-31,quarterly_report,False,红土创新深圳安居REIT：红土创新深圳人才安居保障性租赁住房封闭式基础设施证券投资基金2023年第1季度报告,https://disc.static.szse.cn/disc/disk03/finalpage/2023-04-20/7507b5ae-df3c-4d97-90b9-49be66077db4.PDF,2026-09-05T13:14:45.677733+00:00,b98d240540368c6c1ac80f67da9f2e3905f6f745aaa64d38e72591f2730db6fd,213682.0,success,,500000000.0,12616817.34,0.0252,,"报告期末基金份额总额 500,000,000.00 份；本期可供分配金额 12,616,817.34 元；单位可供分配金额 0.0252 元/份"
SZSE_1217345725,180501,2023-07-21,2023-06-30,quarterly_report,False,红土创新深圳安居REIT：红土创新深圳人才安居保障性租赁住房封闭式基础设施证券投资基金2023年第2季度报告,https://disc.static.szse.cn/disc/disk03/finalpage/2023-07-20/341bcae8-ae67-4e00-adfc-b1192dc54b9a.PDF,2026-09-05T13:14:45.677845+00:00,b7d309de312952a3b81f8cc5f828a6c3adcc7e07b6e8084038c5c74aa6f97ef9,221765.0,success,,500000000.0,14332922.36,0.0287,,"报告期末基金份额总额 500,000,000.00 份；本期可供分配金额 14,332,922.36 元；单位可供分配金额 0.0287 元/份"
SZSE_1218133517,180501,2023-10-25,2023-09-30,quarterly_report,False,红土创新深圳安居REIT：红土创新深圳人才安居保障性租赁住房封闭式基础设施证券投资基金2023年第3季度报告,https://disc.static.szse.cn/disc/disk03/finalpage/2023-10-24/3b956f88-adb0-4a9e-87fa-64aea2cd6856.PDF,2026-09-05T13:14:45.719634+00:00,405e014d2fd5984d2f60884c85fb5fb104ef51929c15868261b4d31f035b50cb,547182.0,success,,500000000.0,13327989.14,0.0267,,"报告期末基金份额总额 500,000,000.00 份；本期可供分配金额 13,327,989.14 元；单位可供分配金额 0.0267 元/份"
SZSE_1218956678,180501,2024-01-20,2023-12-31,quarterly_report,False,红土创新深圳安居REIT：红土创新深圳人才安居保障性租赁住房封闭式基础设施证券投资基金2023年第4季度报告,https://disc.static.szse.cn/disc/disk03/finalpage/2024-01-19/5f565c75-2e4a-4db6-9f9c-195db8b1ea58.PDF,2026-09-05T13:14:45.748875+00:00,a5c6a073f8395acd457ee62093948f1b35751e45da2204ac76c5d6ea798dd833,245159.0,success,,500000000.0,10818620.2,0.0216,,"报告期末基金份额总额 500,000,000.00 份；本期可供分配金额 10,818,620.20 元；单位可供分配金额 0.0216 元/份"
SZSE_1219689588,180501,2024-04-20,2024-03-31,quarterly_report,False,红土创新深圳安居REIT：红土创新深圳人才安居保障性租赁住房封闭式基础设施证券投资基金2024年第1季度报告,https://disc.static.szse.cn/disc/disk03/finalpage/2024-04-19/bc551d76-d519-4591-9545-c280e55639ae.PDF,2026-09-05T13:14:45.755439+00:00,4654f9bbc39dfb40bcb4f35da3c005f61672e5a64cfff6292ff20fdd9de4fbd2,445060.0,success,,500000000.0,13408797.18,0.0268,,"报告期末基金份额总额 500,000,000.00 份；本期可供分配金额 13,408,797.18 元；单位可供分配金额 0.0268 元/份"
SZSE_1220674851,180501,2024-07-19,2024-06-30,quarterly_report,False,红土创新深圳安居REIT：红土创新深圳人才安居保障性租赁住房封闭式基础设施证券投资基金2024年第2季度报告,https://disc.static.szse.cn/disc/disk03/finalpage/2024-07-18/14a1082c-3239-4a9b-8e67-ee45cfb27ace.PDF,2026-09-05T13:14:45.818664+00:00,201c25b8763da46317f3d20e6c33c861d55d3f2448adad8eeffdae3ca92b48cb,250990.0,success,,500000000.0,12034393.1,0.0241,,"报告期末基金份额总额 500,000,000.00 份；本期可供分配金额 12,034,393.10 元；单位可供分配金额 0.0241 元/份"
SZSE_1221053279,180501,2024-08-30,2024-06-30,semiannual_report,False,红土创新深圳安居REIT：红土创新深圳人才安居保障性租赁住房封闭式基础设施证券投资基金2024年中期报告,https://disc.static.szse.cn/disc/disk03/finalpage/2024-08-29/aa69db76-1c5c-4e4e-b9e4-73c5e3305a80.PDF,2026-09-05T13:14:45.819239+00:00,8b0c3310b7cd12a71d01708807fad44d3bbb7fc916f5093802240fcca79f3532,1848985.0,success,,500000000.0,25443190.28,0.0509,2.4449,"报告期末基金份额总额 500,000,000.00 份；本期可供分配金额 25,443,190.28 元；单位可供分配金额 0.0509 元/份"
SZSE_1221507267,180501,2024-10-25,2024-09-30,quarterly_report,False,红土创新深圳安居REIT：红土创新深圳人才安居保障性租赁住房封闭式基础设施证券投资基金2024年第3季度报告,https://disc.static.szse.cn/disc/disk03/finalpage/2024-10-24/b3e4175d-8fa1-458e-a1bb-6b1508dc09ca.PDF,2026-09-05T13:14:45.878742+00:00,81b4f619dd890cdea2140a6ee6152bfdd0173a4ffeead681f6f2c284bb874ec4,433531.0,success,,500000000.0,11913764.58,0.0238,,"报告期末基金份额总额 500,000,000.00 份；本期可供分配金额 11,913,764.58 元；单位可供分配金额 0.0238 元/份"
SZSE_1222389155,180501,2025-01-22,2024-12-31,quarterly_report,False,红土创新深圳安居REIT：红土创新深圳人才安居保障性租赁住房封闭式基础设施证券投资基金2024年第4季度报告,https://disc.static.szse.cn/disc/disk03/finalpage/2025-01-21/3c55545f-5e2b-4a24-9a7a-9b8f485a3c88.PDF,2026-09-05T13:14:45.904322+00:00,4feaf07f94768f5bf6db46ecfaf37414d6fd38df2c79d41b00907a5c76194830,612731.0,success,,500000000.0,12023947.33,0.024,,"报告期末基金份额总额 500,000,000.00 份；本期可供分配金额 12,023,947.33 元；单位可供分配金额 0.0240 元/份"
SZSE_1223185507,180501,2025-04-22,2025-03-31,quarterly_report,False,红土创新深圳安居REIT：红土创新深圳人才安居保障性租赁住房封闭式基础设施证券投资基金2025年第1季度报告,https://disc.static.szse.cn/disc/disk03/finalpage/2025-04-21/35e2fc46-64c4-4d83-99b0-96445b65bfe9.PDF,2026-09-05T13:14:45.946267+00:00,9e9ad6130f45e0ce191ab2739595c299ed159d19913c014e9fa0f068787b5f82,284288.0,success,,500000000.0,11531898.42,0.0231,,"报告期末基金份额总额 500,000,000.00 份；本期可供分配金额 11,531,898.42 元；单位可供分配金额 0.0231 元/份"
SZSE_1224202375,180501,2025-07-18,2025-06-30,quarterly_report,False,红土创新深圳安居REIT：红土创新深圳人才安居保障性租赁住房封闭式基础设施证券投资基金2025年第2季度报告,https://disc.static.szse.cn/disc/disk03/finalpage/2025-07-17/e4febf56-f214-4b26-97f5-0c2c6a46171f.PDF,2026-09-05T13:14:45.946834+00:00,a01c31e18f973259230b2727b44ce30fd61eccb372c5e1e5a1d179b4db2add11,283893.0,success,,500000000.0,12001994.99,0.024,,"报告期末基金份额总额 500,000,000.00 份；本期可供分配金额 12,001,994.99 元；单位可供分配金额 0.0240 元/份"
SZSE_1224607079,180501,2025-08-29,2025-06-30,semiannual_report,False,红土创新深圳安居REIT：红土创新深圳安居保障性租赁住房封闭式基础设施证券投资基金2025年中期报告,https://disc.static.szse.cn/disc/disk03/finalpage/2025-08-29/ae22d3e6-35ae-4749-9e69-93c8a182da8a.PDF,2026-09-05T13:14:46.028745+00:00,c0997b13c4fea63ddee825a1e3c7f8c651d763f51021b0f40d77e925024331fc,692522.0,success,,500000000.0,23533893.41,0.0471,2.3907,"报告期末基金份额总额 500,000,000.00 份；本期可供分配金额 23,533,893.41 元；单位可供分配金额 0.0471 元/份"
SZSE_1224738330,180501,2025-10-28,2025-09-30,quarterly_report,False,红土创新深圳安居REIT：红土创新深圳安居保障性租赁住房封闭式基础设施证券投资基金2025年第3季度报告,https://disc.static.szse.cn/disc/disk03/finalpage/2025-10-28/ca850241-43a5-4327-9ba5-0f3a0815f5ae.PDF,2026-09-05T13:14:46.141882+00:00,e0e9a1a8f628e65065c24a000f773b806963a87741f00ca6a6859d5273260668,265382.0,success,,500000000.0,12126711.31,0.0243,,"报告期末基金份额总额 500,000,000.00 份；本期可供分配金额 12,126,711.31 元；单位可供分配金额 0.0243 元/份"
SZSE_1224943601,180501,2026-01-22,2025-12-31,quarterly_report,False,红土创新深圳安居REIT：红土创新深圳安居保障性租赁住房封闭式基础设施证券投资基金2025年第4季度报告,https://disc.static.szse.cn/disc/disk03/finalpage/2026-01-22/8062c65b-ee47-468e-89cc-b6e3dbec8405.PDF,2026-09-05T13:14:46.150467+00:00,3a2a1ba1d0ed5d893b82ec234d549a8560c425305ddac7bf50c434b652521a1f,264449.0,success,,500000000.0,12014257.84,0.024,,"报告期末基金份额总额 500,000,000.00 份；本期可供分配金额 12,014,257.84 元；单位可供分配金额 0.0240 元/份"
SZSE_1225126919,180501,2026-04-21,2026-03-31,quarterly_report,False,红土创新深圳安居REIT：红土创新深圳安居保障性租赁住房封闭式基础设施证券投资基金2026年第1季度报告,https://disc.static.szse.cn/disc/disk03/finalpage/2026-04-21/020ad07a-9f61-44bb-a2c1-9c6b97e66a26.PDF,2026-09-05T13:14:46.153849+00:00,6263f3cefa0b15fdd78908b19a71aa5784f6b6612f1417d443ae9ea41ae2e719,262669.0,success,,500000000.0,11796376.48,0.0236,,"报告期末基金份额总额 500,000,000.00 份；本期可供分配金额 11,796,376.48 元；单位可供分配金额 0.0236 元/份"
SZSE_1225432331,180501,2026-07-21,2026-06-30,quarterly_report,False,红土创新深圳安居REIT：红土创新深圳安居保障性租赁住房封闭式基础设施证券投资基金2026年第2季度报告,https://disc.static.szse.cn/disc/disk03/finalpage/2026-07-21/51f3655b-c769-4903-a7d3-b43bf8b89ea5.PDF,2026-09-05T13:14:46.183868+00:00,0416850d057569a933e01f65cca49b56cc123fddb0eeabd1b303488160c6f2d7,266738.0,success,,500000000.0,11932404.28,0.0239,,"报告期末基金份额总额 500,000,000.00 份；本期可供分配金额 11,932,404.28 元；单位可供分配金额 0.0239 元/份"
SZSE_1222380113,180502,2025-01-21,2024-12-31,quarterly_report,False,招商基金蛇口租赁住房REIT：招商基金招商蛇口租赁住房封闭式基础设施证券投资基金2024年第4季度报告,https://disc.static.szse.cn/disc/disk03/finalpage/2025-01-20/eea0d53a-9d3f-4ad8-87d8-58598fa68337.PDF,2026-09-05T13:14:46.244519+00:00,36ae45be349c2b6fd70b33bb7b87744f443bee2587b92d352e1e66f48eecfbc8,402164.0,success,,500000000.0,14625127.17,0.0293,,"报告期末基金份额总额 500,000,000.00 份；本期可供分配金额 14,625,127.17 元；单位可供分配金额 0.0293 元/份"
SZSE_1223149596,180502,2025-04-21,2025-03-31,quarterly_report,False,招商基金蛇口租赁住房REIT：招商基金招商蛇口租赁住房封闭式基础设施证券投资基金2025年第1季度报告,https://disc.static.szse.cn/disc/disk03/finalpage/2025-04-18/3ce5aae4-1d86-4bd7-86b7-a967c955f748.PDF,2026-09-05T13:14:46.314001+00:00,165d77369f09a035397c2c75abc46b02a9764099f09e17adb6f09315fa860272,447471.0,success,,500000000.0,12398832.33,0.0248,,"报告期末基金份额总额 500,000,000.00 份；本期可供分配金额 12,398,832.33 元；单位可供分配金额 0.0248 元/份"
SZSE_1224203292,180502,2025-07-18,2025-06-30,quarterly_report,False,招商基金蛇口租赁住房REIT：招商基金招商蛇口租赁住房封闭式基础设施证券投资基金2025年第2季度报告,https://disc.static.szse.cn/disc/disk03/finalpage/2025-07-17/10b08109-7fb3-45e8-9c0e-a531ed4919a4.PDF,2026-09-05T13:14:46.318169+00:00,800ddcf64aaae89a37a9ba38b19e78aba5c5e015f31893205d69d366d3e02f9e,499737.0,success,,500000000.0,13873645.95,0.0277,,"报告期末基金份额总额 500,000,000.00 份；本期可供分配金额 13,873,645.95 元；单位可供分配金额 0.0277 元/份"
SZSE_1224595561,180502,2025-08-28,2025-06-30,semiannual_report,False,招商基金蛇口租赁住房REIT：招商基金招商蛇口租赁住房封闭式基础设施证券投资基金2025年中期报告,https://disc.static.szse.cn/disc/disk03/finalpage/2025-08-28/e5d1be83-1866-47f3-9bdb-70d045979bbe.PDF,2026-09-05T13:14:46.337861+00:00,dd4ebbd1dbefd03f25c98e31ac2e15e6e29a5a30988eac2fec30722036af4e42,548146.0,success,,500000000.0,26272478.28,0.0525,2.6989,"报告期末基金份额总额 500,000,000.00 份；本期可供分配金额 26,272,478.28 元；单位可供分配金额 0.0525 元/份"
SZSE_1224735397,180502,2025-10-27,2025-09-30,quarterly_report,False,招商基金蛇口租赁住房REIT：招商基金招商蛇口租赁住房封闭式基础设施证券投资基金2025年第3季度报告,https://disc.static.szse.cn/disc/disk03/finalpage/2025-10-27/5fae4a27-97d9-4250-a6c4-1d411e5f858b.PDF,2026-09-05T13:14:46.354126+00:00,5878830da33f6123725828566850431ba5cbbfe51586041f69b456f08738e6df,216223.0,success,,500000000.0,15901161.2,0.0318,,"报告期末基金份额总额 500,000,000.00 份；本期可供分配金额 15,901,161.20 元；单位可供分配金额 0.0318 元/份"
SZSE_1224943440,180502,2026-01-22,2025-12-31,quarterly_report,False,招商基金蛇口租赁住房REIT：招商基金招商蛇口租赁住房封闭式基础设施证券投资基金2025年第4季度报告,https://disc.static.szse.cn/disc/disk03/finalpage/2026-01-22/c8a22499-3676-47cb-a944-6adbeee31a0f.PDF,2026-09-05T13:14:46.397927+00:00,35b876bdb32d0ac037abffd1c08cb15a9511545c36552572f91fbfa00cdd5197,236286.0,success,,500000000.0,14548325.11,0.0291,,"报告期末基金份额总额 500,000,000.00 份；本期可供分配金额 14,548,325.11 元；单位可供分配金额 0.0291 元/份"
SZSE_1225140008,180502,2026-04-22,2026-03-31,quarterly_report,False,招商基金蛇口租赁住房REIT：招商基金招商蛇口租赁住房封闭式基础设施证券投资基金2026年第1季度报告,https://disc.static.szse.cn/disc/disk03/finalpage/2026-04-22/b681e725-f37b-44ff-8c21-54b4ea95168d.PDF,2026-09-05T13:14:46.735954+00:00,000f8e7c98916cecf4466feac2f9c89c9866057f48a10aefc6efcc498344b61b,229499.0,success,,500000000.0,14139830.18,0.0283,,"报告期末基金份额总额 500,000,000.00 份；本期可供分配金额 14,139,830.18 元；单位可供分配金额 0.0283 元/份"
SZSE_1225433661,180502,2026-07-21,2026-06-30,quarterly_report,False,招商基金蛇口租赁住房REIT：招商基金招商蛇口租赁住房封闭式基础设施证券投资基金2026年第2季度报告,https://disc.static.szse.cn/disc/disk03/finalpage/2026-07-21/34186256-0bbb-4475-b8cb-fce31087aa9c.PDF,2026-09-05T13:14:46.751298+00:00,9c199e0d108c581c96191e1f14f3cc4314a06c4eea63edf9705e8d4761cb6760,232012.0,success,,500000000.0,15617996.21,0.0312,,"报告期末基金份额总额 500,000,000.00 份；本期可供分配金额 15,617,996.21 元；单位可供分配金额 0.0312 元/份"
SZSE_1225518374,180502,2026-08-28,2026-06-30,semiannual_report,False,招商基金蛇口租赁住房REIT：招商基金招商蛇口租赁住房封闭式基础设施证券投资基金2026年中期报告,https://disc.static.szse.cn/disc/disk03/finalpage/2026-08-28/2049126a-a693-4172-b2b8-09ddcbe1696c.PDF,2026-09-05T13:14:46.774542+00:00,7a281521489d76f3ae7252effa3a8fbf96dd3a9834a422d0c1b00158272e5257,567038.0,success,,500000000.0,29757826.39,0.0595,2.5707,"报告期末基金份额总额 500,000,000.00 份；本期可供分配金额 29,757,826.39 元；单位可供分配金额 0.0595 元/份"
SZSE_1225432895,180503,2026-07-21,2026-06-30,quarterly_report,False,中航北京昌保租赁住房REIT：中航北京昌保租赁住房封闭式基础设施证券投资基金2026年第2季度报告,https://disc.static.szse.cn/disc/disk03/finalpage/2026-07-21/94438251-4a8d-46a0-86cb-75010a2664c0.PDF,2026-09-05T13:14:46.776408+00:00,e772e1248a8ccc2c20f41d25730284a3769f3adb6ab08ca92df21e4e47cff0fa,224698.0,success,,400000000.0,34321378.09,0.0858,,"报告期末基金份额总额 400,000,000.00 份；本期可供分配金额 34,321,378.09 元；单位可供分配金额 0.0858 元/份"
SZSE_1219671445,180601,2024-04-19,2024-03-31,quarterly_report,False,华夏华润商业REIT：华夏华润商业资产封闭式基础设施证券投资基金2024年第1季度报告,https://disc.static.szse.cn/disc/disk03/finalpage/2024-04-18/c29acf71-c45b-4b4d-a309-a6c480e4fd7b.PDF,2026-09-05T13:14:46.808021+00:00,f03472f4a16668240040a9a527d81d41b53cc4c8a4970c7473ffa893e899e7e4,490624.0,success,,1000000000.0,51221891.82,0.0512,,"报告期末基金份额总额 1,000,000,000.00 份；本期可供分配金额 51,221,891.82 元；单位可供分配金额 0.0512 元/份"
SZSE_1220663908,180601,2024-07-18,2024-06-30,quarterly_report,False,华夏华润商业REIT：华夏华润商业资产封闭式基础设施证券投资基金2024年第2季度报告,https://disc.static.szse.cn/disc/disk03/finalpage/2024-07-17/b310775e-465d-4814-a63b-d4a1df0d11f8.PDF,2026-09-05T13:14:46.853371+00:00,6f8d4f3e4c3f9dc6bd2426324059054d8822fe5f636d7bd348a8a920c0607747,420031.0,success,,1000000000.0,86661587.44,0.0867,,"报告期末基金份额总额 1,000,000,000.00 份；本期可供分配金额 86,661,587.44 元；单位可供分配金额 0.0867 元/份"
SZSE_1221046673,180601,2024-08-30,2024-06-30,semiannual_report,False,华夏华润商业REIT：华夏华润商业资产封闭式基础设施证券投资基金2024年中期报告,https://disc.static.szse.cn/disc/disk03/finalpage/2024-08-29/175515d0-0d03-47c3-9a0c-dca1782224e6.PDF,2026-09-05T13:14:47.074741+00:00,cff4976dfb035c33faf0a71243f1349b9ebb65e1e3224299e474d342c7599936,1847443.0,success,,1000000000.0,137883479.26,0.1379,6.8573,"报告期末基金份额总额 1,000,000,000.00 份；本期可供分配金额 137,883,479.26 元；单位可供分配金额 0.1379 元/份"
SZSE_1221504991,180601,2024-10-25,2024-09-30,quarterly_report,False,华夏华润商业REIT：华夏华润商业资产封闭式基础设施证券投资基金2024年第3季度报告,https://disc.static.szse.cn/disc/disk03/finalpage/2024-10-24/b19db790-5636-4e39-a276-8df2dc4cf332.PDF,2026-09-05T13:14:47.088414+00:00,580b4acfc4a7da747addb2933e9a518f113cdad5d114918ecd7cc0e7728f58f4,431764.0,success,,1000000000.0,88784989.62,0.0888,,"报告期末基金份额总额 1,000,000,000.00 份；本期可供分配金额 88,784,989.62 元；单位可供分配金额 0.0888 元/份"
SZSE_1222389980,180601,2025-01-22,2024-12-31,quarterly_report,False,华夏华润商业REIT：华夏华润商业资产封闭式基础设施证券投资基金2024年第4季度报告,https://disc.static.szse.cn/disc/disk03/finalpage/2025-01-21/f43c4fb1-cf1a-4ab3-9f98-ec13b37cc660.PDF,2026-09-05T13:14:47.150010+00:00,03df0527fdba6c415f8fa6931291770fc88fa0c229f743e4aa0b2e4c0d06b49d,556936.0,success,,1000000000.0,88677402.45,0.0887,,"报告期末基金份额总额 1,000,000,000.00 份；本期可供分配金额 88,677,402.45 元；单位可供分配金额 0.0887 元/份"
SZSE_1223193845,180601,2025-04-22,2025-03-31,quarterly_report,False,华夏华润商业REIT：华夏华润商业资产封闭式基础设施证券投资基金2025年第1季度报告,https://disc.static.szse.cn/disc/disk03/finalpage/2025-04-21/e6ced322-1185-48b7-85a3-2f6b59c693b9.PDF,2026-09-05T13:14:47.270777+00:00,65e8b183effacad5bda2f0cdbd72b71c5928daab790d1071dfe8cb1187c5fed1,459086.0,success,,1000000000.0,88259179.37,0.0883,,"报告期末基金份额总额 1,000,000,000.00 份；本期可供分配金额 88,259,179.37 元；单位可供分配金额 0.0883 元/份"
SZSE_1224214673,180601,2025-07-21,2025-06-30,quarterly_report,False,华夏华润商业REIT：华夏华润商业资产封闭式基础设施证券投资基金2025年第2季度报告,https://disc.static.szse.cn/disc/disk03/finalpage/2025-07-18/9edecc1d-5524-4aab-9877-eece7160ad2a.PDF,2026-09-05T13:14:47.273889+00:00,6df2274acb0c1c4ff1c220ff06f5b1da429f4e46626051b9d4c2758a4ea9ee6a,1341489.0,success,,1000000000.0,91167388.43,0.0912,,"报告期末基金份额总额 1,000,000,000.00 份；本期可供分配金额 91,167,388.43 元；单位可供分配金额 0.0912 元/份"
SZSE_1224618937,180601,2025-08-30,2025-06-30,semiannual_report,False,华夏华润商业REIT：华夏华润商业资产封闭式基础设施证券投资基金2025年中期报告,https://disc.static.szse.cn/disc/disk03/finalpage/2025-08-30/eb68a9c9-a37c-4dc8-81f5-0d71ba50d1c6.PDF,2026-09-05T13:14:47.283258+00:00,00e9f2641f6bb42f35535611653cb7ca7ee4d8d765e5a1f1b340f2e71ca5d6a5,686021.0,success,,1000000000.0,179426567.8,0.1794,6.5268,"报告期末基金份额总额 1,000,000,000.00 份；本期可供分配金额 179,426,567.80 元；单位可供分配金额 0.1794 元/份"
SZSE_1224743436,180601,2025-10-28,2025-09-30,quarterly_report,False,华夏华润商业REIT：华夏华润商业资产封闭式基础设施证券投资基金2025年第3季度报告,https://disc.static.szse.cn/disc/disk03/finalpage/2025-10-28/b9b76dda-a7a6-4cf0-8c04-7238866af9f5.PDF,2026-09-05T13:14:47.384644+00:00,2e3008c9124b7b834f978ccc535c4c0d16942600a88bddbdb0e8e908d2d0a1a0,303404.0,success,,1000000000.0,92396214.03,0.0924,,"报告期末基金份额总额 1,000,000,000.00 份；本期可供分配金额 92,396,214.03 元；单位可供分配金额 0.0924 元/份"
SZSE_1224944722,180601,2026-01-22,2025-12-31,quarterly_report,False,华夏华润商业REIT：华夏华润商业资产封闭式基础设施证券投资基金2025年第4季度报告,https://disc.static.szse.cn/disc/disk03/finalpage/2026-01-22/43bb2b79-0014-464c-bf89-d7166f7c9952.PDF,2026-09-05T13:14:47.460620+00:00,084f2f882d108e50bfb48c1de44866875350b30df719c2394efd821c0ee6436c,292467.0,success,,1000000000.0,93240699.19,0.0932,,"报告期末基金份额总额 1,000,000,000.00 份；本期可供分配金额 93,240,699.19 元；单位可供分配金额 0.0932 元/份"
SZSE_1225138179,180601,2026-04-22,2026-03-31,quarterly_report,False,华夏华润商业REIT：华夏华润商业资产封闭式基础设施证券投资基金2026年第1季度报告,https://disc.static.szse.cn/disc/disk03/finalpage/2026-04-22/e7692c5b-0abd-409b-a0a7-881742528b9b.PDF,2026-09-05T13:14:47.544374+00:00,ecf5f1d16ae5bf9ca4ce576cd475ecc9707fd78fee2606989f3bb62a16132756,292997.0,success,,1000000000.0,90130273.2,0.0901,,"报告期末基金份额总额 1,000,000,000.00 份；本期可供分配金额 90,130,273.20 元；单位可供分配金额 0.0901 元/份"
SZSE_1225434098,180601,2026-07-21,2026-06-30,quarterly_report,False,华夏华润消费REIT：华夏华润消费封闭式基础设施证券投资基金2026年第2季度报告,https://disc.static.szse.cn/disc/disk03/finalpage/2026-07-21/27e4f1fe-e491-4acc-ae1e-483b62d192be.PDF,2026-09-05T13:14:47.548262+00:00,d93287dbbbf826f88886fac0b3aa61e0d2d8b8f2d872ec24a5baee130770dfb8,334800.0,success,,1000000000.0,92135498.7,0.0921,,"报告期末基金份额总额 1,000,000,000.00 份；本期可供分配金额 92,135,498.70 元；单位可供分配金额 0.0921 元/份"
SZSE_1220674464,180602,2024-07-19,2024-06-30,quarterly_report,False,中金印力消费REIT：中金印力消费基础设施封闭式基础设施证券投资基金2024年第2季度报告,https://disc.static.szse.cn/disc/disk03/finalpage/2024-07-18/82bb5af8-e7d6-4397-b01d-db0941e65286.PDF,2026-09-05T13:14:47.598344+00:00,f05da79ce1e9c08270354892db66af33ad67f403adce27784a0d4d35dfe0c1e3,398036.0,success,,1000000000.0,36809865.94,0.0368,,"报告期末基金份额总额 1,000,000,000.00 份；本期可供分配金额 36,809,865.94 元；单位可供分配金额 0.0368 元/份"
SZSE_1221079883,180602,2024-08-31,2024-06-30,semiannual_report,False,中金印力消费REIT：中金印力消费基础设施封闭式基础设施证券投资基金2024年中期报告,https://disc.static.szse.cn/disc/disk03/finalpage/2024-08-30/25960ef9-d8d2-4767-9860-f8ab97237332.PDF,2026-09-05T13:14:47.605576+00:00,f9a47196862399652cdd55d25ca73790e618c236a8d2568c71454ea11ff97ba6,961724.0,success,,1000000000.0,36809865.94,0.0368,3.2646,"报告期末基金份额总额 1,000,000,000.00 份；本期可供分配金额 36,809,865.94 元；单位可供分配金额 0.0368 元/份"
SZSE_1221503805,180602,2024-10-25,2024-09-30,quarterly_report,False,中金印力消费REIT：中金印力消费基础设施封闭式基础设施证券投资基金2024年第3季度报告,https://disc.static.szse.cn/disc/disk03/finalpage/2024-10-24/6121d0ad-9f90-4fe9-a02c-a82da49c142f.PDF,2026-09-05T13:14:47.681277+00:00,3685e574325dc9b618ac3778943286f9b5547610430e58fc35ed10942d565994,394735.0,success,,1000000000.0,42801807.27,0.0428,,"报告期末基金份额总额 1,000,000,000.00 份；本期可供分配金额 42,801,807.27 元；单位可供分配金额 0.0428 元/份"
SZSE_1222387269,180602,2025-01-22,2024-12-31,quarterly_report,False,中金印力消费REIT：中金印力消费基础设施封闭式基础设施证券投资基金2024年第4季度报告,https://disc.static.szse.cn/disc/disk03/finalpage/2025-01-21/4dae83ac-e2a6-4a39-a4d1-e2658ba0fccb.PDF,2026-09-05T13:14:47.700535+00:00,d6d0913837821d749d732f69f4ef15d6f0f06735ea5d3fbf25e935f4ede6d49f,517266.0,success,,1000000000.0,44886456.68,0.0449,,"报告期末基金份额总额 1,000,000,000.00 份；本期可供分配金额 44,886,456.68 元；单位可供分配金额 0.0449 元/份"
SZSE_1223186064,180602,2025-04-22,2025-03-31,quarterly_report,False,中金印力消费REIT：中金印力消费基础设施封闭式基础设施证券投资基金2025年第1季度报告,https://disc.static.szse.cn/disc/disk03/finalpage/2025-04-21/42cb9b54-30eb-4bf2-a303-8d2daac3daee.PDF,2026-09-05T13:14:47.728950+00:00,dee3a7d5c1b792f2049dadda3272da2a4e208bff59fd8ccf92ced272e16bf53f,484975.0,success,,1000000000.0,43051086.41,0.0431,,"报告期末基金份额总额 1,000,000,000.00 份；本期可供分配金额 43,051,086.41 元；单位可供分配金额 0.0431 元/份"
SZSE_1224214254,180602,2025-07-21,2025-06-30,quarterly_report,False,中金印力消费REIT：中金印力消费基础设施封闭式基础设施证券投资基金2025年第2季度报告,https://disc.static.szse.cn/disc/disk03/finalpage/2025-07-18/b4176484-a217-4a00-b3d7-269488dc685c.PDF,2026-09-05T13:14:47.830460+00:00,e6f05e4ba40855debc54e18247595a2b4fd98134a05cd2d328f8c423e0ee5862,495090.0,success,,1000000000.0,43378141.53,0.0434,,"报告期末基金份额总额 1,000,000,000.00 份；本期可供分配金额 43,378,141.53 元；单位可供分配金额 0.0434 元/份"
SZSE_1224740216,180602,2025-10-28,2025-09-30,quarterly_report,False,中金印力消费REIT：中金印力消费基础设施封闭式基础设施证券投资基金2025年第3季度报告,https://disc.static.szse.cn/disc/disk03/finalpage/2025-10-28/7ee79c69-c91b-4a9e-9455-12697732f325.PDF,2026-09-05T13:14:47.867624+00:00,f6348a513ab671838e73412cfc72433ab6feb438aae53e07d65bb089e2726255,607236.0,success,,1000000000.0,44665344.98,0.0447,,"报告期末基金份额总额 1,000,000,000.00 份；本期可供分配金额 44,665,344.98 元；单位可供分配金额 0.0447 元/份"
SZSE_1224942878,180602,2026-01-22,2025-12-31,quarterly_report,False,中金印力消费REIT：中金印力消费基础设施封闭式基础设施证券投资基金2025年第4季度报告,https://disc.static.szse.cn/disc/disk03/finalpage/2026-01-22/dbf73e30-679d-4006-b930-8790aded1640.PDF,2026-09-05T13:14:47.915114+00:00,447371907b4bf7b5462fc3427f609243fbe16b702f7ba3bdb39160c76489554e,602648.0,success,,1000000000.0,42799122.32,0.0428,,"报告期末基金份额总额 1,000,000,000.00 份；本期可供分配金额 42,799,122.32 元；单位可供分配金额 0.0428 元/份"
SZSE_1225135166,180602,2026-04-22,2026-03-31,quarterly_report,False,中金印力消费REIT：中金印力消费基础设施封闭式基础设施证券投资基金2026年第1季度报告,https://disc.static.szse.cn/disc/disk03/finalpage/2026-04-22/5a1bba96-33bf-4a3f-8bba-c9f46a1c2635.PDF,2026-09-05T13:14:47.981521+00:00,702fba814c9535a465e3f8b3ca75b723bc48e0d841e3a5a0e00513867d6519aa,676187.0,success,,1000000000.0,42738692.88,0.0427,,"报告期末基金份额总额 1,000,000,000.00 份；本期可供分配金额 42,738,692.88 元；单位可供分配金额 0.0427 元/份"
SZSE_1225432366,180602,2026-07-21,2026-06-30,quarterly_report,False,中金印力消费REIT：中金印力消费基础设施封闭式基础设施证券投资基金2026年第2季度报告,https://disc.static.szse.cn/disc/disk03/finalpage/2026-07-21/b06d4fab-39fa-4e64-b986-4a5e8e9ce982.PDF,2026-09-05T13:14:48.061033+00:00,fcea6ca5aa6bd2f1af9b33e5d147e96680f29f850ba3ae6ca269125a4b614651,669570.0,success,,1000000000.0,43466958.44,0.0435,,"报告期末基金份额总额 1,000,000,000.00 份；本期可供分配金额 43,466,958.44 元；单位可供分配金额 0.0435 元/份"
SZSE_1225518300,180602,2026-08-28,2026-06-30,semiannual_report,False,中金印力消费REIT：中金印力消费基础设施封闭式基础设施证券投资基金2026年中期报告,https://disc.static.szse.cn/disc/disk03/finalpage/2026-08-28/b0765aea-1e1c-4299-8b57-9f2568e14ca7.PDF,2026-09-05T13:14:48.093994+00:00,b810261be457bb1510ca401e3240cf1a9e28410871190e0a35918c06dee9d8a8,1978191.0,success,,1000000000.0,86158376.91,0.0862,2.9656,"报告期末基金份额总额 1,000,000,000.00 份；本期可供分配金额 86,158,376.91 元；单位可供分配金额 0.0862 元/份"
SZSE_1222389982,180603,2025-01-22,2024-12-31,quarterly_report,False,华夏大悦城商业REIT：华夏大悦城购物中心封闭式基础设施证券投资基金2024年第4季度报告,https://disc.static.szse.cn/disc/disk03/finalpage/2025-01-21/db543f29-d230-4670-aae5-e3b1c71f7bb1.PDF,2026-09-05T13:14:48.162883+00:00,7d1b9960d98bf53c4918074121b110d4ea349d364834220f43abbd03cffc45c5,541569.0,success,,1000000000.0,45290855.68,0.0453,,"报告期末基金份额总额 1,000,000,000.00 份；本期可供分配金额 45,290,855.68 元；单位可供分配金额 0.0453 元/份"
SZSE_1223193817,180603,2025-04-22,2025-03-31,quarterly_report,False,华夏大悦城商业REIT：华夏大悦城购物中心封闭式基础设施证券投资基金2025年第1季度报告,https://disc.static.szse.cn/disc/disk03/finalpage/2025-04-21/9dba8fd6-0a0d-4d05-aa56-5d051448fa17.PDF,2026-09-05T13:14:48.165495+00:00,0b7fb15c0e1712de8a55a31113349843dbfd18a77ac3296d639c098781ba2440,417067.0,success,,1000000000.0,44737594.46,0.0447,,"报告期末基金份额总额 1,000,000,000.00 份；本期可供分配金额 44,737,594.46 元；单位可供分配金额 0.0447 元/份"
SZSE_1224214594,180603,2025-07-21,2025-06-30,quarterly_report,False,华夏大悦城商业REIT：华夏大悦城购物中心封闭式基础设施证券投资基金2025年第2季度报告,https://disc.static.szse.cn/disc/disk03/finalpage/2025-07-18/55b70375-8591-4d0b-87c9-f9d2fd17a7ee.PDF,2026-09-05T13:14:48.241605+00:00,b089a6ee4fffe63eab47ff45c1c92b3a9e44384cb299e3c74fb5b94d3e3dd15b,664673.0,success,,1000000000.0,45399929.45,0.0454,,"报告期末基金份额总额 1,000,000,000.00 份；本期可供分配金额 45,399,929.45 元；单位可供分配金额 0.0454 元/份"
SZSE_1224618630,180603,2025-08-30,2025-06-30,semiannual_report,False,华夏大悦城商业REIT：华夏大悦城购物中心封闭式基础设施证券投资基金2025年中期报告,https://disc.static.szse.cn/disc/disk03/finalpage/2025-08-30/3a0feaf2-2c74-48ee-90f3-8c20c4d51745.PDF,2026-09-05T13:14:48.269390+00:00,c531192f62acd28943ff1657ba9ce5e000f4536c40205007c0ebb6e1a299c51b,707403.0,success,,1000000000.0,90137523.91,0.0901,3.2375,"报告期末基金份额总额 1,000,000,000.00 份；本期可供分配金额 90,137,523.91 元；单位可供分配金额 0.0901 元/份"
SZSE_1224743562,180603,2025-10-28,2025-09-30,quarterly_report,False,华夏大悦城商业REIT：华夏大悦城购物中心封闭式基础设施证券投资基金2025年第3季度报告,https://disc.static.szse.cn/disc/disk03/finalpage/2025-10-28/150017e6-67a0-44ee-b6fb-8af1c7516956.PDF,2026-09-05T13:14:48.379438+00:00,8d251a9ba73e1dc1ae28e5e2fa33f8a6c4b91be24c5c3daaa2e501f0e36ae670,387859.0,success,,1000000000.0,45983036.65,0.046,,"报告期末基金份额总额 1,000,000,000.00 份；本期可供分配金额 45,983,036.65 元；单位可供分配金额 0.0460 元/份"
SZSE_1224944723,180603,2026-01-22,2025-12-31,quarterly_report,False,华夏大悦城商业REIT：华夏大悦城购物中心封闭式基础设施证券投资基金2025年第4季度报告,https://disc.static.szse.cn/disc/disk03/finalpage/2026-01-22/5c648ca8-e06e-40d3-a764-5435ac806a7f.PDF,2026-09-05T13:14:48.392911+00:00,0aaff921ae473d83b5a97f539808d0c797939ddbbc2441b38127ae8dd4670a02,296108.0,success,,1000000000.0,46018961.2,0.046,,"报告期末基金份额总额 1,000,000,000.00 份；本期可供分配金额 46,018,961.20 元；单位可供分配金额 0.0460 元/份"
SZSE_1225137908,180603,2026-04-22,2026-03-31,quarterly_report,False,华夏大悦城商业REIT：华夏大悦城购物中心封闭式基础设施证券投资基金2026年第1季度报告,https://disc.static.szse.cn/disc/disk03/finalpage/2026-04-22/6d2b80af-c8c1-4770-a41f-dd12703cf7ca.PDF,2026-09-05T13:14:48.460954+00:00,ac40c6abcd2f0a5075251e0da5881f287209c50cbab2e75487c4094f91ec8341,296454.0,success,,1000000000.0,46188755.62,0.0462,,"报告期末基金份额总额 1,000,000,000.00 份；本期可供分配金额 46,188,755.62 元；单位可供分配金额 0.0462 元/份"
SZSE_1225434095,180603,2026-07-21,2026-06-30,quarterly_report,False,华夏大悦城消费REIT：华夏大悦城购物中心封闭式基础设施证券投资基金2026年第2季度报告,https://disc.static.szse.cn/disc/disk03/finalpage/2026-07-21/6a722e72-95f5-4a14-b0b1-14f415b7c14a.PDF,2026-09-05T13:14:48.472404+00:00,35c42c4d4b17195a0f8fd40f008618a0b1ce587365712873fd1e84437e3f1cc9,305697.0,success,,1000000000.0,45980305.42,0.046,,"报告期末基金份额总额 1,000,000,000.00 份；本期可供分配金额 45,980,305.42 元；单位可供分配金额 0.0460 元/份"
SZSE_1223192035,180605,2025-04-22,2025-03-31,quarterly_report,False,易方达华威市场REIT：易方达华威农贸市场封闭式基础设施证券投资基金2025年第1季度报告,https://disc.static.szse.cn/disc/disk03/finalpage/2025-04-21/72dfd458-333e-4a1a-8cd7-d76f24d132c3.PDF,2026-09-05T13:14:48.521323+00:00,72d5abf67469a80d22b5ccf259b70db7ce51734974755990feac0ee3f6908766,436473.0,success,,500000000.0,55709614.16,0.1114,,"报告期末基金份额总额 500,000,000.00 份；本期可供分配金额 55,709,614.16 元；单位可供分配金额 0.1114 元/份"
SZSE_1224216466,180605,2025-07-21,2025-06-30,quarterly_report,False,易方达华威市场REIT：易方达华威农贸市场封闭式基础设施证券投资基金2025年第2季度报告,https://disc.static.szse.cn/disc/disk03/finalpage/2025-07-18/736520de-ee2f-49a9-b6e9-891edba65737.PDF,2026-09-05T13:14:48.526725+00:00,1616b88ca039ebb3cc0119467fb1043e5e99da7e935f3ef6985fa650460c1c32,421923.0,success,,500000000.0,26557567.28,0.0531,,"报告期末基金份额总额 500,000,000.00 份；本期可供分配金额 26,557,567.28 元；单位可供分配金额 0.0531 元/份"
SZSE_1224626496,180605,2025-08-30,2025-06-30,semiannual_report,False,易方达华威市场REIT：易方达华威农贸市场封闭式基础设施证券投资基金2025年中期报告,https://disc.static.szse.cn/disc/disk03/finalpage/2025-08-30/15e6571a-aedd-4a43-acc4-eb00beb4e574.PDF,2026-09-05T13:14:48.572523+00:00,dc2377da04a5373f26352985bb89da099bfc567df0ab9d5b00cdb49643210364,2003386.0,success,,500000000.0,82267181.44,0.1645,2.956,"报告期末基金份额总额 500,000,000.00 份；本期可供分配金额 82,267,181.44 元；单位可供分配金额 0.1645 元/份"
SZSE_1224744032,180605,2025-10-28,2025-09-30,quarterly_report,False,易方达华威市场REIT：易方达华威农贸市场封闭式基础设施证券投资基金2025年第3季度报告,https://disc.static.szse.cn/disc/disk03/finalpage/2025-10-28/bb57826e-4754-43d8-8570-318333f5fc30.PDF,2026-09-05T13:14:48.597103+00:00,ebe020c9c80bd4df9baad680db7c252841201a66117a758a3c59320710568768,436192.0,success,,500000000.0,22551893.62,0.0451,,"报告期末基金份额总额 500,000,000.00 份；本期可供分配金额 22,551,893.62 元；单位可供分配金额 0.0451 元/份"
SZSE_1224943839,180605,2026-01-22,2025-12-31,quarterly_report,False,易方达华威市场REIT：易方达华威农贸市场封闭式基础设施证券投资基金2025年第4季度报告,https://disc.static.szse.cn/disc/disk03/finalpage/2026-01-22/6b951052-d477-4386-a1e9-005d2fde35ef.PDF,2026-09-05T13:14:48.631695+00:00,9e22b7533b45a5254e10287eeb224e3b834ddfd962ea975cfa0234ecb2f6e25d,414367.0,success,,500000000.0,14485511.22,0.029,,"报告期末基金份额总额 500,000,000.00 份；本期可供分配金额 14,485,511.22 元；单位可供分配金额 0.0290 元/份"
SZSE_1225136112,180605,2026-04-22,2026-03-31,quarterly_report,False,易方达华威市场REIT：易方达华威农贸市场封闭式基础设施证券投资基金2026年第1季度报告,https://disc.static.szse.cn/disc/disk03/finalpage/2026-04-22/d85166e2-66a5-4b8e-8b1d-e0127a55133a.PDF,2026-09-05T13:14:48.636430+00:00,2a8632b563dcb918c26ff17e56f357416c0dbe6742d4deb0de2839da6c35e8a6,450890.0,success,,500000000.0,22470246.5,0.0449,,"报告期末基金份额总额 500,000,000.00 份；本期可供分配金额 22,470,246.50 元；单位可供分配金额 0.0449 元/份"
SZSE_1225432585,180605,2026-07-21,2026-06-30,quarterly_report,False,易方达华威市场REIT：易方达华威农贸市场封闭式基础设施证券投资基金2026年第2季度报告,https://disc.static.szse.cn/disc/disk03/finalpage/2026-07-21/aa82d639-0bc0-4ebc-97fd-9540ab86eae7.PDF,2026-09-05T13:14:48.689149+00:00,cc2dd4fd8e55dbf85e99bdfa385cc8e0fcfddb680802b9280da69c2748b6311a,475466.0,success,,500000000.0,22902673.89,0.0458,,"报告期末基金份额总额 500,000,000.00 份；本期可供分配金额 22,902,673.89 元；单位可供分配金额 0.0458 元/份"
SZSE_1224738924,180606,2025-10-28,2025-09-30,quarterly_report,False,中金中国绿发商业REIT：中金中国绿发商业资产封闭式基础设施证券投资基金2025年第3季度报告,https://disc.static.szse.cn/disc/disk03/finalpage/2025-10-28/79695b8c-b568-4148-b6a5-bc7a7394bcc2.PDF,2026-09-05T13:14:48.690504+00:00,0664bcc76f532591ebacb80eef39c479144e8bc04c20f86b95f827827409a112,666296.0,success,,500000000.0,22000863.53,0.044,,"报告期末基金份额总额 500,000,000.00 份；本期可供分配金额 22,000,863.53 元；单位可供分配金额 0.0440 元/份"
SZSE_1224943035,180606,2026-01-22,2025-12-31,quarterly_report,False,中金中国绿发商业REIT：中金中国绿发商业资产封闭式基础设施证券投资基金2025年第4季度报告,https://disc.static.szse.cn/disc/disk03/finalpage/2026-01-22/8b43b2e8-3ab1-4a2f-a651-73c1702f2e2e.PDF,2026-09-05T13:14:48.812903+00:00,ea05454f05586b781493e03b90d51d34f7d09525c1e28301ce366ac13f7b5f28,684484.0,success,,500000000.0,18267934.97,0.0365,,"报告期末基金份额总额 500,000,000.00 份；本期可供分配金额 18,267,934.97 元；单位可供分配金额 0.0365 元/份"
SZSE_1225134417,180606,2026-04-22,2026-03-31,quarterly_report,False,中金中国绿发商业REIT：中金中国绿发商业资产封闭式基础设施证券投资基金2026年第1季度报告,https://disc.static.szse.cn/disc/disk03/finalpage/2026-04-22/18a58cb1-9c39-46a1-81ff-0b3ac4007089.PDF,2026-09-05T13:14:48.827653+00:00,b55ac469bdd763b1b1e8e7eb2fe02dd224d9fd059bda19b86dafc87ab61a2f6f,689488.0,success,,500000000.0,20916556.71,0.0418,,"报告期末基金份额总额 500,000,000.00 份；本期可供分配金额 20,916,556.71 元；单位可供分配金额 0.0418 元/份"
SZSE_1225432252,180606,2026-07-21,2026-06-30,quarterly_report,False,中金中国绿发消费REIT：中金中国绿发消费封闭式基础设施证券投资基金2026年第2季度报告,https://disc.static.szse.cn/disc/disk03/finalpage/2026-07-21/8cd136a2-8d9a-4203-a394-72acc8d2814d.PDF,2026-09-05T13:14:48.858314+00:00,5d124362b0e6546e53d16c3b6a902057bc6dfe3d0e9c9e487517356827e8758f,720470.0,success,,500000000.0,20038365.08,0.0401,,"报告期末基金份额总额 500,000,000.00 份；本期可供分配金额 20,038,365.08 元；单位可供分配金额 0.0401 元/份"
SZSE_1225518284,180606,2026-08-28,2026-06-30,semiannual_report,False,中金中国绿发消费REIT：中金中国绿发消费封闭式基础设施证券投资基金2026年中期报告,https://disc.static.szse.cn/disc/disk03/finalpage/2026-08-28/02b8ee16-4565-4bf7-8cd8-1ef8cb6ba5ad.PDF,2026-09-05T13:14:48.905470+00:00,d62c5a4aa07cd3012829e8be0e8f3b96b3ce1b0d0d5a3a1124520c02494565d5,1980986.0,success,,500000000.0,40954921.79,0.0819,3.0784,"报告期末基金份额总额 500,000,000.00 份；本期可供分配金额 40,954,921.79 元；单位可供分配金额 0.0819 元/份"
SZSE_1224944747,180607,2026-01-22,2025-12-31,quarterly_report,False,华夏中海商业REIT：华夏中海商业资产封闭式基础设施证券投资基金2025年第4季度报告,https://disc.static.szse.cn/disc/disk03/finalpage/2026-01-22/af374682-0094-498e-8da3-820eab2d68f1.PDF,2026-09-05T13:14:48.919232+00:00,f061c48e0748b7ce6a498f1172df18fa47cd9592df7d878a7d67df95be678ad5,2856471.0,success,,300000000.0,13001812.32,0.0433,,"报告期末基金份额总额 300,000,000.00 份；本期可供分配金额 13,001,812.32 元；单位可供分配金额 0.0433 元/份"
SZSE_1225138135,180607,2026-04-22,2026-03-31,quarterly_report,False,华夏中海商业REIT：华夏中海商业资产封闭式基础设施证券投资基金2026年第1季度报告,https://disc.static.szse.cn/disc/disk03/finalpage/2026-04-22/5968918e-485c-48c5-a9fb-303878c06a39.PDF,2026-09-05T13:14:48.972207+00:00,9864c09d8719021339dd5a2670141a6faef36adcfc595c93f0b5f032a6d80cad,275087.0,success,,300000000.0,16457625.99,0.0549,,"报告期末基金份额总额 300,000,000.00 份；本期可供分配金额 16,457,625.99 元；单位可供分配金额 0.0549 元/份"
SZSE_1225434092,180607,2026-07-21,2026-06-30,quarterly_report,False,华夏中海消费REIT：华夏中海消费封闭式基础设施证券投资基金2026年第2季度报告,https://disc.static.szse.cn/disc/disk03/finalpage/2026-07-21/ded52326-d314-4f13-83f6-ed6410a8fd22.PDF,2026-09-05T13:14:48.984062+00:00,9c9499844d6d8a1ea2d274f8d9fdc0182ebb8c4237c6a47c2b19bc822c384890,291744.0,success,,300000000.0,17018389.04,0.0567,,"报告期末基金份额总额 300,000,000.00 份；本期可供分配金额 17,018,389.04 元；单位可供分配金额 0.0567 元/份"
SZSE_1222381090,180701,2025-01-21,2024-12-31,quarterly_report,False,银华绍兴原水水利REIT：银华绍兴原水水利封闭式基础设施证券投资基金2024年第4季度报告,https://disc.static.szse.cn/disc/disk03/finalpage/2025-01-20/edef6923-03b9-4bfe-b18d-30b9375d8638.PDF,2026-09-05T13:14:49.013877+00:00,d5a612f283df1aa896cd3f4fe43f4538c7f22be961fc047b9a1391692fbc760a,534054.0,success,,600000000.0,60606964.26,0.101,,"报告期末基金份额总额 600,000,000.00 份；本期可供分配金额 60,606,964.26 元；单位可供分配金额 0.1010 元/份"
SZSE_1223148602,180701,2025-04-21,2025-03-31,quarterly_report,False,银华绍兴原水水利REIT：银华绍兴原水水利封闭式基础设施证券投资基金2025年第1季度报告,https://disc.static.szse.cn/disc/disk03/finalpage/2025-04-18/aaac362d-00ea-4ec6-bf25-faf70f0ef5e6.PDF,2026-09-05T13:14:49.133612+00:00,bf9c1ca7a8ebff8deb6e328f23a52b7e2da0c4874af34e82b88df2c6df31bb5b,379857.0,success,,600000000.0,27206354.66,0.0453,,"报告期末基金份额总额 600,000,000.00 份；本期可供分配金额 27,206,354.66 元；单位可供分配金额 0.0453 元/份"
SZSE_1224215608,180701,2025-07-19,2025-06-30,quarterly_report,False,银华绍兴原水水利REIT：银华绍兴原水水利封闭式基础设施证券投资基金2025年第2季度报告,https://disc.static.szse.cn/disc/disk03/finalpage/2025-07-18/669b9a75-ab44-4ea7-8ce8-49dec654bfb1.PDF,2026-09-05T13:14:49.221914+00:00,e0638cd1dce9332153837ca17e57850407451a69c8175dfc41270404e6aab8f6,394890.0,success,,600000000.0,26054696.62,0.0434,,"报告期末基金份额总额 600,000,000.00 份；本期可供分配金额 26,054,696.62 元；单位可供分配金额 0.0434 元/份"
SZSE_1224614696,180701,2025-08-29,2025-06-30,semiannual_report,False,银华绍兴原水水利REIT：银华绍兴原水水利封闭式基础设施证券投资基金2025年中期报告,https://disc.static.szse.cn/disc/disk03/finalpage/2025-08-29/c8c23a52-66ce-4a61-be75-aca63cc0a52e.PDF,2026-09-05T13:14:49.223739+00:00,83cafed57d654bd86ec6787f4b91866fe4ac6d64af9a521fbe159a67d35c8143,504297.0,success,,600000000.0,53261051.28,0.0888,2.772,"报告期末基金份额总额 600,000,000.00 份；本期可供分配金额 53,261,051.28 元；单位可供分配金额 0.0888 元/份"
SZSE_1224737171,180701,2025-10-27,2025-09-30,quarterly_report,False,银华绍兴原水水利REIT：银华绍兴原水水利封闭式基础设施证券投资基金2025年第3季度报告,https://disc.static.szse.cn/disc/disk03/finalpage/2025-10-27/0b67f358-eaf9-4231-9e4e-af10017a4a0a.PDF,2026-09-05T13:14:49.326208+00:00,6f3f6769d445803c66619a7207bb4d33d7d88481884a6fd135058c43d8e60629,170645.0,success,,600000000.0,45998866.18,0.0767,,"报告期末基金份额总额 600,000,000.00 份；本期可供分配金额 45,998,866.18 元；单位可供分配金额 0.0767 元/份"
SZSE_1224942641,180701,2026-01-21,2025-12-31,quarterly_report,False,银华绍兴原水水利REIT：银华绍兴原水水利封闭式基础设施证券投资基金2025年第4季度报告,https://disc.static.szse.cn/disc/disk03/finalpage/2026-01-21/00aa9ef4-7c07-468c-9236-87bf6e7b4532.PDF,2026-09-05T13:14:49.341063+00:00,b1a54b355db13029e80d697ad6e2dc41debe7bb1a4347ec4011dd4b2a6a95b50,181538.0,success,,600000000.0,23953928.0,0.0399,,"报告期末基金份额总额 600,000,000.00 份；本期可供分配金额 23,953,928.00 元；单位可供分配金额 0.0399 元/份"
SZSE_1225129686,180701,2026-04-21,2026-03-31,quarterly_report,False,银华绍兴原水水利REIT：银华绍兴原水水利封闭式基础设施证券投资基金2026年第1季度报告,https://disc.static.szse.cn/disc/disk03/finalpage/2026-04-21/586d1e32-be84-4474-80fb-4941c066f85b.PDF,2026-09-05T13:14:49.358026+00:00,3cd07d341206f7bf87601ecbfb20cd16aa01f08d2c3ce06ee6381604fb34b1be,199189.0,success,,600000000.0,6336779.94,0.0106,,"报告期末基金份额总额 600,000,000.00 份；本期可供分配金额 6,336,779.94 元；单位可供分配金额 0.0106 元/份"
SZSE_1225431044,180701,2026-07-20,2026-06-30,quarterly_report,False,银华绍兴原水水利REIT：银华绍兴原水水利封闭式基础设施证券投资基金2026年第2季度报告,https://disc.static.szse.cn/disc/disk03/finalpage/2026-07-20/621f9955-18ab-4c70-8f7f-945a15dd22f0.PDF,2026-09-05T13:14:49.361716+00:00,c51111c5eafea86d81c91f3ee711c5ec3ead255bda0f634a175d2c2cff4099a6,200783.0,success,,600000000.0,18650363.79,0.0311,,"报告期末基金份额总额 600,000,000.00 份；本期可供分配金额 18,650,363.79 元；单位可供分配金额 0.0311 元/份"
SZSE_1211399501,180801,2021-10-27,2021-09-30,quarterly_report,False,中航首钢绿能REIT：中航首钢生物质封闭式基础设施证券投资基金2021年第3季度报告,https://disc.static.szse.cn/disc/disk02/finalpage/2021-10-27/d730bf2f-0ece-4455-a8eb-1f8b87596671.PDF,2026-09-05T13:14:49.435996+00:00,2e5261b41d56e1e72753dd76b53b6a1211e670bf86d9f5c55887bdc872e64e9f,504479.0,success,,100000000.0,42855935.56,0.4286,,"报告期末基金份额总额 100,000,000.00 份；本期可供分配金额 42,855,935.56 元；单位可供分配金额 0.4286 元/份"
SZSE_1212239475,180801,2022-01-22,2021-12-31,quarterly_report,False,中航首钢绿能REIT：中航首钢生物质封闭式基础设施证券投资基金2021年第4季度报告,https://disc.static.szse.cn/disc/disk03/finalpage/2022-01-22/d896fdc1-15bb-4390-acd9-07ba15c710d3.PDF,2026-09-05T13:14:49.464617+00:00,e54135e9c528e7721a705c5c5745e1f4d3b5f90d058f5fe4d0cb155842bce775,442290.0,success,,100000000.0,51015034.65,0.5102,,"报告期末基金份额总额 100,000,000.00 份；本期可供分配金额 51,015,034.65 元；单位可供分配金额 0.5102 元/份"
SZSE_1213002654,180801,2022-04-21,2022-03-31,quarterly_report,False,中航首钢绿能REIT：中航首钢生物质封闭式基础设施证券投资基金2022年第1季度报告,https://disc.static.szse.cn/disc/disk03/finalpage/2022-04-20/237b5f08-8b73-4973-ab1c-e6140c43a1e0.PDF,2026-09-05T13:14:49.496756+00:00,53e7977a35eb71e68b2a4c29dc33577a7fab50ad0147eea6617811d0aa6b5b97,420896.0,success,,100000000.0,23190094.26,0.2319,,"报告期末基金份额总额 100,000,000.00 份；本期可供分配金额 23,190,094.26 元；单位可供分配金额 0.2319 元/份"
SZSE_1214094462,180801,2022-07-21,2022-06-30,quarterly_report,False,中航首钢绿能REIT：中航首钢生物质封闭式基础设施证券投资基金2022年第2季度报告,https://disc.static.szse.cn/disc/disk03/finalpage/2022-07-20/3d2746f9-fceb-4541-b4ef-cc5392ceb214.PDF,2026-09-05T13:14:49.499031+00:00,42522c5d456060a2f4a77a854092e835ccd7d42e75ad7f0c8b7872856a1eb2ea,467705.0,success,,100000000.0,15868137.58,0.1587,,"报告期末基金份额总额 100,000,000.00 份；本期可供分配金额 15,868,137.58 元；单位可供分配金额 0.1587 元/份"
SZSE_1214440620,180801,2022-08-30,2022-06-30,semiannual_report,False,中航首钢绿能REIT：中航首钢生物质封闭式基础设施证券投资基金2022年中期报告,https://disc.static.szse.cn/disc/disk03/finalpage/2022-08-29/92fd1ac1-c5bb-41df-b735-ef84e991e9dc.PDF,2026-09-05T13:14:49.515898+00:00,de5cb1db434ea8aba3d890cb96b4f2ac99ddd83bf357cd64b97f7162f064f0e2,1780742.0,success,,100000000.0,39058231.84,0.3906,11.143,"报告期末基金份额总额 100,000,000.00 份；本期可供分配金额 39,058,231.84 元；单位可供分配金额 0.3906 元/份"
SZSE_1214879233,180801,2022-10-25,2022-09-30,quarterly_report,False,中航首钢绿能REIT：中航首钢生物质封闭式基础设施证券投资基金2022年第3季度报告,https://disc.static.szse.cn/disc/disk03/finalpage/2022-10-24/ad444c39-ff9b-49e2-92e1-d5576645cf10.PDF,2026-09-05T13:14:49.516605+00:00,baea98355385da047637ca648f3ac048ef93e83b438baad5cc9fbaa21b8d99ab,562728.0,success,,100000000.0,10787677.03,0.1079,,"报告期末基金份额总额 100,000,000.00 份；本期可供分配金额 10,787,677.03 元；单位可供分配金额 0.1079 元/份"
SZSE_1215663575,180801,2023-01-20,2022-12-31,quarterly_report,False,中航首钢绿能REIT：中航首钢生物质封闭式基础设施证券投资基金2022年第4季度报告,https://disc.static.szse.cn/disc/disk03/finalpage/2023-01-19/ff0bd328-b8e9-43a8-9f19-ee5c53cfa0a9.PDF,2026-09-05T13:14:49.599351+00:00,4ce094145d01dc8ec7e9904f6cfa0183873526d11fa63e8e5a0feeb6ddba7829,472304.0,success,,100000000.0,87572609.37,0.8757,,"报告期末基金份额总额 100,000,000.00 份；本期可供分配金额 87,572,609.37 元；单位可供分配金额 0.8757 元/份"
SZSE_1216486943,180801,2023-04-21,2023-03-31,quarterly_report,False,中航首钢绿能REIT：中航首钢生物质封闭式基础设施证券投资基金2023年第1季度报告,https://disc.static.szse.cn/disc/disk03/finalpage/2023-04-20/279780a1-6e99-4e90-8360-d190b42ed679.PDF,2026-09-05T13:14:49.617827+00:00,e59c1732681c2575b849214870c5551e13aef42d075b4eb5c41e736a1c1e3f5d,558861.0,success,,100000000.0,38111412.4,0.3811,,"报告期末基金份额总额 100,000,000.00 份；本期可供分配金额 38,111,412.40 元；单位可供分配金额 0.3811 元/份"
SZSE_1217331605,180801,2023-07-20,2023-06-30,quarterly_report,False,中航首钢绿能REIT：中航首钢生物质封闭式基础设施证券投资基金2023年第2季度报告,https://disc.static.szse.cn/disc/disk03/finalpage/2023-07-19/a054d271-4afa-4f68-9b4b-804e6aa3f30c.PDF,2026-09-05T13:14:49.674487+00:00,52396a6bfc87a16d94fcc0241b6247cbc4712b910f59ed54699331c391009d77,549640.0,success,,100000000.0,11067162.13,0.1107,,"报告期末基金份额总额 100,000,000.00 份；本期可供分配金额 11,067,162.13 元；单位可供分配金额 0.1107 元/份"
SZSE_1217670457,180801,2023-08-29,2023-06-30,semiannual_report,False,中航首钢绿能REIT：中航首钢生物质封闭式基础设施证券投资基金2023年中期报告,https://disc.static.szse.cn/disc/disk03/finalpage/2023-08-28/17a15081-f041-42f0-ada3-1f068be7fbcb.PDF,2026-09-05T13:14:49.675326+00:00,e557d9e8eedfcf22f364131ca309c88f4015015e9a4f74f4186271286e608a93,1787725.0,success,,100000000.0,49178574.53,0.4918,10.1308,"报告期末基金份额总额 100,000,000.00 份；本期可供分配金额 49,178,574.53 元；单位可供分配金额 0.4918 元/份"
SZSE_1218121683,180801,2023-10-24,2023-09-30,quarterly_report,False,中航首钢绿能REIT：中航首钢生物质封闭式基础设施证券投资基金2023年第3季度报告,https://disc.static.szse.cn/disc/disk03/finalpage/2023-10-24/1f10bcae-ef39-44c7-81d0-6d0dbb1be7fd.PDF,2026-09-05T13:14:49.716229+00:00,25a812e9a52295bf4d0c39e7425f32cf61e36c738c9f5f7d8002df577985c634,556733.0,success,,100000000.0,13766193.75,0.1377,,"报告期末基金份额总额 100,000,000.00 份；本期可供分配金额 13,766,193.75 元；单位可供分配金额 0.1377 元/份"
SZSE_1218943063,180801,2024-01-19,2023-12-31,quarterly_report,False,中航首钢绿能REIT：中航首钢生物质封闭式基础设施证券投资基金2023年第4季度报告,https://disc.static.szse.cn/disc/disk03/finalpage/2024-01-18/e04699f3-2d17-4561-acfb-bf8d794dc7cd.PDF,2026-09-05T13:14:49.807976+00:00,89cb9bd1628846b88c75d386190adf27bbee94edc3dcc4cc4a9ba4d6058df1fc,557251.0,success,,100000000.0,44337220.16,0.4434,,"报告期末基金份额总额 100,000,000.00 份；本期可供分配金额 44,337,220.16 元；单位可供分配金额 0.4434 元/份"
SZSE_1219689248,180801,2024-04-20,2024-03-31,quarterly_report,False,中航首钢绿能REIT：中航首钢生物质封闭式基础设施证券投资基金2024年第1季度报告,https://disc.static.szse.cn/disc/disk03/finalpage/2024-04-19/39fb8988-f797-46f7-bbec-b773325d39fa.PDF,2026-09-05T13:14:49.875387+00:00,165494c8623714284eb18f2d2d4c37a243d6f7c82459af3e5314ed29031b73ea,641516.0,success,,100000000.0,12653355.33,0.1265,,"报告期末基金份额总额 100,000,000.00 份；本期可供分配金额 12,653,355.33 元；单位可供分配金额 0.1265 元/份"
SZSE_1220663053,180801,2024-07-18,2024-06-30,quarterly_report,False,中航首钢绿能REIT：中航首钢生物质封闭式基础设施证券投资基金2024年第2季度报告,https://disc.static.szse.cn/disc/disk03/finalpage/2024-07-17/81b398f2-6346-41e3-a229-0f076ff557de.PDF,2026-09-05T13:14:49.915685+00:00,f5e7711aba91ba4231b3e55668e43d39f7f3e532ab0d3d6391a9c05668fb75ff,564926.0,success,,100000000.0,21164451.82,0.2116,,"报告期末基金份额总额 100,000,000.00 份；本期可供分配金额 21,164,451.82 元；单位可供分配金额 0.2116 元/份"
SZSE_1221050234,180801,2024-08-30,2024-06-30,semiannual_report,False,中航首钢绿能REIT：中航首钢生物质封闭式基础设施证券投资基金2024年中期报告,https://disc.static.szse.cn/disc/disk03/finalpage/2024-08-29/fc8b1456-5120-41d8-bef1-d454dbb06f8c.PDF,2026-09-05T13:14:49.918642+00:00,f64ab2984ba86d5df3f122a7a5828ec4caa9589e104e1a758bb5971cb4af6137,1829649.0,success,,100000000.0,33855162.5,0.3386,9.5581,"报告期末基金份额总额 100,000,000.00 份；本期可供分配金额 33,855,162.50 元；单位可供分配金额 0.3386 元/份"
SZSE_1221486926,180801,2024-10-24,2024-09-30,quarterly_report,False,中航首钢绿能REIT：中航首钢生物质封闭式基础设施证券投资基金2024年第3季度报告,https://disc.static.szse.cn/disc/disk03/finalpage/2024-10-23/01824b87-dde6-4426-a18a-4278767075d7.PDF,2026-09-05T13:14:49.928642+00:00,edcfc7076d87909d23a09f9c5c26df1a50a799c0fbdf93b5d4835921e24ee0d5,555329.0,success,,100000000.0,7786082.26,0.0779,,"报告期末基金份额总额 100,000,000.00 份；本期可供分配金额 7,786,082.26 元；单位可供分配金额 0.0779 元/份"
SZSE_1222379166,180801,2025-01-21,2024-12-31,quarterly_report,False,中航首钢绿能REIT：中航首钢生物质封闭式基础设施证券投资基金2024年第4季度报告,https://disc.static.szse.cn/disc/disk03/finalpage/2025-01-20/4000f504-4146-424c-8eb9-df899a242113.PDF,2026-09-05T13:14:49.996311+00:00,bbd94443cfafdc0a873762e02778a092a244018698ba3ca39a9d9b58ab6471cd,687443.0,success,,100000000.0,33846924.45,0.3385,,"报告期末基金份额总额 100,000,000.00 份；本期可供分配金额 33,846,924.45 元；单位可供分配金额 0.3385 元/份"
SZSE_1223185196,180801,2025-04-22,2025-03-31,quarterly_report,False,中航首钢绿能REIT：中航首钢生物质封闭式基础设施证券投资基金2025年第1季度报告,https://disc.static.szse.cn/disc/disk03/finalpage/2025-04-21/cda518ed-53d0-4864-b790-0aebb485d0a5.PDF,2026-09-05T13:14:50.042557+00:00,0fd3439cec75820a8b29ad52396b8ebc3b8a3a954db509a46a30c3abed122f94,739557.0,success,,100000000.0,13641406.14,0.14,,"报告期末基金份额总额 100,000,000.00 份；本期可供分配金额 13,641,406.14 元；单位可供分配金额 0.14 元/份"
SZSE_1224214988,180801,2025-07-21,2025-06-30,quarterly_report,False,中航首钢绿能REIT：中航首钢生物质封闭式基础设施证券投资基金2025年第2季度报告,https://disc.static.szse.cn/disc/disk03/finalpage/2025-07-18/f0136e74-e9e2-4e8f-87a3-9ae9e4ba1992.PDF,2026-09-05T13:14:50.069467+00:00,94b7c7c6c0e7ec3d1bbf2c45856dc3a32134c68d2e411ce046488999b75375b5,663955.0,success,,100000000.0,15760571.74,0.1576,,"报告期末基金份额总额 100,000,000.00 份；本期可供分配金额 15,760,571.74 元；单位可供分配金额 0.1576 元/份"
SZSE_1224624987,180801,2025-08-30,2025-06-30,semiannual_report,False,中航首钢绿能REIT：中航首钢生物质封闭式基础设施证券投资基金2025年中期报告,https://disc.static.szse.cn/disc/disk03/finalpage/2025-08-30/7ec2ecee-1a6c-4c10-854f-e8432c3dac75.PDF,2026-09-05T13:14:50.116569+00:00,7c359395ea00dc5a66b071b042a8f30bea54989183e990f1eeb2a39680d99a2d,552161.0,success,,100000000.0,29403052.86,0.294,9.1749,"报告期末基金份额总额 100,000,000.00 份；本期可供分配金额 29,403,052.86 元；单位可供分配金额 0.2940 元/份"
SZSE_1224737245,180801,2025-10-27,2025-09-30,quarterly_report,False,中航首钢绿能REIT：中航首钢生物质封闭式基础设施证券投资基金2025年第3季度报告,https://disc.static.szse.cn/disc/disk03/finalpage/2025-10-27/13b8e3fd-c8be-440d-9d8b-386662968974.PDF,2026-09-05T13:14:50.155100+00:00,9a10dddd478d4f62a62f782f8164d6a49857d2fc38a7e83c1f353a9062a347b9,212611.0,success,,100000000.0,15369980.25,0.1537,,"报告期末基金份额总额 100,000,000.00 份；本期可供分配金额 15,369,980.25 元；单位可供分配金额 0.1537 元/份"
SZSE_1224944446,180801,2026-01-22,2025-12-31,quarterly_report,False,中航首钢绿能REIT：中航首钢生物质封闭式基础设施证券投资基金2025年第4季度报告,https://disc.static.szse.cn/disc/disk03/finalpage/2026-01-22/cb16587d-41f0-4931-bb83-70e9bab2718b.PDF,2026-09-05T13:14:50.291737+00:00,b9ae66749e8315a740d3abde0e357758e3aba53460cd502e8348206e4987658b,220295.0,success,,100000000.0,28781179.51,0.2878,,"报告期末基金份额总额 100,000,000.00 份；本期可供分配金额 28,781,179.51 元；单位可供分配金额 0.2878 元/份"
SZSE_1225141038,180801,2026-04-22,2026-03-31,quarterly_report,False,中航首钢绿能REIT：中航首钢生物质封闭式基础设施证券投资基金2026年第1季度报告,https://disc.static.szse.cn/disc/disk03/finalpage/2026-04-22/425d9c79-9241-4ec8-9ad3-1264f06cea4f.PDF,2026-09-05T13:14:50.304370+00:00,74f9d61ba4e924d9386e636bec7bbde57c8edd7009c91c8ab840597a24fe7d2d,200692.0,success,,100000000.0,10928389.28,0.1093,,"报告期末基金份额总额 100,000,000.00 份；本期可供分配金额 10,928,389.28 元；单位可供分配金额 0.1093 元/份"
SZSE_1225432899,180801,2026-07-21,2026-06-30,quarterly_report,False,中航首钢绿能REIT：中航首钢生物质封闭式基础设施证券投资基金2026年第2季度报告,https://disc.static.szse.cn/disc/disk03/finalpage/2026-07-21/744c9eac-ece8-4e3d-a03d-3542098aee62.PDF,2026-09-05T13:14:50.338747+00:00,fdf2e540e8ebcfb590c63be3bb23227f1e8068bfa8dd4c74d4b857f93c42743d,229822.0,success,,100000000.0,10569137.16,0.1057,,"报告期末基金份额总额 100,000,000.00 份；本期可供分配金额 10,569,137.16 元；单位可供分配金额 0.1057 元/份"
SZSE_1224745378,180901,2025-10-28,2025-09-30,quarterly_report,False,南方润泽科技数据中心REIT：南方润泽科技数据中心封闭式基础设施证券投资基金2025年第3季度报告,https://disc.static.szse.cn/disc/disk03/finalpage/2025-10-28/ebd62d86-dbe8-4379-b685-1c2a267d2296.PDF,2026-09-05T13:14:50.339473+00:00,f4ea375471d3fb70bd91d3df28746790be68e088a64038b89131d6a906a07de5,215387.0,success,,1000000000.0,50164702.47,0.0502,,"报告期末基金份额总额 1,000,000,000.00 份；本期可供分配金额 50,164,702.47 元；单位可供分配金额 0.0502 元/份"
SZSE_1224944646,180901,2026-01-22,2025-12-31,quarterly_report,False,南方润泽科技数据中心REIT：南方润泽科技数据中心封闭式基础设施证券投资基金2025年第4季度报告,https://disc.static.szse.cn/disc/disk03/finalpage/2026-01-22/16aca671-d92b-4cb5-ad09-9bce88eea123.PDF,2026-09-05T13:14:50.402766+00:00,37654ee063d7d9976fb15d17c47a4b02bea976885224fe4788b42a2564ef24d4,212065.0,success,,1000000000.0,165333414.33,0.1653,,"报告期末基金份额总额 1,000,000,000.00 份；本期可供分配金额 165,333,414.33 元；单位可供分配金额 0.1653 元/份"
SZSE_1225138235,180901,2026-04-22,2026-03-31,quarterly_report,False,南方润泽科技数据中心REIT：南方润泽科技数据中心封闭式基础设施证券投资基金2026年第1季度报告,https://disc.static.szse.cn/disc/disk03/finalpage/2026-04-22/8539213f-0df0-4dc3-a17a-1af1324f5ed8.PDF,2026-09-05T13:14:50.424000+00:00,c68719096ce379e88c510ca899683400eabcb7fa93dbe913f7c3b7f191ca8c15,216778.0,success,,1000000000.0,60398531.0,0.0604,,"报告期末基金份额总额 1,000,000,000.00 份；本期可供分配金额 60,398,531.00 元；单位可供分配金额 0.0604 元/份"
SZSE_1225434193,180901,2026-07-21,2026-06-30,quarterly_report,False,南方润泽科技数据中心REIT：南方润泽科技数据中心封闭式基础设施证券投资基金2026年第2季度报告,https://disc.static.szse.cn/disc/disk03/finalpage/2026-07-21/0fce6b0b-a3f4-411e-878c-1115d6ca504f.PDF,2026-09-05T13:14:50.431025+00:00,,,failed,403 Client Error: Forbidden for url: https://disc.static.szse.cn/disc/disk03/finalpage/2026-07-21/0fce6b0b-a3f4-411e-878c-1115d6ca504f.PDF,,,,,
SSE_508000_20211027_1_7CQIhwR3,508000,2021-10-27,2021-09-30,quarterly_report,False,华安张江光大园封闭式基础设施证券投资基金2021年第3季度报告,https://www.sse.com.cn/disclosure/fund/announcement/c/new/2021-10-27/508000_20211027_1_7CQIhwR3.pdf,2026-09-05T13:14:50.457057+00:00,cd42548025ea79d08a1a8b1469954e6b8c5e48df17c1e41073e3b7e3dd6b74e0,297862.0,success,,500000000.0,15535458.56,0.0311,,"报告期末基金份额总额 500,000,000.00 份；本期可供分配金额 15,535,458.56 元；单位可供分配金额 0.0311 元/份"
SSE_508000_20220121_1_oqOxAXhH,508000,2022-01-21,2021-12-31,quarterly_report,False,华安张江光大园封闭式基础设施证券投资基金2021年第4季度报告,https://www.sse.com.cn/disclosure/fund/announcement/c/new/2022-01-21/508000_20220121_1_oqOxAXhH.pdf,2026-09-05T13:14:50.488060+00:00,8013ab84cd02bdaacab20097e6f6d9ed332cce92e7e05c2a581e542dd6576daf,305265.0,success,,500000000.0,20426527.97,0.0409,,"报告期末基金份额总额 500,000,000.00 份；本期可供分配金额 20,426,527.97 元；单位可供分配金额 0.0409 元/份"
SSE_508000_20220421_1_M2cxZBX8,508000,2022-04-21,2022-03-31,quarterly_report,False,华安张江光大园封闭式基础设施证券投资基金2022年第1季度报告,https://www.sse.com.cn/disclosure/fund/announcement/c/new/2022-04-21/508000_20220421_1_M2cxZBX8.pdf,2026-09-05T13:14:50.491419+00:00,69c8f9c6aedee43e5cb926412c541df3ba4e2db22e32a97661269ffded8adf1b,330773.0,success,,500000000.0,16994055.28,0.034,,"报告期末基金份额总额 500,000,000.00 份；本期可供分配金额 16,994,055.28 元；单位可供分配金额 0.0340 元/份"
SSE_508000_20220720_1_0cdnOdej,508000,2022-07-20,2022-06-30,quarterly_report,False,华安张江光大园封闭式基础设施证券投资基金2022年第2季度报告,https://www.sse.com.cn/disclosure/fund/announcement/c/new/2022-07-20/508000_20220720_1_0cdnOdej.pdf,2026-09-05T13:14:50.513563+00:00,546a1517b2f1c03841ec4b4b22a77b240492c5bef76d689ac9d68f21a54b0cd7,328445.0,success,,500000000.0,16577520.26,0.0332,,"报告期末基金份额总额 500,000,000.00 份；本期可供分配金额 16,577,520.26 元；单位可供分配金额 0.0332 元/份"
SSE_508000_20220830_1_7aA537Y3,508000,2022-08-30,2022-06-30,semiannual_report,False,华安张江光大园封闭式基础设施证券投资基金2022年中期报告,https://www.sse.com.cn/disclosure/fund/announcement/c/new/2022-08-30/508000_20220830_1_7aA537Y3.pdf,2026-09-05T13:14:50.535757+00:00,c8ac251468de34a8791c174aab4e0e6d49141a2a7e3ab7247185a80fbb746f9a,1519974.0,success,,500000000.0,33571575.53,0.0671,2.859,"报告期末基金份额总额 500,000,000.00 份；本期可供分配金额 33,571,575.53 元；单位可供分配金额 0.0671 元/份"
SSE_508000_20221025_1_27IWah4O,508000,2022-10-25,2022-09-30,quarterly_report,False,华安张江光大园封闭式基础设施证券投资基金2022年第3季度报告,https://www.sse.com.cn/disclosure/fund/announcement/c/new/2022-10-25/508000_20221025_1_27IWah4O.pdf,2026-09-05T13:14:50.588420+00:00,61b633a44eb6e725c86285df4c28bc54ce8174ec83a6fd0cc308474fdf5f7fe2,340544.0,success,,500000000.0,16889444.85,0.0338,,"报告期末基金份额总额 500,000,000.00 份；本期可供分配金额 16,889,444.85 元；单位可供分配金额 0.0338 元/份"
SSE_508000_20230120_N00T,508000,2023-01-20,2022-12-31,quarterly_report,False,华安张江光大园封闭式基础设施证券投资基金2022年第4季度报告,https://www.sse.com.cn/disclosure/fund/announcement/c/new/2023-01-20/508000_20230120_N00T.pdf,2026-09-05T13:14:50.642028+00:00,a3777641b31cdf484f284e0f5818baa6b7ea508dd47d7c0af58a02f634342ad4,271629.0,success,,500000000.0,12011749.92,0.024,,"报告期末基金份额总额 500,000,000.00 份；本期可供分配金额 12,011,749.92 元；单位可供分配金额 0.0240 元/份"
SSE_508000_20230421_6JCG,508000,2023-04-21,2023-03-31,quarterly_report,False,华安张江光大园封闭式基础设施证券投资基金2023年第1季度报告,https://www.sse.com.cn/disclosure/fund/announcement/c/new/2023-04-21/508000_20230421_6JCG.pdf,2026-09-05T13:14:50.677634+00:00,6b0206833ed2396da7067485780bb4831166f00dcdc54edf9e556f9a9952e72c,339731.0,success,,500000000.0,14733849.55,0.0295,,"报告期末基金份额总额 500,000,000.00 份；本期可供分配金额 14,733,849.55 元；单位可供分配金额 0.0295 元/份"
SSE_508000_20230720_DGZB,508000,2023-07-20,2023-06-30,quarterly_report,False,华安张江产业园封闭式基础设施证券投资基金2023年第2季度报告,https://www.sse.com.cn/disclosure/fund/announcement/c/new/2023-07-20/508000_20230720_DGZB.pdf,2026-09-05T13:14:50.702765+00:00,bf396ade55db79432c3034fcf1780fb6dbc632642bff4b2ccc113dc0657e8110,461183.0,success,,960326121.0,17351658.84,0.0181,,"报告期末基金份额总额 960,326,121.00 份；本期可供分配金额 17,351,658.84 元；单位可供分配金额 0.0181 元/份"
SSE_508000_20230830_PBGO,508000,2023-08-30,2023-06-30,semiannual_report,False,华安张江产业园封闭式基础设施证券投资基金2023年中期报告,https://www.sse.com.cn/disclosure/fund/announcement/c/new/2023-08-30/508000_20230830_PBGO.pdf,2026-09-05T13:14:50.786975+00:00,90a593e20b49e6749f3f37e15532e19a839c367d65f8f220a6869babf3ad3cae,2122894.0,success,,960326121.0,32102002.48,0.0334,2.9836,"报告期末基金份额总额 960,326,121.00 份；本期可供分配金额 32,102,002.48 元；单位可供分配金额 0.0334 元/份"
SSE_508000_20231024_O5V7,508000,2023-10-24,2023-09-30,quarterly_report,False,华安张江产业园封闭式基础设施证券投资基金2023年第3季度报告,https://www.sse.com.cn/disclosure/fund/announcement/c/new/2023-10-24/508000_20231024_O5V7.pdf,2026-09-05T13:14:50.833905+00:00,3f3cfeb77dc75d65c364dc6d3fce4751fe920249e0bce4676059601f7a0c6656,439336.0,success,,960326121.0,31531811.79,0.0328,,"报告期末基金份额总额 960,326,121.00 份；本期可供分配金额 31,531,811.79 元；单位可供分配金额 0.0328 元/份"
SSE_508000_20240119_TP32,508000,2024-01-19,2023-12-31,quarterly_report,False,华安张江产业园封闭式基础设施证券投资基金2023年第4季度报告,https://www.sse.com.cn/disclosure/fund/announcement/c/new/2024-01-19/508000_20240119_TP32.pdf,2026-09-05T13:14:50.836258+00:00,44f4a7cf71c41466ba461e7d27558aa60ef52b258844544790c6353b1b45e6e9,306477.0,success,,960326121.0,33458040.14,0.0348,,"报告期末基金份额总额 960,326,121.00 份；本期可供分配金额 33,458,040.14 元；单位可供分配金额 0.0348 元/份"
SSE_508000_20240422_X63Y,508000,2024-04-22,2024-03-31,quarterly_report,False,华安张江产业园封闭式基础设施证券投资基金2024年第1季度报告,https://www.sse.com.cn/disclosure/fund/announcement/c/new/2024-04-22/508000_20240422_X63Y.pdf,2026-09-05T13:14:50.859545+00:00,2e0313071671ac8916946d6380174a972e17e7783ea80a4fee1d3faaa202464a,601443.0,success,,960326121.0,32833282.69,0.0342,,"报告期末基金份额总额 960,326,121.00 份；本期可供分配金额 32,833,282.69 元；单位可供分配金额 0.0342 元/份"
SSE_508000_20240719_K7J6,508000,2024-07-19,2024-06-30,quarterly_report,False,华安张江产业园封闭式基础设施证券投资基金2024年第2季度报告,https://www.sse.com.cn/disclosure/fund/announcement/c/new/2024-07-19/508000_20240719_K7J6.pdf,2026-09-05T13:14:50.903018+00:00,91dfc3fd7a52f7956a0b11949889f5f8d7b59721018ee066c88de14ac8b03569,584527.0,success,,960326121.0,29410250.46,0.0306,,"报告期末基金份额总额 960,326,121.00 份；本期可供分配金额 29,410,250.46 元；单位可供分配金额 0.0306 元/份"
SSE_508000_20240831_7WKP,508000,2024-08-31,2024-06-30,semiannual_report,False,华安张江产业园封闭式基础设施证券投资基金2024年中期报告,https://www.sse.com.cn/disclosure/fund/announcement/c/new/2024-08-31/508000_20240831_7WKP.pdf,2026-09-05T13:14:51.152995+00:00,9e5519c4d1c1a97e4c8b83e4bec9d30c0eef5dbb912f8e91e2f4c2e123ffda4a,2129992.0,success,,960326121.0,62243533.15,0.0648,2.8928,"报告期末基金份额总额 960,326,121.00 份；本期可供分配金额 62,243,533.15 元；单位可供分配金额 0.0648 元/份"
SSE_508000_20241025_0UBY,508000,2024-10-25,2024-09-30,quarterly_report,False,华安张江产业园封闭式基础设施证券投资基金2024年第3季度报告,https://www.sse.com.cn/disclosure/fund/announcement/c/new/2024-10-25/508000_20241025_0UBY.pdf,2026-09-05T13:14:51.153504+00:00,f53526a2f24759717997290eb15641b382185d614b3592089cb33a13700a9d10,575744.0,success,,960326121.0,30612658.02,0.0319,,"报告期末基金份额总额 960,326,121.00 份；本期可供分配金额 30,612,658.02 元；单位可供分配金额 0.0319 元/份"
SSE_508000_20250122_JIDJ,508000,2025-01-22,2024-12-31,quarterly_report,False,华安张江产业园封闭式基础设施证券投资基金2024年第4季度报告,https://www.sse.com.cn/disclosure/fund/announcement/c/new/2025-01-22/508000_20250122_JIDJ.pdf,2026-09-05T13:14:51.255653+00:00,26b8e3244ddb814ec3bdb5eac15df9ccd0b01a27ff5d69d1ca8c96013d5bc426,686871.0,success,,960326121.0,27169150.1,0.0283,,"报告期末基金份额总额 960,326,121.00 份；本期可供分配金额 27,169,150.10 元；单位可供分配金额 0.0283 元/份"
SSE_508000_20250422_T6JV,508000,2025-04-22,2025-03-31,quarterly_report,False,华安张江产业园封闭式基础设施证券投资基金2025年第1季度报告,https://www.sse.com.cn/disclosure/fund/announcement/c/new/2025-04-22/508000_20250422_T6JV.pdf,2026-09-05T13:14:51.263808+00:00,32a0ba00fab9a7c6f8838248a028f8270a5afacacf0ba0b1ffc9e9990b664d89,691922.0,success,,960326121.0,32195466.97,0.0335,,"报告期末基金份额总额 960,326,121.00 份；本期可供分配金额 32,195,466.97 元；单位可供分配金额 0.0335 元/份"
SSE_508000_20250721_5YJU,508000,2025-07-21,2025-06-30,quarterly_report,False,华安张江产业园封闭式基础设施证券投资基金2025年第2季度报告,https://www.sse.com.cn/disclosure/fund/announcement/c/new/2025-07-21/508000_20250721_5YJU.pdf,2026-09-05T13:14:51.403884+00:00,a15e0b59f85eb8a086d7c0466602415550a9429be0c6c88cddd78b8d75f68991,703001.0,success,,960326121.0,27809202.18,0.029,,"报告期末基金份额总额 960,326,121.00 份；本期可供分配金额 27,809,202.18 元；单位可供分配金额 0.0290 元/份"
SSE_508000_20250830_ZSUN,508000,2025-08-30,2025-06-30,semiannual_report,False,华安张江产业园封闭式基础设施证券投资基金2025年中期报告,https://www.sse.com.cn/disclosure/fund/announcement/c/new/2025-08-30/508000_20250830_ZSUN.pdf,2026-09-05T13:14:51.410454+00:00,448d11d6e4b544fdb6368e9a4d81fade6a39cd594fe5685af64cd4a4396f436c,2380180.0,success,,960326121.0,60004669.15,0.0625,2.7275,"报告期末基金份额总额 960,326,121.00 份；本期可供分配金额 60,004,669.15 元；单位可供分配金额 0.0625 元/份"
SSE_508000_20251028_D08D,508000,2025-10-28,2025-09-30,quarterly_report,False,华安张江产业园封闭式基础设施证券投资基金2025年第3季度报告,https://www.sse.com.cn/disclosure/fund/announcement/c/new/2025-10-28/508000_20251028_D08D.pdf,2026-09-05T13:14:51.586780+00:00,3549e891bd171d0dc07d24011b0c2b310145eaaf0f16a5b8bfe536fbae9a6286,226523.0,success,,960326121.0,25183170.1,0.0262,,"报告期末基金份额总额 960,326,121.00 份；本期可供分配金额 25,183,170.10 元；单位可供分配金额 0.0262 元/份"
SSE_508000_20260122_1UIN,508000,2026-01-22,2025-12-31,quarterly_report,False,华安张江产业园封闭式基础设施证券投资基金2025年第4季度报告,https://www.sse.com.cn/disclosure/fund/announcement/c/new/2026-01-22/508000_20260122_1UIN.pdf,2026-09-05T13:14:51.597443+00:00,ccaf9ef5329049cc4cd97e17e221367a8b79fe4069f122da73663a397956866b,223721.0,success,,960326121.0,27497815.25,0.0286,,"报告期末基金份额总额 960,326,121.00 份；本期可供分配金额 27,497,815.25 元；单位可供分配金额 0.0286 元/份"
SSE_508000_20260422_IFUQ,508000,2026-04-22,2026-03-31,quarterly_report,False,华安张江产业园封闭式基础设施证券投资基金2026年第1季度报告,https://www.sse.com.cn/disclosure/fund/announcement/c/new/2026-04-22/508000_20260422_IFUQ.pdf,2026-09-05T13:14:51.736047+00:00,0bfb2ffbdd8ca65b5da7a8bd3bfa78cc3563914acde6aff638a9582f223cb774,221184.0,success,,960326121.0,25788966.66,0.0269,,"报告期末基金份额总额 960,326,121.00 份；本期可供分配金额 25,788,966.66 元；单位可供分配金额 0.0269 元/份"
SSE_508000_20260721_YU5C,508000,2026-07-21,2026-06-30,quarterly_report,False,华安张江产业园封闭式基础设施证券投资基金2026年第2季度报告,https://www.sse.com.cn/disclosure/fund/announcement/c/new/2026-07-21/508000_20260721_YU5C.pdf,2026-09-05T13:14:51.762086+00:00,da4b4c752740867c836ce1a61abc17869089f8d14c36f9553205ee0de0141129,224935.0,success,,960326121.0,23695441.92,0.0247,,"报告期末基金份额总额 960,326,121.00 份；本期可供分配金额 23,695,441.92 元；单位可供分配金额 0.0247 元/份"
SSE_508001_20220422_1_g6IhJKMN,508001,2022-04-22,2022-03-31,quarterly_report,False,浙商证券沪杭甬杭徽高速封闭式基础设施证券投资基金2022年第一季度报告,https://www.sse.com.cn/disclosure/fund/announcement/c/new/2022-04-22/508001_20220422_1_g6IhJKMN.pdf,2026-09-05T13:14:51.940391+00:00,47afcf1e9b7a19ccfe4ef08743edf907a1e401fc1c270cde64fed8bd7d5b6b47,680738.0,success,,500000000.0,115234419.46,0.2305,,"报告期末基金份额总额 500,000,000.00 份；本期可供分配金额 115,234,419.46 元；单位可供分配金额 0.2305 元/份"
SSE_508001_20220721_1_APUtYZBh,508001,2022-07-21,2022-06-30,quarterly_report,False,浙商证券沪杭甬杭徽高速封闭式基础设施证券投资基金2022年第二季度报告,https://www.sse.com.cn/disclosure/fund/announcement/c/new/2022-07-21/508001_20220721_1_APUtYZBh.pdf,2026-09-05T13:14:51.992412+00:00,490d385febb299edca9208f6628aa25f8e9ef45b6669fa2708ec773c8ad5dba7,688145.0,success,,500000000.0,75023916.9,0.15,,"报告期末基金份额总额 500,000,000.00 份；本期可供分配金额 75,023,916.90 元；单位可供分配金额 0.1500 元/份"
SSE_508001_20220830_1_E3unT2AM,508001,2022-08-30,2022-06-30,semiannual_report,False,浙商证券沪杭甬杭徽高速封闭式基础设施证券投资基金2022年中期报告,https://www.sse.com.cn/disclosure/fund/announcement/c/new/2022-08-30/508001_20220830_1_E3unT2AM.pdf,2026-09-05T13:14:52.009733+00:00,768d2e66f52b1beb345faed68d057d8fdbf8f3dba2e0050c423e481d15603aa8,1706510.0,success,,500000000.0,190258336.36,0.3805,7.526,"报告期末基金份额总额 500,000,000.00 份；本期可供分配金额 190,258,336.36 元；单位可供分配金额 0.3805 元/份"
SSE_508001_20221026_1_9NZWdkEZ,508001,2022-10-26,2022-09-30,quarterly_report,False,浙商证券沪杭甬杭徽高速封闭式基础设施证券投资基金2022年第三季度报告,https://www.sse.com.cn/disclosure/fund/announcement/c/new/2022-10-26/508001_20221026_1_9NZWdkEZ.pdf,2026-09-05T13:14:52.119537+00:00,3321922e5aac758b90b13f0ab0347301c0fcccff2eeef8c1ab52927646e59330,683636.0,success,,500000000.0,104601692.73,0.2092,,"报告期末基金份额总额 500,000,000.00 份；本期可供分配金额 104,601,692.73 元；单位可供分配金额 0.2092 元/份"
SSE_508001_20230120_D5ZD,508001,2023-01-20,2022-12-31,quarterly_report,False,浙商证券沪杭甬杭徽高速封闭式基础设施证券投资基金2022年第四季度报告,https://www.sse.com.cn/disclosure/fund/announcement/c/new/2023-01-20/508001_20230120_D5ZD.pdf,2026-09-05T13:14:52.119908+00:00,cfe172aa32ab48d94aa9dd872ee934ce5f597a94656de1f95cf0dbc5d4d23b3b,681141.0,success,,500000000.0,23830212.38,0.0477,,"报告期末基金份额总额 500,000,000.00 份；本期可供分配金额 23,830,212.38 元；单位可供分配金额 0.0477 元/份"
SSE_508001_20230421_9XG5,508001,2023-04-21,2023-03-31,quarterly_report,False,浙商证券沪杭甬杭徽高速封闭式基础设施证券投资基金2023年第1季度报告,https://www.sse.com.cn/disclosure/fund/announcement/c/new/2023-04-21/508001_20230421_9XG5.pdf,2026-09-05T13:14:52.226615+00:00,43bb2be340402a3b939e0f1e5c9725ed79d41c58e0d6b7085a00947884768e87,684491.0,success,,500000000.0,139460084.24,0.2789,,"报告期末基金份额总额 500,000,000.00 份；本期可供分配金额 139,460,084.24 元；单位可供分配金额 0.2789 元/份"
SSE_508001_20230720_HIF4,508001,2023-07-20,2023-06-30,quarterly_report,False,508001_浙商证券沪杭甬杭徽高速封闭式基础设施证券投资基金2023年第2季度报告,https://www.sse.com.cn/disclosure/fund/announcement/c/new/2023-07-20/508001_20230720_HIF4.pdf,2026-09-05T13:14:52.273913+00:00,9bbe4a7c2187f7d8f552813211a01bc5c12c5f6f85b6919f8188437590e376f5,272088.0,success,,500000000.0,108618753.74,0.2172,,"报告期末基金份额总额 500,000,000.00 份；本期可供分配金额 108,618,753.74 元；单位可供分配金额 0.2172 元/份"
SSE_508001_20230830_RT6I,508001,2023-08-30,2023-06-30,semiannual_report,False,浙商证券沪杭甬杭徽高速封闭式基础设施证券投资基金2023年中期报告,https://www.sse.com.cn/disclosure/fund/announcement/c/new/2023-08-30/508001_20230830_RT6I.pdf,2026-09-05T13:14:52.285445+00:00,631e4f0d00fa630046d8aba57ede6c1283199e648a0b2a64d4a01212de8e9d92,1650569.0,success,,500000000.0,248078837.98,0.4962,6.8556,"报告期末基金份额总额 500,000,000.00 份；本期可供分配金额 248,078,837.98 元；单位可供分配金额 0.4962 元/份"
SSE_508001_20231025_D5SA,508001,2023-10-25,2023-09-30,quarterly_report,False,浙商证券沪杭甬杭徽高速封闭式基础设施证券投资基金2023年第3季度报告,https://www.sse.com.cn/disclosure/fund/announcement/c/new/2023-10-25/508001_20231025_D5SA.pdf,2026-09-05T13:14:52.527559+00:00,b474b2006821e14664c897fadd362c7636a93f3466c9669cff41e659e26424d7,271403.0,success,,500000000.0,148315486.72,0.2966,,"报告期末基金份额总额 500,000,000.00 份；本期可供分配金额 148,315,486.72 元；单位可供分配金额 0.2966 元/份"
SSE_508001_20240120_HA7T,508001,2024-01-20,2023-12-31,quarterly_report,False,浙商证券沪杭甬杭徽高速封闭式基础设施证券投资基金2023年第4季度报告,https://www.sse.com.cn/disclosure/fund/announcement/c/new/2024-01-20/508001_20240120_HA7T.pdf,2026-09-05T13:14:52.569796+00:00,5806ba0c25074e95a476e4e113e5a284d036761416d1a94822116248e85b54df,273270.0,success,,500000000.0,56595052.42,0.1132,,"报告期末基金份额总额 500,000,000.00 份；本期可供分配金额 56,595,052.42 元；单位可供分配金额 0.1132 元/份"
SSE_508001_20240420_94LD,508001,2024-04-20,2024-03-31,quarterly_report,False,浙商证券沪杭甬杭徽高速封闭式基础设施证券投资基金2024年第1季度报告,https://www.sse.com.cn/disclosure/fund/announcement/c/new/2024-04-20/508001_20240420_94LD.pdf,2026-09-05T13:14:52.570519+00:00,021182e0f7962a9424d1346204c0a496cb5eb2c4deb21b2fd07c0e510767242c,269897.0,success,,500000000.0,144995234.97,0.29,,"报告期末基金份额总额 500,000,000.00 份；本期可供分配金额 144,995,234.97 元；单位可供分配金额 0.2900 元/份"
SSE_508001_20240718_S11Z,508001,2024-07-18,2024-06-30,quarterly_report,False,浙商证券沪杭甬杭徽高速封闭式基础设施证券投资基金2024年第2季度报告,https://www.sse.com.cn/disclosure/fund/announcement/c/new/2024-07-18/508001_20240718_S11Z.pdf,2026-09-05T13:14:52.671685+00:00,5daf9e100609027ae43c64d842f157ddf0948e1b9659a2273b63e9876f37bcff,686555.0,success,,500000000.0,68931631.93,0.1379,,"报告期末基金份额总额 500,000,000.00 份；本期可供分配金额 68,931,631.93 元；单位可供分配金额 0.1379 元/份"
SSE_508001_20240830_0IAB,508001,2024-08-30,2024-06-30,semiannual_report,False,浙商证券沪杭甬杭徽高速封闭式基础设施证券投资基金2024年中期报告,https://www.sse.com.cn/disclosure/fund/announcement/c/new/2024-08-30/508001_20240830_0IAB.pdf,2026-09-05T13:14:52.777600+00:00,2ce5bb7cd2a21210fee36168887662383661e9afe1d2a82ebd32a31086323f77,1701082.0,success,,500000000.0,213926866.9,0.4279,6.0616,"报告期末基金份额总额 500,000,000.00 份；本期可供分配金额 213,926,866.90 元；单位可供分配金额 0.4279 元/份"
SSE_508001_20241025_V9XX,508001,2024-10-25,2024-09-30,quarterly_report,False,浙商证券沪杭甬杭徽高速封闭式基础设施证券投资基金2024年第3季度报告,https://www.sse.com.cn/disclosure/fund/announcement/c/new/2024-10-25/508001_20241025_V9XX.pdf,2026-09-05T13:14:52.810674+00:00,901695b11958bfd770001436e656d3cce9135b976d92e57ed29cea6d069309a0,689456.0,success,,500000000.0,127766378.61,0.2555,,"报告期末基金份额总额 500,000,000.00 份；本期可供分配金额 127,766,378.61 元；单位可供分配金额 0.2555 元/份"
SSE_508001_20250122_NNMW,508001,2025-01-22,2024-12-31,quarterly_report,False,浙商证券沪杭甬杭徽高速封闭式基础设施证券投资基金2024年第4季度报告,https://www.sse.com.cn/disclosure/fund/announcement/c/new/2025-01-22/508001_20250122_NNMW.pdf,2026-09-05T13:14:52.812207+00:00,b57b500c6788d1601a72d397a721b35a306bd7648566a79b1917f46b72d8761a,735920.0,success,,500000000.0,88188407.0,0.1764,,"报告期末基金份额总额 500,000,000.00 份；本期可供分配金额 88,188,407.00 元；单位可供分配金额 0.1764 元/份"
SSE_508001_20250422_CN0A,508001,2025-04-22,2025-03-31,quarterly_report,False,浙商证券沪杭甬杭徽高速封闭式基础设施证券投资基金2025年第1季度报告,https://www.sse.com.cn/disclosure/fund/announcement/c/new/2025-04-22/508001_20250422_CN0A.pdf,2026-09-05T13:14:52.835861+00:00,b5fdcce4819c26746bdda70e91b1332f0d180a7febd23450f56aa0bd70bc16e1,708179.0,success,,500000000.0,139963201.17,0.2799,,"报告期末基金份额总额 500,000,000.00 份；本期可供分配金额 139,963,201.17 元；单位可供分配金额 0.2799 元/份"
SSE_508001_20250719_P704,508001,2025-07-19,2025-06-30,quarterly_report,False,浙商证券沪杭甬杭徽高速封闭式基础设施证券投资基金2025年第2季度报告,https://www.sse.com.cn/disclosure/fund/announcement/c/new/2025-07-19/508001_20250719_P704.pdf,2026-09-05T13:14:52.854022+00:00,bf64328c9529c21ef4745604d08e45b66464c04018815767a5b3c29d229aa35e,253711.0,success,,500000000.0,63070558.3,0.1261,,"报告期末基金份额总额 500,000,000.00 份；本期可供分配金额 63,070,558.30 元；单位可供分配金额 0.1261 元/份"
SSE_508001_20250830_ILR0,508001,2025-08-30,2025-06-30,semiannual_report,False,浙商证券沪杭甬杭徽高速封闭式基础设施证券投资基金2025年中期报告,https://www.sse.com.cn/disclosure/fund/announcement/c/new/2025-08-30/508001_20250830_ILR0.pdf,2026-09-05T13:14:53.010197+00:00,8e31df475a9c8e1fe144082a8c8c9948190ba6628db7f3a4066fe80e65d725f9,1613931.0,success,,500000000.0,203033759.47,0.4061,5.2257,"报告期末基金份额总额 500,000,000.00 份；本期可供分配金额 203,033,759.47 元；单位可供分配金额 0.4061 元/份"
SSE_508001_20251028_Z3BS,508001,2025-10-28,2025-09-30,quarterly_report,False,浙商证券沪杭甬杭徽高速封闭式基础设施证券投资基金2025年第3季度报告,https://www.sse.com.cn/disclosure/fund/announcement/c/new/2025-10-28/508001_20251028_Z3BS.pdf,2026-09-05T13:14:53.116804+00:00,9bdb15b353a65fbce778bc6ad201e95bca7fe4eb75b6e4326a713b5cf1f4b191,668248.0,success,,500000000.0,116007823.61,0.232,,"报告期末基金份额总额 500,000,000.00 份；本期可供分配金额 116,007,823.61 元；单位可供分配金额 0.2320 元/份"
SSE_508001_20260122_WHL5,508001,2026-01-22,2025-12-31,quarterly_report,False,浙商证券沪杭甬杭徽高速封闭式基础设施证券投资基金2025年第4季度报告,https://www.sse.com.cn/disclosure/fund/announcement/c/new/2026-01-22/508001_20260122_WHL5.pdf,2026-09-05T13:14:53.125217+00:00,b4107b65e150adf4dbb1c97fb800eeabe20a88c066f4202ac6ecc09fd9baeba9,666587.0,success,,500000000.0,80569294.87,0.1611,,"报告期末基金份额总额 500,000,000.00 份；本期可供分配金额 80,569,294.87 元；单位可供分配金额 0.1611 元/份"
SSE_508001_20260422_KS1D,508001,2026-04-22,2026-03-31,quarterly_report,False,浙商证券沪杭甬杭徽高速封闭式基础设施证券投资基金2026年第1季度报告,https://www.sse.com.cn/disclosure/fund/announcement/c/new/2026-04-22/508001_20260422_KS1D.pdf,2026-09-05T13:14:53.199615+00:00,f45ae3994be72b9c16be2c29526a4a2ddb486ac232843efabe320d57cce5b2b4,227843.0,success,,500000000.0,135973761.85,0.2719,,"报告期末基金份额总额 500,000,000.00 份；本期可供分配金额 135,973,761.85 元；单位可供分配金额 0.2719 元/份"
SSE_508001_20260721_8C22,508001,2026-07-21,2026-06-30,quarterly_report,False,浙商证券沪杭甬杭徽高速封闭式基础设施证券投资基金2026年第2季度报告,https://www.sse.com.cn/disclosure/fund/announcement/c/new/2026-07-21/508001_20260721_8C22.pdf,2026-09-05T13:14:53.201773+00:00,188d7ca02a1f0ad5dfa08d4977248301e9e4468b8d35eff3f162ea22029c0a42,662228.0,success,,500000000.0,54047642.38,0.1081,,"报告期末基金份额总额 500,000,000.00 份；本期可供分配金额 54,047,642.38 元；单位可供分配金额 0.1081 元/份"
SSE_508002_20241025_44Q2,508002,2024-10-25,2024-09-30,quarterly_report,False,华安百联消费封闭式基础设施证券投资基金2024年第3季度报告,https://www.sse.com.cn/disclosure/fund/announcement/c/new/2024-10-25/508002_20241025_44Q2.pdf,2026-09-05T13:14:53.346058+00:00,49abd996dec7bce1fb48186316962a16f7af7af305f437806d8975e4fc60add5,562648.0,success,,1000000000.0,29656953.72,0.0297,,"报告期末基金份额总额 1,000,000,000.00 份；本期可供分配金额 29,656,953.72 元；单位可供分配金额 0.0297 元/份"
SSE_508002_20250122_JD1A,508002,2025-01-22,2024-12-31,quarterly_report,False,华安百联消费封闭式基础设施证券投资基金2024年第4季度报告,https://www.sse.com.cn/disclosure/fund/announcement/c/new/2025-01-22/508002_20250122_JD1A.pdf,2026-09-05T13:14:53.501853+00:00,abbe499ebad717a83a87b4ebc67ea03fe68d735ab76983b5a632f64350bd51ed,625687.0,success,,1000000000.0,33244999.62,0.0332,,"报告期末基金份额总额 1,000,000,000.00 份；本期可供分配金额 33,244,999.62 元；单位可供分配金额 0.0332 元/份"
SSE_508002_20250422_ZDR8,508002,2025-04-22,2025-03-31,quarterly_report,False,华安百联消费封闭式基础设施证券投资基金2025年第1季度报告,https://www.sse.com.cn/disclosure/fund/announcement/c/new/2025-04-22/508002_20250422_ZDR8.pdf,2026-09-05T13:14:53.537945+00:00,c9cee1d69405b6bf820b8e3c7ec3ce36145dc1f14010c77cdb532a576c632008,591087.0,success,,1000000000.0,39972244.72,0.04,,"报告期末基金份额总额 1,000,000,000.00 份；本期可供分配金额 39,972,244.72 元；单位可供分配金额 0.0400 元/份"
SSE_508002_20250721_OSAR,508002,2025-07-21,2025-06-30,quarterly_report,False,华安百联消费封闭式基础设施证券投资基金2025年第2季度报告,https://www.sse.com.cn/disclosure/fund/announcement/c/new/2025-07-21/508002_20250721_OSAR.pdf,2026-09-05T13:14:53.539957+00:00,8f5e4528e2c1301fd77b3e21fca294cfc8d9dbc967be31d53ebd0d92225614e1,610811.0,success,,1000000000.0,32202038.87,0.0322,,"报告期末基金份额总额 1,000,000,000.00 份；本期可供分配金额 32,202,038.87 元；单位可供分配金额 0.0322 元/份"
SSE_508002_20250830_EPRM,508002,2025-08-30,2025-06-30,semiannual_report,False,华安百联消费封闭式基础设施证券投资基金2025年中期报告,https://www.sse.com.cn/disclosure/fund/announcement/c/new/2025-08-30/508002_20250830_EPRM.pdf,2026-09-05T13:14:53.594866+00:00,acb85c79344e60f23885dc04b0f4b95fae25597731016527bac86e2d4db37175,2393412.0,success,,1000000000.0,72174283.59,0.0722,2.2939,"报告期末基金份额总额 1,000,000,000.00 份；本期可供分配金额 72,174,283.59 元；单位可供分配金额 0.0722 元/份"
SSE_508002_20251028_EX8G,508002,2025-10-28,2025-09-30,quarterly_report,False,华安百联消费封闭式基础设施证券投资基金2025年第3季度报告,https://www.sse.com.cn/disclosure/fund/announcement/c/new/2025-10-28/508002_20251028_EX8G.pdf,2026-09-05T13:14:53.785175+00:00,52cbdb0bd72571b51d4ffbc54aa1da51249a1b2e453cf67769bbdda79df84ce3,219230.0,success,,1000000000.0,34454153.84,0.0345,,"报告期末基金份额总额 1,000,000,000.00 份；本期可供分配金额 34,454,153.84 元；单位可供分配金额 0.0345 元/份"
SSE_508002_20260122_UH7K,508002,2026-01-22,2025-12-31,quarterly_report,False,华安百联消费封闭式基础设施证券投资基金2025年第4季度报告,https://www.sse.com.cn/disclosure/fund/announcement/c/new/2026-01-22/508002_20260122_UH7K.pdf,2026-09-05T13:14:53.800850+00:00,201d81e5df05d0bcf7f9d1a0753b139f9389d01a3797316c25233be0fe284f14,215612.0,success,,1000000000.0,38601774.75,0.0386,,"报告期末基金份额总额 1,000,000,000.00 份；本期可供分配金额 38,601,774.75 元；单位可供分配金额 0.0386 元/份"
SSE_508002_20260422_M5K9,508002,2026-04-22,2026-03-31,quarterly_report,False,华安百联消费封闭式基础设施证券投资基金2026年第1季度报告,https://www.sse.com.cn/disclosure/fund/announcement/c/new/2026-04-22/508002_20260422_M5K9.pdf,2026-09-05T13:14:53.801765+00:00,cb3d33e01942c2f067513eff145ea03fae971938fee7d313caa4e926e290a437,230103.0,success,,1000000000.0,36461068.39,0.0365,,"报告期末基金份额总额 1,000,000,000.00 份；本期可供分配金额 36,461,068.39 元；单位可供分配金额 0.0365 元/份"
SSE_508002_20260721_3EWO,508002,2026-07-21,2026-06-30,quarterly_report,False,华安百联消费封闭式基础设施证券投资基金2026年第2季度报告,https://www.sse.com.cn/disclosure/fund/announcement/c/new/2026-07-21/508002_20260721_3EWO.pdf,2026-09-05T13:14:53.826086+00:00,a7a5218379e8d1904c9081106dd325de28953e75aebe773ac25500ffa3b1f29c,230076.0,success,,1000000000.0,32239069.39,0.0322,,"报告期末基金份额总额 1,000,000,000.00 份；本期可供分配金额 32,239,069.39 元；单位可供分配金额 0.0322 元/份"
SSE_508003_20250122_WLUA,508003,2025-01-22,2024-12-31,quarterly_report,False,中金联东科技创新产业园封闭式基础设施证券投资基金2024年第4季度报告,https://www.sse.com.cn/disclosure/fund/announcement/c/new/2025-01-22/508003_20250122_WLUA.pdf,2026-09-05T13:14:53.844427+00:00,6ef24d4a776469a939402e0a3fee9684fcdcbc4b3199aed83f9a4f768bae48a9,726872.0,success,,500000000.0,16565014.47,0.033,,"报告期末基金份额总额 500,000,000.00 份；本期可供分配金额 16,565,014.47 元；单位可供分配金额 0.033 元/份"
SSE_508003_20250422_HKQO,508003,2025-04-22,2025-03-31,quarterly_report,False,中金联东科技创新产业园封闭式基础设施证券投资基金2025年第1季度报告,https://www.sse.com.cn/disclosure/fund/announcement/c/new/2025-04-22/508003_20250422_HKQO.pdf,2026-09-05T13:14:54.012701+00:00,b6e05b78b152fabb1e8d56d88cb81e454a44421add60e495de2069a9a876d5e0,761489.0,success,,500000000.0,20107444.47,0.0402,,"报告期末基金份额总额 500,000,000.00 份；本期可供分配金额 20,107,444.47 元；单位可供分配金额 0.0402 元/份"
SSE_508003_20250721_KOT2,508003,2025-07-21,2025-06-30,quarterly_report,False,中金联东科技创新产业园封闭式基础设施证券投资基金2025年第2季度报告,https://www.sse.com.cn/disclosure/fund/announcement/c/new/2025-07-21/508003_20250721_KOT2.pdf,2026-09-05T13:14:54.017705+00:00,13b7d9dc6decff410207babb345fc1c79b02eec01e2d59763e85aa4d364c2a61,774971.0,success,,500000000.0,20244558.61,0.0405,,"报告期末基金份额总额 500,000,000.00 份；本期可供分配金额 20,244,558.61 元；单位可供分配金额 0.0405 元/份"
SSE_508003_20250829_WXK5,508003,2025-08-29,2025-06-30,semiannual_report,False,中金联东科技创新产业园封闭式基础设施证券投资基金2025年中期报告,https://www.sse.com.cn/disclosure/fund/announcement/c/new/2025-08-29/508003_20250829_WXK5.pdf,2026-09-05T13:14:54.045796+00:00,ab97fad614d20f0c371688eca590bfd67c4790390c3eb430e0e8f9b8356a5951,1837436.0,success,,500000000.0,40352003.08,0.0807,3.1975,"报告期末基金份额总额 500,000,000.00 份；本期可供分配金额 40,352,003.08 元；单位可供分配金额 0.0807 元/份"
SSE_508003_20251028_S7BD,508003,2025-10-28,2025-09-30,quarterly_report,False,中金联东科技创新产业园封闭式基础设施证券投资基金2025年第3季度报告,https://www.sse.com.cn/disclosure/fund/announcement/c/new/2025-10-28/508003_20251028_S7BD.pdf,2026-09-05T13:14:54.064709+00:00,ca2beb4a7d610ef4073f73ba3f3ccef4ae7c3e5e98fa76221f6089e0fc141238,769717.0,success,,500000000.0,20497825.94,0.041,,"报告期末基金份额总额 500,000,000.00 份；本期可供分配金额 20,497,825.94 元；单位可供分配金额 0.0410 元/份"
SSE_508003_20260122_VH0L,508003,2026-01-22,2025-12-31,quarterly_report,False,中金联东科技创新产业园封闭式基础设施证券投资基金2025年第4季度报告,https://www.sse.com.cn/disclosure/fund/announcement/c/new/2026-01-22/508003_20260122_VH0L.pdf,2026-09-05T13:14:54.117067+00:00,829a4870451d9325f83e2648c97ca3a1fa48c3971c76bf5e409220ffc09b1863,726791.0,success,,500000000.0,19985325.63,0.04,,"报告期末基金份额总额 500,000,000.00 份；本期可供分配金额 19,985,325.63 元；单位可供分配金额 0.0400 元/份"
SSE_508003_20260422_QS6X,508003,2026-04-22,2026-03-31,quarterly_report,False,中金联东科技创新产业园封闭式基础设施证券投资基金2026年第1季度报告,https://www.sse.com.cn/disclosure/fund/announcement/c/new/2026-04-22/508003_20260422_QS6X.pdf,2026-09-05T13:14:54.157883+00:00,d95115c49f5b086b268ca539c38f8697f87cf0563624ec20d2920600f31b0bd7,729767.0,success,,500000000.0,19847429.4,0.0397,,"报告期末基金份额总额 500,000,000.00 份；本期可供分配金额 19,847,429.40 元；单位可供分配金额 0.0397 元/份"
SSE_508003_20260721_M9MH,508003,2026-07-21,2026-06-30,quarterly_report,False,中金联东科技创新产业园封闭式基础设施证券投资基金2026年第2季度报告,https://www.sse.com.cn/disclosure/fund/announcement/c/new/2026-07-21/508003_20260721_M9MH.pdf,2026-09-05T13:14:54.300623+00:00,2f3424098920a55bbec79a6c0b4dee66da25549434315a68e6f9bf8a526fe79a,729349.0,success,,500000000.0,19816697.63,0.0396,,"报告期末基金份额总额 500,000,000.00 份；本期可供分配金额 19,816,697.63 元；单位可供分配金额 0.0396 元/份"
SSE_508003_20260828_EDDH,508003,2026-08-28,2026-06-30,semiannual_report,False,中金联东科技创新产业园封闭式基础设施证券投资基金2026年中期报告,https://www.sse.com.cn/disclosure/fund/announcement/c/new/2026-08-28/508003_20260828_EDDH.pdf,2026-09-05T13:14:54.324998+00:00,c1b7b2de8b9fdaa8e79eae82211f1bb901e914bb62f36546b6e6a17df0341ac3,2066415.0,success,,500000000.0,39592003.74,0.0792,3.0229,"报告期末基金份额总额 500,000,000.00 份；本期可供分配金额 39,592,003.74 元；单位可供分配金额 0.0792 元/份"
SSE_508005_20250122_22P5,508005,2025-01-22,2024-12-31,quarterly_report,False,华夏首创奥特莱斯封闭式基础设施证券投资基金2024年第4季度报告,https://www.sse.com.cn/disclosure/fund/announcement/c/new/2025-01-22/508005_20250122_22P5.pdf,2026-09-05T13:14:54.386377+00:00,c4f3eea8f746a5d4ba104d968ea92895390a9e4a3a9d2e9138cb53ebb5673f17,704220.0,success,,800000000.0,29513088.91,0.0369,,"报告期末基金份额总额 800,000,000.00 份；本期可供分配金额 29,513,088.91 元；单位可供分配金额 0.0369 元/份"
SSE_508005_20250422_HM6F,508005,2025-04-22,2025-03-31,quarterly_report,False,华夏首创奥特莱斯封闭式基础设施证券投资基金2025年第1季度报告,https://www.sse.com.cn/disclosure/fund/announcement/c/new/2025-04-22/508005_20250422_HM6F.pdf,2026-09-05T13:14:54.409203+00:00,9c1f84cd3d1b18b8b4403dc4611dd71978daa83e5a8a659c060e88c72ae7b021,678217.0,success,,800000000.0,31720755.45,0.0397,,"报告期末基金份额总额 800,000,000.00 份；本期可供分配金额 31,720,755.45 元；单位可供分配金额 0.0397 元/份"
SSE_508005_20250721_7HLD,508005,2025-07-21,2025-06-30,quarterly_report,False,华夏首创奥特莱斯封闭式基础设施证券投资基金2025年第2季度报告,https://www.sse.com.cn/disclosure/fund/announcement/c/new/2025-07-21/508005_20250721_7HLD.pdf,2026-09-05T13:14:54.588582+00:00,944d9fa802b6050a4a632241e7ed9f208e34e0cb4a2223c041fddaeeb8bfe791,729842.0,success,,800000000.0,32073107.17,0.0401,,"报告期末基金份额总额 800,000,000.00 份；本期可供分配金额 32,073,107.17 元；单位可供分配金额 0.0401 元/份"
SSE_508005_20250830_ZLJS,508005,2025-08-30,2025-06-30,semiannual_report,False,华夏首创奥特莱斯封闭式基础设施证券投资基金2025年中期报告,https://www.sse.com.cn/disclosure/fund/announcement/c/new/2025-08-30/508005_20250830_ZLJS.pdf,2026-09-05T13:14:54.669868+00:00,1ef9df01ee1fe8ec793bad2a80c8dc19bf4513342af31bdc139a7c44bcf042f1,1777536.0,success,,800000000.0,63793862.62,0.0797,2.4952,"报告期末基金份额总额 800,000,000.00 份；本期可供分配金额 63,793,862.62 元；单位可供分配金额 0.0797 元/份"
SSE_508005_20251028_ASS3,508005,2025-10-28,2025-09-30,quarterly_report,False,华夏首创奥特莱斯封闭式基础设施证券投资基金2025年第3季度报告,https://www.sse.com.cn/disclosure/fund/announcement/c/new/2025-10-28/508005_20251028_ASS3.pdf,2026-09-05T13:14:54.743657+00:00,aa053a03c23f2146ff884dca63652a2f4861f9f8b13788ed81a4ac4fc54136d3,619477.0,success,,800000000.0,32425453.34,0.0405,,"报告期末基金份额总额 800,000,000.00 份；本期可供分配金额 32,425,453.34 元；单位可供分配金额 0.0405 元/份"
SSE_508005_20260122_WRDS,508005,2026-01-22,2025-12-31,quarterly_report,False,华夏首创奥特莱斯封闭式基础设施证券投资基金2025年第4季度报告,https://www.sse.com.cn/disclosure/fund/announcement/c/new/2026-01-22/508005_20260122_WRDS.pdf,2026-09-05T13:14:54.773086+00:00,4f12e5fee18d2d95e32766a2b03ca61132299ee957bb101a1ac144820104977a,639228.0,success,,800000000.0,32429254.38,0.0405,,"报告期末基金份额总额 800,000,000.00 份；本期可供分配金额 32,429,254.38 元；单位可供分配金额 0.0405 元/份"
SSE_508005_20260422_ZGZ7,508005,2026-04-22,2026-03-31,quarterly_report,False,华夏首创奥特莱斯封闭式基础设施证券投资基金2026年第1季度报告,https://www.sse.com.cn/disclosure/fund/announcement/c/new/2026-04-22/508005_20260422_ZGZ7.pdf,2026-09-05T13:14:54.838568+00:00,18d4d598fbe89b41dfd665739a53ab3e79c2a7a5f6adb8049ade5435619770a8,643246.0,success,,800000000.0,42256454.93,0.0528,,"报告期末基金份额总额 800,000,000.00 份；本期可供分配金额 42,256,454.93 元；单位可供分配金额 0.0528 元/份"
SSE_508005_20260721_VAGA,508005,2026-07-21,2026-06-30,quarterly_report,False,华夏首创奥特莱斯封闭式基础设施证券投资基金2026年第2季度报告,https://www.sse.com.cn/disclosure/fund/announcement/c/new/2026-07-21/508005_20260721_VAGA.pdf,2026-09-05T13:14:54.896820+00:00,0a39d6982893ac0f8f389b641e82667d0ac592a2b35ea101c63b443f35c2de02,1347505.0,success,,800000000.0,29716036.16,0.0371,,"报告期末基金份额总额 800,000,000.00 份；本期可供分配金额 29,716,036.16 元；单位可供分配金额 0.0371 元/份"
SSE_508006_20220831_2_U26O8S9i,508006,2022-08-31,2022-06-30,semiannual_report,False,富国首创水务封闭式基础设施证券投资基金二0二二年中期报告,https://www.sse.com.cn/disclosure/fund/announcement/c/new/2022-08-31/508006_20220831_2_U26O8S9i.pdf,2026-09-05T13:14:55.146328+00:00,967970e89806c88825b16d29c9ca7a59f62f598ee81234d9e760c68e396ebc88,1867932.0,success,,500000000.0,74190892.08,0.1484,3.5427,"报告期末基金份额总额 500,000,000.00 份；本期可供分配金额 74,190,892.08 元；单位可供分配金额 0.1484 元/份"
SSE_508006_20230831_QOUP,508006,2023-08-31,2023-06-30,semiannual_report,False,富国首创水务封闭式基础设施证券投资基金二0二三年中期报告,https://www.sse.com.cn/disclosure/fund/announcement/c/new/2023-08-31/508006_20230831_QOUP.pdf,2026-09-05T13:14:55.399297+00:00,b18880329c1ef9bae2ed6424647b07e8bc0d7edf75eda0a23f625df2afca73b5,1824903.0,success,,500000000.0,62598974.26,0.1252,3.2674,"报告期末基金份额总额 500,000,000.00 份；本期可供分配金额 62,598,974.26 元；单位可供分配金额 0.1252 元/份"
SSE_508006_20240831_42N0,508006,2024-08-31,2024-06-30,semiannual_report,False,富国首创水务封闭式基础设施证券投资基金二0二四年中期报告,https://www.sse.com.cn/disclosure/fund/announcement/c/new/2024-08-31/508006_20240831_42N0.pdf,2026-09-05T13:14:55.558038+00:00,190859832f0087610404514c33cb9420b8692fa2158b526463b3a26599afc642,1805205.0,success,,500000000.0,69895941.25,0.1398,3.0809,"报告期末基金份额总额 500,000,000.00 份；本期可供分配金额 69,895,941.25 元；单位可供分配金额 0.1398 元/份"
SSE_508006_20250830_45P3,508006,2025-08-30,2025-06-30,semiannual_report,False,富国首创水务封闭式基础设施证券投资基金二0二五年中期报告,https://www.sse.com.cn/disclosure/fund/announcement/c/new/2025-08-30/508006_20250830_45P3.pdf,2026-09-05T13:14:55.932370+00:00,bd2b05d2e44be0ca9db0cfffbc9bddda9bd5780d53f42272a553e4572ce3acca,1948934.0,success,,500000000.0,81627027.34,0.1633,2.9126,"报告期末基金份额总额 500,000,000.00 份；本期可供分配金额 81,627,027.34 元；单位可供分配金额 0.1633 元/份"
SSE_508007_20240119_72DK,508007,2024-01-19,2023-12-31,quarterly_report,False,中金山高集团高速公路封闭式基础设施证券投资基金2023年第4季度报告,https://www.sse.com.cn/disclosure/fund/announcement/c/new/2024-01-19/508007_20240119_72DK.pdf,2026-09-05T13:14:56.213959+00:00,8cb901c0395d671f703efc2b499c83d5bf4354bc605d74a2d4c8973358c4d935,694720.0,success,,400000000.0,356217724.84,0.8905,,"报告期末基金份额总额 400,000,000.00 份；本期可供分配金额 356,217,724.84 元；单位可供分配金额 0.8905 元/份"
SSE_508007_20240420_EZEA,508007,2024-04-20,2024-03-31,quarterly_report,False,中金山高集团高速公路封闭式基础设施证券投资基金2024年第1季度报告,https://www.sse.com.cn/disclosure/fund/announcement/c/new/2024-04-20/508007_20240420_EZEA.pdf,2026-09-05T13:14:56.288347+00:00,3776871e447e3f11d873e5b5f4515ad305f6edf819d376ec7154bbd1fa836b90,704383.0,success,,400000000.0,49047527.27,0.1226,,"报告期末基金份额总额 400,000,000.00 份；本期可供分配金额 49,047,527.27 元；单位可供分配金额 0.1226 元/份"
SSE_508007_20240719_RAVO,508007,2024-07-19,2024-06-30,quarterly_report,False,中金山高集团高速公路封闭式基础设施证券投资基金2024年第2季度报告,https://www.sse.com.cn/disclosure/fund/announcement/c/new/2024-07-19/508007_20240719_RAVO.pdf,2026-09-05T13:14:56.338661+00:00,fd86f26ee6a46c898a142579eb9e0bbec72d1e5afed480217a0b97b8312025f6,687940.0,success,,400000000.0,47769836.88,0.1194,,"报告期末基金份额总额 400,000,000.00 份；本期可供分配金额 47,769,836.88 元；单位可供分配金额 0.1194 元/份"
SSE_508007_20240831_4QYL,508007,2024-08-31,2024-06-30,semiannual_report,False,中金山高集团高速公路封闭式基础设施证券投资基金2024年中期报告,https://www.sse.com.cn/disclosure/fund/announcement/c/new/2024-08-31/508007_20240831_4QYL.pdf,2026-09-05T13:14:56.402834+00:00,88a9227459b9a9020adf3533eb1cdf4923df46ff7467cef8f8b2914b9dd706ea,1696727.0,success,,400000000.0,96817364.15,0.242,6.5556,"报告期末基金份额总额 400,000,000.00 份；本期可供分配金额 96,817,364.15 元；单位可供分配金额 0.2420 元/份"
SSE_508007_20241025_9MTZ,508007,2024-10-25,2024-09-30,quarterly_report,False,中金山高集团高速公路封闭式基础设施证券投资基金2024年第3季度报告,https://www.sse.com.cn/disclosure/fund/announcement/c/new/2024-10-25/508007_20241025_9MTZ.pdf,2026-09-05T13:14:56.488582+00:00,bb33a2b5abc4b9d793ae49cc33d997fb96ecda695eb0c6d94d0d23fd05171472,642463.0,success,,400000000.0,49612103.09,0.124,,"报告期末基金份额总额 400,000,000.00 份；本期可供分配金额 49,612,103.09 元；单位可供分配金额 0.1240 元/份"
SSE_508007_20250122_3BQK,508007,2025-01-22,2024-12-31,quarterly_report,False,中金山高集团高速公路封闭式基础设施证券投资基金2024年第4季度报告,https://www.sse.com.cn/disclosure/fund/announcement/c/new/2025-01-22/508007_20250122_3BQK.pdf,2026-09-05T13:14:56.504836+00:00,e767ffa3bd6f0e5c749ee17701fcf2ab925a6719ae974a3da544abd91fcdbdb7,718321.0,success,,400000000.0,42288024.76,0.1057,,"报告期末基金份额总额 400,000,000.00 份；本期可供分配金额 42,288,024.76 元；单位可供分配金额 0.1057 元/份"
SSE_508007_20250422_X28E,508007,2025-04-22,2025-03-31,quarterly_report,False,中金山高集团高速公路封闭式基础设施证券投资基金2025年第1季度报告,https://www.sse.com.cn/disclosure/fund/announcement/c/new/2025-04-22/508007_20250422_X28E.pdf,2026-09-05T13:14:56.679430+00:00,2a92c55fced2466b569863ffd057659e805f2c57db795a1aaf1e8ce33f557086,669794.0,success,,400000000.0,49059769.97,0.1226,,"报告期末基金份额总额 400,000,000.00 份；本期可供分配金额 49,059,769.97 元；单位可供分配金额 0.1226 元/份"
SSE_508007_20250721_DVOD,508007,2025-07-21,2025-06-30,quarterly_report,False,中金山高集团高速公路封闭式基础设施证券投资基金2025年第2季度报告,https://www.sse.com.cn/disclosure/fund/announcement/c/new/2025-07-21/508007_20250721_DVOD.pdf,2026-09-05T13:14:56.822060+00:00,86c38a22ae14d169edc3c50e19bb2f6a06732aefa1774d4424e313285e0f948a,676625.0,success,,400000000.0,47792380.67,0.1195,,"报告期末基金份额总额 400,000,000.00 份；本期可供分配金额 47,792,380.67 元；单位可供分配金额 0.1195 元/份"
SSE_508007_20250829_QC4L,508007,2025-08-29,2025-06-30,semiannual_report,False,中金山高集团高速公路封闭式基础设施证券投资基金2025年中期报告,https://www.sse.com.cn/disclosure/fund/announcement/c/new/2025-08-29/508007_20250829_QC4L.pdf,2026-09-05T13:14:56.822420+00:00,9a0d26ce3c2a6c8ca64908cd465d979bc8c216a2d29435c2d48633ef7461b766,1963729.0,success,,400000000.0,96852150.64,0.2421,6.2968,"报告期末基金份额总额 400,000,000.00 份；本期可供分配金额 96,852,150.64 元；单位可供分配金额 0.2421 元/份"
SSE_508007_20251028_02FG,508007,2025-10-28,2025-09-30,quarterly_report,False,中金山高集团高速公路封闭式基础设施证券投资基金2025年第3季度报告,https://www.sse.com.cn/disclosure/fund/announcement/c/new/2025-10-28/508007_20251028_02FG.pdf,2026-09-05T13:14:56.840842+00:00,ffe6af44e5d57bfa4829361b6b39f8d7b7cd836c22d0ffffdcba7b586adac442,689058.0,success,,400000000.0,49623570.04,0.1241,,"报告期末基金份额总额 400,000,000.00 份；本期可供分配金额 49,623,570.04 元；单位可供分配金额 0.1241 元/份"
SSE_508007_20260122_JZX6,508007,2026-01-22,2025-12-31,quarterly_report,False,中金山高集团高速公路封闭式基础设施证券投资基金2025年第4季度报告,https://www.sse.com.cn/disclosure/fund/announcement/c/new/2026-01-22/508007_20260122_JZX6.pdf,2026-09-05T13:14:56.932434+00:00,a2e465bae45ada600e6f8548d412a71cf85723459d823ef5bb4c44e880fb65d7,859561.0,success,,400000000.0,44027930.37,0.1101,,"报告期末基金份额总额 400,000,000.00 份；本期可供分配金额 44,027,930.37 元；单位可供分配金额 0.1101 元/份"
SSE_508007_20260422_WECP,508007,2026-04-22,2026-03-31,quarterly_report,False,中金山高集团高速公路封闭式基础设施证券投资基金2026年第1季度报告,https://www.sse.com.cn/disclosure/fund/announcement/c/new/2026-04-22/508007_20260422_WECP.pdf,2026-09-05T13:14:56.947125+00:00,14b35a3b54a01bde8bc9f954c20e3d8b31f7ca712e102e6de01d96919c246f7a,808206.0,success,,400000000.0,49211326.51,0.123,,"报告期末基金份额总额 400,000,000.00 份；本期可供分配金额 49,211,326.51 元；单位可供分配金额 0.1230 元/份"
SSE_508007_20260721_8SKW,508007,2026-07-21,2026-06-30,quarterly_report,False,中金山高集团高速公路封闭式基础设施证券投资基金2026年第2季度报告,https://www.sse.com.cn/disclosure/fund/announcement/c/new/2026-07-21/508007_20260721_8SKW.pdf,2026-09-05T13:14:56.961071+00:00,1fca9459d6c4f01fb073c9d48c2e2f0070626489661f946f7eb6a9941c1cab62,823323.0,success,,400000000.0,48385109.84,0.121,,"报告期末基金份额总额 400,000,000.00 份；本期可供分配金额 48,385,109.84 元；单位可供分配金额 0.1210 元/份"
SSE_508007_20260828_OPCI,508007,2026-08-28,2026-06-30,semiannual_report,False,中金山高集团高速公路封闭式基础设施证券投资基金2026年中期报告,https://www.sse.com.cn/disclosure/fund/announcement/c/new/2026-08-28/508007_20260828_OPCI.pdf,2026-09-05T13:14:57.263005+00:00,faeddae58a442a35492a9f5c33eb867cf5c3d5e2b663fe8bad8ec8a081e4e92b,1993752.0,success,,400000000.0,97596436.35,0.244,5.9696,"报告期末基金份额总额 400,000,000.00 份；本期可供分配金额 97,596,436.35 元；单位可供分配金额 0.2440 元/份"
SSE_508008_20221026_1_SGiXotyT,508008,2022-10-26,2022-09-30,quarterly_report,False,国金铁建重庆渝遂高速公路封闭式基础设施证券投资基金2022年第3季度报告,https://www.sse.com.cn/disclosure/fund/announcement/c/new/2022-10-26/508008_20221026_1_SGiXotyT.pdf,2026-09-05T13:14:57.309506+00:00,8d3a8162dd7e6c1f26dc3999b0dda789daa7cbc2ed5fcb06601fee2c0d2be650,288321.0,success,,500000000.0,91117028.92,0.1822,,"报告期末基金份额总额 500,000,000.00 份；本期可供分配金额 91,117,028.92 元；单位可供分配金额 0.1822 元/份"
SSE_508008_20230119_P38P,508008,2023-01-19,2022-12-31,quarterly_report,False,国金铁建重庆渝遂高速公路封闭式基础设施证券投资基金2022年第4季度报告,https://www.sse.com.cn/disclosure/fund/announcement/c/new/2023-01-19/508008_20230119_P38P.pdf,2026-09-05T13:14:57.378291+00:00,af9efa836c5824191b6b2f782a289bfcf5a80961124e56105ce1adc8cd2d48e9,288462.0,success,,500000000.0,79077289.94,0.1582,,"报告期末基金份额总额 500,000,000.00 份；本期可供分配金额 79,077,289.94 元；单位可供分配金额 0.1582 元/份"
SSE_508008_20230421_YYHA,508008,2023-04-21,2023-03-31,quarterly_report,False,国金铁建重庆渝遂高速公路封闭式基础设施证券投资基金2023年第1季度报告,https://www.sse.com.cn/disclosure/fund/announcement/c/new/2023-04-21/508008_20230421_YYHA.pdf,2026-09-05T13:14:57.383098+00:00,35e48f4196df7a63948ccfd9e2c1252f7ce16c96a2f7cc679a5d5989bc5e88ba,339009.0,success,,500000000.0,145611780.41,0.2912,,"报告期末基金份额总额 500,000,000.00 份；本期可供分配金额 145,611,780.41 元；单位可供分配金额 0.2912 元/份"
SSE_508008_20230721_K1SO,508008,2023-07-21,2023-06-30,quarterly_report,False,国金铁建重庆渝遂高速公路封闭式基础设施证券投资基金2023年第2季度报告,https://www.sse.com.cn/disclosure/fund/announcement/c/new/2023-07-21/508008_20230721_K1SO.pdf,2026-09-05T13:14:57.473348+00:00,0aa50784909c61f5097a756e1de0b12086699070933f6939a6f250819aacb27d,391865.0,success,,500000000.0,125304158.31,0.2506,,"报告期末基金份额总额 500,000,000.00 份；本期可供分配金额 125,304,158.31 元；单位可供分配金额 0.2506 元/份"
SSE_508008_20230830_OHIT,508008,2023-08-30,2023-06-30,semiannual_report,False,国金铁建重庆渝遂高速公路封闭式基础设施证券投资基金2023年中期报告,https://www.sse.com.cn/disclosure/fund/announcement/c/new/2023-08-30/508008_20230830_OHIT.pdf,2026-09-05T13:14:57.563142+00:00,655ecd283e924807ea843bc86dba66eb9246b3609d88b8a4327d6a6477c77b85,1973402.0,success,,500000000.0,270915938.72,0.5418,8.9551,"报告期末基金份额总额 500,000,000.00 份；本期可供分配金额 270,915,938.72 元；单位可供分配金额 0.5418 元/份"
SSE_508008_20231025_9JJO,508008,2023-10-25,2023-09-30,quarterly_report,False,国金铁建重庆渝遂高速公路封闭式基础设施证券投资基金2023年第3季度报告,https://www.sse.com.cn/disclosure/fund/announcement/c/new/2023-10-25/508008_20231025_9JJO.pdf,2026-09-05T13:14:57.622205+00:00,435898340240aa92f772dedbbc5982bdf0232377fca49263d3a777fa6195198c,388787.0,success,,500000000.0,138330732.54,0.2767,,"报告期末基金份额总额 500,000,000.00 份；本期可供分配金额 138,330,732.54 元；单位可供分配金额 0.2767 元/份"
SSE_508008_20240120_N406,508008,2024-01-20,2023-12-31,quarterly_report,False,国金铁建重庆渝遂高速公路封闭式基础设施证券投资基金2023年第4季度报告,https://www.sse.com.cn/disclosure/fund/announcement/c/new/2024-01-20/508008_20240120_N406.pdf,2026-09-05T13:14:57.663708+00:00,5734420c24efbb78bcccc52ea8726f0b3b5e6fb09413b6ba8e35518b7e2bbacc,375211.0,success,,500000000.0,79081761.14,0.1582,,"报告期末基金份额总额 500,000,000.00 份；本期可供分配金额 79,081,761.14 元；单位可供分配金额 0.1582 元/份"
SSE_508008_20240420_0UTJ,508008,2024-04-20,2024-03-31,quarterly_report,False,国金铁建重庆渝遂高速公路封闭式基础设施证券投资基金2024年第1季度报告,https://www.sse.com.cn/disclosure/fund/announcement/c/new/2024-04-20/508008_20240420_0UTJ.pdf,2026-09-05T13:14:57.770001+00:00,2038c2d1e15a4f01cbd5dfc2377d9191ab39c975619ca20e74d2c0a46e02784a,365598.0,success,,500000000.0,124068924.77,0.2481,,"报告期末基金份额总额 500,000,000.00 份；本期可供分配金额 124,068,924.77 元；单位可供分配金额 0.2481 元/份"
SSE_508008_20240719_GAW3,508008,2024-07-19,2024-06-30,quarterly_report,False,国金铁建重庆渝遂高速公路封闭式基础设施证券投资基金2024年第2季度报告,https://www.sse.com.cn/disclosure/fund/announcement/c/new/2024-07-19/508008_20240719_GAW3.pdf,2026-09-05T13:14:57.870168+00:00,01a97a81299d40bc432af3a507265e196eaa6e06f259b1deeeae33be38fff463,365195.0,success,,500000000.0,115385825.0,0.2308,,"报告期末基金份额总额 500,000,000.00 份；本期可供分配金额 115,385,825.00 元；单位可供分配金额 0.2308 元/份"
SSE_508008_20240831_30ET,508008,2024-08-31,2024-06-30,semiannual_report,False,国金铁建重庆渝遂高速公路封闭式基础设施证券投资基金2024年中期报告,https://www.sse.com.cn/disclosure/fund/announcement/c/new/2024-08-31/508008_20240831_30ET.pdf,2026-09-05T13:14:57.904868+00:00,4475dc33de03c1f668150f2b38a8997907cf4db53f15f978e70fb1a23c5b8740,1947908.0,success,,500000000.0,239454749.77,0.4789,8.2402,"报告期末基金份额总额 500,000,000.00 份；本期可供分配金额 239,454,749.77 元；单位可供分配金额 0.4789 元/份"
SSE_508008_20241025_H49P,508008,2024-10-25,2024-09-30,quarterly_report,False,国金铁建重庆渝遂高速公路封闭式基础设施证券投资基金2024年第3季度报告,https://www.sse.com.cn/disclosure/fund/announcement/c/new/2024-10-25/508008_20241025_H49P.pdf,2026-09-05T13:14:57.977540+00:00,80ff4c4e65b5030f674df5a74d27c53364a0979d1726d3efb9955dad1b082ed7,405839.0,success,,500000000.0,144547940.79,0.2891,,"报告期末基金份额总额 500,000,000.00 份；本期可供分配金额 144,547,940.79 元；单位可供分配金额 0.2891 元/份"
SSE_508008_20250122_S7ZF,508008,2025-01-22,2024-12-31,quarterly_report,False,国金铁建重庆渝遂高速公路封闭式基础设施证券投资基金2024年第4季度报告,https://www.sse.com.cn/disclosure/fund/announcement/c/new/2025-01-22/508008_20250122_S7ZF.pdf,2026-09-05T13:14:57.995697+00:00,cae2a2ed5e7631885db2fddf032c0c31dcb76d74273d340bc3c291ab875b259f,432962.0,success,,500000000.0,93190386.4,0.1864,,"报告期末基金份额总额 500,000,000.00 份；本期可供分配金额 93,190,386.40 元；单位可供分配金额 0.1864 元/份"
SSE_508008_20250422_5BKR,508008,2025-04-22,2025-03-31,quarterly_report,False,国金铁建重庆渝遂高速公路封闭式基础设施证券投资基金2025年第1季度报告,https://www.sse.com.cn/disclosure/fund/announcement/c/new/2025-04-22/508008_20250422_5BKR.pdf,2026-09-05T13:14:58.109532+00:00,2ea6a50770eced8f873200bea9b9d1894d55436c6e180f3af128be391506b1c1,424034.0,success,,500000000.0,105611349.99,0.2112,,"报告期末基金份额总额 500,000,000.00 份；本期可供分配金额 105,611,349.99 元；单位可供分配金额 0.2112 元/份"
SSE_508008_20250719_MP8M,508008,2025-07-19,2025-06-30,quarterly_report,False,国金铁建重庆渝遂高速公路封闭式基础设施证券投资基金2025年第2季度报告,https://www.sse.com.cn/disclosure/fund/announcement/c/new/2025-07-19/508008_20250719_MP8M.pdf,2026-09-05T13:14:58.204134+00:00,60c9955d45b458a5c12c0c77b5e5edf24a1c5cdf1015201a332d97096ad0e323,439465.0,success,,500000000.0,106547411.85,0.2131,,"报告期末基金份额总额 500,000,000.00 份；本期可供分配金额 106,547,411.85 元；单位可供分配金额 0.2131 元/份"
SSE_508008_20250830_2LOD,508008,2025-08-30,2025-06-30,semiannual_report,False,国金铁建重庆渝遂高速公路封闭式基础设施证券投资基金2025年中期报告,https://www.sse.com.cn/disclosure/fund/announcement/c/new/2025-08-30/508008_20250830_2LOD.pdf,2026-09-05T13:14:58.207895+00:00,d1deb64a0fe798eea04bf77d230bed4f04c059089e124c82c7648f33b2757972,1912435.0,success,,500000000.0,212158761.84,0.4243,7.4651,"报告期末基金份额总额 500,000,000.00 份；本期可供分配金额 212,158,761.84 元；单位可供分配金额 0.4243 元/份"
SSE_508008_20251028_WTOZ,508008,2025-10-28,2025-09-30,quarterly_report,False,国金铁建重庆渝遂高速公路封闭式基础设施证券投资基金2025年第3季度报告,https://www.sse.com.cn/disclosure/fund/announcement/c/new/2025-10-28/508008_20251028_WTOZ.pdf,2026-09-05T13:14:58.271170+00:00,b0d71b7aceb7296762d7642e306375ad9d96458cf25331041af358949b8e60ed,436791.0,success,,500000000.0,111933219.51,0.2239,,"报告期末基金份额总额 500,000,000.00 份；本期可供分配金额 111,933,219.51 元；单位可供分配金额 0.2239 元/份"
SSE_508008_20260122_S51R,508008,2026-01-22,2025-12-31,quarterly_report,False,国金铁建重庆渝遂高速公路封闭式基础设施证券投资基金2025年第4季度报告,https://www.sse.com.cn/disclosure/fund/announcement/c/new/2026-01-22/508008_20260122_S51R.pdf,2026-09-05T13:14:58.369293+00:00,a3910261109b92dfb50878d047f80c536e429480dc3dd1039c38ca2445b589af,435943.0,success,,500000000.0,85087856.24,0.1702,,"报告期末基金份额总额 500,000,000.00 份；本期可供分配金额 85,087,856.24 元；单位可供分配金额 0.1702 元/份"
SSE_508008_20260422_83OZ,508008,2026-04-22,2026-03-31,quarterly_report,False,国金铁建重庆渝遂高速公路封闭式基础设施证券投资基金2026年第1季度报告,https://www.sse.com.cn/disclosure/fund/announcement/c/new/2026-04-22/508008_20260422_83OZ.pdf,2026-09-05T13:14:58.483605+00:00,ce001e4c6b42fe183324ce1a43200543666ab373372eeddc9f65baac1ffed6f0,434049.0,success,,500000000.0,112433212.72,0.2249,,"报告期末基金份额总额 500,000,000.00 份；本期可供分配金额 112,433,212.72 元；单位可供分配金额 0.2249 元/份"
SSE_508008_20260721_0FU4,508008,2026-07-21,2026-06-30,quarterly_report,False,国金铁建重庆渝遂高速公路封闭式基础设施证券投资基金2026年第2季度报告,https://www.sse.com.cn/disclosure/fund/announcement/c/new/2026-07-21/508008_20260721_0FU4.pdf,2026-09-05T13:14:58.666003+00:00,09e9c720bc1cb5fb3f4d6a014464881f07df5d428c4be1b553eb3116b6716a27,444797.0,success,,500000000.0,90312519.29,0.1806,,"报告期末基金份额总额 500,000,000.00 份；本期可供分配金额 90,312,519.29 元；单位可供分配金额 0.1806 元/份"
SSE_508009_20230421_IQ7X,508009,2023-04-21,2023-03-31,quarterly_report,False,中金安徽交控高速公路封闭式基础设施证券投资基金2023年第1季度报告,https://www.sse.com.cn/disclosure/fund/announcement/c/new/2023-04-21/508009_20230421_IQ7X.pdf,2026-09-05T13:14:58.754861+00:00,412f42929773eacdf0b621a544d443dbf3234c0b68d1edaf866aa3e7ca1ba6ae,610732.0,success,,1000000000.0,230879378.96,0.2309,,"报告期末基金份额总额 1,000,000,000.00 份；本期可供分配金额 230,879,378.96 元；单位可供分配金额 0.2309 元/份"
SSE_508009_20230721_GA3X,508009,2023-07-21,2023-06-30,quarterly_report,False,中金安徽交控高速公路封闭式基础设施证券投资基金2023年第2季度报告,https://www.sse.com.cn/disclosure/fund/announcement/c/new/2023-07-21/508009_20230721_GA3X.pdf,2026-09-05T13:14:58.848715+00:00,2e60ee15c7e316848896573a66df4c29368e6f56bd99f917db6df6a1f9243411,448028.0,success,,1000000000.0,175067808.21,0.1751,,"报告期末基金份额总额 1,000,000,000.00 份；本期可供分配金额 175,067,808.21 元；单位可供分配金额 0.1751 元/份"
SSE_508009_20230831_INBY,508009,2023-08-31,2023-06-30,semiannual_report,False,中金安徽交控高速公路封闭式基础设施证券投资基金2023年中期报告,https://www.sse.com.cn/disclosure/fund/announcement/c/new/2023-08-31/508009_20230831_INBY.pdf,2026-09-05T13:14:58.849711+00:00,917aff000b499d2f8022403e07145f7fb33492d538ba0d14494fa4bbcc8dd8bb,1834978.0,success,,1000000000.0,405947187.17,0.4059,10.1627,"报告期末基金份额总额 1,000,000,000.00 份；本期可供分配金额 405,947,187.17 元；单位可供分配金额 0.4059 元/份"
SSE_508009_20231025_4KLK,508009,2023-10-25,2023-09-30,quarterly_report,False,中金安徽交控高速公路封闭式基础设施证券投资基金2023年第3季度报告,https://www.sse.com.cn/disclosure/fund/announcement/c/new/2023-10-25/508009_20231025_4KLK.pdf,2026-09-05T13:14:58.971065+00:00,598e93ccd68bdd0ccf2e10c6a4bfa963b8ec91979dc93e42a5cf86c78bc45e86,803141.0,success,,1000000000.0,190265571.81,0.1903,,"报告期末基金份额总额 1,000,000,000.00 份；本期可供分配金额 190,265,571.81 元；单位可供分配金额 0.1903 元/份"
SSE_508009_20240119_T777,508009,2024-01-19,2023-12-31,quarterly_report,False,中金安徽交控高速公路封闭式基础设施证券投资基金2023年第4季度报告,https://www.sse.com.cn/disclosure/fund/announcement/c/new/2024-01-19/508009_20240119_T777.pdf,2026-09-05T13:14:59.013242+00:00,5940f7b245e45e57a34b0243e78f31e607e55eeef1d81bbd1d9e83feb9dfe785,960564.0,success,,1000000000.0,184233227.56,0.1842,,"报告期末基金份额总额 1,000,000,000.00 份；本期可供分配金额 184,233,227.56 元；单位可供分配金额 0.1842 元/份"
SSE_508009_20240420_RW5X,508009,2024-04-20,2024-03-31,quarterly_report,False,中金安徽交控高速公路封闭式基础设施证券投资基金2024年第1季度报告,https://www.sse.com.cn/disclosure/fund/announcement/c/new/2024-04-20/508009_20240420_RW5X.pdf,2026-09-05T13:14:59.018224+00:00,3b523707ba5aa739c02e9c8d153540207ae6a0a778e97bb1d457dbf6a5a42756,885179.0,success,,1000000000.0,129423163.13,0.1294,,"报告期末基金份额总额 1,000,000,000.00 份；本期可供分配金额 129,423,163.13 元；单位可供分配金额 0.1294 元/份"
SSE_508009_20240719_L6HZ,508009,2024-07-19,2024-06-30,quarterly_report,False,中金安徽交控高速公路封闭式基础设施证券投资基金2024年第2季度报告,https://www.sse.com.cn/disclosure/fund/announcement/c/new/2024-07-19/508009_20240719_L6HZ.pdf,2026-09-05T13:14:59.050672+00:00,a9dbf50da61bcbcc3b31e133eae9890f44dedd44732e743adbb73f5226472d68,863192.0,success,,1000000000.0,163106215.7,0.1631,,"报告期末基金份额总额 1,000,000,000.00 份；本期可供分配金额 163,106,215.70 元；单位可供分配金额 0.1631 元/份"
SSE_508009_20240831_GM16,508009,2024-08-31,2024-06-30,semiannual_report,False,中金安徽交控高速公路封闭式基础设施证券投资基金2024年中期报告,https://www.sse.com.cn/disclosure/fund/announcement/c/new/2024-08-31/508009_20240831_GM16.pdf,2026-09-05T13:14:59.135895+00:00,749c772cf5301c61e857dc4dea2f3b62e5313afa2bf4f961aaa5dad176d7de0f,4502138.0,success,,1000000000.0,292529378.83,0.2925,9.2832,"报告期末基金份额总额 1,000,000,000.00 份；本期可供分配金额 292,529,378.83 元；单位可供分配金额 0.2925 元/份"
SSE_508009_20241025_SGPM,508009,2024-10-25,2024-09-30,quarterly_report,False,中金安徽交控高速公路封闭式基础设施证券投资基金2024年第3季度报告,https://www.sse.com.cn/disclosure/fund/announcement/c/new/2024-10-25/508009_20241025_SGPM.pdf,2026-09-05T13:14:59.350816+00:00,f0e61ae1805b28bd5131efa9f3405e7bcb2c1a22ec734649af40020f7fd8abc5,847090.0,success,,1000000000.0,183452558.99,0.1835,,"报告期末基金份额总额 1,000,000,000.00 份；本期可供分配金额 183,452,558.99 元；单位可供分配金额 0.1835 元/份"
SSE_508009_20250122_B8BA,508009,2025-01-22,2024-12-31,quarterly_report,False,中金安徽交控高速公路封闭式基础设施证券投资基金2024年第4季度报告,https://www.sse.com.cn/disclosure/fund/announcement/c/new/2025-01-22/508009_20250122_B8BA.pdf,2026-09-05T13:14:59.385599+00:00,0b3d9880f63cc48c4abd73e4f1a8b5abe969f1b946e7e5fa48d578d8518a5c4b,1059366.0,success,,1000000000.0,124364233.87,0.1244,,"报告期末基金份额总额 1,000,000,000.00 份；本期可供分配金额 124,364,233.87 元；单位可供分配金额 0.1244 元/份"
SSE_508009_20250422_Q4WK,508009,2025-04-22,2025-03-31,quarterly_report,False,中金安徽交控高速公路封闭式基础设施证券投资基金2025年第1季度报告,https://www.sse.com.cn/disclosure/fund/announcement/c/new/2025-04-22/508009_20250422_Q4WK.pdf,2026-09-05T13:14:59.507928+00:00,bf5502f2a7c72e3a022d70c4b0757c2663934c4123ee274859f8610545e5e51e,1033596.0,success,,1000000000.0,167615419.77,0.1676,,"报告期末基金份额总额 1,000,000,000.00 份；本期可供分配金额 167,615,419.77 元；单位可供分配金额 0.1676 元/份"
SSE_508009_20250721_1DUL,508009,2025-07-21,2025-06-30,quarterly_report,False,中金安徽交控高速公路封闭式基础设施证券投资基金2025年第2季度报告,https://www.sse.com.cn/disclosure/fund/announcement/c/new/2025-07-21/508009_20250721_1DUL.pdf,2026-09-05T13:14:59.605955+00:00,3484be94d7ef870aed3abafdf24ead7036164747abd110cac74af5092a141d71,1065529.0,success,,1000000000.0,148719455.71,0.1487,,"报告期末基金份额总额 1,000,000,000.00 份；本期可供分配金额 148,719,455.71 元；单位可供分配金额 0.1487 元/份"
SSE_508009_20250829_AX4M,508009,2025-08-29,2025-06-30,semiannual_report,False,中金安徽交控高速公路封闭式基础设施证券投资基金2025年中期报告,https://www.sse.com.cn/disclosure/fund/announcement/c/new/2025-08-29/508009_20250829_AX4M.pdf,2026-09-05T13:14:59.649645+00:00,c946fa2c9e79bb65ed76219e8659383c4a37004cebbd44e4d80bb8bf270dbad0,3796847.0,success,,1000000000.0,316334875.48,0.3163,7.6383,"报告期末基金份额总额 1,000,000,000.00 份；本期可供分配金额 316,334,875.48 元；单位可供分配金额 0.3163 元/份"
SSE_508009_20251028_7MTZ,508009,2025-10-28,2025-09-30,quarterly_report,False,中金安徽交控高速公路封闭式基础设施证券投资基金2025年第3季度报告,https://www.sse.com.cn/disclosure/fund/announcement/c/new/2025-10-28/508009_20251028_7MTZ.pdf,2026-09-05T13:14:59.692288+00:00,af78b1356188fe3c8fb61d6f99685ea0af275eedef268d17500020d5e03cf353,1026121.0,success,,1000000000.0,195835110.77,0.1958,,"报告期末基金份额总额 1,000,000,000.00 份；本期可供分配金额 195,835,110.77 元；单位可供分配金额 0.1958 元/份"
SSE_508009_20260122_O61Q,508009,2026-01-22,2025-12-31,quarterly_report,False,中金安徽交控高速公路封闭式基础设施证券投资基金2025年第4季度报告,https://www.sse.com.cn/disclosure/fund/announcement/c/new/2026-01-22/508009_20260122_O61Q.pdf,2026-09-05T13:14:59.802239+00:00,ef80400803cb45ed9d4ee694d988f1c858e6152bf3e3fa4a003352506050597d,1317313.0,success,,1000000000.0,124325572.82,0.1243,,"报告期末基金份额总额 1,000,000,000.00 份；本期可供分配金额 124,325,572.82 元；单位可供分配金额 0.1243 元/份"
SSE_508009_20260422_FEFM,508009,2026-04-22,2026-03-31,quarterly_report,False,中金安徽交控高速公路封闭式基础设施证券投资基金2026年第1季度报告,https://www.sse.com.cn/disclosure/fund/announcement/c/new/2026-04-22/508009_20260422_FEFM.pdf,2026-09-05T13:14:59.859116+00:00,15d3872fb31fb5f7beb3666addf89545fa8007c0e50966d9473566b84ac296a7,1319456.0,success,,1000000000.0,88148912.86,0.0881,,"报告期末基金份额总额 1,000,000,000.00 份；本期可供分配金额 88,148,912.86 元；单位可供分配金额 0.0881 元/份"
SSE_508009_20260721_AMLB,508009,2026-07-21,2026-06-30,quarterly_report,False,中金安徽交控高速公路封闭式基础设施证券投资基金2026年第2季度报告,https://www.sse.com.cn/disclosure/fund/announcement/c/new/2026-07-21/508009_20260721_AMLB.pdf,2026-09-05T13:14:59.988745+00:00,135de4a944b416dc5eda6619b0a87ca20b01dcccf6dd1739a091c62b1ea1faa1,1053438.0,success,,1000000000.0,169507821.32,0.1695,,"报告期末基金份额总额 1,000,000,000.00 份；本期可供分配金额 169,507,821.32 元；单位可供分配金额 0.1695 元/份"
SSE_508009_20260828_24B0,508009,2026-08-28,2026-06-30,semiannual_report,False,中金安徽交控高速公路封闭式基础设施证券投资基金2026年中期报告,https://www.sse.com.cn/disclosure/fund/announcement/c/new/2026-08-28/508009_20260828_24B0.pdf,2026-09-05T13:15:00.010642+00:00,c173764f0d43ab92a55da9944bdbba7f7ba64e2e46ddc4876e168fdf98d0cc5b,2204209.0,success,,1000000000.0,257656734.18,0.2577,6.9145,"报告期末基金份额总额 1,000,000,000.00 份；本期可供分配金额 257,656,734.18 元；单位可供分配金额 0.2577 元/份"
SSE_508010_20250422_T9KQ,508010,2025-04-22,2025-03-31,quarterly_report,False,中金重庆两江产业园封闭式基础设施证券投资基金2025年第1季度报告,https://www.sse.com.cn/disclosure/fund/announcement/c/new/2025-04-22/508010_20250422_T9KQ.pdf,2026-09-05T13:15:00.113990+00:00,b947f8828820d0e2201ce2ab82f76fd6e981e0f57db40be79f1c898268db465c,662768.0,success,,400000000.0,14014908.88,0.035,,"报告期末基金份额总额 400,000,000.00 份；本期可供分配金额 14,014,908.88 元；单位可供分配金额 0.0350 元/份"
SSE_508010_20250721_E47G,508010,2025-07-21,2025-06-30,quarterly_report,False,中金重庆两江产业园封闭式基础设施证券投资基金2025年第2季度报告,https://www.sse.com.cn/disclosure/fund/announcement/c/new/2025-07-21/508010_20250721_E47G.pdf,2026-09-05T13:15:00.142292+00:00,e8a900d70774021253136b0216b5c44c9f1b9c6dd3bd09a0cc1c64fe1dd75b69,676105.0,success,,400000000.0,13310545.02,0.0333,,"报告期末基金份额总额 400,000,000.00 份；本期可供分配金额 13,310,545.02 元；单位可供分配金额 0.0333 元/份"
SSE_508010_20250829_MD4O,508010,2025-08-29,2025-06-30,semiannual_report,False,中金重庆两江产业园封闭式基础设施证券投资基金2025年中期报告,https://www.sse.com.cn/disclosure/fund/announcement/c/new/2025-08-29/508010_20250829_MD4O.pdf,2026-09-05T13:15:00.319909+00:00,5921b3642f578955282054fba2926f1e304a0f5a9c5629298de7ae5066e4468c,2036442.0,success,,400000000.0,27325453.9,0.0683,2.5801,"报告期末基金份额总额 400,000,000.00 份；本期可供分配金额 27,325,453.90 元；单位可供分配金额 0.0683 元/份"
SSE_508010_20251028_DXQC,508010,2025-10-28,2025-09-30,quarterly_report,False,中金重庆两江产业园封闭式基础设施证券投资基金2025年第3季度报告,https://www.sse.com.cn/disclosure/fund/announcement/c/new/2025-10-28/508010_20251028_DXQC.pdf,2026-09-05T13:15:00.368165+00:00,3c852e400895a3206496f81d1242fc9729a11c9b080f808bd5f9b9d3d8875718,675887.0,success,,400000000.0,13524043.54,0.0338,,"报告期末基金份额总额 400,000,000.00 份；本期可供分配金额 13,524,043.54 元；单位可供分配金额 0.0338 元/份"
SSE_508010_20260122_OMQ7,508010,2026-01-22,2025-12-31,quarterly_report,False,中金重庆两江产业园封闭式基础设施证券投资基金2025年第4季度报告,https://www.sse.com.cn/disclosure/fund/announcement/c/new/2026-01-22/508010_20260122_OMQ7.pdf,2026-09-05T13:15:00.561890+00:00,4893fd8c6fde749c9bc74c50231a50321d92642ecf7ac21c7f68188c5f299d39,767246.0,success,,400000000.0,13939538.18,0.0348,,"报告期末基金份额总额 400,000,000.00 份；本期可供分配金额 13,939,538.18 元；单位可供分配金额 0.0348 元/份"
SSE_508010_20260422_K4L6,508010,2026-04-22,2026-03-31,quarterly_report,False,中金重庆两江产业园封闭式基础设施证券投资基金2026年第1季度报告,https://www.sse.com.cn/disclosure/fund/announcement/c/new/2026-04-22/508010_20260422_K4L6.pdf,2026-09-05T13:15:00.606251+00:00,dbed4d60df8251e0fa941a00e56007904d4ee921dad314f51b17e43693449425,740719.0,success,,400000000.0,12870841.07,0.0322,,"报告期末基金份额总额 400,000,000.00 份；本期可供分配金额 12,870,841.07 元；单位可供分配金额 0.0322 元/份"
SSE_508010_20260721_IIIZ,508010,2026-07-21,2026-06-30,quarterly_report,False,中金重庆两江产业园封闭式基础设施证券投资基金2026年第2季度报告,https://www.sse.com.cn/disclosure/fund/announcement/c/new/2026-07-21/508010_20260721_IIIZ.pdf,2026-09-05T13:15:00.659210+00:00,8cb9f9b5c48c85b71660e1834426b5c4c4d8f0d59a1fa29308970fdaee6c89e4,733001.0,success,,400000000.0,15403113.16,0.0385,,"报告期末基金份额总额 400,000,000.00 份；本期可供分配金额 15,403,113.16 元；单位可供分配金额 0.0385 元/份"
SSE_508010_20260828_A19U,508010,2026-08-28,2026-06-30,semiannual_report,False,中金重庆两江产业园封闭式基础设施证券投资基金2026年中期报告,https://www.sse.com.cn/disclosure/fund/announcement/c/new/2026-08-28/508010_20260828_A19U.pdf,2026-09-05T13:15:00.813860+00:00,e73508f739f35c1926ec02b8a86742fc190a70aaab89f31f48880da26b87b49e,2041951.0,success,,400000000.0,28273954.23,0.0707,2.5536,"报告期末基金份额总额 400,000,000.00 份；本期可供分配金额 28,273,954.23 元；单位可供分配金额 0.0707 元/份"
SSE_508011_20240419_Y864,508011,2024-04-19,2024-03-31,quarterly_report,False,嘉实物美消费封闭式基础设施证券投资基金2024年第1季度报告,https://www.sse.com.cn/disclosure/fund/announcement/c/new/2024-04-19/508011_20240419_Y864.pdf,2026-09-05T13:15:00.830193+00:00,d8565f3542e9ddc957bf90d1aeec5f52870d51a25ef6ef427e210ad636a12cbe,546966.0,success,,400000000.0,12113239.77,0.0303,,"报告期末基金份额总额 400,000,000.00 份；本期可供分配金额 12,113,239.77 元；单位可供分配金额 0.0303 元/份"
SSE_508011_20240718_TH33,508011,2024-07-18,2024-06-30,quarterly_report,False,嘉实物美消费封闭式基础设施证券投资基金2024年第2季度报告,https://www.sse.com.cn/disclosure/fund/announcement/c/new/2024-07-18/508011_20240718_TH33.pdf,2026-09-05T13:15:00.852159+00:00,fbac0950b6ed64d51812369e3776f85ca9a7274114941a2659fa355fab1cb8f1,540116.0,success,,400000000.0,16251590.84,0.0406,,"报告期末基金份额总额 400,000,000.00 份；本期可供分配金额 16,251,590.84 元；单位可供分配金额 0.0406 元/份"
SSE_508011_20240830_AE5P,508011,2024-08-30,2024-06-30,semiannual_report,False,嘉实物美消费封闭式基础设施证券投资基金2024年中期报告,https://www.sse.com.cn/disclosure/fund/announcement/c/new/2024-08-30/508011_20240830_AE5P.pdf,2026-09-05T13:15:00.974627+00:00,99972cc4e913e943005b1dbb8d46c6bbb16e124e1065cc6cc46333636091860e,1959895.0,success,,400000000.0,28364830.61,0.0709,2.4219,"报告期末基金份额总额 400,000,000.00 份；本期可供分配金额 28,364,830.61 元；单位可供分配金额 0.0709 元/份"
SSE_508011_20241025_J6U3,508011,2024-10-25,2024-09-30,quarterly_report,False,嘉实物美消费封闭式基础设施证券投资基金2024年第3季度报告,https://www.sse.com.cn/disclosure/fund/announcement/c/new/2024-10-25/508011_20241025_J6U3.pdf,2026-09-05T13:15:01.072487+00:00,8aa50e5b9872c834c463e53d9d7d280fd17d5615a0187a6ebde077847efa2e7f,556029.0,success,,400000000.0,16847306.62,0.0421,,"报告期末基金份额总额 400,000,000.00 份；本期可供分配金额 16,847,306.62 元；单位可供分配金额 0.0421 元/份"
SSE_508011_20250122_LR4Z,508011,2025-01-22,2024-12-31,quarterly_report,False,嘉实物美消费封闭式基础设施证券投资基金2024年第4季度报告,https://www.sse.com.cn/disclosure/fund/announcement/c/new/2025-01-22/508011_20250122_LR4Z.pdf,2026-09-05T13:15:01.181135+00:00,ba01f157fdf18d9852008eb9331201f2138d81e112ac8f97e72efb434e200b11,668410.0,success,,400000000.0,16758617.66,0.0419,,"报告期末基金份额总额 400,000,000.00 份；本期可供分配金额 16,758,617.66 元；单位可供分配金额 0.0419 元/份"
SSE_508011_20250422_CFBA,508011,2025-04-22,2025-03-31,quarterly_report,False,嘉实物美消费封闭式基础设施证券投资基金2025年第1季度报告,https://www.sse.com.cn/disclosure/fund/announcement/c/new/2025-04-22/508011_20250422_CFBA.pdf,2026-09-05T13:15:01.187860+00:00,433210ef0cb286c679f9e3060682fbbd00eb7dc6e8e0d4386f92ade6b3f4f0f7,805641.0,success,,400000000.0,17983574.46,0.045,,"报告期末基金份额总额 400,000,000.00 份；本期可供分配金额 17,983,574.46 元；单位可供分配金额 0.0450 元/份"
SSE_508011_20250721_J101,508011,2025-07-21,2025-06-30,quarterly_report,False,嘉实物美消费封闭式基础设施证券投资基金2025年第2季度报告,https://www.sse.com.cn/disclosure/fund/announcement/c/new/2025-07-21/508011_20250721_J101.pdf,2026-09-05T13:15:01.436150+00:00,e88519b81226fe8fec275f1c0c7291db77c7c82f375d324a6450ad59f05ceb94,805130.0,success,,400000000.0,17310734.26,0.0433,,"报告期末基金份额总额 400,000,000.00 份；本期可供分配金额 17,310,734.26 元；单位可供分配金额 0.0433 元/份"
SSE_508011_20250829_4LEC,508011,2025-08-29,2025-06-30,semiannual_report,False,嘉实物美消费封闭式基础设施证券投资基金2025年中期报告,https://www.sse.com.cn/disclosure/fund/announcement/c/new/2025-08-29/508011_20250829_4LEC.pdf,2026-09-05T13:15:01.569628+00:00,2b9a744e57cf58defdf5ede2b96b40e1998111e13612f3cf34bda5aa88218fb4,2542475.0,success,,400000000.0,35294308.72,0.0882,2.3573,"报告期末基金份额总额 400,000,000.00 份；本期可供分配金额 35,294,308.72 元；单位可供分配金额 0.0882 元/份"
SSE_508011_20251028_403I,508011,2025-10-28,2025-09-30,quarterly_report,False,嘉实物美消费封闭式基础设施证券投资基金2025年第3季度报告,https://www.sse.com.cn/disclosure/fund/announcement/c/new/2025-10-28/508011_20251028_403I.pdf,2026-09-05T13:15:01.574795+00:00,331b17ce9aad4379c23d2baec50ea0cdf14be4f7fda18eb3f6e6be00ae41737c,803962.0,success,,400000000.0,17242635.16,0.0431,,"报告期末基金份额总额 400,000,000.00 份；本期可供分配金额 17,242,635.16 元；单位可供分配金额 0.0431 元/份"
SSE_508011_20260122_SAQU,508011,2026-01-22,2025-12-31,quarterly_report,False,嘉实物美消费封闭式基础设施证券投资基金2025年第4季度报告,https://www.sse.com.cn/disclosure/fund/announcement/c/new/2026-01-22/508011_20260122_SAQU.pdf,2026-09-05T13:15:01.668667+00:00,ddd799e0c9945e4e2299b3f8c87c491e99b83974999906bf8680795256521580,803046.0,success,,400000000.0,17250371.3,0.0431,,"报告期末基金份额总额 400,000,000.00 份；本期可供分配金额 17,250,371.30 元；单位可供分配金额 0.0431 元/份"
SSE_508011_20260422_SLV7,508011,2026-04-22,2026-03-31,quarterly_report,False,嘉实物美消费封闭式基础设施证券投资基金2026年第1季度报告,https://www.sse.com.cn/disclosure/fund/announcement/c/new/2026-04-22/508011_20260422_SLV7.pdf,2026-09-05T13:15:01.694608+00:00,347ff2bd7e8f52fd71c7a7d6087b213e6526bb9e530613fed39639ebc9e50927,790991.0,success,,400000000.0,18066521.83,0.0452,,"报告期末基金份额总额 400,000,000.00 份；本期可供分配金额 18,066,521.83 元；单位可供分配金额 0.0452 元/份"
SSE_508011_20260721_IKC5,508011,2026-07-21,2026-06-30,quarterly_report,False,嘉实物美消费封闭式基础设施证券投资基金2026年第2季度报告,https://www.sse.com.cn/disclosure/fund/announcement/c/new/2026-07-21/508011_20260721_IKC5.pdf,2026-09-05T13:15:01.730307+00:00,a96e76d6d13c74a9a70da5c29e05f6f48ac7dd89f83ef8b97c84575200bf6263,799245.0,success,,400000000.0,18114006.23,0.0453,,"报告期末基金份额总额 400,000,000.00 份；本期可供分配金额 18,114,006.23 元；单位可供分配金额 0.0453 元/份"
SSE_508012_20250421_7TB1,508012,2025-04-21,2025-03-31,quarterly_report,False,招商科创孵化器封闭式基础设施证券投资基金2025年第1季度报告,https://www.sse.com.cn/disclosure/fund/announcement/c/new/2025-04-21/508012_20250421_7TB1.pdf,2026-09-05T13:15:01.771308+00:00,a3016842f6d59bb74627e19a1d0e21471c1210ac7a9c6831e71caa591a5f35b8,925893.0,success,,300000000.0,9794593.62,0.0326,,"报告期末基金份额总额 300,000,000.00 份；本期可供分配金额 9,794,593.62 元；单位可供分配金额 0.0326 元/份"
SSE_508012_20250718_6W5E,508012,2025-07-18,2025-06-30,quarterly_report,False,招商科创孵化器封闭式基础设施证券投资基金2025年第2季度报告,https://www.sse.com.cn/disclosure/fund/announcement/c/new/2025-07-18/508012_20250718_6W5E.pdf,2026-09-05T13:15:01.939249+00:00,a3b1773e6f1d63154c069ffe9334c65e791c6829dd8ad0c41fb8c6d69ccfe064,910777.0,success,,300000000.0,12550040.2,0.0418,,"报告期末基金份额总额 300,000,000.00 份；本期可供分配金额 12,550,040.20 元；单位可供分配金额 0.0418 元/份"
SSE_508012_20250828_RSQ2,508012,2025-08-28,2025-06-30,semiannual_report,False,招商科创孵化器封闭式基础设施证券投资基金2025年中期报告,https://www.sse.com.cn/disclosure/fund/announcement/c/new/2025-08-28/508012_20250828_RSQ2.pdf,2026-09-05T13:15:01.964782+00:00,c6317472d3709846202725055eb4ddda4197c4c0b1e744c798842c11e8194880,4070695.0,success,,300000000.0,22344633.82,0.0745,3.1566,"报告期末基金份额总额 300,000,000.00 份；本期可供分配金额 22,344,633.82 元；单位可供分配金额 0.0745 元/份"
SSE_508012_20251027_9LJ2,508012,2025-10-27,2025-09-30,quarterly_report,False,招商科创孵化器封闭式基础设施证券投资基金2025年第3季度报告,https://www.sse.com.cn/disclosure/fund/announcement/c/new/2025-10-27/508012_20251027_9LJ2.pdf,2026-09-05T13:15:01.977791+00:00,15c2e587448cafc7edc286fd992e3327ad5457793e58e82abbc4f4639b7b0b53,900624.0,success,,300000000.0,5403943.76,0.018,,"报告期末基金份额总额 300,000,000.00 份；本期可供分配金额 5,403,943.76 元；单位可供分配金额 0.0180 元/份"
SSE_508012_20260122_FHO1,508012,2026-01-22,2025-12-31,quarterly_report,False,招商科创孵化器封闭式基础设施证券投资基金2025年第4季度报告,https://www.sse.com.cn/disclosure/fund/announcement/c/new/2026-01-22/508012_20260122_FHO1.pdf,2026-09-05T13:15:02.136477+00:00,b8d870d7981349e69c1c7539d4fe61e62a56ef643fa4e30e573f4fccccf201ca,1005045.0,success,,300000000.0,17784425.26,0.0593,,"报告期末基金份额总额 300,000,000.00 份；本期可供分配金额 17,784,425.26 元；单位可供分配金额 0.0593 元/份"
SSE_508012_20260422_R0SC,508012,2026-04-22,2026-03-31,quarterly_report,False,招商科创孵化器封闭式基础设施证券投资基金2026年第1季度报告,https://www.sse.com.cn/disclosure/fund/announcement/c/new/2026-04-22/508012_20260422_R0SC.pdf,2026-09-05T13:15:02.164953+00:00,8aa502eac229ffcf3bd5c18dbe808866a32125c7e7ba53c217e7e21e690f96d3,1032818.0,success,,300000000.0,5388436.68,0.018,,"报告期末基金份额总额 300,000,000.00 份；本期可供分配金额 5,388,436.68 元；单位可供分配金额 0.0180 元/份"
SSE_508012_20260721_OH0W,508012,2026-07-21,2026-06-30,quarterly_report,False,招商科创孵化器封闭式基础设施证券投资基金2026年第2季度报告,https://www.sse.com.cn/disclosure/fund/announcement/c/new/2026-07-21/508012_20260721_OH0W.pdf,2026-09-05T13:15:02.303093+00:00,13ec3c2f2fdd0abbe873db971bc53c2179245c448c60ffac93d2a90596ebf02e,236268.0,success,,300000000.0,7611152.45,0.0254,,"报告期末基金份额总额 300,000,000.00 份；本期可供分配金额 7,611,152.45 元；单位可供分配金额 0.0254 元/份"
SSE_508015_20241025_R084,508015,2024-10-25,2024-09-30,quarterly_report,False,中信建投明阳智能新能源封闭式基础设施证券投资基金2024年第3季度报告,https://www.sse.com.cn/disclosure/fund/announcement/c/new/2024-10-25/508015_20241025_R084.pdf,2026-09-05T13:15:02.339197+00:00,c7880d2831afeabe5b881726a3d0913f5961a9b27a8ab7e7be1fa0bd71b66437,306273.0,success,,200000000.0,40063153.45,0.2003,,"报告期末基金份额总额 200,000,000.00 份；本期可供分配金额 40,063,153.45 元；单位可供分配金额 0.2003 元/份"
SSE_508015_20250122_D96V,508015,2025-01-22,2024-12-31,quarterly_report,False,中信建投明阳智能新能源封闭式基础设施证券投资基金2024年第4季度报告,https://www.sse.com.cn/disclosure/fund/announcement/c/new/2025-01-22/508015_20250122_D96V.pdf,2026-09-05T13:15:02.522681+00:00,139d67e8f3311512871dfa115f95e10275491ec056fa03b13ad74d44f8b2da64,351640.0,success,,200000000.0,25207584.15,0.126,,"报告期末基金份额总额 200,000,000.00 份；本期可供分配金额 25,207,584.15 元；单位可供分配金额 0.1260 元/份"
SSE_508015_20250422_BBLN,508015,2025-04-22,2025-03-31,quarterly_report,False,中信建投明阳智能新能源封闭式基础设施证券投资基金2025年第1季度报告,https://www.sse.com.cn/disclosure/fund/announcement/c/new/2025-04-22/508015_20250422_BBLN.pdf,2026-09-05T13:15:02.533426+00:00,4bc7bb789d717feddc87273f4f861ff8eaccd913f709975ec5543c0e565827df,260747.0,success,,200000000.0,26486466.41,0.1324,,"报告期末基金份额总额 200,000,000.00 份；本期可供分配金额 26,486,466.41 元；单位可供分配金额 0.1324 元/份"
SSE_508015_20250721_8UKV,508015,2025-07-21,2025-06-30,quarterly_report,False,中信建投明阳智能新能源封闭式基础设施证券投资基金2025年第2季度报告,https://www.sse.com.cn/disclosure/fund/announcement/c/new/2025-07-21/508015_20250721_8UKV.pdf,2026-09-05T13:15:02.539511+00:00,04545337955a67bf936fed5d8a492f043519c62e77b5551104ab84891d3bb8f9,274541.0,success,,200000000.0,10236858.57,0.0512,,"报告期末基金份额总额 200,000,000.00 份；本期可供分配金额 10,236,858.57 元；单位可供分配金额 0.0512 元/份"
SSE_508015_20250829_DHPK,508015,2025-08-29,2025-06-30,semiannual_report,False,中信建投明阳智能新能源封闭式基础设施证券投资基金2025年中期报告,https://www.sse.com.cn/disclosure/fund/announcement/c/new/2025-08-29/508015_20250829_DHPK.pdf,2026-09-05T13:15:02.607085+00:00,70e3b37e2d85a698a468f1f99a2054f498efdf10e8cc5942322696bde2d654d3,666830.0,success,,200000000.0,36723324.98,0.1836,5.7834,"报告期末基金份额总额 200,000,000.00 份；本期可供分配金额 36,723,324.98 元；单位可供分配金额 0.1836 元/份"
SSE_508015_20250829_SD32,508015,2025-08-29,2025-06-30,semiannual_report,True,中信建投明阳智能新能源封闭式基础设施证券投资基金2025年中期报告（更正稿）,https://www.sse.com.cn/disclosure/fund/announcement/c/new/2025-08-29/508015_20250829_SD32.pdf,2026-09-05T13:15:02.607909+00:00,3e5f7116befbcda4cce07032613085ade578a6e3baea6b3c5894a531a133535b,666680.0,success,,200000000.0,36723324.98,0.1836,5.7834,"报告期末基金份额总额 200,000,000.00 份；本期可供分配金额 36,723,324.98 元；单位可供分配金额 0.1836 元/份"
SSE_508015_20251028_9PBN,508015,2025-10-28,2025-09-30,quarterly_report,False,中信建投明阳智能新能源封闭式基础设施证券投资基金2025年第3季度报告,https://www.sse.com.cn/disclosure/fund/announcement/c/new/2025-10-28/508015_20251028_9PBN.pdf,2026-09-05T13:15:02.736315+00:00,fa3c37815d3bb44ef9008ff915a83381a2502f60b42f57d460866f1eb0f032a0,306537.0,success,,200000000.0,43349725.13,0.2167,,"报告期末基金份额总额 200,000,000.00 份；本期可供分配金额 43,349,725.13 元；单位可供分配金额 0.2167 元/份"
SSE_508015_20260122_OSDV,508015,2026-01-22,2025-12-31,quarterly_report,False,中信建投明阳智能新能源封闭式基础设施证券投资基金2025年第4季度报告,https://www.sse.com.cn/disclosure/fund/announcement/c/new/2026-01-22/508015_20260122_OSDV.pdf,2026-09-05T13:15:02.738196+00:00,8761b128acfc40a1d395d9ef4bc95e704afed05dedfb0c250fdf6a8c670f3f26,294643.0,success,,200000000.0,25463482.81,0.1273,,"报告期末基金份额总额 200,000,000.00 份；本期可供分配金额 25,463,482.81 元；单位可供分配金额 0.1273 元/份"
SSE_508015_20260422_XVO2,508015,2026-04-22,2026-03-31,quarterly_report,False,中信建投明阳智能新能源封闭式基础设施证券投资基金2026年第1季度报告,https://www.sse.com.cn/disclosure/fund/announcement/c/new/2026-04-22/508015_20260422_XVO2.pdf,2026-09-05T13:15:02.770983+00:00,3f894cfb2760f406eaf730d38a078fbdd2eafc275c18f7e90c8b907650993062,270078.0,success,,200000000.0,15191500.35,0.076,,"报告期末基金份额总额 200,000,000.00 份；本期可供分配金额 15,191,500.35 元；单位可供分配金额 0.0760 元/份"
SSE_508015_20260721_ICJD,508015,2026-07-21,2026-06-30,quarterly_report,False,中信建投明阳智能新能源封闭式基础设施证券投资基金2026年第2季度报告,https://www.sse.com.cn/disclosure/fund/announcement/c/new/2026-07-21/508015_20260721_ICJD.pdf,2026-09-05T13:15:02.904355+00:00,2a01daf2ce9d82c97c1cf237b939c9fbc8221910556d9843d24e4b8a0bfedba5,300189.0,success,,200000000.0,11017792.83,0.0551,,"报告期末基金份额总额 200,000,000.00 份；本期可供分配金额 11,017,792.83 元；单位可供分配金额 0.0551 元/份"
SSE_508016_20251028_4QLP,508016,2025-10-28,2025-09-30,quarterly_report,False,华夏华电清洁能源封闭式基础设施证券投资基金2025年第3季度报告,https://www.sse.com.cn/disclosure/fund/announcement/c/new/2025-10-28/508016_20251028_4QLP.pdf,2026-09-05T13:15:02.930061+00:00,652b0b3f34ce98a4d5ccc750815430bccf5ccf1ac0a569515d521b7eaf7e251f,500654.0,success,,500000000.0,24479535.65,0.049,,"报告期末基金份额总额 500,000,000.00 份；本期可供分配金额 24,479,535.65 元；单位可供分配金额 0.0490 元/份"
SSE_508016_20260122_AGE1,508016,2026-01-22,2025-12-31,quarterly_report,False,华夏华电清洁能源封闭式基础设施证券投资基金2025年第4季度报告,https://www.sse.com.cn/disclosure/fund/announcement/c/new/2026-01-22/508016_20260122_AGE1.pdf,2026-09-05T13:15:02.945475+00:00,1b77a24e7de68b5db55fd16b137db36c5aabba0d015e81a39dd5a40b3639b260,461923.0,success,,500000000.0,29017691.83,0.058,,"报告期末基金份额总额 500,000,000.00 份；本期可供分配金额 29,017,691.83 元；单位可供分配金额 0.0580 元/份"
SSE_508016_20260422_02CC,508016,2026-04-22,2026-03-31,quarterly_report,False,华夏华电清洁能源封闭式基础设施证券投资基金2026年第1季度报告,https://www.sse.com.cn/disclosure/fund/announcement/c/new/2026-04-22/508016_20260422_02CC.pdf,2026-09-05T13:15:02.962574+00:00,70454eaa68027bc93b88579b612dc9e138a85abe4ac031d6df3045bc017a933c,435228.0,success,,500000000.0,29895624.7,0.0598,,"报告期末基金份额总额 500,000,000.00 份；本期可供分配金额 29,895,624.70 元；单位可供分配金额 0.0598 元/份"
SSE_508016_20260721_0CI6,508016,2026-07-21,2026-06-30,quarterly_report,False,华夏华电清洁能源封闭式基础设施证券投资基金2026年第2季度报告,https://www.sse.com.cn/disclosure/fund/announcement/c/new/2026-07-21/508016_20260721_0CI6.pdf,2026-09-05T13:15:02.965052+00:00,2fb87c7c6360e469a50a0be47ea7a3c1a06b034a197ab44f29d48973bae61330,468232.0,success,,500000000.0,30347468.07,0.0607,,"报告期末基金份额总额 500,000,000.00 份；本期可供分配金额 30,347,468.07 元；单位可供分配金额 0.0607 元/份"
SSE_508017_20240419_330P,508017,2024-04-19,2024-03-31,quarterly_report,False,华夏金茂购物中心封闭式基础设施证券投资基金2024年第1季度报告,https://www.sse.com.cn/disclosure/fund/announcement/c/new/2024-04-19/508017_20240419_330P.pdf,2026-09-05T13:15:03.089154+00:00,3ddf863019617505b8e3539d0c3ed652102b5e934906498deb7563d9771cf41e,291037.0,success,,400000000.0,8872786.22,0.0222,,"报告期末基金份额总额 400,000,000.00 份；本期可供分配金额 8,872,786.22 元；单位可供分配金额 0.0222 元/份"
SSE_508017_20240718_ZWX6,508017,2024-07-18,2024-06-30,quarterly_report,False,华夏金茂购物中心封闭式基础设施证券投资基金2024年第2季度报告,https://www.sse.com.cn/disclosure/fund/announcement/c/new/2024-07-18/508017_20240718_ZWX6.pdf,2026-09-05T13:15:03.162648+00:00,a799a1f2afe4486a00830690dcc514cc7e5122709de37c1bf303881fb74bced2,361195.0,success,,400000000.0,13303698.87,0.0333,,"报告期末基金份额总额 400,000,000.00 份；本期可供分配金额 13,303,698.87 元；单位可供分配金额 0.0333 元/份"
SSE_508017_20240830_COVA,508017,2024-08-30,2024-06-30,semiannual_report,False,华夏金茂购物中心封闭式基础设施证券投资基金2024年中期报告,https://www.sse.com.cn/disclosure/fund/announcement/c/new/2024-08-30/508017_20240830_COVA.pdf,2026-09-05T13:15:03.185884+00:00,d41912111667e5c8bedf4fcf915671945b59b2b6655ed2cd4c5e3dfd0fecf7fd,1412177.0,success,,400000000.0,22176485.09,0.0554,2.6643,"报告期末基金份额总额 400,000,000.00 份；本期可供分配金额 22,176,485.09 元；单位可供分配金额 0.0554 元/份"
SSE_508017_20241025_6ICY,508017,2024-10-25,2024-09-30,quarterly_report,False,华夏金茂购物中心封闭式基础设施证券投资基金2024年第3季度报告,https://www.sse.com.cn/disclosure/fund/announcement/c/new/2024-10-25/508017_20241025_6ICY.pdf,2026-09-05T13:15:03.443660+00:00,e575df3c33ace185ca02b5a1f9356e15be3fc0eb6c00a05df3686bfe90a039d6,361021.0,success,,400000000.0,13585151.39,0.034,,"报告期末基金份额总额 400,000,000.00 份；本期可供分配金额 13,585,151.39 元；单位可供分配金额 0.0340 元/份"
SSE_508017_20250122_K275,508017,2025-01-22,2024-12-31,quarterly_report,False,华夏金茂购物中心封闭式基础设施证券投资基金2024年第4季度报告,https://www.sse.com.cn/disclosure/fund/announcement/c/new/2025-01-22/508017_20250122_K275.pdf,2026-09-05T13:15:03.472593+00:00,d069d6abf467176e665e7a58ec90e6549e5d91d243fa32b9aae4baaade3c76f9,539607.0,success,,400000000.0,13830518.52,0.0346,,"报告期末基金份额总额 400,000,000.00 份；本期可供分配金额 13,830,518.52 元；单位可供分配金额 0.0346 元/份"
SSE_508017_20250422_DRG3,508017,2025-04-22,2025-03-31,quarterly_report,False,华夏金茂购物中心封闭式基础设施证券投资基金2025年第1季度报告,https://www.sse.com.cn/disclosure/fund/announcement/c/new/2025-04-22/508017_20250422_DRG3.pdf,2026-09-05T13:15:03.487114+00:00,1a2c9db32c09c4889b9cfb8d42e59bba9edd8bb9fc0d42d8b1bb8901c2a24520,535547.0,success,,400000000.0,14112850.58,0.0353,,"报告期末基金份额总额 400,000,000.00 份；本期可供分配金额 14,112,850.58 元；单位可供分配金额 0.0353 元/份"
SSE_508017_20250721_EODK,508017,2025-07-21,2025-06-30,quarterly_report,False,华夏金茂购物中心封闭式基础设施证券投资基金2025年第2季度报告,https://www.sse.com.cn/disclosure/fund/announcement/c/new/2025-07-21/508017_20250721_EODK.pdf,2026-09-05T13:15:03.563655+00:00,4a8321c5a18871ce95ae4aa8a7322e17a49b0fb4ac49134bad7ce74f04c5ad8a,492373.0,success,,400000000.0,14613597.78,0.0365,,"报告期末基金份额总额 400,000,000.00 份；本期可供分配金额 14,613,597.78 元；单位可供分配金额 0.0365 元/份"
SSE_508017_20250830_JSS6,508017,2025-08-30,2025-06-30,semiannual_report,False,华夏金茂购物中心封闭式基础设施证券投资基金2025年中期报告,https://www.sse.com.cn/disclosure/fund/announcement/c/new/2025-08-30/508017_20250830_JSS6.pdf,2026-09-05T13:15:03.587738+00:00,c4ade2801e2153d3e023e1d36187934468fefd6a47b7e0c377896f7e2c48580f,679677.0,success,,400000000.0,28726448.36,0.0718,2.5572,"报告期末基金份额总额 400,000,000.00 份；本期可供分配金额 28,726,448.36 元；单位可供分配金额 0.0718 元/份"
SSE_508017_20251028_5438,508017,2025-10-28,2025-09-30,quarterly_report,False,华夏金茂购物中心封闭式基础设施证券投资基金2025年第3季度报告,https://www.sse.com.cn/disclosure/fund/announcement/c/new/2025-10-28/508017_20251028_5438.pdf,2026-09-05T13:15:03.714207+00:00,8bb2f4aff2398ed6e7ea201a0958dba800a46a54226c8aadce5d6a70f43bca85,301802.0,success,,400000000.0,15020081.96,0.0376,,"报告期末基金份额总额 400,000,000.00 份；本期可供分配金额 15,020,081.96 元；单位可供分配金额 0.0376 元/份"
SSE_508017_20260122_7JTS,508017,2026-01-22,2025-12-31,quarterly_report,False,华夏金茂购物中心封闭式基础设施证券投资基金2025年第4季度报告,https://www.sse.com.cn/disclosure/fund/announcement/c/new/2026-01-22/508017_20260122_7JTS.pdf,2026-09-05T13:15:03.733374+00:00,37558e431c98ef4381acda7df68560f67166f5c0ab67863073ca23b2ba2f9b23,465061.0,success,,400000000.0,14958270.72,0.0374,,"报告期末基金份额总额 400,000,000.00 份；本期可供分配金额 14,958,270.72 元；单位可供分配金额 0.0374 元/份"
SSE_508017_20260422_0PUD,508017,2026-04-22,2026-03-31,quarterly_report,False,华夏金茂购物中心封闭式基础设施证券投资基金2026年第1季度报告,https://www.sse.com.cn/disclosure/fund/announcement/c/new/2026-04-22/508017_20260422_0PUD.pdf,2026-09-05T13:15:03.791076+00:00,29fd6681975ed277df2987904752f8601b5e775bc4eed26bcf8de706d017ea1f,281016.0,success,,400000000.0,14718382.5,0.0368,,"报告期末基金份额总额 400,000,000.00 份；本期可供分配金额 14,718,382.50 元；单位可供分配金额 0.0368 元/份"
SSE_508017_20260721_GLNA,508017,2026-07-21,2026-06-30,quarterly_report,False,华夏金茂消费封闭式基础设施证券投资基金2026年第2季度报告,https://www.sse.com.cn/disclosure/fund/announcement/c/new/2026-07-21/508017_20260721_GLNA.pdf,2026-09-05T13:15:03.795344+00:00,f395f34107ce6f43b753517827e0e6af17b39144753bf6ada41104f62aff3d93,493426.0,success,,400000000.0,14949276.6,0.0374,,"报告期末基金份额总额 400,000,000.00 份；本期可供分配金额 14,949,276.60 元；单位可供分配金额 0.0374 元/份"
SSE_508018_20220720_1_SKpD2qgu,508018,2022-07-20,2022-06-30,quarterly_report,False,华夏中国交建高速公路封闭式基础设施证券投资基金2022年第2季度报告,https://www.sse.com.cn/disclosure/fund/announcement/c/new/2022-07-20/508018_20220720_1_SKpD2qgu.pdf,2026-09-05T13:15:03.839704+00:00,6a706e378c63eec1b9d46aa39384b1fa9f0326ab0970deb195e43afa32db94fa,275606.0,success,,1000000000.0,82904520.3,0.0829,,"报告期末基金份额总额 1,000,000,000.00 份；本期可供分配金额 82,904,520.30 元；单位可供分配金额 0.0829 元/份"
SSE_508018_20220830_1_A1xgkEF5,508018,2022-08-30,2022-06-30,semiannual_report,False,华夏中国交建高速公路封闭式基础设施证券投资基金2022年中期报告,https://www.sse.com.cn/disclosure/fund/announcement/c/new/2022-08-30/508018_20220830_1_A1xgkEF5.pdf,2026-09-05T13:15:03.939766+00:00,a626e4d53458c1666b09b50fa520b3f9a41b42ab155234d11d82890699a9c8e0,1086460.0,success,,1000000000.0,82904520.3,0.0829,9.4322,"报告期末基金份额总额 1,000,000,000.00 份；本期可供分配金额 82,904,520.30 元；单位可供分配金额 0.0829 元/份"
SSE_508018_20221025_1_G26c2WFE,508018,2022-10-25,2022-09-30,quarterly_report,False,华夏中国交建高速公路封闭式基础设施证券投资基金2022年第3季度报告,https://www.sse.com.cn/disclosure/fund/announcement/c/new/2022-10-25/508018_20221025_1_G26c2WFE.pdf,2026-09-05T13:15:03.942683+00:00,b1ecc591e13d4d2ef819ef3d744db78c8dc0fa17061fb2a05e46443c551d06b9,281066.0,success,,1000000000.0,94925333.86,0.0949,,"报告期末基金份额总额 1,000,000,000.00 份；本期可供分配金额 94,925,333.86 元；单位可供分配金额 0.0949 元/份"
SSE_508018_20230120_7AUZ,508018,2023-01-20,2022-12-31,quarterly_report,False,华夏中国交建高速公路封闭式基础设施证券投资基金2022年第4季度报告,https://www.sse.com.cn/disclosure/fund/announcement/c/new/2023-01-20/508018_20230120_7AUZ.pdf,2026-09-05T13:15:03.996227+00:00,68c99e9c861cf932073b1952abfdb858a394f306da36f25cfa3f53a9e924bcbc,279881.0,success,,1000000000.0,72768065.71,0.0728,,"报告期末基金份额总额 1,000,000,000.00 份；本期可供分配金额 72,768,065.71 元；单位可供分配金额 0.0728 元/份"
SSE_508018_20230421_ZA7D,508018,2023-04-21,2023-03-31,quarterly_report,False,华夏中国交建高速公路封闭式基础设施证券投资基金2023年第1季度报告,https://www.sse.com.cn/disclosure/fund/announcement/c/new/2023-04-21/508018_20230421_ZA7D.pdf,2026-09-05T13:15:03.998824+00:00,964ecfd67e47d1e754b406a22d8903ffdab5c452e7084cd36652825674796058,287762.0,success,,1000000000.0,93398509.9,0.0934,,"报告期末基金份额总额 1,000,000,000.00 份；本期可供分配金额 93,398,509.90 元；单位可供分配金额 0.0934 元/份"
SSE_508018_20230720_3TGU,508018,2023-07-20,2023-06-30,quarterly_report,False,华夏中国交建高速公路封闭式基础设施证券投资基金2023年第2季度报告,https://www.sse.com.cn/disclosure/fund/announcement/c/new/2023-07-20/508018_20230720_3TGU.pdf,2026-09-05T13:15:04.019785+00:00,04b54baa0508186d987257d6864e0f17b94c342c8c3d3d0ec54caebe06a4eadf,306034.0,success,,1000000000.0,70440468.15,0.0704,,"报告期末基金份额总额 1,000,000,000.00 份；本期可供分配金额 70,440,468.15 元；单位可供分配金额 0.0704 元/份"
SSE_508018_20230830_YCFQ,508018,2023-08-30,2023-06-30,semiannual_report,False,华夏中国交建高速公路封闭式基础设施证券投资基金2023年中期报告,https://www.sse.com.cn/disclosure/fund/announcement/c/new/2023-08-30/508018_20230830_YCFQ.pdf,2026-09-05T13:15:04.186929+00:00,1c520a93a75b2ac37a485a1536e2ea900745c81127e965de49c872931d990da7,1598468.0,success,,1000000000.0,163838978.05,0.1638,9.1662,"报告期末基金份额总额 1,000,000,000.00 份；本期可供分配金额 163,838,978.05 元；单位可供分配金额 0.1638 元/份"
SSE_508018_20231024_PTGV,508018,2023-10-24,2023-09-30,quarterly_report,False,华夏中国交建高速公路封闭式基础设施证券投资基金2023年第3季度报告,https://www.sse.com.cn/disclosure/fund/announcement/c/new/2023-10-24/508018_20231024_PTGV.pdf,2026-09-05T13:15:04.246156+00:00,2f5ec3f48d4cea461124d0abb4cea1cd4c9d2f5c7652fe97f7e9451b43b3901c,297828.0,success,,1000000000.0,78882742.92,0.0789,,"报告期末基金份额总额 1,000,000,000.00 份；本期可供分配金额 78,882,742.92 元；单位可供分配金额 0.0789 元/份"
SSE_508018_20240119_T5TG,508018,2024-01-19,2023-12-31,quarterly_report,False,华夏中国交建高速公路封闭式基础设施证券投资基金2023年第4季度报告,https://www.sse.com.cn/disclosure/fund/announcement/c/new/2024-01-19/508018_20240119_T5TG.pdf,2026-09-05T13:15:04.258355+00:00,5c5f14994cbad08ee98dabf8d843ebdd3dc067cb99b192a181afebe46b7c3507,299745.0,success,,1000000000.0,77636355.64,0.0776,,"报告期末基金份额总额 1,000,000,000.00 份；本期可供分配金额 77,636,355.64 元；单位可供分配金额 0.0776 元/份"
SSE_508018_20240419_UIX1,508018,2024-04-19,2024-03-31,quarterly_report,False,华夏中国交建高速公路封闭式基础设施证券投资基金2024年第1季度报告,https://www.sse.com.cn/disclosure/fund/announcement/c/new/2024-04-19/508018_20240419_UIX1.pdf,2026-09-05T13:15:04.258729+00:00,8047ec4e2c4355427da002a751137b0abf072d9ca89826ffc547cd15f91a1fe5,296587.0,success,,1000000000.0,72003426.46,0.072,,"报告期末基金份额总额 1,000,000,000.00 份；本期可供分配金额 72,003,426.46 元；单位可供分配金额 0.0720 元/份"
SSE_508018_20240718_B4R7,508018,2024-07-18,2024-06-30,quarterly_report,False,华夏中国交建高速公路封闭式基础设施证券投资基金2024年第2季度报告,https://www.sse.com.cn/disclosure/fund/announcement/c/new/2024-07-18/508018_20240718_B4R7.pdf,2026-09-05T13:15:04.324235+00:00,90d4c04589e207be7390255cd84739bf2511e09fd68f7e99b8f3fe4129da5f7d,420644.0,success,,1000000000.0,60848438.03,0.0608,,"报告期末基金份额总额 1,000,000,000.00 份；本期可供分配金额 60,848,438.03 元；单位可供分配金额 0.0608 元/份"
SSE_508018_20240830_DJQY,508018,2024-08-30,2024-06-30,semiannual_report,False,华夏中国交建高速公路封闭式基础设施证券投资基金2024年中期报告,https://www.sse.com.cn/disclosure/fund/announcement/c/new/2024-08-30/508018_20240830_DJQY.pdf,2026-09-05T13:15:04.422964+00:00,3a9e9067ec1c0876f6c9148fa9e09f24a41c67e9ef1dfe519415130f18e7dd11,1586932.0,success,,1000000000.0,132851864.49,0.1329,8.9383,"报告期末基金份额总额 1,000,000,000.00 份；本期可供分配金额 132,851,864.49 元；单位可供分配金额 0.1329 元/份"
SSE_508018_20241025_3E0F,508018,2024-10-25,2024-09-30,quarterly_report,False,华夏中国交建高速公路封闭式基础设施证券投资基金2024年第3季度报告,https://www.sse.com.cn/disclosure/fund/announcement/c/new/2024-10-25/508018_20241025_3E0F.pdf,2026-09-05T13:15:04.463277+00:00,2f7d5b7d4a59b7d91f767d04e3a4c2ac4e76603c798c512e7db87807b3fb2641,383592.0,success,,1000000000.0,78398516.37,0.0784,,"报告期末基金份额总额 1,000,000,000.00 份；本期可供分配金额 78,398,516.37 元；单位可供分配金额 0.0784 元/份"
SSE_508018_20250122_8BLC,508018,2025-01-22,2024-12-31,quarterly_report,False,华夏中国交建高速公路封闭式基础设施证券投资基金2024年第4季度报告,https://www.sse.com.cn/disclosure/fund/announcement/c/new/2025-01-22/508018_20250122_8BLC.pdf,2026-09-05T13:15:04.471140+00:00,dd070e6f0113208836e9c8342fef1da166f07108477e2b9fd3f41dc7fea1557c,723977.0,success,,1000000000.0,53518727.16,0.0535,,"报告期末基金份额总额 1,000,000,000.00 份；本期可供分配金额 53,518,727.16 元；单位可供分配金额 0.0535 元/份"
SSE_508018_20250422_PA2W,508018,2025-04-22,2025-03-31,quarterly_report,False,华夏中国交建高速公路封闭式基础设施证券投资基金2025年第1季度报告,https://www.sse.com.cn/disclosure/fund/announcement/c/new/2025-04-22/508018_20250422_PA2W.pdf,2026-09-05T13:15:04.512451+00:00,4e8f441763ac3873ea3ceaee8e899c73e4b23eaf37276c451eb32d4955cf6e31,565207.0,success,,1000000000.0,72638822.55,0.0726,,"报告期末基金份额总额 1,000,000,000.00 份；本期可供分配金额 72,638,822.55 元；单位可供分配金额 0.0726 元/份"
SSE_508018_20250721_QGWH,508018,2025-07-21,2025-06-30,quarterly_report,False,华夏中国交建高速公路封闭式基础设施证券投资基金2025年第2季度报告,https://www.sse.com.cn/disclosure/fund/announcement/c/new/2025-07-21/508018_20250721_QGWH.pdf,2026-09-05T13:15:04.853247+00:00,42dfed630671ef465221e1a37e7d1b330a84f21b40811ce5f36d9524326f6a24,511361.0,success,,1000000000.0,59300483.12,0.0593,,"报告期末基金份额总额 1,000,000,000.00 份；本期可供分配金额 59,300,483.12 元；单位可供分配金额 0.0593 元/份"
SSE_508018_20250830_9EWV,508018,2025-08-30,2025-06-30,semiannual_report,False,华夏中国交建高速公路封闭式基础设施证券投资基金2025年中期报告,https://www.sse.com.cn/disclosure/fund/announcement/c/new/2025-08-30/508018_20250830_9EWV.pdf,2026-09-05T13:15:04.878028+00:00,adb092d4e726f7ce6c22718fc1b3607b7a4ecf3cd5075901b5e2fec6b2eff75f,722553.0,success,,1000000000.0,131939305.67,0.1319,7.4973,"报告期末基金份额总额 1,000,000,000.00 份；本期可供分配金额 131,939,305.67 元；单位可供分配金额 0.1319 元/份"
SSE_508018_20251028_TOR5,508018,2025-10-28,2025-09-30,quarterly_report,False,华夏中国交建高速公路封闭式基础设施证券投资基金2025年第3季度报告,https://www.sse.com.cn/disclosure/fund/announcement/c/new/2025-10-28/508018_20251028_TOR5.pdf,2026-09-05T13:15:04.933822+00:00,8610d753e9e2cca8db5f3b72a3171dc1b7aebb80dbff4b5ad7e937cf82588da9,333414.0,success,,1000000000.0,69714529.72,0.0697,,"报告期末基金份额总额 1,000,000,000.00 份；本期可供分配金额 69,714,529.72 元；单位可供分配金额 0.0697 元/份"
SSE_508018_20260122_1JOC,508018,2026-01-22,2025-12-31,quarterly_report,False,华夏中国交建高速公路封闭式基础设施证券投资基金2025年第4季度报告,https://www.sse.com.cn/disclosure/fund/announcement/c/new/2026-01-22/508018_20260122_1JOC.pdf,2026-09-05T13:15:04.942567+00:00,701d2a5a418da860df777ac744fc0879d3f7d70ee865c1e934263eadbc8a4cfc,498918.0,success,,1000000000.0,60785043.4,0.0608,,"报告期末基金份额总额 1,000,000,000.00 份；本期可供分配金额 60,785,043.40 元；单位可供分配金额 0.0608 元/份"
SSE_508018_20260422_LXZD,508018,2026-04-22,2026-03-31,quarterly_report,False,华夏中国交建高速公路封闭式基础设施证券投资基金2026年第1季度报告,https://www.sse.com.cn/disclosure/fund/announcement/c/new/2026-04-22/508018_20260422_LXZD.pdf,2026-09-05T13:15:04.948312+00:00,ef026c1ba42d253bf92a1b501e860419422dd900d688ced5d58117d9b5a6e020,315837.0,success,,1000000000.0,86556810.71,0.0866,,"报告期末基金份额总额 1,000,000,000.00 份；本期可供分配金额 86,556,810.71 元；单位可供分配金额 0.0866 元/份"
SSE_508018_20260721_VWHG,508018,2026-07-21,2026-06-30,quarterly_report,False,华夏中国交建高速公路封闭式基础设施证券投资基金2026年第2季度报告,https://www.sse.com.cn/disclosure/fund/announcement/c/new/2026-07-21/508018_20260721_VWHG.pdf,2026-09-05T13:15:05.073177+00:00,eed9f8508f6ab7998de49a62879dc40dccfccd272c2f04ddb9685b326a9f2a69,1665796.0,success,,1000000000.0,76179140.51,0.0762,,"报告期末基金份额总额 1,000,000,000.00 份；本期可供分配金额 76,179,140.51 元；单位可供分配金额 0.0762 元/份"
SSE_508019_20231025_DVVL,508019,2023-10-25,2023-09-30,quarterly_report,False,中金湖北科投光谷产业园封闭式基础设施证券投资基金2023年第3季度报告,https://www.sse.com.cn/disclosure/fund/announcement/c/new/2023-10-25/508019_20231025_DVVL.pdf,2026-09-05T13:15:05.199216+00:00,d098cb5805275fc96069aedf28c83f1a9a5f0ef872060c69b9b5365ca72c1bb3,624352.0,success,,600000000.0,18561617.9,0.0309,,"报告期末基金份额总额 600,000,000.00 份；本期可供分配金额 18,561,617.90 元；单位可供分配金额 0.0309 元/份"
SSE_508019_20240119_W7GC,508019,2024-01-19,2023-12-31,quarterly_report,False,中金湖北科投光谷产业园封闭式基础设施证券投资基金2023年第4季度报告,https://www.sse.com.cn/disclosure/fund/announcement/c/new/2024-01-19/508019_20240119_W7GC.pdf,2026-09-05T13:15:05.274181+00:00,716fb1fed056d7b3732613782aa29dc0f239be7b9c5c8e0ec5e194a85a38eb14,585562.0,success,,600000000.0,18821061.62,0.0314,,"报告期末基金份额总额 600,000,000.00 份；本期可供分配金额 18,821,061.62 元；单位可供分配金额 0.0314 元/份"
SSE_508019_20240420_LDEG,508019,2024-04-20,2024-03-31,quarterly_report,False,中金湖北科投光谷产业园封闭式基础设施证券投资基金2024年第1季度报告,https://www.sse.com.cn/disclosure/fund/announcement/c/new/2024-04-20/508019_20240420_LDEG.pdf,2026-09-05T13:15:05.297025+00:00,0ffe54902877e6cd93ff339b63edf0684c32c2783816fb5c34f8c2234ec84d7c,597075.0,success,,600000000.0,19521103.42,0.0325,,"报告期末基金份额总额 600,000,000.00 份；本期可供分配金额 19,521,103.42 元；单位可供分配金额 0.0325 元/份"
SSE_508019_20240719_QLKL,508019,2024-07-19,2024-06-30,quarterly_report,False,中金湖北科投光谷产业园封闭式基础设施证券投资基金2024年第2季度报告,https://www.sse.com.cn/disclosure/fund/announcement/c/new/2024-07-19/508019_20240719_QLKL.pdf,2026-09-05T13:15:05.362404+00:00,bf070616189c8b1e163e18e6d0eecea36c3b2db79d31221573e61cf3bb7c4552,609868.0,success,,600000000.0,20100328.65,0.0335,,"报告期末基金份额总额 600,000,000.00 份；本期可供分配金额 20,100,328.65 元；单位可供分配金额 0.0335 元/份"
SSE_508019_20240831_FQ1Z,508019,2024-08-31,2024-06-30,semiannual_report,False,中金湖北科投光谷产业园封闭式基础设施证券投资基金2024年中期报告,https://www.sse.com.cn/disclosure/fund/announcement/c/new/2024-08-31/508019_20240831_FQ1Z.pdf,2026-09-05T13:15:05.441867+00:00,219fe4f89b5e3fa9028484681cdb669a356830a4c4f4602d2bf29b3505afea2a,2028518.0,success,,600000000.0,39621432.07,0.066,2.5827,"报告期末基金份额总额 600,000,000.00 份；本期可供分配金额 39,621,432.07 元；单位可供分配金额 0.0660 元/份"
SSE_508019_20241025_CDXS,508019,2024-10-25,2024-09-30,quarterly_report,False,中金湖北科投光谷产业园封闭式基础设施证券投资基金2024年第3季度报告,https://www.sse.com.cn/disclosure/fund/announcement/c/new/2024-10-25/508019_20241025_CDXS.pdf,2026-09-05T13:15:05.497421+00:00,e1262febf3d932920267892a84e73700afbd97c94771f2d6c822f1b6ba0e9728,608061.0,success,,600000000.0,19160276.28,0.0319,,"报告期末基金份额总额 600,000,000.00 份；本期可供分配金额 19,160,276.28 元；单位可供分配金额 0.0319 元/份"
SSE_508019_20250122_BT99,508019,2025-01-22,2024-12-31,quarterly_report,False,中金湖北科投光谷产业园封闭式基础设施证券投资基金2024年第4季度报告,https://www.sse.com.cn/disclosure/fund/announcement/c/new/2025-01-22/508019_20250122_BT99.pdf,2026-09-05T13:15:05.584151+00:00,d1288547091d009cf2613c82c4895a773c6589fc1ff4cdd428ec0a38cfb0de33,701061.0,success,,600000000.0,15397475.0,0.0257,,"报告期末基金份额总额 600,000,000.00 份；本期可供分配金额 15,397,475.00 元；单位可供分配金额 0.0257 元/份"
SSE_508019_20250422_70HT,508019,2025-04-22,2025-03-31,quarterly_report,False,中金湖北科投光谷产业园封闭式基础设施证券投资基金2025年第1季度报告,https://www.sse.com.cn/disclosure/fund/announcement/c/new/2025-04-22/508019_20250422_70HT.pdf,2026-09-05T13:15:05.584689+00:00,653d68392f71f3277ca8d9150c354674e2b3c0349a666823fce6532caa840569,606955.0,success,,600000000.0,15030995.7,0.0251,,"报告期末基金份额总额 600,000,000.00 份；本期可供分配金额 15,030,995.70 元；单位可供分配金额 0.0251 元/份"
SSE_508019_20250721_ALJC,508019,2025-07-21,2025-06-30,quarterly_report,False,中金湖北科投光谷产业园封闭式基础设施证券投资基金2025年第2季度报告,https://www.sse.com.cn/disclosure/fund/announcement/c/new/2025-07-21/508019_20250721_ALJC.pdf,2026-09-05T13:15:05.595416+00:00,20b419eb87756092ffef6089c74ab7c34e726b0d7ef6401bd0680faa4013a4c2,743218.0,success,,600000000.0,14963724.24,0.0249,,"报告期末基金份额总额 600,000,000.00 份；本期可供分配金额 14,963,724.24 元；单位可供分配金额 0.0249 元/份"
SSE_508019_20250829_9GCZ,508019,2025-08-29,2025-06-30,semiannual_report,False,中金湖北科投光谷产业园封闭式基础设施证券投资基金2025年中期报告,https://www.sse.com.cn/disclosure/fund/announcement/c/new/2025-08-29/508019_20250829_9GCZ.pdf,2026-09-05T13:15:05.640252+00:00,b6595744fe047ff537e0de3ff9578ff6e8a7636ca348475227eb0934e3d3c2b5,2244173.0,success,,600000000.0,29994719.94,0.05,2.3858,"报告期末基金份额总额 600,000,000.00 份；本期可供分配金额 29,994,719.94 元；单位可供分配金额 0.0500 元/份"
SSE_508019_20251028_BOAU,508019,2025-10-28,2025-09-30,quarterly_report,False,中金湖北科投光谷产业园封闭式基础设施证券投资基金2025年第3季度报告,https://www.sse.com.cn/disclosure/fund/announcement/c/new/2025-10-28/508019_20251028_BOAU.pdf,2026-09-05T13:15:05.853149+00:00,d0bf84f30d51144ad9d507551b7ec88c4a36991b809cf3d418d1ffd752af2726,648138.0,success,,600000000.0,14850804.38,0.0248,,"报告期末基金份额总额 600,000,000.00 份；本期可供分配金额 14,850,804.38 元；单位可供分配金额 0.0248 元/份"
SSE_508019_20260122_BYLJ,508019,2026-01-22,2025-12-31,quarterly_report,False,中金湖北科投光谷产业园封闭式基础设施证券投资基金2025年第4季度报告,https://www.sse.com.cn/disclosure/fund/announcement/c/new/2026-01-22/508019_20260122_BYLJ.pdf,2026-09-05T13:15:05.918566+00:00,deca72af642121783d6589eb97f54aa415f15156a2e98cb2e3046298bb709270,642314.0,success,,600000000.0,12916578.63,0.0215,,"报告期末基金份额总额 600,000,000.00 份；本期可供分配金额 12,916,578.63 元；单位可供分配金额 0.0215 元/份"
SSE_508019_20260422_D9B5,508019,2026-04-22,2026-03-31,quarterly_report,False,中金湖北科投光谷产业园封闭式基础设施证券投资基金2026年第1季度报告,https://www.sse.com.cn/disclosure/fund/announcement/c/new/2026-04-22/508019_20260422_D9B5.pdf,2026-09-05T13:15:05.945688+00:00,0373020a3808e7fdb0fe8bee2d848ef87206d62362514c71e438edffc9d58182,638192.0,success,,600000000.0,11379894.97,0.019,,"报告期末基金份额总额 600,000,000.00 份；本期可供分配金额 11,379,894.97 元；单位可供分配金额 0.0190 元/份"
SSE_508019_20260721_V7CZ,508019,2026-07-21,2026-06-30,quarterly_report,False,中金湖北科投光谷产业园封闭式基础设施证券投资基金2026年第2季度报告,https://www.sse.com.cn/disclosure/fund/announcement/c/new/2026-07-21/508019_20260721_V7CZ.pdf,2026-09-05T13:15:05.974495+00:00,845cf5a9419617f1a54efb3a82a2cf2d90f11e11b7ed6f3769ddb0648b6a0ebf,626579.0,success,,600000000.0,12481824.01,0.0208,,"报告期末基金份额总额 600,000,000.00 份；本期可供分配金额 12,481,824.01 元；单位可供分配金额 0.0208 元/份"
SSE_508019_20260828_N6SY,508019,2026-08-28,2026-06-30,semiannual_report,False,中金湖北科投光谷产业园封闭式基础设施证券投资基金2026年中期报告,https://www.sse.com.cn/disclosure/fund/announcement/c/new/2026-08-28/508019_20260828_N6SY.pdf,2026-09-05T13:15:06.087919+00:00,77e45e65b4a241fcd02c9f8f0288a8ff843bd0eef28177decfa11710cc250951,2228201.0,success,,600000000.0,23706690.88,0.0395,2.2169,"报告期末基金份额总额 600,000,000.00 份；本期可供分配金额 23,706,690.88 元；单位可供分配金额 0.0395 元/份"
SSE_508020_20260721_02RB,508020,2026-07-21,2026-06-30,quarterly_report,False,东方红隧道股份高速公路封闭式基础设施证券投资基金2026年第2季度报告,https://www.sse.com.cn/disclosure/fund/announcement/c/new/2026-07-21/508020_20260721_02RB.pdf,2026-09-05T13:15:06.219991+00:00,f9e35fee00eab6575570bd29dd8366d42c88633ee89de282a4a003cd8e4001be,607118.0,success,,1000000000.0,524150445.75,0.5242,,"报告期末基金份额总额 1,000,000,000.00 份；本期可供分配金额 524,150,445.75 元；单位可供分配金额 0.5242 元/份"
SSE_508021_20230120_COQV,508021,2023-01-20,2022-12-31,quarterly_report,False,国泰君安临港创新智造产业园封闭式基础设施证券投资基金2022年第四季度报告,https://www.sse.com.cn/disclosure/fund/announcement/c/new/2023-01-20/508021_20230120_COQV.pdf,2026-09-05T13:15:06.340304+00:00,2a15d9eed4675e2e147f31168cf861f2d4e2102699972b3daab489e582e93838,330095.0,success,,200000000.0,9022606.93,0.0451,,"报告期末基金份额总额 200,000,000.00 份；本期可供分配金额 9,022,606.93 元；单位可供分配金额 0.0451 元/份"
SSE_508021_20230423_9NCX,508021,2023-04-23,2023-03-31,quarterly_report,False,国泰君安临港创新智造产业园封闭式基础设施证券投资基金2023年第1季度报告,https://www.sse.com.cn/disclosure/fund/announcement/c/new/2023-04-23/508021_20230423_9NCX.pdf,2026-09-05T13:15:06.358316+00:00,930b4c78245fb7941d4d93018a08ce68772d4e34e98d8e09040004b56fc3a6cb,191687.0,success,,200000000.0,8410266.98,0.0421,,"报告期末基金份额总额 200,000,000.00 份；本期可供分配金额 8,410,266.98 元；单位可供分配金额 0.0421 元/份"
SSE_508021_20230721_S6VS,508021,2023-07-21,2023-06-30,quarterly_report,False,国泰君安临港创新智造产业园封闭式基础设施证券投资基金2023年第2季度报告,https://www.sse.com.cn/disclosure/fund/announcement/c/new/2023-07-21/508021_20230721_S6VS.pdf,2026-09-05T13:15:06.367933+00:00,cde075fd2035e8ef178239cd9180ed60b5384ece3d4ae10a66694a6dba2a55a9,221022.0,success,,200000000.0,13689650.94,0.0684,,"报告期末基金份额总额 200,000,000.00 份；本期可供分配金额 13,689,650.94 元；单位可供分配金额 0.0684 元/份"
SSE_508021_20230831_91IV,508021,2023-08-31,2023-06-30,semiannual_report,False,国泰君安临港创新智造产业园封闭式基础设施证券投资基金2023年中期报告,https://www.sse.com.cn/disclosure/fund/announcement/c/new/2023-08-31/508021_20230831_91IV.pdf,2026-09-05T13:15:06.457251+00:00,7637862887d8ccef3b8e2bb74f5ca3cf5f7dbf4e684ef3f4cf142ab1d76b6b1a,539739.0,success,,200000000.0,22099917.91,0.1105,4.1789,"报告期末基金份额总额 200,000,000.00 份；本期可供分配金额 22,099,917.91 元；单位可供分配金额 0.1105 元/份"
SSE_508021_20231021_P911,508021,2023-10-21,2023-09-30,quarterly_report,False,国泰君安临港创新智造产业园封闭式基础设施证券投资基金2023年第3季度报告,https://www.sse.com.cn/disclosure/fund/announcement/c/new/2023-10-21/508021_20231021_P911.pdf,2026-09-05T13:15:06.519065+00:00,647178aa58ba35d35d38b3bc92120e42c9988aaa802b47ede5c120735c199ee0,223480.0,success,,200000000.0,5651486.38,0.0283,,"报告期末基金份额总额 200,000,000.00 份；本期可供分配金额 5,651,486.38 元；单位可供分配金额 0.0283 元/份"
SSE_508021_20240122_Y9G0,508021,2024-01-22,2023-12-31,quarterly_report,False,国泰君安临港创新智造产业园封闭式基础设施证券投资基金2023年第4季度报告,https://www.sse.com.cn/disclosure/fund/announcement/c/new/2024-01-22/508021_20240122_Y9G0.pdf,2026-09-05T13:15:06.550891+00:00,81881166ffb9bb719a9e60ded04846c8cd8512af6555d2a387480ffe85254102,328877.0,success,,200000000.0,11658474.79,0.0583,,"报告期末基金份额总额 200,000,000.00 份；本期可供分配金额 11,658,474.79 元；单位可供分配金额 0.0583 元/份"
SSE_508021_20240422_13IF,508021,2024-04-22,2024-03-31,quarterly_report,False,国泰君安临港创新智造产业园封闭式基础设施证券投资基金2024年第1季度报告,https://www.sse.com.cn/disclosure/fund/announcement/c/new/2024-04-22/508021_20240422_13IF.pdf,2026-09-05T13:15:06.557501+00:00,0400cfab65d8953cc8cb40edbd3ea005939575d8272f95b8667f784f71128ceb,226788.0,success,,200000000.0,7737830.5,0.0387,,"报告期末基金份额总额 200,000,000.00 份；本期可供分配金额 7,737,830.50 元；单位可供分配金额 0.0387 元/份"
SSE_508021_20240719_RF97,508021,2024-07-19,2024-06-30,quarterly_report,False,国泰君安临港创新智造产业园封闭式基础设施证券投资基金2024年第2季度报告,https://www.sse.com.cn/disclosure/fund/announcement/c/new/2024-07-19/508021_20240719_RF97.pdf,2026-09-05T13:15:06.570896+00:00,1e4e484e807ca00d6a980507358b5a34a4729a487c804e0b1c889b9c1f089666,204156.0,success,,200000000.0,8851381.72,0.0443,,"报告期末基金份额总额 200,000,000.00 份；本期可供分配金额 8,851,381.72 元；单位可供分配金额 0.0443 元/份"
SSE_508021_20240831_8BC7,508021,2024-08-31,2024-06-30,semiannual_report,False,国泰君安临港创新智造产业园封闭式基础设施证券投资基金2024年中期报告,https://www.sse.com.cn/disclosure/fund/announcement/c/new/2024-08-31/508021_20240831_8BC7.pdf,2026-09-05T13:15:06.735838+00:00,e15924803953f2f751108ae10dd2f3111af732e972a5553d2e4ece7412b201c8,442362.0,success,,200000000.0,16589212.22,0.0829,4.0987,"报告期末基金份额总额 200,000,000.00 份；本期可供分配金额 16,589,212.22 元；单位可供分配金额 0.0829 元/份"
SSE_508021_20241025_QJPB,508021,2024-10-25,2024-09-30,quarterly_report,False,国泰君安临港创新智造产业园封闭式基础设施证券投资基金2024年第3季度报告,https://www.sse.com.cn/disclosure/fund/announcement/c/new/2024-10-25/508021_20241025_QJPB.pdf,2026-09-05T13:15:06.751875+00:00,c03c6370157419f85bca113248f8cbc5c5c4566451d20951579b20ec14ecf96d,217204.0,success,,200000000.0,10651224.64,0.0533,,"报告期末基金份额总额 200,000,000.00 份；本期可供分配金额 10,651,224.64 元；单位可供分配金额 0.0533 元/份"
SSE_508021_20250122_VAM1,508021,2025-01-22,2024-12-31,quarterly_report,False,国泰君安临港创新智造产业园封闭式基础设施证券投资基金2024年第4季度报告,https://www.sse.com.cn/disclosure/fund/announcement/c/new/2025-01-22/508021_20250122_VAM1.pdf,2026-09-05T13:15:06.776507+00:00,a94ab4b00a1c124cf19e466a2840f94c6f372c433f970af5dc5d648c079af032,228246.0,success,,200000000.0,6190695.16,0.031,,"报告期末基金份额总额 200,000,000.00 份；本期可供分配金额 6,190,695.16 元；单位可供分配金额 0.0310 元/份"
SSE_508021_20250422_H5CM,508021,2025-04-22,2025-03-31,quarterly_report,False,国泰君安临港创新智造产业园封闭式基础设施证券投资基金2025年第1季度报告,https://www.sse.com.cn/disclosure/fund/announcement/c/new/2025-04-22/508021_20250422_H5CM.pdf,2026-09-05T13:15:06.781589+00:00,58e507043599b4fc31b7fb84fda0413d48da9fde15a377c79a136c399f887c9d,218905.0,success,,200000000.0,8051085.84,0.0403,,"报告期末基金份额总额 200,000,000.00 份；本期可供分配金额 8,051,085.84 元；单位可供分配金额 0.0403 元/份"
SSE_508021_20250719_L7H2,508021,2025-07-19,2025-06-30,quarterly_report,False,国泰君安临港创新智造产业园封闭式基础设施证券投资基金2025年第2季度报告,https://www.sse.com.cn/disclosure/fund/announcement/c/new/2025-07-19/508021_20250719_L7H2.pdf,2026-09-05T13:15:06.904204+00:00,b17680a22ff013913316601f7f85ed1a251cf35b8e419b3c228a48c948c0adff,210412.0,success,,200000000.0,9276779.32,0.0464,,"报告期末基金份额总额 200,000,000.00 份；本期可供分配金额 9,276,779.32 元；单位可供分配金额 0.0464 元/份"
SSE_508021_20250829_32NY,508021,2025-08-29,2025-06-30,semiannual_report,False,国泰君安临港创新智造产业园封闭式基础设施证券投资基金2025年中期报告,https://www.sse.com.cn/disclosure/fund/announcement/c/new/2025-08-29/508021_20250829_32NY.pdf,2026-09-05T13:15:06.926541+00:00,52fd3b662cfde0b6b86be385cc18a6d9fbbcb5f9ededac0d3d58c462f922460f,476143.0,success,,200000000.0,17327865.16,0.0866,4.0405,"报告期末基金份额总额 200,000,000.00 份；本期可供分配金额 17,327,865.16 元；单位可供分配金额 0.0866 元/份"
SSE_508021_20251028_K6RC,508021,2025-10-28,2025-09-30,quarterly_report,False,国泰海通临港创新智造产业园封闭式基础设施证券投资基金2025年第3季度报告,https://www.sse.com.cn/disclosure/fund/announcement/c/new/2025-10-28/508021_20251028_K6RC.pdf,2026-09-05T13:15:06.954459+00:00,3b50e463391f37423504cd8483ba4edc796d616ebe970c0d1033d6f4b2865825,239472.0,success,,588788630.0,16844250.2,0.0286,,"报告期末基金份额总额 588,788,630.00 份；本期可供分配金额 16,844,250.20 元；单位可供分配金额 0.0286 元/份"
SSE_508021_20260122_B064,508021,2026-01-22,2025-12-31,quarterly_report,False,国泰海通临港创新智造产业园封闭式基础设施证券投资基金2025年第4季度报告,https://www.sse.com.cn/disclosure/fund/announcement/c/new/2026-01-22/508021_20260122_B064.pdf,2026-09-05T13:15:06.996054+00:00,fc30de710deedae6d053eb2d739d75d6d067f904aae3d354b79df78fc6484a51,235718.0,success,,588788630.0,33593844.58,0.0571,,"报告期末基金份额总额 588,788,630.00 份；本期可供分配金额 33,593,844.58 元；单位可供分配金额 0.0571 元/份"
SSE_508021_20260422_QFLS,508021,2026-04-22,2026-03-31,quarterly_report,False,国泰海通临港创新智造产业园封闭式基础设施证券投资基金2026年第1季度报告,https://www.sse.com.cn/disclosure/fund/announcement/c/new/2026-04-22/508021_20260422_QFLS.pdf,2026-09-05T13:15:07.018732+00:00,729f720a5722f066c102db35fd2d052b662d80936ad5e9bf7359151d3f4828e9,237988.0,success,,588788630.0,14915049.85,0.0253,,"报告期末基金份额总额 588,788,630.00 份；本期可供分配金额 14,915,049.85 元；单位可供分配金额 0.0253 元/份"
SSE_508021_20260721_RD21,508021,2026-07-21,2026-06-30,quarterly_report,False,国泰海通临港创新智造产业园封闭式基础设施证券投资基金2026年第2季度报告,https://www.sse.com.cn/disclosure/fund/announcement/c/new/2026-07-21/508021_20260721_RD21.pdf,2026-09-05T13:15:07.099806+00:00,fa399b69ee6151fdbf5062de45478c1358fdbbbb60cb5b084ea57f347843f59c,231947.0,success,,588788630.0,30590016.82,0.052,,"报告期末基金份额总额 588,788,630.00 份；本期可供分配金额 30,590,016.82 元；单位可供分配金额 0.0520 元/份"
SSE_508022_20250122_KK0O,508022,2025-01-22,2024-12-31,quarterly_report,False,博时津开科工产业园封闭式基础设施证券投资基金2024年第4季度报告,https://www.sse.com.cn/disclosure/fund/announcement/c/new/2025-01-22/508022_20250122_KK0O.pdf,2026-09-05T13:15:07.150165+00:00,552681c7566af98c0e9bdd13125d6563d2791f143fc932285944edb5731c10b2,1234754.0,success,,500000000.0,17294174.98,0.0346,,"报告期末基金份额总额 500,000,000.00 份；本期可供分配金额 17,294,174.98 元；单位可供分配金额 0.0346 元/份"
SSE_508022_20250422_HEKZ,508022,2025-04-22,2025-03-31,quarterly_report,False,博时津开科工产业园封闭式基础设施证券投资基金2025年第1季度报告,https://www.sse.com.cn/disclosure/fund/announcement/c/new/2025-04-22/508022_20250422_HEKZ.pdf,2026-09-05T13:15:07.182338+00:00,2b6d64c32d4003f52ae9444e0a1dcd62da1dd246a02121e3919af878082f9519,212979.0,success,,500000000.0,17859993.79,0.0357,,"报告期末基金份额总额 500,000,000.00 份；本期可供分配金额 17,859,993.79 元；单位可供分配金额 0.0357 元/份"
SSE_508022_20250721_Z3W2,508022,2025-07-21,2025-06-30,quarterly_report,False,博时津开科工产业园封闭式基础设施证券投资基金2025年第2季度报告,https://www.sse.com.cn/disclosure/fund/announcement/c/new/2025-07-21/508022_20250721_Z3W2.pdf,2026-09-05T13:15:07.239601+00:00,d5823c1549084a1a7d35f6a9406207658cadd97b957745598329afbe92561760,229321.0,success,,500000000.0,21022664.77,0.042,,"报告期末基金份额总额 500,000,000.00 份；本期可供分配金额 21,022,664.77 元；单位可供分配金额 0.0420 元/份"
SSE_508022_20250829_UU73,508022,2025-08-29,2025-06-30,semiannual_report,False,博时津开科工产业园封闭式基础设施证券投资基金2025年中期报告,https://www.sse.com.cn/disclosure/fund/announcement/c/new/2025-08-29/508022_20250829_UU73.pdf,2026-09-05T13:15:07.300868+00:00,210f0246a0dda0e5a9fc9c44f8b8c71078babcd29aeda3dcc4e7afa56e9fe87a,596588.0,success,,500000000.0,38882658.56,0.0778,2.4276,"报告期末基金份额总额 500,000,000.00 份；本期可供分配金额 38,882,658.56 元；单位可供分配金额 0.0778 元/份"
SSE_508022_20251028_V94N,508022,2025-10-28,2025-09-30,quarterly_report,False,博时津开科工产业园封闭式基础设施证券投资基金2025年第3季度报告,https://www.sse.com.cn/disclosure/fund/announcement/c/new/2025-10-28/508022_20251028_V94N.pdf,2026-09-05T13:15:07.303849+00:00,0754d22a456e68f11efdfe5b8cbd1beea05aaf6bad21f9a6d5c49714763347cb,215294.0,success,,500000000.0,19518077.72,0.039,,"报告期末基金份额总额 500,000,000.00 份；本期可供分配金额 19,518,077.72 元；单位可供分配金额 0.0390 元/份"
SSE_508022_20260122_432I,508022,2026-01-22,2025-12-31,quarterly_report,False,博时津开科工产业园封闭式基础设施证券投资基金2025年第4季度报告,https://www.sse.com.cn/disclosure/fund/announcement/c/new/2026-01-22/508022_20260122_432I.pdf,2026-09-05T13:15:07.341200+00:00,cf72937414005334c3212b55caa4ab4ca4b94cf0650e541fbe4394ed08d41eb0,268281.0,success,,500000000.0,22125366.2,0.0443,,"报告期末基金份额总额 500,000,000.00 份；本期可供分配金额 22,125,366.20 元；单位可供分配金额 0.0443 元/份"
SSE_508022_20260422_IJIS,508022,2026-04-22,2026-03-31,quarterly_report,False,博时津开科工产业园封闭式基础设施证券投资基金2026年第1季度报告,https://www.sse.com.cn/disclosure/fund/announcement/c/new/2026-04-22/508022_20260422_IJIS.pdf,2026-09-05T13:15:07.391457+00:00,7cba527505e4318d3b72f6bd7664603bb2a9c6a8906762e4fa037228688ab0dc,257615.0,success,,500000000.0,18979013.01,0.038,,"报告期末基金份额总额 500,000,000.00 份；本期可供分配金额 18,979,013.01 元；单位可供分配金额 0.0380 元/份"
SSE_508022_20260721_0HX9,508022,2026-07-21,2026-06-30,quarterly_report,False,博时津开科工产业园封闭式基础设施证券投资基金2026年第2季度报告,https://www.sse.com.cn/disclosure/fund/announcement/c/new/2026-07-21/508022_20260721_0HX9.pdf,2026-09-05T13:15:07.432769+00:00,7f40ce816e916180340c6beb562b183abfcc1221d5737baef7c2b7d905251c3c,324448.0,success,,500000000.0,18288660.92,0.0366,,"报告期末基金份额总额 500,000,000.00 份；本期可供分配金额 18,288,660.92 元；单位可供分配金额 0.0366 元/份"
SSE_508026_20240718_8ONG,508026,2024-07-18,2024-06-30,quarterly_report,False,嘉实中国电建清洁能源封闭式基础设施证券投资基金2024年第2季度报告,https://www.sse.com.cn/disclosure/fund/announcement/c/new/2024-07-18/508026_20240718_8ONG.pdf,2026-09-05T13:15:07.452320+00:00,450bdae29afe82af292367b4a6f93cccf3fe3b565ffa54246cfd72fb75ea8a4a,527917.0,success,,400000000.0,13883305.18,0.0347,,"报告期末基金份额总额 400,000,000.00 份；本期可供分配金额 13,883,305.18 元；单位可供分配金额 0.0347 元/份"
SSE_508026_20240803_OEDE,508026,2024-08-03,2024-06-30,quarterly_report,True,嘉实中国电建清洁能源封闭式基础设施证券投资基金2024年第2季度报告（更正稿）,https://www.sse.com.cn/disclosure/fund/announcement/c/new/2024-08-03/508026_20240803_OEDE.pdf,2026-09-05T13:15:07.593475+00:00,107119363b3e78a2a4c3dc4f987ca3ca12fd7e76d02035792782c7132ce8ca13,528794.0,success,,400000000.0,13883305.18,0.0347,,"报告期末基金份额总额 400,000,000.00 份；本期可供分配金额 13,883,305.18 元；单位可供分配金额 0.0347 元/份"
SSE_508026_20240830_0W3D,508026,2024-08-30,2024-06-30,semiannual_report,False,嘉实中国电建清洁能源封闭式基础设施证券投资基金2024年中期报告,https://www.sse.com.cn/disclosure/fund/announcement/c/new/2024-08-30/508026_20240830_0W3D.pdf,2026-09-05T13:15:07.602292+00:00,ce0e78b911fd5db61f416e3abc2b4e04ce11890a142795ef2342abf5cb0b8409,2092668.0,success,,400000000.0,16169401.07,0.0404,2.6726,"报告期末基金份额总额 400,000,000.00 份；本期可供分配金额 16,169,401.07 元；单位可供分配金额 0.0404 元/份"
SSE_508026_20241025_47Z6,508026,2024-10-25,2024-09-30,quarterly_report,False,嘉实中国电建清洁能源封闭式基础设施证券投资基金2024年第3季度报告,https://www.sse.com.cn/disclosure/fund/announcement/c/new/2024-10-25/508026_20241025_47Z6.pdf,2026-09-05T13:15:07.638344+00:00,419de34640ee6e24cbdce99efa248205efe1f8d6b4637b5e54fe52e64c5061cd,541056.0,success,,400000000.0,23695439.98,0.0592,,"报告期末基金份额总额 400,000,000.00 份；本期可供分配金额 23,695,439.98 元；单位可供分配金额 0.0592 元/份"
SSE_508026_20250122_3O29,508026,2025-01-22,2024-12-31,quarterly_report,False,嘉实中国电建清洁能源封闭式基础设施证券投资基金2024年第4季度报告,https://www.sse.com.cn/disclosure/fund/announcement/c/new/2025-01-22/508026_20250122_3O29.pdf,2026-09-05T13:15:07.641505+00:00,d2a28e46a8093ea2a1b35e19def3c606e9bebd61cfd5291002fe9fd863123c54,597522.0,success,,400000000.0,36349349.99,0.0909,,"报告期末基金份额总额 400,000,000.00 份；本期可供分配金额 36,349,349.99 元；单位可供分配金额 0.0909 元/份"
SSE_508026_20250422_FNF9,508026,2025-04-22,2025-03-31,quarterly_report,False,嘉实中国电建清洁能源封闭式基础设施证券投资基金2025年第1季度报告,https://www.sse.com.cn/disclosure/fund/announcement/c/new/2025-04-22/508026_20250422_FNF9.pdf,2026-09-05T13:15:07.691991+00:00,1468c4c168920e003532d0c6e6a874e30902d114600e65e429bd2bce1ef17992,641623.0,success,,400000000.0,20509088.23,0.0513,,"报告期末基金份额总额 400,000,000.00 份；本期可供分配金额 20,509,088.23 元；单位可供分配金额 0.0513 元/份"
SSE_508026_20250721_N3IB,508026,2025-07-21,2025-06-30,quarterly_report,False,嘉实中国电建清洁能源封闭式基础设施证券投资基金2025年第2季度报告,https://www.sse.com.cn/disclosure/fund/announcement/c/new/2025-07-21/508026_20250721_N3IB.pdf,2026-09-05T13:15:07.703170+00:00,49371bfad73ff839a5e0a1481d1edd873d73f69bb47f6c9b4e6975a367a53c03,660650.0,success,,400000000.0,10006135.09,0.025,,"报告期末基金份额总额 400,000,000.00 份；本期可供分配金额 10,006,135.09 元；单位可供分配金额 0.0250 元/份"
SSE_508026_20250829_1KYP,508026,2025-08-29,2025-06-30,semiannual_report,False,嘉实中国电建清洁能源封闭式基础设施证券投资基金2025年中期报告,https://www.sse.com.cn/disclosure/fund/announcement/c/new/2025-08-29/508026_20250829_1KYP.pdf,2026-09-05T13:15:07.828075+00:00,944f822b7969794088a8b38a9b2c41a13683efd480db521044476d731686ac44,2418553.0,success,,400000000.0,30515223.32,0.0763,2.3619,"报告期末基金份额总额 400,000,000.00 份；本期可供分配金额 30,515,223.32 元；单位可供分配金额 0.0763 元/份"
SSE_508026_20251028_EZQC,508026,2025-10-28,2025-09-30,quarterly_report,False,嘉实中国电建清洁能源封闭式基础设施证券投资基金2025年第3季度报告,https://www.sse.com.cn/disclosure/fund/announcement/c/new/2025-10-28/508026_20251028_EZQC.pdf,2026-09-05T13:15:07.879759+00:00,ca39367cccc4b8df21a4fc296665f6e5d449152ba0c24c870e156c5f66d4ba89,658902.0,success,,400000000.0,25563376.5,0.0639,,"报告期末基金份额总额 400,000,000.00 份；本期可供分配金额 25,563,376.50 元；单位可供分配金额 0.0639 元/份"
SSE_508026_20260122_LA91,508026,2026-01-22,2025-12-31,quarterly_report,False,嘉实中国电建清洁能源封闭式基础设施证券投资基金2025年第4季度报告,https://www.sse.com.cn/disclosure/fund/announcement/c/new/2026-01-22/508026_20260122_LA91.pdf,2026-09-05T13:15:07.935673+00:00,41a98cea742c30a42a6acc54124cef63fa70746a99dbb44e3929c0bc3b84cea0,671232.0,success,,400000000.0,25911619.82,0.0648,,"报告期末基金份额总额 400,000,000.00 份；本期可供分配金额 25,911,619.82 元；单位可供分配金额 0.0648 元/份"
SSE_508026_20260422_21XV,508026,2026-04-22,2026-03-31,quarterly_report,False,嘉实中国电建清洁能源封闭式基础设施证券投资基金2026年第1季度报告,https://www.sse.com.cn/disclosure/fund/announcement/c/new/2026-04-22/508026_20260422_21XV.pdf,2026-09-05T13:15:07.989713+00:00,132f3df3a999f01660e369b069afac721b565d13a77307c30457e1f76283825d,663742.0,success,,400000000.0,24579787.88,0.0614,,"报告期末基金份额总额 400,000,000.00 份；本期可供分配金额 24,579,787.88 元；单位可供分配金额 0.0614 元/份"
SSE_508026_20260721_JI1N,508026,2026-07-21,2026-06-30,quarterly_report,False,嘉实中国电建清洁能源封闭式基础设施证券投资基金2026年第2季度报告,https://www.sse.com.cn/disclosure/fund/announcement/c/new/2026-07-21/508026_20260721_JI1N.pdf,2026-09-05T13:15:08.008760+00:00,a1be55fba343b9e7ef035745679ab7819209462cff9bbe627db1541236078f07,665464.0,success,,400000000.0,6104611.97,0.0153,,"报告期末基金份额总额 400,000,000.00 份；本期可供分配金额 6,104,611.97 元；单位可供分配金额 0.0153 元/份"
SSE_508027_20211027_1_aqwsWj4X,508027,2021-10-27,2021-09-30,quarterly_report,False,东吴苏州工业园区产业园封闭式基础设施证券投资基金2021年第3季度报告,https://www.sse.com.cn/disclosure/fund/announcement/c/new/2021-10-27/508027_20211027_1_aqwsWj4X.pdf,2026-09-05T13:15:08.176967+00:00,c394c174626fda0cbbce4ca4d7c3e7c56b2cdfdbf678b3c3309adae03d2fbf22,553417.0,success,,900000000.0,50375670.07,0.056,,"报告期末基金份额总额 900,000,000.00 份；本期可供分配金额 50,375,670.07 元；单位可供分配金额 0.0560 元/份"
SSE_508027_20220124_1_2p7V2Me1,508027,2022-01-24,2021-12-31,quarterly_report,False,东吴苏州工业园区产业园封闭式基础设施证券投资基金2021年第4季度报告,https://www.sse.com.cn/disclosure/fund/announcement/c/new/2022-01-24/508027_20220124_1_2p7V2Me1.pdf,2026-09-05T13:15:08.230107+00:00,2571c16513b39a9ba35e55b4fdba61e0fd8a2b4ceb206cf912be22909de3c2db,450028.0,success,,900000000.0,39754333.19,0.0442,,"报告期末基金份额总额 900,000,000.00 份；本期可供分配金额 39,754,333.19 元；单位可供分配金额 0.0442 元/份"
SSE_508027_20220422_1_da6iKdGw,508027,2022-04-22,2022-03-31,quarterly_report,False,东吴苏州工业园区产业园封闭式基础设施证券投资基金2022年第1季度报告,https://www.sse.com.cn/disclosure/fund/announcement/c/new/2022-04-22/508027_20220422_1_da6iKdGw.pdf,2026-09-05T13:15:08.269806+00:00,4be03eace9efb274cb738082dfd23f82864f2ce52af7c74103b7cb1d6a31b0fe,528062.0,success,,900000000.0,34840605.04,0.0387,,"报告期末基金份额总额 900,000,000.00 份；本期可供分配金额 34,840,605.04 元；单位可供分配金额 0.0387 元/份"
SSE_508027_20220721_1_r3Peufy0,508027,2022-07-21,2022-06-30,quarterly_report,False,东吴苏州工业园区产业园封闭式基础设施证券投资基金2022年第2季度报告,https://www.sse.com.cn/disclosure/fund/announcement/c/new/2022-07-21/508027_20220721_1_r3Peufy0.pdf,2026-09-05T13:15:08.317454+00:00,810fe7e9f522ddb4516991036b3c0a1f8958ff0c9bf6febad5e1a4038350c596,443136.0,success,,900000000.0,17605345.39,0.0196,,"报告期末基金份额总额 900,000,000.00 份；本期可供分配金额 17,605,345.39 元；单位可供分配金额 0.0196 元/份"
SSE_508027_20220831_1_a8CX4CYx,508027,2022-08-31,2022-06-30,semiannual_report,False,东吴苏州工业园区产业园封闭式基础设施证券投资基金2022年中期报告,https://www.sse.com.cn/disclosure/fund/announcement/c/new/2022-08-31/508027_20220831_1_a8CX4CYx.pdf,2026-09-05T13:15:08.338868+00:00,ee2197f3d397f570c5c133989750c02766920b304fbe956433942720979aed73,1874693.0,success,,900000000.0,52445950.43,0.0583,3.8373,"报告期末基金份额总额 900,000,000.00 份；本期可供分配金额 52,445,950.43 元；单位可供分配金额 0.0583 元/份"
SSE_508027_20221026_1_tRqxF2xg,508027,2022-10-26,2022-09-30,quarterly_report,False,东吴苏州工业园区产业园封闭式基础设施证券投资基金2022年第3季度报告,https://www.sse.com.cn/disclosure/fund/announcement/c/new/2022-10-26/508027_20221026_1_tRqxF2xg.pdf,2026-09-05T13:15:08.434605+00:00,5befceff4aecc643df2101c8e214529238cc2f60ba949624e6830cd442067897,519425.0,success,,900000000.0,41311538.16,0.0459,,"报告期末基金份额总额 900,000,000.00 份；本期可供分配金额 41,311,538.16 元；单位可供分配金额 0.0459 元/份"
SSE_508027_20230120_2LC9,508027,2023-01-20,2022-12-31,quarterly_report,False,东吴苏州工业园区产业园封闭式基础设施证券投资基金2022年第4季度报告,https://www.sse.com.cn/disclosure/fund/announcement/c/new/2023-01-20/508027_20230120_2LC9.pdf,2026-09-05T13:15:08.460167+00:00,7737ea34c6525f183889685e1e9068c3d945e1a47d719c16c18d22bcaaf0357f,438289.0,success,,900000000.0,66030337.27,0.0734,,"报告期末基金份额总额 900,000,000.00 份；本期可供分配金额 66,030,337.27 元；单位可供分配金额 0.0734 元/份"
SSE_508027_20230421_52DE,508027,2023-04-21,2023-03-31,quarterly_report,False,东吴苏州工业园区产业园封闭式基础设施证券投资基金2023年第1季度报告,https://www.sse.com.cn/disclosure/fund/announcement/c/new/2023-04-21/508027_20230421_52DE.pdf,2026-09-05T13:15:08.577534+00:00,c209b5c018a48f53543dea12bb1e294424653b3aeb7419a0d5af320819d17372,434437.0,success,,900000000.0,31180599.71,0.0346,,"报告期末基金份额总额 900,000,000.00 份；本期可供分配金额 31,180,599.71 元；单位可供分配金额 0.0346 元/份"
SSE_508027_20230721_642W,508027,2023-07-21,2023-06-30,quarterly_report,False,东吴苏州工业园区产业园封闭式基础设施证券投资基金2023年第2季度报告,https://www.sse.com.cn/disclosure/fund/announcement/c/new/2023-07-21/508027_20230721_642W.pdf,2026-09-05T13:15:08.703007+00:00,774026f5d6bfc4490c98a8a77121e554385caa2ca5f2fbe3abe410028a306609,549925.0,success,,900000000.0,36258405.84,0.0403,,"报告期末基金份额总额 900,000,000.00 份；本期可供分配金额 36,258,405.84 元；单位可供分配金额 0.0403 元/份"
SSE_508027_20230831_M0XB,508027,2023-08-31,2023-06-30,semiannual_report,False,东吴苏州工业园区产业园封闭式基础设施证券投资基金2023年中期报告,https://www.sse.com.cn/disclosure/fund/announcement/c/new/2023-08-31/508027_20230831_M0XB.pdf,2026-09-05T13:15:08.739687+00:00,b97a8fffe58dd43995f65dd2763ab3589d5f2574d30ed8fe62f6adcbaecaec52,1938680.0,success,,900000000.0,67439005.55,0.0749,3.7605,"报告期末基金份额总额 900,000,000.00 份；本期可供分配金额 67,439,005.55 元；单位可供分配金额 0.0749 元/份"
SSE_508027_20231023_76HZ,508027,2023-10-23,2023-09-30,quarterly_report,False,东吴苏州工业园区产业园封闭式基础设施证券投资基金2023年第3季度报告,https://www.sse.com.cn/disclosure/fund/announcement/c/new/2023-10-23/508027_20231023_76HZ.pdf,2026-09-05T13:15:08.797064+00:00,a97aaec81e847dd7fd5bc0a19c605a258758b7e642d8ecd9fe6e74e8c755ffdd,502647.0,success,,900000000.0,48000797.99,0.0533,,"报告期末基金份额总额 900,000,000.00 份；本期可供分配金额 48,000,797.99 元；单位可供分配金额 0.0533 元/份"
SSE_508027_20240122_XK8S,508027,2024-01-22,2023-12-31,quarterly_report,False,东吴苏州工业园区产业园封闭式基础设施证券投资基金2023年第4季度报告,https://www.sse.com.cn/disclosure/fund/announcement/c/new/2024-01-22/508027_20240122_XK8S.pdf,2026-09-05T13:15:08.845406+00:00,f4b04a2584a82016a339e7ab812eeb1ebc09daa3b045a2fb35f868ba8a38bbc1,455326.0,success,,900000000.0,48529592.96,0.0539,,"报告期末基金份额总额 900,000,000.00 份；本期可供分配金额 48,529,592.96 元；单位可供分配金额 0.0539 元/份"
SSE_508027_20240422_Q9V8,508027,2024-04-22,2024-03-31,quarterly_report,False,东吴苏州工业园区产业园封闭式基础设施证券投资基金2024年第1季度报告,https://www.sse.com.cn/disclosure/fund/announcement/c/new/2024-04-22/508027_20240422_Q9V8.pdf,2026-09-05T13:15:08.866236+00:00,43371ebde28cd27ef6af57628ec3ef179356b2db4e6fd4f2351be809733c1608,452113.0,success,,900000000.0,38732706.19,0.043,,"报告期末基金份额总额 900,000,000.00 份；本期可供分配金额 38,732,706.19 元；单位可供分配金额 0.0430 元/份"
SSE_508027_20240719_A5VH,508027,2024-07-19,2024-06-30,quarterly_report,False,东吴苏州工业园区产业园封闭式基础设施证券投资基金2024年第2季度报告,https://www.sse.com.cn/disclosure/fund/announcement/c/new/2024-07-19/508027_20240719_A5VH.pdf,2026-09-05T13:15:08.946164+00:00,3cedb7544eea9924dae204b3d04d5e76127f715ddcd4b0e576997f90ab3d3678,450238.0,success,,900000000.0,35503620.84,0.0394,,"报告期末基金份额总额 900,000,000.00 份；本期可供分配金额 35,503,620.84 元；单位可供分配金额 0.0394 元/份"
SSE_508027_20240830_VDFV,508027,2024-08-30,2024-06-30,semiannual_report,False,东吴苏州工业园区产业园封闭式基础设施证券投资基金2024年中期报告,https://www.sse.com.cn/disclosure/fund/announcement/c/new/2024-08-30/508027_20240830_VDFV.pdf,2026-09-05T13:15:08.946944+00:00,dbf86407457601ba854997c655fef3e53c2ae12b8a21ceac024bfbe994ac13ab,1899933.0,success,,900000000.0,74236327.03,0.0825,3.6594,"报告期末基金份额总额 900,000,000.00 份；本期可供分配金额 74,236,327.03 元；单位可供分配金额 0.0825 元/份"
SSE_508027_20241025_JE37,508027,2024-10-25,2024-09-30,quarterly_report,False,东吴苏州工业园区产业园封闭式基础设施证券投资基金2024年第3季度报告,https://www.sse.com.cn/disclosure/fund/announcement/c/new/2024-10-25/508027_20241025_JE37.pdf,2026-09-05T13:15:09.038610+00:00,ff2ac42631a015f1f57ba32e60fd2ec9bb48969ee74186949a66c7639c5a48f7,563930.0,success,,900000000.0,37030892.67,0.0411,,"报告期末基金份额总额 900,000,000.00 份；本期可供分配金额 37,030,892.67 元；单位可供分配金额 0.0411 元/份"
SSE_508027_20250122_2PIU,508027,2025-01-22,2024-12-31,quarterly_report,False,东吴苏州工业园区产业园封闭式基础设施证券投资基金2024年第4季度报告,https://www.sse.com.cn/disclosure/fund/announcement/c/new/2025-01-22/508027_20250122_2PIU.pdf,2026-09-05T13:15:09.093776+00:00,3c53f6ea4c31930f48a46ce132bd1be321efa6c6467096f2253e75cbe2a1e530,639586.0,success,,900000000.0,36597592.22,0.0407,,"报告期末基金份额总额 900,000,000.00 份；本期可供分配金额 36,597,592.22 元；单位可供分配金额 0.0407 元/份"
SSE_508027_20250422_5GRH,508027,2025-04-22,2025-03-31,quarterly_report,False,东吴苏州工业园区产业园封闭式基础设施证券投资基金2025年第1季度报告,https://www.sse.com.cn/disclosure/fund/announcement/c/new/2025-04-22/508027_20250422_5GRH.pdf,2026-09-05T13:15:09.102685+00:00,4810b49f4791a58c7c49cbad84331c6db19318374026cd29a2ff2de7d5083808,668698.0,success,,900000000.0,35636270.06,0.0396,,"报告期末基金份额总额 900,000,000.00 份；本期可供分配金额 35,636,270.06 元；单位可供分配金额 0.0396 元/份"
SSE_508027_20250721_P7Q6,508027,2025-07-21,2025-06-30,quarterly_report,False,东吴苏州工业园区产业园封闭式基础设施证券投资基金2025年第2季度报告,https://www.sse.com.cn/disclosure/fund/announcement/c/new/2025-07-21/508027_20250721_P7Q6.pdf,2026-09-05T13:15:09.239946+00:00,7772b147d09adb5450aea319e6c5abcb6b1a90b1404d4a702c0acb9337c540c2,656177.0,success,,900000000.0,32140024.11,0.0357,,"报告期末基金份额总额 900,000,000.00 份；本期可供分配金额 32,140,024.11 元；单位可供分配金额 0.0357 元/份"
SSE_508027_20250829_TKOI,508027,2025-08-29,2025-06-30,semiannual_report,False,东吴苏州工业园区产业园封闭式基础设施证券投资基金2025年中期报告,https://www.sse.com.cn/disclosure/fund/announcement/c/new/2025-08-29/508027_20250829_TKOI.pdf,2026-09-05T13:15:09.323793+00:00,f455c13ec8a5e608cd72a8dfe7fa3bed12c0ff739b86f93ccfc666b093f6381c,2091089.0,success,,900000000.0,67776294.17,0.0753,3.3848,"报告期末基金份额总额 900,000,000.00 份；本期可供分配金额 67,776,294.17 元；单位可供分配金额 0.0753 元/份"
SSE_508027_20251028_39X7,508027,2025-10-28,2025-09-30,quarterly_report,False,东吴苏州工业园区产业园封闭式基础设施证券投资基金2025年第3季度报告,https://www.sse.com.cn/disclosure/fund/announcement/c/new/2025-10-28/508027_20251028_39X7.pdf,2026-09-05T13:15:09.353999+00:00,0158d7c92cd318c215b691f53f6a51a902b17725b0e6a83f047e0c378acef192,653017.0,success,,900000000.0,34342313.05,0.0382,,"报告期末基金份额总额 900,000,000.00 份；本期可供分配金额 34,342,313.05 元；单位可供分配金额 0.0382 元/份"
SSE_508027_20260122_BAXO,508027,2026-01-22,2025-12-31,quarterly_report,False,东吴苏州工业园区产业园封闭式基础设施证券投资基金2025年第4季度报告,https://www.sse.com.cn/disclosure/fund/announcement/c/new/2026-01-22/508027_20260122_BAXO.pdf,2026-09-05T13:15:09.440698+00:00,34a727304aaab778b153b9084e986c703ba626dcf6049cae3ec648800af8b4a5,699519.0,success,,900000000.0,31209236.62,0.0347,,"报告期末基金份额总额 900,000,000.00 份；本期可供分配金额 31,209,236.62 元；单位可供分配金额 0.0347 元/份"
SSE_508027_20260422_URUX,508027,2026-04-22,2026-03-31,quarterly_report,False,东吴苏州工业园区产业园封闭式基础设施证券投资基金2026年第1季度报告,https://www.sse.com.cn/disclosure/fund/announcement/c/new/2026-04-22/508027_20260422_URUX.pdf,2026-09-05T13:15:09.450925+00:00,72e163785c14ba742bd86d12d82bf322ff23dc555b26dd9b2c4bc0da4255834a,655090.0,success,,900000000.0,32559315.23,0.0362,,"报告期末基金份额总额 900,000,000.00 份；本期可供分配金额 32,559,315.23 元；单位可供分配金额 0.0362 元/份"
SSE_508027_20260721_8PEF,508027,2026-07-21,2026-06-30,quarterly_report,False,东吴苏州工业园区产业园封闭式基础设施证券投资基金2026年第2季度报告,https://www.sse.com.cn/disclosure/fund/announcement/c/new/2026-07-21/508027_20260721_8PEF.pdf,2026-09-05T13:15:09.552353+00:00,543f576b1f69ea56bb2448d0bddf8ce268d6e964899d3338d3ac0a8ac1baae27,621553.0,success,,900000000.0,27032838.57,0.03,,"报告期末基金份额总额 900,000,000.00 份；本期可供分配金额 27,032,838.57 元；单位可供分配金额 0.0300 元/份"
SSE_508028_20230721_85FM,508028,2023-07-21,2023-06-30,quarterly_report,False,中信建投国家电投新能源封闭式基础设施证券投资基金2023年第2季度报告,https://www.sse.com.cn/disclosure/fund/announcement/c/new/2023-07-21/508028_20230721_85FM.pdf,2026-09-05T13:15:09.555691+00:00,9550f925b3ec9072893cb107d1bfe45ff57c7a4e06a9208e5cd49df49907702a,314143.0,success,,800000000.0,229304121.42,0.2866,,"报告期末基金份额总额 800,000,000.00 份；本期可供分配金额 229,304,121.42 元；单位可供分配金额 0.2866 元/份"
SSE_508028_20230831_QDGE,508028,2023-08-31,2023-06-30,semiannual_report,False,中信建投国家电投新能源封闭式基础设施证券投资基金2023年中期报告,https://www.sse.com.cn/disclosure/fund/announcement/c/new/2023-08-31/508028_20230831_QDGE.pdf,2026-09-05T13:15:09.633852+00:00,c1280ae68b532db8bb4f653561ff5e9d6188c2e3749285218f5fe0f32ad52da8,703703.0,success,,800000000.0,229953379.16,0.2874,9.9149,"报告期末基金份额总额 800,000,000.00 份；本期可供分配金额 229,953,379.16 元；单位可供分配金额 0.2874 元/份"
SSE_508028_20231025_AA5D,508028,2023-10-25,2023-09-30,quarterly_report,False,中信建投国家电投新能源封闭式基础设施证券投资基金2023年第3季度报告,https://www.sse.com.cn/disclosure/fund/announcement/c/new/2023-10-25/508028_20231025_AA5D.pdf,2026-09-05T13:15:09.728663+00:00,a6856ba981d3fe864e3939bbad5608496e022c37b7b000d64b45d31f2aaf11df,316931.0,success,,800000000.0,205120911.44,0.2564,,"报告期末基金份额总额 800,000,000.00 份；本期可供分配金额 205,120,911.44 元；单位可供分配金额 0.2564 元/份"
SSE_508028_20240122_M73M,508028,2024-01-22,2023-12-31,quarterly_report,False,中信建投国家电投新能源封闭式基础设施证券投资基金2023年第4季度报告,https://www.sse.com.cn/disclosure/fund/announcement/c/new/2024-01-22/508028_20240122_M73M.pdf,2026-09-05T13:15:09.743060+00:00,074925bf7bfb7cd4c0c9d230d3a02a79bea14119503603962ecd60d790190fee,315763.0,success,,800000000.0,217124591.43,0.2714,,"报告期末基金份额总额 800,000,000.00 份；本期可供分配金额 217,124,591.43 元；单位可供分配金额 0.2714 元/份"
SSE_508028_20240422_NS1X,508028,2024-04-22,2024-03-31,quarterly_report,False,中信建投国家电投新能源封闭式基础设施证券投资基金2024年第1季度报告,https://www.sse.com.cn/disclosure/fund/announcement/c/new/2024-04-22/508028_20240422_NS1X.pdf,2026-09-05T13:15:09.759293+00:00,c6814283e1d459fccc481b0f5e7d9122000f3a1595da5eb78df46711f250a437,309149.0,success,,800000000.0,136490376.56,0.1706,,"报告期末基金份额总额 800,000,000.00 份；本期可供分配金额 136,490,376.56 元；单位可供分配金额 0.1706 元/份"
SSE_508028_20240719_95R7,508028,2024-07-19,2024-06-30,quarterly_report,False,中信建投国家电投新能源封闭式基础设施证券投资基金2024年第2季度报告,https://www.sse.com.cn/disclosure/fund/announcement/c/new/2024-07-19/508028_20240719_95R7.pdf,2026-09-05T13:15:09.834196+00:00,3399c4a02ef734c9c5dfbe241c606f9e4b7c69daa9fa9aed37d2249ede875a1a,339100.0,success,,800000000.0,-42121401.86,-0.0527,,"报告期末基金份额总额 800,000,000.00 份；本期可供分配金额 -42,121,401.86 元；单位可供分配金额 -0.0527 元/份"
SSE_508028_20240830_OCHY,508028,2024-08-30,2024-06-30,semiannual_report,False,中信建投国家电投新能源封闭式基础设施证券投资基金2024年中期报告,https://www.sse.com.cn/disclosure/fund/announcement/c/new/2024-08-30/508028_20240830_OCHY.pdf,2026-09-05T13:15:09.926891+00:00,a25aa9e241e5129f1f42c349269d85eb465f8a4ff709763281142d168aed3347,655864.0,success,,800000000.0,94368974.7,0.118,9.2179,"报告期末基金份额总额 800,000,000.00 份；本期可供分配金额 94,368,974.70 元；单位可供分配金额 0.1180 元/份"
SSE_508028_20241025_2Z9V,508028,2024-10-25,2024-09-30,quarterly_report,False,中信建投国家电投新能源封闭式基础设施证券投资基金2024年第3季度报告,https://www.sse.com.cn/disclosure/fund/announcement/c/new/2024-10-25/508028_20241025_2Z9V.pdf,2026-09-05T13:15:09.945532+00:00,2e8a6aa60301491efe0b5ecb7c142cae73faf7db55cafda28b1d52d3b62d94f4,309647.0,success,,800000000.0,96232913.2,0.1203,,"报告期末基金份额总额 800,000,000.00 份；本期可供分配金额 96,232,913.20 元；单位可供分配金额 0.1203 元/份"
SSE_508028_20250122_36A6,508028,2025-01-22,2024-12-31,quarterly_report,False,中信建投国家电投新能源封闭式基础设施证券投资基金2024年第4季度报告,https://www.sse.com.cn/disclosure/fund/announcement/c/new/2025-01-22/508028_20250122_36A6.pdf,2026-09-05T13:15:10.016410+00:00,3c622f840e46f1a32ec662e0b42e94a8c496bfdf5553a455f79cb68c9665af0d,336607.0,success,,800000000.0,237692017.56,0.2971,,"报告期末基金份额总额 800,000,000.00 份；本期可供分配金额 237,692,017.56 元；单位可供分配金额 0.2971 元/份"
SSE_508028_20250422_YHMC,508028,2025-04-22,2025-03-31,quarterly_report,False,中信建投国家电投新能源封闭式基础设施证券投资基金2025年第1季度报告,https://www.sse.com.cn/disclosure/fund/announcement/c/new/2025-04-22/508028_20250422_YHMC.pdf,2026-09-05T13:15:10.027935+00:00,3a4c31fae24f4a2e8350ee8d2b9298ea1f30c44b586f67ca26c5be73e12b7af2,276243.0,success,,800000000.0,70230449.0,0.0878,,"报告期末基金份额总额 800,000,000.00 份；本期可供分配金额 70,230,449.00 元；单位可供分配金额 0.0878 元/份"
SSE_508028_20250721_TBZ8,508028,2025-07-21,2025-06-30,quarterly_report,False,中信建投国家电投新能源封闭式基础设施证券投资基金2025年第2季度报告,https://www.sse.com.cn/disclosure/fund/announcement/c/new/2025-07-21/508028_20250721_TBZ8.pdf,2026-09-05T13:15:10.053330+00:00,0bf6f619fe4095953056fa42e528d806d10c8220b721399438730d21813f154d,277777.0,success,,800000000.0,66569026.38,0.0832,,"报告期末基金份额总额 800,000,000.00 份；本期可供分配金额 66,569,026.38 元；单位可供分配金额 0.0832 元/份"
SSE_508028_20250829_AAAI,508028,2025-08-29,2025-06-30,semiannual_report,False,中信建投国家电投新能源封闭式基础设施证券投资基金2025年中期报告,https://www.sse.com.cn/disclosure/fund/announcement/c/new/2025-08-29/508028_20250829_AAAI.pdf,2026-09-05T13:15:10.071376+00:00,a8e4a3540e3216eb65ddf703b2e3b224ec5f64fee8fdd8d94935dc2994406b9b,683025.0,success,,800000000.0,136799475.38,0.171,8.6232,"报告期末基金份额总额 800,000,000.00 份；本期可供分配金额 136,799,475.38 元；单位可供分配金额 0.1710 元/份"
SSE_508028_20251028_036Z,508028,2025-10-28,2025-09-30,quarterly_report,False,中信建投国家电投新能源封闭式基础设施证券投资基金2025年第3季度报告,https://www.sse.com.cn/disclosure/fund/announcement/c/new/2025-10-28/508028_20251028_036Z.pdf,2026-09-05T13:15:10.140332+00:00,14f86c9ac5658bad06d28c13a66c81ba0b538229da64e87b0e043496b236fb15,286074.0,success,,800000000.0,-9791578.68,-0.0122,,"报告期末基金份额总额 800,000,000.00 份；本期可供分配金额 -9,791,578.68 元；单位可供分配金额 -0.0122 元/份"
SSE_508028_20260122_8WBS,508028,2026-01-22,2025-12-31,quarterly_report,False,中信建投国家电投新能源封闭式基础设施证券投资基金2025年第4季度报告,https://www.sse.com.cn/disclosure/fund/announcement/c/new/2026-01-22/508028_20260122_8WBS.pdf,2026-09-05T13:15:10.232842+00:00,ca1a5c34a452da7c3147d44f6dc96a4f6ec23694d23993e9a788c51a2a21350b,279155.0,success,,800000000.0,160315523.99,0.2004,,"报告期末基金份额总额 800,000,000.00 份；本期可供分配金额 160,315,523.99 元；单位可供分配金额 0.2004 元/份"
SSE_508028_20260422_YR89,508028,2026-04-22,2026-03-31,quarterly_report,False,中信建投国家电投新能源封闭式基础设施证券投资基金2026年第1季度报告,https://www.sse.com.cn/disclosure/fund/announcement/c/new/2026-04-22/508028_20260422_YR89.pdf,2026-09-05T13:15:10.326754+00:00,cd26a152bffb08fd39dc355f401592796bc1a3ddc376c3c30d0374abd64ce6f0,279799.0,success,,800000000.0,82796394.83,0.1035,,"报告期末基金份额总额 800,000,000.00 份；本期可供分配金额 82,796,394.83 元；单位可供分配金额 0.1035 元/份"
SSE_508028_20260721_W0FA,508028,2026-07-21,2026-06-30,quarterly_report,False,中信建投国家电投新能源封闭式基础设施证券投资基金2026年第2季度报告,https://www.sse.com.cn/disclosure/fund/announcement/c/new/2026-07-21/508028_20260721_W0FA.pdf,2026-09-05T13:15:10.376195+00:00,3fbeac40421e2aa7dcc1e4ed6ca27bd90db6eaccb762c80056ec3c73d29f9871,281106.0,success,,800000000.0,-11212394.48,-0.014,,"报告期末基金份额总额 800,000,000.00 份；本期可供分配金额 -11,212,394.48 元；单位可供分配金额 -0.0140 元/份"
SSE_508029_20260122_F3QA,508029,2026-01-22,2025-12-31,quarterly_report,False,中信建投沈阳国际软件园封闭式基础设施证券投资基金2025年第4季度报告,https://www.sse.com.cn/disclosure/fund/announcement/c/new/2026-01-22/508029_20260122_F3QA.pdf,2026-09-05T13:15:10.399933+00:00,a30b563d30ad572d2b94f6698f3d549775ae3c52c5eadd3eceb45765e1fb64b5,259102.0,success,,300000000.0,65126296.0,0.2171,,"报告期末基金份额总额 300,000,000.00 份；本期可供分配金额 65,126,296.00 元；单位可供分配金额 0.2171 元/份"
SSE_508029_20260422_VJL4,508029,2026-04-22,2026-03-31,quarterly_report,False,中信建投沈阳国际软件园封闭式基础设施证券投资基金2026年第1季度报告,https://www.sse.com.cn/disclosure/fund/announcement/c/new/2026-04-22/508029_20260422_VJL4.pdf,2026-09-05T13:15:10.472131+00:00,a473add9775c2ff8022084537a42364e10818ade22c31dfdc618f92c979b935a,255054.0,success,,300000000.0,15247994.83,0.0508,,"报告期末基金份额总额 300,000,000.00 份；本期可供分配金额 15,247,994.83 元；单位可供分配金额 0.0508 元/份"
SSE_508029_20260721_W4R4,508029,2026-07-21,2026-06-30,quarterly_report,False,中信建投沈阳国际软件园封闭式基础设施证券投资基金2026年第2季度报告,https://www.sse.com.cn/disclosure/fund/announcement/c/new/2026-07-21/508029_20260721_W4R4.pdf,2026-09-05T13:15:10.473424+00:00,eef9706518f2842af988633a456430737c8a62e107610ef30a8d8a048052354b,260903.0,success,,300000000.0,14592700.03,0.0486,,"报告期末基金份额总额 300,000,000.00 份；本期可供分配金额 14,592,700.03 元；单位可供分配金额 0.0486 元/份"
SSE_508031_20240422_EL2U,508031,2024-04-22,2024-03-31,quarterly_report,False,国泰君安城投宽庭保障性租赁住房封闭式基础设施证券投资基金2024年第1季度报告,https://www.sse.com.cn/disclosure/fund/announcement/c/new/2024-04-22/508031_20240422_EL2U.pdf,2026-09-05T13:15:10.473960+00:00,5c9ab20be00db3ce2a2ecfff8a554d20d0bdde01200e935f876894eb37ce97d1,226611.0,success,,1000000000.0,32765077.34,0.0328,,"报告期末基金份额总额 1,000,000,000.00 份；本期可供分配金额 32,765,077.34 元；单位可供分配金额 0.0328 元/份"
SSE_508031_20240719_TS0P,508031,2024-07-19,2024-06-30,quarterly_report,False,国泰君安城投宽庭保障性租赁住房封闭式基础设施证券投资基金2024年第2季度报告,https://www.sse.com.cn/disclosure/fund/announcement/c/new/2024-07-19/508031_20240719_TS0P.pdf,2026-09-05T13:15:10.525981+00:00,4c7342f130e8775fc8881d6367410c6a45ac8b26eb21fe6aaf20545a2f99eba3,191329.0,success,,1000000000.0,30658630.83,0.0307,,"报告期末基金份额总额 1,000,000,000.00 份；本期可供分配金额 30,658,630.83 元；单位可供分配金额 0.0307 元/份"
SSE_508031_20240831_3Q6E,508031,2024-08-31,2024-06-30,semiannual_report,False,国泰君安城投宽庭保障性租赁住房封闭式基础设施证券投资基金2024年中期报告,https://www.sse.com.cn/disclosure/fund/announcement/c/new/2024-08-31/508031_20240831_3Q6E.pdf,2026-09-05T13:15:10.595747+00:00,5d41c75f21f4c8b5d55d4d3605226a54e23c0938d48b754c0154b5df3dcd79ab,463050.0,success,,1000000000.0,63423708.17,0.0634,3.0905,"报告期末基金份额总额 1,000,000,000.00 份；本期可供分配金额 63,423,708.17 元；单位可供分配金额 0.0634 元/份"
SSE_508031_20241025_SH19,508031,2024-10-25,2024-09-30,quarterly_report,False,国泰君安城投宽庭保障性租赁住房封闭式基础设施证券投资基金2024年第3季度报告,https://www.sse.com.cn/disclosure/fund/announcement/c/new/2024-10-25/508031_20241025_SH19.pdf,2026-09-05T13:15:10.616884+00:00,cd44d435ab000ead75f6a7ef2e30b82812c7811f87d91b085fff33b2acb238e9,194751.0,success,,1000000000.0,32667369.49,0.0327,,"报告期末基金份额总额 1,000,000,000.00 份；本期可供分配金额 32,667,369.49 元；单位可供分配金额 0.0327 元/份"
SSE_508031_20250122_QR7N,508031,2025-01-22,2024-12-31,quarterly_report,False,国泰君安城投宽庭保障性租赁住房封闭式基础设施证券投资基金2024年第4季度报告,https://www.sse.com.cn/disclosure/fund/announcement/c/new/2025-01-22/508031_20250122_QR7N.pdf,2026-09-05T13:15:10.669378+00:00,616eb728af7a417803401a524b4c9d7dcf80fd5f678db913241fcad66078ec36,232243.0,success,,1000000000.0,34576681.92,0.0346,,"报告期末基金份额总额 1,000,000,000.00 份；本期可供分配金额 34,576,681.92 元；单位可供分配金额 0.0346 元/份"
SSE_508031_20250422_LRPW,508031,2025-04-22,2025-03-31,quarterly_report,False,国泰君安城投宽庭保障性租赁住房封闭式基础设施证券投资基金2025年第1季度报告,https://www.sse.com.cn/disclosure/fund/announcement/c/new/2025-04-22/508031_20250422_LRPW.pdf,2026-09-05T13:15:10.697164+00:00,046c000696751aa68014dc15b53ff732c4ecbe5113834dedec724e989af57279,214753.0,success,,1000000000.0,31400909.58,0.0314,,"报告期末基金份额总额 1,000,000,000.00 份；本期可供分配金额 31,400,909.58 元；单位可供分配金额 0.0314 元/份"
SSE_508031_20250719_Y7F9,508031,2025-07-19,2025-06-30,quarterly_report,False,国泰君安城投宽庭保障性租赁住房封闭式基础设施证券投资基金2025年第2季度报告,https://www.sse.com.cn/disclosure/fund/announcement/c/new/2025-07-19/508031_20250719_Y7F9.pdf,2026-09-05T13:15:10.703395+00:00,00a73d526b68155a18039bbef1761ef520cf77480c723bb74d28506eff84a5ed,209472.0,success,,1000000000.0,31967730.18,0.032,,"报告期末基金份额总额 1,000,000,000.00 份；本期可供分配金额 31,967,730.18 元；单位可供分配金额 0.0320 元/份"
SSE_508031_20250829_I3CK,508031,2025-08-29,2025-06-30,semiannual_report,False,国泰君安城投宽庭保障性租赁住房封闭式基础设施证券投资基金2025年中期报告,https://www.sse.com.cn/disclosure/fund/announcement/c/new/2025-08-29/508031_20250829_I3CK.pdf,2026-09-05T13:15:10.940050+00:00,bbaaf0d0cd4f0b1333f499e64046b2e067c20d4636fc6f91113aac09eeb15896,485773.0,success,,1000000000.0,63368639.76,0.0634,3.0405,"报告期末基金份额总额 1,000,000,000.00 份；本期可供分配金额 63,368,639.76 元；单位可供分配金额 0.0634 元/份"
SSE_508031_20251028_CBJN,508031,2025-10-28,2025-09-30,quarterly_report,False,国泰海通城投宽庭保障性租赁住房封闭式基础设施证券投资基金2025年第3季度报告,https://www.sse.com.cn/disclosure/fund/announcement/c/new/2025-10-28/508031_20251028_CBJN.pdf,2026-09-05T13:15:10.942173+00:00,728f689db7bdbe19533ffebddad49cfaa20d98c002f34023746d412335070b44,213074.0,success,,1000000000.0,32079703.45,0.0321,,"报告期末基金份额总额 1,000,000,000.00 份；本期可供分配金额 32,079,703.45 元；单位可供分配金额 0.0321 元/份"
SSE_508031_20260122_PB9S,508031,2026-01-22,2025-12-31,quarterly_report,False,国泰海通城投宽庭保障性租赁住房封闭式基础设施证券投资基金2025年第4季度报告,https://www.sse.com.cn/disclosure/fund/announcement/c/new/2026-01-22/508031_20260122_PB9S.pdf,2026-09-05T13:15:11.039586+00:00,fe6a0d258017fb5a852b47b68f046fc1db4cfc4fd69a3bc163ad5d4ee4960b69,211339.0,success,,1000000000.0,32519900.53,0.0325,,"报告期末基金份额总额 1,000,000,000.00 份；本期可供分配金额 32,519,900.53 元；单位可供分配金额 0.0325 元/份"
SSE_508031_20260422_AAM4,508031,2026-04-22,2026-03-31,quarterly_report,False,国泰海通城投宽庭保障性租赁住房封闭式基础设施证券投资基金2026年第1季度报告,https://www.sse.com.cn/disclosure/fund/announcement/c/new/2026-04-22/508031_20260422_AAM4.pdf,2026-09-05T13:15:11.056468+00:00,517456f1152ff142ef9b01598799d743f84164dea09c1c454ef7ca80f7cf3dfb,203337.0,success,,1000000000.0,31596128.73,0.0316,,"报告期末基金份额总额 1,000,000,000.00 份；本期可供分配金额 31,596,128.73 元；单位可供分配金额 0.0316 元/份"
SSE_508031_20260721_2T7R,508031,2026-07-21,2026-06-30,quarterly_report,False,国泰海通城投宽庭保障性租赁住房封闭式基础设施证券投资基金2026年第2季度报告,https://www.sse.com.cn/disclosure/fund/announcement/c/new/2026-07-21/508031_20260721_2T7R.pdf,2026-09-05T13:15:11.063768+00:00,620cccb70a7e317edb471a175191b06d1ef4f0ca420b6326fddc0f41dda33abf,207583.0,success,,1000000000.0,33372966.42,0.0334,,"报告期末基金份额总额 1,000,000,000.00 份；本期可供分配金额 33,372,966.42 元；单位可供分配金额 0.0334 元/份"
SSE_508033_20240718_R3KQ,508033,2024-07-18,2024-06-30,quarterly_report,False,易方达深高速高速公路封闭式基础设施证券投资基金2024年第2季度报告,https://www.sse.com.cn/disclosure/fund/announcement/c/new/2024-07-18/508033_20240718_R3KQ.pdf,2026-09-05T13:15:11.065742+00:00,518a2e4202815f8265383f79eb6bb87905ea89adcfe92df75af5c0a48d002f56,572515.0,success,,300000000.0,38796774.8,0.1293,,"报告期末基金份额总额 300,000,000.00 份；本期可供分配金额 38,796,774.80 元；单位可供分配金额 0.1293 元/份"
SSE_508033_20240830_38SS,508033,2024-08-30,2024-06-30,semiannual_report,False,易方达深高速高速公路封闭式基础设施证券投资基金2024年中期报告,https://www.sse.com.cn/disclosure/fund/announcement/c/new/2024-08-30/508033_20240830_38SS.pdf,2026-09-05T13:15:11.138656+00:00,6bf31e5f839cea1405711b96a5f9388be7ab3dcbefd200b0f64c38a21eeb8258,1949246.0,success,,300000000.0,169265195.73,0.5642,6.4367,"报告期末基金份额总额 300,000,000.00 份；本期可供分配金额 169,265,195.73 元；单位可供分配金额 0.5642 元/份"
SSE_508033_20241025_7508,508033,2024-10-25,2024-09-30,quarterly_report,False,易方达深高速高速公路封闭式基础设施证券投资基金2024年第3季度报告,https://www.sse.com.cn/disclosure/fund/announcement/c/new/2024-10-25/508033_20241025_7508.pdf,2026-09-05T13:15:11.238727+00:00,bb5395c0e2d4e8d8eabae75cd478d4a92c4b91807f97ae3db1edc0188e76f5bd,621568.0,success,,300000000.0,63537583.48,0.2118,,"报告期末基金份额总额 300,000,000.00 份；本期可供分配金额 63,537,583.48 元；单位可供分配金额 0.2118 元/份"
SSE_508033_20250121_JNYV,508033,2025-01-21,2024-12-31,quarterly_report,False,易方达深高速高速公路封闭式基础设施证券投资基金2024年第4季度报告,https://www.sse.com.cn/disclosure/fund/announcement/c/new/2025-01-21/508033_20250121_JNYV.pdf,2026-09-05T13:15:11.239227+00:00,b6c27bccc2e2feb0e3a0af218861915b40bde5334eacbc09139e0aff612b96fd,708506.0,success,,300000000.0,47852379.62,0.1595,,"报告期末基金份额总额 300,000,000.00 份；本期可供分配金额 47,852,379.62 元；单位可供分配金额 0.1595 元/份"
SSE_508033_20250422_ODR0,508033,2025-04-22,2025-03-31,quarterly_report,False,易方达深高速高速公路封闭式基础设施证券投资基金2025年第1季度报告,https://www.sse.com.cn/disclosure/fund/announcement/c/new/2025-04-22/508033_20250422_ODR0.pdf,2026-09-05T13:15:11.249700+00:00,c80e85452b6f7c1fc27bd7ea1dcf7712c171bceb16508452ff54154b4b775ee3,619786.0,success,,300000000.0,58129257.57,0.1938,,"报告期末基金份额总额 300,000,000.00 份；本期可供分配金额 58,129,257.57 元；单位可供分配金额 0.1938 元/份"
SSE_508033_20250721_104H,508033,2025-07-21,2025-06-30,quarterly_report,False,易方达深高速高速公路封闭式基础设施证券投资基金2025年第2季度报告,https://www.sse.com.cn/disclosure/fund/announcement/c/new/2025-07-21/508033_20250721_104H.pdf,2026-09-05T13:15:11.289259+00:00,fd66df4d7bb0a2148712d88759895e5cf57714d8e0c9cae2196d05c99d23bbbd,447147.0,success,,300000000.0,56143845.59,0.1871,,"报告期末基金份额总额 300,000,000.00 份；本期可供分配金额 56,143,845.59 元；单位可供分配金额 0.1871 元/份"
SSE_508033_20250830_38BS,508033,2025-08-30,2025-06-30,semiannual_report,False,易方达深高速高速公路封闭式基础设施证券投资基金2025年中期报告,https://www.sse.com.cn/disclosure/fund/announcement/c/new/2025-08-30/508033_20250830_38BS.pdf,2026-09-05T13:15:11.367558+00:00,110f91326a5ca8e790198685945d75151e10a6a9302ad4399675b96880b3f2d7,2122214.0,success,,300000000.0,114273103.16,0.3809,6.2311,"报告期末基金份额总额 300,000,000.00 份；本期可供分配金额 114,273,103.16 元；单位可供分配金额 0.3809 元/份"
SSE_508033_20251028_6EQD,508033,2025-10-28,2025-09-30,quarterly_report,False,易方达深高速高速公路封闭式基础设施证券投资基金2025年第3季度报告,https://www.sse.com.cn/disclosure/fund/announcement/c/new/2025-10-28/508033_20251028_6EQD.pdf,2026-09-05T13:15:11.530997+00:00,2162ad8f824cf86f029b609f199e4e7fbd874b12abb870b5285c802376f7036e,446907.0,success,,300000000.0,67245132.67,0.2242,,"报告期末基金份额总额 300,000,000.00 份；本期可供分配金额 67,245,132.67 元；单位可供分配金额 0.2242 元/份"
SSE_508033_20260122_XKT4,508033,2026-01-22,2025-12-31,quarterly_report,False,易方达深高速高速公路封闭式基础设施证券投资基金2025年第4季度报告,https://www.sse.com.cn/disclosure/fund/announcement/c/new/2026-01-22/508033_20260122_XKT4.pdf,2026-09-05T13:15:11.532144+00:00,49b6e71b199eabcfaaa83aa0cbc655ac621cdd127f28fc59de8b4e997ed1ca1f,442878.0,success,,300000000.0,45229179.94,0.1508,,"报告期末基金份额总额 300,000,000.00 份；本期可供分配金额 45,229,179.94 元；单位可供分配金额 0.1508 元/份"
SSE_508033_20260422_D25M,508033,2026-04-22,2026-03-31,quarterly_report,False,易方达深高速高速公路封闭式基础设施证券投资基金2026年第1季度报告,https://www.sse.com.cn/disclosure/fund/announcement/c/new/2026-04-22/508033_20260422_D25M.pdf,2026-09-05T13:15:11.535554+00:00,e4a219b4b7e4e9844e3305c3027e604b277af5ea67125426aac6dc4dd244ac03,443064.0,success,,300000000.0,71958311.51,0.2399,,"报告期末基金份额总额 300,000,000.00 份；本期可供分配金额 71,958,311.51 元；单位可供分配金额 0.2399 元/份"
SSE_508033_20260721_M1OB,508033,2026-07-21,2026-06-30,quarterly_report,False,易方达深高速高速公路封闭式基础设施证券投资基金2026年第2季度报告,https://www.sse.com.cn/disclosure/fund/announcement/c/new/2026-07-21/508033_20260721_M1OB.pdf,2026-09-05T13:15:11.648974+00:00,c2bae71798a459f6e5851ada6dee6a1c47cea8340c572f8b31dcb24b8eb9d788,459937.0,success,,300000000.0,46578563.62,0.1553,,"报告期末基金份额总额 300,000,000.00 份；本期可供分配金额 46,578,563.62 元；单位可供分配金额 0.1553 元/份"
SSE_508036_20250422_1EY5,508036,2025-04-22,2025-03-31,quarterly_report,False,平安宁波交投杭州湾跨海大桥封闭式基础设施证券投资基金2025年第1季度报告,https://www.sse.com.cn/disclosure/fund/announcement/c/new/2025-04-22/508036_20250422_1EY5.pdf,2026-09-05T13:15:11.682717+00:00,223addfebb5f421cd2cbbb43941cb1197a605e8576d1a4ac4f51e2d948b8594e,478993.0,success,,1000000000.0,377777996.44,0.3778,,"报告期末基金份额总额 1,000,000,000.00 份；本期可供分配金额 377,777,996.44 元；单位可供分配金额 0.3778 元/份"
SSE_508036_20250721_H45M,508036,2025-07-21,2025-06-30,quarterly_report,False,平安宁波交投杭州湾跨海大桥封闭式基础设施证券投资基金2025年第2季度报告,https://www.sse.com.cn/disclosure/fund/announcement/c/new/2025-07-21/508036_20250721_H45M.pdf,2026-09-05T13:15:11.762527+00:00,1824ace6c58327e8d35e379b8725b7c8fb655c5fb3d2581481b8d0b261cff9b2,531536.0,success,,1000000000.0,357524623.95,0.3575,,"报告期末基金份额总额 1,000,000,000.00 份；本期可供分配金额 357,524,623.95 元；单位可供分配金额 0.3575 元/份"
SSE_508036_20250829_ANCL,508036,2025-08-29,2025-06-30,semiannual_report,False,平安宁波交投杭州湾跨海大桥封闭式基础设施证券投资基金2025年中期报告,https://www.sse.com.cn/disclosure/fund/announcement/c/new/2025-08-29/508036_20250829_ANCL.pdf,2026-09-05T13:15:11.763634+00:00,eefd33efa467285d3bb773739adad7d2226ff1c7463ab30fd8ca638db1946bb5,2315641.0,success,,1000000000.0,735302620.39,0.7353,8.0803,"报告期末基金份额总额 1,000,000,000.00 份；本期可供分配金额 735,302,620.39 元；单位可供分配金额 0.7353 元/份"
SSE_508036_20251028_TJQX,508036,2025-10-28,2025-09-30,quarterly_report,False,平安宁波交投杭州湾跨海大桥封闭式基础设施证券投资基金2025年第3季度报告,https://www.sse.com.cn/disclosure/fund/announcement/c/new/2025-10-28/508036_20251028_TJQX.pdf,2026-09-05T13:15:11.785172+00:00,9aad1d066659878a8dc5b528e32faf7be30500b0838aab282f5a61148b35dfcf,556136.0,success,,1000000000.0,189286456.17,0.1893,,"报告期末基金份额总额 1,000,000,000.00 份；本期可供分配金额 189,286,456.17 元；单位可供分配金额 0.1893 元/份"
SSE_508036_20260122_OEID,508036,2026-01-22,2025-12-31,quarterly_report,False,平安宁波交投杭州湾跨海大桥封闭式基础设施证券投资基金2025年第4季度报告,https://www.sse.com.cn/disclosure/fund/announcement/c/new/2026-01-22/508036_20260122_OEID.pdf,2026-09-05T13:15:11.911385+00:00,38f67c44ae74c2748499b046529c62b1711df1689f5cfd8a6f61776473d65155,216676.0,success,,1000000000.0,168793397.39,0.1688,,"报告期末基金份额总额 1,000,000,000.00 份；本期可供分配金额 168,793,397.39 元；单位可供分配金额 0.1688 元/份"
SSE_508036_20260422_XYNT,508036,2026-04-22,2026-03-31,quarterly_report,False,平安宁波交投杭州湾跨海大桥封闭式基础设施证券投资基金2026年第1季度报告,https://www.sse.com.cn/disclosure/fund/announcement/c/new/2026-04-22/508036_20260422_XYNT.pdf,2026-09-05T13:15:11.934317+00:00,8e57ea29a46e951f0d22d9b4c63859600eefd9750e99bf750df39c577bf0dc79,213276.0,success,,1000000000.0,318649950.4,0.3186,,"报告期末基金份额总额 1,000,000,000.00 份；本期可供分配金额 318,649,950.40 元；单位可供分配金额 0.3186 元/份"
SSE_508036_20260721_T4RP,508036,2026-07-21,2026-06-30,quarterly_report,False,平安宁波交投杭州湾跨海大桥封闭式基础设施证券投资基金2026年第2季度报告,https://www.sse.com.cn/disclosure/fund/announcement/c/new/2026-07-21/508036_20260721_T4RP.pdf,2026-09-05T13:15:12.100368+00:00,8f55855633328c46efcd325c14201a85e6c412583a45528548b04f71d8b8999e,543375.0,success,,1000000000.0,286933561.35,0.2869,,"报告期末基金份额总额 1,000,000,000.00 份；本期可供分配金额 286,933,561.35 元；单位可供分配金额 0.2869 元/份"
SSE_508036_20260828_64F8,508036,2026-08-28,2026-06-30,semiannual_report,False,平安宁波交投杭州湾跨海大桥封闭式基础设施证券投资基金2026年中期报告,https://www.sse.com.cn/disclosure/fund/announcement/c/new/2026-08-28/508036_20260828_64F8.pdf,2026-09-05T13:15:12.493817+00:00,068ec8c62b4909b69f8e8d80a2cb79d4e144a2b130e270301189e568c2435113,612872.0,success,,1000000000.0,605583511.75,0.6056,7.3284,"报告期末基金份额总额 1,000,000,000.00 份；本期可供分配金额 605,583,511.75 元；单位可供分配金额 0.6056 元/份"
SSE_508039_20251027_7GW0,508039,2025-10-27,2025-09-30,quarterly_report,False,创金合信首农产业园封闭式基础设施证券投资基金2025年第3季度报告,https://www.sse.com.cn/disclosure/fund/announcement/c/new/2025-10-27/508039_20251027_7GW0.pdf,2026-09-05T13:15:12.494832+00:00,74d50f60a34f56f22fec5bb420d7b7dda391259bec4e3c4f93db85ee4c6e4b6b,874247.0,success,,1000000000.0,195224655.43,0.1952,,"报告期末基金份额总额 1,000,000,000.00 份；本期可供分配金额 195,224,655.43 元；单位可供分配金额 0.1952 元/份"
SSE_508039_20260121_ZUR8,508039,2026-01-21,2025-12-31,quarterly_report,False,创金合信首农产业园封闭式基础设施证券投资基金2025年第4季度报告,https://www.sse.com.cn/disclosure/fund/announcement/c/new/2026-01-21/508039_20260121_ZUR8.pdf,2026-09-05T13:15:12.495760+00:00,d5008ccfd88af32348589d2182814f11346f41afc526fa8cc5642f2f0f756501,862830.0,success,,1000000000.0,59412266.82,0.0594,,"报告期末基金份额总额 1,000,000,000.00 份；本期可供分配金额 59,412,266.82 元；单位可供分配金额 0.0594 元/份"
SSE_508039_20260420_NZ7G,508039,2026-04-20,2026-03-31,quarterly_report,False,创金合信首农产业园封闭式基础设施证券投资基金2026年第1季度报告,https://www.sse.com.cn/disclosure/fund/announcement/c/new/2026-04-20/508039_20260420_NZ7G.pdf,2026-09-05T13:15:12.496927+00:00,47c9905c152e564c6997a00c421f08ff5409fd246556fb35f831ab348f5dc182,585927.0,success,,1000000000.0,48049735.33,0.048,,"报告期末基金份额总额 1,000,000,000.00 份；本期可供分配金额 48,049,735.33 元；单位可供分配金额 0.0480 元/份"
SSE_508039_20260720_EWU6,508039,2026-07-20,2026-06-30,quarterly_report,False,创金合信首农产业园封闭式基础设施证券投资基金2026年第2季度报告,https://www.sse.com.cn/disclosure/fund/announcement/c/new/2026-07-20/508039_20260720_EWU6.pdf,2026-09-05T13:15:12.723708+00:00,0085c03df92a8929222129c271280509680541e9f4c508ca2149741cbf485b95,540351.0,success,,1000000000.0,78741553.5,0.0787,,"报告期末基金份额总额 1,000,000,000.00 份；本期可供分配金额 78,741,553.50 元；单位可供分配金额 0.0787 元/份"
SSE_508039_20260723_KPN5,508039,2026-07-23,2026-06-30,quarterly_report,True,创金合信首农产业园封闭式基础设施证券投资基金2026年第2季度报告（更正）,https://www.sse.com.cn/disclosure/fund/announcement/c/new/2026-07-23/508039_20260723_KPN5.pdf,2026-09-05T13:15:12.803904+00:00,403e050008e60b494b7c7055b313542fc94927363dd9b5ddc7502a6c2e44956d,608318.0,success,,1000000000.0,78741553.5,0.0787,,"报告期末基金份额总额 1,000,000,000.00 份；本期可供分配金额 78,741,553.50 元；单位可供分配金额 0.0787 元/份"
SSE_508039_20260828_49GQ,508039,2026-08-28,2026-06-30,semiannual_report,False,创金合信首农产业园封闭式基础设施证券投资基金2026年中期报告,https://www.sse.com.cn/disclosure/fund/announcement/c/new/2026-08-28/508039_20260828_49GQ.pdf,2026-09-05T13:15:12.826788+00:00,a150139b41e2c85ace117ef645ee878717154188033dd036172e70c0417438cd,2065694.0,success,,1000000000.0,126791288.82,0.1268,3.5964,"报告期末基金份额总额 1,000,000,000.00 份；本期可供分配金额 126,791,288.82 元；单位可供分配金额 0.1268 元/份"
SSE_508048_20250422_7JKK,508048,2025-04-22,2025-03-31,quarterly_report,False,华安外高桥仓储物流封闭式基础设施证券投资基金2025年第1季度报告,https://www.sse.com.cn/disclosure/fund/announcement/c/new/2025-04-22/508048_20250422_7JKK.pdf,2026-09-05T13:15:12.831956+00:00,232d2019506472e2a976f67a2fe32f344a344c043644f1dcb29a105937a0480c,790582.0,success,,400000000.0,15301789.39,0.0383,,"报告期末基金份额总额 400,000,000.00 份；本期可供分配金额 15,301,789.39 元；单位可供分配金额 0.0383 元/份"
SSE_508048_20250721_CFE7,508048,2025-07-21,2025-06-30,quarterly_report,False,华安外高桥仓储物流封闭式基础设施证券投资基金2025年第2季度报告,https://www.sse.com.cn/disclosure/fund/announcement/c/new/2025-07-21/508048_20250721_CFE7.pdf,2026-09-05T13:15:12.866627+00:00,2693fab183df617fea1e3f44c1d583d21fc19a015f4dd83d871f2b34cb6998ea,800296.0,success,,400000000.0,15950492.26,0.0399,,"报告期末基金份额总额 400,000,000.00 份；本期可供分配金额 15,950,492.26 元；单位可供分配金额 0.0399 元/份"
SSE_508048_20250830_7GS4,508048,2025-08-30,2025-06-30,semiannual_report,False,华安外高桥仓储物流封闭式基础设施证券投资基金2025年中期报告,https://www.sse.com.cn/disclosure/fund/announcement/c/new/2025-08-30/508048_20250830_7GS4.pdf,2026-09-05T13:15:12.995392+00:00,428b4ac97810bea2023e699ff77d507b6e747372dc3ecd58965f8eb7cf588d31,2418072.0,success,,400000000.0,31252281.65,0.0781,2.7985,"报告期末基金份额总额 400,000,000.00 份；本期可供分配金额 31,252,281.65 元；单位可供分配金额 0.0781 元/份"
SSE_508048_20251028_K2RT,508048,2025-10-28,2025-09-30,quarterly_report,False,华安外高桥仓储物流封闭式基础设施证券投资基金2025年第3季度报告,https://www.sse.com.cn/disclosure/fund/announcement/c/new/2025-10-28/508048_20251028_K2RT.pdf,2026-09-05T13:15:13.128048+00:00,cd342644a0f1d20e71fb1ff5b32f0a9026ee1fc7b9c7a3a4be548bcc4ddc1dae,239737.0,success,,400000000.0,13899045.81,0.0347,,"报告期末基金份额总额 400,000,000.00 份；本期可供分配金额 13,899,045.81 元；单位可供分配金额 0.0347 元/份"
SSE_508048_20260122_QF3K,508048,2026-01-22,2025-12-31,quarterly_report,False,华安外高桥仓储物流封闭式基础设施证券投资基金2025年第4季度报告,https://www.sse.com.cn/disclosure/fund/announcement/c/new/2026-01-22/508048_20260122_QF3K.pdf,2026-09-05T13:15:13.149104+00:00,4151111ff9ade15783e81eae17e642f46a2a9f900ff895fafa67794141c5833f,254520.0,success,,400000000.0,14450054.98,0.0361,,"报告期末基金份额总额 400,000,000.00 份；本期可供分配金额 14,450,054.98 元；单位可供分配金额 0.0361 元/份"
SSE_508048_20260422_DMY2,508048,2026-04-22,2026-03-31,quarterly_report,False,华安外高桥仓储物流封闭式基础设施证券投资基金2026年第1季度报告,https://www.sse.com.cn/disclosure/fund/announcement/c/new/2026-04-22/508048_20260422_DMY2.pdf,2026-09-05T13:15:13.408811+00:00,ae2cd768ae8e78ed2471086c8102e57cd9703427599de216535f6fc85b2ecc37,244905.0,success,,400000000.0,14023385.26,0.0351,,"报告期末基金份额总额 400,000,000.00 份；本期可供分配金额 14,023,385.26 元；单位可供分配金额 0.0351 元/份"
SSE_508048_20260721_1SPC,508048,2026-07-21,2026-06-30,quarterly_report,False,华安外高桥仓储物流封闭式基础设施证券投资基金2026年第2季度报告,https://www.sse.com.cn/disclosure/fund/announcement/c/new/2026-07-21/508048_20260721_1SPC.pdf,2026-09-05T13:15:13.498024+00:00,e7a7daafa2f6c6d3ba3a0a2e5aaf1d73d2d9b70e5f8cca65c7c9faa28749063f,253329.0,success,,400000000.0,13659667.9,0.0341,,"报告期末基金份额总额 400,000,000.00 份；本期可供分配金额 13,659,667.90 元；单位可供分配金额 0.0341 元/份"
SSE_508050_20260422_8BHF,508050,2026-04-22,2026-03-31,quarterly_report,False,华夏中核清洁能源封闭式基础设施证券投资基金2026年第1季度报告,https://www.sse.com.cn/disclosure/fund/announcement/c/new/2026-04-22/508050_20260422_8BHF.pdf,2026-09-05T13:15:13.527713+00:00,51e693963d803e1550b57f8bab1a355f3e31f0e6104c4cd365e156d2a1a75001,447718.0,success,,300000000.0,10871551.39,0.0362,,"报告期末基金份额总额 300,000,000.00 份；本期可供分配金额 10,871,551.39 元；单位可供分配金额 0.0362 元/份"
SSE_508050_20260721_D13H,508050,2026-07-21,2026-06-30,quarterly_report,False,华夏中核清洁能源封闭式基础设施证券投资基金2026年第2季度报告,https://www.sse.com.cn/disclosure/fund/announcement/c/new/2026-07-21/508050_20260721_D13H.pdf,2026-09-05T13:15:13.536802+00:00,6988293f4a226aa1e342f18e9a8057841036df74dca5f9372b690ae259c99106,280837.0,success,,300000000.0,24296380.09,0.081,,"报告期末基金份额总额 300,000,000.00 份；本期可供分配金额 24,296,380.09 元；单位可供分配金额 0.0810 元/份"
SSE_508055_20250721_HNUR,508055,2025-07-21,2025-06-30,quarterly_report,False,汇添富上海地产租赁住房封闭式基础设施证券投资基金2025年第2季度报告,https://www.sse.com.cn/disclosure/fund/announcement/c/new/2025-07-21/508055_20250721_HNUR.pdf,2026-09-05T13:15:13.619442+00:00,baf6254de411ddd33d43af990c4464245a5e7f87af10aeeaeb9ad16935e7d9c5,177660.0,success,,500000000.0,12835448.72,0.0257,,"报告期末基金份额总额 500,000,000.00 份；本期可供分配金额 12,835,448.72 元；单位可供分配金额 0.0257 元/份"
SSE_508055_20250829_Y4FU,508055,2025-08-29,2025-06-30,semiannual_report,False,汇添富上海地产租赁住房封闭式基础设施证券投资基金2025年中期报告,https://www.sse.com.cn/disclosure/fund/announcement/c/new/2025-08-29/508055_20250829_Y4FU.pdf,2026-09-05T13:15:13.679907+00:00,496bc6b65b6898aefdd7e6b47c2b7037b7a2dccea8d3e7588ceb3cf91d87206d,533827.0,success,,500000000.0,24839567.03,0.0497,2.739,"报告期末基金份额总额 500,000,000.00 份；本期可供分配金额 24,839,567.03 元；单位可供分配金额 0.0497 元/份"
SSE_508055_20251028_L3F5,508055,2025-10-28,2025-09-30,quarterly_report,False,汇添富上海地产租赁住房封闭式基础设施证券投资基金2025年第3季度报告,https://www.sse.com.cn/disclosure/fund/announcement/c/new/2025-10-28/508055_20251028_L3F5.pdf,2026-09-05T13:15:13.791496+00:00,b5a735ee4b0058316d08c63c4f0d7e0eb369bc1c43b263ba42cc0b21bd49c6e0,183417.0,success,,500000000.0,13258751.65,0.0265,,"报告期末基金份额总额 500,000,000.00 份；本期可供分配金额 13,258,751.65 元；单位可供分配金额 0.0265 元/份"
SSE_508055_20260122_JE7P,508055,2026-01-22,2025-12-31,quarterly_report,False,汇添富上海地产租赁住房封闭式基础设施证券投资基金2025年第4季度报告,https://www.sse.com.cn/disclosure/fund/announcement/c/new/2026-01-22/508055_20260122_JE7P.pdf,2026-09-05T13:15:13.831744+00:00,1b763a63d06ebea9b23ffb369c88b93b004826b02123d99a94f4083e8ccbef69,178229.0,success,,500000000.0,12897420.31,0.0258,,"报告期末基金份额总额 500,000,000.00 份；本期可供分配金额 12,897,420.31 元；单位可供分配金额 0.0258 元/份"
SSE_508055_20260422_XTZL,508055,2026-04-22,2026-03-31,quarterly_report,False,汇添富上海地产租赁住房封闭式基础设施证券投资基金2026年第1季度报告,https://www.sse.com.cn/disclosure/fund/announcement/c/new/2026-04-22/508055_20260422_XTZL.pdf,2026-09-05T13:15:13.886648+00:00,4afd29087d698c7217aec560cc98728e96feaa845f076bf121ef8772ca4235e0,182331.0,success,,500000000.0,12873053.3,0.0257,,"报告期末基金份额总额 500,000,000.00 份；本期可供分配金额 12,873,053.30 元；单位可供分配金额 0.0257 元/份"
SSE_508055_20260717_NDL7,508055,2026-07-17,2026-06-30,quarterly_report,False,汇添富上海地产租赁住房封闭式基础设施证券投资基金2026年第2季度报告,https://www.sse.com.cn/disclosure/fund/announcement/c/new/2026-07-17/508055_20260717_NDL7.pdf,2026-09-05T13:15:13.915418+00:00,4ee51f9a999ae973008227d0e66d1624f57dac987d5b0d7c11171613eb4a6c04,278690.0,success,,500000000.0,13898903.24,0.0278,,"报告期末基金份额总额 500,000,000.00 份；本期可供分配金额 13,898,903.24 元；单位可供分配金额 0.0278 元/份"
SSE_508056_20211027_1_FOemqj8I,508056,2021-10-27,2021-09-30,quarterly_report,False,中金普洛斯仓储物流封闭式基础设施证券投资基金2021年第3季度报告,https://www.sse.com.cn/disclosure/fund/announcement/c/new/2021-10-27/508056_20211027_1_FOemqj8I.pdf,2026-09-05T13:15:13.986539+00:00,eacc5096b246ffcb95c0c99e6fd1370e929ac30cffbbdbd3049d726b87240a41,586177.0,success,,1500000000.0,62976877.76,0.042,,"报告期末基金份额总额 1,500,000,000.00 份；本期可供分配金额 62,976,877.76 元；单位可供分配金额 0.0420 元/份"
SSE_508056_20220124_1_HHbMrZMa,508056,2022-01-24,2021-12-31,quarterly_report,False,中金普洛斯仓储物流封闭式基础设施证券投资基金2021年第4季度报告,https://www.sse.com.cn/disclosure/fund/announcement/c/new/2022-01-24/508056_20220124_1_HHbMrZMa.pdf,2026-09-05T13:15:13.999684+00:00,eebc0b4c470a3451add7903761b52f46500148a75bf6dc5bd0e363e2d10ef32e,626455.0,success,,1500000000.0,68521486.43,0.0457,,"报告期末基金份额总额 1,500,000,000.00 份；本期可供分配金额 68,521,486.43 元；单位可供分配金额 0.0457 元/份"
SSE_508056_20220422_1_29QMCRK7,508056,2022-04-22,2022-03-31,quarterly_report,False,中金普洛斯仓储物流封闭式基础设施证券投资基金2022年第1季度报告,https://www.sse.com.cn/disclosure/fund/announcement/c/new/2022-04-22/508056_20220422_1_29QMCRK7.pdf,2026-09-05T13:15:14.022966+00:00,ca58da6ab53b49ffeed0c7dd81d5f91db138ca78b221fd4615ef4572393a2023,621505.0,success,,1500000000.0,67651123.28,0.0451,,"报告期末基金份额总额 1,500,000,000.00 份；本期可供分配金额 67,651,123.28 元；单位可供分配金额 0.0451 元/份"
SSE_508056_20220721_2_JHtCTVJ6,508056,2022-07-21,2022-06-30,quarterly_report,False,中金普洛斯仓储物流封闭式基础设施证券投资基金2022年第2季度报告,https://www.sse.com.cn/disclosure/fund/announcement/c/new/2022-07-21/508056_20220721_2_JHtCTVJ6.pdf,2026-09-05T13:15:14.077214+00:00,002b5ebb26a276ea250a152a04c4b431aa9bcd09f8828eb26c21c85ec8b4ae12,478089.0,success,,1500000000.0,70574474.18,0.047,,"报告期末基金份额总额 1,500,000,000.00 份；本期可供分配金额 70,574,474.18 元；单位可供分配金额 0.0470 元/份"
SSE_508056_20220831_1_oDKBAnMw,508056,2022-08-31,2022-06-30,semiannual_report,False,中金普洛斯仓储物流封闭式基础设施证券投资基金2022年中期报告,https://www.sse.com.cn/disclosure/fund/announcement/c/new/2022-08-31/508056_20220831_1_oDKBAnMw.pdf,2026-09-05T13:15:14.130204+00:00,59767aff8e9db7e18f132aa6e4fa6a7cc3d0f00717867cd88d3df66d660eaf12,1921286.0,success,,1500000000.0,140873226.57,0.0939,3.8099,"报告期末基金份额总额 1,500,000,000.00 份；本期可供分配金额 140,873,226.57 元；单位可供分配金额 0.0939 元/份"
SSE_508056_20221026_1_9gr5e2dU,508056,2022-10-26,2022-09-30,quarterly_report,False,中金普洛斯仓储物流封闭式基础设施证券投资基金2022年第3季度报告,https://www.sse.com.cn/disclosure/fund/announcement/c/new/2022-10-26/508056_20221026_1_9gr5e2dU.pdf,2026-09-05T13:15:14.174506+00:00,24fceb4ad78397c33e60eebad0fd7c1ad52a49825d5ed365928b182946ed86f6,574444.0,success,,1500000000.0,62659708.3,0.0418,,"报告期末基金份额总额 1,500,000,000.00 份；本期可供分配金额 62,659,708.30 元；单位可供分配金额 0.0418 元/份"
SSE_508056_20230120_GCCY,508056,2023-01-20,2022-12-31,quarterly_report,False,中金普洛斯仓储物流封闭式基础设施证券投资基金2022年第4季度报告,https://www.sse.com.cn/disclosure/fund/announcement/c/new/2023-01-20/508056_20230120_GCCY.pdf,2026-09-05T13:15:14.244349+00:00,5243eba24a3b97b5e7a38f4469e099bff683c7525cab6c55a399e7618b66df96,475513.0,success,,1500000000.0,61320418.79,0.0409,,"报告期末基金份额总额 1,500,000,000.00 份；本期可供分配金额 61,320,418.79 元；单位可供分配金额 0.0409 元/份"
SSE_508056_20230421_Y6LQ,508056,2023-04-21,2023-03-31,quarterly_report,False,中金普洛斯仓储物流封闭式基础设施证券投资基金2023年第1季度报告,https://www.sse.com.cn/disclosure/fund/announcement/c/new/2023-04-21/508056_20230421_Y6LQ.pdf,2026-09-05T13:15:14.251921+00:00,c4aaec0b647bcf3fe66000a2b1af89e0855c0d794c563cf6067f5bfc50b2e41d,477284.0,success,,1500000000.0,66850864.57,0.0446,,"报告期末基金份额总额 1,500,000,000.00 份；本期可供分配金额 66,850,864.57 元；单位可供分配金额 0.0446 元/份"
SSE_508056_20230721_9HWW,508056,2023-07-21,2023-06-30,quarterly_report,False,中金普洛斯仓储物流封闭式基础设施证券投资基金2023年第2季度报告,https://www.sse.com.cn/disclosure/fund/announcement/c/new/2023-07-21/508056_20230721_9HWW.pdf,2026-09-05T13:15:14.422481+00:00,e1e4fd6cef67baa4300e5a96c19e5942f601377ad75169059d368ab7bf4618fb,652578.0,success,,1938268684.0,105006339.54,0.0542,,"报告期末基金份额总额 1,938,268,684.00 份；本期可供分配金额 105,006,339.54 元；单位可供分配金额 0.0542 元/份"
SSE_508056_20230831_VDKI,508056,2023-08-31,2023-06-30,semiannual_report,False,中金普洛斯仓储物流封闭式基础设施证券投资基金2023年中期报告,https://www.sse.com.cn/disclosure/fund/announcement/c/new/2023-08-31/508056_20230831_VDKI.pdf,2026-09-05T13:15:14.473843+00:00,bafe16dc3124f431122c63fcfa29489c4415c6078563c309fea3465f457733b8,2077847.0,success,,1938268684.0,171857204.1,0.0887,3.783,"报告期末基金份额总额 1,938,268,684.00 份；本期可供分配金额 171,857,204.10 元；单位可供分配金额 0.0887 元/份"
SSE_508056_20231025_2K5G,508056,2023-10-25,2023-09-30,quarterly_report,False,中金普洛斯仓储物流封闭式基础设施证券投资基金2023年第3季度报告,https://www.sse.com.cn/disclosure/fund/announcement/c/new/2023-10-25/508056_20231025_2K5G.pdf,2026-09-05T13:15:14.493895+00:00,157c61942b9c1aec2ea05cd0f33e159092231eda230a86334d4d9288ed3b4882,647704.0,success,,1938268684.0,86727663.0,0.0447,,"报告期末基金份额总额 1,938,268,684.00 份；本期可供分配金额 86,727,663.00 元；单位可供分配金额 0.0447 元/份"
SSE_508056_20240119_QBOC,508056,2024-01-19,2023-12-31,quarterly_report,False,中金普洛斯仓储物流封闭式基础设施证券投资基金2023年第4季度报告,https://www.sse.com.cn/disclosure/fund/announcement/c/new/2024-01-19/508056_20240119_QBOC.pdf,2026-09-05T13:15:14.523983+00:00,4fdafab9f07459ef9f1b092ee457eb77b5ace550f66650b308e38fc38262ee83,640927.0,success,,1938268684.0,92525556.53,0.0477,,"报告期末基金份额总额 1,938,268,684.00 份；本期可供分配金额 92,525,556.53 元；单位可供分配金额 0.0477 元/份"
SSE_508056_20240420_HAND,508056,2024-04-20,2024-03-31,quarterly_report,False,中金普洛斯仓储物流封闭式基础设施证券投资基金2024年第1季度报告,https://www.sse.com.cn/disclosure/fund/announcement/c/new/2024-04-20/508056_20240420_HAND.pdf,2026-09-05T13:15:14.751978+00:00,30d15aa02dfa5e2b650a77a8fbcfd0a52656cfebe24d3b2aeb807fd96d1b12fc,646381.0,success,,1938268684.0,88840122.68,0.0458,,"报告期末基金份额总额 1,938,268,684.00 份；本期可供分配金额 88,840,122.68 元；单位可供分配金额 0.0458 元/份"
SSE_508056_20240719_ZXZK,508056,2024-07-19,2024-06-30,quarterly_report,False,中金普洛斯仓储物流封闭式基础设施证券投资基金2024年第2季度报告,https://www.sse.com.cn/disclosure/fund/announcement/c/new/2024-07-19/508056_20240719_ZXZK.pdf,2026-09-05T13:15:14.764202+00:00,53d65e42af85cd420de87a84296063f12d96cf40805a0b4db1dde4bc2e44cf7f,560617.0,success,,1938268684.0,90043692.89,0.0465,,"报告期末基金份额总额 1,938,268,684.00 份；本期可供分配金额 90,043,692.89 元；单位可供分配金额 0.0465 元/份"
SSE_508056_20240831_POMM,508056,2024-08-31,2024-06-30,semiannual_report,False,中金普洛斯仓储物流封闭式基础设施证券投资基金2024年中期报告,https://www.sse.com.cn/disclosure/fund/announcement/c/new/2024-08-31/508056_20240831_POMM.pdf,2026-09-05T13:15:14.821330+00:00,87e762017230e3cfcd5fe791a41cbcc541e6c07bdf4fff8056a5be759a51182d,2239492.0,success,,1938268684.0,178883815.57,0.0923,3.6134,"报告期末基金份额总额 1,938,268,684.00 份；本期可供分配金额 178,883,815.57 元；单位可供分配金额 0.0923 元/份"
SSE_508056_20241025_Y07L,508056,2024-10-25,2024-09-30,quarterly_report,False,中金普洛斯仓储物流封闭式基础设施证券投资基金2024年第3季度报告,https://www.sse.com.cn/disclosure/fund/announcement/c/new/2024-10-25/508056_20241025_Y07L.pdf,2026-09-05T13:15:14.864590+00:00,7f96118d511da3f8dbcc23a6c9b9a8985099f2d9d1c6ab747f0eb3ae6fd545d0,634224.0,success,,1938268684.0,88259083.11,0.0455,,"报告期末基金份额总额 1,938,268,684.00 份；本期可供分配金额 88,259,083.11 元；单位可供分配金额 0.0455 元/份"
SSE_508056_20250122_9XL0,508056,2025-01-22,2024-12-31,quarterly_report,False,中金普洛斯仓储物流封闭式基础设施证券投资基金2024年第4季度报告,https://www.sse.com.cn/disclosure/fund/announcement/c/new/2025-01-22/508056_20250122_9XL0.pdf,2026-09-05T13:15:15.000832+00:00,f859322350171054a0e5060a81d78742425f6e2c55b8bc31d0d7e976bad3ff93,506756.0,success,,1938268684.0,92790449.67,0.0479,,"报告期末基金份额总额 1,938,268,684.00 份；本期可供分配金额 92,790,449.67 元；单位可供分配金额 0.0479 元/份"
SSE_508056_20250422_C26F,508056,2025-04-22,2025-03-31,quarterly_report,False,中金普洛斯仓储物流封闭式基础设施证券投资基金2025年第1季度报告,https://www.sse.com.cn/disclosure/fund/announcement/c/new/2025-04-22/508056_20250422_C26F.pdf,2026-09-05T13:15:15.055147+00:00,2e72b37866f9730edb9141257b027fff03bfb049ec236f52ef82ffb05dd1ba9c,950419.0,success,,1938268684.0,82825928.95,0.0427,,"报告期末基金份额总额 1,938,268,684.00 份；本期可供分配金额 82,825,928.95 元；单位可供分配金额 0.0427 元/份"
SSE_508056_20250721_ICAX,508056,2025-07-21,2025-06-30,quarterly_report,False,中金普洛斯仓储物流封闭式基础设施证券投资基金2025年第2季度报告,https://www.sse.com.cn/disclosure/fund/announcement/c/new/2025-07-21/508056_20250721_ICAX.pdf,2026-09-05T13:15:15.146606+00:00,8e1fff2100ff5ff542002a1a8d61ed3f8f8274e662603debfd17847aff353dff,943934.0,success,,1938268684.0,83962570.66,0.0433,,"报告期末基金份额总额 1,938,268,684.00 份；本期可供分配金额 83,962,570.66 元；单位可供分配金额 0.0433 元/份"
SSE_508056_20250829_BI1C,508056,2025-08-29,2025-06-30,semiannual_report,False,中金普洛斯仓储物流封闭式基础设施证券投资基金2025年中期报告,https://www.sse.com.cn/disclosure/fund/announcement/c/new/2025-08-29/508056_20250829_BI1C.pdf,2026-09-05T13:15:15.191704+00:00,e63b46245372c646334916f8aa07754051ade4ab872fbf71f0115335021a4ea5,2393521.0,success,,1938268684.0,166788499.61,0.0861,3.3704,"报告期末基金份额总额 1,938,268,684.00 份；本期可供分配金额 166,788,499.61 元；单位可供分配金额 0.0861 元/份"
SSE_508056_20251028_WX10,508056,2025-10-28,2025-09-30,quarterly_report,False,中金普洛斯仓储物流封闭式基础设施证券投资基金2025年第3季度报告,https://www.sse.com.cn/disclosure/fund/announcement/c/new/2025-10-28/508056_20251028_WX10.pdf,2026-09-05T13:15:15.211806+00:00,c3cdbc147beca2bf5f8cab03c77b141ba11e19b49d6a2e5fdb220ddb95fb4003,948681.0,success,,1938268684.0,84035109.6,0.0434,,"报告期末基金份额总额 1,938,268,684.00 份；本期可供分配金额 84,035,109.60 元；单位可供分配金额 0.0434 元/份"
SSE_508056_20260122_3U4R,508056,2026-01-22,2025-12-31,quarterly_report,False,中金普洛斯仓储物流封闭式基础设施证券投资基金2025年第4季度报告,https://www.sse.com.cn/disclosure/fund/announcement/c/new/2026-01-22/508056_20260122_3U4R.pdf,2026-09-05T13:15:15.390343+00:00,cb7a77868c789c4c159549c11b55265e5081c17e651c11c5a1d2da85c48a2173,1134482.0,success,,1938268684.0,86649219.38,0.0447,,"报告期末基金份额总额 1,938,268,684.00 份；本期可供分配金额 86,649,219.38 元；单位可供分配金额 0.0447 元/份"
SSE_508056_20260422_YTZD,508056,2026-04-22,2026-03-31,quarterly_report,False,中金普洛斯仓储物流封闭式基础设施证券投资基金2026年第1季度报告,https://www.sse.com.cn/disclosure/fund/announcement/c/new/2026-04-22/508056_20260422_YTZD.pdf,2026-09-05T13:15:15.561356+00:00,fc15a530c0b779b90bbb0d624bc5074a6bf4edb53d3e692b2795c7d9a468ed5b,1033409.0,success,,1938268684.0,68888717.81,0.0355,,"报告期末基金份额总额 1,938,268,684.00 份；本期可供分配金额 68,888,717.81 元；单位可供分配金额 0.0355 元/份"
SSE_508056_20260721_IU7O,508056,2026-07-21,2026-06-30,quarterly_report,False,中金普洛斯仓储物流封闭式基础设施证券投资基金2026年第2季度报告,https://www.sse.com.cn/disclosure/fund/announcement/c/new/2026-07-21/508056_20260721_IU7O.pdf,2026-09-05T13:15:15.720086+00:00,b12567a9a2615b016d5762a14d3a2e4a6f75738828bc5ecbe0446a678aa9b310,866414.0,success,,1938268684.0,72445290.41,0.0374,,"报告期末基金份额总额 1,938,268,684.00 份；本期可供分配金额 72,445,290.41 元；单位可供分配金额 0.0374 元/份"
SSE_508056_20260828_MT9F,508056,2026-08-28,2026-06-30,semiannual_report,False,中金普洛斯仓储物流封闭式基础设施证券投资基金2026年中期报告,https://www.sse.com.cn/disclosure/fund/announcement/c/new/2026-08-28/508056_20260828_MT9F.pdf,2026-09-05T13:15:15.785600+00:00,e000dd95ce8d171b88a7c17f7029fce570386eba630c4b44a034d3d0d711d115,2561900.0,success,,1938268684.0,141334008.22,0.0729,3.1146,"报告期末基金份额总额 1,938,268,684.00 份；本期可供分配金额 141,334,008.22 元；单位可供分配金额 0.0729 元/份"
SSE_508058_20230120_0DS5,508058,2023-01-20,2022-12-31,quarterly_report,False,中金厦门安居保障性租赁住房闭式基础设施证券投资基金2022年第4季度报告,https://www.sse.com.cn/disclosure/fund/announcement/c/new/2023-01-20/508058_20230120_0DS5.pdf,2026-09-05T13:15:15.799486+00:00,0a3a06558a9f7ca5f5f4e49928973ded77a41a116bc6f4de1b856017816146cb,430945.0,success,,500000000.0,13892022.04,0.0278,,"报告期末基金份额总额 500,000,000.00 份；本期可供分配金额 13,892,022.04 元；单位可供分配金额 0.0278 元/份"
SSE_508058_20230421_GMQ8,508058,2023-04-21,2023-03-31,quarterly_report,False,中金厦门安居保障性租赁住房封闭式基础设施证券投资基金2023年第1季度报告,https://www.sse.com.cn/disclosure/fund/announcement/c/new/2023-04-21/508058_20230421_GMQ8.pdf,2026-09-05T13:15:15.922843+00:00,91c3d149fc3f4c6579c5cfe4085583b18b89fdea004479d139c7c4151a38ea67,341517.0,success,,500000000.0,14015865.75,0.028,,"报告期末基金份额总额 500,000,000.00 份；本期可供分配金额 14,015,865.75 元；单位可供分配金额 0.0280 元/份"
SSE_508058_20230721_6HYK,508058,2023-07-21,2023-06-30,quarterly_report,False,中金厦门安居保障性租赁住房封闭式基础设施证券投资基金2023年第2季度报告,https://www.sse.com.cn/disclosure/fund/announcement/c/new/2023-07-21/508058_20230721_6HYK.pdf,2026-09-05T13:15:16.009195+00:00,1ced4272cde572cc9cc53ffa5c90798ff9d251d6f1f9b7b94b5ebfd7933b9e86,354007.0,success,,500000000.0,14877189.65,0.0298,,"报告期末基金份额总额 500,000,000.00 份；本期可供分配金额 14,877,189.65 元；单位可供分配金额 0.0298 元/份"
SSE_508058_20230831_SX00,508058,2023-08-31,2023-06-30,semiannual_report,False,中金厦门安居保障性租赁住房封闭式基础设施证券投资基金2023年中期报告,https://www.sse.com.cn/disclosure/fund/announcement/c/new/2023-08-31/508058_20230831_SX00.pdf,2026-09-05T13:15:16.155462+00:00,a10cc2a71e601b47dbeeebf72af078467bd51a15382402e7f04646bff8bca505,1541436.0,success,,500000000.0,28893055.4,0.0578,2.6103,"报告期末基金份额总额 500,000,000.00 份；本期可供分配金额 28,893,055.40 元；单位可供分配金额 0.0578 元/份"
SSE_508058_20231025_KLIQ,508058,2023-10-25,2023-09-30,quarterly_report,False,中金厦门安居保障性租赁住房闭式基础设施证券投资基金2023年第3季度报告,https://www.sse.com.cn/disclosure/fund/announcement/c/new/2023-10-25/508058_20231025_KLIQ.pdf,2026-09-05T13:15:16.234087+00:00,eb43d9db0fe3ed8a8c08bc2899d91ca6e2c2fbf70e2b5b015611fb879ba97fa9,428740.0,success,,500000000.0,14658785.75,0.0293,,"报告期末基金份额总额 500,000,000.00 份；本期可供分配金额 14,658,785.75 元；单位可供分配金额 0.0293 元/份"
SSE_508058_20240119_EEMV,508058,2024-01-19,2023-12-31,quarterly_report,False,中金厦门安居保障性租赁住房封闭式基础设施证券投资基金2023年第4季度报告,https://www.sse.com.cn/disclosure/fund/announcement/c/new/2024-01-19/508058_20240119_EEMV.pdf,2026-09-05T13:15:16.255695+00:00,f517cf7712f13efd681059c04f59e5a617819b5d7d53e666c1e8ce6aa1011f1b,433044.0,success,,500000000.0,13774298.47,0.0275,,"报告期末基金份额总额 500,000,000.00 份；本期可供分配金额 13,774,298.47 元；单位可供分配金额 0.0275 元/份"
SSE_508058_20240420_M3UY,508058,2024-04-20,2024-03-31,quarterly_report,False,中金厦门安居保障性租赁住房封闭式基础设施证券投资基金2024年第1季度报告,https://www.sse.com.cn/disclosure/fund/announcement/c/new/2024-04-20/508058_20240420_M3UY.pdf,2026-09-05T13:15:16.257623+00:00,ee5ce62dd4e39870206f1282e0e80285036808f52b59c62295a1d5a0c7996c13,446681.0,success,,500000000.0,14251265.54,0.0285,,"报告期末基金份额总额 500,000,000.00 份；本期可供分配金额 14,251,265.54 元；单位可供分配金额 0.0285 元/份"
SSE_508058_20240719_MWK2,508058,2024-07-19,2024-06-30,quarterly_report,False,中金厦门安居保障性租赁住房封闭式基础设施证券投资基金2024年第2季度报告,https://www.sse.com.cn/disclosure/fund/announcement/c/new/2024-07-19/508058_20240719_MWK2.pdf,2026-09-05T13:15:16.299361+00:00,91e2b7439178f03c0dca130d993accf583fbc0dec347307d6c5f2b493cc78b80,446164.0,success,,500000000.0,14849198.5,0.0297,,"报告期末基金份额总额 500,000,000.00 份；本期可供分配金额 14,849,198.50 元；单位可供分配金额 0.0297 元/份"
SSE_508058_20240831_S1M0,508058,2024-08-31,2024-06-30,semiannual_report,False,中金厦门安居保障性租赁住房封闭式基础设施证券投资基金2024年中期报告,https://www.sse.com.cn/disclosure/fund/announcement/c/new/2024-08-31/508058_20240831_S1M0.pdf,2026-09-05T13:15:16.489072+00:00,fe75ee09519452ce2e717d7ee178c778a9cd5f3d582c73c94b449c0de7f8c5cc,1569603.0,success,,500000000.0,29100464.04,0.0582,2.5476,"报告期末基金份额总额 500,000,000.00 份；本期可供分配金额 29,100,464.04 元；单位可供分配金额 0.0582 元/份"
SSE_508058_20241025_EENO,508058,2024-10-25,2024-09-30,quarterly_report,False,中金厦门安居保障性租赁住房封闭式基础设施证券投资基金2024年第3季度报告,https://www.sse.com.cn/disclosure/fund/announcement/c/new/2024-10-25/508058_20241025_EENO.pdf,2026-09-05T13:15:16.498137+00:00,159f7ede0cdf2aae2b94fbff6933a1900e2982ae7a3b3ff2759ca89cf91c1934,454235.0,success,,500000000.0,14645727.17,0.0293,,"报告期末基金份额总额 500,000,000.00 份；本期可供分配金额 14,645,727.17 元；单位可供分配金额 0.0293 元/份"
SSE_508058_20250122_PMIV,508058,2025-01-22,2024-12-31,quarterly_report,False,中金厦门安居保障性租赁住房封闭式基础设施证券投资基金2024年第4季度报告,https://www.sse.com.cn/disclosure/fund/announcement/c/new/2025-01-22/508058_20250122_PMIV.pdf,2026-09-05T13:15:16.672387+00:00,06f5f3162440de298e28f16fa9e86f85931c8e9390869c05752a9d4c1933f168,729653.0,success,,500000000.0,14390564.89,0.0288,,"报告期末基金份额总额 500,000,000.00 份；本期可供分配金额 14,390,564.89 元；单位可供分配金额 0.0288 元/份"
SSE_508058_20250422_ODI3,508058,2025-04-22,2025-03-31,quarterly_report,False,中金厦门安居保障性租赁住房封闭式基础设施证券投资基金2025年第1季度报告,https://www.sse.com.cn/disclosure/fund/announcement/c/new/2025-04-22/508058_20250422_ODI3.pdf,2026-09-05T13:15:16.770367+00:00,1b25bd65253990d1f1c7fc43c3d2c5d0e3894852e278b48d06ed60cf55ebacbf,980880.0,success,,500000000.0,14757368.35,0.0295,,"报告期末基金份额总额 500,000,000.00 份；本期可供分配金额 14,757,368.35 元；单位可供分配金额 0.0295 元/份"
SSE_508058_20250721_B4TR,508058,2025-07-21,2025-06-30,quarterly_report,False,中金厦门安居保障性租赁住房封闭式基础设施证券投资基金2025年第2季度报告,https://www.sse.com.cn/disclosure/fund/announcement/c/new/2025-07-21/508058_20250721_B4TR.pdf,2026-09-05T13:15:16.870328+00:00,023a56ec63ad0ef2736e7fd9d2434240aec796060b0368547779fb4f6f027a45,885101.0,success,,500000000.0,14913338.98,0.0298,,"报告期末基金份额总额 500,000,000.00 份；本期可供分配金额 14,913,338.98 元；单位可供分配金额 0.0298 元/份"
SSE_508058_20250829_NI8U,508058,2025-08-29,2025-06-30,semiannual_report,False,中金厦门安居保障性租赁住房封闭式基础设施证券投资基金2025年中期报告,https://www.sse.com.cn/disclosure/fund/announcement/c/new/2025-08-29/508058_20250829_NI8U.pdf,2026-09-05T13:15:16.899159+00:00,17bc9d786eba0ae8389039fe37b1fb9ab84445734f911a45194b8e1605210b58,1894475.0,success,,500000000.0,29670707.33,0.0593,2.4891,"报告期末基金份额总额 500,000,000.00 份；本期可供分配金额 29,670,707.33 元；单位可供分配金额 0.0593 元/份"
SSE_508058_20251028_WVU6,508058,2025-10-28,2025-09-30,quarterly_report,False,中金厦门安居保障性租赁住房封闭式基础设施证券投资基金2025年第3季度报告,https://www.sse.com.cn/disclosure/fund/announcement/c/new/2025-10-28/508058_20251028_WVU6.pdf,2026-09-05T13:15:16.995678+00:00,8155ff507ea984922bbbc3e757cf9b993dc132e516624f7cf1a1d5c76a7a8c2e,894198.0,success,,500000000.0,15243812.03,0.0305,,"报告期末基金份额总额 500,000,000.00 份；本期可供分配金额 15,243,812.03 元；单位可供分配金额 0.0305 元/份"
SSE_508058_20260122_CZQK,508058,2026-01-22,2025-12-31,quarterly_report,False,中金厦门安居保障性租赁住房封闭式基础设施证券投资基金2025年第4季度报告,https://www.sse.com.cn/disclosure/fund/announcement/c/new/2026-01-22/508058_20260122_CZQK.pdf,2026-09-05T13:15:17.045378+00:00,c6b19f98c246732e34623412203580d965e85b81b31a47221a88f9133639f547,898515.0,success,,500000000.0,14431654.03,0.0289,,"报告期末基金份额总额 500,000,000.00 份；本期可供分配金额 14,431,654.03 元；单位可供分配金额 0.0289 元/份"
SSE_508058_20260422_WGO1,508058,2026-04-22,2026-03-31,quarterly_report,False,中金厦门安居保障性租赁住房封闭式基础设施证券投资基金2026年第1季度报告,https://www.sse.com.cn/disclosure/fund/announcement/c/new/2026-04-22/508058_20260422_WGO1.pdf,2026-09-05T13:15:17.128826+00:00,750d0200cc18c811b5e67af8a08f31ade9e9856098e094d3e843e08682808db1,908172.0,success,,500000000.0,14944753.01,0.0299,,"报告期末基金份额总额 500,000,000.00 份；本期可供分配金额 14,944,753.01 元；单位可供分配金额 0.0299 元/份"
SSE_508058_20260721_OF4V,508058,2026-07-21,2026-06-30,quarterly_report,False,中金厦门安居保障性租赁住房封闭式基础设施证券投资基金2026年第2季度报告,https://www.sse.com.cn/disclosure/fund/announcement/c/new/2026-07-21/508058_20260721_OF4V.pdf,2026-09-05T13:15:17.333944+00:00,7a58d5c186e8e32ddbec2aea2ccd2667a49e7254dd196ae40cec17bdcbdcfcaa,1072062.0,success,,713335136.0,18612703.15,0.0261,,"报告期末基金份额总额 713,335,136 份；本期可供分配金额 18,612,703.15 元；单位可供分配金额 0.0261 元/份"
SSE_508058_20260828_PKB5,508058,2026-08-28,2026-06-30,semiannual_report,False,中金厦门安居保障性租赁住房封闭式基础设施证券投资基金2026年中期报告,https://www.sse.com.cn/disclosure/fund/announcement/c/new/2026-08-28/508058_20260828_PKB5.pdf,2026-09-05T13:15:17.366764+00:00,a05a50924bf40e77aa8ffec1d47522f6c109f62c90bad21553d4e1a2a2c4529e,2033348.0,success,,713335136.0,33557456.16,0.047,2.813,"报告期末基金份额总额 713,335,136 份；本期可供分配金额 33,557,456.16 元；单位可供分配金额 0.0470 元/份"
SSE_508060_20251028_FTMQ,508060,2025-10-28,2025-09-30,quarterly_report,False,南方万国数据中心封闭式基础设施证券投资基金2025年第3季度报告,https://www.sse.com.cn/disclosure/fund/announcement/c/new/2025-10-28/508060_20251028_FTMQ.pdf,2026-09-05T13:15:17.528159+00:00,ed630f322481291caa9cd86a577ac445f3065860ac4dd773a58a704e1c6e9239,588060.0,success,,800000000.0,24626151.53,0.0308,,"报告期末基金份额总额 800,000,000.00 份；本期可供分配金额 24,626,151.53 元；单位可供分配金额 0.0308 元/份"
SSE_508060_20260122_V3KR,508060,2026-01-22,2025-12-31,quarterly_report,False,南方万国数据中心封闭式基础设施证券投资基金2025年第4季度报告,https://www.sse.com.cn/disclosure/fund/announcement/c/new/2026-01-22/508060_20260122_V3KR.pdf,2026-09-05T13:15:17.545572+00:00,4e9e23a95c7cbdb1afd23999ea564a2572aa7560770542f1849b12b46b769375,551410.0,success,,800000000.0,67432330.46,0.0843,,"报告期末基金份额总额 800,000,000.00 份；本期可供分配金额 67,432,330.46 元；单位可供分配金额 0.0843 元/份"
SSE_508060_20260422_PP9U,508060,2026-04-22,2026-03-31,quarterly_report,False,南方万国数据中心封闭式基础设施证券投资基金2026年第1季度报告,https://www.sse.com.cn/disclosure/fund/announcement/c/new/2026-04-22/508060_20260422_PP9U.pdf,2026-09-05T13:15:17.649481+00:00,8b1fc9187c1956f2ba6571ff58b9a6519b42bca5fd80189b5ca1f28d0ac43b93,510320.0,success,,800000000.0,18662372.65,0.0233,,"报告期末基金份额总额 800,000,000.00 份；本期可供分配金额 18,662,372.65 元；单位可供分配金额 0.0233 元/份"
SSE_508060_20260721_THW6,508060,2026-07-21,2026-06-30,quarterly_report,False,南方万国数据中心封闭式基础设施证券投资基金2026年第2季度报告,https://www.sse.com.cn/disclosure/fund/announcement/c/new/2026-07-21/508060_20260721_THW6.pdf,2026-09-05T13:15:17.810679+00:00,3555999fc26a3642b20e76570f918bfbf3b180ced0300da15420481564277b62,531068.0,success,,800000000.0,33823750.35,0.0423,,"报告期末基金份额总额 800,000,000.00 份；本期可供分配金额 33,823,750.35 元；单位可供分配金额 0.0423 元/份"
SSE_508066_20230422_Y9TT,508066,2023-04-22,2023-03-31,quarterly_report,False,华泰紫金江苏交控高速公路封闭式基础设施证券投资基金2023年第1季度报告,https://www.sse.com.cn/disclosure/fund/announcement/c/new/2023-04-22/508066_20230422_Y9TT.pdf,2026-09-05T13:15:17.828052+00:00,a6bb02de36fc005ab8ad551aa40a779d35e4256d3049da56d3277b2358d00b44,652126.0,success,,400000000.0,76544073.82,0.1914,,"报告期末基金份额总额 400,000,000.00 份；本期可供分配金额 76,544,073.82 元；单位可供分配金额 0.1914 元/份"
SSE_508066_20230720_ZLGX,508066,2023-07-20,2023-06-30,quarterly_report,False,华泰紫金江苏交控高速公路封闭式基础设施证券投资基金2023年第2季度报告,https://www.sse.com.cn/disclosure/fund/announcement/c/new/2023-07-20/508066_20230720_ZLGX.pdf,2026-09-05T13:15:17.908563+00:00,a2e52ce8eac554cdd6d1a60e43cebccee03e0403973437d81fe9db910bb9df9a,329116.0,success,,400000000.0,53490540.87,0.1337,,"报告期末基金份额总额 400,000,000.00 份；本期可供分配金额 53,490,540.87 元；单位可供分配金额 0.1337 元/份"
SSE_508066_20230830_7DPF,508066,2023-08-30,2023-06-30,semiannual_report,False,华泰紫金江苏交控高速公路封闭式基础设施证券投资基金2023年中期报告,https://www.sse.com.cn/disclosure/fund/announcement/c/new/2023-08-30/508066_20230830_7DPF.pdf,2026-09-05T13:15:17.925437+00:00,844dff8a945fe9403bb443c7eea87f0f752eace4898db377f123534241b9c9a9,2077898.0,success,,400000000.0,130034614.69,0.3251,5.2858,"报告期末基金份额总额 400,000,000.00 份；本期可供分配金额 130,034,614.69 元；单位可供分配金额 0.3251 元/份"
SSE_508066_20231025_KR42,508066,2023-10-25,2023-09-30,quarterly_report,False,华泰紫金江苏交控高速公路封闭式基础设施证券投资基金2023年第3季度报告,https://www.sse.com.cn/disclosure/fund/announcement/c/new/2023-10-25/508066_20231025_KR42.pdf,2026-09-05T13:15:17.957803+00:00,d5d0c560572936a617ea8efae6f7ac54316251cc350eb7a513d77afc722e341f,468271.0,success,,400000000.0,53457203.88,0.1336,,"报告期末基金份额总额 400,000,000.00 份；本期可供分配金额 53,457,203.88 元；单位可供分配金额 0.1336 元/份"
SSE_508066_20240119_J8NH,508066,2024-01-19,2023-12-31,quarterly_report,False,华泰紫金江苏交控高速公路封闭式基础设施证券投资基金2023年第4季度报告,https://www.sse.com.cn/disclosure/fund/announcement/c/new/2024-01-19/508066_20240119_J8NH.pdf,2026-09-05T13:15:18.022104+00:00,628509f241cc5fa8aa5129fafec346a1b6916bfd5db2c7752116e2adb7258373,456849.0,success,,400000000.0,42777609.68,0.1069,,"报告期末基金份额总额 400,000,000.00 份；本期可供分配金额 42,777,609.68 元；单位可供分配金额 0.1069 元/份"
SSE_508066_20240419_0QRN,508066,2024-04-19,2024-03-31,quarterly_report,False,华泰紫金江苏交控高速公路封闭式基础设施证券投资基金2024年第1季度报告,https://www.sse.com.cn/disclosure/fund/announcement/c/new/2024-04-19/508066_20240419_0QRN.pdf,2026-09-05T13:15:18.049383+00:00,ec9dd3bd1a15c9e7ce98d57d45bbd68a27a3a4f5d78d6ff6d9f267f92e923dd3,387824.0,success,,400000000.0,70263138.96,0.1757,,"报告期末基金份额总额 400,000,000.00 份；本期可供分配金额 70,263,138.96 元；单位可供分配金额 0.1757 元/份"
SSE_508066_20240718_8UA3,508066,2024-07-18,2024-06-30,quarterly_report,False,华泰紫金江苏交控高速公路封闭式基础设施证券投资基金2024年第2季度报告,https://www.sse.com.cn/disclosure/fund/announcement/c/new/2024-07-18/508066_20240718_8UA3.pdf,2026-09-05T13:15:18.108084+00:00,407fe0b64d7abd0a3909398dc23d780453ada6fb1483bb6cf7e4fea0c042be27,474658.0,success,,400000000.0,57161761.43,0.1429,,"报告期末基金份额总额 400,000,000.00 份；本期可供分配金额 57,161,761.43 元；单位可供分配金额 0.1429 元/份"
SSE_508066_20240829_BD4Z,508066,2024-08-29,2024-06-30,semiannual_report,False,华泰紫金江苏交控高速公路封闭式基础设施证券投资基金2024年中期报告,https://www.sse.com.cn/disclosure/fund/announcement/c/new/2024-08-29/508066_20240829_BD4Z.pdf,2026-09-05T13:15:18.212065+00:00,c2f590483484c4d334f413e4434c6f7c79c0f348dc9ad18a7a8d942d5879f3ab,2123802.0,success,,400000000.0,127424900.39,0.3186,4.8948,"报告期末基金份额总额 400,000,000.00 份；本期可供分配金额 127,424,900.39 元；单位可供分配金额 0.3186 元/份"
SSE_508066_20241024_YN9P,508066,2024-10-24,2024-09-30,quarterly_report,False,华泰紫金江苏交控高速公路封闭式基础设施证券投资基金2024年第3季度报告,https://www.sse.com.cn/disclosure/fund/announcement/c/new/2024-10-24/508066_20241024_YN9P.pdf,2026-09-05T13:15:18.239614+00:00,7528c4e768e599231d27e7e3dc67cb38427aea3ab09722a31f02d262ee8200e5,395709.0,success,,400000000.0,62119847.32,0.1553,,"报告期末基金份额总额 400,000,000.00 份；本期可供分配金额 62,119,847.32 元；单位可供分配金额 0.1553 元/份"
SSE_508066_20250121_Z9BX,508066,2025-01-21,2024-12-31,quarterly_report,False,华泰紫金江苏交控高速公路封闭式基础设施证券投资基金2024年第4季度报告,https://www.sse.com.cn/disclosure/fund/announcement/c/new/2025-01-21/508066_20250121_Z9BX.pdf,2026-09-05T13:15:18.247360+00:00,4b13594103b93043c2fd178a01ca60e865dd878b1bf6a560fe2b00758da95ffd,665389.0,success,,400000000.0,38246057.56,0.0956,,"报告期末基金份额总额 400,000,000.00 份；本期可供分配金额 38,246,057.56 元；单位可供分配金额 0.0956 元/份"
SSE_508066_20250422_8PV1,508066,2025-04-22,2025-03-31,quarterly_report,False,华泰紫金江苏交控高速公路封闭式基础设施证券投资基金2025年第1季度报告,https://www.sse.com.cn/disclosure/fund/announcement/c/new/2025-04-22/508066_20250422_8PV1.pdf,2026-09-05T13:15:18.321962+00:00,5228c72dbbacfe855bdf17771b4768d8aed1ea9c178d1c335eeae3ba3309a635,663433.0,success,,400000000.0,76093880.31,0.1902,,"报告期末基金份额总额 400,000,000.00 份；本期可供分配金额 76,093,880.31 元；单位可供分配金额 0.1902 元/份"
SSE_508066_20250721_0WD0,508066,2025-07-21,2025-06-30,quarterly_report,False,华泰紫金江苏交控高速公路封闭式基础设施证券投资基金2025年第2季度报告,https://www.sse.com.cn/disclosure/fund/announcement/c/new/2025-07-21/508066_20250721_0WD0.pdf,2026-09-05T13:15:18.375778+00:00,a95d57c083ab5bfc946438340b1651b2d4f9729dd102d038a7c9c08381867424,578453.0,success,,400000000.0,70800828.96,0.177,,"报告期末基金份额总额 400,000,000.00 份；本期可供分配金额 70,800,828.96 元；单位可供分配金额 0.1770 元/份"
SSE_508066_20250829_J5R6,508066,2025-08-29,2025-06-30,semiannual_report,False,华泰紫金江苏交控高速公路封闭式基础设施证券投资基金2025年中期报告,https://www.sse.com.cn/disclosure/fund/announcement/c/new/2025-08-29/508066_20250829_J5R6.pdf,2026-09-05T13:15:18.454550+00:00,50c23fde9f63ae8d04c0e8ec434f0441e25438c3a7ee0192dfd4719b42bb8d1e,2451827.0,success,,400000000.0,146894709.27,0.3672,4.4901,"报告期末基金份额总额 400,000,000.00 份；本期可供分配金额 146,894,709.27 元；单位可供分配金额 0.3672 元/份"
SSE_508066_20251028_R937,508066,2025-10-28,2025-09-30,quarterly_report,False,华泰紫金江苏交控高速公路封闭式基础设施证券投资基金2025年第3季度报告,https://www.sse.com.cn/disclosure/fund/announcement/c/new/2025-10-28/508066_20251028_R937.pdf,2026-09-05T13:15:18.498815+00:00,f06249fa9170de7956bcf33d64f5c53173c67a88b604df3d416896161311cba8,602902.0,success,,400000000.0,55580759.67,0.139,,"报告期末基金份额总额 400,000,000.00 份；本期可供分配金额 55,580,759.67 元；单位可供分配金额 0.1390 元/份"
SSE_508066_20260122_W3ET,508066,2026-01-22,2025-12-31,quarterly_report,False,华泰紫金江苏交控高速公路封闭式基础设施证券投资基金2025年第4季度报告,https://www.sse.com.cn/disclosure/fund/announcement/c/new/2026-01-22/508066_20260122_W3ET.pdf,2026-09-05T13:15:18.831536+00:00,4ade322078b820fe238f5968a1e66cd5e7dea7ded44073d2a13e9d2201de230a,670923.0,success,,400000000.0,72695726.65,0.1817,,"报告期末基金份额总额 400,000,000.00 份；本期可供分配金额 72,695,726.65 元；单位可供分配金额 0.1817 元/份"
SSE_508066_20260422_5ZZJ,508066,2026-04-22,2026-03-31,quarterly_report,False,华泰紫金江苏交控高速公路封闭式基础设施证券投资基金2026年第1季度报告,https://www.sse.com.cn/disclosure/fund/announcement/c/new/2026-04-22/508066_20260422_5ZZJ.pdf,2026-09-05T13:15:18.865596+00:00,bac8161e87829e1e1366a3ba954c228702aa8f7e2b637f50b75a0e023dab152e,526571.0,success,,400000000.0,94328048.79,0.2358,,"报告期末基金份额总额 400,000,000.00 份；本期可供分配金额 94,328,048.79 元；单位可供分配金额 0.2358 元/份"
SSE_508066_20260721_G7KR,508066,2026-07-21,2026-06-30,quarterly_report,False,华泰紫金江苏交控高速公路封闭式基础设施证券投资基金2026年第2季度报告,https://www.sse.com.cn/disclosure/fund/announcement/c/new/2026-07-21/508066_20260721_G7KR.pdf,2026-09-05T13:15:18.895837+00:00,0ce3728d85edaae249fce17912ff5ee528aa55a2b8e207eda7c567e417e04b69,540485.0,success,,400000000.0,75748511.11,0.1894,,"报告期末基金份额总额 400,000,000.00 份；本期可供分配金额 75,748,511.11 元；单位可供分配金额 0.1894 元/份"
SSE_508068_20230120_WH2P,508068,2023-01-20,2022-12-31,quarterly_report,False,华夏北京保障房中心租赁住房封闭式基础设施证券投资基金2022年第4季度报告,https://www.sse.com.cn/disclosure/fund/announcement/c/new/2023-01-20/508068_20230120_WH2P.pdf,2026-09-05T13:15:18.994139+00:00,dfacffb5728dbc4f49c7c7c0baab1e525fc6b42fdf6d657aa29519ddbc634273,227472.0,success,,500000000.0,13560890.95,0.0271,,"报告期末基金份额总额 500,000,000.00 份；本期可供分配金额 13,560,890.95 元；单位可供分配金额 0.0271 元/份"
SSE_508068_20230421_MRVO,508068,2023-04-21,2023-03-31,quarterly_report,False,华夏北京保障房中心租赁住房封闭式基础设施证券投资基金2023年第1季度报告,https://www.sse.com.cn/disclosure/fund/announcement/c/new/2023-04-21/508068_20230421_MRVO.pdf,2026-09-05T13:15:19.159251+00:00,38a5aa7beaa4b9536773dcf2938aee458aaf3ba0c7764b0577b76710f7e2fbf0,235652.0,success,,500000000.0,13718098.13,0.0274,,"报告期末基金份额总额 500,000,000.00 份；本期可供分配金额 13,718,098.13 元；单位可供分配金额 0.0274 元/份"
SSE_508068_20230720_24UW,508068,2023-07-20,2023-06-30,quarterly_report,False,华夏北京保障房中心租赁住房封闭式基础设施证券投资基金2023年第2季度报告,https://www.sse.com.cn/disclosure/fund/announcement/c/new/2023-07-20/508068_20230720_24UW.pdf,2026-09-05T13:15:19.180469+00:00,955aa52db1aee05afa6d18c1633bb12bd37232b583391177530a24d5909ab601,242193.0,success,,500000000.0,13801674.92,0.0276,,"报告期末基金份额总额 500,000,000.00 份；本期可供分配金额 13,801,674.92 元；单位可供分配金额 0.0276 元/份"
SSE_508068_20230830_OI5X,508068,2023-08-30,2023-06-30,semiannual_report,False,华夏北京保障房中心租赁住房封闭式基础设施证券投资基金2023年中期报告,https://www.sse.com.cn/disclosure/fund/announcement/c/new/2023-08-30/508068_20230830_OI5X.pdf,2026-09-05T13:15:19.225127+00:00,569de0580d3af0ed6836f91094863b0df2ce54f0dc6c28ad617ba86b77562d9d,1405662.0,success,,500000000.0,27519773.05,0.055,2.5291,"报告期末基金份额总额 500,000,000.00 份；本期可供分配金额 27,519,773.05 元；单位可供分配金额 0.0550 元/份"
SSE_508068_20231024_YQ3H,508068,2023-10-24,2023-09-30,quarterly_report,False,华夏北京保障房中心租赁住房封闭式基础设施证券投资基金2023年第3季度报告,https://www.sse.com.cn/disclosure/fund/announcement/c/new/2023-10-24/508068_20231024_YQ3H.pdf,2026-09-05T13:15:19.268319+00:00,354d1bd467ba2975d4715800954db9408c473c415ee219204d22e983d00c933a,241427.0,success,,500000000.0,13746118.79,0.0275,,"报告期末基金份额总额 500,000,000.00 份；本期可供分配金额 13,746,118.79 元；单位可供分配金额 0.0275 元/份"
SSE_508068_20240119_1VYG,508068,2024-01-19,2023-12-31,quarterly_report,False,华夏北京保障房中心租赁住房封闭式基础设施证券投资基金2023年第4季度报告,https://www.sse.com.cn/disclosure/fund/announcement/c/new/2024-01-19/508068_20240119_1VYG.pdf,2026-09-05T13:15:19.303242+00:00,4fb0520077d290677c2540c0e160414586fc92aea5dc8c85053220e10d7cfb5d,240739.0,success,,500000000.0,13787107.71,0.0276,,"报告期末基金份额总额 500,000,000.00 份；本期可供分配金额 13,787,107.71 元；单位可供分配金额 0.0276 元/份"
SSE_508068_20240419_TSUF,508068,2024-04-19,2024-03-31,quarterly_report,False,华夏北京保障房中心租赁住房封闭式基础设施证券投资基金2024年第1季度报告,https://www.sse.com.cn/disclosure/fund/announcement/c/new/2024-04-19/508068_20240419_TSUF.pdf,2026-09-05T13:15:19.347135+00:00,b2f07b025604d0f59129325e6687baac595a5e840b4fea33ee40a2118ba4854e,241781.0,success,,500000000.0,13439410.26,0.0269,,"报告期末基金份额总额 500,000,000.00 份；本期可供分配金额 13,439,410.26 元；单位可供分配金额 0.0269 元/份"
SSE_508068_20240718_0ZLY,508068,2024-07-18,2024-06-30,quarterly_report,False,华夏北京保障房中心租赁住房封闭式基础设施证券投资基金2024年第2季度报告,https://www.sse.com.cn/disclosure/fund/announcement/c/new/2024-07-18/508068_20240718_0ZLY.pdf,2026-09-05T13:15:19.355617+00:00,cc590d57e26461df569de89bf6725ff72166141c4302da0806d3028922954326,393976.0,success,,500000000.0,13386504.07,0.0268,,"报告期末基金份额总额 500,000,000.00 份；本期可供分配金额 13,386,504.07 元；单位可供分配金额 0.0268 元/份"
SSE_508068_20240830_ACHU,508068,2024-08-30,2024-06-30,semiannual_report,False,华夏北京保障房中心租赁住房封闭式基础设施证券投资基金2024年中期报告,https://www.sse.com.cn/disclosure/fund/announcement/c/new/2024-08-30/508068_20240830_ACHU.pdf,2026-09-05T13:15:19.472052+00:00,41e0d50e99c9097c784442f56b4dbfb4b7d346f9589fc4a4db17734817a9cd29,1517635.0,success,,500000000.0,26825914.33,0.0537,2.4825,"报告期末基金份额总额 500,000,000.00 份；本期可供分配金额 26,825,914.33 元；单位可供分配金额 0.0537 元/份"
SSE_508068_20241025_KUEH,508068,2024-10-25,2024-09-30,quarterly_report,False,华夏北京保障房中心租赁住房封闭式基础设施证券投资基金2024年第3季度报告,https://www.sse.com.cn/disclosure/fund/announcement/c/new/2024-10-25/508068_20241025_KUEH.pdf,2026-09-05T13:15:19.540063+00:00,48d3d46225feda8e66b35b2920e88875d3fb6de69e86e0af035cf37009417f0c,435158.0,success,,500000000.0,13468542.26,0.0269,,"报告期末基金份额总额 500,000,000.00 份；本期可供分配金额 13,468,542.26 元；单位可供分配金额 0.0269 元/份"
SSE_508068_20250122_VTT1,508068,2025-01-22,2024-12-31,quarterly_report,False,华夏北京保障房中心租赁住房封闭式基础设施证券投资基金2024年第4季度报告,https://www.sse.com.cn/disclosure/fund/announcement/c/new/2025-01-22/508068_20250122_VTT1.pdf,2026-09-05T13:15:19.565794+00:00,8551b32aea3f19f4d954db8e2f7c006a9ad4856586f79e9dfbe8f8350a2f267d,415235.0,success,,500000000.0,13554147.69,0.0271,,"报告期末基金份额总额 500,000,000.00 份；本期可供分配金额 13,554,147.69 元；单位可供分配金额 0.0271 元/份"
SSE_508068_20250422_PIE7,508068,2025-04-22,2025-03-31,quarterly_report,False,华夏北京保障房中心租赁住房封闭式基础设施证券投资基金2025年第1季度报告,https://www.sse.com.cn/disclosure/fund/announcement/c/new/2025-04-22/508068_20250422_PIE7.pdf,2026-09-05T13:15:19.569548+00:00,e458a776f8f3004fab3589f77cdf98d2f8304f184a690654824f62758a3b90e0,516597.0,success,,500000000.0,13465570.62,0.0269,,"报告期末基金份额总额 500,000,000.00 份；本期可供分配金额 13,465,570.62 元；单位可供分配金额 0.0269 元/份"
SSE_508068_20250721_DGIL,508068,2025-07-21,2025-06-30,quarterly_report,False,华夏北京保障房中心租赁住房封闭式基础设施证券投资基金2025年第2季度报告,https://www.sse.com.cn/disclosure/fund/announcement/c/new/2025-07-21/508068_20250721_DGIL.pdf,2026-09-05T13:15:19.576379+00:00,a024e57e36f2ea00acafcfbb5b4da00f043ed05722c0142259b7ba888589b67b,579846.0,success,,724218009.0,15641122.77,0.0216,,"报告期末基金份额总额 724,218,009.00 份；本期可供分配金额 15,641,122.77 元；单位可供分配金额 0.0216 元/份"
SSE_508068_20250830_GSM5,508068,2025-08-30,2025-06-30,semiannual_report,False,华夏北京保障房中心租赁住房封闭式基础设施证券投资基金2025年中期报告,https://www.sse.com.cn/disclosure/fund/announcement/c/new/2025-08-30/508068_20250830_GSM5.pdf,2026-09-05T13:15:19.695659+00:00,fe68fcfd900a44b4e72b68619ab5b44b959f64f7e37ce9f183ef1f70984b64bc,1499847.0,success,,724218009.0,29106693.39,0.0402,2.9952,"报告期末基金份额总额 724,218,009.00 份；本期可供分配金额 29,106,693.39 元；单位可供分配金额 0.0402 元/份"
SSE_508068_20251028_CGK3,508068,2025-10-28,2025-09-30,quarterly_report,False,华夏北京保障房中心租赁住房封闭式基础设施证券投资基金2025年第3季度报告,https://www.sse.com.cn/disclosure/fund/announcement/c/new/2025-10-28/508068_20251028_CGK3.pdf,2026-09-05T13:15:19.776782+00:00,659fa7329b0e360a0a949a971e4a6f296a7d08dcd71bc0f62a01ad28f18263a1,566449.0,success,,724218009.0,22091866.03,0.0305,,"报告期末基金份额总额 724,218,009.00 份；本期可供分配金额 22,091,866.03 元；单位可供分配金额 0.0305 元/份"
SSE_508068_20260122_21CC,508068,2026-01-22,2025-12-31,quarterly_report,False,华夏北京保障房中心租赁住房封闭式基础设施证券投资基金2025年第4季度报告,https://www.sse.com.cn/disclosure/fund/announcement/c/new/2026-01-22/508068_20260122_21CC.pdf,2026-09-05T13:15:19.930872+00:00,c9d2809edcb9b40b92d4efee572b295b3cc0c34f70ed63679853a900c32d07e6,638174.0,success,,724218009.0,23625305.37,0.0326,,"报告期末基金份额总额 724,218,009.00 份；本期可供分配金额 23,625,305.37 元；单位可供分配金额 0.0326 元/份"
SSE_508068_20260422_IP9X,508068,2026-04-22,2026-03-31,quarterly_report,False,华夏北京保障房中心租赁住房封闭式基础设施证券投资基金2026年第1季度报告,https://www.sse.com.cn/disclosure/fund/announcement/c/new/2026-04-22/508068_20260422_IP9X.pdf,2026-09-05T13:15:19.969019+00:00,74fe6e0c6baf3ff656df142d55b308098e7b97fdabee6143886947f8bb660cab,602295.0,success,,724218009.0,22429465.94,0.031,,"报告期末基金份额总额 724,218,009.00 份；本期可供分配金额 22,429,465.94 元；单位可供分配金额 0.0310 元/份"
SSE_508068_20260721_FCT4,508068,2026-07-21,2026-06-30,quarterly_report,False,华夏北京保障房中心租赁住房封闭式基础设施证券投资基金2026年第2季度报告,https://www.sse.com.cn/disclosure/fund/announcement/c/new/2026-07-21/508068_20260721_FCT4.pdf,2026-09-05T13:15:20.036342+00:00,c835b8d47dcb73fd0086c2fcb27c12036cfa79b97653213ff1fa2c24bac9e408,230323.0,success,,724218009.0,22429830.91,0.031,,"报告期末基金份额总额 724,218,009.00 份；本期可供分配金额 22,429,830.91 元；单位可供分配金额 0.0310 元/份"
SSE_508069_20250122_5CT3,508069,2025-01-22,2024-12-31,quarterly_report,False,华夏南京交通高速公路封闭式基础设施证券投资基金2024年第4季度报告,https://www.sse.com.cn/disclosure/fund/announcement/c/new/2025-01-22/508069_20250122_5CT3.pdf,2026-09-05T13:15:20.159062+00:00,5edd2f11d2a6aaf5efcfefa239358c4a2ad89221ab324c989a465254fcb3f32c,542573.0,success,,500000000.0,176761104.67,0.3535,,"报告期末基金份额总额 500,000,000.00 份；本期可供分配金额 176,761,104.67 元；单位可供分配金额 0.3535 元/份"
SSE_508069_20250422_US4S,508069,2025-04-22,2025-03-31,quarterly_report,False,华夏南京交通高速公路封闭式基础设施证券投资基金2025年第1季度报告,https://www.sse.com.cn/disclosure/fund/announcement/c/new/2025-04-22/508069_20250422_US4S.pdf,2026-09-05T13:15:20.261704+00:00,63b7c4ae7f809d5e34e47055a365dc9f9507a2c7e121395b76bcbf787b67ba48,491085.0,success,,500000000.0,68246338.68,0.1365,,"报告期末基金份额总额 500,000,000.00 份；本期可供分配金额 68,246,338.68 元；单位可供分配金额 0.1365 元/份"
SSE_508069_20250721_7G2U,508069,2025-07-21,2025-06-30,quarterly_report,False,华夏南京交通高速公路封闭式基础设施证券投资基金2025年第2季度报告,https://www.sse.com.cn/disclosure/fund/announcement/c/new/2025-07-21/508069_20250721_7G2U.pdf,2026-09-05T13:15:20.359969+00:00,dff862c7719bc3b71555a967c029979d71bcf5044bde7c5c41ccd149ad599073,463268.0,success,,500000000.0,73153096.58,0.1463,,"报告期末基金份额总额 500,000,000.00 份；本期可供分配金额 73,153,096.58 元；单位可供分配金额 0.1463 元/份"
SSE_508069_20250830_FFI8,508069,2025-08-30,2025-06-30,semiannual_report,False,华夏南京交通高速公路封闭式基础设施证券投资基金2025年中期报告,https://www.sse.com.cn/disclosure/fund/announcement/c/new/2025-08-30/508069_20250830_FFI8.pdf,2026-09-05T13:15:20.426295+00:00,4643a56df5b0f81fcdff34e085d9d26a4b6f331ef04032b6c6ab2a753782e1ae,1602100.0,success,,500000000.0,141399435.26,0.2828,5.2235,"报告期末基金份额总额 500,000,000.00 份；本期可供分配金额 141,399,435.26 元；单位可供分配金额 0.2828 元/份"
SSE_508069_20251028_AIZ7,508069,2025-10-28,2025-09-30,quarterly_report,False,华夏南京交通高速公路封闭式基础设施证券投资基金2025年第3季度报告,https://www.sse.com.cn/disclosure/fund/announcement/c/new/2025-10-28/508069_20251028_AIZ7.pdf,2026-09-05T13:15:20.439494+00:00,f896de31d63d4192bc29b49abc1de4e1df45c3dc5ac9cfc7fa564b876b435715,461812.0,success,,500000000.0,67753050.69,0.1355,,"报告期末基金份额总额 500,000,000.00 份；本期可供分配金额 67,753,050.69 元；单位可供分配金额 0.1355 元/份"
SSE_508069_20260122_MB7R,508069,2026-01-22,2025-12-31,quarterly_report,False,华夏南京交通高速公路封闭式基础设施证券投资基金2025年第4季度报告,https://www.sse.com.cn/disclosure/fund/announcement/c/new/2026-01-22/508069_20260122_MB7R.pdf,2026-09-05T13:15:20.465105+00:00,c17d24efc4d3f44a5932d0ad6d815231c0521184700e3594b70ed3332d16cd90,473321.0,success,,500000000.0,89501866.64,0.179,,"报告期末基金份额总额 500,000,000.00 份；本期可供分配金额 89,501,866.64 元；单位可供分配金额 0.1790 元/份"
SSE_508069_20260422_D7AY,508069,2026-04-22,2026-03-31,quarterly_report,False,华夏南京交通高速公路封闭式基础设施证券投资基金2026年第1季度报告,https://www.sse.com.cn/disclosure/fund/announcement/c/new/2026-04-22/508069_20260422_D7AY.pdf,2026-09-05T13:15:20.467731+00:00,aeefc328d0f0f1503da902bed4d9532d344c5049d8a8edd23bd6ec48b6a22091,473852.0,success,,500000000.0,74914934.41,0.1498,,"报告期末基金份额总额 500,000,000.00 份；本期可供分配金额 74,914,934.41 元；单位可供分配金额 0.1498 元/份"
SSE_508069_20260721_WTSN,508069,2026-07-21,2026-06-30,quarterly_report,False,华夏南京交通高速公路封闭式基础设施证券投资基金2026年第2季度报告,https://www.sse.com.cn/disclosure/fund/announcement/c/new/2026-07-21/508069_20260721_WTSN.pdf,2026-09-05T13:15:20.513212+00:00,7e49c19250bdcc649b23bbf16f8fcf9977e824be48e83748a07f9127b73bbc8e,213718.0,success,,500000000.0,59459819.14,0.1189,,"报告期末基金份额总额 500,000,000.00 份；本期可供分配金额 59,459,819.14 元；单位可供分配金额 0.1189 元/份"
SSE_508077_20230421_A0QP,508077,2023-04-21,2023-03-31,quarterly_report,False,华夏基金华润有巢租赁住房封闭式基础设施证券投资基金2023年第1季度报告,https://www.sse.com.cn/disclosure/fund/announcement/c/new/2023-04-21/508077_20230421_A0QP.pdf,2026-09-05T13:15:20.721300+00:00,5c37e232848222ffd2d1a3636a782e57b5a5b816c680382601e543ecdd5065e9,264762.0,success,,500000000.0,15910889.23,0.0318,,"报告期末基金份额总额 500,000,000.00 份；本期可供分配金额 15,910,889.23 元；单位可供分配金额 0.0318 元/份"
SSE_508077_20230720_NB7X,508077,2023-07-20,2023-06-30,quarterly_report,False,华夏基金华润有巢租赁住房封闭式基础设施证券投资基金2023年第2季度报告,https://www.sse.com.cn/disclosure/fund/announcement/c/new/2023-07-20/508077_20230720_NB7X.pdf,2026-09-05T13:15:20.724548+00:00,623a56013a5d74ffc315ccf946d4c9b449937b16ab25c6a41fe9c1ae712a62a6,269349.0,success,,500000000.0,16159762.29,0.0323,,"报告期末基金份额总额 500,000,000.00 份；本期可供分配金额 16,159,762.29 元；单位可供分配金额 0.0323 元/份"
SSE_508077_20230830_5YZZ,508077,2023-08-30,2023-06-30,semiannual_report,False,华夏基金华润有巢租赁住房封闭式基础设施证券投资基金2023年中期报告,https://www.sse.com.cn/disclosure/fund/announcement/c/new/2023-08-30/508077_20230830_5YZZ.pdf,2026-09-05T13:15:20.726236+00:00,e29a11be7e73c86dd2e1e788a406caae6de4d53933e156d56e786eb1492c50ab,1626854.0,success,,500000000.0,32070651.52,0.0641,2.4352,"报告期末基金份额总额 500,000,000.00 份；本期可供分配金额 32,070,651.52 元；单位可供分配金额 0.0641 元/份"
SSE_508077_20231024_G9M5,508077,2023-10-24,2023-09-30,quarterly_report,False,华夏基金华润有巢租赁住房封闭式基础设施证券投资基金2023年第3季度报告,https://www.sse.com.cn/disclosure/fund/announcement/c/new/2023-10-24/508077_20231024_G9M5.pdf,2026-09-05T13:15:20.819406+00:00,b50a62ba43d62daa117614f20aef6dbff296e5160c2473d6f27d69e120accb45,275822.0,success,,500000000.0,14351485.69,0.0287,,"报告期末基金份额总额 500,000,000.00 份；本期可供分配金额 14,351,485.69 元；单位可供分配金额 0.0287 元/份"
SSE_508077_20240119_G20O,508077,2024-01-19,2023-12-31,quarterly_report,False,华夏基金华润有巢租赁住房封闭式基础设施证券投资基金2023年第4季度报告,https://www.sse.com.cn/disclosure/fund/announcement/c/new/2024-01-19/508077_20240119_G20O.pdf,2026-09-05T13:15:20.832998+00:00,3b10ef031d118f6b6e8e7d9f37bb2867ca6748ec0e59a31160f10023e263d8cd,282661.0,success,,500000000.0,14339226.22,0.0287,,"报告期末基金份额总额 500,000,000.00 份；本期可供分配金额 14,339,226.22 元；单位可供分配金额 0.0287 元/份"
SSE_508077_20240419_WG6N,508077,2024-04-19,2024-03-31,quarterly_report,False,华夏基金华润有巢租赁住房封闭式基础设施证券投资基金2024年第1季度报告,https://www.sse.com.cn/disclosure/fund/announcement/c/new/2024-04-19/508077_20240419_WG6N.pdf,2026-09-05T13:15:20.917707+00:00,7d303f6a88b1545115080e4af5b68a6a9d9be9d09f4d181c817569817800c4a2,285430.0,success,,500000000.0,12202493.8,0.0244,,"报告期末基金份额总额 500,000,000.00 份；本期可供分配金额 12,202,493.80 元；单位可供分配金额 0.0244 元/份"
SSE_508077_20240718_IX4Y,508077,2024-07-18,2024-06-30,quarterly_report,False,华夏基金华润有巢租赁住房封闭式基础设施证券投资基金2024年第2季度报告,https://www.sse.com.cn/disclosure/fund/announcement/c/new/2024-07-18/508077_20240718_IX4Y.pdf,2026-09-05T13:15:20.930141+00:00,d92878c8a4e312337e0ca2af46f108bc6c9e21dc4e98668d9d71951e1837cb8c,397062.0,success,,500000000.0,12205024.98,0.0244,,"报告期末基金份额总额 500,000,000.00 份；本期可供分配金额 12,205,024.98 元；单位可供分配金额 0.0244 元/份"
SSE_508077_20240830_2U3L,508077,2024-08-30,2024-06-30,semiannual_report,False,华夏基金华润有巢租赁住房封闭式基础设施证券投资基金2024年中期报告,https://www.sse.com.cn/disclosure/fund/announcement/c/new/2024-08-30/508077_20240830_2U3L.pdf,2026-09-05T13:15:21.083424+00:00,fef2e517a9d9183f396c6f166cbf19344d45f9dfd5fdea971f2b6fa6f3891279,1713577.0,success,,500000000.0,24407518.78,0.0488,2.2888,"报告期末基金份额总额 500,000,000.00 份；本期可供分配金额 24,407,518.78 元；单位可供分配金额 0.0488 元/份"
SSE_508077_20241025_I3IJ,508077,2024-10-25,2024-09-30,quarterly_report,False,华夏基金华润有巢租赁住房封闭式基础设施证券投资基金2024年第3季度报告,https://www.sse.com.cn/disclosure/fund/announcement/c/new/2024-10-25/508077_20241025_I3IJ.pdf,2026-09-05T13:15:21.194470+00:00,279879441ffd923ab7f081fb204f35c9b287594c0e52befc91c7ce7af0cbc6ed,405536.0,success,,500000000.0,12318509.66,0.0246,,"报告期末基金份额总额 500,000,000.00 份；本期可供分配金额 12,318,509.66 元；单位可供分配金额 0.0246 元/份"
SSE_508077_20250122_PPGO,508077,2025-01-22,2024-12-31,quarterly_report,False,华夏基金华润有巢租赁住房封闭式基础设施证券投资基金2024年第4季度报告,https://www.sse.com.cn/disclosure/fund/announcement/c/new/2025-01-22/508077_20250122_PPGO.pdf,2026-09-05T13:15:21.316978+00:00,2ae08e406345624f663b97e13965f2123732b18c3c532fca6b009aafd8ecc2e2,767688.0,success,,500000000.0,12318508.01,0.0246,,"报告期末基金份额总额 500,000,000.00 份；本期可供分配金额 12,318,508.01 元；单位可供分配金额 0.0246 元/份"
SSE_508077_20250422_FZYL,508077,2025-04-22,2025-03-31,quarterly_report,False,华夏基金华润有巢租赁住房封闭式基础设施证券投资基金2025年第1季度报告,https://www.sse.com.cn/disclosure/fund/announcement/c/new/2025-04-22/508077_20250422_FZYL.pdf,2026-09-05T13:15:21.370392+00:00,e15c21b4e4ab23d2837376eda521bdcbc89f49ea3c4687d5f4356e5770fa502b,714170.0,success,,500000000.0,12099218.71,0.0242,,"报告期末基金份额总额 500,000,000.00 份；本期可供分配金额 12,099,218.71 元；单位可供分配金额 0.0242 元/份"
SSE_508077_20250721_67B5,508077,2025-07-21,2025-06-30,quarterly_report,False,华夏基金华润有巢租赁住房封闭式基础设施证券投资基金2025年第2季度报告,https://www.sse.com.cn/disclosure/fund/announcement/c/new/2025-07-21/508077_20250721_67B5.pdf,2026-09-05T13:15:21.421567+00:00,33ab26db4c7348420dcecd1e7e8705c64705a865b9cd78f059c4ba0ee40f381b,618295.0,success,,500000000.0,12235741.35,0.0245,,"报告期末基金份额总额 500,000,000.00 份；本期可供分配金额 12,235,741.35 元；单位可供分配金额 0.0245 元/份"
SSE_508077_20250830_5PS8,508077,2025-08-30,2025-06-30,semiannual_report,False,华夏基金华润有巢租赁住房封闭式基础设施证券投资基金2025年中期报告,https://www.sse.com.cn/disclosure/fund/announcement/c/new/2025-08-30/508077_20250830_5PS8.pdf,2026-09-05T13:15:21.510745+00:00,2dd923937b336c306896a5c3991e0cdd53d0c8e04ae0bf704df45e1b7bfab9d9,1864655.0,success,,500000000.0,24334960.06,0.0487,2.2135,"报告期末基金份额总额 500,000,000.00 份；本期可供分配金额 24,334,960.06 元；单位可供分配金额 0.0487 元/份"
SSE_508077_20251028_SLBC,508077,2025-10-28,2025-09-30,quarterly_report,False,华夏基金华润有巢租赁住房封闭式基础设施证券投资基金2025年第3季度报告,https://www.sse.com.cn/disclosure/fund/announcement/c/new/2025-10-28/508077_20251028_SLBC.pdf,2026-09-05T13:15:21.583480+00:00,1d13af3f3eb6d0711fa107ddb05a7ad4776d4683358d8b6de11f4ca39e195257,560985.0,success,,500000000.0,12367892.06,0.0247,,"报告期末基金份额总额 500,000,000.00 份；本期可供分配金额 12,367,892.06 元；单位可供分配金额 0.0247 元/份"
SSE_508077_20260122_NBHC,508077,2026-01-22,2025-12-31,quarterly_report,False,华夏基金华润有巢租赁住房封闭式基础设施证券投资基金2025年第4季度报告,https://www.sse.com.cn/disclosure/fund/announcement/c/new/2026-01-22/508077_20260122_NBHC.pdf,2026-09-05T13:15:21.629721+00:00,4cda35d7341f0a1cd6a813dd1dd06d165d538840430095af654a61734361daaf,648090.0,success,,947803412.0,13857057.57,0.0146,,"报告期末基金份额总额 947,803,412.00 份；本期可供分配金额 13,857,057.57 元；单位可供分配金额 0.0146 元/份"
SSE_508077_20260422_Z6BN,508077,2026-04-22,2026-03-31,quarterly_report,False,华夏基金华润有巢租赁住房封闭式基础设施证券投资基金2026年第1季度报告,https://www.sse.com.cn/disclosure/fund/announcement/c/new/2026-04-22/508077_20260422_Z6BN.pdf,2026-09-05T13:15:21.672030+00:00,198b4daa1ef73b2bc609e400b8571989453bfa804c237628d964616f5892342d,633282.0,success,,947803412.0,22537498.69,0.0238,,"报告期末基金份额总额 947,803,412.00 份；本期可供分配金额 22,537,498.69 元；单位可供分配金额 0.0238 元/份"
SSE_508077_20260721_RA5T,508077,2026-07-21,2026-06-30,quarterly_report,False,华夏基金华润有巢租赁住房封闭式基础设施证券投资基金2026年第2季度报告,https://www.sse.com.cn/disclosure/fund/announcement/c/new/2026-07-21/508077_20260721_RA5T.pdf,2026-09-05T13:15:21.842661+00:00,6c60deb47bff29870823ec16aa1fb2ef6feef347a16ebc805bf2196633bf537c,1305138.0,success,,947803412.0,22767056.24,0.024,,"报告期末基金份额总额 947,803,412.00 份；本期可供分配金额 22,767,056.24 元；单位可供分配金额 0.0240 元/份"
SSE_508078_20250422_AOVE,508078,2025-04-22,2025-03-31,quarterly_report,False,中航易商仓储物流封闭式基础设施证券投资基金2025年第1季度报告,https://www.sse.com.cn/disclosure/fund/announcement/c/new/2025-04-22/508078_20250422_AOVE.pdf,2026-09-05T13:15:21.936698+00:00,7ba6ede52844ad14905d4a46bbfd158ad6a64475fe00bdb69d9eddbc1775e450,1247806.0,success,,800000000.0,19557230.26,0.02,,"报告期末基金份额总额 800,000,000.00 份；本期可供分配金额 19,557,230.26 元；单位可供分配金额 0.02 元/份"
SSE_508078_20250721_1S72,508078,2025-07-21,2025-06-30,quarterly_report,False,中航易商仓储物流封闭式基础设施证券投资基金2025年第2季度报告,https://www.sse.com.cn/disclosure/fund/announcement/c/new/2025-07-21/508078_20250721_1S72.pdf,2026-09-05T13:15:21.998199+00:00,1f62c750b24f47504976172ffbd2b6a42a0bcfc363a0c4c6d3714b6184f8d2bd,1224651.0,success,,800000000.0,29505228.49,0.0369,,"报告期末基金份额总额 800,000,000.00 份；本期可供分配金额 29,505,228.49 元；单位可供分配金额 0.0369 元/份"
SSE_508078_20250830_BKKL,508078,2025-08-30,2025-06-30,semiannual_report,False,中航易商仓储物流封闭式基础设施证券投资基金2025年中期报告,https://www.sse.com.cn/disclosure/fund/announcement/c/new/2025-08-30/508078_20250830_BKKL.pdf,2026-09-05T13:15:22.007233+00:00,b3f729b99c07d1b2e09ea9bf906b74f7af077a183c1821daa32de0547e00b8a9,1602862.0,success,,800000000.0,49059986.42,0.0613,2.5103,"报告期末基金份额总额 800,000,000.00 份；本期可供分配金额 49,059,986.42 元；单位可供分配金额 0.0613 元/份"
SSE_508078_20251027_7Z2B,508078,2025-10-27,2025-09-30,quarterly_report,False,中航易商仓储物流封闭式基础设施证券投资基金2025年第3季度报告,https://www.sse.com.cn/disclosure/fund/announcement/c/new/2025-10-27/508078_20251027_7Z2B.pdf,2026-09-05T13:15:22.043175+00:00,4509b45928a7e755b97797c7ea8a528f165f6f002fd9dcec18379433609c9f4e,1222750.0,success,,800000000.0,24661814.46,0.0308,,"报告期末基金份额总额 800,000,000.00 份；本期可供分配金额 24,661,814.46 元；单位可供分配金额 0.0308 元/份"
SSE_508078_20260122_26L6,508078,2026-01-22,2025-12-31,quarterly_report,False,中航易商仓储物流封闭式基础设施证券投资基金2025年第4季度报告,https://www.sse.com.cn/disclosure/fund/announcement/c/new/2026-01-22/508078_20260122_26L6.pdf,2026-09-05T13:15:22.116701+00:00,986158dc99f8252ebf293e10368765b0eb4d4c7476b5c16e29d07d7840cf40c2,1243232.0,success,,800000000.0,50397699.24,0.063,,"报告期末基金份额总额 800,000,000.00 份；本期可供分配金额 50,397,699.24 元；单位可供分配金额 0.0630 元/份"
SSE_508078_20260422_M1K8,508078,2026-04-22,2026-03-31,quarterly_report,False,中航易商仓储物流封闭式基础设施证券投资基金2026年第1季度报告,https://www.sse.com.cn/disclosure/fund/announcement/c/new/2026-04-22/508078_20260422_M1K8.pdf,2026-09-05T13:15:22.937165+00:00,c2b9467f31105eb5cbaa40bc7f92a4b84860b5ba5b88e1541422b1385c9b7316,1217614.0,success,,800000000.0,20101230.17,0.0251,,"报告期末基金份额总额 800,000,000.00 份；本期可供分配金额 20,101,230.17 元；单位可供分配金额 0.0251 元/份"
SSE_508078_20260721_2E36,508078,2026-07-21,2026-06-30,quarterly_report,False,中航易商仓储物流封闭式基础设施证券投资基金2026年第2季度报告,https://www.sse.com.cn/disclosure/fund/announcement/c/new/2026-07-21/508078_20260721_2E36.pdf,2026-09-05T13:15:22.966097+00:00,d49199877d9cee297cdebeada4e1ab6bde2e54e4ed1201bcab96c2cb7c578dbc,1220493.0,success,,800000000.0,23031649.27,0.0288,,"报告期末基金份额总额 800,000,000.00 份；本期可供分配金额 23,031,649.27 元；单位可供分配金额 0.0288 元/份"
SSE_508080_20251028_9QN0,508080,2025-10-28,2025-09-30,quarterly_report,False,中金亦庄产业园基础设施证券投资基金2025年第3季度报告,https://www.sse.com.cn/disclosure/fund/announcement/c/new/2025-10-28/508080_20251028_9QN0.pdf,2026-09-05T13:15:23.024324+00:00,f935cc225dcd9abc9f11ff55c208a59d2153362774103512118fc5b96b740899,833584.0,success,,400000000.0,18533394.24,0.0463,,"报告期末基金份额总额 400,000,000.00 份；本期可供分配金额 18,533,394.24 元；单位可供分配金额 0.0463 元/份"
SSE_508080_20260122_NM9C,508080,2026-01-22,2025-12-31,quarterly_report,False,中金亦庄产业园封闭式基础设施证券投资基金2025年第4季度报告,https://www.sse.com.cn/disclosure/fund/announcement/c/new/2026-01-22/508080_20260122_NM9C.pdf,2026-09-05T13:15:23.033267+00:00,91a571bf982ba8163368d62744e799d8a20c9f5274f209f6bfda661d5d4ae7ef,747076.0,success,,400000000.0,15329803.97,0.0383,,"报告期末基金份额总额 400,000,000.00 份；本期可供分配金额 15,329,803.97 元；单位可供分配金额 0.0383 元/份"
SSE_508080_20260422_ELGX,508080,2026-04-22,2026-03-31,quarterly_report,False,中金亦庄产业园封闭式基础设施证券投资基金2026年第1季度报告,https://www.sse.com.cn/disclosure/fund/announcement/c/new/2026-04-22/508080_20260422_ELGX.pdf,2026-09-05T13:15:23.162243+00:00,81f721dfddbfb100796da0cfbdef3ebde19e7813d2295bfe06240e19bc1b967d,756822.0,success,,400000000.0,17170828.7,0.0429,,"报告期末基金份额总额 400,000,000.00 份；本期可供分配金额 17,170,828.70 元；单位可供分配金额 0.0429 元/份"
SSE_508080_20260721_FIJE,508080,2026-07-21,2026-06-30,quarterly_report,False,中金亦庄产业园封闭式基础设施证券投资基金2026年第2季度报告,https://www.sse.com.cn/disclosure/fund/announcement/c/new/2026-07-21/508080_20260721_FIJE.pdf,2026-09-05T13:15:23.456527+00:00,56c189eaa78bef98dbaf526bf598282b554189fc25a71cfa008f8407276027ea,657381.0,success,,400000000.0,17110598.7,0.0428,,"报告期末基金份额总额 400,000,000.00 份；本期可供分配金额 17,110,598.70 元；单位可供分配金额 0.0428 元/份"
SSE_508080_20260828_1IQ9,508080,2026-08-28,2026-06-30,semiannual_report,False,中金亦庄产业园封闭式基础设施证券投资基金2026年中期报告,https://www.sse.com.cn/disclosure/fund/announcement/c/new/2026-08-28/508080_20260828_1IQ9.pdf,2026-09-05T13:15:23.458096+00:00,2ea75b38a866c5b0bc20dcd5f30ca9dcb364a040bd6b7d6e5709b1710039f2c9,2094944.0,success,,400000000.0,34281427.4,0.0857,2.6467,"报告期末基金份额总额 400,000,000.00 份；本期可供分配金额 34,281,427.40 元；单位可供分配金额 0.0857 元/份"
SSE_508082_20260122_8QZT,508082,2026-01-22,2025-12-31,quarterly_report,False,中金唯品会奥特莱斯封闭式基础设施证券投资基金2025年第4季度报告,https://www.sse.com.cn/disclosure/fund/announcement/c/new/2026-01-22/508082_20260122_8QZT.pdf,2026-09-05T13:15:23.464073+00:00,66e01083afa972a04b1fdcda6ebac7c505563dcd851202c497872d5e53c18ffc,785334.0,success,,1000000000.0,41080031.0,0.0411,,"报告期末基金份额总额 1,000,000,000 份；本期可供分配金额 41,080,031.00 元；单位可供分配金额 0.0411 元/份"
SSE_508082_20260422_CCRH,508082,2026-04-22,2026-03-31,quarterly_report,False,中金唯品会奥特莱斯封闭式基础设施证券投资基金2026年第1季度报告,https://www.sse.com.cn/disclosure/fund/announcement/c/new/2026-04-22/508082_20260422_CCRH.pdf,2026-09-05T13:15:23.556706+00:00,a0742e26de1ddfa6e194f21480e353b1e81c5f16e6879769939dad36a5a4c684,769787.0,success,,1000000000.0,46668080.28,0.0467,,"报告期末基金份额总额 1,000,000,000 份；本期可供分配金额 46,668,080.28 元；单位可供分配金额 0.0467 元/份"
SSE_508082_20260721_M36V,508082,2026-07-21,2026-06-30,quarterly_report,False,中金唯品会奥特莱斯封闭式基础设施证券投资基金2026年第2季度报告,https://www.sse.com.cn/disclosure/fund/announcement/c/new/2026-07-21/508082_20260721_M36V.pdf,2026-09-05T13:15:23.650425+00:00,eb224044cc66a1d0974a646e83eeabbd5187b002a55fd35a25a12036a9d01d63,780150.0,success,,1000000000.0,40983030.06,0.041,,"报告期末基金份额总额 1,000,000,000 份；本期可供分配金额 40,983,030.06 元；单位可供分配金额 0.0410 元/份"
SSE_508082_20260828_34H2,508082,2026-08-28,2026-06-30,semiannual_report,False,中金唯品会奥特莱斯封闭式基础设施证券投资基金2026年中期报告,https://www.sse.com.cn/disclosure/fund/announcement/c/new/2026-08-28/508082_20260828_34H2.pdf,2026-09-05T13:15:23.802749+00:00,fe133ad0f2fe66b9c8db14b41d92784eb0152d74658ff7fbcd8d288373777e85,1915008.0,success,,1000000000.0,87651110.34,0.0877,3.3637,"报告期末基金份额总额 1,000,000,000.00 份；本期可供分配金额 87,651,110.34 元；单位可供分配金额 0.0877 元/份"
SSE_508084_20250721_YGSB,508084,2025-07-21,2025-06-30,quarterly_report,False,汇添富九州通医药仓储物流封闭式基础设施证券投资基金2025年第2季度报告,https://www.sse.com.cn/disclosure/fund/announcement/c/new/2025-07-21/508084_20250721_YGSB.pdf,2026-09-05T13:15:23.812986+00:00,03b49f8e8937e673772139b7d165cb059befdfb5a0e0e6d4e9ae60a33be12e93,200075.0,success,,400000000.0,15197215.44,0.038,,"报告期末基金份额总额 400,000,000.00 份；本期可供分配金额 15,197,215.44 元；单位可供分配金额 0.0380 元/份"
SSE_508084_20250829_DC5N,508084,2025-08-29,2025-06-30,semiannual_report,False,汇添富九州通医药仓储物流封闭式基础设施证券投资基金2025年中期报告,https://www.sse.com.cn/disclosure/fund/announcement/c/new/2025-08-29/508084_20250829_DC5N.pdf,2026-09-05T13:15:23.815801+00:00,7c2d1e829fa950c0abe971ef76cb13775abcf986df576991e13fd6c2c2518427,574678.0,success,,400000000.0,22207454.06,0.0555,2.9271,"报告期末基金份额总额 400,000,000.00 份；本期可供分配金额 22,207,454.06 元；单位可供分配金额 0.0555 元/份"
SSE_508084_20251028_OIAJ,508084,2025-10-28,2025-09-30,quarterly_report,False,汇添富九州通医药仓储物流封闭式基础设施证券投资基金2025年第3季度报告,https://www.sse.com.cn/disclosure/fund/announcement/c/new/2025-10-28/508084_20251028_OIAJ.pdf,2026-09-05T13:15:24.010134+00:00,4f508441f4a84f273d2625c89979fe569ed2a13e8e5175119dbb4f5cd742e4c8,193755.0,success,,400000000.0,15617198.48,0.039,,"报告期末基金份额总额 400,000,000.00 份；本期可供分配金额 15,617,198.48 元；单位可供分配金额 0.0390 元/份"
SSE_508084_20260122_GDTM,508084,2026-01-22,2025-12-31,quarterly_report,False,汇添富九州通医药仓储物流封闭式基础设施证券投资基金2025年第4季度报告,https://www.sse.com.cn/disclosure/fund/announcement/c/new/2026-01-22/508084_20260122_GDTM.pdf,2026-09-05T13:15:24.068963+00:00,a61673e38135b43fdbf9f546fecbbe392ffbf2e4061ae45060cc6469f312bdc5,192039.0,success,,400000000.0,16840600.27,0.0421,,"报告期末基金份额总额 400,000,000.00 份；本期可供分配金额 16,840,600.27 元；单位可供分配金额 0.0421 元/份"
SSE_508084_20260422_97BK,508084,2026-04-22,2026-03-31,quarterly_report,False,汇添富九州通医药仓储物流封闭式基础设施证券投资基金2026年第1季度报告,https://www.sse.com.cn/disclosure/fund/announcement/c/new/2026-04-22/508084_20260422_97BK.pdf,2026-09-05T13:15:24.089672+00:00,0887affa453b9e43cfc53b5b6e36acf6df50dffac8921f31d748361e9985dcac,195997.0,success,,400000000.0,15380237.46,0.0385,,"报告期末基金份额总额 400,000,000.00 份；本期可供分配金额 15,380,237.46 元；单位可供分配金额 0.0385 元/份"
SSE_508084_20260721_4SLM,508084,2026-07-21,2026-06-30,quarterly_report,False,汇添富九州通医药仓储物流封闭式基础设施证券投资基金2026年度第2季度报告,https://www.sse.com.cn/disclosure/fund/announcement/c/new/2026-07-21/508084_20260721_4SLM.pdf,2026-09-05T13:15:24.141548+00:00,eb3fe2479d32ad95285c21dec4d78e9bd75021267991ab193ee6cb27c8e92e50,201691.0,success,,400000000.0,15599786.33,0.039,,"报告期末基金份额总额 400,000,000.00 份；本期可供分配金额 15,599,786.33 元；单位可供分配金额 0.0390 元/份"
SSE_508085_20250721_89TO,508085,2025-07-21,2025-06-30,quarterly_report,False,华泰紫金苏州恒泰租赁住房封闭式基础设施证券投资基金2025年第2季度报告,https://www.sse.com.cn/disclosure/fund/announcement/c/new/2025-07-21/508085_20250721_89TO.pdf,2026-09-05T13:15:24.202550+00:00,f4015cfc31ed301060e03e22e03d9ca63a74f5a6de8761326f28cbe84437850b,698485.0,success,,500000000.0,16189138.58,0.0324,,"报告期末基金份额总额 500,000,000.00 份；本期可供分配金额 16,189,138.58 元；单位可供分配金额 0.0324 元/份"
SSE_508085_20250829_5JH8,508085,2025-08-29,2025-06-30,semiannual_report,False,华泰紫金苏州恒泰租赁住房封闭式基础设施证券投资基金2025年中期报告,https://www.sse.com.cn/disclosure/fund/announcement/c/new/2025-08-29/508085_20250829_5JH8.pdf,2026-09-05T13:15:24.328880+00:00,1acdea572b758d68f61ac30c1f8e50146fb8eb35b4728a0d07b55e1fd4f3d396,2119487.0,success,,500000000.0,16189138.58,0.0324,2.7429,"报告期末基金份额总额 500,000,000.00 份；本期可供分配金额 16,189,138.58 元；单位可供分配金额 0.0324 元/份"
SSE_508085_20251028_Q4KS,508085,2025-10-28,2025-09-30,quarterly_report,False,华泰紫金苏州恒泰租赁住房封闭式基础设施证券投资基金2025年第3季度报告,https://www.sse.com.cn/disclosure/fund/announcement/c/new/2025-10-28/508085_20251028_Q4KS.pdf,2026-09-05T13:15:24.337083+00:00,57f1f10d8cec8056070521450cc094be6acb0d337fafd2f0c567782c64b5aaed,719109.0,success,,500000000.0,9602601.29,0.0192,,"报告期末基金份额总额 500,000,000.00 份；本期可供分配金额 9,602,601.29 元；单位可供分配金额 0.0192 元/份"
SSE_508085_20260122_ZFQG,508085,2026-01-22,2025-12-31,quarterly_report,False,华泰紫金苏州恒泰租赁住房封闭式基础设施证券投资基金2025年第4季度报告,https://www.sse.com.cn/disclosure/fund/announcement/c/new/2026-01-22/508085_20260122_ZFQG.pdf,2026-09-05T13:15:24.367481+00:00,19167a7c5815811da9c8b7d38ebd80af7dd520017310234a9761ee8cc9b8c7fc,720482.0,success,,500000000.0,11302770.15,0.0226,,"报告期末基金份额总额 500,000,000.00 份；本期可供分配金额 11,302,770.15 元；单位可供分配金额 0.0226 元/份"
SSE_508085_20260422_T2PQ,508085,2026-04-22,2026-03-31,quarterly_report,False,华泰紫金苏州恒泰租赁住房封闭式基础设施证券投资基金2026年第1季度报告,https://www.sse.com.cn/disclosure/fund/announcement/c/new/2026-04-22/508085_20260422_T2PQ.pdf,2026-09-05T13:15:24.388772+00:00,fec3a352c271f1358a3dacbb613b789e1da8a01d162c64b0f023438922a391bf,586659.0,success,,500000000.0,14440144.73,0.0289,,"报告期末基金份额总额 500,000,000.00 份；本期可供分配金额 14,440,144.73 元；单位可供分配金额 0.0289 元/份"
SSE_508085_20260721_QQW0,508085,2026-07-21,2026-06-30,quarterly_report,False,华泰紫金苏州恒泰租赁住房封闭式基础设施证券投资基金2026年第2季度报告,https://www.sse.com.cn/disclosure/fund/announcement/c/new/2026-07-21/508085_20260721_QQW0.pdf,2026-09-05T13:15:24.502494+00:00,161a0f2dfe94836ea905b3a2b83ed4740b6e741a383f1b8c8f7790564170721a,616182.0,success,,500000000.0,14921108.14,0.0298,,"报告期末基金份额总额 500,000,000.00 份；本期可供分配金额 14,921,108.14 元；单位可供分配金额 0.0298 元/份"
SSE_508086_20241025_JMP8,508086,2024-10-25,2024-09-30,quarterly_report,False,工银瑞信河北高速集团高速公路封闭式基础设施证券投资基金2024年第3季度报告,https://www.sse.com.cn/disclosure/fund/announcement/c/new/2024-10-25/508086_20241025_JMP8.pdf,2026-09-05T13:15:24.596860+00:00,f225f6c7d7dd81e6067ce88210e234495d353aaeb4f6023c8423a286c04af2fd,462529.0,success,,1000000000.0,128446088.46,0.1284,,"报告期末基金份额总额 1,000,000,000.00 份；本期可供分配金额 128,446,088.46 元；单位可供分配金额 0.1284 元/份"
SSE_508086_20250122_K8RU,508086,2025-01-22,2024-12-31,quarterly_report,False,工银瑞信河北高速集团高速公路封闭式基础设施证券投资基金2024年第4季度报告,https://www.sse.com.cn/disclosure/fund/announcement/c/new/2025-01-22/508086_20250122_K8RU.pdf,2026-09-05T13:15:24.684570+00:00,e516c42b23dc42a6faa0c283a54546ff1ae771cfe43c974f70c595b34cc41043,495651.0,success,,1000000000.0,116515399.77,0.1165,,"报告期末基金份额总额 1,000,000,000.00 份；本期可供分配金额 116,515,399.77 元；单位可供分配金额 0.1165 元/份"
SSE_508086_20250422_R8FV,508086,2025-04-22,2025-03-31,quarterly_report,False,工银瑞信河北高速集团高速公路封闭式基础设施证券投资基金2025年第1季度报告,https://www.sse.com.cn/disclosure/fund/announcement/c/new/2025-04-22/508086_20250422_R8FV.pdf,2026-09-05T13:15:24.754311+00:00,281d6e1a616c3e8c8fe4e50c437fb318b8fa135a740c6654bf10e6015ecaadfa,369502.0,success,,1000000000.0,81168374.09,0.0812,,"报告期末基金份额总额 1,000,000,000.00 份；本期可供分配金额 81,168,374.09 元；单位可供分配金额 0.0812 元/份"
SSE_508086_20250721_RDYG,508086,2025-07-21,2025-06-30,quarterly_report,False,工银瑞信河北高速集团高速公路封闭式基础设施证券投资基金2025年第2季度报告,https://www.sse.com.cn/disclosure/fund/announcement/c/new/2025-07-21/508086_20250721_RDYG.pdf,2026-09-05T13:15:24.762273+00:00,113d7130c4b3dd79ad211c8a204d0064963f693a8aa46c17ec4d68f6182c7912,232623.0,success,,1000000000.0,105844626.31,0.1058,,"报告期末基金份额总额 1,000,000,000.00 份；本期可供分配金额 105,844,626.31 元；单位可供分配金额 0.1058 元/份"
SSE_508086_20250829_HGI4,508086,2025-08-29,2025-06-30,semiannual_report,False,工银瑞信河北高速集团高速公路封闭式基础设施证券投资基金2025年中期报告,https://www.sse.com.cn/disclosure/fund/announcement/c/new/2025-08-29/508086_20250829_HGI4.pdf,2026-09-05T13:15:24.787178+00:00,6062f4b57b082e1da626a83b61bf169c8894cd92e1d757a8b52c7038b583e0f8,648978.0,success,,1000000000.0,187013000.4,0.187,5.2063,"报告期末基金份额总额 1,000,000,000.00 份；本期可供分配金额 187,013,000.40 元；单位可供分配金额 0.1870 元/份"
SSE_508086_20251028_S1HV,508086,2025-10-28,2025-09-30,quarterly_report,False,工银瑞信河北高速集团高速公路封闭式基础设施证券投资基金2025年第3季度报告,https://www.sse.com.cn/disclosure/fund/announcement/c/new/2025-10-28/508086_20251028_S1HV.pdf,2026-09-05T13:15:24.910801+00:00,730ae31f1142f0ddc84dc4dd1bb3bef6242b0ab67097a6f1c382d94cfff70d2f,238173.0,success,,1000000000.0,134480040.01,0.1345,,"报告期末基金份额总额 1,000,000,000.00 份；本期可供分配金额 134,480,040.01 元；单位可供分配金额 0.1345 元/份"
SSE_508086_20260122_J62H,508086,2026-01-22,2025-12-31,quarterly_report,False,工银瑞信河北高速集团高速公路封闭式基础设施证券投资基金2025年第4季度报告,https://www.sse.com.cn/disclosure/fund/announcement/c/new/2026-01-22/508086_20260122_J62H.pdf,2026-09-05T13:15:24.962623+00:00,1aa4a571a0ffc9504e042033c2668528dcdfda56994dfce95af936882f34d423,226229.0,success,,1000000000.0,102238782.61,0.1022,,"报告期末基金份额总额 1,000,000,000.00 份；本期可供分配金额 102,238,782.61 元；单位可供分配金额 0.1022 元/份"
SSE_508086_20260422_ES2R,508086,2026-04-22,2026-03-31,quarterly_report,False,工银瑞信河北高速集团高速公路封闭式基础设施证券投资基金2026年第1季度报告,https://www.sse.com.cn/disclosure/fund/announcement/c/new/2026-04-22/508086_20260422_ES2R.pdf,2026-09-05T13:15:24.976145+00:00,f726720e2881c890040aac240759e21671c5fb553f4642476e1959bd2bfbf830,229647.0,success,,1000000000.0,81987612.91,0.082,,"报告期末基金份额总额 1,000,000,000.00 份；本期可供分配金额 81,987,612.91 元；单位可供分配金额 0.0820 元/份"
SSE_508086_20260721_0SH6,508086,2026-07-21,2026-06-30,quarterly_report,False,工银瑞信河北高速集团高速公路封闭式基础设施证券投资基金2026年第2季度报告,https://www.sse.com.cn/disclosure/fund/announcement/c/new/2026-07-21/508086_20260721_0SH6.pdf,2026-09-05T13:15:25.018684+00:00,66032a99376b3fbd6f536b12fe399e233a1473c595592694fb8a59be4e5926f3,232652.0,success,,1000000000.0,91268589.63,0.0913,,"报告期末基金份额总额 1,000,000,000.00 份；本期可供分配金额 91,268,589.63 元；单位可供分配金额 0.0913 元/份"
SSE_508087_20250422_LB8F,508087,2025-04-22,2025-03-31,quarterly_report,False,国泰君安济南能源供热封闭式基础设施证券投资基金2025年第1季度报告,https://www.sse.com.cn/disclosure/fund/announcement/c/new/2025-04-22/508087_20250422_LB8F.pdf,2026-09-05T13:15:25.139293+00:00,d0989706791b56ace0ce56c9ef0435bcfcf4297b6dc80059461fb39287818c0f,201861.0,success,,200000000.0,76681980.97,0.3834,,"报告期末基金份额总额 200,000,000.00 份；本期可供分配金额 76,681,980.97 元；单位可供分配金额 0.3834 元/份"
SSE_508087_20250719_5KFI,508087,2025-07-19,2025-06-30,quarterly_report,False,国泰君安济南能源供热封闭式基础设施证券投资基金2025年第2季度报告,https://www.sse.com.cn/disclosure/fund/announcement/c/new/2025-07-19/508087_20250719_5KFI.pdf,2026-09-05T13:15:25.167232+00:00,51821998fd8ab41d93079d16b9da67109876389550b1906c156d90ff8ca93a8b,198730.0,success,,200000000.0,157868.69,0.0008,,"报告期末基金份额总额 200,000,000.00 份；本期可供分配金额 157,868.69 元；单位可供分配金额 0.0008 元/份"
SSE_508087_20250829_4C6H,508087,2025-08-29,2025-06-30,semiannual_report,False,国泰君安济南能源供热封闭式基础设施证券投资基金2025年中期报告,https://www.sse.com.cn/disclosure/fund/announcement/c/new/2025-08-29/508087_20250829_4C6H.pdf,2026-09-05T13:15:25.200312+00:00,03b3e1ee864e3cb08302a1414015c467f0aa0756ac553ed7a9dae333dfa6a80b,473617.0,success,,200000000.0,76839849.66,0.3842,7.776,"报告期末基金份额总额 200,000,000.00 份；本期可供分配金额 76,839,849.66 元；单位可供分配金额 0.3842 元/份"
SSE_508087_20251028_JQ35,508087,2025-10-28,2025-09-30,quarterly_report,False,国泰海通济南能源供热封闭式基础设施证券投资基金2025年第3季度报告,https://www.sse.com.cn/disclosure/fund/announcement/c/new/2025-10-28/508087_20251028_JQ35.pdf,2026-09-05T13:15:25.488195+00:00,7031dc5052c33bf37aaa7c9f312dbaafc8ec876c4c28ddbee96e931b40065292,196027.0,success,,200000000.0,210973.15,0.0011,,"报告期末基金份额总额 200,000,000.00 份；本期可供分配金额 210,973.15 元；单位可供分配金额 0.0011 元/份"
SSE_508087_20260122_S5SV,508087,2026-01-22,2025-12-31,quarterly_report,False,国泰海通济南能源供热封闭式基础设施证券投资基金2025年第4季度报告,https://www.sse.com.cn/disclosure/fund/announcement/c/new/2026-01-22/508087_20260122_S5SV.pdf,2026-09-05T13:15:25.509183+00:00,fb4a44d563460f947a8024edcd7bcde420f2ebeedc123e026b61b219ebdbf300,202356.0,success,,200000000.0,51372782.46,0.2569,,"报告期末基金份额总额 200,000,000.00 份；本期可供分配金额 51,372,782.46 元；单位可供分配金额 0.2569 元/份"
SSE_508087_20260422_HIBD,508087,2026-04-22,2026-03-31,quarterly_report,False,国泰海通济南能源供热封闭式基础设施证券投资基金2026年第1季度报告,https://www.sse.com.cn/disclosure/fund/announcement/c/new/2026-04-22/508087_20260422_HIBD.pdf,2026-09-05T13:15:25.527944+00:00,c4d856da4d0c848e3ef9b9536911627174ef69b657aebbcd1ac596a6cbebcb13,207709.0,success,,200000000.0,53197186.91,0.266,,"报告期末基金份额总额 200,000,000.00 份；本期可供分配金额 53,197,186.91 元；单位可供分配金额 0.2660 元/份"
SSE_508087_20260721_PW4Q,508087,2026-07-21,2026-06-30,quarterly_report,False,国泰海通济南能源供热封闭式基础设施证券投资基金2026年第2季度报告,https://www.sse.com.cn/disclosure/fund/announcement/c/new/2026-07-21/508087_20260721_PW4Q.pdf,2026-09-05T13:15:25.548759+00:00,8a5f16e97de0c5945a067995df82b924e47d91a793ab5d42805a56dd7d836a98,204314.0,success,,200000000.0,2256866.27,0.0113,,"报告期末基金份额总额 200,000,000.00 份；本期可供分配金额 2,256,866.27 元；单位可供分配金额 0.0113 元/份"
SSE_508088_20230120_X9JU,508088,2023-01-20,2022-12-31,quarterly_report,False,国泰君安东久新经济产业园封闭式基础设施证券投资基金2022年第四季度报告,https://www.sse.com.cn/disclosure/fund/announcement/c/new/2023-01-20/508088_20230120_X9JU.pdf,2026-09-05T13:15:25.548894+00:00,37b5ae1dc9d2b94ac1c92c46485c5f2877678ac6d91ff184753eab4e473b0f4a,344480.0,success,,500000000.0,18777614.19,0.0376,,"报告期末基金份额总额 500,000,000.00 份；本期可供分配金额 18,777,614.19 元；单位可供分配金额 0.0376 元/份"
SSE_508088_20230423_U3HL,508088,2023-04-23,2023-03-31,quarterly_report,False,国泰君安东久新经济产业园封闭式基础设施证券投资基金2023年第1季度报告,https://www.sse.com.cn/disclosure/fund/announcement/c/new/2023-04-23/508088_20230423_U3HL.pdf,2026-09-05T13:15:25.719226+00:00,3924fb404cbce2f363e249bc5d33a23e493e295c515858ec39b72961cc22ee0b,207117.0,success,,500000000.0,19933612.3,0.0399,,"报告期末基金份额总额 500,000,000.00 份；本期可供分配金额 19,933,612.30 元；单位可供分配金额 0.0399 元/份"
SSE_508088_20230721_45BC,508088,2023-07-21,2023-06-30,quarterly_report,False,国泰君安东久新经济产业园封闭式基础设施证券投资基金2023年第2季度报告,https://www.sse.com.cn/disclosure/fund/announcement/c/new/2023-07-21/508088_20230721_45BC.pdf,2026-09-05T13:15:25.727079+00:00,993641a2f0154c2a6526a0124af92d37bcf7f205e6ec75d409be4e21845e7287,236186.0,success,,500000000.0,23590149.33,0.0472,,"报告期末基金份额总额 500,000,000.00 份；本期可供分配金额 23,590,149.33 元；单位可供分配金额 0.0472 元/份"
SSE_508088_20230831_6F79,508088,2023-08-31,2023-06-30,semiannual_report,False,国泰君安东久新经济产业园封闭式基础设施证券投资基金2023年中期报告,https://www.sse.com.cn/disclosure/fund/announcement/c/new/2023-08-31/508088_20230831_6F79.pdf,2026-09-05T13:15:25.734830+00:00,15ce794966f93d637089e2a3fdfd21d1ddc54e7ba8136db5e9608877d5efe079,537557.0,success,,500000000.0,43523761.64,0.087,3.0704,"报告期末基金份额总额 500,000,000.00 份；本期可供分配金额 43,523,761.64 元；单位可供分配金额 0.0870 元/份"
SSE_508088_20231021_YC3M,508088,2023-10-21,2023-09-30,quarterly_report,False,国泰君安东久新经济产业园封闭式基础设施证券投资基金2023年第3季度报告,https://www.sse.com.cn/disclosure/fund/announcement/c/new/2023-10-21/508088_20231021_YC3M.pdf,2026-09-05T13:15:25.778691+00:00,b648a38d5f10bb253bcc90cfd2fda1326d3127c3634eaed73a8dc81a87731238,434241.0,success,,500000000.0,19829939.19,0.0397,,"报告期末基金份额总额 500,000,000.00 份；本期可供分配金额 19,829,939.19 元；单位可供分配金额 0.0397 元/份"
SSE_508088_20240122_883X,508088,2024-01-22,2023-12-31,quarterly_report,False,国泰君安东久新经济产业园封闭式基础设施证券投资基金2023年第4季度报告,https://www.sse.com.cn/disclosure/fund/announcement/c/new/2024-01-22/508088_20240122_883X.pdf,2026-09-05T13:15:26.226321+00:00,e32558b43b96d65fb6a409802a2eeb1a2473da7f713419419ed50c99e93cbf32,343320.0,success,,500000000.0,17659694.51,0.0353,,"报告期末基金份额总额 500,000,000.00 份；本期可供分配金额 17,659,694.51 元；单位可供分配金额 0.0353 元/份"
SSE_508088_20240422_AGV6,508088,2024-04-22,2024-03-31,quarterly_report,False,国泰君安东久新经济产业园封闭式基础设施证券投资基金2024年第1季度报告,https://www.sse.com.cn/disclosure/fund/announcement/c/new/2024-04-22/508088_20240422_AGV6.pdf,2026-09-05T13:15:26.244974+00:00,33d61fdc1db902df1ef9c674931df638ad04783ec1c1d466b17aa243053b150b,246358.0,success,,500000000.0,20321869.89,0.0406,,"报告期末基金份额总额 500,000,000.00 份；本期可供分配金额 20,321,869.89 元；单位可供分配金额 0.0406 元/份"
SSE_508088_20240719_YRNQ,508088,2024-07-19,2024-06-30,quarterly_report,False,国泰君安东久新经济产业园封闭式基础设施证券投资基金2024年第2季度报告,https://www.sse.com.cn/disclosure/fund/announcement/c/new/2024-07-19/508088_20240719_YRNQ.pdf,2026-09-05T13:15:26.255214+00:00,2f24ba6b7773b892bdc0f94b52916f4502c6b6e9e4ca8673cd00b58bbe38a3d6,213104.0,success,,500000000.0,21535160.91,0.0431,,"报告期末基金份额总额 500,000,000.00 份；本期可供分配金额 21,535,160.91 元；单位可供分配金额 0.0431 元/份"
SSE_508088_20240831_BGYW,508088,2024-08-31,2024-06-30,semiannual_report,False,国泰君安东久新经济产业园封闭式基础设施证券投资基金2024年中期报告,https://www.sse.com.cn/disclosure/fund/announcement/c/new/2024-08-31/508088_20240831_BGYW.pdf,2026-09-05T13:15:26.263780+00:00,27a6fa16c11d88babaea83e5ab48fcf019cabfaa6c4d41f365a752a2ce6b8c0d,473067.0,success,,500000000.0,41857030.8,0.0837,2.9972,"报告期末基金份额总额 500,000,000.00 份；本期可供分配金额 41,857,030.80 元；单位可供分配金额 0.0837 元/份"
SSE_508088_20241025_Y5WK,508088,2024-10-25,2024-09-30,quarterly_report,False,国泰君安东久新经济产业园封闭式基础设施证券投资基金2024年第3季度报告,https://www.sse.com.cn/disclosure/fund/announcement/c/new/2024-10-25/508088_20241025_Y5WK.pdf,2026-09-05T13:15:26.599111+00:00,f254a293f50257b656f642530c4d128a2ba8b6742de1befdb4ee2fa3fdd2efc2,214841.0,success,,500000000.0,19229547.75,0.0385,,"报告期末基金份额总额 500,000,000.00 份；本期可供分配金额 19,229,547.75 元；单位可供分配金额 0.0385 元/份"
SSE_508088_20250122_IOTZ,508088,2025-01-22,2024-12-31,quarterly_report,False,国泰君安东久新经济产业园封闭式基础设施证券投资基金2024年第4季度报告,https://www.sse.com.cn/disclosure/fund/announcement/c/new/2025-01-22/508088_20250122_IOTZ.pdf,2026-09-05T13:15:26.629316+00:00,a283913d17e5dfb37e80604bd1040ac1e5d17635e830e5ae29ea232540472c9f,263013.0,success,,500000000.0,16480727.46,0.033,,"报告期末基金份额总额 500,000,000.00 份；本期可供分配金额 16,480,727.46 元；单位可供分配金额 0.0330 元/份"
SSE_508088_20250422_QKBI,508088,2025-04-22,2025-03-31,quarterly_report,False,国泰君安东久新经济产业园封闭式基础设施证券投资基金2025年第1季度报告,https://www.sse.com.cn/disclosure/fund/announcement/c/new/2025-04-22/508088_20250422_QKBI.pdf,2026-09-05T13:15:26.673612+00:00,1df552be6128d098dfd27b701e8580e1c483a053703144499114119cb02b2fb6,246472.0,success,,500000000.0,17732607.88,0.0355,,"报告期末基金份额总额 500,000,000.00 份；本期可供分配金额 17,732,607.88 元；单位可供分配金额 0.0355 元/份"
SSE_508088_20250719_7949,508088,2025-07-19,2025-06-30,quarterly_report,False,国泰君安东久新经济产业园封闭式基础设施证券投资基金2025年第2季度报告,https://www.sse.com.cn/disclosure/fund/announcement/c/new/2025-07-19/508088_20250719_7949.pdf,2026-09-05T13:15:26.683821+00:00,144e9beaa145c12762b0b7d1b09b974e7ad3928d6653035079e22a60a6ba44d0,237386.0,success,,500000000.0,21832636.61,0.0437,,"报告期末基金份额总额 500,000,000.00 份；本期可供分配金额 21,832,636.61 元；单位可供分配金额 0.0437 元/份"
SSE_508088_20250829_VG9G,508088,2025-08-29,2025-06-30,semiannual_report,False,国泰君安东久新经济产业园封闭式基础设施证券投资基金2025年中期报告,https://www.sse.com.cn/disclosure/fund/announcement/c/new/2025-08-29/508088_20250829_VG9G.pdf,2026-09-05T13:15:26.709054+00:00,162d45802c3d14c6d4c9325aa54b7460f497dfa6e1249657b692e0766f06d8e6,565230.0,success,,500000000.0,39565244.49,0.0791,2.9359,"报告期末基金份额总额 500,000,000.00 份；本期可供分配金额 39,565,244.49 元；单位可供分配金额 0.0791 元/份"
SSE_508088_20251028_EUZG,508088,2025-10-28,2025-09-30,quarterly_report,False,国泰海通东久新经济产业园封闭式基础设施证券投资基金2025年第3季度报告,https://www.sse.com.cn/disclosure/fund/announcement/c/new/2025-10-28/508088_20251028_EUZG.pdf,2026-09-05T13:15:26.839009+00:00,4defe709d4e945e420302c84dc36b420e9a8c630c87cac46afbfe575fa14b009,234286.0,success,,500000000.0,18260961.68,0.0365,,"报告期末基金份额总额 500,000,000.00 份；本期可供分配金额 18,260,961.68 元；单位可供分配金额 0.0365 元/份"
SSE_508088_20260122_YPAN,508088,2026-01-22,2025-12-31,quarterly_report,False,国泰海通东久新经济产业园封闭式基础设施证券投资基金2025年第4季度报告,https://www.sse.com.cn/disclosure/fund/announcement/c/new/2026-01-22/508088_20260122_YPAN.pdf,2026-09-05T13:15:26.847659+00:00,832a4d6fba88a86aa3f8b369d4580147a80b5f471017f0eca619c1603ebfe12e,252722.0,success,,619262981.0,17582920.16,0.0284,,"报告期末基金份额总额 619,262,981.00 份；本期可供分配金额 17,582,920.16 元；单位可供分配金额 0.0284 元/份"
SSE_508088_20260422_W165,508088,2026-04-22,2026-03-31,quarterly_report,False,国泰海通东久新经济产业园封闭式基础设施证券投资基金2026年第1季度报告,https://www.sse.com.cn/disclosure/fund/announcement/c/new/2026-04-22/508088_20260422_W165.pdf,2026-09-05T13:15:26.907325+00:00,88e5d96ffa64e4e2eec08c0e74e07c8e9cb6d0c86f698b12e533d9cc9f7a2bd5,255126.0,success,,619262981.0,28477166.25,0.046,,"报告期末基金份额总额 619,262,981.00 份；本期可供分配金额 28,477,166.25 元；单位可供分配金额 0.0460 元/份"
SSE_508088_20260721_W6Q7,508088,2026-07-21,2026-06-30,quarterly_report,False,国泰海通东久新经济产业园封闭式基础设施证券投资基金2026年第2季度报告,https://www.sse.com.cn/disclosure/fund/announcement/c/new/2026-07-21/508088_20260721_W6Q7.pdf,2026-09-05T13:15:26.926375+00:00,e060654aa25097cb21ff9c0d9384f85e79848db17d4664d91eed2950adbe9890,252319.0,success,,619262981.0,21407337.32,0.0346,,"报告期末基金份额总额 619,262,981.00 份；本期可供分配金额 21,407,337.32 元；单位可供分配金额 0.0346 元/份"
SSE_508089_20241025_QF1N,508089,2024-10-25,2024-09-30,quarterly_report,False,华夏特变电工新能源封闭式基础设施证券投资基金2024年第3季度报告,https://www.sse.com.cn/disclosure/fund/announcement/c/new/2024-10-25/508089_20241025_QF1N.pdf,2026-09-05T13:15:26.960141+00:00,38c5e17a38e54bb267e2c7461d9579f1b8c108f25d5682c41df089fb726fe555,364389.0,success,,300000000.0,21288599.36,0.071,,"报告期末基金份额总额 300,000,000.00 份；本期可供分配金额 21,288,599.36 元；单位可供分配金额 0.0710 元/份"
SSE_508089_20250122_KKAX,508089,2025-01-22,2024-12-31,quarterly_report,False,华夏特变电工新能源封闭式基础设施证券投资基金2024年第4季度报告,https://www.sse.com.cn/disclosure/fund/announcement/c/new/2025-01-22/508089_20250122_KKAX.pdf,2026-09-05T13:15:27.087287+00:00,d5cfa0315d62b539f953e0eb68ff25cd8ce99c8e3f02e1a9cd26e0af8f1250b1,595462.0,success,,300000000.0,24079907.92,0.0803,,"报告期末基金份额总额 300,000,000.00 份；本期可供分配金额 24,079,907.92 元；单位可供分配金额 0.0803 元/份"
SSE_508089_20250422_5HLF,508089,2025-04-22,2025-03-31,quarterly_report,False,华夏特变电工新能源封闭式基础设施证券投资基金2025年第1季度报告,https://www.sse.com.cn/disclosure/fund/announcement/c/new/2025-04-22/508089_20250422_5HLF.pdf,2026-09-05T13:15:27.087803+00:00,25b053c8856b05bc3a3a2c751ef9012e2b7e47bcc8bb8b9ad67c20ee372d277a,521189.0,success,,300000000.0,11386436.4,0.038,,"报告期末基金份额总额 300,000,000.00 份；本期可供分配金额 11,386,436.40 元；单位可供分配金额 0.0380 元/份"
SSE_508089_20250721_4GP2,508089,2025-07-21,2025-06-30,quarterly_report,False,华夏特变电工新能源封闭式基础设施证券投资基金2025年第2季度报告,https://www.sse.com.cn/disclosure/fund/announcement/c/new/2025-07-21/508089_20250721_4GP2.pdf,2026-09-05T13:15:27.102888+00:00,27699b948fe3c73ebad27ea58c3aead7a5496087f0bf0a1d1008c5a94b3ab9d9,494622.0,success,,300000000.0,6966618.87,0.0232,,"报告期末基金份额总额 300,000,000.00 份；本期可供分配金额 6,966,618.87 元；单位可供分配金额 0.0232 元/份"
SSE_508089_20250830_E943,508089,2025-08-30,2025-06-30,semiannual_report,False,华夏特变电工新能源封闭式基础设施证券投资基金2025年中期报告,https://www.sse.com.cn/disclosure/fund/announcement/c/new/2025-08-30/508089_20250830_E943.pdf,2026-09-05T13:15:27.153497+00:00,5cbf7ad03aa30ae69e6f107de27361e749feaf279c4c1740973768b5aa0edbe1,1307408.0,success,,300000000.0,18353055.27,0.0612,3.9258,"报告期末基金份额总额 300,000,000.00 份；本期可供分配金额 18,353,055.27 元；单位可供分配金额 0.0612 元/份"
SSE_508089_20251028_AEA0,508089,2025-10-28,2025-09-30,quarterly_report,False,华夏特变电工新能源封闭式基础设施证券投资基金2025年第3季度报告,https://www.sse.com.cn/disclosure/fund/announcement/c/new/2025-10-28/508089_20251028_AEA0.pdf,2026-09-05T13:15:27.171271+00:00,54e122ecc4683ee7e5071fc3aa63644af72350a2c0735f50e7561bbbdb95ad82,495160.0,success,,300000000.0,64957060.94,0.2165,,"报告期末基金份额总额 300,000,000.00 份；本期可供分配金额 64,957,060.94 元；单位可供分配金额 0.2165 元/份"
SSE_508089_20260122_ZXVC,508089,2026-01-22,2025-12-31,quarterly_report,False,华夏特变电工新能源封闭式基础设施证券投资基金2025年第4季度报告,https://www.sse.com.cn/disclosure/fund/announcement/c/new/2026-01-22/508089_20260122_ZXVC.pdf,2026-09-05T13:15:27.211040+00:00,b9fa8f7f6bb7343d2bf1ee613ce5b44f092a0b9c4e5596b4fe4f96f389bc1076,486098.0,success,,300000000.0,36143194.87,0.1205,,"报告期末基金份额总额 300,000,000.00 份；本期可供分配金额 36,143,194.87 元；单位可供分配金额 0.1205 元/份"
SSE_508089_20260422_OMDY,508089,2026-04-22,2026-03-31,quarterly_report,False,华夏特变电工新能源封闭式基础设施证券投资基金2026年第1季度报告,https://www.sse.com.cn/disclosure/fund/announcement/c/new/2026-04-22/508089_20260422_OMDY.pdf,2026-09-05T13:15:27.430036+00:00,aaeefdb363c696e6a614af37afe94838b49cc3e2de1a60699254d536b22dc935,485482.0,success,,300000000.0,7363560.85,0.0245,,"报告期末基金份额总额 300,000,000.00 份；本期可供分配金额 7,363,560.85 元；单位可供分配金额 0.0245 元/份"
SSE_508089_20260721_P5XX,508089,2026-07-21,2026-06-30,quarterly_report,False,华夏特变电工新能源封闭式基础设施证券投资基金2026年第2季度报告,https://www.sse.com.cn/disclosure/fund/announcement/c/new/2026-07-21/508089_20260721_P5XX.pdf,2026-09-05T13:15:27.442421+00:00,7f6f2be2cea6cc081bd7b4b4f20b04b076379b325d11c986f1e8b225a56cf2f4,295541.0,success,,300000000.0,54796775.88,0.1827,,"报告期末基金份额总额 300,000,000.00 份；本期可供分配金额 54,796,775.88 元；单位可供分配金额 0.1827 元/份"
SSE_508090_20260422_I8CM,508090,2026-04-22,2026-03-31,quarterly_report,False,中银中外运仓储物流封闭式基础设施证券投资基金2026年第1季度报告,https://www.sse.com.cn/disclosure/fund/announcement/c/new/2026-04-22/508090_20260422_I8CM.pdf,2026-09-05T13:15:27.521764+00:00,625ea4daf433b3a823b3f9c66e4ba2d44343adcbe83d2e52c3ac0631239ad71c,691537.0,success,,400000000.0,16084642.32,0.0402,,"报告期末基金份额总额 400,000,000.00 份；本期可供分配金额 16,084,642.32 元；单位可供分配金额 0.0402 元/份"
SSE_508090_20260721_KE9V,508090,2026-07-21,2026-06-30,quarterly_report,False,中银中外运仓储物流封闭式基础设施证券投资基金2026年第2季度报告,https://www.sse.com.cn/disclosure/fund/announcement/c/new/2026-07-21/508090_20260721_KE9V.pdf,2026-09-05T13:15:27.691949+00:00,e35dabd346b3751e733e475cd62c6bc2ae7d0ed66d7d47f8463d74cd696b20a5,776116.0,success,,400000000.0,16466520.99,0.0412,,"报告期末基金份额总额 400,000,000.00 份；本期可供分配金额 16,466,520.99 元；单位可供分配金额 0.0412 元/份"
SSE_508091_20260122_0WE4,508091,2026-01-22,2025-12-31,quarterly_report,False,华夏凯德商业资产封闭式基础设施证券投资基金2025年第4季度报告,https://www.sse.com.cn/disclosure/fund/announcement/c/new/2026-01-22/508091_20260122_0WE4.pdf,2026-09-05T13:15:27.709960+00:00,656aa9b0ad4430b97d8e6b0a9343a11ff88f24b2b83ee7e5fd635ed205e84dbb,553897.0,success,,400000000.0,26254106.32,0.0656,,"报告期末基金份额总额 400,000,000.00 份；本期可供分配金额 26,254,106.32 元；单位可供分配金额 0.0656 元/份"
SSE_508091_20260422_VZLN,508091,2026-04-22,2026-03-31,quarterly_report,False,华夏凯德商业资产封闭式基础设施证券投资基金2026年第1季度报告,https://www.sse.com.cn/disclosure/fund/announcement/c/new/2026-04-22/508091_20260422_VZLN.pdf,2026-09-05T13:15:27.767073+00:00,af7cb523227ee080658fa932106f2b6f4d62747289da1673328b79ccbe893568,553806.0,success,,400000000.0,26860656.87,0.0672,,"报告期末基金份额总额 400,000,000.00 份；本期可供分配金额 26,860,656.87 元；单位可供分配金额 0.0672 元/份"
SSE_508091_20260721_BFJ1,508091,2026-07-21,2026-06-30,quarterly_report,False,华夏凯德消费封闭式基础设施证券投资基金2026年第2季度报告,https://www.sse.com.cn/disclosure/fund/announcement/c/new/2026-07-21/508091_20260721_BFJ1.pdf,2026-09-05T13:15:27.772099+00:00,e3ca319983b73cda1e401400b7bdc5c94f0a5dbae39c51ef08713a245dacf3cf,600641.0,success,,400000000.0,26176848.1,0.0654,,"报告期末基金份额总额 400,000,000.00 份；本期可供分配金额 26,176,848.10 元；单位可供分配金额 0.0654 元/份"
SSE_508092_20250422_7OW4,508092,2025-04-22,2025-03-31,quarterly_report,False,华夏金隅智造工场产业园封闭式基础设施证券投资基金2025年第1季度报告,https://www.sse.com.cn/disclosure/fund/announcement/c/new/2025-04-22/508092_20250422_7OW4.pdf,2026-09-05T13:15:27.844319+00:00,ade4cbcabbca30846e94e083e472ef9119a7d14d8c032d62cd87c0702789e11f,616728.0,success,,400000000.0,14718625.68,0.0368,,"报告期末基金份额总额 400,000,000.00 份；本期可供分配金额 14,718,625.68 元；单位可供分配金额 0.0368 元/份"
SSE_508092_20250721_4FGG,508092,2025-07-21,2025-06-30,quarterly_report,False,华夏金隅智造工场产业园封闭式基础设施证券投资基金2025年第2季度报告,https://www.sse.com.cn/disclosure/fund/announcement/c/new/2025-07-21/508092_20250721_4FGG.pdf,2026-09-05T13:15:27.867960+00:00,21876a99060976bb9a84bf3cc137eb8f9195f19d549293604492020b0a6ea07d,628012.0,success,,400000000.0,19728581.63,0.0493,,"报告期末基金份额总额 400,000,000.00 份；本期可供分配金额 19,728,581.63 元；单位可供分配金额 0.0493 元/份"
SSE_508092_20250830_Z127,508092,2025-08-30,2025-06-30,semiannual_report,False,华夏金隅智造工场产业园封闭式基础设施证券投资基金2025年中期报告,https://www.sse.com.cn/disclosure/fund/announcement/c/new/2025-08-30/508092_20250830_Z127.pdf,2026-09-05T13:15:27.987232+00:00,298f588641f6f6d7e6b0e5ed4e871ed91e7dec0ef49aec5a8a3cfa08d419696f,1725749.0,success,,400000000.0,34447207.31,0.0861,2.895,"报告期末基金份额总额 400,000,000.00 份；本期可供分配金额 34,447,207.31 元；单位可供分配金额 0.0861 元/份"
SSE_508092_20251028_6MTF,508092,2025-10-28,2025-09-30,quarterly_report,False,华夏金隅智造工场产业园封闭式基础设施证券投资基金2025年第3季度报告,https://www.sse.com.cn/disclosure/fund/announcement/c/new/2025-10-28/508092_20251028_6MTF.pdf,2026-09-05T13:15:28.057223+00:00,4545a32b5447a5b93b23d00047624993fe38e3bad5ed7b79d11198ed6bee084b,509958.0,success,,400000000.0,19944360.99,0.0499,,"报告期末基金份额总额 400,000,000.00 份；本期可供分配金额 19,944,360.99 元；单位可供分配金额 0.0499 元/份"
SSE_508092_20260122_5TY5,508092,2026-01-22,2025-12-31,quarterly_report,False,华夏金隅智造工场产业园封闭式基础设施证券投资基金2025年第4季度报告,https://www.sse.com.cn/disclosure/fund/announcement/c/new/2026-01-22/508092_20260122_5TY5.pdf,2026-09-05T13:15:28.075245+00:00,10fc68e62caad79efae8e73e52e05ad34d2b8c09d3b7fdbabdf2025299437a62,513286.0,success,,400000000.0,19954006.34,0.0499,,"报告期末基金份额总额 400,000,000.00 份；本期可供分配金额 19,954,006.34 元；单位可供分配金额 0.0499 元/份"
SSE_508092_20260422_70DH,508092,2026-04-22,2026-03-31,quarterly_report,False,华夏金隅智造工场产业园封闭式基础设施证券投资基金2026年第1季度报告,https://www.sse.com.cn/disclosure/fund/announcement/c/new/2026-04-22/508092_20260422_70DH.pdf,2026-09-05T13:15:28.151729+00:00,76473d0e6fc90a686b9373bb49f7902011329329266b2af2aad8f802b8be6ef7,547137.0,success,,400000000.0,17402805.23,0.0435,,"报告期末基金份额总额 400,000,000.00 份；本期可供分配金额 17,402,805.23 元；单位可供分配金额 0.0435 元/份"
SSE_508092_20260721_6OWI,508092,2026-07-21,2026-06-30,quarterly_report,False,华夏金隅智造工场产业园封闭式基础设施证券投资基金2026年第2季度报告,https://www.sse.com.cn/disclosure/fund/announcement/c/new/2026-07-21/508092_20260721_6OWI.pdf,2026-09-05T13:15:28.177735+00:00,cc5ef15f3acd1cd017bb6662bd7de99d956279fbe15bdc6187b7f70f090aada6,1278728.0,success,,400000000.0,19673390.19,0.0492,,"报告期末基金份额总额 400,000,000.00 份；本期可供分配金额 19,673,390.19 元；单位可供分配金额 0.0492 元/份"
SSE_508096_20230720_A0O6,508096,2023-07-20,2023-06-30,quarterly_report,False,中航京能光伏封闭式基础设施证券投资基金2023年第2季度报告,https://www.sse.com.cn/disclosure/fund/announcement/c/new/2023-07-20/508096_20230720_A0O6.pdf,2026-09-05T13:15:28.188208+00:00,02798f2bb6cc1b9f65296bff2e4f513996161959db16d37759473f90b7fe3d0c,443616.0,success,,300000000.0,39062586.72,0.1302,,"报告期末基金份额总额 300,000,000.00 份；本期可供分配金额 39,062,586.72 元；单位可供分配金额 0.1302 元/份"
SSE_508096_20230829_17E3,508096,2023-08-29,2023-06-30,semiannual_report,False,中航京能光伏封闭式基础设施证券投资基金2023年中期报告,https://www.sse.com.cn/disclosure/fund/announcement/c/new/2023-08-29/508096_20230829_17E3.pdf,2026-09-05T13:15:28.332623+00:00,f0c85ddce7e8da7cbbef2f775017c14aaa3e287e3d1ab33f6c2374d374e1ac8a,1554963.0,success,,300000000.0,39100133.21,0.1303,9.9101,"报告期末基金份额总额 300,000,000.00 份；本期可供分配金额 39,100,133.21 元；单位可供分配金额 0.1303 元/份"
SSE_508096_20231024_ZVCR,508096,2023-10-24,2023-09-30,quarterly_report,False,中航京能光伏封闭式基础设施证券投资基金2023年第3季度报告,https://www.sse.com.cn/disclosure/fund/announcement/c/new/2023-10-24/508096_20231024_ZVCR.pdf,2026-09-05T13:15:28.352569+00:00,4989930ac5900b40166bfbf70030b0db2f36b061221827b4cd78743dd28c32c5,415732.0,success,,300000000.0,282717063.48,0.9424,,"报告期末基金份额总额 300,000,000.00 份；本期可供分配金额 282,717,063.48 元；单位可供分配金额 0.9424 元/份"
SSE_508096_20240119_MPWQ,508096,2024-01-19,2023-12-31,quarterly_report,False,中航京能光伏封闭式基础设施证券投资基金2023年第4季度报告,https://www.sse.com.cn/disclosure/fund/announcement/c/new/2024-01-19/508096_20240119_MPWQ.pdf,2026-09-05T13:15:28.451756+00:00,ac5dd4b7459920f0c8d2ae768cd522027715a1089d3aa54562f33e971de1cb9b,453819.0,success,,300000000.0,6568454.25,0.0219,,"报告期末基金份额总额 300,000,000.00 份；本期可供分配金额 6,568,454.25 元；单位可供分配金额 0.0219 元/份"
SSE_508096_20240420_VD9G,508096,2024-04-20,2024-03-31,quarterly_report,False,中航京能光伏封闭式基础设施证券投资基金2024年第1季度报告,https://www.sse.com.cn/disclosure/fund/announcement/c/new/2024-04-20/508096_20240420_VD9G.pdf,2026-09-05T13:15:28.478483+00:00,f5bc600bc27a8020734b4aba0475610187eaf681113761169d13e243e85b02d6,479223.0,success,,300000000.0,158380966.85,0.5279,,"报告期末基金份额总额 300,000,000.00 份；本期可供分配金额 158,380,966.85 元；单位可供分配金额 0.5279 元/份"
SSE_508096_20240718_M0BE,508096,2024-07-18,2024-06-30,quarterly_report,False,中航京能光伏封闭式基础设施证券投资基金2024年第2季度报告,https://www.sse.com.cn/disclosure/fund/announcement/c/new/2024-07-18/508096_20240718_M0BE.pdf,2026-09-05T13:15:28.649651+00:00,5fd0af78cff65212d1812b140035df7236afb8f3b01f08fa28a53b9d103608e0,495496.0,success,,300000000.0,44967194.48,0.1499,,"报告期末基金份额总额 300,000,000.00 份；本期可供分配金额 44,967,194.48 元；单位可供分配金额 0.1499 元/份"
SSE_508096_20240830_V0CP,508096,2024-08-30,2024-06-30,semiannual_report,False,中航京能光伏封闭式基础设施证券投资基金2024年中期报告,https://www.sse.com.cn/disclosure/fund/announcement/c/new/2024-08-30/508096_20240830_V0CP.pdf,2026-09-05T13:15:28.661527+00:00,40c61d8ee95b7a7779046aebd71c132e85c9e0251b5ba6ec964bd7c602a1a8f4,593996.0,success,,300000000.0,203338747.12,0.6778,8.9881,"报告期末基金份额总额 300,000,000.00 份；本期可供分配金额 203,338,747.12 元；单位可供分配金额 0.6778 元/份"
SSE_508096_20241024_4OB1,508096,2024-10-24,2024-09-30,quarterly_report,False,中航京能光伏封闭式基础设施证券投资基金2024年第3季度报告,https://www.sse.com.cn/disclosure/fund/announcement/c/new/2024-10-24/508096_20241024_4OB1.pdf,2026-09-05T13:15:28.714196+00:00,daa580102af6f7e1a097a15de48944e15109b1cd95f5ba85fd8b1128549f017a,503284.0,success,,300000000.0,141833506.27,0.4728,,"报告期末基金份额总额 300,000,000.00 份；本期可供分配金额 141,833,506.27 元；单位可供分配金额 0.4728 元/份"
SSE_508096_20250121_E6TE,508096,2025-01-21,2024-12-31,quarterly_report,False,中航京能光伏封闭式基础设施证券投资基金2024年第4季度报告,https://www.sse.com.cn/disclosure/fund/announcement/c/new/2025-01-21/508096_20250121_E6TE.pdf,2026-09-05T13:15:28.766738+00:00,ae5372eb8965f69efdb5738c68391ec58d9006e09eff313a596efa4dcfab1111,320127.0,success,,300000000.0,3031452.67,0.0101,,"报告期末基金份额总额 300,000,000.00 份；本期可供分配金额 3,031,452.67 元；单位可供分配金额 0.0101 元/份"
SSE_508096_20250422_WDVS,508096,2025-04-22,2025-03-31,quarterly_report,False,中航京能光伏封闭式基础设施证券投资基金2025年第1季度报告,https://www.sse.com.cn/disclosure/fund/announcement/c/new/2025-04-22/508096_20250422_WDVS.pdf,2026-09-05T13:15:28.956944+00:00,03298294ddbdb46b9adc4ccd7bf50884bc9ede74f50f1d1289ade0e3eafb385d,300597.0,success,,300000000.0,2643885.25,0.01,,"报告期末基金份额总额 300,000,000.00 份；本期可供分配金额 2,643,885.25 元；单位可供分配金额 0.01 元/份"
SSE_508096_20250721_YPD3,508096,2025-07-21,2025-06-30,quarterly_report,False,中航京能光伏封闭式基础设施证券投资基金2025年第2季度报告,https://www.sse.com.cn/disclosure/fund/announcement/c/new/2025-07-21/508096_20250721_YPD3.pdf,2026-09-05T13:15:28.961344+00:00,8e2dce74a3ec20771c70516c34d12427d74fec3ed0f0c6181d48c15be9db7b0e,283128.0,success,,300000000.0,65474826.13,0.2182,,"报告期末基金份额总额 300,000,000.00 份；本期可供分配金额 65,474,826.13 元；单位可供分配金额 0.2182 元/份"
SSE_508096_20250830_ZX3U,508096,2025-08-30,2025-06-30,semiannual_report,False,中航京能光伏封闭式基础设施证券投资基金2025年中期报告,https://www.sse.com.cn/disclosure/fund/announcement/c/new/2025-08-30/508096_20250830_ZX3U.pdf,2026-09-05T13:15:28.965891+00:00,f7d5f8f8703aa39e395ff07e1c60dfa01772714a9eea424b91b541842b525793,651255.0,success,,300000000.0,68118711.38,0.2271,8.7181,"报告期末基金份额总额 300,000,000.00 份；本期可供分配金额 68,118,711.38 元；单位可供分配金额 0.2271 元/份"
SSE_508096_20251027_34QT,508096,2025-10-27,2025-09-30,quarterly_report,False,中航京能光伏封闭式基础设施证券投资基金2025年第3季度报告,https://www.sse.com.cn/disclosure/fund/announcement/c/new/2025-10-27/508096_20251027_34QT.pdf,2026-09-05T13:15:29.000224+00:00,4c93a7c41f2b41180f8eadb3b4f55895c7e1c77920aa177ab7a5e42667584762,293351.0,success,,300000000.0,199364595.5,0.6645,,"报告期末基金份额总额 300,000,000.00 份；本期可供分配金额 199,364,595.50 元；单位可供分配金额 0.6645 元/份"
SSE_508096_20260122_2ECJ,508096,2026-01-22,2025-12-31,quarterly_report,False,中航京能光伏封闭式基础设施证券投资基金2025年第4季度报告,https://www.sse.com.cn/disclosure/fund/announcement/c/new/2026-01-22/508096_20260122_2ECJ.pdf,2026-09-05T13:15:29.048103+00:00,9b70ac39def212b0a8fc5f3c6d5849f283528224cde8582fb8b9484a6d757aee,317432.0,success,,600880354.0,56034244.04,0.0933,,"报告期末基金份额总额 600,880,354.00 份；本期可供分配金额 56,034,244.04 元；单位可供分配金额 0.0933 元/份"
SSE_508096_20260422_A83Y,508096,2026-04-22,2026-03-31,quarterly_report,False,中航京能国际能源封闭式基础设施证券投资基金2026年第1季度报告,https://www.sse.com.cn/disclosure/fund/announcement/c/new/2026-04-22/508096_20260422_A83Y.pdf,2026-09-05T13:15:29.248705+00:00,704f51d2343b7d468c2a8f61f418060c7732b8d859feb8e7ea94d1331166d0ce,303032.0,success,,600880354.0,154189680.61,0.2566,,"报告期末基金份额总额 600,880,354.00 份；本期可供分配金额 154,189,680.61 元；单位可供分配金额 0.2566 元/份"
SSE_508096_20260721_BTD8,508096,2026-07-21,2026-06-30,quarterly_report,False,中航京能国际能源封闭式基础设施证券投资基金2026年第2季度报告,https://www.sse.com.cn/disclosure/fund/announcement/c/new/2026-07-21/508096_20260721_BTD8.pdf,2026-09-05T13:15:29.254187+00:00,5d25f9262514760ac48208e59034c5da898ddbe72b0c49b61b99dd5a6e336100,307351.0,success,,600880354.0,125623212.41,0.2091,,"报告期末基金份额总额 600,880,354.00 份；本期可供分配金额 125,623,212.41 元；单位可供分配金额 0.2091 元/份"
SSE_508097_20250422_0GBO,508097,2025-04-22,2025-03-31,quarterly_report,False,华泰紫金南京建邺产业园封闭式基础设施证券投资基金2025年第1季度报告,https://www.sse.com.cn/disclosure/fund/announcement/c/new/2025-04-22/508097_20250422_0GBO.pdf,2026-09-05T13:15:29.257864+00:00,20fb25decc37d49905794bb15a610a71f738f726e1c53d8f3d6cd2f76baf4148,373077.0,success,,400000000.0,12891389.3,0.0322,,"报告期末基金份额总额 400,000,000.00 份；本期可供分配金额 12,891,389.30 元；单位可供分配金额 0.0322 元/份"
SSE_508097_20250721_D6U8,508097,2025-07-21,2025-06-30,quarterly_report,False,华泰紫金南京建邺产业园封闭式基础设施证券投资基金2025年第2季度报告,https://www.sse.com.cn/disclosure/fund/announcement/c/new/2025-07-21/508097_20250721_D6U8.pdf,2026-09-05T13:15:29.373362+00:00,49af084c84c4b5b4bc6b938fc2fd448256e6ee0d2a683e38c144142ec8f8c341,462003.0,success,,400000000.0,13017661.99,0.0325,,"报告期末基金份额总额 400,000,000.00 份；本期可供分配金额 13,017,661.99 元；单位可供分配金额 0.0325 元/份"
SSE_508097_20250829_72JY,508097,2025-08-29,2025-06-30,semiannual_report,False,华泰紫金南京建邺产业园封闭式基础设施证券投资基金2025年中期报告,https://www.sse.com.cn/disclosure/fund/announcement/c/new/2025-08-29/508097_20250829_72JY.pdf,2026-09-05T13:15:29.403085+00:00,cda2e6cd58b3afe9f3904ef4a5f835438d9b0f522e47d1cdcf792967bff7a418,1977221.0,success,,400000000.0,25909051.29,0.0648,2.5826,"报告期末基金份额总额 400,000,000.00 份；本期可供分配金额 25,909,051.29 元；单位可供分配金额 0.0648 元/份"
SSE_508097_20251028_3TF9,508097,2025-10-28,2025-09-30,quarterly_report,False,华泰紫金南京建邺产业园封闭式基础设施证券投资基金2025年第3季度报告,https://www.sse.com.cn/disclosure/fund/announcement/c/new/2025-10-28/508097_20251028_3TF9.pdf,2026-09-05T13:15:29.498522+00:00,4ce2b3a6ab0d677a4f71a8a094875bcc88f231df8c578901575efc7b7c4316c5,516267.0,success,,400000000.0,14412096.64,0.036,,"报告期末基金份额总额 400,000,000.00 份；本期可供分配金额 14,412,096.64 元；单位可供分配金额 0.0360 元/份"
SSE_508097_20260122_VLBE,508097,2026-01-22,2025-12-31,quarterly_report,False,华泰紫金南京建邺产业园封闭式基础设施证券投资基金2025年第4季度报告,https://www.sse.com.cn/disclosure/fund/announcement/c/new/2026-01-22/508097_20260122_VLBE.pdf,2026-09-05T13:15:29.510591+00:00,7eadf5cccccf824b453ea4220b0a59637d96873e22414f6a315070019ed8bd78,609585.0,success,,400000000.0,12654954.97,0.0316,,"报告期末基金份额总额 400,000,000.00 份；本期可供分配金额 12,654,954.97 元；单位可供分配金额 0.0316 元/份"
SSE_508097_20260422_3PT7,508097,2026-04-22,2026-03-31,quarterly_report,False,华泰紫金南京建邺产业园封闭式基础设施证券投资基金2026年第1季度报告,https://www.sse.com.cn/disclosure/fund/announcement/c/new/2026-04-22/508097_20260422_3PT7.pdf,2026-09-05T13:15:29.630034+00:00,46aa0e5953bc91f20ed71267340b49516326f280f5a5fe109b7bdf611a671690,543106.0,success,,400000000.0,12514918.92,0.0313,,"报告期末基金份额总额 400,000,000.00 份；本期可供分配金额 12,514,918.92 元；单位可供分配金额 0.0313 元/份"
SSE_508097_20260721_2DPB,508097,2026-07-21,2026-06-30,quarterly_report,False,华泰紫金南京建邺产业园封闭式基础设施证券投资基金2026年第2季度报告,https://www.sse.com.cn/disclosure/fund/announcement/c/new/2026-07-21/508097_20260721_2DPB.pdf,2026-09-05T13:15:29.699505+00:00,b8dddbd01f387b045c71a3db4ddb58162cb828b8aad00e6df7bea332732bfbae,469034.0,success,,400000000.0,9918106.43,0.0248,,"报告期末基金份额总额 400,000,000.00 份；本期可供分配金额 9,918,106.43 元；单位可供分配金额 0.0248 元/份"
SSE_508098_20230421_9GS6,508098,2023-04-21,2023-03-31,quarterly_report,False,嘉实京东仓储物流封闭式基础设施证券投资基金2023年第1季度报告,https://www.sse.com.cn/disclosure/fund/announcement/c/new/2023-04-21/508098_20230421_9GS6.pdf,2026-09-05T13:15:29.718344+00:00,0aae8b9d2e7ef88a7a6b05d543929ae1722dddb761fa159064e0d2df3de37e4d,411235.0,success,,500000000.0,17536249.2,0.0351,,"报告期末基金份额总额 500,000,000.00 份；本期可供分配金额 17,536,249.20 元；单位可供分配金额 0.0351 元/份"
SSE_508098_20230720_CLGL,508098,2023-07-20,2023-06-30,quarterly_report,False,嘉实京东仓储物流封闭式基础设施证券投资基金2023年第2季度报告,https://www.sse.com.cn/disclosure/fund/announcement/c/new/2023-07-20/508098_20230720_CLGL.pdf,2026-09-05T13:15:29.774771+00:00,bc52e3ca3e22acd86d3aa6d8dcd6728d4b178103c3a511f16f0531440ff210bd,419443.0,success,,500000000.0,17906379.4,0.0358,,"报告期末基金份额总额 500,000,000.00 份；本期可供分配金额 17,906,379.40 元；单位可供分配金额 0.0358 元/份"
SSE_508098_20230829_E3QW,508098,2023-08-29,2023-06-30,semiannual_report,False,嘉实京东仓储基础设施REIT2023年中期报告,https://www.sse.com.cn/disclosure/fund/announcement/c/new/2023-08-29/508098_20230829_E3QW.pdf,2026-09-05T13:15:29.848281+00:00,24538d4d8afdcc5a8229925d000e1389feaae96e589e51088edb45a90a83fa6f,2043685.0,success,,500000000.0,35442628.6,0.0709,3.5474,"报告期末基金份额总额 500,000,000.00 份；本期可供分配金额 35,442,628.60 元；单位可供分配金额 0.0709 元/份"
SSE_508098_20231024_BCK1,508098,2023-10-24,2023-09-30,quarterly_report,False,嘉实京东仓储物流封闭式基础设施证券投资基金2023年第3季度报告,https://www.sse.com.cn/disclosure/fund/announcement/c/new/2023-10-24/508098_20231024_BCK1.pdf,2026-09-05T13:15:29.951110+00:00,670cef9a5b662ef3673321dfc42d32fa12f510f98521bead9e444021f539315f,409227.0,success,,500000000.0,22722071.76,0.0454,,"报告期末基金份额总额 500,000,000.00 份；本期可供分配金额 22,722,071.76 元；单位可供分配金额 0.0454 元/份"
SSE_508098_20240119_NHMA,508098,2024-01-19,2023-12-31,quarterly_report,False,嘉实京东仓储物流封闭式基础设施证券投资基金2023年第4季度报告,https://www.sse.com.cn/disclosure/fund/announcement/c/new/2024-01-19/508098_20240119_NHMA.pdf,2026-09-05T13:15:29.972430+00:00,2ed2d21a16162001c558ec61b77e164820ecc38accecdf53ac87f4b05cfb9d71,513254.0,success,,500000000.0,15900571.26,0.0318,,"报告期末基金份额总额 500,000,000.00 份；本期可供分配金额 15,900,571.26 元；单位可供分配金额 0.0318 元/份"
SSE_508098_20240419_8GSV,508098,2024-04-19,2024-03-31,quarterly_report,False,嘉实京东仓储物流封闭式基础设施证券投资基金2024年第1季度报告,https://www.sse.com.cn/disclosure/fund/announcement/c/new/2024-04-19/508098_20240419_8GSV.pdf,2026-09-05T13:15:30.004242+00:00,5dbeccd48435babd8945fc132f007eac2b2d97c12e4ca348410195c65ee6f881,534727.0,success,,500000000.0,20037442.95,0.0401,,"报告期末基金份额总额 500,000,000.00 份；本期可供分配金额 20,037,442.95 元；单位可供分配金额 0.0401 元/份"
SSE_508098_20240718_BZA6,508098,2024-07-18,2024-06-30,quarterly_report,False,嘉实京东仓储物流封闭式基础设施证券投资基金2024年第2季度报告,https://www.sse.com.cn/disclosure/fund/announcement/c/new/2024-07-18/508098_20240718_BZA6.pdf,2026-09-05T13:15:30.025423+00:00,0a6393775a6f0ae66cfcdae75be08b2d7b7b6726918fcd5009bb9668cfbc3a66,529873.0,success,,500000000.0,20143173.84,0.0403,,"报告期末基金份额总额 500,000,000.00 份；本期可供分配金额 20,143,173.84 元；单位可供分配金额 0.0403 元/份"
SSE_508098_20240830_JFMR,508098,2024-08-30,2024-06-30,semiannual_report,False,嘉实京东仓储物流封闭式基础设施证券投资基金2024年中期报告,https://www.sse.com.cn/disclosure/fund/announcement/c/new/2024-08-30/508098_20240830_JFMR.pdf,2026-09-05T13:15:30.241966+00:00,7dc2b2b697252668f6108571bfa637f450ab1074fdbaecd7b23abf8ca52f5b3a,2206840.0,success,,500000000.0,40180616.79,0.0804,3.2853,"报告期末基金份额总额 500,000,000.00 份；本期可供分配金额 40,180,616.79 元；单位可供分配金额 0.0804 元/份"
SSE_508098_20241025_5T9D,508098,2024-10-25,2024-09-30,quarterly_report,False,嘉实京东仓储物流封闭式基础设施证券投资基金2024年第3季度报告,https://www.sse.com.cn/disclosure/fund/announcement/c/new/2024-10-25/508098_20241025_5T9D.pdf,2026-09-05T13:15:30.251522+00:00,5fee7546a39533d3478b5f1da979c82331ffe999e4ecdcd11d0ac7eb768f3f4a,504650.0,success,,500000000.0,23871606.89,0.0477,,"报告期末基金份额总额 500,000,000.00 份；本期可供分配金额 23,871,606.89 元；单位可供分配金额 0.0477 元/份"
SSE_508098_20250122_R6NV,508098,2025-01-22,2024-12-31,quarterly_report,False,嘉实京东仓储物流封闭式基础设施证券投资基金2024年第4季度报告,https://www.sse.com.cn/disclosure/fund/announcement/c/new/2025-01-22/508098_20250122_R6NV.pdf,2026-09-05T13:15:30.295063+00:00,42f23515a38e742a5598dfde1c5711eeb57066b7906c1f1129b1930d472ca693,695658.0,success,,500000000.0,14975542.67,0.03,,"报告期末基金份额总额 500,000,000.00 份；本期可供分配金额 14,975,542.67 元；单位可供分配金额 0.0300 元/份"
SSE_508098_20250422_YMX6,508098,2025-04-22,2025-03-31,quarterly_report,False,嘉实京东仓储物流封闭式基础设施证券投资基金2025年第1季度报告,https://www.sse.com.cn/disclosure/fund/announcement/c/new/2025-04-22/508098_20250422_YMX6.pdf,2026-09-05T13:15:30.297820+00:00,70a3276cb822e3eaaaefc85e1819742e7e0f7721ae08bce0dae9bfe9cae06a9b,755385.0,success,,500000000.0,17144473.08,0.0343,,"报告期末基金份额总额 500,000,000.00 份；本期可供分配金额 17,144,473.08 元；单位可供分配金额 0.0343 元/份"
SSE_508098_20250721_WAEP,508098,2025-07-21,2025-06-30,quarterly_report,False,嘉实京东仓储物流封闭式基础设施证券投资基金2025年第2季度报告,https://www.sse.com.cn/disclosure/fund/announcement/c/new/2025-07-21/508098_20250721_WAEP.pdf,2026-09-05T13:15:30.320016+00:00,085973b171e1be3c138ebc9cf1d60aac57afc46b4a4cd85488f06cc995887e23,764916.0,success,,500000000.0,20035168.43,0.0401,,"报告期末基金份额总额 500,000,000.00 份；本期可供分配金额 20,035,168.43 元；单位可供分配金额 0.0401 元/份"
SSE_508098_20250829_I1C8,508098,2025-08-29,2025-06-30,semiannual_report,False,嘉实京东仓储物流封闭式基础设施证券投资基金2025年中期报告,https://www.sse.com.cn/disclosure/fund/announcement/c/new/2025-08-29/508098_20250829_I1C8.pdf,2026-09-05T13:15:30.557368+00:00,ed71af64de3e0ac8a7a9738bd036846dca3137ca95ddeb435115f3a33eeb9fce,2549295.0,success,,500000000.0,37179641.51,0.0744,3.2248,"报告期末基金份额总额 500,000,000.00 份；本期可供分配金额 37,179,641.51 元；单位可供分配金额 0.0744 元/份"
SSE_508098_20251028_S8I3,508098,2025-10-28,2025-09-30,quarterly_report,False,嘉实京东仓储物流封闭式基础设施证券投资基金2025年第3季度报告,https://www.sse.com.cn/disclosure/fund/announcement/c/new/2025-10-28/508098_20251028_S8I3.pdf,2026-09-05T13:15:30.588201+00:00,75e7e74faede5242f16e8b3ae593bd5239b95d969b84ef8bf44a9fcbe9493f1a,766291.0,success,,500000000.0,20020697.3,0.04,,"报告期末基金份额总额 500,000,000.00 份；本期可供分配金额 20,020,697.30 元；单位可供分配金额 0.0400 元/份"
SSE_508098_20260122_5RVK,508098,2026-01-22,2025-12-31,quarterly_report,False,嘉实京东仓储物流封闭式基础设施证券投资基金2025年第4季度报告,https://www.sse.com.cn/disclosure/fund/announcement/c/new/2026-01-22/508098_20260122_5RVK.pdf,2026-09-05T13:15:30.654785+00:00,e6e6e22ee02b1908b14c1b8aeee38355aa36d29cb08135745245f39bccd66de8,788421.0,success,,500000000.0,14349180.64,0.0287,,"报告期末基金份额总额 500,000,000.00 份；本期可供分配金额 14,349,180.64 元；单位可供分配金额 0.0287 元/份"
SSE_508098_20260422_J42F,508098,2026-04-22,2026-03-31,quarterly_report,False,嘉实京东仓储物流封闭式基础设施证券投资基金2026年第1季度报告,https://www.sse.com.cn/disclosure/fund/announcement/c/new/2026-04-22/508098_20260422_J42F.pdf,2026-09-05T13:15:30.738964+00:00,ccf0b767264c6c2217d53d6e35bbace4d80a9dc8c997be7cefaaebb178d01b79,777198.0,success,,500000000.0,18007618.02,0.036,,"报告期末基金份额总额 500,000,000.00 份；本期可供分配金额 18,007,618.02 元；单位可供分配金额 0.0360 元/份"
SSE_508098_20260721_2EIN,508098,2026-07-21,2026-06-30,quarterly_report,False,嘉实京东仓储物流封闭式基础设施证券投资基金2026年第2季度报告,https://www.sse.com.cn/disclosure/fund/announcement/c/new/2026-07-21/508098_20260721_2EIN.pdf,2026-09-05T13:15:30.754903+00:00,8f87b3ed0954867d49ac87d59c9706670d621a10c3f9aa2f7aade33db55d3e83,785354.0,success,,500000000.0,18184410.25,0.0364,,"报告期末基金份额总额 500,000,000.00 份；本期可供分配金额 18,184,410.25 元；单位可供分配金额 0.0364 元/份"
SSE_508099_20220421_1_7yJf07ma,508099,2022-04-21,2022-03-31,quarterly_report,False,建信中关村产业园封闭式基础设施证券投资基金2022年度第1季度报告,https://www.sse.com.cn/disclosure/fund/announcement/c/new/2022-04-21/508099_20220421_1_7yJf07ma.pdf,2026-09-05T13:15:30.943001+00:00,10ef750d200484b424fbb910189057890a78eec7b940ebc624e00b0b7b910589,286976.0,success,,900000000.0,38646695.09,0.0429,,"报告期末基金份额总额 900,000,000.00 份；本期可供分配金额 38,646,695.09 元；单位可供分配金额 0.0429 元/份"
SSE_508099_20220720_1_88uk5Yh8,508099,2022-07-20,2022-06-30,quarterly_report,False,建信中关村产业园封闭式基础设施证券投资基金2022年度第2季度报告,https://www.sse.com.cn/disclosure/fund/announcement/c/new/2022-07-20/508099_20220720_1_88uk5Yh8.pdf,2026-09-05T13:15:30.965267+00:00,756dd5ed716acf6d9719f749e25ebf298e640bddb014626a36c578f829c8fb92,397359.0,success,,900000000.0,39285423.45,0.0437,,"报告期末基金份额总额 900,000,000.00 份；本期可供分配金额 39,285,423.45 元；单位可供分配金额 0.0437 元/份"
SSE_508099_20220830_1_hprGWNAq,508099,2022-08-30,2022-06-30,semiannual_report,False,建信中关村产业园封闭式基础设施证券投资基金2022年度中期报告,https://www.sse.com.cn/disclosure/fund/announcement/c/new/2022-08-30/508099_20220830_1_hprGWNAq.pdf,2026-09-05T13:15:31.106968+00:00,249ea47928d0f50298a3291151d5fe2db18f7a663918de4c8b3ae6c7de9d614f,769044.0,success,,900000000.0,77932118.54,0.0866,3.2101,"报告期末基金份额总额 900,000,000.00 份；本期可供分配金额 77,932,118.54 元；单位可供分配金额 0.0866 元/份"
SSE_508099_20221025_1_C4SRmU9b,508099,2022-10-25,2022-09-30,quarterly_report,False,建信中关村产业园封闭式基础设施证券投资基金2022年度第3季度报告,https://www.sse.com.cn/disclosure/fund/announcement/c/new/2022-10-25/508099_20221025_1_C4SRmU9b.pdf,2026-09-05T13:15:31.190716+00:00,17b53da8cf729d5072694be5514e349e5c765612247db994e0821a2606a362bc,197548.0,success,,900000000.0,23501354.19,0.0261,,"报告期末基金份额总额 900,000,000.00 份；本期可供分配金额 23,501,354.19 元；单位可供分配金额 0.0261 元/份"
SSE_508099_20230120_UPGM,508099,2023-01-20,2022-12-31,quarterly_report,False,建信中关村产业园封闭式基础设施证券投资基金2022年度第4季度报告,https://www.sse.com.cn/disclosure/fund/announcement/c/new/2023-01-20/508099_20230120_UPGM.pdf,2026-09-05T13:15:31.217176+00:00,c360dbc81240236c110bc53b51fdd47e65067d8bbca55d04966aefee829fc9b5,311584.0,success,,900000000.0,23701474.12,0.0263,,"报告期末基金份额总额 900,000,000.00 份；本期可供分配金额 23,701,474.12 元；单位可供分配金额 0.0263 元/份"
SSE_508099_20230421_JEC2,508099,2023-04-21,2023-03-31,quarterly_report,False,建信中关村产业园封闭式基础设施证券投资基金2023年度第1季度报告,https://www.sse.com.cn/disclosure/fund/announcement/c/new/2023-04-21/508099_20230421_JEC2.pdf,2026-09-05T13:15:31.238516+00:00,b5313f644b0e95e2d63a0fa0bbc86402233deb95492eafba4563fb94674ac31a,196327.0,success,,900000000.0,23612238.53,0.0262,,"报告期末基金份额总额 900,000,000.00 份；本期可供分配金额 23,612,238.53 元；单位可供分配金额 0.0262 元/份"
SSE_508099_20230720_XDZY,508099,2023-07-20,2023-06-30,quarterly_report,False,建信中关村产业园封闭式基础设施证券投资基金2023年度第2季度报告,https://www.sse.com.cn/disclosure/fund/announcement/c/new/2023-07-20/508099_20230720_XDZY.pdf,2026-09-05T13:15:31.316556+00:00,31533ea42ec57d2a4b1f656a2613f98d6f638ddc2e8122e5f80787a14e7d4beb,364230.0,success,,900000000.0,21159373.91,0.0235,,"报告期末基金份额总额 900,000,000.00 份；本期可供分配金额 21,159,373.91 元；单位可供分配金额 0.0235 元/份"
SSE_508099_20230830_TSJ2,508099,2023-08-30,2023-06-30,semiannual_report,False,建信中关村产业园封闭式基础设施证券投资基金2023年度中期报告,https://www.sse.com.cn/disclosure/fund/announcement/c/new/2023-08-30/508099_20230830_TSJ2.pdf,2026-09-05T13:15:31.332278+00:00,24f95fd65dd3193b1760f5ae66227c88a8845f349ea2d35bf0f9d26ea2ab266f,2050050.0,success,,900000000.0,44771612.44,0.0497,3.1325,"报告期末基金份额总额 900,000,000.00 份；本期可供分配金额 44,771,612.44 元；单位可供分配金额 0.0497 元/份"
SSE_508099_20231024_Q1TT,508099,2023-10-24,2023-09-30,quarterly_report,False,建信中关村产业园封闭式基础设施证券投资基金2023年度第3季度报告,https://www.sse.com.cn/disclosure/fund/announcement/c/new/2023-10-24/508099_20231024_Q1TT.pdf,2026-09-05T13:15:31.426995+00:00,b5746cfb311071d20ee242dc7ed5c9d0880d02545404b110a36b2323b4944d04,209856.0,success,,900000000.0,18550496.79,0.0206,,"报告期末基金份额总额 900,000,000.00 份；本期可供分配金额 18,550,496.79 元；单位可供分配金额 0.0206 元/份"
SSE_508099_20240122_5J9L,508099,2024-01-22,2023-12-31,quarterly_report,False,建信中关村产业园封闭式基础设施证券投资基金2023年度第4季度报告,https://www.sse.com.cn/disclosure/fund/announcement/c/new/2024-01-22/508099_20240122_5J9L.pdf,2026-09-05T13:15:31.446511+00:00,0ee95e921b87817f73b6b4df3f5a46858c8c6f8381181f3eb7f704d7a18fcd50,209481.0,success,,900000000.0,17793874.64,0.0198,,"报告期末基金份额总额 900,000,000.00 份；本期可供分配金额 17,793,874.64 元；单位可供分配金额 0.0198 元/份"
SSE_508099_20240420_EEUI,508099,2024-04-20,2024-03-31,quarterly_report,False,建信中关村产业园封闭式基础设施证券投资基金2024年度第1季度报告,https://www.sse.com.cn/disclosure/fund/announcement/c/new/2024-04-20/508099_20240420_EEUI.pdf,2026-09-05T13:15:31.587744+00:00,2bb9c96679bb4136e5345429768f09867ed58f1efd1ddfb1e1baf91727d0fc84,361648.0,success,,900000000.0,10641595.86,0.0118,,"报告期末基金份额总额 900,000,000.00 份；本期可供分配金额 10,641,595.86 元；单位可供分配金额 0.0118 元/份"
SSE_508099_20240719_8W4O,508099,2024-07-19,2024-06-30,quarterly_report,False,建信中关村产业园封闭式基础设施证券投资基金2024年度第2季度报告,https://www.sse.com.cn/disclosure/fund/announcement/c/new/2024-07-19/508099_20240719_8W4O.pdf,2026-09-05T13:15:31.614985+00:00,f0e5dda6465837407ff24be18abbc6ad1b032d16b538c136775fc2e9e821721e,362192.0,success,,900000000.0,13479564.99,0.015,,"报告期末基金份额总额 900,000,000.00 份；本期可供分配金额 13,479,564.99 元；单位可供分配金额 0.0150 元/份"
SSE_508099_20240829_LABX,508099,2024-08-29,2024-06-30,semiannual_report,False,建信中关村产业园封闭式基础设施证券投资基金2024年度中期报告,https://www.sse.com.cn/disclosure/fund/announcement/c/new/2024-08-29/508099_20240829_LABX.pdf,2026-09-05T13:15:31.615096+00:00,929564fb21583859d328ad001a4e527f8dcfa51abd210d508e50f9557c7076f9,2257172.0,success,,900000000.0,23654064.38,0.0263,2.5967,"报告期末基金份额总额 900,000,000.00 份；本期可供分配金额 23,654,064.38 元；单位可供分配金额 0.0263 元/份"
SSE_508099_20241025_SXVJ,508099,2024-10-25,2024-09-30,quarterly_report,False,建信中关村产业园封闭式基础设施证券投资基金2024年度第3季度报告,https://www.sse.com.cn/disclosure/fund/announcement/c/new/2024-10-25/508099_20241025_SXVJ.pdf,2026-09-05T13:15:31.632468+00:00,6c181c324baee30e7b1cb0ff1025e52622efc80644889b44cff7251e3ebca544,538324.0,success,,900000000.0,11228474.33,0.0125,,"报告期末基金份额总额 900,000,000.00 份；本期可供分配金额 11,228,474.33 元；单位可供分配金额 0.0125 元/份"
SSE_508099_20250422_MNG2,508099,2025-04-22,2025-03-31,quarterly_report,False,建信中关村产业园封闭式基础设施证券投资基金2025年度第1季度报告,https://www.sse.com.cn/disclosure/fund/announcement/c/new/2025-04-22/508099_20250422_MNG2.pdf,2026-09-05T13:15:31.851534+00:00,6e83195e1ea14e8d6c739a9cdc5d0fed0b02ac103e472d18d3fe2994c5046650,651211.0,success,,900000000.0,7388457.82,0.0082,,"报告期末基金份额总额 900,000,000.00 份；本期可供分配金额 7,388,457.82 元；单位可供分配金额 0.0082 元/份"
SSE_508099_20250721_KTOK,508099,2025-07-21,2025-06-30,quarterly_report,False,建信中关村产业园封闭式基础设施证券投资基金2025年度第2季度报告,https://www.sse.com.cn/disclosure/fund/announcement/c/new/2025-07-21/508099_20250721_KTOK.pdf,2026-09-05T13:15:31.856031+00:00,2927419f1940c2aa849bc4eca4bc3326d7f4cc7c14c3316661b45c26ba87cb7e,391205.0,success,,900000000.0,8716573.66,0.0097,,"报告期末基金份额总额 900,000,000.00 份；本期可供分配金额 8,716,573.66 元；单位可供分配金额 0.0097 元/份"
SSE_508099_20250830_M6BA,508099,2025-08-30,2025-06-30,semiannual_report,False,建信中关村产业园封闭式基础设施证券投资基金2025年度中期报告,https://www.sse.com.cn/disclosure/fund/announcement/c/new/2025-08-30/508099_20250830_M6BA.pdf,2026-09-05T13:15:31.909073+00:00,5ef95da8cb4a93cd5cd6b15c72ea821300aad7da3fa550cc480d52dd90a8f15a,2463424.0,success,,900000000.0,16105031.48,0.0179,2.1752,"报告期末基金份额总额 900,000,000.00 份；本期可供分配金额 16,105,031.48 元；单位可供分配金额 0.0179 元/份"
SSE_508099_20251028_B99U,508099,2025-10-28,2025-09-30,quarterly_report,False,建信中关村产业园封闭式基础设施证券投资基金2025年度第3季度报告,https://www.sse.com.cn/disclosure/fund/announcement/c/new/2025-10-28/508099_20251028_B99U.pdf,2026-09-05T13:15:31.962124+00:00,eac9feda1ab9d36967f912cf11923bc6879ad54ad3ce900e1ebd9dc7b12b767c,682958.0,success,,900000000.0,10371493.65,0.0115,,"报告期末基金份额总额 900,000,000.00 份；本期可供分配金额 10,371,493.65 元；单位可供分配金额 0.0115 元/份"
SSE_508099_20260121_5JNJ,508099,2026-01-21,2025-12-31,quarterly_report,False,建信中关村产业园封闭式基础设施证券投资基金2025年度第4季度报告,https://www.sse.com.cn/disclosure/fund/announcement/c/new/2026-01-21/508099_20260121_5JNJ.pdf,2026-09-05T13:15:32.168808+00:00,ea39d449dd595e8f2376bfc3aac9b1b5cc57f10882c57703ca066dc189686b84,645348.0,success,,900000000.0,11364727.93,0.0126,,"报告期末基金份额总额 900,000,000.00 份；本期可供分配金额 11,364,727.93 元；单位可供分配金额 0.0126 元/份"
SSE_508099_20260422_67AT,508099,2026-04-22,2026-03-31,quarterly_report,False,建信中关村产业园封闭式基础设施证券投资基金2026年度第1季度报告,https://www.sse.com.cn/disclosure/fund/announcement/c/new/2026-04-22/508099_20260422_67AT.pdf,2026-09-05T13:15:32.304696+00:00,07decdb010b3ff235bac730d7b833da004cd2f76eea90a618a1e2f049db357bb,712336.0,success,,900000000.0,12111171.19,0.0135,,"报告期末基金份额总额 900,000,000.00 份；本期可供分配金额 12,111,171.19 元；单位可供分配金额 0.0135 元/份"
SSE_508099_20260721_R4QU,508099,2026-07-21,2026-06-30,quarterly_report,False,建信中关村产业园封闭式基础设施证券投资基金2026年度第2季度报告,https://www.sse.com.cn/disclosure/fund/announcement/c/new/2026-07-21/508099_20260721_R4QU.pdf,2026-09-05T13:15:32.312849+00:00,065a6d5219ead4b64081a019c963f3299f92c48ff34d8570478175cc47b0c681,667507.0,success,,900000000.0,9208760.31,0.0102,,"报告期末基金份额总额 900,000,000.00 份；本期可供分配金额 9,208,760.31 元；单位可供分配金额 0.0102 元/份"
SZSE_1221111389,180101,2024-09-03,2024-06-30,semiannual_report,False,博时蛇口产园REIT：关于《博时招商蛇口产业园封闭式基础设施证券投资基金2024年中期报告》的补充说明,https://disc.static.szse.cn/disc/disk03/finalpage/2024-09-02/3e891b0e-ec9f-4aff-88df-0a922160014f.PDF,2026-09-05T13:20:33.265474+00:00,,,failed,403 Client Error: Forbidden for url: https://disc.static.szse.cn/disc/disk03/finalpage/2024-09-02/3e891b0e-ec9f-4aff-88df-0a922160014f.PDF,,,,,
SZSE_1217708796,180501,2023-08-31,2023-06-30,semiannual_report,False,红土创新深圳安居REIT：红土创新深圳人才安居保障性租赁住房封闭式基础设施证券投资基金2023年中期报告,https://disc.static.szse.cn/disc/disk03/finalpage/2023-08-30/f40e3b04-2dcc-49df-bb00-b8f9e228cf6c.PDF,2026-09-05T13:20:33.265621+00:00,,,failed,403 Client Error: Forbidden for url: https://disc.static.szse.cn/disc/disk03/finalpage/2023-08-30/f40e3b04-2dcc-49df-bb00-b8f9e228cf6c.PDF,,,,,
SZSE_1224608190,180602,2025-08-29,2025-06-30,semiannual_report,False,中金印力消费REIT：中金印力消费基础设施封闭式基础设施证券投资基金2025年中期报告,https://disc.static.szse.cn/disc/disk03/finalpage/2025-08-29/54c52729-4b93-47f8-9028-971d8bf14360.PDF,2026-09-05T13:20:33.265755+00:00,,,failed,403 Client Error: Forbidden for url: https://disc.static.szse.cn/disc/disk03/finalpage/2025-08-29/54c52729-4b93-47f8-9028-971d8bf14360.PDF,,,,,
SSE_508001_20211027_1_o2JpSRan,508001,2021-10-27,2021-09-30,quarterly_report,False,浙商证券沪杭甬杭徽高速封闭式基础设施证券投资基金2021年第三季度报告,https://www.sse.com.cn/disclosure/fund/announcement/c/new/2021-10-27/508001_20211027_1_o2JpSRan.pdf,2026-09-05T13:20:33.265900+00:00,898c0fffcf77d3a48edd8eda5776c17cbc6104a2bb523d201a199e56309f7d45,234410.0,success,,500000000.0,148031591.32,0.3,,"报告期末基金份额总额 500,000,000.00 份；本期可供分配金额 148,031,591.32 元；单位可供分配金额 0.30 元/份"
SSE_508001_20220124_2_jXvs6ZSd,508001,2022-01-24,2021-12-31,quarterly_report,False,浙商证券沪杭甬杭徽高速封闭式基础设施证券投资基金2021年第四季度报告,https://www.sse.com.cn/disclosure/fund/announcement/c/new/2022-01-24/508001_20220124_2_jXvs6ZSd.pdf,2026-09-05T13:20:33.359706+00:00,0d65fbe5a0c0fb1419dcc6dc308dc59bb59c0f0f5a9533575c582fc27bff8263,688213.0,success,,500000000.0,44092573.29,0.0882,,"报告期末基金份额总额 500,000,000.00 份；本期可供分配金额 44,092,573.29 元；单位可供分配金额 0.0882 元/份"
SSE_508006_20211027_1_lnEO1D4B,508006,2021-10-27,2021-09-30,quarterly_report,False,富国首创水务封闭式基础设施证券投资基金二0二一年第3季度报告,https://www.sse.com.cn/disclosure/fund/announcement/c/new/2021-10-27/508006_20211027_1_lnEO1D4B.pdf,2026-09-05T13:20:33.360034+00:00,3b3a35a9f7eaa3d72b74a8a842ff02d34d08bdd7982587d8a516ecc03828ce0d,326564.0,success,,500000000.0,39150627.69,0.0783,,"报告期末基金份额总额 500,000,000.00 份；本期可供分配金额 39,150,627.69 元；单位可供分配金额 0.0783 元/份"
SSE_508006_20220124_2_K4NLAzx1,508006,2022-01-24,2021-12-31,quarterly_report,False,富国首创水务封闭式基础设施证券投资基金二0二一年第4季度报告,https://www.sse.com.cn/disclosure/fund/announcement/c/new/2022-01-24/508006_20220124_2_K4NLAzx1.pdf,2026-09-05T13:20:33.365100+00:00,76b024c1d6962d6cf6985b347d60a844c79918282c9670bfeab0e302bf22d1cf,489990.0,success,,500000000.0,26866037.21,0.0537,,"报告期末基金份额总额 500,000,000.00 份；本期可供分配金额 26,866,037.21 元；单位可供分配金额 0.0537 元/份"
SSE_508006_20220422_1_HglDxaPw,508006,2022-04-22,2022-03-31,quarterly_report,False,富国首创水务封闭式基础设施证券投资基金二0二二年第1季度报告,https://www.sse.com.cn/disclosure/fund/announcement/c/new/2022-04-22/508006_20220422_1_HglDxaPw.pdf,2026-09-05T13:20:33.544310+00:00,904aae23c0a3adabfc7e26ce90adc73b595f4ebaa8fe00fe623d17f5b54363f1,298157.0,success,,500000000.0,36276626.45,0.0726,,"报告期末基金份额总额 500,000,000.00 份；本期可供分配金额 36,276,626.45 元；单位可供分配金额 0.0726 元/份"
SSE_508006_20220721_1_IMuWv5Y2,508006,2022-07-21,2022-06-30,quarterly_report,False,富国首创水务封闭式基础设施证券投资基金二0二二年第2季度报告,https://www.sse.com.cn/disclosure/fund/announcement/c/new/2022-07-21/508006_20220721_1_IMuWv5Y2.pdf,2026-09-05T13:20:33.597108+00:00,0bd119bba0194fda27a01480b0cdf579b130a78adf8b43c83434a20cc4ffdd28,299686.0,success,,500000000.0,37914265.63,0.0758,,"报告期末基金份额总额 500,000,000.00 份；本期可供分配金额 37,914,265.63 元；单位可供分配金额 0.0758 元/份"
SSE_508006_20221026_1_U2745whM,508006,2022-10-26,2022-09-30,quarterly_report,False,富国首创水务封闭式基础设施证券投资基金二0二二年第3季度报告,https://www.sse.com.cn/disclosure/fund/announcement/c/new/2022-10-26/508006_20221026_1_U2745whM.pdf,2026-09-05T13:20:33.607948+00:00,d9053cea241df9c354ad0695bb102dc09e1c326bc952cac8da83663926fbade2,405512.0,success,,500000000.0,48904284.03,0.0978,,"报告期末基金份额总额 500,000,000.00 份；本期可供分配金额 48,904,284.03 元；单位可供分配金额 0.0978 元/份"
SSE_508006_20230120_NXXP,508006,2023-01-20,2022-12-31,quarterly_report,False,富国首创水务封闭式基础设施证券投资基金二0二二年第4季度报告,https://www.sse.com.cn/disclosure/fund/announcement/c/new/2023-01-20/508006_20230120_NXXP.pdf,2026-09-05T13:20:33.746030+00:00,1311bf5fb0ebaa87e182b70da8dab5e3f7aa24cbed14fe61ed6ade22338467c1,500079.0,success,,500000000.0,45010658.11,0.09,,"报告期末基金份额总额 500,000,000.00 份；本期可供分配金额 45,010,658.11 元；单位可供分配金额 0.0900 元/份"
SSE_508006_20230421_6P2E,508006,2023-04-21,2023-03-31,quarterly_report,False,富国首创水务封闭式基础设施证券投资基金二0二三年第1季度报告,https://www.sse.com.cn/disclosure/fund/announcement/c/new/2023-04-21/508006_20230421_6P2E.pdf,2026-09-05T13:20:33.805996+00:00,a52e20b537b2b6c5db47e05bb81c33edeb8821babbb980476ddfe8eac32220ca,497431.0,success,,500000000.0,33213290.01,0.0664,,"报告期末基金份额总额 500,000,000.00 份；本期可供分配金额 33,213,290.01 元；单位可供分配金额 0.0664 元/份"
SSE_508006_20230721_XPLG,508006,2023-07-21,2023-06-30,quarterly_report,False,富国首创水务封闭式基础设施证券投资基金二0二三年第2季度报告,https://www.sse.com.cn/disclosure/fund/announcement/c/new/2023-07-21/508006_20230721_XPLG.pdf,2026-09-05T13:20:33.812210+00:00,5d2dbde89c4acba9a2ed575ad6b48ed896e2af2e4755c3fe1cff8b4215e5300c,509596.0,success,,500000000.0,29385684.25,0.0588,,"报告期末基金份额总额 500,000,000.00 份；本期可供分配金额 29,385,684.25 元；单位可供分配金额 0.0588 元/份"
SSE_508006_20231025_3Y30,508006,2023-10-25,2023-09-30,quarterly_report,False,富国首创水务封闭式基础设施证券投资基金二0二三年第3季度报告,https://www.sse.com.cn/disclosure/fund/announcement/c/new/2023-10-25/508006_20231025_3Y30.pdf,2026-09-05T13:20:33.838458+00:00,99c04867e2797b4415090f5cec13ace7b8c0f4233d4c9367baf3441d54ea1d20,498852.0,success,,500000000.0,53220744.2,0.1064,,"报告期末基金份额总额 500,000,000.00 份；本期可供分配金额 53,220,744.20 元；单位可供分配金额 0.1064 元/份"
SSE_508006_20240122_0RBU,508006,2024-01-22,2023-12-31,quarterly_report,False,富国首创水务封闭式基础设施证券投资基金二0二三年第4季度报告,https://www.sse.com.cn/disclosure/fund/announcement/c/new/2024-01-22/508006_20240122_0RBU.pdf,2026-09-05T13:20:33.981530+00:00,26bcbb27dd5639af409fd8764f3236e8982b036b33708371d0f09d26c8760ae9,502806.0,success,,500000000.0,22524593.38,0.045,,"报告期末基金份额总额 500,000,000.00 份；本期可供分配金额 22,524,593.38 元；单位可供分配金额 0.0450 元/份"
SSE_508006_20240422_JE1W,508006,2024-04-22,2024-03-31,quarterly_report,False,富国首创水务封闭式基础设施证券投资基金二0二四年第1季度报告,https://www.sse.com.cn/disclosure/fund/announcement/c/new/2024-04-22/508006_20240422_JE1W.pdf,2026-09-05T13:20:34.055957+00:00,bc90a148b8318a8dc6f58f7051d249c15244e59ed08b15b926582e1bb0f7c290,489270.0,success,,500000000.0,41694409.08,0.0834,,"报告期末基金份额总额 500,000,000.00 份；本期可供分配金额 41,694,409.08 元；单位可供分配金额 0.0834 元/份"
SSE_508006_20240719_43EY,508006,2024-07-19,2024-06-30,quarterly_report,False,富国首创水务封闭式基础设施证券投资基金二0二四年第2季度报告,https://www.sse.com.cn/disclosure/fund/announcement/c/new/2024-07-19/508006_20240719_43EY.pdf,2026-09-05T13:20:34.056085+00:00,909d9c6299ab6b69de34e183dbc2bc71c86b2e746f625fec0f5735602ab81564,504085.0,success,,500000000.0,28202755.83,0.0564,,"报告期末基金份额总额 500,000,000.00 份；本期可供分配金额 28,202,755.83 元；单位可供分配金额 0.0564 元/份"
SSE_508006_20241025_QUY4,508006,2024-10-25,2024-09-30,quarterly_report,False,富国首创水务封闭式基础设施证券投资基金二0二四年第3季度报告,https://www.sse.com.cn/disclosure/fund/announcement/c/new/2024-10-25/508006_20241025_QUY4.pdf,2026-09-05T13:20:34.218608+00:00,804ce7845f15d103dd398e3aa2ef7740ce4f4d9a9820f22e0d5059b7c91b88a1,503309.0,success,,500000000.0,37811515.83,0.0756,,"报告期末基金份额总额 500,000,000.00 份；本期可供分配金额 37,811,515.83 元；单位可供分配金额 0.0756 元/份"
SSE_508006_20250122_PAAI,508006,2025-01-22,2024-12-31,quarterly_report,False,富国首创水务封闭式基础设施证券投资基金二0二四年第4季度报告,https://www.sse.com.cn/disclosure/fund/announcement/c/new/2025-01-22/508006_20250122_PAAI.pdf,2026-09-05T13:20:34.249620+00:00,4dbbe6e07a60db3b4a34d2a63337353499064e6d1cb7a608c0261a4a7a5211d7,536618.0,success,,500000000.0,20808533.52,0.0416,,"报告期末基金份额总额 500,000,000.00 份；本期可供分配金额 20,808,533.52 元；单位可供分配金额 0.0416 元/份"
SSE_508006_20250422_R3N1,508006,2025-04-22,2025-03-31,quarterly_report,False,富国首创水务封闭式基础设施证券投资基金二0二五年第1季度报告,https://www.sse.com.cn/disclosure/fund/announcement/c/new/2025-04-22/508006_20250422_R3N1.pdf,2026-09-05T13:20:34.300178+00:00,edfb15c536e92fc4762d71848acfc0cf7b56ce9729a3c5d673b385dd92d5f476,304967.0,success,,500000000.0,35634708.52,0.0713,,"报告期末基金份额总额 500,000,000.00 份；本期可供分配金额 35,634,708.52 元；单位可供分配金额 0.0713 元/份"
SSE_508006_20250721_9BVM,508006,2025-07-21,2025-06-30,quarterly_report,False,富国首创水务封闭式基础设施证券投资基金二0二五年第2季度报告,https://www.sse.com.cn/disclosure/fund/announcement/c/new/2025-07-21/508006_20250721_9BVM.pdf,2026-09-05T13:20:34.334900+00:00,d67a42c6ed952189bf02a92d92e9020e89a6450792d7d5bd8d7f35102e260c60,276680.0,success,,500000000.0,46189781.56,0.0924,,"报告期末基金份额总额 500,000,000.00 份；本期可供分配金额 46,189,781.56 元；单位可供分配金额 0.0924 元/份"
SSE_508006_20251028_8JWY,508006,2025-10-28,2025-09-30,quarterly_report,False,富国首创水务封闭式基础设施证券投资基金二0二五年第3季度报告,https://www.sse.com.cn/disclosure/fund/announcement/c/new/2025-10-28/508006_20251028_8JWY.pdf,2026-09-05T13:20:34.514841+00:00,65600198f67a8824c7c2f9dbec588f9960fb3e6bc17bc969da9f208cc0349d23,277691.0,success,,500000000.0,49199351.92,0.0984,,"报告期末基金份额总额 500,000,000.00 份；本期可供分配金额 49,199,351.92 元；单位可供分配金额 0.0984 元/份"
SSE_508006_20260122_6V6D,508006,2026-01-22,2025-12-31,quarterly_report,False,富国首创水务封闭式基础设施证券投资基金二0二五年第4季度报告,https://www.sse.com.cn/disclosure/fund/announcement/c/new/2026-01-22/508006_20260122_6V6D.pdf,2026-09-05T13:20:34.519566+00:00,bd2752e119364cf1eede9f32d275fc53e4caacb98ff8b99c0bb7fc57b633b0c7,516638.0,success,,500000000.0,32676954.21,0.0654,,"报告期末基金份额总额 500,000,000.00 份；本期可供分配金额 32,676,954.21 元；单位可供分配金额 0.0654 元/份"
SSE_508006_20260422_2NG4,508006,2026-04-22,2026-03-31,quarterly_report,False,富国首创水务封闭式基础设施证券投资基金二0二六年第1季度报告,https://www.sse.com.cn/disclosure/fund/announcement/c/new/2026-04-22/508006_20260422_2NG4.pdf,2026-09-05T13:20:34.548674+00:00,96509b4f15ef11b856a23e7f3bf9e6a7595eb680414f56f527ba2b6fd2ae6756,275808.0,success,,500000000.0,48725425.0,0.0975,,"报告期末基金份额总额 500,000,000.00 份；本期可供分配金额 48,725,425.00 元；单位可供分配金额 0.0975 元/份"
SSE_508006_20260721_1ULD,508006,2026-07-21,2026-06-30,quarterly_report,False,富国首创水务封闭式基础设施证券投资基金二0二六年第2季度报告,https://www.sse.com.cn/disclosure/fund/announcement/c/new/2026-07-21/508006_20260721_1ULD.pdf,2026-09-05T13:20:34.643415+00:00,0c4fdf96adf784e06940e72ca7d839b1f2d02b36c58a83b3903cb6759b29d724,566192.0,success,,500000000.0,55277306.09,0.1106,,"报告期末基金份额总额 500,000,000.00 份；本期可供分配金额 55,277,306.09 元；单位可供分配金额 0.1106 元/份"
SSE_508090_20251028_W337,508090,2025-10-28,2025-09-30,quarterly_report,False,中银中外运仓储物流封闭式基础设施证券投资基金2025年第3季度报告,https://www.sse.com.cn/disclosure/fund/announcement/c/new/2025-10-28/508090_20251028_W337.pdf,2026-09-05T13:20:34.735611+00:00,98c7fae4b26946711980358b7d384ad281e9a94f4de7193f42af25cad32c7276,667132.0,success,,400000000.0,15830830.88,0.0396,,"报告期末基金份额总额 400,000,000.00 份；本期可供分配金额 15,830,830.88 元；单位可供分配金额 0.0396 元/份"
SSE_508090_20260122_X9DE,508090,2026-01-22,2025-12-31,quarterly_report,False,中银中外运仓储物流封闭式基础设施证券投资基金2025年第4季度报告,https://www.sse.com.cn/disclosure/fund/announcement/c/new/2026-01-22/508090_20260122_X9DE.pdf,2026-09-05T13:20:34.751182+00:00,bf5e0413590f50c1e8a56586ee259630a14c58ba46d9ca4e158c3e607c10f3d0,664225.0,success,,400000000.0,15833410.73,0.0396,,"报告期末基金份额总额 400,000,000.00 份；本期可供分配金额 15,833,410.73 元；单位可供分配金额 0.0396 元/份"
SSE_508099_20250122_XU3Z,508099,2025-01-22,2024-12-31,quarterly_report,False,建信中关村产业园封闭式基础设施证券投资基金2024年度第4季度报告,https://www.sse.com.cn/disclosure/fund/announcement/c/new/2025-01-22/508099_20250122_XU3Z.pdf,2026-09-05T13:21:58.104528+00:00,0d7ccfc2b124abfcf7687077271cf9355a55da985740ceed1608878dcdfbf712,633942.0,success,,900000000.0,7136531.89,0.0079,,"报告期末基金份额总额 900,000,000.00 份；本期可供分配金额 7,136,531.89 元；单位可供分配金额 0.0079 元/份"
