symbol,period_end,publication_date,document_type,source_url,source_sha256,fund_shares,distributable_amount_period,distributable_amount_per_unit_period,calculated_amount_per_unit,absolute_difference,reconciliation_status
180101,2021-09-30,2021-10-27,quarterly_report,https://disc.static.szse.cn/disc/disk02/finalpage/2021-10-27/9930ff4e-ed5d-4a45-b147-17344e8eb12a.PDF,70f3dedce5e7fbfa47022085cb152a04e9aa8518f298cb05b6ad950a57c4be1d,900000000.0,22452987.12,0.02,0.02494776346666667,0.004947763466666668,within_disclosure_precision
180101,2021-12-31,2022-01-24,quarterly_report,https://disc.static.szse.cn/disc/disk03/finalpage/2022-01-24/a50c9018-5cd3-4c8b-8d97-e3f3d9de2b1e.PDF,bbb796b273630a609482d38da1db8957f55b76c6b8134b033fac1f47b9d9ae02,900000000.0,24275671.13,0.03,0.026972967922222223,0.0030270320777777762,within_disclosure_precision
180101,2022-03-31,2022-04-22,quarterly_report,https://disc.static.szse.cn/disc/disk03/finalpage/2022-04-21/9b45fe03-210b-431a-afed-210cbe7ad1f9.PDF,f0261a5b2115a2b1c9a251ee10f0ed27577d585fd26581af01199aa03f6755ca,900000000.0,16234104.51,0.02,0.0180378939,0.0019621060999999995,within_disclosure_precision
180101,2022-06-30,2022-07-21,quarterly_report,https://disc.static.szse.cn/disc/disk03/finalpage/2022-07-20/a27b7594-afd8-41cd-ac64-74193ab6cec3.PDF,38206c486f41f069a901d5f4e81a1164d8ee729681621aca00cb9bc008152f91,900000000.0,12475761.29,0.01,0.013861956988888887,0.003861956988888887,within_disclosure_precision
180101,2022-06-30,2022-08-29,semiannual_report,https://disc.static.szse.cn/disc/disk03/finalpage/2022-08-26/e16390a9-b4f5-4a6a-a014-8dc861e3f837.PDF,40f4e7110fe1bd492f3296a9d41c3dfc4d296966e8d6e02714139189aa05f450,900000000.0,28823467.3,0.03,0.03202607477777778,0.0020260747777777824,within_disclosure_precision
180101,2022-09-30,2022-10-26,quarterly_report,https://disc.static.szse.cn/disc/disk03/finalpage/2022-10-25/4eefe41d-e2a3-4d33-8990-31b176f2e2ea.PDF,5c9a1ce52df1e8aab504f1b0598eacdbc47b681b9016db3fc7f746a7ef2a3b73,900000000.0,22122172.34,0.02,0.02458019148888889,0.0045801914888888885,within_disclosure_precision
180101,2022-12-31,2023-01-20,quarterly_report,https://disc.static.szse.cn/disc/disk03/finalpage/2023-01-19/5a1dce81-e6d6-4cb4-a728-3a59c1566f37.PDF,1639eeefa9c26d094111dbd26d167cacaf0565cc37ccaf737a37abb0f6888bad,900000000.0,35666079.59,0.04,0.039628977322222224,0.000371022677777777,within_disclosure_precision
180101,2023-03-31,2023-04-21,quarterly_report,https://disc.static.szse.cn/disc/disk03/finalpage/2023-04-20/915ccecc-98f0-4889-b42d-6094bb4e5a3e.PDF,1a2e29ffdb4104b347a8938987dae088eacb91fc28eff9bf60e7ae5344dac4a1,900000000.0,14650776.95,0.02,0.016278641055555553,0.0037213589444444473,within_disclosure_precision
180101,2023-06-30,2023-07-21,quarterly_report,https://disc.static.szse.cn/disc/disk03/finalpage/2023-07-20/5f390904-1f21-4391-ac0a-6c85a9eb9079.PDF,3264c37b46e2134111a346f31902bc4963400d6948848d6a2d806643a78e9d4a,1421130866.0,22795223.93,0.016,0.016040200431478066,4.0200431478065735e-05,within_disclosure_precision
180101,2023-06-30,2023-08-28,semiannual_report,https://disc.static.szse.cn/disc/disk03/finalpage/2023-08-25/540de4fb-e568-4bf0-b317-c7fd04689003.PDF,347ed7f47f1dc6b11bcdc12e3ce5d85f1be851817b57f92fd1da6558a54eb724,1421130866.0,37386695.76,0.0263,0.026307707934900344,7.707934900343799e-06,within_disclosure_precision
180101,2023-09-30,2023-10-25,quarterly_report,https://disc.static.szse.cn/disc/disk03/finalpage/2023-10-24/6d2bef77-fe04-4533-8d2f-153703b78a37.PDF,c1b1546a1f9223202fb8b21c76f5c3350b1c1d4d3afa99216f42a784a4fc5e4d,1421130866.0,30706570.3,0.0216,0.02160713769199071,7.1376919907086e-06,within_disclosure_precision
180101,2023-12-31,2024-01-22,quarterly_report,https://disc.static.szse.cn/disc/disk03/finalpage/2024-01-19/65ce71b0-ad41-445d-9aa2-943026b99b92.PDF,672333936db122a38046bb74163565f79fe490bcdc79242e8aee0902d1ee0e14,1421130866.0,50103365.68,0.0353,0.035255983019370996,4.40169806290025e-05,within_disclosure_precision
180101,2024-03-31,2024-04-22,quarterly_report,https://disc.static.szse.cn/disc/disk03/finalpage/2024-04-19/10e99dbe-3c45-410b-ba2c-17684785a11b.PDF,289c8a82ed5b4bece82516ae7fef91585d8d1d05c907bfa59c6146381e18f9b5,1421130866.0,27676192.15,0.0195,0.019474766759446347,2.523324055365289e-05,within_disclosure_precision
180101,2024-06-30,2024-07-19,quarterly_report,https://disc.static.szse.cn/disc/disk03/finalpage/2024-07-18/32605e36-01b9-46fc-88f5-8a6d6b72eaa9.PDF,4192c1d3ff701ccd4778b4f6cd60c49a94507a54e887523f7a56a18c21463242,1421130866.0,34085605.75,0.024,0.023984846551070547,1.5153448929453028e-05,within_disclosure_precision
180101,2024-06-30,2024-08-30,semiannual_report,https://disc.static.szse.cn/disc/disk03/finalpage/2024-08-29/6d02fdf0-e5ed-447b-8f68-a0c084aee4ad.PDF,52fb0383810b6a9a32c07569c9ee5b26c2684dbded0029f9c49aea244eaaa5fe,1421130866.0,61761797.9,0.0435,0.04345961331051689,4.038668948310592e-05,within_disclosure_precision
180101,2024-09-30,2024-10-25,quarterly_report,https://disc.static.szse.cn/disc/disk03/finalpage/2024-10-24/9bbb030c-6c1a-478e-ace3-872d5a4e6f32.PDF,0d6207e6b813673d722fa6350b2ea6e1fbdf3fb47aab27488d2c7c313bcdd4c5,1421130866.0,36806401.39,0.0259,0.02589937511778736,6.248822126408982e-07,within_disclosure_precision
180101,2024-12-31,2025-01-22,quarterly_report,https://disc.static.szse.cn/disc/disk03/finalpage/2025-01-21/1003d894-a537-4e49-af07-cd504f32129b.PDF,dfbc606737a1433644950bf776163db842e41b320b52525513ed0f5bd59e722d,1421130866.0,43059792.66,0.0303,0.03029966746215193,3.325378480703578e-07,within_disclosure_precision
180101,2025-03-31,2025-04-22,quarterly_report,https://disc.static.szse.cn/disc/disk03/finalpage/2025-04-21/efd94342-49aa-42c0-8e88-e8a29e44be24.PDF,2e32b990727fe2777712f3a71fce84bb201657750577d652f4529bd5fd2dd146,1421130866.0,23787263.95,0.0167,0.01673826423667305,3.8264236673048874e-05,within_disclosure_precision
180101,2025-06-30,2025-07-21,quarterly_report,https://disc.static.szse.cn/disc/disk03/finalpage/2025-07-18/131a2b09-3651-4e32-8306-8e91ff488834.PDF,5037bee683d0b624333e6b4a455db455991f116724460d368bf7ab3352f21e66,1421130866.0,33009835.08,0.0232,0.02322786442103777,2.7864421037773063e-05,within_disclosure_precision
180101,2025-06-30,2025-08-27,semiannual_report,https://disc.static.szse.cn/disc/disk03/finalpage/2025-08-27/e1592c0e-65b1-475b-aaee-e7b765d595ee.PDF,06fb85907190b4cc8952c8a790b5ae167327213c5ddb2020b8cc7d2e4a2a373d,1421130866.0,56797099.03,0.04,0.03996612865771083,3.387134228917399e-05,within_disclosure_precision
180101,2025-09-30,2025-10-28,quarterly_report,https://disc.static.szse.cn/disc/disk03/finalpage/2025-10-28/b7d16ecd-2200-4ab1-a9c8-6e6c5ca6cab3.PDF,b8650eb233fc5f06c36273df08614cbccf80055eedece8f26b7847c62a17f344,1421130866.0,28532233.43,0.0201,0.02007713301612295,2.2866983877049135e-05,within_disclosure_precision
180101,2025-12-31,2026-01-22,quarterly_report,https://disc.static.szse.cn/disc/disk03/finalpage/2026-01-22/1f78f675-8695-4271-8a34-1de68e950b21.PDF,d0c9e610f062df3d47ca696b523f6cd21f4293662b84cccb6c67be467566064a,1421130866.0,35287081.11,0.0248,0.024830282667296595,3.0282667296595983e-05,within_disclosure_precision
180101,2026-03-31,2026-04-22,quarterly_report,https://disc.static.szse.cn/disc/disk03/finalpage/2026-04-22/3c35e190-6352-41d4-b055-cb4ac63db37c.PDF,1608f1f5f8933311b0d30aa3e007a221c2c553b82ba809e56cc17121cf98f7c5,1421130866.0,20355551.68,0.0143,0.014323488544931793,2.3488544931792726e-05,within_disclosure_precision
180101,2026-06-30,2026-07-21,quarterly_report,https://disc.static.szse.cn/disc/disk03/finalpage/2026-07-21/91ad45f0-754f-429d-a23d-d750d53e4ed3.PDF,8e7d913d9bf74107d6dcacacc45980f9c0a0a7327cec28aa038044a1e55f3234,1421130866.0,31164190.68,0.0219,0.021929149120317536,2.914912031753633e-05,within_disclosure_precision
180101,2026-06-30,2026-08-27,semiannual_report,https://disc.static.szse.cn/disc/disk03/finalpage/2026-08-27/6b8c7b56-88ba-42ca-8aa5-34a5e81431ef.PDF,61e001e2393c6c0c6c43685bab8b0c44295b6770e68b4af4c7832d6a8e35c1bc,1421130866.0,32827929.51,0.0231,0.023099863844629212,1.361553707869556e-07,within_disclosure_precision
180102,2022-12-31,2023-01-20,quarterly_report,https://disc.static.szse.cn/disc/disk03/finalpage/2023-01-19/70e57bfd-1ca6-4be5-85e9-1346cc9a30f2.PDF,92debf548c8658c6169f6281e665c189c93925cd7cf800ebf66f8d2594c3c232,700000000.0,18551261.02,0.0265,0.026501801457142857,1.8014571428574822e-06,within_disclosure_precision
180102,2023-03-31,2023-04-21,quarterly_report,https://disc.static.szse.cn/disc/disk03/finalpage/2023-04-20/777f0148-28cc-4db3-991a-c082406e3f8f.PDF,3c03edf1165f57b08f46638b32b9c61d1bc08bfbb9f97940f93638cb48d8391b,700000000.0,18515798.43,0.0265,0.026451140614285714,4.885938571428522e-05,within_disclosure_precision
180102,2023-06-30,2023-07-20,quarterly_report,https://disc.static.szse.cn/disc/disk03/finalpage/2023-07-19/abbf687f-870a-4bf6-ab72-99cdd30bbf04.PDF,355be43cf2bd086b78c4c162aefe1f12eb44e92b99cae84ad401477466716428,700000000.0,18913358.49,0.027,0.027019083557142855,1.9083557142855756e-05,within_disclosure_precision
180102,2023-06-30,2023-08-30,semiannual_report,https://disc.static.szse.cn/disc/disk03/finalpage/2023-08-29/260313f3-b9e3-4578-a0d6-7e8fa62f5388.PDF,9a62a81c16229c7146bccc7934cc4c990df2cd5fcaeaa4b09d4d4f4d2c96c555,700000000.0,37429156.92,0.0535,0.053470224171428576,2.9775828571422525e-05,within_disclosure_precision
180102,2023-09-30,2023-10-24,quarterly_report,https://disc.static.szse.cn/disc/disk03/finalpage/2023-10-23/d0f51128-e06a-4003-a646-1cb096cc46ae.PDF,be2f0bd0af282199c95682b99d61b996f663001df0443f6d2b3071e26c9bd18d,700000000.0,19173659.5,0.0274,0.027390942142857144,9.057857142856507e-06,within_disclosure_precision
180102,2023-12-31,2024-01-19,quarterly_report,https://disc.static.szse.cn/disc/disk03/finalpage/2024-01-18/1e50b5b8-6d03-4559-8bac-674f1d72dc2c.PDF,8b5ea31aba7d228c7aafde3fd6905bcfa0203787c26d4295affdd352798cd71e,700000000.0,19232235.7,0.0275,0.02747462242857143,2.5377571428571166e-05,within_disclosure_precision
180102,2024-03-31,2024-04-19,quarterly_report,https://disc.static.szse.cn/disc/disk03/finalpage/2024-04-18/e0688147-ef20-4096-8c33-acfefe4646fe.PDF,b592776da762ce501d2921cc4bf15b4ea18f8f8a3f066596dde167857b71cb72,700000000.0,18918805.06,0.027,0.02702686437142857,2.68643714285699e-05,within_disclosure_precision
180102,2024-06-30,2024-07-18,quarterly_report,https://disc.static.szse.cn/disc/disk03/finalpage/2024-07-17/c4d32f6b-d323-40de-a83e-554b8dab476c.PDF,6e71daa5840608da55919fdde4a05f43ea4eebd3572fa37726274b371fdf091a,700000000.0,18993189.69,0.0271,0.02713312812857143,3.31281285714316e-05,within_disclosure_precision
180102,2024-06-30,2024-08-30,semiannual_report,https://disc.static.szse.cn/disc/disk03/finalpage/2024-08-29/c38c1845-f684-480c-96e3-04cc12a104ae.PDF,6221605893084bad58526efd82128c0a28610b06b3b5cd76f49469a4e0a35399,700000000.0,37911994.75,0.0542,0.0541599925,4.000750000000136e-05,within_disclosure_precision
180102,2024-09-30,2024-10-25,quarterly_report,https://disc.static.szse.cn/disc/disk03/finalpage/2024-10-24/677d6e51-7a1d-4ba0-ad5a-3d6a27eea7c4.PDF,fcea6f0c73ca175ec35d419e8b881d29a1e8a02920620e0562e5db82314e13a2,700000000.0,18808763.86,0.0269,0.026869662657142857,3.033734285714379e-05,within_disclosure_precision
180102,2024-12-31,2025-01-22,quarterly_report,https://disc.static.szse.cn/disc/disk03/finalpage/2025-01-21/a30a39c9-572d-45ab-99d2-3554e395b710.PDF,5e65d6e1d94e686459190bbf9d443fa0ab49f74fc0cffa51958d6b6124aee860,700000000.0,18933171.98,0.027,0.027047388542857143,4.7388542857143556e-05,within_disclosure_precision
180102,2025-03-31,2025-04-22,quarterly_report,https://disc.static.szse.cn/disc/disk03/finalpage/2025-04-21/b2215604-2625-4d49-b453-4ad355bac0d2.PDF,0faf8b8a4d7be0aaaac396ef34a27d5f85387c6baf8fd08acde0b4a5b925a64d,700000000.0,17094460.65,0.0244,0.02442065807142857,2.065807142856771e-05,within_disclosure_precision
180102,2025-06-30,2025-07-21,quarterly_report,https://disc.static.szse.cn/disc/disk03/finalpage/2025-07-18/f7a8ecae-6860-4ad1-993e-d5775ad8e737.PDF,27ad2a027446f92c9a5c71d08b8031cf42238e996da5c1a0b9b4b40fb96528ba,700000000.0,17118082.46,0.0245,0.024454403514285714,4.559648571428668e-05,within_disclosure_precision
180102,2025-06-30,2025-08-30,semiannual_report,https://disc.static.szse.cn/disc/disk03/finalpage/2025-08-30/475dc8d9-8c76-405d-91b8-368fcdfe3612.PDF,504ffbc67402957ead6ca349298a65b4ddce53e6b5b384e28b2b356211474bdf,700000000.0,34212543.11,0.0489,0.04887506158571429,2.493841428571203e-05,within_disclosure_precision
180102,2025-09-30,2025-10-28,quarterly_report,https://disc.static.szse.cn/disc/disk03/finalpage/2025-10-28/31878517-a780-421f-8ddd-92751dc6abbb.PDF,ab94b837d9878c911820b7ce3261c7f5c3e046a8b9152e54bd0d8fcd697c5ea4,700000000.0,15598385.92,0.0223,0.022283408457142856,1.659154285714448e-05,within_disclosure_precision
180102,2025-12-31,2026-01-22,quarterly_report,https://disc.static.szse.cn/disc/disk03/finalpage/2026-01-22/55921da9-8f98-4ef0-96d7-1be9c3fe3707.PDF,d388e65fd4cb54764ecb0d94f2735b1244d93016b88facc289c8dc41d5736784,700000000.0,9739475.57,0.0139,0.013913536528571429,1.3536528571429438e-05,within_disclosure_precision
180102,2026-03-31,2026-04-22,quarterly_report,https://disc.static.szse.cn/disc/disk03/finalpage/2026-04-22/36b37e69-c5a4-41ce-8ebe-079691fa5416.PDF,0cbbce4e062aa0b1bbae5b77a07bc90ee076edfcfcf655eccd77334a96a37ca7,700000000.0,8443119.59,0.0121,0.012061599414285714,3.84005857142853e-05,within_disclosure_precision
180102,2026-06-30,2026-07-21,quarterly_report,https://disc.static.szse.cn/disc/disk03/finalpage/2026-07-21/aa5b6b15-d762-461d-9d78-c969c6db34b1.PDF,b1c290c4a5529a16da26c5cdd270c93bef2779c80fceb7e1e7274d6488281efc,700000000.0,7327650.21,0.0105,0.010468071728571428,3.192827142857284e-05,within_disclosure_precision
180103,2023-03-31,2023-04-21,quarterly_report,https://disc.static.szse.cn/disc/disk03/finalpage/2023-04-20/a89c6493-bd8c-46c4-8523-a6ed76f9e662.PDF,9c1cc88c179d83ef70c4a5b2b821b692720ef3ab0f14b90442fa8b72553901dd,500000000.0,14768750.11,0.0295,0.02953750022,3.7500220000000195e-05,within_disclosure_precision
180103,2023-06-30,2023-07-20,quarterly_report,https://disc.static.szse.cn/disc/disk03/finalpage/2023-07-19/90ed99b5-c7d6-4eef-87d4-6d5d9050bdb4.PDF,74e4d02f7c71d414d78cc60ea52ae04a9ff56c8ecf97a77186d8d91b2fc5afa6,500000000.0,15275937.67,0.0306,0.03055187534,4.812465999999918e-05,within_disclosure_precision
180103,2023-06-30,2023-08-30,semiannual_report,https://disc.static.szse.cn/disc/disk03/finalpage/2023-08-29/64f55f02-fb44-4203-87d2-e917b882ddd2.PDF,2b74977f08a0d679b148eae344b42db80c312ea6e18b7837f47df0e660b67d33,500000000.0,30044687.78,0.0601,0.060089375560000005,1.0624439999995516e-05,within_disclosure_precision
180103,2023-09-30,2023-10-24,quarterly_report,https://disc.static.szse.cn/disc/disk03/finalpage/2023-10-23/294e3995-aaed-4f4a-8a96-bcd74750c917.PDF,4eab9954c4423284bd2109b021e2373a2853e0e26f295b858a6867beac3c145f,500000000.0,15297685.56,0.0306,0.030595371120000003,4.628879999996061e-06,within_disclosure_precision
180103,2023-12-31,2024-01-19,quarterly_report,https://disc.static.szse.cn/disc/disk03/finalpage/2024-01-18/3176f721-be65-44eb-86a6-62c3e66315da.PDF,73b88ab3d5c4673c8ad0e07f95883740509ea685e8bee215d38ae5dd7eaf25a2,500000000.0,14944067.54,0.0299,0.02988813508,1.1864920000000112e-05,within_disclosure_precision
180103,2024-03-31,2024-04-19,quarterly_report,https://disc.static.szse.cn/disc/disk03/finalpage/2024-04-18/869c046b-dd1f-4fd1-94f6-19e2410d2db0.PDF,e1ac6ad57df6dd60d6d1f7ab86a5122f88e7f991a8b35ef273aace10a4890695,500000000.0,14738519.22,0.0295,0.029477038440000002,2.296155999999619e-05,within_disclosure_precision
180103,2024-06-30,2024-07-18,quarterly_report,https://disc.static.szse.cn/disc/disk03/finalpage/2024-07-17/71dff2b0-58c5-4c38-995a-e292736b24ef.PDF,b5d0a528df4087361ef5fe7da61d46dc7e8a014dd04902fe870c2291e61929dc,500000000.0,13993873.3,0.028,0.027987746600000002,1.2253399999998665e-05,within_disclosure_precision
180103,2024-06-30,2024-08-30,semiannual_report,https://disc.static.szse.cn/disc/disk03/finalpage/2024-08-29/f831fdf1-d50a-4ea9-82ad-60c2c80c539e.PDF,7ef862931e893592b467b2128f7ddb5a848477d17f254cc353912b4b8046f0b2,500000000.0,28732392.52,0.0575,0.05746478504,3.5214960000001794e-05,within_disclosure_precision
180103,2024-09-30,2024-10-25,quarterly_report,https://disc.static.szse.cn/disc/disk03/finalpage/2024-10-24/561e64d5-fb4e-417d-9499-ad597ad1acb3.PDF,9c910f5aae74d9e8d699908110ac4564f19fc2ad63227e179dd6a060e74d5c22,500000000.0,14233963.48,0.0285,0.02846792696,3.207304000000036e-05,within_disclosure_precision
180103,2024-12-31,2025-01-22,quarterly_report,https://disc.static.szse.cn/disc/disk03/finalpage/2025-01-21/3dabe448-fadb-4657-8822-00c519adde8b.PDF,c3171b42566e37a13cd674aa938972aaa230b99cd6dcf5e86f7fa3925ae5b173,500000000.0,14175142.56,0.0284,0.028350285120000002,4.971487999999927e-05,within_disclosure_precision
180103,2025-03-31,2025-04-22,quarterly_report,https://disc.static.szse.cn/disc/disk03/finalpage/2025-04-21/91ff7dd7-0e7d-4893-a951-1cc632e71eb2.PDF,ef4e672e72528ec0f71bf5e563a69f5ba8c88781958d48c3072f01ba03ec3b4c,500000000.0,13446933.33,0.0269,0.02689386666,6.133339999998821e-06,within_disclosure_precision
180103,2025-06-30,2025-07-21,quarterly_report,https://disc.static.szse.cn/disc/disk03/finalpage/2025-07-18/0ecb31ce-ef26-4a82-aa26-1a5c8921bd8a.PDF,8a59cb7bda6c88ddd98377f9df040551f6635762a82715216b4b3a7c46724adf,500000000.0,13479672.13,0.027,0.02695934426,4.065573999999933e-05,within_disclosure_precision
180103,2025-06-30,2025-08-30,semiannual_report,https://disc.static.szse.cn/disc/disk03/finalpage/2025-08-30/52b22a85-a938-437c-a3a2-6e786d0bb9e4.PDF,728e9e55595012c3e97bda90cf53e7832d4d036fe7f1d88d9834c999c78f4068,500000000.0,26926605.46,0.0539,0.05385321092,4.678908000000509e-05,within_disclosure_precision
180103,2025-09-30,2025-10-28,quarterly_report,https://disc.static.szse.cn/disc/disk03/finalpage/2025-10-28/975b7754-d9cd-4434-81e4-125e1a7a41a4.PDF,97c7d3aa7570c1e500163e4e09debae685b14c2889c424dd696d3071482c732f,500000000.0,13483311.19,0.027,0.02696662238,3.337762000000036e-05,within_disclosure_precision
180103,2025-12-31,2026-01-22,quarterly_report,https://disc.static.szse.cn/disc/disk03/finalpage/2026-01-22/38ccf0e8-0f52-48ee-9b9b-10254932ac7b.PDF,7b34afbd03290bc153eeced4d416681ca24e83a538c6510ab879725154e92e94,500000000.0,12931579.31,0.0259,0.02586315862,3.684137999999948e-05,within_disclosure_precision
180103,2026-03-31,2026-04-22,quarterly_report,https://disc.static.szse.cn/disc/disk03/finalpage/2026-04-22/628f1919-16ed-4ab5-b489-21c1d3a010cd.PDF,b697f8b350eab36deb40be9d7c004c3a92ad0d3732094f01e9b775ad47094be9,500000000.0,12131749.0,0.0243,0.024263498,3.650199999999729e-05,within_disclosure_precision
180103,2026-06-30,2026-07-21,quarterly_report,https://disc.static.szse.cn/disc/disk03/finalpage/2026-07-21/865cb1e9-fb4f-4166-abfc-be6b3975de34.PDF,1c723c972cf0c1a0bf246487dcdffb12299e67521b3f5779e39b95605406082a,500000000.0,11551607.07,0.0231,0.02310321414,3.2141400000025577e-06,within_disclosure_precision
180105,2024-12-31,2025-01-21,quarterly_report,https://disc.static.szse.cn/disc/disk03/finalpage/2025-01-20/b3889f99-fcb6-460e-9bc3-0e2ae0e7bc02.PDF,fe4d569e026820f4373ab30d4879401eb471c8dc3473e7500bc95ae7648108c5,800000000.0,26521724.89,0.0332,0.0331521561125,4.7843887500002846e-05,within_disclosure_precision
180105,2025-03-31,2025-04-22,quarterly_report,https://disc.static.szse.cn/disc/disk03/finalpage/2025-04-21/3e731eb2-da69-4d2d-a2d4-94001e267bbd.PDF,5ebc18fe56fce935a8178407e6cb2603d6369f0c008734057e06d588ddb34a11,800000000.0,23889427.08,0.0299,0.029861783849999997,3.821615000000264e-05,within_disclosure_precision
180105,2025-06-30,2025-07-21,quarterly_report,https://disc.static.szse.cn/disc/disk03/finalpage/2025-07-18/b3113374-bd84-42c7-8529-1f33a3ed2ee3.PDF,dd8bb5bdac8c1d07c7c28b6cf836c6db54d5e88786f81f68dfb1c36f7fe86bf8,800000000.0,23325713.73,0.0292,0.0291571421625,4.285783750000022e-05,within_disclosure_precision
180105,2025-06-30,2025-08-30,semiannual_report,https://disc.static.szse.cn/disc/disk03/finalpage/2025-08-30/0dd07e5e-86ab-483c-a483-717e071b969c.PDF,671e98eead6bae64270e02a4ffe83d1a937433fa81ffadac744a10635126c527,800000000.0,47215140.81,0.059,0.0590189260125,1.8926012500003475e-05,within_disclosure_precision
180105,2025-09-30,2025-10-28,quarterly_report,https://disc.static.szse.cn/disc/disk03/finalpage/2025-10-28/cb15d951-e0af-4fc5-86a1-767c778e1532.PDF,cdfee3f8187af83e014ba3ce11011a5a9ea3009513bbb69ad41857561ddd342c,800000000.0,16975096.04,0.0212,0.021218870049999998,1.887004999999789e-05,within_disclosure_precision
180105,2025-12-31,2026-01-22,quarterly_report,https://disc.static.szse.cn/disc/disk03/finalpage/2026-01-22/0a86b2a0-a72a-4bc3-a2d3-38e2c88d1363.PDF,52035f6939905959eb139803e183c37ad5b19c327efa020291d31669cd6915c8,800000000.0,15466073.33,0.0193,0.0193325916625,3.259166249999779e-05,within_disclosure_precision
180105,2026-03-31,2026-04-22,quarterly_report,https://disc.static.szse.cn/disc/disk03/finalpage/2026-04-22/d4fcaab6-856f-48f9-901a-7752bb5b8e52.PDF,b73a6832ce332259b7cc7d64ad3ca480b87d624c8fb514368d022a33c3ead4b9,800000000.0,13737167.75,0.0172,0.0171714596875,2.854031249999861e-05,within_disclosure_precision
180105,2026-06-30,2026-07-21,quarterly_report,https://disc.static.szse.cn/disc/disk03/finalpage/2026-07-21/e19df923-e274-43c9-85d2-61f6d8e2fc7f.PDF,cf72b24544abf8e4b79eac459bda60ae138efdd61958d5b35a001fdc04e7dae3,800000000.0,10016739.4,0.0125,0.01252092425,2.0924250000000158e-05,within_disclosure_precision
180106,2025-03-31,2025-04-21,quarterly_report,https://disc.static.szse.cn/disc/disk03/finalpage/2025-04-18/2adfa5a0-8703-43f8-b825-8ec3fbcac8b0.PDF,104df37fd436885f10d1d31649f8866346985c6faba9bcebad2c83118bdc6233,400000000.0,16462040.3,0.0412,0.04115510075,4.489925000000089e-05,within_disclosure_precision
180106,2025-06-30,2025-07-18,quarterly_report,https://disc.static.szse.cn/disc/disk03/finalpage/2025-07-17/d185642b-6bdf-4836-9607-e4745e24d4df.PDF,6fee20701d7878d84315bdf85ab9d9afccbb81f2da5d1ae0f40f0971413b2f87,400000000.0,14891898.99,0.0372,0.037229747475,2.9747475000001244e-05,within_disclosure_precision
180106,2025-06-30,2025-08-30,semiannual_report,https://disc.static.szse.cn/disc/disk03/finalpage/2025-08-30/8af7a8b1-af4b-457a-ae18-8cba14490b52.PDF,c0b76a59f3b39f35a98f4a5e0f00d81947159b4b6fedf99d0ce41ab8a8cb7b5c,400000000.0,31353939.29,0.0784,0.078384848225,1.5151774999999645e-05,within_disclosure_precision
180106,2025-09-30,2025-10-28,quarterly_report,https://disc.static.szse.cn/disc/disk03/finalpage/2025-10-28/9eba6586-b3de-45a9-a33d-a081836a4c48.PDF,24bad48b2958193396d431d55d47a7bdc0251ef3105e24fac1e450ab2a1fd788,400000000.0,16799950.1,0.042,0.041999875250000006,1.2474999999678715e-07,within_disclosure_precision
180106,2025-12-31,2026-01-22,quarterly_report,https://disc.static.szse.cn/disc/disk03/finalpage/2026-01-22/8e5dd8f2-7172-4a6a-b8c5-cb3cf88e1450.PDF,4463e297322aee4922c2d377d8adb012707087798f91f27dc747623b96eeca28,400000000.0,17316248.46,0.0433,0.04329062115,9.378849999998329e-06,within_disclosure_precision
180106,2026-03-31,2026-04-22,quarterly_report,https://disc.static.szse.cn/disc/disk03/finalpage/2026-04-22/0409128f-f152-479e-b515-e19749bdfd3d.PDF,5cb6a333283809f499a05c54fba0de2288e9f249e3dd65b889ba0f0b24adbbd3,400000000.0,15522166.68,0.0388,0.0388054167,5.41669999999661e-06,within_disclosure_precision
180106,2026-06-30,2026-07-20,quarterly_report,https://disc.static.szse.cn/disc/disk03/finalpage/2026-07-20/5b83f095-463f-4aac-9dcb-7728ec421096.PDF,eec73d7f5f6514f8ae30a4ebe24d04c5857a51e933c4d069b14455b290440b39,400000000.0,14178302.58,0.0354,0.03544575645,4.575644999999656e-05,within_disclosure_precision
180201,2021-09-30,2021-10-27,quarterly_report,https://disc.static.szse.cn/disc/disk02/finalpage/2021-10-27/29d14559-fd7d-427e-87f6-7bf264218f26.PDF,d164df625c1f5605e2cc475441fba7cdafcd73e35f76b968da60d6b098fb8c59,700000000.0,157485011.94,0.225,0.22497858848571428,2.1411514285724076e-05,within_disclosure_precision
180201,2021-12-31,2022-01-24,quarterly_report,https://disc.static.szse.cn/disc/disk03/finalpage/2022-01-24/5ac16474-ab64-4a31-965c-c01495e80fbf.PDF,babc974ca805f55dc3583df6e2730c07346a22cda98beed8f2a78920cf3b480c,700000000.0,171617876.76,0.2452,0.24516839537142857,3.1604628571435534e-05,within_disclosure_precision
180201,2022-03-31,2022-04-22,quarterly_report,https://disc.static.szse.cn/disc/disk03/finalpage/2022-04-21/504f85db-bbd9-4835-b8ab-6f7165eddc2d.PDF,22dbb58bc363ad7de4ae40fc7f2e3a81e5ea10fc8156cc46cf1365bfc112099a,700000000.0,105934425.64,0.1513,0.15133489377142859,3.489377142859573e-05,within_disclosure_precision
180201,2022-06-30,2022-07-21,quarterly_report,https://disc.static.szse.cn/disc/disk03/finalpage/2022-07-20/d0ede893-7d9e-4e08-9c22-fa6d582d85ca.PDF,01f62db5744875aa22a930f962b1031163552fd36bc8694b7a986bc977e45593,700000000.0,126635117.68,0.1809,0.1809073109714286,7.310971428586832e-06,within_disclosure_precision
180201,2022-06-30,2022-08-30,semiannual_report,https://disc.static.szse.cn/disc/disk03/finalpage/2022-08-29/d5e54394-04a0-42b9-8930-677fd70d1ea3.PDF,d5c5eda5b05bfa5c37a80832328f2bd8230adf2c2480d8b998ac3c1d49948760,700000000.0,256903376.42,0.367,0.36700482345714286,4.82345714286625e-06,within_disclosure_precision
180201,2022-09-30,2022-10-26,quarterly_report,https://disc.static.szse.cn/disc/disk03/finalpage/2022-10-25/a2372fdb-27e4-47df-8cf3-5176390b3426.PDF,b39017a388331b0033050e7eba888c9f4a03160855d83a33ed5813460d2a90ff,700000000.0,176714122.91,0.2524,0.2524487470142857,4.8747014285699386e-05,within_disclosure_precision
180201,2022-12-31,2023-01-20,quarterly_report,https://disc.static.szse.cn/disc/disk03/finalpage/2023-01-19/c838e08d-6211-42f0-b8a3-b903ae8e7f2d.PDF,d5c2b3f4a974524a30fd9b29a8cb209148af7a5850dd5e8baacc7daada25b94f,700000000.0,92144964.37,0.1316,0.13163566338571428,3.566338571428518e-05,within_disclosure_precision
180201,2023-03-31,2023-04-22,quarterly_report,https://disc.static.szse.cn/disc/disk03/finalpage/2023-04-21/f9b820c3-c724-4c34-9156-08ebc237a313.PDF,e3a8096711b580f01eead6fdb739538af6d0221084487ba428b2cfd738f12eb2,700000000.0,148030554.31,0.2115,0.21147222044285716,2.777955714283742e-05,within_disclosure_precision
180201,2023-06-30,2023-07-21,quarterly_report,https://disc.static.szse.cn/disc/disk03/finalpage/2023-07-20/c06c87b0-093d-438a-a9af-b4e33d5542ac.PDF,8130aac6c9f0a6a3a6c4444839f7c72d15c103aa8b43160ec7b674ee954164d6,700000000.0,106641242.72,0.1523,0.15234463245714286,4.463245714286801e-05,within_disclosure_precision
180201,2023-06-30,2023-08-30,semiannual_report,https://disc.static.szse.cn/disc/disk03/finalpage/2023-08-29/4d023a15-0d95-44f5-ac3f-adb254452555.PDF,55e574f9ae7f9e0cf079bcb49969e8042a73eb8b463bde3ad141ac3096374c30,700000000.0,254671797.03,0.3638,0.3638168529,1.685289999997508e-05,within_disclosure_precision
180201,2023-09-30,2023-10-25,quarterly_report,https://disc.static.szse.cn/disc/disk03/finalpage/2023-10-24/f8ffdd8e-fb6f-43d4-ab2a-990b5ea38f1d.PDF,33bc474273efcbc97ccaf2dd383e31587f03f8b12336807d6e0cdee8fff2c237,700000000.0,170054729.1,0.2429,0.24293532728571426,3.532728571425947e-05,within_disclosure_precision
180201,2023-12-31,2024-01-22,quarterly_report,https://disc.static.szse.cn/disc/disk03/finalpage/2024-01-19/23ba2d9e-ff24-42ea-8320-4e6dd3d3c9be.PDF,820126952d4968d515d9358f371666fdbe9c8605ad7f107df36b184b411893a8,700000000.0,118995532.79,0.17,0.1699936182714286,6.38172857142516e-06,within_disclosure_precision
180201,2024-03-31,2024-04-22,quarterly_report,https://disc.static.szse.cn/disc/disk03/finalpage/2024-04-19/617910a5-d264-4041-91c3-e721d71f5a6d.PDF,f4814e98feec19f53a4420d617757957fa0c20361a4638628f3ced77e1a3fa3c,700000000.0,151107642.98,0.2159,0.21586806139999998,3.1938600000031014e-05,within_disclosure_precision
180201,2024-06-30,2024-07-19,quarterly_report,https://disc.static.szse.cn/disc/disk03/finalpage/2024-07-18/132ceba0-2e96-4c29-8c9c-a91976cccb7a.PDF,eb2b0ce8fcfb1ec313f1cc8dc7d010d8aa72978636675b36683b7134622e393d,700000000.0,106488338.38,0.1521,0.15212619768571428,2.6197685714268726e-05,within_disclosure_precision
180201,2024-06-30,2024-08-30,semiannual_report,https://disc.static.szse.cn/disc/disk03/finalpage/2024-08-29/02d03610-53b5-40d3-bb0e-ec6bf45dcdd4.PDF,612a039a051264f5c3cc59b4442d3321dd831b9e9f7c6ba6f688e2732bada5e6,700000000.0,257595981.36,0.368,0.3679942590857143,5.740914285679022e-06,within_disclosure_precision
180201,2024-09-30,2024-10-25,quarterly_report,https://disc.static.szse.cn/disc/disk03/finalpage/2024-10-24/bc9dd1c2-216a-4bc0-81d5-a16ae59c000b.PDF,c03d012c213cb608ea4aff15dc33c538a80009e940f627e504c17b4aa851dcee,700000000.0,172717141.74,0.2467,0.24673877391428573,3.877391428572241e-05,within_disclosure_precision
180201,2024-12-31,2025-01-22,quarterly_report,https://disc.static.szse.cn/disc/disk03/finalpage/2025-01-21/20d4c982-7bfa-4832-90b7-389cddd154b1.PDF,3ecf1cf2319c84c5eda59405e30d6dbc9f54633f8dfbe61c152e855b6442e1eb,700000000.0,96010594.72,0.1372,0.13715799245714286,4.200754285713093e-05,within_disclosure_precision
180201,2025-03-31,2025-04-22,quarterly_report,https://disc.static.szse.cn/disc/disk03/finalpage/2025-04-21/82d28f6c-5509-4872-b707-09c0d9b0b078.PDF,848273215d3e06ea139cda08170e5def59202f3113c2419d6683ca44e0612ffc,700000000.0,151036363.89,0.2158,0.2157662341285714,3.376587142858711e-05,within_disclosure_precision
180201,2025-06-30,2025-07-21,quarterly_report,https://disc.static.szse.cn/disc/disk03/finalpage/2025-07-18/4168d84a-8053-469f-95cf-d43588cdbb8d.PDF,2b3201c521901d898383c27dd948c07fa2e9ced7183d114645669e5984f9ca24,700000000.0,104015845.26,0.1486,0.14859406465714287,5.9353428571440325e-06,within_disclosure_precision
180201,2025-06-30,2025-08-29,semiannual_report,https://disc.static.szse.cn/disc/disk03/finalpage/2025-08-29/c1bc7cba-b1ed-468b-ad92-8b59c9124437.PDF,a53251317080ed7abf36651a4080970b3dff732fb330c18e284504137df232e9,700000000.0,255052209.15,0.3644,0.3643602987857143,3.970121428570339e-05,within_disclosure_precision
180201,2025-09-30,2025-10-28,quarterly_report,https://disc.static.szse.cn/disc/disk03/finalpage/2025-10-28/551605d8-7a7f-4799-bebe-b3f0a6c1a744.PDF,5df4c84753375067f435beca6b6233b0ca64b511a7484249f0efcb03c9c022bc,700000000.0,159010052.15,0.2272,0.22715721735714287,4.278264285714761e-05,within_disclosure_precision
180201,2025-12-31,2026-01-22,quarterly_report,https://disc.static.szse.cn/disc/disk03/finalpage/2026-01-22/92edb498-85ef-4a58-bf5e-13c6b07b00c0.PDF,45eff36ceb1b956710b9c36229e653f7b9cf0892941afb830908619f4d757bc2,700000000.0,99812867.27,0.1426,0.14258981038571428,1.0189614285727178e-05,within_disclosure_precision
180201,2026-03-31,2026-04-22,quarterly_report,https://disc.static.szse.cn/disc/disk03/finalpage/2026-04-22/fea51f0b-eace-471b-83f1-471ee5f0291a.PDF,9574b9eab9d6244cf9e17ea09459ef3f4ab32f95c3826f1c12db34acf3fdccf2,700000000.0,150366555.85,0.2148,0.2148093655,9.365499999997029e-06,within_disclosure_precision
180201,2026-06-30,2026-07-21,quarterly_report,https://disc.static.szse.cn/disc/disk03/finalpage/2026-07-21/e98b1e02-6b71-4e0c-8200-c51a13b7b40c.PDF,8bc3f3b348360e213442ac07113b048b3685022fd95ec26784286925164577b1,700000000.0,99170151.59,0.1417,0.14167164512857144,2.8354871428548645e-05,within_disclosure_precision
180201,2026-06-30,2026-08-28,semiannual_report,https://disc.static.szse.cn/disc/disk03/finalpage/2026-08-28/ddc97a46-5a47-4c61-bcfd-8a1b2aea3f8d.PDF,44f091de6c6dc6e13d492cd46abd348f43afe1ef73ee73b64a877558907f30b8,700000000.0,249536707.44,0.3565,0.3564810106285714,1.898937142857937e-05,within_disclosure_precision
180202,2022-03-31,2022-04-21,quarterly_report,https://disc.static.szse.cn/disc/disk03/finalpage/2022-04-20/4c22ee7b-6c5e-4afe-b5d6-675af541d4c7.PDF,1faea9bef20dd1eed24d8563875ad791b70baa2e9ec523f75e504954f7c54c65,300000000.0,37185626.38,0.124,0.12395208793333334,4.7912066666655484e-05,within_disclosure_precision
180202,2022-06-30,2022-07-20,quarterly_report,https://disc.static.szse.cn/disc/disk03/finalpage/2022-07-19/4c37559a-a0d8-4138-a073-cd25d057dd6b.PDF,33bdb9aacda0e383ac74cd1ede9f8db56ef510563de2884b7c3c8abfbf9817f1,300000000.0,33094461.04,0.1103,0.11031487013333333,1.4870133333330648e-05,within_disclosure_precision
180202,2022-06-30,2022-08-30,semiannual_report,https://disc.static.szse.cn/disc/disk03/finalpage/2022-08-29/1194cd17-cb60-4aaf-a4b4-0b716fb54484.PDF,dd5669e6366ef1b44d4f5a6cc397d4b3ae1c62cc4d6267fa91fa4e44203be625,300000000.0,70280087.41,0.2343,0.23426695803333333,3.3041966666674805e-05,within_disclosure_precision
180202,2022-09-30,2022-10-25,quarterly_report,https://disc.static.szse.cn/disc/disk03/finalpage/2022-10-24/6a123d0c-11bb-43d4-a0ad-fbe7ff83f48a.PDF,5f83f3fe1b4ae13680e9aab3c573e7ff70f6fd96ad5765ed468ab9aef340f32a,300000000.0,38093601.41,0.127,0.12697867136666666,2.1328633333345115e-05,within_disclosure_precision
180202,2022-12-31,2023-01-20,quarterly_report,https://disc.static.szse.cn/disc/disk03/finalpage/2023-01-19/3bf72004-8bca-4bd0-88da-a4a5f93da416.PDF,8db54e691cab13a2c6e8eae3f1be8272e3d265c4440a32034703e124dcb8cafb,300000000.0,29053132.61,0.0968,0.09684377536666666,4.377536666666515e-05,within_disclosure_precision
180202,2023-03-31,2023-04-21,quarterly_report,https://disc.static.szse.cn/disc/disk03/finalpage/2023-04-20/26258f16-7486-4310-9da4-022840287f3f.PDF,db30c8a050696e07c9330251dbe6e91cfe9f331a893bc1d3ea3cba9760224617,300000000.0,44333734.57,0.1478,0.14777911523333334,2.0884766666645627e-05,within_disclosure_precision
180202,2023-06-30,2023-07-20,quarterly_report,https://disc.static.szse.cn/disc/disk03/finalpage/2023-07-19/e8eb4e90-aa67-4c35-9a1c-3096cfa8f1db.PDF,3034ca09dfdba570f9efa7a6c6f3324e769c24549d6f75ec123c81f60bbc0c92,300000000.0,37791080.03,0.126,0.12597026676666667,2.973323333332889e-05,within_disclosure_precision
180202,2023-06-30,2023-08-30,semiannual_report,https://disc.static.szse.cn/disc/disk03/finalpage/2023-08-29/9808c129-e4e1-43fd-bc2c-d1549b2b0824.PDF,bc689eddf65d7ceb07cd6944b2642e18eb145d376db0d7ea90f285b455f9ec8c,300000000.0,82124814.6,0.2737,0.273749382,4.9381999999986714e-05,within_disclosure_precision
180202,2023-09-30,2023-10-24,quarterly_report,https://disc.static.szse.cn/disc/disk03/finalpage/2023-10-23/230005e5-6194-48ed-8191-15b26d1aa6b4.PDF,00aed70734bfda07d6644043d486ed573c52761c0bd391d5777aca9be0b5673a,300000000.0,42745604.8,0.1425,0.14248534933333332,1.4650666666671253e-05,within_disclosure_precision
180202,2023-12-31,2024-01-19,quarterly_report,https://disc.static.szse.cn/disc/disk03/finalpage/2024-01-18/d171741c-9fef-4659-9eed-2158f7ad3ee7.PDF,1d637bbaa961395c24808872d96d74d2934fdf4f2e03a08d8028486133d677b2,300000000.0,39224533.03,0.1307,0.13074844343333333,4.8443433333322794e-05,within_disclosure_precision
180202,2024-03-31,2024-04-19,quarterly_report,https://disc.static.szse.cn/disc/disk03/finalpage/2024-04-18/ca417b58-a99b-4115-8006-36af656ab0a4.PDF,c1d66dd62ae003a10a56c1295d2de55c065f95589f8df63992273fb584a27051,300000000.0,33987332.19,0.1133,0.11329110729999999,8.892700000012743e-06,within_disclosure_precision
180202,2024-06-30,2024-07-18,quarterly_report,https://disc.static.szse.cn/disc/disk03/finalpage/2024-07-17/95b466a1-eb58-4161-b1ae-d6c091c0fed5.PDF,92a7bcf08ef8ad17968ab42fbb9f541b704342927bbf25d8d827c4cb4f2ed08c,300000000.0,31498830.1,0.105,0.10499610033333334,3.899666666654089e-06,within_disclosure_precision
180202,2024-06-30,2024-08-30,semiannual_report,https://disc.static.szse.cn/disc/disk03/finalpage/2024-08-29/d270519a-b126-49ea-8eca-c885fd7d126a.PDF,64c72991243f65ac3d44479012fb2797b5ba3dfcdde4d3ef271e1b04656017fe,300000000.0,65486162.29,0.2183,0.21828720763333334,1.2792366666652955e-05,within_disclosure_precision
180202,2024-09-30,2024-10-25,quarterly_report,https://disc.static.szse.cn/disc/disk03/finalpage/2024-10-24/c09ea07a-34e3-48f8-bc55-a78259b020f7.PDF,aef0791bbe233f52f4a8a1b0f82afb3167185ba44f8e00d86aea9a12128352e7,300000000.0,37867532.98,0.1262,0.12622510993333333,2.5109933333322676e-05,within_disclosure_precision
180202,2024-12-31,2025-01-22,quarterly_report,https://disc.static.szse.cn/disc/disk03/finalpage/2025-01-21/ece93205-611d-445d-a81b-3679f79c6b04.PDF,f8437bd54accf77ce121d477ca1033c0ba56fec22995f00da7e4222dbb854d1f,300000000.0,24604064.54,0.082,0.08201354846666667,1.354846666666576e-05,within_disclosure_precision
180202,2025-03-31,2025-04-22,quarterly_report,https://disc.static.szse.cn/disc/disk03/finalpage/2025-04-21/7a325edf-e9b3-4dee-970f-4c081e966c9e.PDF,f31de1192b23b3bc1fec9960845a2574099929284ae1c4d4d2df5d8875a95227,300000000.0,26919472.98,0.0897,0.0897315766,3.157659999999951e-05,within_disclosure_precision
180202,2025-06-30,2025-07-21,quarterly_report,https://disc.static.szse.cn/disc/disk03/finalpage/2025-07-18/32858ca9-70e9-4a57-8beb-418948500dc9.PDF,d525f4947840a38b775bf8068c1f2a412e966dfee880f06af8a79201f98a9346,300000000.0,28618993.87,0.0954,0.09539664623333334,3.35376666665832e-06,within_disclosure_precision
180202,2025-06-30,2025-08-30,semiannual_report,https://disc.static.szse.cn/disc/disk03/finalpage/2025-08-30/b51eef9e-d981-4d44-9fab-b273462021f0.PDF,d92038ccf61e6d1c9a9d5adf437724b86c6e4dcac52bfb235440b006135e4503,300000000.0,55538466.85,0.1851,0.18512822283333333,2.822283333334119e-05,within_disclosure_precision
180202,2025-09-30,2025-10-28,quarterly_report,https://disc.static.szse.cn/disc/disk03/finalpage/2025-10-28/1bf029a3-6381-484f-ad1c-3b79cc26db68.PDF,2881f7edc1f00fb41fb0ee76ed67220e3acb5e7a3b80229d1689a31530540f39,300000000.0,34408820.71,0.1147,0.11469606903333333,3.930966666662594e-06,within_disclosure_precision
180202,2025-12-31,2026-01-22,quarterly_report,https://disc.static.szse.cn/disc/disk03/finalpage/2026-01-22/b8466fa7-fb62-41d6-8d95-58d2ee753f82.PDF,bad49c938ac782944e112413ff4cecc44a937c97be86164d978b47e6a3df7317,300000000.0,22213090.8,0.074,0.074043636,4.3635999999999675e-05,within_disclosure_precision
180202,2026-03-31,2026-04-22,quarterly_report,https://disc.static.szse.cn/disc/disk03/finalpage/2026-04-22/d8a361a5-cfc5-4b71-9fcf-946c7330bb55.PDF,07aa618e158cab889a693ce0b130ed6e395ae1f97734a0bcdf2d8d2de1a4d038,300000000.0,30082026.14,0.1003,0.10027342046666667,2.6579533333334626e-05,within_disclosure_precision
180202,2026-06-30,2026-07-21,quarterly_report,https://disc.static.szse.cn/disc/disk03/finalpage/2026-07-21/be267523-b8eb-4c32-9ba4-083e4bd7f0be.PDF,21a50c6d3eaa93148bf75f9c6339ae55ab2c967c0fc91edbbc4aae72a14ed857,300000000.0,28881597.56,0.0963,0.09627199186666666,2.80081333333404e-05,within_disclosure_precision
180203,2024-12-31,2025-01-21,quarterly_report,https://disc.static.szse.cn/disc/disk03/finalpage/2025-01-20/5129f929-f87a-4c05-b036-e5ea5b7b7450.PDF,f2caf494ac86580ad00b9cdfc4d8f07a3d8e7146b8a19b56f20771a3e575f6a6,500000000.0,235347428.99,0.4707,0.47069485798,5.1420200000151794e-06,within_disclosure_precision
180203,2025-03-31,2025-04-21,quarterly_report,https://disc.static.szse.cn/disc/disk03/finalpage/2025-04-18/71837f59-81c6-4f7c-9e01-2e98be2576f2.PDF,32e782e2940a3056f03afe5a13b18906034c9239f9eaf65646dffc17801bef41,500000000.0,79512852.19,0.159,0.15902570438,2.57043799999912e-05,within_disclosure_precision
180203,2025-06-30,2025-07-18,quarterly_report,https://disc.static.szse.cn/disc/disk03/finalpage/2025-07-17/03fffc5e-ca67-4cce-ab82-0977d1238cdc.PDF,eee99c869511e563f430b5e0dab68108444c47753a88679bf6ba0c4ea25cfb9a,500000000.0,64535745.94,0.1291,0.12907149188,2.8508119999992587e-05,within_disclosure_precision
180203,2025-06-30,2025-08-28,semiannual_report,https://disc.static.szse.cn/disc/disk03/finalpage/2025-08-28/a8f43258-c5e6-41bf-b835-df9d05de4dc5.PDF,db67df29bb926703055d3b3e6079f94bb4b4ff79f0da640e55f3048179babbc3,500000000.0,144048598.13,0.2881,0.28809719625999997,2.803740000056898e-06,within_disclosure_precision
180203,2025-09-30,2025-10-27,quarterly_report,https://disc.static.szse.cn/disc/disk03/finalpage/2025-10-27/9b4325ca-a197-4daa-82eb-7c7661263bb1.PDF,aaffb9d0a6b3597702078aea26653ad09fe765fc2d6bdcba8c2f019e5be1ec35,500000000.0,82659844.85,0.1653,0.1653196897,1.9689699999991817e-05,within_disclosure_precision
180203,2025-12-31,2026-01-22,quarterly_report,https://disc.static.szse.cn/disc/disk03/finalpage/2026-01-22/99df7e8f-0f09-487a-8a5e-5f5d3eac5429.PDF,15881eb33d4695447d8c443c8d6287ce5870f582e9aca5152a2ff5b2b6fffcdb,500000000.0,91626525.88,0.1833,0.18325305175999998,4.6948240000010966e-05,within_disclosure_precision
180203,2026-03-31,2026-04-22,quarterly_report,https://disc.static.szse.cn/disc/disk03/finalpage/2026-04-22/67fec293-c9c8-49cd-888a-48ecf404a6b1.PDF,0b6c841c939e0521c389a42f4eabb8e1677acff6f590f9955bb0907875ebd375,500000000.0,68549514.0,0.1371,0.137099028,9.719999999879825e-07,within_disclosure_precision
180203,2026-06-30,2026-07-21,quarterly_report,https://disc.static.szse.cn/disc/disk03/finalpage/2026-07-21/a8e96566-0853-4555-a8c5-1f4ec4fc4543.PDF,44dec18b570772f5e9a287670a559a34da7bab993c364b1b1ddfb1a4b7e6fbe7,500000000.0,98703240.69,0.1974,0.19740648138,6.481380000006309e-06,within_disclosure_precision
180301,2021-09-30,2021-10-27,quarterly_report,https://disc.static.szse.cn/disc/disk02/finalpage/2021-10-27/027a4858-a2f8-4632-ad16-fb1e201f4ffb.PDF,2da16e1563c7479e0f7a467f5ef45e4f6882c3e514caae4272cd4377cc73ee9b,800000000.0,19533403.51,0.0244,0.024416754387500003,1.6754387500001605e-05,within_disclosure_precision
180301,2021-12-31,2022-01-22,quarterly_report,https://disc.static.szse.cn/disc/disk03/finalpage/2022-01-22/8988da0d-22cc-43f5-98fe-9638c4ec113d.PDF,60d32d2e4fad3ecdb99e06410cd3414ac648b3d3452f1f90a94624f949a28a8a,800000000.0,21104426.36,0.0264,0.02638053295,1.9467049999999375e-05,within_disclosure_precision
180301,2022-03-31,2022-04-23,quarterly_report,https://disc.static.szse.cn/disc/disk03/finalpage/2022-04-22/2fa72b99-e2b5-41c4-95b8-25a771fad666.PDF,c777c0a5449f8b847955d5752383efb50df032690bbdcddabb7361c9b293a343,800000000.0,23013663.87,0.0288,0.0287670798375,3.292016249999835e-05,within_disclosure_precision
180301,2022-06-30,2022-07-21,quarterly_report,https://disc.static.szse.cn/disc/disk03/finalpage/2022-07-20/c9a57c4c-d09e-41af-bb86-a0b5b1c0e5ac.PDF,a731e1fac6c377b8fa42a4b6e38abe63e4343e674e7155a13e1c8118de9bcea1,800000000.0,22052251.49,0.0276,0.0275653143625,3.468563750000028e-05,within_disclosure_precision
180301,2022-06-30,2022-08-31,semiannual_report,https://disc.static.szse.cn/disc/disk03/finalpage/2022-08-30/ff36bcbc-92ef-4d96-92bf-ad290d4c8205.PDF,af0ebecf5295deb778642804b0a1785c931ec844696541598d35ce89fb9a9e31,800000000.0,45065915.36,0.0563,0.0563323942,3.239419999999382e-05,within_disclosure_precision
180301,2022-09-30,2022-10-26,quarterly_report,https://disc.static.szse.cn/disc/disk03/finalpage/2022-10-25/63068e30-bffb-4972-aeb4-0bef014bd74a.PDF,952f65246f6ec45667d7e14c3228f8fe0088c561fb1035c5fd13dbabf8cf3499,800000000.0,20342865.48,0.0254,0.02542858185,2.8581850000000686e-05,within_disclosure_precision
180301,2022-12-31,2023-01-20,quarterly_report,https://disc.static.szse.cn/disc/disk03/finalpage/2023-01-19/41405f5e-00d8-4e18-8c90-5eaae33d4799.PDF,219d6470ec5439407ca7e10d84f7f2b3e77e4c00adb821d1f8c6a431118cc7a1,800000000.0,21538835.86,0.0269,0.026923544825,2.3544824999999214e-05,within_disclosure_precision
180301,2023-03-31,2023-04-21,quarterly_report,https://disc.static.szse.cn/disc/disk03/finalpage/2023-04-20/d012845b-857c-47d0-b9f5-226a06534aa5.PDF,f121e838116296a18dd66cb95f7a59dc7a8bcde7709bc4c55e1bb574f6f80924,800000000.0,23482463.89,0.0294,0.0293530798625,4.6920137499999875e-05,within_disclosure_precision
180301,2023-06-30,2023-07-21,quarterly_report,https://disc.static.szse.cn/disc/disk03/finalpage/2023-07-20/6f9150b7-6284-4d7d-a7b7-e5b1aaf2d4db.PDF,328e52622741f5fedacf979f6ea0e5fba221ec20a80b9b5831799af0f52a0883,953629628.0,22802079.94,0.0239,0.0239108342174956,1.0834217495599152e-05,within_disclosure_precision
180301,2023-06-30,2023-08-31,semiannual_report,https://disc.static.szse.cn/disc/disk03/finalpage/2023-08-30/2b46c18c-f6c8-424d-b2bd-9ed901396362.PDF,c05477dc61e7ccd1acc0eb17912924bbdfe5d2cae15b9823ee4797d0e4cd149a,953629628.0,46284543.83,0.0485,0.048535136148265726,3.51361482657242e-05,within_disclosure_precision
180301,2023-09-30,2023-10-25,quarterly_report,https://disc.static.szse.cn/disc/disk03/finalpage/2023-10-24/1acd47f8-9d1a-4493-b524-0f3d6db28751.PDF,ff5bdfcec972a510083a6f4bef7536ece96006b511c72ec2bedfb5f8417a5c0e,953629628.0,26858458.32,0.0282,0.028164454554887215,3.5545445112784846e-05,within_disclosure_precision
180301,2023-12-31,2024-01-20,quarterly_report,https://disc.static.szse.cn/disc/disk03/finalpage/2024-01-19/0d4f700b-f6e8-464d-a2f9-33fa66600ac7.PDF,bd4c73b5eb43bd4da7299c4b71e37d259080269a1c8a4ab148b8a5336be44b3f,953629628.0,22891517.34,0.024,0.02400462052338835,4.620523388350339e-06,within_disclosure_precision
180301,2024-03-31,2024-04-20,quarterly_report,https://disc.static.szse.cn/disc/disk03/finalpage/2024-04-19/08686eb4-8cd8-4c56-9f85-a9844caa0f99.PDF,14c5051b1c6eea2c891f55464b5078f6e354a5eeb92f8845e4a6c7292d2845be,953629628.0,25266118.2,0.0265,0.026494686677247404,5.313322752595329e-06,within_disclosure_precision
180301,2024-06-30,2024-07-19,quarterly_report,https://disc.static.szse.cn/disc/disk03/finalpage/2024-07-18/bafd41bf-16ad-4a51-a0e3-0715b4a8fd7f.PDF,570fa4369f6308c39acfc03bff17d7fe5d48b7a86c656558aec94d59fb639974,953629628.0,22582801.56,0.0237,0.023680893396068017,1.9106603931982186e-05,within_disclosure_precision
180301,2024-06-30,2024-08-30,semiannual_report,https://disc.static.szse.cn/disc/disk03/finalpage/2024-08-30/298f7a48-0c0d-45d6-85dc-944ea7ee5a59.PDF,7d56920ad05e2f5cc93e2e1742d0e8342e9e18173fd5c96a7dbad9e8e3095a81,953629628.0,47848919.76,0.0502,0.05017558007331542,2.4419926684580984e-05,within_disclosure_precision
180301,2024-09-30,2024-10-25,quarterly_report,https://disc.static.szse.cn/disc/disk03/finalpage/2024-10-24/3b3b6375-766a-4574-899b-27ee0abc5ce7.PDF,4a27d7dce1fb02c6ec695d735f4e2e2c008aeae21ef591157fcaddb2e4aa45ab,953629628.0,24261215.04,0.0254,0.025440919962692266,4.0919962692266554e-05,within_disclosure_precision
180301,2024-12-31,2025-01-22,quarterly_report,https://disc.static.szse.cn/disc/disk03/finalpage/2025-01-21/9e9775f1-dd8e-4700-9128-69bf453d3bef.PDF,545316bb9e095c9eb9942c1edfe8d5a65bdfd5be70b8e60a3cbaa582dd82cfd8,953629628.0,22664719.16,0.0238,0.023766794250650106,3.320574934989606e-05,within_disclosure_precision
180301,2025-03-31,2025-04-22,quarterly_report,https://disc.static.szse.cn/disc/disk03/finalpage/2025-04-21/b0bcddad-a269-4ab9-a273-2455ebc55a5b.PDF,21dfac279df1c3528378dccec6324e773b0d6504483c98e8d75dfa7a09268668,953629628.0,23601388.35,0.0247,0.024749009109016486,4.9009109016485974e-05,within_disclosure_precision
180301,2025-06-30,2025-07-18,quarterly_report,https://disc.static.szse.cn/disc/disk03/finalpage/2025-07-17/f7053c53-862d-4cf8-af8f-f86772dc8b42.PDF,8a8e634c99c6b9871b124d80ad4d2d196c0768e35923dbab44c118d5ca631b86,953629628.0,24199646.89,0.0254,0.025376358052919053,2.3641947080946246e-05,within_disclosure_precision
180301,2025-06-30,2025-08-29,semiannual_report,https://disc.static.szse.cn/disc/disk03/finalpage/2025-08-29/87fc2770-387b-4af1-8765-d479e1c7a9a3.PDF,1555869cc3f278077ea57128fd4580ff43b26b2d1b96699924c1b9f1740d9e19,953629628.0,47801035.24,0.0501,0.05012536716193554,2.5367161935539728e-05,within_disclosure_precision
180301,2025-09-30,2025-10-28,quarterly_report,https://disc.static.szse.cn/disc/disk03/finalpage/2025-10-28/24c3b580-8ad4-4227-9b7f-b7226f67687b.PDF,e5b8941c2b01b384610d25140cb84b1daa36eeff168382f80ab75f904e716fc0,953629628.0,23623246.94,0.0248,0.024771930575965707,2.8069424034292412e-05,within_disclosure_precision
180301,2025-12-31,2026-01-22,quarterly_report,https://disc.static.szse.cn/disc/disk03/finalpage/2026-01-22/0c6409cd-e594-4ccf-8eab-4725545f9759.PDF,bad13b5f562961bdb88f01ed7dec914c296f67b34b2744927e6b0edbd21c78c3,953629628.0,21161865.05,0.0222,0.022190863652570995,9.13634742900557e-06,within_disclosure_precision
180301,2026-03-31,2026-04-21,quarterly_report,https://disc.static.szse.cn/disc/disk03/finalpage/2026-04-21/33b4e72c-3e28-4b27-866b-b9ea97a1ecb7.PDF,7fe0811a6f650dd07bb578a8b4154c789d827c34859095fb6325b4c6b2fb4778,953629628.0,21550260.77,0.0226,0.02259814516794774,1.8548320522594752e-06,within_disclosure_precision
180301,2026-06-30,2026-07-21,quarterly_report,https://disc.static.szse.cn/disc/disk03/finalpage/2026-07-21/07522a94-dc7a-46f6-b694-51f76af36494.PDF,a90daaf9619ebe8e4bcb6538120db52582159dc07e7e1fa79e09b238a5278753,953629628.0,20612970.04,0.0216,0.02161527854711326,1.527854711325799e-05,within_disclosure_precision
180302,2024-09-30,2024-10-25,quarterly_report,https://disc.static.szse.cn/disc/disk03/finalpage/2024-10-24/761bd1ae-020b-4675-a59e-e092691280cf.PDF,bcbaea3cea9ab0dd71a9617ec3d1ca7dca20f3675e84ae549a3f8fff20b7f9fc,600000000.0,18551724.59,0.0309,0.030919540983333334,1.9540983333333345e-05,within_disclosure_precision
180302,2024-12-31,2025-01-22,quarterly_report,https://disc.static.szse.cn/disc/disk03/finalpage/2025-01-21/42f2447d-fc1e-4345-92aa-c385f8abc469.PDF,738b2a9a6dcc07d6ab410129b189251cc688f6d90f2c355706994149d6a42206,600000000.0,18570338.36,0.031,0.03095056393333333,4.943606666666864e-05,within_disclosure_precision
180302,2025-03-31,2025-04-22,quarterly_report,https://disc.static.szse.cn/disc/disk03/finalpage/2025-04-21/e528ad04-7708-47d3-b574-752392ff2a85.PDF,438e47507771fad9ac85f9d0241477487f03ac7c23b65cc040ba1082cc9705fe,600000000.0,18234986.3,0.0304,0.030391643833333336,8.356166666664139e-06,within_disclosure_precision
180302,2025-06-30,2025-07-21,quarterly_report,https://disc.static.szse.cn/disc/disk03/finalpage/2025-07-18/6b5fbc97-3a44-40c0-b599-4a70ba0c6180.PDF,0f6051e2e6fe75ab3eb5c1e4fbe04cb7f5c2ca27b79a2b5cce401fad3a6b7419,600000000.0,18511683.29,0.0309,0.030852805483333332,4.7194516666668185e-05,within_disclosure_precision
180302,2025-06-30,2025-08-30,semiannual_report,https://disc.static.szse.cn/disc/disk03/finalpage/2025-08-30/7316e665-f7a3-43b7-a8ee-5e654ca9d9b6.PDF,07d09458b21a671829bdce7b2518f30fecafececc10c57db3813f770bbc21bd0,600000000.0,36746669.59,0.0612,0.06124444931666667,4.444931666667401e-05,within_disclosure_precision
180302,2025-09-30,2025-10-28,quarterly_report,https://disc.static.szse.cn/disc/disk03/finalpage/2025-10-28/7b90e0d5-bd0b-4974-9d48-0c4c3b3adabd.PDF,92dfd03d37b42484264cd203720a186a6a42e204642ab03bb6ace0a7a299d36d,600000000.0,18744911.01,0.0312,0.031241518350000004,4.151835000000548e-05,within_disclosure_precision
180302,2025-12-31,2026-01-22,quarterly_report,https://disc.static.szse.cn/disc/disk03/finalpage/2026-01-22/ab964bcc-f1fb-412e-95b3-2b84408e118e.PDF,e4438be282af254c91c66143d71d39a477ef88a654a230dfe9b85664b57c53f1,600000000.0,18909619.4,0.0315,0.03151603233333333,1.6032333333332316e-05,within_disclosure_precision
180302,2026-03-31,2026-04-22,quarterly_report,https://disc.static.szse.cn/disc/disk03/finalpage/2026-04-22/6170e77a-8410-4c55-8612-26e0eb3b3e36.PDF,908d4a50297af435c649409b870a7d4e346a29739c57dc03339aa04af614d533,600000000.0,17682410.96,0.0295,0.029470684933333335,2.9315066666663753e-05,within_disclosure_precision
180302,2026-06-30,2026-07-21,quarterly_report,https://disc.static.szse.cn/disc/disk03/finalpage/2026-07-21/372c364d-09b0-4fff-bc61-5c04a2b4b991.PDF,a4576531b34a7d9e08d6f109a1f8792dba955401c06a0d37b6a3eef9f97c1d00,600000000.0,17812204.77,0.0297,0.02968700795,1.2992050000000532e-05,within_disclosure_precision
180303,2024-12-31,2025-01-21,quarterly_report,https://disc.static.szse.cn/disc/disk03/finalpage/2025-01-20/022723ba-e381-4be5-a57e-87a042555c54.PDF,480ac8a88789ecbc72521f349ce967b7f5c82c04b007f1ea75abb898f9a18754,300000000.0,13457105.08,0.0449,0.044857016933333334,4.2983066666668623e-05,within_disclosure_precision
180303,2025-03-31,2025-04-22,quarterly_report,https://disc.static.szse.cn/disc/disk03/finalpage/2025-04-21/296c9fbc-677b-488e-a34f-fee60b5c406f.PDF,bea14438bffa68792e5c2a0a7823c1dd8d56c45a127b8aa7320032101caf575a,300000000.0,12474334.49,0.0416,0.041581114966666666,1.8885033333332357e-05,within_disclosure_precision
180303,2025-06-30,2025-07-21,quarterly_report,https://disc.static.szse.cn/disc/disk03/finalpage/2025-07-18/0b1b7832-6b61-48ec-b029-01eaa5bdec54.PDF,23f1bfb5bec00910a17c2f18911e4b6b8e157c4ecb236dc42adcd1a5644aaeb3,300000000.0,14344500.44,0.0478,0.047815001466666666,1.5001466666664243e-05,within_disclosure_precision
180303,2025-06-30,2025-08-29,semiannual_report,https://disc.static.szse.cn/disc/disk03/finalpage/2025-08-29/425f8f50-1b4b-480c-b222-b00ed36fecfc.PDF,63332d4df52c698e543f391ba9ae3bfe023fe2ed16bcad354a1f7984b4003d46,300000000.0,26818834.93,0.0894,0.08939611643333334,3.883566666654237e-06,within_disclosure_precision
180303,2025-09-30,2025-10-28,quarterly_report,https://disc.static.szse.cn/disc/disk03/finalpage/2025-10-28/f669d922-8814-4b73-b846-dbd591f22f66.PDF,77461a08afd65a41a5233ad713a083ab0dbeba542f38e1f6d0fb27e195b52587,300000000.0,12189140.5,0.0406,0.040630468333333336,3.046833333333887e-05,within_disclosure_precision
180303,2025-12-31,2026-01-22,quarterly_report,https://disc.static.szse.cn/disc/disk03/finalpage/2026-01-22/7e6f70b7-f855-4971-ad28-722e3a9fed62.PDF,3e16411cfa050a3b3aec23a88015978e3f4987e3487ba6939125534ae98ea94d,300000000.0,16071081.77,0.0536,0.05357027256666667,2.972743333333472e-05,within_disclosure_precision
180303,2026-03-31,2026-04-22,quarterly_report,https://disc.static.szse.cn/disc/disk03/finalpage/2026-04-22/c302fa2a-3836-478b-8c49-036454a9eb89.PDF,c696bf74a546719ba008342074aaf2ced974943df9c1405200f7acd75050ff02,300000000.0,14447965.73,0.0482,0.04815988576666667,4.011423333333264e-05,within_disclosure_precision
180303,2026-06-30,2026-07-21,quarterly_report,https://disc.static.szse.cn/disc/disk03/finalpage/2026-07-21/0e9cfb17-615f-435a-bd63-3504bf81d6e8.PDF,1440f2e06e35f0186c1b95fa4d66e5c9fd09c36527cfe95d5dcf3192ff92490f,300000000.0,15374532.26,0.0512,0.05124844086666667,4.8440866666665805e-05,within_disclosure_precision
180305,2025-06-30,2025-07-21,quarterly_report,https://disc.static.szse.cn/disc/disk03/finalpage/2025-07-18/36455de1-4f5d-4dd3-8f83-ceed4acb98f0.PDF,d62924bc25cf1caabc8aaaab92609a543ea71e8e34f7aca39d1e85ca91ac25b6,1000000000.0,37605939.29,0.0376,0.03760593929,5.939289999999653e-06,within_disclosure_precision
180305,2025-06-30,2025-08-30,semiannual_report,https://disc.static.szse.cn/disc/disk03/finalpage/2025-08-30/4781db99-9851-49b3-967e-20f88e35cfb1.PDF,dc9d21b8da249bc7623b7e0b263189e7896012600b56f60e00ba6eb590866fbe,1000000000.0,37770605.45,0.0378,0.03777060545,2.9394549999998965e-05,within_disclosure_precision
180305,2025-09-30,2025-10-28,quarterly_report,https://disc.static.szse.cn/disc/disk03/finalpage/2025-10-28/1b129f08-9010-46f1-99d1-0fdafd6c3a9a.PDF,3daf9cbb11d05d6d2cb31f7206e7a6a0c6a687f097d960385d7d1c2c28eccf54,1000000000.0,42676517.94,0.0426,0.04267651794,7.651793999999962e-05,within_disclosure_precision
180305,2025-12-31,2026-01-22,quarterly_report,https://disc.static.szse.cn/disc/disk03/finalpage/2026-01-22/9f07fcd0-9dd0-463d-a3e9-317ad2f513ac.PDF,f1614439acfbafd4a370d6d637c46ebd71fdc196d30693231e1878224a6a79fa,1000000000.0,43509440.0,0.0435,0.04350944,9.440000000006388e-06,within_disclosure_precision
180305,2026-03-31,2026-04-22,quarterly_report,https://disc.static.szse.cn/disc/disk03/finalpage/2026-04-22/5a7b88b5-cbac-437f-b48c-94944ba45d10.PDF,46292f8f2665b3f95b01b512fa274d6e3df87a08a291cb57cc0a71fbda55f4f7,1000000000.0,43308506.25,0.0433,0.04330850625,8.506250000005211e-06,within_disclosure_precision
180305,2026-06-30,2026-07-21,quarterly_report,https://disc.static.szse.cn/disc/disk03/finalpage/2026-07-21/02292f89-fbb6-48d2-ace9-4d3ef573683f.PDF,cf6e791c7cdf19b3e622455a8bb71c6b41bfe729f3b55554eed63e6e12f49e45,1000000000.0,40494617.58,0.0405,0.040494617579999996,5.382420000005217e-06,within_disclosure_precision
180306,2026-03-31,2026-04-22,quarterly_report,https://disc.static.szse.cn/disc/disk03/finalpage/2026-04-22/b567cae5-0b9f-4845-b0c8-02a30c7f11ae.PDF,10c75fbd26f6d917203a97283202adaa93778f2f3555a4f22e101c2a20e3b4a8,400000000.0,26758633.22,0.0669,0.06689658305,3.4169500000014175e-06,within_disclosure_precision
180306,2026-06-30,2026-07-21,quarterly_report,https://disc.static.szse.cn/disc/disk03/finalpage/2026-07-21/e915fd62-2eff-4f0e-b980-8d7bfaf982a9.PDF,675c155472967e55714dba2a88519182b2363c59be2bd4d6a0ffc300b5c0a896,400000000.0,26787672.85,0.067,0.066969182125,3.0817875000005435e-05,within_disclosure_precision
180401,2022-09-30,2022-10-25,quarterly_report,https://disc.static.szse.cn/disc/disk03/finalpage/2022-10-24/d4bb7e2c-f4c9-48c4-a120-1ad88a90ba05.PDF,7ca60de88d7c1413046d0fec6e625adbadb06543aad7bd044d7033b835f1a136,600000000.0,179840522.57,0.2997,0.2997342042833333,3.42042833332834e-05,within_disclosure_precision
180401,2022-12-31,2023-01-20,quarterly_report,https://disc.static.szse.cn/disc/disk03/finalpage/2023-01-19/10a67980-bf7f-4580-b039-3ac8fd5905c3.PDF,38e444e98312226b205121cefa32100bc136655ba100457ea01326d119eb56a7,600000000.0,88520439.55,0.1475,0.14753406591666665,3.4065916666659035e-05,within_disclosure_precision
180401,2023-03-31,2023-04-21,quarterly_report,https://disc.static.szse.cn/disc/disk03/finalpage/2023-04-20/13cffc1a-2278-4c52-a96f-f275cf7c2436.PDF,14e925c2ba18af6973d895e102e53343a61b1f8031bc1ff81bbc27093d4ef5be,600000000.0,37832746.33,0.0631,0.06305457721666666,4.542278333334593e-05,within_disclosure_precision
180401,2023-06-30,2023-07-18,quarterly_report,https://disc.static.szse.cn/disc/disk03/finalpage/2023-07-17/1304168a-0af3-4740-a354-1267a8446ddc.PDF,8182993e2d8b96d36fe0b255a162818a7983f66572b397333483a415947387cc,600000000.0,167153472.9,0.2786,0.27858912150000004,1.0878499999977809e-05,within_disclosure_precision
180401,2023-06-30,2023-08-30,semiannual_report,https://disc.static.szse.cn/disc/disk03/finalpage/2023-08-29/f4563988-ca37-4558-9750-06fd629803c2.PDF,00cf35bd913b5bf0c311cc596e50ce3e1886e0737c4358e3400b65913806bef6,600000000.0,204986219.23,0.3416,0.34164369871666667,4.369871666665137e-05,within_disclosure_precision
180401,2023-09-30,2023-10-24,quarterly_report,https://disc.static.szse.cn/disc/disk03/finalpage/2023-10-23/10bee5dc-eb05-4395-9d1f-a2929d19c174.PDF,d3f9e4fb5d19d1993cd099809a875cb0ceb9c06a4aefcd3cdfc4933d02fe7122,600000000.0,153201120.16,0.2553,0.2553352002666667,3.520026666664622e-05,within_disclosure_precision
180401,2023-12-31,2024-01-19,quarterly_report,https://disc.static.szse.cn/disc/disk03/finalpage/2024-01-18/bb6b1af8-332a-4a35-8b21-34944279e5f1.PDF,ed9676fc3aaad4e10dfac373272b235e425ac9a8fc7ce62114cd807ad02044de,600000000.0,61870473.35,0.1031,0.10311745558333334,1.745558333333952e-05,within_disclosure_precision
180401,2024-03-31,2024-04-19,quarterly_report,https://disc.static.szse.cn/disc/disk03/finalpage/2024-04-18/a468ab7e-8986-42ec-9ac4-85ce5a665359.PDF,8cdaa697ee4329bc759be4024981612dfd8660eeb812b3e0f72c4bf19c3a0cd3,600000000.0,51279922.62,0.0855,0.0854665377,3.346230000000894e-05,within_disclosure_precision
180401,2024-06-30,2024-07-18,quarterly_report,https://disc.static.szse.cn/disc/disk03/finalpage/2024-07-17/16f58f15-98f2-48de-ba9d-f29f6a5bb097.PDF,89fb8912a5308ecff75486a6d97f3baa07355e563c7a6394d1601ae145e708c5,600000000.0,98804676.9,0.1647,0.1646744615,2.5538500000005238e-05,within_disclosure_precision
180401,2024-06-30,2024-08-29,semiannual_report,https://disc.static.szse.cn/disc/disk03/finalpage/2024-08-28/77c3ba90-c273-4d1e-918a-20e390b72ec1.PDF,762b5adadf1e4e0609af914d24cea2f20e777f685856109edf0766f67ddbbe7e,600000000.0,150084599.52,0.2501,0.2501409992,4.099920000000257e-05,within_disclosure_precision
180401,2024-09-30,2024-10-24,quarterly_report,https://disc.static.szse.cn/disc/disk03/finalpage/2024-10-23/9dff127f-75a0-4233-9b40-ec24c253f08d.PDF,f0f736c59154ce9406ab373d9b477060e11ddda8f968a23716a3ac3c88a12340,600000000.0,143452937.78,0.2391,0.23908822963333334,1.1770366666663534e-05,within_disclosure_precision
180401,2024-12-31,2025-01-21,quarterly_report,https://disc.static.szse.cn/disc/disk03/finalpage/2025-01-20/094f84e1-4ec9-4a37-851d-585d2aac731a.PDF,a0e854abc31383d26693389c6bf48ff37815af1c8e9479d86477b47b5e999145,600000000.0,62066202.1,0.1034,0.10344367016666667,4.3670166666662236e-05,within_disclosure_precision
180401,2025-03-31,2025-04-21,quarterly_report,https://disc.static.szse.cn/disc/disk03/finalpage/2025-04-18/6d497abf-37fc-4e01-a6c1-b5e859ebfe21.PDF,e6dec84c5d992d80a2622842e4ba3f92bbaf53f603768667780ad635e3cd4b85,600000000.0,48265648.49,0.0804,0.08044274748333334,4.274748333334133e-05,within_disclosure_precision
180401,2025-06-30,2025-07-18,quarterly_report,https://disc.static.szse.cn/disc/disk03/finalpage/2025-07-17/5f893010-a64b-4ac3-b990-b80ef285ec9c.PDF,678d3a209fd75045d1f3ace3a2ddac7a65e4ef47c1da09edc89d4b06b03ac002,600000000.0,44775313.32,0.0746,0.0746255222,2.5522200000002715e-05,within_disclosure_precision
180401,2025-06-30,2025-08-28,semiannual_report,https://disc.static.szse.cn/disc/disk03/finalpage/2025-08-28/e96ffab4-41b0-40c4-a67e-00e65ea8a191.PDF,62774bd3d48c742c75982f88498284f7be48974dc6f76aa0a5f31366a5f605ec,600000000.0,93040961.81,0.1551,0.15506826968333334,3.173031666664494e-05,within_disclosure_precision
180401,2025-09-30,2025-10-27,quarterly_report,https://disc.static.szse.cn/disc/disk03/finalpage/2025-10-27/bb0b9a6a-1228-4a02-96f7-0b5a23d8e7a7.PDF,6ca9aa57b57ab9234aa776c99f24f71c8094b1587a463dc080df9755157a2317,600000000.0,78706953.46,0.1312,0.13117825576666667,2.1744233333342855e-05,within_disclosure_precision
180401,2025-12-31,2026-01-21,quarterly_report,https://disc.static.szse.cn/disc/disk03/finalpage/2026-01-21/95ed212e-3ff7-4718-a48c-dee16c231de9.PDF,42b45c84b419d68ace26da302c0e52af0ae7caf22dd63236b96d27e2adbaa924,600000000.0,77607896.49,0.1293,0.12934649415,4.6494149999992684e-05,within_disclosure_precision
180401,2026-03-31,2026-04-21,quarterly_report,https://disc.static.szse.cn/disc/disk03/finalpage/2026-04-21/4cb49125-59bf-4589-ad82-3a34cce102ea.PDF,ce1f9a01624dc96def41b0e6c70bd9cfd213768ca0639f4b37d2386bd7aee96c,600000000.0,44178712.34,0.0736,0.07363118723333334,3.1187233333340725e-05,within_disclosure_precision
180401,2026-06-30,2026-07-20,quarterly_report,https://disc.static.szse.cn/disc/disk03/finalpage/2026-07-20/62427907-8e2e-4a82-94bd-dd38d7f9998d.PDF,92358a9dba84b1d9b9f128f6b15014c0a19cc3e521b134a4c897842a31274db0,600000000.0,32108731.78,0.0535,0.05351455296666667,1.455296666667133e-05,within_disclosure_precision
180402,2025-03-31,2025-04-22,quarterly_report,https://disc.static.szse.cn/disc/disk03/finalpage/2025-04-21/3a6bdfe8-7d1d-4a3a-8ae6-31374b453595.PDF,b82d881783e75dd86d25772ad9770e049e7fcde7d9cffd78cecd39f060da52dc,200000000.0,35822975.53,0.1791,0.17911487765,1.4877649999994746e-05,within_disclosure_precision
180402,2025-06-30,2025-07-21,quarterly_report,https://disc.static.szse.cn/disc/disk03/finalpage/2025-07-18/8c09eac0-f027-48a5-8494-80f8d21def9d.PDF,4868d2c20b506ae6897fe94e5cb68b73bcb1499169c8a1adcea2b932f91fdc96,200000000.0,802347.13,0.004,0.00401173565,1.1735649999999702e-05,within_disclosure_precision
180402,2025-06-30,2025-08-29,semiannual_report,https://disc.static.szse.cn/disc/disk03/finalpage/2025-08-29/5dcdee34-5729-48da-abcc-d921641157c8.PDF,11d7704557c855024031e52f1bf03b012dbe4b4ba30c5570e9c7c6cbe6db9d28,200000000.0,36625322.66,0.1831,0.1831266133,2.661329999997797e-05,within_disclosure_precision
180402,2025-09-30,2025-10-28,quarterly_report,https://disc.static.szse.cn/disc/disk03/finalpage/2025-10-28/831c6667-d399-48d8-9f75-b635809a602a.PDF,4bbc4bec7359ea1a8d31d02e3e6378b0210497629f8373bdf1ec3930f0b555f8,200000000.0,159723771.34,0.7986,0.7986188567,1.8856700000013937e-05,within_disclosure_precision
180402,2025-12-31,2026-01-22,quarterly_report,https://disc.static.szse.cn/disc/disk03/finalpage/2026-01-22/35f7e746-6524-49a4-8d23-f44cf5fb8f4e.PDF,a4de938c516b6ae6472f17a105b76feccbadfdc5007e82a0a6ea620add0c521c,200000000.0,-3000438.14,-0.015,-0.015002190700000001,2.190700000001544e-06,within_disclosure_precision
180402,2026-03-31,2026-04-22,quarterly_report,https://disc.static.szse.cn/disc/disk03/finalpage/2026-04-22/224432e2-8cc1-437a-a502-093d6540a94c.PDF,773ac09ee28130aec8bacf9633cdd0a3a5346279fecfebd4b758b89d9e376da9,200000000.0,2435414.08,0.0122,0.0121770704,2.292960000000073e-05,within_disclosure_precision
180402,2026-06-30,2026-07-21,quarterly_report,https://disc.static.szse.cn/disc/disk03/finalpage/2026-07-21/5e92280c-2d77-4774-a060-a19382c1f6ee.PDF,b7ebe497744344be3d6a3e69ac38530f85c33d6f2042fa3d1f061975caa938ef,200000000.0,18204835.48,0.091,0.0910241774,2.4177400000005567e-05,within_disclosure_precision
180501,2022-12-31,2023-01-20,quarterly_report,https://disc.static.szse.cn/disc/disk03/finalpage/2023-01-19/2159bac9-ebd9-4275-ae4f-1c1d5980ff81.PDF,d8e2877a03e49c173a7849513cc1ec0536f5215b4fc0048eb55b02699ff12ef9,500000000.0,13628738.83,0.0273,0.02725747766,4.2522340000000075e-05,within_disclosure_precision
180501,2023-03-31,2023-04-21,quarterly_report,https://disc.static.szse.cn/disc/disk03/finalpage/2023-04-20/7507b5ae-df3c-4d97-90b9-49be66077db4.PDF,b98d240540368c6c1ac80f67da9f2e3905f6f745aaa64d38e72591f2730db6fd,500000000.0,12616817.34,0.0252,0.02523363468,3.363467999999842e-05,within_disclosure_precision
180501,2023-06-30,2023-07-21,quarterly_report,https://disc.static.szse.cn/disc/disk03/finalpage/2023-07-20/341bcae8-ae67-4e00-adfc-b1192dc54b9a.PDF,b7d309de312952a3b81f8cc5f828a6c3adcc7e07b6e8084038c5c74aa6f97ef9,500000000.0,14332922.36,0.0287,0.02866584472,3.415527999999987e-05,within_disclosure_precision
180501,2023-09-30,2023-10-25,quarterly_report,https://disc.static.szse.cn/disc/disk03/finalpage/2023-10-24/3b956f88-adb0-4a9e-87fa-64aea2cd6856.PDF,405e014d2fd5984d2f60884c85fb5fb104ef51929c15868261b4d31f035b50cb,500000000.0,13327989.14,0.0267,0.026655978280000003,4.402171999999885e-05,within_disclosure_precision
180501,2023-12-31,2024-01-20,quarterly_report,https://disc.static.szse.cn/disc/disk03/finalpage/2024-01-19/5f565c75-2e4a-4db6-9f9c-195db8b1ea58.PDF,a5c6a073f8395acd457ee62093948f1b35751e45da2204ac76c5d6ea798dd833,500000000.0,10818620.2,0.0216,0.021637240399999997,3.7240399999995816e-05,within_disclosure_precision
180501,2024-03-31,2024-04-20,quarterly_report,https://disc.static.szse.cn/disc/disk03/finalpage/2024-04-19/bc551d76-d519-4591-9545-c280e55639ae.PDF,4654f9bbc39dfb40bcb4f35da3c005f61672e5a64cfff6292ff20fdd9de4fbd2,500000000.0,13408797.18,0.0268,0.02681759436,1.759435999999781e-05,within_disclosure_precision
180501,2024-06-30,2024-07-19,quarterly_report,https://disc.static.szse.cn/disc/disk03/finalpage/2024-07-18/14a1082c-3239-4a9b-8e67-ee45cfb27ace.PDF,201c25b8763da46317f3d20e6c33c861d55d3f2448adad8eeffdae3ca92b48cb,500000000.0,12034393.1,0.0241,0.0240687862,3.121379999999896e-05,within_disclosure_precision
180501,2024-06-30,2024-08-30,semiannual_report,https://disc.static.szse.cn/disc/disk03/finalpage/2024-08-29/aa69db76-1c5c-4e4e-b9e4-73c5e3305a80.PDF,8b0c3310b7cd12a71d01708807fad44d3bbb7fc916f5093802240fcca79f3532,500000000.0,25443190.28,0.0509,0.05088638056,1.3619440000001148e-05,within_disclosure_precision
180501,2024-09-30,2024-10-25,quarterly_report,https://disc.static.szse.cn/disc/disk03/finalpage/2024-10-24/b3e4175d-8fa1-458e-a1bb-6b1508dc09ca.PDF,81b4f619dd890cdea2140a6ee6152bfdd0173a4ffeead681f6f2c284bb874ec4,500000000.0,11913764.58,0.0238,0.02382752916,2.752915999999772e-05,within_disclosure_precision
180501,2024-12-31,2025-01-22,quarterly_report,https://disc.static.szse.cn/disc/disk03/finalpage/2025-01-21/3c55545f-5e2b-4a24-9a7a-9b8f485a3c88.PDF,4feaf07f94768f5bf6db46ecfaf37414d6fd38df2c79d41b00907a5c76194830,500000000.0,12023947.33,0.024,0.02404789466,4.789465999999881e-05,within_disclosure_precision
180501,2025-03-31,2025-04-22,quarterly_report,https://disc.static.szse.cn/disc/disk03/finalpage/2025-04-21/35e2fc46-64c4-4d83-99b0-96445b65bfe9.PDF,9e9ad6130f45e0ce191ab2739595c299ed159d19913c014e9fa0f068787b5f82,500000000.0,11531898.42,0.0231,0.02306379684,3.62031599999979e-05,within_disclosure_precision
180501,2025-06-30,2025-07-18,quarterly_report,https://disc.static.szse.cn/disc/disk03/finalpage/2025-07-17/e4febf56-f214-4b26-97f5-0c2c6a46171f.PDF,a01c31e18f973259230b2727b44ce30fd61eccb372c5e1e5a1d179b4db2add11,500000000.0,12001994.99,0.024,0.02400398998,3.98998000000067e-06,within_disclosure_precision
180501,2025-06-30,2025-08-29,semiannual_report,https://disc.static.szse.cn/disc/disk03/finalpage/2025-08-29/ae22d3e6-35ae-4749-9e69-93c8a182da8a.PDF,c0997b13c4fea63ddee825a1e3c7f8c651d763f51021b0f40d77e925024331fc,500000000.0,23533893.41,0.0471,0.04706778682,3.221318000000417e-05,within_disclosure_precision
180501,2025-09-30,2025-10-28,quarterly_report,https://disc.static.szse.cn/disc/disk03/finalpage/2025-10-28/ca850241-43a5-4327-9ba5-0f3a0815f5ae.PDF,e0e9a1a8f628e65065c24a000f773b806963a87741f00ca6a6859d5273260668,500000000.0,12126711.31,0.0243,0.02425342262,4.657737999999925e-05,within_disclosure_precision
180501,2025-12-31,2026-01-22,quarterly_report,https://disc.static.szse.cn/disc/disk03/finalpage/2026-01-22/8062c65b-ee47-468e-89cc-b6e3dbec8405.PDF,3a2a1ba1d0ed5d893b82ec234d549a8560c425305ddac7bf50c434b652521a1f,500000000.0,12014257.84,0.024,0.02402851568,2.8515680000000543e-05,within_disclosure_precision
180501,2026-03-31,2026-04-21,quarterly_report,https://disc.static.szse.cn/disc/disk03/finalpage/2026-04-21/020ad07a-9f61-44bb-a2c1-9c6b97e66a26.PDF,6263f3cefa0b15fdd78908b19a71aa5784f6b6612f1417d443ae9ea41ae2e719,500000000.0,11796376.48,0.0236,0.02359275296,7.2470399999982615e-06,within_disclosure_precision
180501,2026-06-30,2026-07-21,quarterly_report,https://disc.static.szse.cn/disc/disk03/finalpage/2026-07-21/51f3655b-c769-4903-a7d3-b43bf8b89ea5.PDF,0416850d057569a933e01f65cca49b56cc123fddb0eeabd1b303488160c6f2d7,500000000.0,11932404.28,0.0239,0.02386480856,3.51914400000021e-05,within_disclosure_precision
180502,2024-12-31,2025-01-21,quarterly_report,https://disc.static.szse.cn/disc/disk03/finalpage/2025-01-20/eea0d53a-9d3f-4ad8-87d8-58598fa68337.PDF,36ae45be349c2b6fd70b33bb7b87744f443bee2587b92d352e1e66f48eecfbc8,500000000.0,14625127.17,0.0293,0.02925025434,4.974565999999944e-05,within_disclosure_precision
180502,2025-03-31,2025-04-21,quarterly_report,https://disc.static.szse.cn/disc/disk03/finalpage/2025-04-18/3ce5aae4-1d86-4bd7-86b7-a967c955f748.PDF,165d77369f09a035397c2c75abc46b02a9764099f09e17adb6f09315fa860272,500000000.0,12398832.33,0.0248,0.02479766466,2.3353399999995195e-06,within_disclosure_precision
180502,2025-06-30,2025-07-18,quarterly_report,https://disc.static.szse.cn/disc/disk03/finalpage/2025-07-17/10b08109-7fb3-45e8-9c0e-a531ed4919a4.PDF,800ddcf64aaae89a37a9ba38b19e78aba5c5e015f31893205d69d366d3e02f9e,500000000.0,13873645.95,0.0277,0.0277472919,4.7291899999999526e-05,within_disclosure_precision
180502,2025-06-30,2025-08-28,semiannual_report,https://disc.static.szse.cn/disc/disk03/finalpage/2025-08-28/e5d1be83-1866-47f3-9bdb-70d045979bbe.PDF,dd4ebbd1dbefd03f25c98e31ac2e15e6e29a5a30988eac2fec30722036af4e42,500000000.0,26272478.28,0.0525,0.05254495656,4.4956560000003476e-05,within_disclosure_precision
180502,2025-09-30,2025-10-27,quarterly_report,https://disc.static.szse.cn/disc/disk03/finalpage/2025-10-27/5fae4a27-97d9-4250-a6c4-1d411e5f858b.PDF,5878830da33f6123725828566850431ba5cbbfe51586041f69b456f08738e6df,500000000.0,15901161.2,0.0318,0.0318023224,2.3223999999974487e-06,within_disclosure_precision
180502,2025-12-31,2026-01-22,quarterly_report,https://disc.static.szse.cn/disc/disk03/finalpage/2026-01-22/c8a22499-3676-47cb-a944-6adbeee31a0f.PDF,35b876bdb32d0ac037abffd1c08cb15a9511545c36552572f91fbfa00cdd5197,500000000.0,14548325.11,0.0291,0.02909665022,3.3497800000018008e-06,within_disclosure_precision
180502,2026-03-31,2026-04-22,quarterly_report,https://disc.static.szse.cn/disc/disk03/finalpage/2026-04-22/b681e725-f37b-44ff-8c21-54b4ea95168d.PDF,000f8e7c98916cecf4466feac2f9c89c9866057f48a10aefc6efcc498344b61b,500000000.0,14139830.18,0.0283,0.02827966036,2.0339639999998604e-05,within_disclosure_precision
180502,2026-06-30,2026-07-21,quarterly_report,https://disc.static.szse.cn/disc/disk03/finalpage/2026-07-21/34186256-0bbb-4475-b8cb-fce31087aa9c.PDF,9c199e0d108c581c96191e1f14f3cc4314a06c4eea63edf9705e8d4761cb6760,500000000.0,15617996.21,0.0312,0.03123599242,3.599242000000211e-05,within_disclosure_precision
180502,2026-06-30,2026-08-28,semiannual_report,https://disc.static.szse.cn/disc/disk03/finalpage/2026-08-28/2049126a-a693-4172-b2b8-09ddcbe1696c.PDF,7a281521489d76f3ae7252effa3a8fbf96dd3a9834a422d0c1b00158272e5257,500000000.0,29757826.39,0.0595,0.059515652780000004,1.565278000000697e-05,within_disclosure_precision
180503,2026-06-30,2026-07-21,quarterly_report,https://disc.static.szse.cn/disc/disk03/finalpage/2026-07-21/94438251-4a8d-46a0-86cb-75010a2664c0.PDF,e772e1248a8ccc2c20f41d25730284a3769f3adb6ab08ca92df21e4e47cff0fa,400000000.0,34321378.09,0.0858,0.08580344522500001,3.445225000009433e-06,within_disclosure_precision
180601,2024-03-31,2024-04-19,quarterly_report,https://disc.static.szse.cn/disc/disk03/finalpage/2024-04-18/c29acf71-c45b-4b4d-a309-a6c480e4fd7b.PDF,f03472f4a16668240040a9a527d81d41b53cc4c8a4970c7473ffa893e899e7e4,1000000000.0,51221891.82,0.0512,0.05122189182,2.1891819999994566e-05,within_disclosure_precision
180601,2024-06-30,2024-07-18,quarterly_report,https://disc.static.szse.cn/disc/disk03/finalpage/2024-07-17/b310775e-465d-4814-a63b-d4a1df0d11f8.PDF,6f8d4f3e4c3f9dc6bd2426324059054d8822fe5f636d7bd348a8a920c0607747,1000000000.0,86661587.44,0.0867,0.08666158743999999,3.841256000000626e-05,within_disclosure_precision
180601,2024-06-30,2024-08-30,semiannual_report,https://disc.static.szse.cn/disc/disk03/finalpage/2024-08-29/175515d0-0d03-47c3-9a0c-dca1782224e6.PDF,cff4976dfb035c33faf0a71243f1349b9ebb65e1e3224299e474d342c7599936,1000000000.0,137883479.26,0.1379,0.13788347926,1.6520739999997813e-05,within_disclosure_precision
180601,2024-09-30,2024-10-25,quarterly_report,https://disc.static.szse.cn/disc/disk03/finalpage/2024-10-24/b19db790-5636-4e39-a276-8df2dc4cf332.PDF,580b4acfc4a7da747addb2933e9a518f113cdad5d114918ecd7cc0e7728f58f4,1000000000.0,88784989.62,0.0888,0.08878498962,1.5010379999999546e-05,within_disclosure_precision
180601,2024-12-31,2025-01-22,quarterly_report,https://disc.static.szse.cn/disc/disk03/finalpage/2025-01-21/f43c4fb1-cf1a-4ab3-9f98-ec13b37cc660.PDF,03df0527fdba6c415f8fa6931291770fc88fa0c229f743e4aa0b2e4c0d06b49d,1000000000.0,88677402.45,0.0887,0.08867740245,2.2597550000003075e-05,within_disclosure_precision
180601,2025-03-31,2025-04-22,quarterly_report,https://disc.static.szse.cn/disc/disk03/finalpage/2025-04-21/e6ced322-1185-48b7-85a3-2f6b59c693b9.PDF,65e8b183effacad5bda2f0cdbd72b71c5928daab790d1071dfe8cb1187c5fed1,1000000000.0,88259179.37,0.0883,0.08825917937000001,4.0820629999993585e-05,within_disclosure_precision
180601,2025-06-30,2025-07-21,quarterly_report,https://disc.static.szse.cn/disc/disk03/finalpage/2025-07-18/9edecc1d-5524-4aab-9877-eece7160ad2a.PDF,6df2274acb0c1c4ff1c220ff06f5b1da429f4e46626051b9d4c2758a4ea9ee6a,1000000000.0,91167388.43,0.0912,0.09116738843000001,3.2611569999993484e-05,within_disclosure_precision
180601,2025-06-30,2025-08-30,semiannual_report,https://disc.static.szse.cn/disc/disk03/finalpage/2025-08-30/eb68a9c9-a37c-4dc8-81f5-0d71ba50d1c6.PDF,00e9f2641f6bb42f35535611653cb7ca7ee4d8d765e5a1f1b340f2e71ca5d6a5,1000000000.0,179426567.8,0.1794,0.17942656780000002,2.6567800000015795e-05,within_disclosure_precision
180601,2025-09-30,2025-10-28,quarterly_report,https://disc.static.szse.cn/disc/disk03/finalpage/2025-10-28/b9b76dda-a7a6-4cf0-8c04-7238866af9f5.PDF,2e3008c9124b7b834f978ccc535c4c0d16942600a88bddbdb0e8e908d2d0a1a0,1000000000.0,92396214.03,0.0924,0.09239621403,3.785969999989258e-06,within_disclosure_precision
180601,2025-12-31,2026-01-22,quarterly_report,https://disc.static.szse.cn/disc/disk03/finalpage/2026-01-22/43bb2b79-0014-464c-bf89-d7166f7c9952.PDF,084f2f882d108e50bfb48c1de44866875350b30df719c2394efd821c0ee6436c,1000000000.0,93240699.19,0.0932,0.09324069919,4.069918999999311e-05,within_disclosure_precision
180601,2026-03-31,2026-04-22,quarterly_report,https://disc.static.szse.cn/disc/disk03/finalpage/2026-04-22/e7692c5b-0abd-409b-a0a7-881742528b9b.PDF,ecf5f1d16ae5bf9ca4ce576cd475ecc9707fd78fee2606989f3bb62a16132756,1000000000.0,90130273.2,0.0901,0.0901302732,3.02732e-05,within_disclosure_precision
180601,2026-06-30,2026-07-21,quarterly_report,https://disc.static.szse.cn/disc/disk03/finalpage/2026-07-21/27e4f1fe-e491-4acc-ae1e-483b62d192be.PDF,d93287dbbbf826f88886fac0b3aa61e0d2d8b8f2d872ec24a5baee130770dfb8,1000000000.0,92135498.7,0.0921,0.0921354987,3.549869999999733e-05,within_disclosure_precision
180602,2024-06-30,2024-07-19,quarterly_report,https://disc.static.szse.cn/disc/disk03/finalpage/2024-07-18/82bb5af8-e7d6-4397-b01d-db0941e65286.PDF,f05da79ce1e9c08270354892db66af33ad67f403adce27784a0d4d35dfe0c1e3,1000000000.0,36809865.94,0.0368,0.03680986594,9.86593999999924e-06,within_disclosure_precision
180602,2024-06-30,2024-08-31,semiannual_report,https://disc.static.szse.cn/disc/disk03/finalpage/2024-08-30/25960ef9-d8d2-4767-9860-f8ab97237332.PDF,f9a47196862399652cdd55d25ca73790e618c236a8d2568c71454ea11ff97ba6,1000000000.0,36809865.94,0.0368,0.03680986594,9.86593999999924e-06,within_disclosure_precision
180602,2024-09-30,2024-10-25,quarterly_report,https://disc.static.szse.cn/disc/disk03/finalpage/2024-10-24/6121d0ad-9f90-4fe9-a02c-a82da49c142f.PDF,3685e574325dc9b618ac3778943286f9b5547610430e58fc35ed10942d565994,1000000000.0,42801807.27,0.0428,0.042801807270000006,1.8072700000079656e-06,within_disclosure_precision
180602,2024-12-31,2025-01-22,quarterly_report,https://disc.static.szse.cn/disc/disk03/finalpage/2025-01-21/4dae83ac-e2a6-4a39-a4d1-e2658ba0fccb.PDF,d6d0913837821d749d732f69f4ef15d6f0f06735ea5d3fbf25e935f4ede6d49f,1000000000.0,44886456.68,0.0449,0.04488645668,1.3543320000003467e-05,within_disclosure_precision
180602,2025-03-31,2025-04-22,quarterly_report,https://disc.static.szse.cn/disc/disk03/finalpage/2025-04-21/42cb9b54-30eb-4bf2-a303-8d2daac3daee.PDF,dee3a7d5c1b792f2049dadda3272da2a4e208bff59fd8ccf92ced272e16bf53f,1000000000.0,43051086.41,0.0431,0.043051086409999995,4.8913590000004836e-05,within_disclosure_precision
180602,2025-06-30,2025-07-21,quarterly_report,https://disc.static.szse.cn/disc/disk03/finalpage/2025-07-18/b4176484-a217-4a00-b3d7-269488dc685c.PDF,e6f05e4ba40855debc54e18247595a2b4fd98134a05cd2d328f8c423e0ee5862,1000000000.0,43378141.53,0.0434,0.043378141530000004,2.1858469999996855e-05,within_disclosure_precision
180602,2025-09-30,2025-10-28,quarterly_report,https://disc.static.szse.cn/disc/disk03/finalpage/2025-10-28/7ee79c69-c91b-4a9e-9455-12697732f325.PDF,f6348a513ab671838e73412cfc72433ab6feb438aae53e07d65bb089e2726255,1000000000.0,44665344.98,0.0447,0.044665344979999994,3.4655020000003145e-05,within_disclosure_precision
180602,2025-12-31,2026-01-22,quarterly_report,https://disc.static.szse.cn/disc/disk03/finalpage/2026-01-22/dbf73e30-679d-4006-b930-8790aded1640.PDF,447371907b4bf7b5462fc3427f609243fbe16b702f7ba3bdb39160c76489554e,1000000000.0,42799122.32,0.0428,0.04279912232,8.776799999971052e-07,within_disclosure_precision
180602,2026-03-31,2026-04-22,quarterly_report,https://disc.static.szse.cn/disc/disk03/finalpage/2026-04-22/5a1bba96-33bf-4a3f-8bba-c9f46a1c2635.PDF,702fba814c9535a465e3f8b3ca75b723bc48e0d841e3a5a0e00513867d6519aa,1000000000.0,42738692.88,0.0427,0.042738692880000005,3.8692880000003316e-05,within_disclosure_precision
180602,2026-06-30,2026-07-21,quarterly_report,https://disc.static.szse.cn/disc/disk03/finalpage/2026-07-21/b06d4fab-39fa-4e64-b986-4a5e8e9ce982.PDF,fcea6ca5aa6bd2f1af9b33e5d147e96680f29f850ba3ae6ca269125a4b614651,1000000000.0,43466958.44,0.0435,0.043466958439999995,3.3041560000002246e-05,within_disclosure_precision
180602,2026-06-30,2026-08-28,semiannual_report,https://disc.static.szse.cn/disc/disk03/finalpage/2026-08-28/b0765aea-1e1c-4299-8b57-9f2568e14ca7.PDF,b810261be457bb1510ca401e3240cf1a9e28410871190e0a35918c06dee9d8a8,1000000000.0,86158376.91,0.0862,0.08615837691,4.1623089999998086e-05,within_disclosure_precision
180603,2024-12-31,2025-01-22,quarterly_report,https://disc.static.szse.cn/disc/disk03/finalpage/2025-01-21/db543f29-d230-4670-aae5-e3b1c71f7bb1.PDF,7d1b9960d98bf53c4918074121b110d4ea349d364834220f43abbd03cffc45c5,1000000000.0,45290855.68,0.0453,0.04529085568,9.144320000001316e-06,within_disclosure_precision
180603,2025-03-31,2025-04-22,quarterly_report,https://disc.static.szse.cn/disc/disk03/finalpage/2025-04-21/9dba8fd6-0a0d-4d05-aa56-5d051448fa17.PDF,0b7fb15c0e1712de8a55a31113349843dbfd18a77ac3296d639c098781ba2440,1000000000.0,44737594.46,0.0447,0.04473759446,3.759446000000527e-05,within_disclosure_precision
180603,2025-06-30,2025-07-21,quarterly_report,https://disc.static.szse.cn/disc/disk03/finalpage/2025-07-18/55b70375-8591-4d0b-87c9-f9d2fd17a7ee.PDF,b089a6ee4fffe63eab47ff45c1c92b3a9e44384cb299e3c74fb5b94d3e3dd15b,1000000000.0,45399929.45,0.0454,0.04539992945,7.05500000017234e-08,within_disclosure_precision
180603,2025-06-30,2025-08-30,semiannual_report,https://disc.static.szse.cn/disc/disk03/finalpage/2025-08-30/3a0feaf2-2c74-48ee-90f3-8c20c4d51745.PDF,c531192f62acd28943ff1657ba9ce5e000f4536c40205007c0ebb6e1a299c51b,1000000000.0,90137523.91,0.0901,0.09013752391,3.7523910000003546e-05,within_disclosure_precision
180603,2025-09-30,2025-10-28,quarterly_report,https://disc.static.szse.cn/disc/disk03/finalpage/2025-10-28/150017e6-67a0-44ee-b6fb-8af1c7516956.PDF,8d251a9ba73e1dc1ae28e5e2fa33f8a6c4b91be24c5c3daaa2e501f0e36ae670,1000000000.0,45983036.65,0.046,0.045983036649999996,1.6963350000002986e-05,within_disclosure_precision
180603,2025-12-31,2026-01-22,quarterly_report,https://disc.static.szse.cn/disc/disk03/finalpage/2026-01-22/5c648ca8-e06e-40d3-a764-5435ac806a7f.PDF,0aaff921ae473d83b5a97f539808d0c797939ddbbc2441b38127ae8dd4670a02,1000000000.0,46018961.2,0.046,0.0460189612,1.8961200000000566e-05,within_disclosure_precision
180603,2026-03-31,2026-04-22,quarterly_report,https://disc.static.szse.cn/disc/disk03/finalpage/2026-04-22/6d2b80af-c8c1-4770-a41f-dd12703cf7ca.PDF,ac40c6abcd2f0a5075251e0da5881f287209c50cbab2e75487c4094f91ec8341,1000000000.0,46188755.62,0.0462,0.04618875562,1.1244379999997278e-05,within_disclosure_precision
180603,2026-06-30,2026-07-21,quarterly_report,https://disc.static.szse.cn/disc/disk03/finalpage/2026-07-21/6a722e72-95f5-4a14-b0b1-14f415b7c14a.PDF,35c42c4d4b17195a0f8fd40f008618a0b1ce587365712873fd1e84437e3f1cc9,1000000000.0,45980305.42,0.046,0.04598030542,1.9694580000000073e-05,within_disclosure_precision
180605,2025-03-31,2025-04-22,quarterly_report,https://disc.static.szse.cn/disc/disk03/finalpage/2025-04-21/72dfd458-333e-4a1a-8cd7-d76f24d132c3.PDF,72d5abf67469a80d22b5ccf259b70db7ce51734974755990feac0ee3f6908766,500000000.0,55709614.16,0.1114,0.11141922832,1.922831999999486e-05,within_disclosure_precision
180605,2025-06-30,2025-07-21,quarterly_report,https://disc.static.szse.cn/disc/disk03/finalpage/2025-07-18/736520de-ee2f-49a9-b6e9-891edba65737.PDF,1616b88ca039ebb3cc0119467fb1043e5e99da7e935f3ef6985fa650460c1c32,500000000.0,26557567.28,0.0531,0.05311513456,1.5134559999997743e-05,within_disclosure_precision
180605,2025-06-30,2025-08-30,semiannual_report,https://disc.static.szse.cn/disc/disk03/finalpage/2025-08-30/15e6571a-aedd-4a43-acc4-eb00beb4e574.PDF,dc2377da04a5373f26352985bb89da099bfc567df0ab9d5b00cdb49643210364,500000000.0,82267181.44,0.1645,0.16453436288,3.436287999999954e-05,within_disclosure_precision
180605,2025-09-30,2025-10-28,quarterly_report,https://disc.static.szse.cn/disc/disk03/finalpage/2025-10-28/bb57826e-4754-43d8-8570-318333f5fc30.PDF,ebe020c9c80bd4df9baad680db7c252841201a66117a758a3c59320710568768,500000000.0,22551893.62,0.0451,0.045103787240000005,3.787240000004133e-06,within_disclosure_precision
180605,2025-12-31,2026-01-22,quarterly_report,https://disc.static.szse.cn/disc/disk03/finalpage/2026-01-22/6b951052-d477-4386-a1e9-005d2fde35ef.PDF,9e22b7533b45a5254e10287eeb224e3b834ddfd962ea975cfa0234ecb2f6e25d,500000000.0,14485511.22,0.029,0.02897102244,2.8977560000000707e-05,within_disclosure_precision
180605,2026-03-31,2026-04-22,quarterly_report,https://disc.static.szse.cn/disc/disk03/finalpage/2026-04-22/d85166e2-66a5-4b8e-8b1d-e0127a55133a.PDF,2a8632b563dcb918c26ff17e56f357416c0dbe6742d4deb0de2839da6c35e8a6,500000000.0,22470246.5,0.0449,0.044940493,4.0492999999995616e-05,within_disclosure_precision
180605,2026-06-30,2026-07-21,quarterly_report,https://disc.static.szse.cn/disc/disk03/finalpage/2026-07-21/aa82d639-0bc0-4ebc-97fd-9540ab86eae7.PDF,cc2dd4fd8e55dbf85e99bdfa385cc8e0fcfddb680802b9280da69c2748b6311a,500000000.0,22902673.89,0.0458,0.04580534778,5.347779999997915e-06,within_disclosure_precision
180606,2025-09-30,2025-10-28,quarterly_report,https://disc.static.szse.cn/disc/disk03/finalpage/2025-10-28/79695b8c-b568-4148-b6a5-bc7a7394bcc2.PDF,0664bcc76f532591ebacb80eef39c479144e8bc04c20f86b95f827827409a112,500000000.0,22000863.53,0.044,0.04400172706,1.727060000004943e-06,within_disclosure_precision
180606,2025-12-31,2026-01-22,quarterly_report,https://disc.static.szse.cn/disc/disk03/finalpage/2026-01-22/8b43b2e8-3ab1-4a2f-a651-73c1702f2e2e.PDF,ea05454f05586b781493e03b90d51d34f7d09525c1e28301ce366ac13f7b5f28,500000000.0,18267934.97,0.0365,0.03653586994,3.586994000000232e-05,within_disclosure_precision
180606,2026-03-31,2026-04-22,quarterly_report,https://disc.static.szse.cn/disc/disk03/finalpage/2026-04-22/18a58cb1-9c39-46a1-81ff-0b3ac4007089.PDF,b55ac469bdd763b1b1e8e7eb2fe02dd224d9fd059bda19b86dafc87ab61a2f6f,500000000.0,20916556.71,0.0418,0.041833113420000005,3.3113420000008276e-05,within_disclosure_precision
180606,2026-06-30,2026-07-21,quarterly_report,https://disc.static.szse.cn/disc/disk03/finalpage/2026-07-21/8cd136a2-8d9a-4203-a394-72acc8d2814d.PDF,5d124362b0e6546e53d16c3b6a902057bc6dfe3d0e9c9e487517356827e8758f,500000000.0,20038365.08,0.0401,0.04007673016,2.3269839999999486e-05,within_disclosure_precision
180606,2026-06-30,2026-08-28,semiannual_report,https://disc.static.szse.cn/disc/disk03/finalpage/2026-08-28/02b8ee16-4565-4bf7-8cd8-1ef8cb6ba5ad.PDF,d62c5a4aa07cd3012829e8be0e8f3b96b3ce1b0d0d5a3a1124520c02494565d5,500000000.0,40954921.79,0.0819,0.08190984358,9.84358000000185e-06,within_disclosure_precision
180607,2025-12-31,2026-01-22,quarterly_report,https://disc.static.szse.cn/disc/disk03/finalpage/2026-01-22/af374682-0094-498e-8da3-820eab2d68f1.PDF,f061c48e0748b7ce6a498f1172df18fa47cd9592df7d878a7d67df95be678ad5,300000000.0,13001812.32,0.0433,0.0433393744,3.937440000000014e-05,within_disclosure_precision
180607,2026-03-31,2026-04-22,quarterly_report,https://disc.static.szse.cn/disc/disk03/finalpage/2026-04-22/5968918e-485c-48c5-a9fb-303878c06a39.PDF,9864c09d8719021339dd5a2670141a6faef36adcfc595c93f0b5f032a6d80cad,300000000.0,16457625.99,0.0549,0.0548587533,4.1246699999997194e-05,within_disclosure_precision
180607,2026-06-30,2026-07-21,quarterly_report,https://disc.static.szse.cn/disc/disk03/finalpage/2026-07-21/ded52326-d314-4f13-83f6-ed6410a8fd22.PDF,9c9499844d6d8a1ea2d274f8d9fdc0182ebb8c4237c6a47c2b19bc822c384890,300000000.0,17018389.04,0.0567,0.05672796346666666,2.796346666666255e-05,within_disclosure_precision
180701,2024-12-31,2025-01-21,quarterly_report,https://disc.static.szse.cn/disc/disk03/finalpage/2025-01-20/edef6923-03b9-4bfe-b18d-30b9375d8638.PDF,d5a612f283df1aa896cd3f4fe43f4538c7f22be961fc047b9a1391692fbc760a,600000000.0,60606964.26,0.101,0.1010116071,1.160709999999121e-05,within_disclosure_precision
180701,2025-03-31,2025-04-21,quarterly_report,https://disc.static.szse.cn/disc/disk03/finalpage/2025-04-18/aaac362d-00ea-4ec6-bf25-faf70f0ef5e6.PDF,bf9c1ca7a8ebff8deb6e328f23a52b7e2da0c4874af34e82b88df2c6df31bb5b,600000000.0,27206354.66,0.0453,0.045343924433333335,4.392443333333523e-05,within_disclosure_precision
180701,2025-06-30,2025-07-19,quarterly_report,https://disc.static.szse.cn/disc/disk03/finalpage/2025-07-18/669b9a75-ab44-4ea7-8ce8-49dec654bfb1.PDF,e0638cd1dce9332153837ca17e57850407451a69c8175dfc41270404e6aab8f6,600000000.0,26054696.62,0.0434,0.04342449436666667,2.4494366666669154e-05,within_disclosure_precision
180701,2025-06-30,2025-08-29,semiannual_report,https://disc.static.szse.cn/disc/disk03/finalpage/2025-08-29/c8c23a52-66ce-4a61-be75-aca63cc0a52e.PDF,83cafed57d654bd86ec6787f4b91866fe4ac6d64af9a521fbe159a67d35c8143,600000000.0,53261051.28,0.0888,0.0887684188,3.1581200000005416e-05,within_disclosure_precision
180701,2025-09-30,2025-10-27,quarterly_report,https://disc.static.szse.cn/disc/disk03/finalpage/2025-10-27/0b67f358-eaf9-4231-9e4e-af10017a4a0a.PDF,6f3f6769d445803c66619a7207bb4d33d7d88481884a6fd135058c43d8e60629,600000000.0,45998866.18,0.0767,0.07666477696666667,3.5223033333336984e-05,within_disclosure_precision
180701,2025-12-31,2026-01-21,quarterly_report,https://disc.static.szse.cn/disc/disk03/finalpage/2026-01-21/00aa9ef4-7c07-468c-9236-87bf6e7b4532.PDF,b1a54b355db13029e80d697ad6e2dc41debe7bb1a4347ec4011dd4b2a6a95b50,600000000.0,23953928.0,0.0399,0.03992321333333333,2.3213333333334252e-05,within_disclosure_precision
180701,2026-03-31,2026-04-21,quarterly_report,https://disc.static.szse.cn/disc/disk03/finalpage/2026-04-21/586d1e32-be84-4474-80fb-4941c066f85b.PDF,3cd07d341206f7bf87601ecbfb20cd16aa01f08d2c3ce06ee6381604fb34b1be,600000000.0,6336779.94,0.0106,0.010561299900000001,3.870009999999875e-05,within_disclosure_precision
180701,2026-06-30,2026-07-20,quarterly_report,https://disc.static.szse.cn/disc/disk03/finalpage/2026-07-20/621f9955-18ab-4c70-8f7f-945a15dd22f0.PDF,c51111c5eafea86d81c91f3ee711c5ec3ead255bda0f634a175d2c2cff4099a6,600000000.0,18650363.79,0.0311,0.03108393965,1.60603499999995e-05,within_disclosure_precision
180801,2021-09-30,2021-10-27,quarterly_report,https://disc.static.szse.cn/disc/disk02/finalpage/2021-10-27/d730bf2f-0ece-4455-a8eb-1f8b87596671.PDF,2e5261b41d56e1e72753dd76b53b6a1211e670bf86d9f5c55887bdc872e64e9f,100000000.0,42855935.56,0.4286,0.4285593556,4.064439999995617e-05,within_disclosure_precision
180801,2021-12-31,2022-01-22,quarterly_report,https://disc.static.szse.cn/disc/disk03/finalpage/2022-01-22/d896fdc1-15bb-4390-acd9-07ba15c710d3.PDF,e54135e9c528e7721a705c5c5745e1f4d3b5f90d058f5fe4d0cb155842bce775,100000000.0,51015034.65,0.5102,0.5101503465,4.965349999996871e-05,within_disclosure_precision
180801,2022-03-31,2022-04-21,quarterly_report,https://disc.static.szse.cn/disc/disk03/finalpage/2022-04-20/237b5f08-8b73-4973-ab1c-e6140c43a1e0.PDF,53e7977a35eb71e68b2a4c29dc33577a7fab50ad0147eea6617811d0aa6b5b97,100000000.0,23190094.26,0.2319,0.23190094260000002,9.426000000256618e-07,within_disclosure_precision
180801,2022-06-30,2022-07-21,quarterly_report,https://disc.static.szse.cn/disc/disk03/finalpage/2022-07-20/3d2746f9-fceb-4541-b4ef-cc5392ceb214.PDF,42522c5d456060a2f4a77a854092e835ccd7d42e75ad7f0c8b7872856a1eb2ea,100000000.0,15868137.58,0.1587,0.1586813758,1.8624200000011415e-05,within_disclosure_precision
180801,2022-06-30,2022-08-30,semiannual_report,https://disc.static.szse.cn/disc/disk03/finalpage/2022-08-29/92fd1ac1-c5bb-41df-b735-ef84e991e9dc.PDF,de5cb1db434ea8aba3d890cb96b4f2ac99ddd83bf357cd64b97f7162f064f0e2,100000000.0,39058231.84,0.3906,0.3905823184,1.7681599999985753e-05,within_disclosure_precision
180801,2022-09-30,2022-10-25,quarterly_report,https://disc.static.szse.cn/disc/disk03/finalpage/2022-10-24/ad444c39-ff9b-49e2-92e1-d5576645cf10.PDF,baea98355385da047637ca648f3ac048ef93e83b438baad5cc9fbaa21b8d99ab,100000000.0,10787677.03,0.1079,0.1078767703,2.3229700000002018e-05,within_disclosure_precision
180801,2022-12-31,2023-01-20,quarterly_report,https://disc.static.szse.cn/disc/disk03/finalpage/2023-01-19/ff0bd328-b8e9-43a8-9f19-ee5c53cfa0a9.PDF,4ce094145d01dc8ec7e9904f6cfa0183873526d11fa63e8e5a0feeb6ddba7829,100000000.0,87572609.37,0.8757,0.8757260937000001,2.6093700000062725e-05,within_disclosure_precision
180801,2023-03-31,2023-04-21,quarterly_report,https://disc.static.szse.cn/disc/disk03/finalpage/2023-04-20/279780a1-6e99-4e90-8360-d190b42ed679.PDF,e59c1732681c2575b849214870c5551e13aef42d075b4eb5c41e736a1c1e3f5d,100000000.0,38111412.4,0.3811,0.381114124,1.4124000000004244e-05,within_disclosure_precision
180801,2023-06-30,2023-07-20,quarterly_report,https://disc.static.szse.cn/disc/disk03/finalpage/2023-07-19/a054d271-4afa-4f68-9b4b-804e6aa3f30c.PDF,52396a6bfc87a16d94fcc0241b6247cbc4712b910f59ed54699331c391009d77,100000000.0,11067162.13,0.1107,0.11067162130000001,2.837869999999798e-05,within_disclosure_precision
180801,2023-06-30,2023-08-29,semiannual_report,https://disc.static.szse.cn/disc/disk03/finalpage/2023-08-28/17a15081-f041-42f0-ada3-1f068be7fbcb.PDF,e557d9e8eedfcf22f364131ca309c88f4015015e9a4f74f4186271286e608a93,100000000.0,49178574.53,0.4918,0.4917857453,1.4254699999993736e-05,within_disclosure_precision
180801,2023-09-30,2023-10-24,quarterly_report,https://disc.static.szse.cn/disc/disk03/finalpage/2023-10-24/1f10bcae-ef39-44c7-81d0-6d0dbb1be7fd.PDF,25a812e9a52295bf4d0c39e7425f32cf61e36c738c9f5f7d8002df577985c634,100000000.0,13766193.75,0.1377,0.1376619375,3.806249999999123e-05,within_disclosure_precision
180801,2023-12-31,2024-01-19,quarterly_report,https://disc.static.szse.cn/disc/disk03/finalpage/2024-01-18/e04699f3-2d17-4561-acfb-bf8d794dc7cd.PDF,89cb9bd1628846b88c75d386190adf27bbee94edc3dcc4cc4a9ba4d6058df1fc,100000000.0,44337220.16,0.4434,0.44337220159999996,2.77984000000564e-05,within_disclosure_precision
180801,2024-03-31,2024-04-20,quarterly_report,https://disc.static.szse.cn/disc/disk03/finalpage/2024-04-19/39fb8988-f797-46f7-bbec-b773325d39fa.PDF,165494c8623714284eb18f2d2d4c37a243d6f7c82459af3e5314ed29031b73ea,100000000.0,12653355.33,0.1265,0.1265335533,3.3553299999988795e-05,within_disclosure_precision
180801,2024-06-30,2024-07-18,quarterly_report,https://disc.static.szse.cn/disc/disk03/finalpage/2024-07-17/81b398f2-6346-41e3-a229-0f076ff557de.PDF,f5e7711aba91ba4231b3e55668e43d39f7f3e532ab0d3d6391a9c05668fb75ff,100000000.0,21164451.82,0.2116,0.2116445182,4.451819999998219e-05,within_disclosure_precision
180801,2024-06-30,2024-08-30,semiannual_report,https://disc.static.szse.cn/disc/disk03/finalpage/2024-08-29/fc8b1456-5120-41d8-bef1-d454dbb06f8c.PDF,f64ab2984ba86d5df3f122a7a5828ec4caa9589e104e1a758bb5971cb4af6137,100000000.0,33855162.5,0.3386,0.338551625,4.83749999999894e-05,within_disclosure_precision
180801,2024-09-30,2024-10-24,quarterly_report,https://disc.static.szse.cn/disc/disk03/finalpage/2024-10-23/01824b87-dde6-4426-a18a-4278767075d7.PDF,edcfc7076d87909d23a09f9c5c26df1a50a799c0fbdf93b5d4835921e24ee0d5,100000000.0,7786082.26,0.0779,0.0778608226,3.917739999999281e-05,within_disclosure_precision
180801,2024-12-31,2025-01-21,quarterly_report,https://disc.static.szse.cn/disc/disk03/finalpage/2025-01-20/4000f504-4146-424c-8eb9-df899a242113.PDF,bbd94443cfafdc0a873762e02778a092a244018698ba3ca39a9d9b58ab6471cd,100000000.0,33846924.45,0.3385,0.33846924450000004,3.0755499999979286e-05,within_disclosure_precision
180801,2025-03-31,2025-04-22,quarterly_report,https://disc.static.szse.cn/disc/disk03/finalpage/2025-04-21/cda518ed-53d0-4864-b790-0aebb485d0a5.PDF,0fd3439cec75820a8b29ad52396b8ebc3b8a3a954db509a46a30c3abed122f94,100000000.0,13641406.14,0.14,0.1364140614,0.003585938600000005,within_disclosure_precision
180801,2025-06-30,2025-07-21,quarterly_report,https://disc.static.szse.cn/disc/disk03/finalpage/2025-07-18/f0136e74-e9e2-4e8f-87a3-9ae9e4ba1992.PDF,94b7c7c6c0e7ec3d1bbf2c45856dc3a32134c68d2e411ce046488999b75375b5,100000000.0,15760571.74,0.1576,0.1576057174,5.717400000021522e-06,within_disclosure_precision
180801,2025-06-30,2025-08-30,semiannual_report,https://disc.static.szse.cn/disc/disk03/finalpage/2025-08-30/7ec2ecee-1a6c-4c10-854f-e8432c3dac75.PDF,7c359395ea00dc5a66b071b042a8f30bea54989183e990f1eeb2a39680d99a2d,100000000.0,29403052.86,0.294,0.2940305286,3.0528600000023776e-05,within_disclosure_precision
180801,2025-09-30,2025-10-27,quarterly_report,https://disc.static.szse.cn/disc/disk03/finalpage/2025-10-27/13b8e3fd-c8be-440d-9d8b-386662968974.PDF,9a10dddd478d4f62a62f782f8164d6a49857d2fc38a7e83c1f353a9062a347b9,100000000.0,15369980.25,0.1537,0.1536998025,1.9749999999318923e-07,within_disclosure_precision
180801,2025-12-31,2026-01-22,quarterly_report,https://disc.static.szse.cn/disc/disk03/finalpage/2026-01-22/cb16587d-41f0-4931-bb83-70e9bab2718b.PDF,b9ae66749e8315a740d3abde0e357758e3aba53460cd502e8348206e4987658b,100000000.0,28781179.51,0.2878,0.2878117951,1.17950999999894e-05,within_disclosure_precision
180801,2026-03-31,2026-04-22,quarterly_report,https://disc.static.szse.cn/disc/disk03/finalpage/2026-04-22/425d9c79-9241-4ec8-9ad3-1264f06cea4f.PDF,74f9d61ba4e924d9386e636bec7bbde57c8edd7009c91c8ab840597a24fe7d2d,100000000.0,10928389.28,0.1093,0.10928389279999999,1.6107200000003985e-05,within_disclosure_precision
180801,2026-06-30,2026-07-21,quarterly_report,https://disc.static.szse.cn/disc/disk03/finalpage/2026-07-21/744c9eac-ece8-4e3d-a03d-3542098aee62.PDF,fdf2e540e8ebcfb590c63be3bb23227f1e8068bfa8dd4c74d4b857f93c42743d,100000000.0,10569137.16,0.1057,0.1056913716,8.628400000001979e-06,within_disclosure_precision
180901,2025-09-30,2025-10-28,quarterly_report,https://disc.static.szse.cn/disc/disk03/finalpage/2025-10-28/ebd62d86-dbe8-4379-b685-1c2a267d2296.PDF,f4ea375471d3fb70bd91d3df28746790be68e088a64038b89131d6a906a07de5,1000000000.0,50164702.47,0.0502,0.050164702469999996,3.5297530000005795e-05,within_disclosure_precision
180901,2025-12-31,2026-01-22,quarterly_report,https://disc.static.szse.cn/disc/disk03/finalpage/2026-01-22/16aca671-d92b-4cb5-ad09-9bce88eea123.PDF,37654ee063d7d9976fb15d17c47a4b02bea976885224fe4788b42a2564ef24d4,1000000000.0,165333414.33,0.1653,0.16533341433,3.341433000000893e-05,within_disclosure_precision
180901,2026-03-31,2026-04-22,quarterly_report,https://disc.static.szse.cn/disc/disk03/finalpage/2026-04-22/8539213f-0df0-4dc3-a17a-1af1324f5ed8.PDF,c68719096ce379e88c510ca899683400eabcb7fa93dbe913f7c3b7f191ca8c15,1000000000.0,60398531.0,0.0604,0.060398531,1.4690000000039394e-06,within_disclosure_precision
508000,2021-09-30,2021-10-27,quarterly_report,https://www.sse.com.cn/disclosure/fund/announcement/c/new/2021-10-27/508000_20211027_1_7CQIhwR3.pdf,cd42548025ea79d08a1a8b1469954e6b8c5e48df17c1e41073e3b7e3dd6b74e0,500000000.0,15535458.56,0.0311,0.03107091712,2.9082879999999672e-05,within_disclosure_precision
508000,2021-12-31,2022-01-21,quarterly_report,https://www.sse.com.cn/disclosure/fund/announcement/c/new/2022-01-21/508000_20220121_1_oqOxAXhH.pdf,8013ab84cd02bdaacab20097e6f6d9ed332cce92e7e05c2a581e542dd6576daf,500000000.0,20426527.97,0.0409,0.04085305594,4.694405999999818e-05,within_disclosure_precision
508000,2022-03-31,2022-04-21,quarterly_report,https://www.sse.com.cn/disclosure/fund/announcement/c/new/2022-04-21/508000_20220421_1_M2cxZBX8.pdf,69c8f9c6aedee43e5cb926412c541df3ba4e2db22e32a97661269ffded8adf1b,500000000.0,16994055.28,0.034,0.03398811056,1.1889440000002749e-05,within_disclosure_precision
508000,2022-06-30,2022-07-20,quarterly_report,https://www.sse.com.cn/disclosure/fund/announcement/c/new/2022-07-20/508000_20220720_1_0cdnOdej.pdf,546a1517b2f1c03841ec4b4b22a77b240492c5bef76d689ac9d68f21a54b0cd7,500000000.0,16577520.26,0.0332,0.03315504052,4.4959480000002217e-05,within_disclosure_precision
508000,2022-06-30,2022-08-30,semiannual_report,https://www.sse.com.cn/disclosure/fund/announcement/c/new/2022-08-30/508000_20220830_1_7aA537Y3.pdf,c8ac251468de34a8791c174aab4e0e6d49141a2a7e3ab7247185a80fbb746f9a,500000000.0,33571575.53,0.0671,0.06714315106,4.3151059999996244e-05,within_disclosure_precision
508000,2022-09-30,2022-10-25,quarterly_report,https://www.sse.com.cn/disclosure/fund/announcement/c/new/2022-10-25/508000_20221025_1_27IWah4O.pdf,61b633a44eb6e725c86285df4c28bc54ce8174ec83a6fd0cc308474fdf5f7fe2,500000000.0,16889444.85,0.0338,0.0337788897,2.1110299999994864e-05,within_disclosure_precision
508000,2022-12-31,2023-01-20,quarterly_report,https://www.sse.com.cn/disclosure/fund/announcement/c/new/2023-01-20/508000_20230120_N00T.pdf,a3777641b31cdf484f284e0f5818baa6b7ea508dd47d7c0af58a02f634342ad4,500000000.0,12011749.92,0.024,0.02402349984,2.3499839999999855e-05,within_disclosure_precision
508000,2023-03-31,2023-04-21,quarterly_report,https://www.sse.com.cn/disclosure/fund/announcement/c/new/2023-04-21/508000_20230421_6JCG.pdf,6b0206833ed2396da7067485780bb4831166f00dcdc54edf9e556f9a9952e72c,500000000.0,14733849.55,0.0295,0.0294676991,3.2300899999997135e-05,within_disclosure_precision
508000,2023-06-30,2023-07-20,quarterly_report,https://www.sse.com.cn/disclosure/fund/announcement/c/new/2023-07-20/508000_20230720_DGZB.pdf,bf396ade55db79432c3034fcf1780fb6dbc632642bff4b2ccc113dc0657e8110,960326121.0,17351658.84,0.0181,0.018068506583921194,3.149341607880732e-05,within_disclosure_precision
508000,2023-06-30,2023-08-30,semiannual_report,https://www.sse.com.cn/disclosure/fund/announcement/c/new/2023-08-30/508000_20230830_PBGO.pdf,90a593e20b49e6749f3f37e15532e19a839c367d65f8f220a6869babf3ad3cae,960326121.0,32102002.48,0.0334,0.033428230033534616,2.8230033534616672e-05,within_disclosure_precision
508000,2023-09-30,2023-10-24,quarterly_report,https://www.sse.com.cn/disclosure/fund/announcement/c/new/2023-10-24/508000_20231024_O5V7.pdf,3f3cfeb77dc75d65c364dc6d3fce4751fe920249e0bce4676059601f7a0c6656,960326121.0,31531811.79,0.0328,0.032834483099517815,3.448309951781248e-05,within_disclosure_precision
508000,2023-12-31,2024-01-19,quarterly_report,https://www.sse.com.cn/disclosure/fund/announcement/c/new/2024-01-19/508000_20240119_TP32.pdf,44f4a7cf71c41466ba461e7d27558aa60ef52b258844544790c6353b1b45e6e9,960326121.0,33458040.14,0.0348,0.034840289572837725,4.028957283772755e-05,within_disclosure_precision
508000,2024-03-31,2024-04-22,quarterly_report,https://www.sse.com.cn/disclosure/fund/announcement/c/new/2024-04-22/508000_20240422_X63Y.pdf,2e0313071671ac8916946d6380174a972e17e7783ea80a4fee1d3faaa202464a,960326121.0,32833282.69,0.0342,0.034189721566471896,1.0278433528104758e-05,within_disclosure_precision
508000,2024-06-30,2024-07-19,quarterly_report,https://www.sse.com.cn/disclosure/fund/announcement/c/new/2024-07-19/508000_20240719_K7J6.pdf,91dfc3fd7a52f7956a0b11949889f5f8d7b59721018ee066c88de14ac8b03569,960326121.0,29410250.46,0.0306,0.030625273869854468,2.5273869854468972e-05,within_disclosure_precision
508000,2024-06-30,2024-08-31,semiannual_report,https://www.sse.com.cn/disclosure/fund/announcement/c/new/2024-08-31/508000_20240831_7WKP.pdf,9e5519c4d1c1a97e4c8b83e4bec9d30c0eef5dbb912f8e91e2f4c2e123ffda4a,960326121.0,62243533.15,0.0648,0.06481499543632636,1.4995436326367684e-05,within_disclosure_precision
508000,2024-09-30,2024-10-25,quarterly_report,https://www.sse.com.cn/disclosure/fund/announcement/c/new/2024-10-25/508000_20241025_0UBY.pdf,f53526a2f24759717997290eb15641b382185d614b3592089cb33a13700a9d10,960326121.0,30612658.02,0.0319,0.03187735640068047,2.2643599319527308e-05,within_disclosure_precision
508000,2024-12-31,2025-01-22,quarterly_report,https://www.sse.com.cn/disclosure/fund/announcement/c/new/2025-01-22/508000_20250122_JIDJ.pdf,26b8e3244ddb814ec3bdb5eac15df9ccd0b01a27ff5d69d1ca8c96013d5bc426,960326121.0,27169150.1,0.0283,0.02829158710346066,8.412896539338605e-06,within_disclosure_precision
508000,2025-03-31,2025-04-22,quarterly_report,https://www.sse.com.cn/disclosure/fund/announcement/c/new/2025-04-22/508000_20250422_T6JV.pdf,32a0ba00fab9a7c6f8838248a028f8270a5afacacf0ba0b1ffc9e9990b664d89,960326121.0,32195466.97,0.0335,0.03352555581480429,2.5555814804290033e-05,within_disclosure_precision
508000,2025-06-30,2025-07-21,quarterly_report,https://www.sse.com.cn/disclosure/fund/announcement/c/new/2025-07-21/508000_20250721_5YJU.pdf,a15e0b59f85eb8a086d7c0466602415550a9429be0c6c88cddd78b8d75f68991,960326121.0,27809202.18,0.029,0.02895808160569653,4.191839430347025e-05,within_disclosure_precision
508000,2025-06-30,2025-08-30,semiannual_report,https://www.sse.com.cn/disclosure/fund/announcement/c/new/2025-08-30/508000_20250830_ZSUN.pdf,448d11d6e4b544fdb6368e9a4d81fade6a39cd594fe5685af64cd4a4396f436c,960326121.0,60004669.15,0.0625,0.06248363742050082,1.6362579499176744e-05,within_disclosure_precision
508000,2025-09-30,2025-10-28,quarterly_report,https://www.sse.com.cn/disclosure/fund/announcement/c/new/2025-10-28/508000_20251028_D08D.pdf,3549e891bd171d0dc07d24011b0c2b310145eaaf0f16a5b8bfe536fbae9a6286,960326121.0,25183170.1,0.0262,0.026223560464830886,2.3560464830884448e-05,within_disclosure_precision
508000,2025-12-31,2026-01-22,quarterly_report,https://www.sse.com.cn/disclosure/fund/announcement/c/new/2026-01-22/508000_20260122_1UIN.pdf,ccaf9ef5329049cc4cd97e17e221367a8b79fe4069f122da73663a397956866b,960326121.0,27497815.25,0.0286,0.028633830371463987,3.3830371463986625e-05,within_disclosure_precision
508000,2026-03-31,2026-04-22,quarterly_report,https://www.sse.com.cn/disclosure/fund/announcement/c/new/2026-04-22/508000_20260422_IFUQ.pdf,0bfb2ffbdd8ca65b5da7a8bd3bfa78cc3563914acde6aff638a9582f223cb774,960326121.0,25788966.66,0.0269,0.026854384251409943,4.561574859005685e-05,within_disclosure_precision
508000,2026-06-30,2026-07-21,quarterly_report,https://www.sse.com.cn/disclosure/fund/announcement/c/new/2026-07-21/508000_20260721_YU5C.pdf,da4b4c752740867c836ce1a61abc17869089f8d14c36f9553205ee0de0141129,960326121.0,23695441.92,0.0247,0.02467436988522777,2.5630114772228624e-05,within_disclosure_precision
508001,2021-09-30,2021-10-27,quarterly_report,https://www.sse.com.cn/disclosure/fund/announcement/c/new/2021-10-27/508001_20211027_1_o2JpSRan.pdf,898c0fffcf77d3a48edd8eda5776c17cbc6104a2bb523d201a199e56309f7d45,500000000.0,148031591.32,0.3,0.29606318264,0.003936817360000011,within_disclosure_precision
508001,2021-12-31,2022-01-24,quarterly_report,https://www.sse.com.cn/disclosure/fund/announcement/c/new/2022-01-24/508001_20220124_2_jXvs6ZSd.pdf,0d65fbe5a0c0fb1419dcc6dc308dc59bb59c0f0f5a9533575c582fc27bff8263,500000000.0,44092573.29,0.0882,0.08818514658,1.4853420000002227e-05,within_disclosure_precision
508001,2022-03-31,2022-04-22,quarterly_report,https://www.sse.com.cn/disclosure/fund/announcement/c/new/2022-04-22/508001_20220422_1_g6IhJKMN.pdf,47afcf1e9b7a19ccfe4ef08743edf907a1e401fc1c270cde64fed8bd7d5b6b47,500000000.0,115234419.46,0.2305,0.23046883891999997,3.1161080000036145e-05,within_disclosure_precision
508001,2022-06-30,2022-07-21,quarterly_report,https://www.sse.com.cn/disclosure/fund/announcement/c/new/2022-07-21/508001_20220721_1_APUtYZBh.pdf,490d385febb299edca9208f6628aa25f8e9ef45b6669fa2708ec773c8ad5dba7,500000000.0,75023916.9,0.15,0.1500478338,4.783380000000781e-05,within_disclosure_precision
508001,2022-06-30,2022-08-30,semiannual_report,https://www.sse.com.cn/disclosure/fund/announcement/c/new/2022-08-30/508001_20220830_1_E3unT2AM.pdf,768d2e66f52b1beb345faed68d057d8fdbf8f3dba2e0050c423e481d15603aa8,500000000.0,190258336.36,0.3805,0.38051667272,1.667271999999942e-05,within_disclosure_precision
508001,2022-09-30,2022-10-26,quarterly_report,https://www.sse.com.cn/disclosure/fund/announcement/c/new/2022-10-26/508001_20221026_1_9NZWdkEZ.pdf,3321922e5aac758b90b13f0ab0347301c0fcccff2eeef8c1ab52927646e59330,500000000.0,104601692.73,0.2092,0.20920338546,3.3854600000049473e-06,within_disclosure_precision
508001,2022-12-31,2023-01-20,quarterly_report,https://www.sse.com.cn/disclosure/fund/announcement/c/new/2023-01-20/508001_20230120_D5ZD.pdf,cfe172aa32ab48d94aa9dd872ee934ce5f597a94656de1f95cf0dbc5d4d23b3b,500000000.0,23830212.38,0.0477,0.04766042476,3.957523999999907e-05,within_disclosure_precision
508001,2023-03-31,2023-04-21,quarterly_report,https://www.sse.com.cn/disclosure/fund/announcement/c/new/2023-04-21/508001_20230421_9XG5.pdf,43bb2be340402a3b939e0f1e5c9725ed79d41c58e0d6b7085a00947884768e87,500000000.0,139460084.24,0.2789,0.27892016848,2.01684800000268e-05,within_disclosure_precision
508001,2023-06-30,2023-07-20,quarterly_report,https://www.sse.com.cn/disclosure/fund/announcement/c/new/2023-07-20/508001_20230720_HIF4.pdf,9bbe4a7c2187f7d8f552813211a01bc5c12c5f6f85b6919f8188437590e376f5,500000000.0,108618753.74,0.2172,0.21723750747999998,3.750747999997639e-05,within_disclosure_precision
508001,2023-06-30,2023-08-30,semiannual_report,https://www.sse.com.cn/disclosure/fund/announcement/c/new/2023-08-30/508001_20230830_RT6I.pdf,631e4f0d00fa630046d8aba57ede6c1283199e648a0b2a64d4a01212de8e9d92,500000000.0,248078837.98,0.4962,0.49615767596,4.2324039999985796e-05,within_disclosure_precision
508001,2023-09-30,2023-10-25,quarterly_report,https://www.sse.com.cn/disclosure/fund/announcement/c/new/2023-10-25/508001_20231025_D5SA.pdf,b474b2006821e14664c897fadd362c7636a93f3466c9669cff41e659e26424d7,500000000.0,148315486.72,0.2966,0.29663097344,3.097344000002611e-05,within_disclosure_precision
508001,2023-12-31,2024-01-20,quarterly_report,https://www.sse.com.cn/disclosure/fund/announcement/c/new/2024-01-20/508001_20240120_HA7T.pdf,5806ba0c25074e95a476e4e113e5a284d036761416d1a94822116248e85b54df,500000000.0,56595052.42,0.1132,0.11319010484,9.89515999999524e-06,within_disclosure_precision
508001,2024-03-31,2024-04-20,quarterly_report,https://www.sse.com.cn/disclosure/fund/announcement/c/new/2024-04-20/508001_20240420_94LD.pdf,021182e0f7962a9424d1346204c0a496cb5eb2c4deb21b2fd07c0e510767242c,500000000.0,144995234.97,0.29,0.28999046994,9.530059999984797e-06,within_disclosure_precision
508001,2024-06-30,2024-07-18,quarterly_report,https://www.sse.com.cn/disclosure/fund/announcement/c/new/2024-07-18/508001_20240718_S11Z.pdf,5daf9e100609027ae43c64d842f157ddf0948e1b9659a2273b63e9876f37bcff,500000000.0,68931631.93,0.1379,0.13786326386,3.6736139999993256e-05,within_disclosure_precision
508001,2024-06-30,2024-08-30,semiannual_report,https://www.sse.com.cn/disclosure/fund/announcement/c/new/2024-08-30/508001_20240830_0IAB.pdf,2ce5bb7cd2a21210fee36168887662383661e9afe1d2a82ebd32a31086323f77,500000000.0,213926866.9,0.4279,0.4278537338,4.626619999997805e-05,within_disclosure_precision
508001,2024-09-30,2024-10-25,quarterly_report,https://www.sse.com.cn/disclosure/fund/announcement/c/new/2024-10-25/508001_20241025_V9XX.pdf,901695b11958bfd770001436e656d3cce9135b976d92e57ed29cea6d069309a0,500000000.0,127766378.61,0.2555,0.25553275722,3.275722000001258e-05,within_disclosure_precision
508001,2024-12-31,2025-01-22,quarterly_report,https://www.sse.com.cn/disclosure/fund/announcement/c/new/2025-01-22/508001_20250122_NNMW.pdf,b57b500c6788d1601a72d397a721b35a306bd7648566a79b1917f46b72d8761a,500000000.0,88188407.0,0.1764,0.176376814,2.3186000000008367e-05,within_disclosure_precision
508001,2025-03-31,2025-04-22,quarterly_report,https://www.sse.com.cn/disclosure/fund/announcement/c/new/2025-04-22/508001_20250422_CN0A.pdf,b5fdcce4819c26746bdda70e91b1332f0d180a7febd23450f56aa0bd70bc16e1,500000000.0,139963201.17,0.2799,0.27992640234,2.6402340000009072e-05,within_disclosure_precision
508001,2025-06-30,2025-07-19,quarterly_report,https://www.sse.com.cn/disclosure/fund/announcement/c/new/2025-07-19/508001_20250719_P704.pdf,bf64328c9529c21ef4745604d08e45b66464c04018815767a5b3c29d229aa35e,500000000.0,63070558.3,0.1261,0.1261411166,4.1116600000001835e-05,within_disclosure_precision
508001,2025-06-30,2025-08-30,semiannual_report,https://www.sse.com.cn/disclosure/fund/announcement/c/new/2025-08-30/508001_20250830_ILR0.pdf,8e31df475a9c8e1fe144082a8c8c9948190ba6628db7f3a4066fe80e65d725f9,500000000.0,203033759.47,0.4061,0.40606751894,3.248106000003359e-05,within_disclosure_precision
508001,2025-09-30,2025-10-28,quarterly_report,https://www.sse.com.cn/disclosure/fund/announcement/c/new/2025-10-28/508001_20251028_Z3BS.pdf,9bdb15b353a65fbce778bc6ad201e95bca7fe4eb75b6e4326a713b5cf1f4b191,500000000.0,116007823.61,0.232,0.23201564722,1.5647219999997963e-05,within_disclosure_precision
508001,2025-12-31,2026-01-22,quarterly_report,https://www.sse.com.cn/disclosure/fund/announcement/c/new/2026-01-22/508001_20260122_WHL5.pdf,b4107b65e150adf4dbb1c97fb800eeabe20a88c066f4202ac6ecc09fd9baeba9,500000000.0,80569294.87,0.1611,0.16113858974,3.858974000001125e-05,within_disclosure_precision
508001,2026-03-31,2026-04-22,quarterly_report,https://www.sse.com.cn/disclosure/fund/announcement/c/new/2026-04-22/508001_20260422_KS1D.pdf,f45ae3994be72b9c16be2c29526a4a2ddb486ac232843efabe320d57cce5b2b4,500000000.0,135973761.85,0.2719,0.27194752369999997,4.752369999999617e-05,within_disclosure_precision
508001,2026-06-30,2026-07-21,quarterly_report,https://www.sse.com.cn/disclosure/fund/announcement/c/new/2026-07-21/508001_20260721_8C22.pdf,188d7ca02a1f0ad5dfa08d4977248301e9e4468b8d35eff3f162ea22029c0a42,500000000.0,54047642.38,0.1081,0.10809528476000001,4.715239999994458e-06,within_disclosure_precision
508002,2024-09-30,2024-10-25,quarterly_report,https://www.sse.com.cn/disclosure/fund/announcement/c/new/2024-10-25/508002_20241025_44Q2.pdf,49abd996dec7bce1fb48186316962a16f7af7af305f437806d8975e4fc60add5,1000000000.0,29656953.72,0.0297,0.02965695372,4.3046280000000325e-05,within_disclosure_precision
508002,2024-12-31,2025-01-22,quarterly_report,https://www.sse.com.cn/disclosure/fund/announcement/c/new/2025-01-22/508002_20250122_JD1A.pdf,abbe499ebad717a83a87b4ebc67ea03fe68d735ab76983b5a632f64350bd51ed,1000000000.0,33244999.62,0.0332,0.03324499962,4.4999619999999685e-05,within_disclosure_precision
508002,2025-03-31,2025-04-22,quarterly_report,https://www.sse.com.cn/disclosure/fund/announcement/c/new/2025-04-22/508002_20250422_ZDR8.pdf,c9cee1d69405b6bf820b8e3c7ec3ce36145dc1f14010c77cdb532a576c632008,1000000000.0,39972244.72,0.04,0.03997224472,2.7755279999999716e-05,within_disclosure_precision
508002,2025-06-30,2025-07-21,quarterly_report,https://www.sse.com.cn/disclosure/fund/announcement/c/new/2025-07-21/508002_20250721_OSAR.pdf,8f5e4528e2c1301fd77b3e21fca294cfc8d9dbc967be31d53ebd0d92225614e1,1000000000.0,32202038.87,0.0322,0.03220203887,2.0388699999984716e-06,within_disclosure_precision
508002,2025-06-30,2025-08-30,semiannual_report,https://www.sse.com.cn/disclosure/fund/announcement/c/new/2025-08-30/508002_20250830_EPRM.pdf,acb85c79344e60f23885dc04b0f4b95fae25597731016527bac86e2d4db37175,1000000000.0,72174283.59,0.0722,0.07217428359,2.5716410000001244e-05,within_disclosure_precision
508002,2025-09-30,2025-10-28,quarterly_report,https://www.sse.com.cn/disclosure/fund/announcement/c/new/2025-10-28/508002_20251028_EX8G.pdf,52cbdb0bd72571b51d4ffbc54aa1da51249a1b2e453cf67769bbdda79df84ce3,1000000000.0,34454153.84,0.0345,0.03445415384,4.5846160000001523e-05,within_disclosure_precision
508002,2025-12-31,2026-01-22,quarterly_report,https://www.sse.com.cn/disclosure/fund/announcement/c/new/2026-01-22/508002_20260122_UH7K.pdf,201d81e5df05d0bcf7f9d1a0753b139f9389d01a3797316c25233be0fe284f14,1000000000.0,38601774.75,0.0386,0.03860177475,1.7747499999956617e-06,within_disclosure_precision
508002,2026-03-31,2026-04-22,quarterly_report,https://www.sse.com.cn/disclosure/fund/announcement/c/new/2026-04-22/508002_20260422_M5K9.pdf,cb3d33e01942c2f067513eff145ea03fae971938fee7d313caa4e926e290a437,1000000000.0,36461068.39,0.0365,0.036461068390000004,3.8931609999993955e-05,within_disclosure_precision
508002,2026-06-30,2026-07-21,quarterly_report,https://www.sse.com.cn/disclosure/fund/announcement/c/new/2026-07-21/508002_20260721_3EWO.pdf,a7a5218379e8d1904c9081106dd325de28953e75aebe773ac25500ffa3b1f29c,1000000000.0,32239069.39,0.0322,0.03223906939,3.906939000000026e-05,within_disclosure_precision
508003,2024-12-31,2025-01-22,quarterly_report,https://www.sse.com.cn/disclosure/fund/announcement/c/new/2025-01-22/508003_20250122_WLUA.pdf,6ef24d4a776469a939402e0a3fee9684fcdcbc4b3199aed83f9a4f768bae48a9,500000000.0,16565014.47,0.033,0.03313002894,0.00013002893999999876,within_disclosure_precision
508003,2025-03-31,2025-04-22,quarterly_report,https://www.sse.com.cn/disclosure/fund/announcement/c/new/2025-04-22/508003_20250422_HKQO.pdf,b6e05b78b152fabb1e8d56d88cb81e454a44421add60e495de2069a9a876d5e0,500000000.0,20107444.47,0.0402,0.04021488894,1.4888939999999073e-05,within_disclosure_precision
508003,2025-06-30,2025-07-21,quarterly_report,https://www.sse.com.cn/disclosure/fund/announcement/c/new/2025-07-21/508003_20250721_KOT2.pdf,13b7d9dc6decff410207babb345fc1c79b02eec01e2d59763e85aa4d364c2a61,500000000.0,20244558.61,0.0405,0.040489117219999995,1.088278000000581e-05,within_disclosure_precision
508003,2025-06-30,2025-08-29,semiannual_report,https://www.sse.com.cn/disclosure/fund/announcement/c/new/2025-08-29/508003_20250829_WXK5.pdf,ab97fad614d20f0c371688eca590bfd67c4790390c3eb430e0e8f9b8356a5951,500000000.0,40352003.08,0.0807,0.08070400616,4.006160000000203e-06,within_disclosure_precision
508003,2025-09-30,2025-10-28,quarterly_report,https://www.sse.com.cn/disclosure/fund/announcement/c/new/2025-10-28/508003_20251028_S7BD.pdf,ca2beb4a7d610ef4073f73ba3f3ccef4ae7c3e5e98fa76221f6089e0fc141238,500000000.0,20497825.94,0.041,0.040995651880000004,4.348119999997291e-06,within_disclosure_precision
508003,2025-12-31,2026-01-22,quarterly_report,https://www.sse.com.cn/disclosure/fund/announcement/c/new/2026-01-22/508003_20260122_VH0L.pdf,829a4870451d9325f83e2648c97ca3a1fa48c3971c76bf5e409220ffc09b1863,500000000.0,19985325.63,0.04,0.03997065126,2.9348740000004203e-05,within_disclosure_precision
508003,2026-03-31,2026-04-22,quarterly_report,https://www.sse.com.cn/disclosure/fund/announcement/c/new/2026-04-22/508003_20260422_QS6X.pdf,d95115c49f5b086b268ca539c38f8697f87cf0563624ec20d2920600f31b0bd7,500000000.0,19847429.4,0.0397,0.039694858799999996,5.1412000000028435e-06,within_disclosure_precision
508003,2026-06-30,2026-07-21,quarterly_report,https://www.sse.com.cn/disclosure/fund/announcement/c/new/2026-07-21/508003_20260721_M9MH.pdf,2f3424098920a55bbec79a6c0b4dee66da25549434315a68e6f9bf8a526fe79a,500000000.0,19816697.63,0.0396,0.039633395259999996,3.339525999999232e-05,within_disclosure_precision
508003,2026-06-30,2026-08-28,semiannual_report,https://www.sse.com.cn/disclosure/fund/announcement/c/new/2026-08-28/508003_20260828_EDDH.pdf,c1b7b2de8b9fdaa8e79eae82211f1bb901e914bb62f36546b6e6a17df0341ac3,500000000.0,39592003.74,0.0792,0.07918400748,1.5992520000007726e-05,within_disclosure_precision
508005,2024-12-31,2025-01-22,quarterly_report,https://www.sse.com.cn/disclosure/fund/announcement/c/new/2025-01-22/508005_20250122_22P5.pdf,c4f3eea8f746a5d4ba104d968ea92895390a9e4a3a9d2e9138cb53ebb5673f17,800000000.0,29513088.91,0.0369,0.0368913611375,8.638862500000288e-06,within_disclosure_precision
508005,2025-03-31,2025-04-22,quarterly_report,https://www.sse.com.cn/disclosure/fund/announcement/c/new/2025-04-22/508005_20250422_HM6F.pdf,9c1f84cd3d1b18b8b4403dc4611dd71978daa83e5a8a659c060e88c72ae7b021,800000000.0,31720755.45,0.0397,0.0396509443125,4.905568750000061e-05,within_disclosure_precision
508005,2025-06-30,2025-07-21,quarterly_report,https://www.sse.com.cn/disclosure/fund/announcement/c/new/2025-07-21/508005_20250721_7HLD.pdf,944d9fa802b6050a4a632241e7ed9f208e34e0cb4a2223c041fddaeeb8bfe791,800000000.0,32073107.17,0.0401,0.040091383962500005,8.61603749999218e-06,within_disclosure_precision
508005,2025-06-30,2025-08-30,semiannual_report,https://www.sse.com.cn/disclosure/fund/announcement/c/new/2025-08-30/508005_20250830_ZLJS.pdf,1ef9df01ee1fe8ec793bad2a80c8dc19bf4513342af31bdc139a7c44bcf042f1,800000000.0,63793862.62,0.0797,0.079742328275,4.2328275000003135e-05,within_disclosure_precision
508005,2025-09-30,2025-10-28,quarterly_report,https://www.sse.com.cn/disclosure/fund/announcement/c/new/2025-10-28/508005_20251028_ASS3.pdf,aa053a03c23f2146ff884dca63652a2f4861f9f8b13788ed81a4ac4fc54136d3,800000000.0,32425453.34,0.0405,0.040531816675,3.181667499999735e-05,within_disclosure_precision
508005,2025-12-31,2026-01-22,quarterly_report,https://www.sse.com.cn/disclosure/fund/announcement/c/new/2026-01-22/508005_20260122_WRDS.pdf,4f12e5fee18d2d95e32766a2b03ca61132299ee957bb101a1ac144820104977a,800000000.0,32429254.38,0.0405,0.040536567975,3.656797499999864e-05,within_disclosure_precision
508005,2026-03-31,2026-04-22,quarterly_report,https://www.sse.com.cn/disclosure/fund/announcement/c/new/2026-04-22/508005_20260422_ZGZ7.pdf,18d4d598fbe89b41dfd665739a53ab3e79c2a7a5f6adb8049ade5435619770a8,800000000.0,42256454.93,0.0528,0.0528205686625,2.0568662499997892e-05,within_disclosure_precision
508005,2026-06-30,2026-07-21,quarterly_report,https://www.sse.com.cn/disclosure/fund/announcement/c/new/2026-07-21/508005_20260721_VAGA.pdf,0a39d6982893ac0f8f389b641e82667d0ac592a2b35ea101c63b443f35c2de02,800000000.0,29716036.16,0.0371,0.0371450452,4.504519999999623e-05,within_disclosure_precision
508006,2021-09-30,2021-10-27,quarterly_report,https://www.sse.com.cn/disclosure/fund/announcement/c/new/2021-10-27/508006_20211027_1_lnEO1D4B.pdf,3b3a35a9f7eaa3d72b74a8a842ff02d34d08bdd7982587d8a516ecc03828ce0d,500000000.0,39150627.69,0.0783,0.07830125537999999,1.2553799999953652e-06,within_disclosure_precision
508006,2021-12-31,2022-01-24,quarterly_report,https://www.sse.com.cn/disclosure/fund/announcement/c/new/2022-01-24/508006_20220124_2_K4NLAzx1.pdf,76b024c1d6962d6cf6985b347d60a844c79918282c9670bfeab0e302bf22d1cf,500000000.0,26866037.21,0.0537,0.053732074420000005,3.207442000000699e-05,within_disclosure_precision
508006,2022-03-31,2022-04-22,quarterly_report,https://www.sse.com.cn/disclosure/fund/announcement/c/new/2022-04-22/508006_20220422_1_HglDxaPw.pdf,904aae23c0a3adabfc7e26ce90adc73b595f4ebaa8fe00fe623d17f5b54363f1,500000000.0,36276626.45,0.0726,0.0725532529,4.674709999999416e-05,within_disclosure_precision
508006,2022-06-30,2022-07-21,quarterly_report,https://www.sse.com.cn/disclosure/fund/announcement/c/new/2022-07-21/508006_20220721_1_IMuWv5Y2.pdf,0bd119bba0194fda27a01480b0cdf579b130a78adf8b43c83434a20cc4ffdd28,500000000.0,37914265.63,0.0758,0.07582853126000001,2.8531260000005942e-05,within_disclosure_precision
508006,2022-06-30,2022-08-31,semiannual_report,https://www.sse.com.cn/disclosure/fund/announcement/c/new/2022-08-31/508006_20220831_2_U26O8S9i.pdf,967970e89806c88825b16d29c9ca7a59f62f598ee81234d9e760c68e396ebc88,500000000.0,74190892.08,0.1484,0.14838178416,1.8215840000002093e-05,within_disclosure_precision
508006,2022-09-30,2022-10-26,quarterly_report,https://www.sse.com.cn/disclosure/fund/announcement/c/new/2022-10-26/508006_20221026_1_U2745whM.pdf,d9053cea241df9c354ad0695bb102dc09e1c326bc952cac8da83663926fbade2,500000000.0,48904284.03,0.0978,0.09780856806,8.568060000005429e-06,within_disclosure_precision
508006,2022-12-31,2023-01-20,quarterly_report,https://www.sse.com.cn/disclosure/fund/announcement/c/new/2023-01-20/508006_20230120_NXXP.pdf,1311bf5fb0ebaa87e182b70da8dab5e3f7aa24cbed14fe61ed6ade22338467c1,500000000.0,45010658.11,0.09,0.09002131622,2.1316219999997776e-05,within_disclosure_precision
508006,2023-03-31,2023-04-21,quarterly_report,https://www.sse.com.cn/disclosure/fund/announcement/c/new/2023-04-21/508006_20230421_6P2E.pdf,a52e20b537b2b6c5db47e05bb81c33edeb8821babbb980476ddfe8eac32220ca,500000000.0,33213290.01,0.0664,0.06642658002,2.6580019999999926e-05,within_disclosure_precision
508006,2023-06-30,2023-07-21,quarterly_report,https://www.sse.com.cn/disclosure/fund/announcement/c/new/2023-07-21/508006_20230721_XPLG.pdf,5d2dbde89c4acba9a2ed575ad6b48ed896e2af2e4755c3fe1cff8b4215e5300c,500000000.0,29385684.25,0.0588,0.0587713685,2.863150000000092e-05,within_disclosure_precision
508006,2023-06-30,2023-08-31,semiannual_report,https://www.sse.com.cn/disclosure/fund/announcement/c/new/2023-08-31/508006_20230831_QOUP.pdf,b18880329c1ef9bae2ed6424647b07e8bc0d7edf75eda0a23f625df2afca73b5,500000000.0,62598974.26,0.1252,0.12519794852,2.0514800000148714e-06,within_disclosure_precision
508006,2023-09-30,2023-10-25,quarterly_report,https://www.sse.com.cn/disclosure/fund/announcement/c/new/2023-10-25/508006_20231025_3Y30.pdf,99c04867e2797b4415090f5cec13ace7b8c0f4233d4c9367baf3441d54ea1d20,500000000.0,53220744.2,0.1064,0.1064414884,4.148840000001153e-05,within_disclosure_precision
508006,2023-12-31,2024-01-22,quarterly_report,https://www.sse.com.cn/disclosure/fund/announcement/c/new/2024-01-22/508006_20240122_0RBU.pdf,26bcbb27dd5639af409fd8764f3236e8982b036b33708371d0f09d26c8760ae9,500000000.0,22524593.38,0.045,0.04504918676,4.918676000000011e-05,within_disclosure_precision
508006,2024-03-31,2024-04-22,quarterly_report,https://www.sse.com.cn/disclosure/fund/announcement/c/new/2024-04-22/508006_20240422_JE1W.pdf,bc90a148b8318a8dc6f58f7051d249c15244e59ed08b15b926582e1bb0f7c290,500000000.0,41694409.08,0.0834,0.08338881816,1.118183999999911e-05,within_disclosure_precision
508006,2024-06-30,2024-07-19,quarterly_report,https://www.sse.com.cn/disclosure/fund/announcement/c/new/2024-07-19/508006_20240719_43EY.pdf,909d9c6299ab6b69de34e183dbc2bc71c86b2e746f625fec0f5735602ab81564,500000000.0,28202755.83,0.0564,0.05640551166,5.511659999998808e-06,within_disclosure_precision
508006,2024-06-30,2024-08-31,semiannual_report,https://www.sse.com.cn/disclosure/fund/announcement/c/new/2024-08-31/508006_20240831_42N0.pdf,190859832f0087610404514c33cb9420b8692fa2158b526463b3a26599afc642,500000000.0,69895941.25,0.1398,0.1397918825,8.117500000015543e-06,within_disclosure_precision
508006,2024-09-30,2024-10-25,quarterly_report,https://www.sse.com.cn/disclosure/fund/announcement/c/new/2024-10-25/508006_20241025_QUY4.pdf,804ce7845f15d103dd398e3aa2ef7740ce4f4d9a9820f22e0d5059b7c91b88a1,500000000.0,37811515.83,0.0756,0.07562303165999999,2.3031659999991905e-05,within_disclosure_precision
508006,2024-12-31,2025-01-22,quarterly_report,https://www.sse.com.cn/disclosure/fund/announcement/c/new/2025-01-22/508006_20250122_PAAI.pdf,4dbbe6e07a60db3b4a34d2a63337353499064e6d1cb7a608c0261a4a7a5211d7,500000000.0,20808533.52,0.0416,0.04161706704,1.7067039999998923e-05,within_disclosure_precision
508006,2025-03-31,2025-04-22,quarterly_report,https://www.sse.com.cn/disclosure/fund/announcement/c/new/2025-04-22/508006_20250422_R3N1.pdf,edfb15c536e92fc4762d71848acfc0cf7b56ce9729a3c5d673b385dd92d5f476,500000000.0,35634708.52,0.0713,0.07126941704,3.058295999999738e-05,within_disclosure_precision
508006,2025-06-30,2025-07-21,quarterly_report,https://www.sse.com.cn/disclosure/fund/announcement/c/new/2025-07-21/508006_20250721_9BVM.pdf,d67a42c6ed952189bf02a92d92e9020e89a6450792d7d5bd8d7f35102e260c60,500000000.0,46189781.56,0.0924,0.09237956312000001,2.0436879999988222e-05,within_disclosure_precision
508006,2025-06-30,2025-08-30,semiannual_report,https://www.sse.com.cn/disclosure/fund/announcement/c/new/2025-08-30/508006_20250830_45P3.pdf,bd2b05d2e44be0ca9db0cfffbc9bddda9bd5780d53f42272a553e4572ce3acca,500000000.0,81627027.34,0.1633,0.16325405468,4.594531999999041e-05,within_disclosure_precision
508006,2025-09-30,2025-10-28,quarterly_report,https://www.sse.com.cn/disclosure/fund/announcement/c/new/2025-10-28/508006_20251028_8JWY.pdf,65600198f67a8824c7c2f9dbec588f9960fb3e6bc17bc969da9f208cc0349d23,500000000.0,49199351.92,0.0984,0.09839870384,1.296159999997215e-06,within_disclosure_precision
508006,2025-12-31,2026-01-22,quarterly_report,https://www.sse.com.cn/disclosure/fund/announcement/c/new/2026-01-22/508006_20260122_6V6D.pdf,bd2752e119364cf1eede9f32d275fc53e4caacb98ff8b99c0bb7fc57b633b0c7,500000000.0,32676954.21,0.0654,0.06535390842,4.609158000000446e-05,within_disclosure_precision
508006,2026-03-31,2026-04-22,quarterly_report,https://www.sse.com.cn/disclosure/fund/announcement/c/new/2026-04-22/508006_20260422_2NG4.pdf,96509b4f15ef11b856a23e7f3bf9e6a7595eb680414f56f527ba2b6fd2ae6756,500000000.0,48725425.0,0.0975,0.09745085,4.9149999999997807e-05,within_disclosure_precision
508006,2026-06-30,2026-07-21,quarterly_report,https://www.sse.com.cn/disclosure/fund/announcement/c/new/2026-07-21/508006_20260721_1ULD.pdf,0c4fdf96adf784e06940e72ca7d839b1f2d02b36c58a83b3903cb6759b29d724,500000000.0,55277306.09,0.1106,0.11055461218000001,4.538781999999242e-05,within_disclosure_precision
508007,2023-12-31,2024-01-19,quarterly_report,https://www.sse.com.cn/disclosure/fund/announcement/c/new/2024-01-19/508007_20240119_72DK.pdf,8cb901c0395d671f703efc2b499c83d5bf4354bc605d74a2d4c8973358c4d935,400000000.0,356217724.84,0.8905,0.8905443121,4.431209999999908e-05,within_disclosure_precision
508007,2024-03-31,2024-04-20,quarterly_report,https://www.sse.com.cn/disclosure/fund/announcement/c/new/2024-04-20/508007_20240420_EZEA.pdf,3776871e447e3f11d873e5b5f4515ad305f6edf819d376ec7154bbd1fa836b90,400000000.0,49047527.27,0.1226,0.122618818175,1.8818175000004378e-05,within_disclosure_precision
508007,2024-06-30,2024-07-19,quarterly_report,https://www.sse.com.cn/disclosure/fund/announcement/c/new/2024-07-19/508007_20240719_RAVO.pdf,fd86f26ee6a46c898a142579eb9e0bbec72d1e5afed480217a0b97b8312025f6,400000000.0,47769836.88,0.1194,0.11942459220000001,2.4592200000006503e-05,within_disclosure_precision
508007,2024-06-30,2024-08-31,semiannual_report,https://www.sse.com.cn/disclosure/fund/announcement/c/new/2024-08-31/508007_20240831_4QYL.pdf,88a9227459b9a9020adf3533eb1cdf4923df46ff7467cef8f8b2914b9dd706ea,400000000.0,96817364.15,0.242,0.24204341037500002,4.341037500002476e-05,within_disclosure_precision
508007,2024-09-30,2024-10-25,quarterly_report,https://www.sse.com.cn/disclosure/fund/announcement/c/new/2024-10-25/508007_20241025_9MTZ.pdf,bb33a2b5abc4b9d793ae49cc33d997fb96ecda695eb0c6d94d0d23fd05171472,400000000.0,49612103.09,0.124,0.12403025772500001,3.0257725000010227e-05,within_disclosure_precision
508007,2024-12-31,2025-01-22,quarterly_report,https://www.sse.com.cn/disclosure/fund/announcement/c/new/2025-01-22/508007_20250122_3BQK.pdf,e767ffa3bd6f0e5c749ee17701fcf2ab925a6719ae974a3da544abd91fcdbdb7,400000000.0,42288024.76,0.1057,0.1057200619,2.006189999999297e-05,within_disclosure_precision
508007,2025-03-31,2025-04-22,quarterly_report,https://www.sse.com.cn/disclosure/fund/announcement/c/new/2025-04-22/508007_20250422_X28E.pdf,2a92c55fced2466b569863ffd057659e805f2c57db795a1aaf1e8ce33f557086,400000000.0,49059769.97,0.1226,0.122649424925,4.942492499999951e-05,within_disclosure_precision
508007,2025-06-30,2025-07-21,quarterly_report,https://www.sse.com.cn/disclosure/fund/announcement/c/new/2025-07-21/508007_20250721_DVOD.pdf,86c38a22ae14d169edc3c50e19bb2f6a06732aefa1774d4424e313285e0f948a,400000000.0,47792380.67,0.1195,0.119480951675,1.904832499999287e-05,within_disclosure_precision
508007,2025-06-30,2025-08-29,semiannual_report,https://www.sse.com.cn/disclosure/fund/announcement/c/new/2025-08-29/508007_20250829_QC4L.pdf,9a0d26ce3c2a6c8ca64908cd465d979bc8c216a2d29435c2d48633ef7461b766,400000000.0,96852150.64,0.2421,0.2421303766,3.037659999999276e-05,within_disclosure_precision
508007,2025-09-30,2025-10-28,quarterly_report,https://www.sse.com.cn/disclosure/fund/announcement/c/new/2025-10-28/508007_20251028_02FG.pdf,ffe6af44e5d57bfa4829361b6b39f8d7b7cd836c22d0ffffdcba7b586adac442,400000000.0,49623570.04,0.1241,0.1240589251,4.107490000000713e-05,within_disclosure_precision
508007,2025-12-31,2026-01-22,quarterly_report,https://www.sse.com.cn/disclosure/fund/announcement/c/new/2026-01-22/508007_20260122_JZX6.pdf,a2e465bae45ada600e6f8548d412a71cf85723459d823ef5bb4c44e880fb65d7,400000000.0,44027930.37,0.1101,0.11006982592499999,3.017407500001401e-05,within_disclosure_precision
508007,2026-03-31,2026-04-22,quarterly_report,https://www.sse.com.cn/disclosure/fund/announcement/c/new/2026-04-22/508007_20260422_WECP.pdf,14b35a3b54a01bde8bc9f954c20e3d8b31f7ca712e102e6de01d96919c246f7a,400000000.0,49211326.51,0.123,0.123028316275,2.831627499999545e-05,within_disclosure_precision
508007,2026-06-30,2026-07-21,quarterly_report,https://www.sse.com.cn/disclosure/fund/announcement/c/new/2026-07-21/508007_20260721_8SKW.pdf,1fca9459d6c4f01fb073c9d48c2e2f0070626489661f946f7eb6a9941c1cab62,400000000.0,48385109.84,0.121,0.1209627746,3.72253999999933e-05,within_disclosure_precision
508007,2026-06-30,2026-08-28,semiannual_report,https://www.sse.com.cn/disclosure/fund/announcement/c/new/2026-08-28/508007_20260828_OPCI.pdf,faeddae58a442a35492a9f5c33eb867cf5c3d5e2b663fe8bad8ec8a081e4e92b,400000000.0,97596436.35,0.244,0.24399109087499998,8.90912500001173e-06,within_disclosure_precision
508008,2022-09-30,2022-10-26,quarterly_report,https://www.sse.com.cn/disclosure/fund/announcement/c/new/2022-10-26/508008_20221026_1_SGiXotyT.pdf,8d3a8162dd7e6c1f26dc3999b0dda789daa7cbc2ed5fcb06601fee2c0d2be650,500000000.0,91117028.92,0.1822,0.18223405784,3.4057839999990236e-05,within_disclosure_precision
508008,2022-12-31,2023-01-19,quarterly_report,https://www.sse.com.cn/disclosure/fund/announcement/c/new/2023-01-19/508008_20230119_P38P.pdf,af9efa836c5824191b6b2f782a289bfcf5a80961124e56105ce1adc8cd2d48e9,500000000.0,79077289.94,0.1582,0.15815457988,4.54201200000004e-05,within_disclosure_precision
508008,2023-03-31,2023-04-21,quarterly_report,https://www.sse.com.cn/disclosure/fund/announcement/c/new/2023-04-21/508008_20230421_YYHA.pdf,35e48f4196df7a63948ccfd9e2c1252f7ce16c96a2f7cc679a5d5989bc5e88ba,500000000.0,145611780.41,0.2912,0.29122356082,2.356081999999038e-05,within_disclosure_precision
508008,2023-06-30,2023-07-21,quarterly_report,https://www.sse.com.cn/disclosure/fund/announcement/c/new/2023-07-21/508008_20230721_K1SO.pdf,0aa50784909c61f5097a756e1de0b12086699070933f6939a6f250819aacb27d,500000000.0,125304158.31,0.2506,0.25060831662,8.316620000003994e-06,within_disclosure_precision
508008,2023-06-30,2023-08-30,semiannual_report,https://www.sse.com.cn/disclosure/fund/announcement/c/new/2023-08-30/508008_20230830_OHIT.pdf,655ecd283e924807ea843bc86dba66eb9246b3609d88b8a4327d6a6477c77b85,500000000.0,270915938.72,0.5418,0.54183187744,3.1877440000105395e-05,within_disclosure_precision
508008,2023-09-30,2023-10-25,quarterly_report,https://www.sse.com.cn/disclosure/fund/announcement/c/new/2023-10-25/508008_20231025_9JJO.pdf,435898340240aa92f772dedbbc5982bdf0232377fca49263d3a777fa6195198c,500000000.0,138330732.54,0.2767,0.27666146508,3.8534919999999584e-05,within_disclosure_precision
508008,2023-12-31,2024-01-20,quarterly_report,https://www.sse.com.cn/disclosure/fund/announcement/c/new/2024-01-20/508008_20240120_N406.pdf,5734420c24efbb78bcccc52ea8726f0b3b5e6fb09413b6ba8e35518b7e2bbacc,500000000.0,79081761.14,0.1582,0.15816352228,3.647772000001104e-05,within_disclosure_precision
508008,2024-03-31,2024-04-20,quarterly_report,https://www.sse.com.cn/disclosure/fund/announcement/c/new/2024-04-20/508008_20240420_0UTJ.pdf,2038c2d1e15a4f01cbd5dfc2377d9191ab39c975619ca20e74d2c0a46e02784a,500000000.0,124068924.77,0.2481,0.24813784953999998,3.784953999999563e-05,within_disclosure_precision
508008,2024-06-30,2024-07-19,quarterly_report,https://www.sse.com.cn/disclosure/fund/announcement/c/new/2024-07-19/508008_20240719_GAW3.pdf,01a97a81299d40bc432af3a507265e196eaa6e06f259b1deeeae33be38fff463,500000000.0,115385825.0,0.2308,0.23077165,2.835000000001031e-05,within_disclosure_precision
508008,2024-06-30,2024-08-31,semiannual_report,https://www.sse.com.cn/disclosure/fund/announcement/c/new/2024-08-31/508008_20240831_30ET.pdf,4475dc33de03c1f668150f2b38a8997907cf4db53f15f978e70fb1a23c5b8740,500000000.0,239454749.77,0.4789,0.47890949954,9.499540000013074e-06,within_disclosure_precision
508008,2024-09-30,2024-10-25,quarterly_report,https://www.sse.com.cn/disclosure/fund/announcement/c/new/2024-10-25/508008_20241025_H49P.pdf,80ff4c4e65b5030f674df5a74d27c53364a0979d1726d3efb9955dad1b082ed7,500000000.0,144547940.79,0.2891,0.28909588158,4.1184200000321525e-06,within_disclosure_precision
508008,2024-12-31,2025-01-22,quarterly_report,https://www.sse.com.cn/disclosure/fund/announcement/c/new/2025-01-22/508008_20250122_S7ZF.pdf,cae2a2ed5e7631885db2fddf032c0c31dcb76d74273d340bc3c291ab875b259f,500000000.0,93190386.4,0.1864,0.1863807728,1.9227199999999334e-05,within_disclosure_precision
508008,2025-03-31,2025-04-22,quarterly_report,https://www.sse.com.cn/disclosure/fund/announcement/c/new/2025-04-22/508008_20250422_5BKR.pdf,2ea6a50770eced8f873200bea9b9d1894d55436c6e180f3af128be391506b1c1,500000000.0,105611349.99,0.2112,0.21122269997999998,2.2699979999984965e-05,within_disclosure_precision
508008,2025-06-30,2025-07-19,quarterly_report,https://www.sse.com.cn/disclosure/fund/announcement/c/new/2025-07-19/508008_20250719_MP8M.pdf,60c9955d45b458a5c12c0c77b5e5edf24a1c5cdf1015201a332d97096ad0e323,500000000.0,106547411.85,0.2131,0.2130948237,5.176300000020451e-06,within_disclosure_precision
508008,2025-06-30,2025-08-30,semiannual_report,https://www.sse.com.cn/disclosure/fund/announcement/c/new/2025-08-30/508008_20250830_2LOD.pdf,d1deb64a0fe798eea04bf77d230bed4f04c059089e124c82c7648f33b2757972,500000000.0,212158761.84,0.4243,0.42431752368000003,1.7523680000020025e-05,within_disclosure_precision
508008,2025-09-30,2025-10-28,quarterly_report,https://www.sse.com.cn/disclosure/fund/announcement/c/new/2025-10-28/508008_20251028_WTOZ.pdf,b0d71b7aceb7296762d7642e306375ad9d96458cf25331041af358949b8e60ed,500000000.0,111933219.51,0.2239,0.22386643902,3.356097999998586e-05,within_disclosure_precision
508008,2025-12-31,2026-01-22,quarterly_report,https://www.sse.com.cn/disclosure/fund/announcement/c/new/2026-01-22/508008_20260122_S51R.pdf,a3910261109b92dfb50878d047f80c536e429480dc3dd1039c38ca2445b589af,500000000.0,85087856.24,0.1702,0.17017571248,2.428751999999923e-05,within_disclosure_precision
508008,2026-03-31,2026-04-22,quarterly_report,https://www.sse.com.cn/disclosure/fund/announcement/c/new/2026-04-22/508008_20260422_83OZ.pdf,ce001e4c6b42fe183324ce1a43200543666ab373372eeddc9f65baac1ffed6f0,500000000.0,112433212.72,0.2249,0.22486642544,3.3574559999999254e-05,within_disclosure_precision
508008,2026-06-30,2026-07-21,quarterly_report,https://www.sse.com.cn/disclosure/fund/announcement/c/new/2026-07-21/508008_20260721_0FU4.pdf,09e9c720bc1cb5fb3f4d6a014464881f07df5d428c4be1b553eb3116b6716a27,500000000.0,90312519.29,0.1806,0.18062503858,2.503857999999748e-05,within_disclosure_precision
508009,2023-03-31,2023-04-21,quarterly_report,https://www.sse.com.cn/disclosure/fund/announcement/c/new/2023-04-21/508009_20230421_IQ7X.pdf,412f42929773eacdf0b621a544d443dbf3234c0b68d1edaf866aa3e7ca1ba6ae,1000000000.0,230879378.96,0.2309,0.23087937896000002,2.0621039999974e-05,within_disclosure_precision
508009,2023-06-30,2023-07-21,quarterly_report,https://www.sse.com.cn/disclosure/fund/announcement/c/new/2023-07-21/508009_20230721_GA3X.pdf,2e60ee15c7e316848896573a66df4c29368e6f56bd99f917db6df6a1f9243411,1000000000.0,175067808.21,0.1751,0.17506780821,3.2191789999996834e-05,within_disclosure_precision
508009,2023-06-30,2023-08-31,semiannual_report,https://www.sse.com.cn/disclosure/fund/announcement/c/new/2023-08-31/508009_20230831_INBY.pdf,917aff000b499d2f8022403e07145f7fb33492d538ba0d14494fa4bbcc8dd8bb,1000000000.0,405947187.17,0.4059,0.40594718717,4.718717000001815e-05,within_disclosure_precision
508009,2023-09-30,2023-10-25,quarterly_report,https://www.sse.com.cn/disclosure/fund/announcement/c/new/2023-10-25/508009_20231025_4KLK.pdf,598e93ccd68bdd0ccf2e10c6a4bfa963b8ec91979dc93e42a5cf86c78bc45e86,1000000000.0,190265571.81,0.1903,0.19026557181,3.442818999999098e-05,within_disclosure_precision
508009,2023-12-31,2024-01-19,quarterly_report,https://www.sse.com.cn/disclosure/fund/announcement/c/new/2024-01-19/508009_20240119_T777.pdf,5940f7b245e45e57a34b0243e78f31e607e55eeef1d81bbd1d9e83feb9dfe785,1000000000.0,184233227.56,0.1842,0.18423322756,3.322755999998761e-05,within_disclosure_precision
508009,2024-03-31,2024-04-20,quarterly_report,https://www.sse.com.cn/disclosure/fund/announcement/c/new/2024-04-20/508009_20240420_RW5X.pdf,3b523707ba5aa739c02e9c8d153540207ae6a0a778e97bb1d457dbf6a5a42756,1000000000.0,129423163.13,0.1294,0.12942316313,2.3163130000003473e-05,within_disclosure_precision
508009,2024-06-30,2024-07-19,quarterly_report,https://www.sse.com.cn/disclosure/fund/announcement/c/new/2024-07-19/508009_20240719_L6HZ.pdf,a9dbf50da61bcbcc3b31e133eae9890f44dedd44732e743adbb73f5226472d68,1000000000.0,163106215.7,0.1631,0.1631062157,6.2157000000062634e-06,within_disclosure_precision
508009,2024-06-30,2024-08-31,semiannual_report,https://www.sse.com.cn/disclosure/fund/announcement/c/new/2024-08-31/508009_20240831_GM16.pdf,749c772cf5301c61e857dc4dea2f3b62e5313afa2bf4f961aaa5dad176d7de0f,1000000000.0,292529378.83,0.2925,0.29252937882999996,2.937882999998198e-05,within_disclosure_precision
508009,2024-09-30,2024-10-25,quarterly_report,https://www.sse.com.cn/disclosure/fund/announcement/c/new/2024-10-25/508009_20241025_SGPM.pdf,f0e61ae1805b28bd5131efa9f3405e7bcb2c1a22ec734649af40020f7fd8abc5,1000000000.0,183452558.99,0.1835,0.18345255899000001,4.744100999998224e-05,within_disclosure_precision
508009,2024-12-31,2025-01-22,quarterly_report,https://www.sse.com.cn/disclosure/fund/announcement/c/new/2025-01-22/508009_20250122_B8BA.pdf,0b3d9880f63cc48c4abd73e4f1a8b5abe969f1b946e7e5fa48d578d8518a5c4b,1000000000.0,124364233.87,0.1244,0.12436423387000001,3.5766129999989515e-05,within_disclosure_precision
508009,2025-03-31,2025-04-22,quarterly_report,https://www.sse.com.cn/disclosure/fund/announcement/c/new/2025-04-22/508009_20250422_Q4WK.pdf,bf5502f2a7c72e3a022d70c4b0757c2663934c4123ee274859f8610545e5e51e,1000000000.0,167615419.77,0.1676,0.16761541977000002,1.5419770000024702e-05,within_disclosure_precision
508009,2025-06-30,2025-07-21,quarterly_report,https://www.sse.com.cn/disclosure/fund/announcement/c/new/2025-07-21/508009_20250721_1DUL.pdf,3484be94d7ef870aed3abafdf24ead7036164747abd110cac74af5092a141d71,1000000000.0,148719455.71,0.1487,0.14871945571,1.945571000000479e-05,within_disclosure_precision
508009,2025-06-30,2025-08-29,semiannual_report,https://www.sse.com.cn/disclosure/fund/announcement/c/new/2025-08-29/508009_20250829_AX4M.pdf,c946fa2c9e79bb65ed76219e8659383c4a37004cebbd44e4d80bb8bf270dbad0,1000000000.0,316334875.48,0.3163,0.31633487548,3.487547999997398e-05,within_disclosure_precision
508009,2025-09-30,2025-10-28,quarterly_report,https://www.sse.com.cn/disclosure/fund/announcement/c/new/2025-10-28/508009_20251028_7MTZ.pdf,af78b1356188fe3c8fb61d6f99685ea0af275eedef268d17500020d5e03cf353,1000000000.0,195835110.77,0.1958,0.19583511077000001,3.511077000001306e-05,within_disclosure_precision
508009,2025-12-31,2026-01-22,quarterly_report,https://www.sse.com.cn/disclosure/fund/announcement/c/new/2026-01-22/508009_20260122_O61Q.pdf,ef80400803cb45ed9d4ee694d988f1c858e6152bf3e3fa4a003352506050597d,1000000000.0,124325572.82,0.1243,0.12432557282,2.557281999999994e-05,within_disclosure_precision
508009,2026-03-31,2026-04-22,quarterly_report,https://www.sse.com.cn/disclosure/fund/announcement/c/new/2026-04-22/508009_20260422_FEFM.pdf,15d3872fb31fb5f7beb3666addf89545fa8007c0e50966d9473566b84ac296a7,1000000000.0,88148912.86,0.0881,0.08814891286,4.891285999999995e-05,within_disclosure_precision
508009,2026-06-30,2026-07-21,quarterly_report,https://www.sse.com.cn/disclosure/fund/announcement/c/new/2026-07-21/508009_20260721_AMLB.pdf,135de4a944b416dc5eda6619b0a87ca20b01dcccf6dd1739a091c62b1ea1faa1,1000000000.0,169507821.32,0.1695,0.16950782132,7.821319999989917e-06,within_disclosure_precision
508009,2026-06-30,2026-08-28,semiannual_report,https://www.sse.com.cn/disclosure/fund/announcement/c/new/2026-08-28/508009_20260828_24B0.pdf,c173764f0d43ab92a55da9944bdbba7f7ba64e2e46ddc4876e168fdf98d0cc5b,1000000000.0,257656734.18,0.2577,0.25765673418,4.326581999997137e-05,within_disclosure_precision
508010,2025-03-31,2025-04-22,quarterly_report,https://www.sse.com.cn/disclosure/fund/announcement/c/new/2025-04-22/508010_20250422_T9KQ.pdf,b947f8828820d0e2201ce2ab82f76fd6e981e0f57db40be79f1c898268db465c,400000000.0,14014908.88,0.035,0.035037272200000004,3.727220000000059e-05,within_disclosure_precision
508010,2025-06-30,2025-07-21,quarterly_report,https://www.sse.com.cn/disclosure/fund/announcement/c/new/2025-07-21/508010_20250721_E47G.pdf,e8a900d70774021253136b0216b5c44c9f1b9c6dd3bd09a0cc1c64fe1dd75b69,400000000.0,13310545.02,0.0333,0.03327636255,2.3637450000002502e-05,within_disclosure_precision
508010,2025-06-30,2025-08-29,semiannual_report,https://www.sse.com.cn/disclosure/fund/announcement/c/new/2025-08-29/508010_20250829_MD4O.pdf,5921b3642f578955282054fba2926f1e304a0f5a9c5629298de7ae5066e4468c,400000000.0,27325453.9,0.0683,0.06831363474999999,1.3634749999991147e-05,within_disclosure_precision
508010,2025-09-30,2025-10-28,quarterly_report,https://www.sse.com.cn/disclosure/fund/announcement/c/new/2025-10-28/508010_20251028_DXQC.pdf,3c852e400895a3206496f81d1242fc9729a11c9b080f808bd5f9b9d3d8875718,400000000.0,13524043.54,0.0338,0.03381010885,1.0108850000002667e-05,within_disclosure_precision
508010,2025-12-31,2026-01-22,quarterly_report,https://www.sse.com.cn/disclosure/fund/announcement/c/new/2026-01-22/508010_20260122_OMQ7.pdf,4893fd8c6fde749c9bc74c50231a50321d92642ecf7ac21c7f68188c5f299d39,400000000.0,13939538.18,0.0348,0.03484884545,4.884545000000129e-05,within_disclosure_precision
508010,2026-03-31,2026-04-22,quarterly_report,https://www.sse.com.cn/disclosure/fund/announcement/c/new/2026-04-22/508010_20260422_K4L6.pdf,dbed4d60df8251e0fa941a00e56007904d4ee921dad314f51b17e43693449425,400000000.0,12870841.07,0.0322,0.032177102675,2.2897325000000024e-05,within_disclosure_precision
508010,2026-06-30,2026-07-21,quarterly_report,https://www.sse.com.cn/disclosure/fund/announcement/c/new/2026-07-21/508010_20260721_IIIZ.pdf,8cb9f9b5c48c85b71660e1834426b5c4c4d8f0d59a1fa29308970fdaee6c89e4,400000000.0,15403113.16,0.0385,0.0385077829,7.782900000002924e-06,within_disclosure_precision
508010,2026-06-30,2026-08-28,semiannual_report,https://www.sse.com.cn/disclosure/fund/announcement/c/new/2026-08-28/508010_20260828_A19U.pdf,e73508f739f35c1926ec02b8a86742fc190a70aaab89f31f48880da26b87b49e,400000000.0,28273954.23,0.0707,0.070684885575,1.511442500000404e-05,within_disclosure_precision
508011,2024-03-31,2024-04-19,quarterly_report,https://www.sse.com.cn/disclosure/fund/announcement/c/new/2024-04-19/508011_20240419_Y864.pdf,d8565f3542e9ddc957bf90d1aeec5f52870d51a25ef6ef427e210ad636a12cbe,400000000.0,12113239.77,0.0303,0.030283099424999998,1.690057500000272e-05,within_disclosure_precision
508011,2024-06-30,2024-07-18,quarterly_report,https://www.sse.com.cn/disclosure/fund/announcement/c/new/2024-07-18/508011_20240718_TH33.pdf,fbac0950b6ed64d51812369e3776f85ca9a7274114941a2659fa355fab1cb8f1,400000000.0,16251590.84,0.0406,0.0406289771,2.897710000000081e-05,within_disclosure_precision
508011,2024-06-30,2024-08-30,semiannual_report,https://www.sse.com.cn/disclosure/fund/announcement/c/new/2024-08-30/508011_20240830_AE5P.pdf,99972cc4e913e943005b1dbb8d46c6bbb16e124e1065cc6cc46333636091860e,400000000.0,28364830.61,0.0709,0.07091207652499999,1.2076524999987681e-05,within_disclosure_precision
508011,2024-09-30,2024-10-25,quarterly_report,https://www.sse.com.cn/disclosure/fund/announcement/c/new/2024-10-25/508011_20241025_J6U3.pdf,8aa50e5b9872c834c463e53d9d7d280fd17d5615a0187a6ebde077847efa2e7f,400000000.0,16847306.62,0.0421,0.042118266550000005,1.8266550000006765e-05,within_disclosure_precision
508011,2024-12-31,2025-01-22,quarterly_report,https://www.sse.com.cn/disclosure/fund/announcement/c/new/2025-01-22/508011_20250122_LR4Z.pdf,ba01f157fdf18d9852008eb9331201f2138d81e112ac8f97e72efb434e200b11,400000000.0,16758617.66,0.0419,0.04189654415,3.455850000000371e-06,within_disclosure_precision
508011,2025-03-31,2025-04-22,quarterly_report,https://www.sse.com.cn/disclosure/fund/announcement/c/new/2025-04-22/508011_20250422_CFBA.pdf,433210ef0cb286c679f9e3060682fbbd00eb7dc6e8e0d4386f92ade6b3f4f0f7,400000000.0,17983574.46,0.045,0.04495893615,4.1063849999994906e-05,within_disclosure_precision
508011,2025-06-30,2025-07-21,quarterly_report,https://www.sse.com.cn/disclosure/fund/announcement/c/new/2025-07-21/508011_20250721_J101.pdf,e88519b81226fe8fec275f1c0c7291db77c7c82f375d324a6450ad59f05ceb94,400000000.0,17310734.26,0.0433,0.043276835650000005,2.3164349999993394e-05,within_disclosure_precision
508011,2025-06-30,2025-08-29,semiannual_report,https://www.sse.com.cn/disclosure/fund/announcement/c/new/2025-08-29/508011_20250829_4LEC.pdf,2b9a744e57cf58defdf5ede2b96b40e1998111e13612f3cf34bda5aa88218fb4,400000000.0,35294308.72,0.0882,0.0882357718,3.5771800000000686e-05,within_disclosure_precision
508011,2025-09-30,2025-10-28,quarterly_report,https://www.sse.com.cn/disclosure/fund/announcement/c/new/2025-10-28/508011_20251028_403I.pdf,331b17ce9aad4379c23d2baec50ea0cdf14be4f7fda18eb3f6e6be00ae41737c,400000000.0,17242635.16,0.0431,0.0431065879,6.5879000000004795e-06,within_disclosure_precision
508011,2025-12-31,2026-01-22,quarterly_report,https://www.sse.com.cn/disclosure/fund/announcement/c/new/2026-01-22/508011_20260122_SAQU.pdf,ddd799e0c9945e4e2299b3f8c87c491e99b83974999906bf8680795256521580,400000000.0,17250371.3,0.0431,0.04312592825,2.5928250000001318e-05,within_disclosure_precision
508011,2026-03-31,2026-04-22,quarterly_report,https://www.sse.com.cn/disclosure/fund/announcement/c/new/2026-04-22/508011_20260422_SLV7.pdf,347ff2bd7e8f52fd71c7a7d6087b213e6526bb9e530613fed39639ebc9e50927,400000000.0,18066521.83,0.0452,0.045166304574999996,3.369542500000072e-05,within_disclosure_precision
508011,2026-06-30,2026-07-21,quarterly_report,https://www.sse.com.cn/disclosure/fund/announcement/c/new/2026-07-21/508011_20260721_IKC5.pdf,a96e76d6d13c74a9a70da5c29e05f6f48ac7dd89f83ef8b97c84575200bf6263,400000000.0,18114006.23,0.0453,0.045285015575000004,1.4984424999996138e-05,within_disclosure_precision
508012,2025-03-31,2025-04-21,quarterly_report,https://www.sse.com.cn/disclosure/fund/announcement/c/new/2025-04-21/508012_20250421_7TB1.pdf,a3016842f6d59bb74627e19a1d0e21471c1210ac7a9c6831e71caa591a5f35b8,300000000.0,9794593.62,0.0326,0.032648645399999995,4.864539999999834e-05,within_disclosure_precision
508012,2025-06-30,2025-07-18,quarterly_report,https://www.sse.com.cn/disclosure/fund/announcement/c/new/2025-07-18/508012_20250718_6W5E.pdf,a3b1773e6f1d63154c069ffe9334c65e791c6829dd8ad0c41fb8c6d69ccfe064,300000000.0,12550040.2,0.0418,0.04183346733333333,3.346733333333546e-05,within_disclosure_precision
508012,2025-06-30,2025-08-28,semiannual_report,https://www.sse.com.cn/disclosure/fund/announcement/c/new/2025-08-28/508012_20250828_RSQ2.pdf,c6317472d3709846202725055eb4ddda4197c4c0b1e744c798842c11e8194880,300000000.0,22344633.82,0.0745,0.07448211273333333,1.7887266666669066e-05,within_disclosure_precision
508012,2025-09-30,2025-10-27,quarterly_report,https://www.sse.com.cn/disclosure/fund/announcement/c/new/2025-10-27/508012_20251027_9LJ2.pdf,15c2e587448cafc7edc286fd992e3327ad5457793e58e82abbc4f4639b7b0b53,300000000.0,5403943.76,0.018,0.018013145866666667,1.3145866666668116e-05,within_disclosure_precision
508012,2025-12-31,2026-01-22,quarterly_report,https://www.sse.com.cn/disclosure/fund/announcement/c/new/2026-01-22/508012_20260122_FHO1.pdf,b8d870d7981349e69c1c7539d4fe61e62a56ef643fa4e30e573f4fccccf201ca,300000000.0,17784425.26,0.0593,0.05928141753333334,1.8582466666659803e-05,within_disclosure_precision
508012,2026-03-31,2026-04-22,quarterly_report,https://www.sse.com.cn/disclosure/fund/announcement/c/new/2026-04-22/508012_20260422_R0SC.pdf,8aa502eac229ffcf3bd5c18dbe808866a32125c7e7ba53c217e7e21e690f96d3,300000000.0,5388436.68,0.018,0.0179614556,3.854439999999987e-05,within_disclosure_precision
508012,2026-06-30,2026-07-21,quarterly_report,https://www.sse.com.cn/disclosure/fund/announcement/c/new/2026-07-21/508012_20260721_OH0W.pdf,13ec3c2f2fdd0abbe873db971bc53c2179245c448c60ffac93d2a90596ebf02e,300000000.0,7611152.45,0.0254,0.025370508166666667,2.949183333333244e-05,within_disclosure_precision
508015,2024-09-30,2024-10-25,quarterly_report,https://www.sse.com.cn/disclosure/fund/announcement/c/new/2024-10-25/508015_20241025_R084.pdf,c7880d2831afeabe5b881726a3d0913f5961a9b27a8ab7e7be1fa0bd71b66437,200000000.0,40063153.45,0.2003,0.20031576725000003,1.576725000002055e-05,within_disclosure_precision
508015,2024-12-31,2025-01-22,quarterly_report,https://www.sse.com.cn/disclosure/fund/announcement/c/new/2025-01-22/508015_20250122_D96V.pdf,139d67e8f3311512871dfa115f95e10275491ec056fa03b13ad74d44f8b2da64,200000000.0,25207584.15,0.126,0.12603792075,3.792075000000339e-05,within_disclosure_precision
508015,2025-03-31,2025-04-22,quarterly_report,https://www.sse.com.cn/disclosure/fund/announcement/c/new/2025-04-22/508015_20250422_BBLN.pdf,4bc7bb789d717feddc87273f4f861ff8eaccd913f709975ec5543c0e565827df,200000000.0,26486466.41,0.1324,0.13243233205,3.233205000000017e-05,within_disclosure_precision
508015,2025-06-30,2025-07-21,quarterly_report,https://www.sse.com.cn/disclosure/fund/announcement/c/new/2025-07-21/508015_20250721_8UKV.pdf,04545337955a67bf936fed5d8a492f043519c62e77b5551104ab84891d3bb8f9,200000000.0,10236858.57,0.0512,0.05118429285,1.5707150000002223e-05,within_disclosure_precision
508015,2025-06-30,2025-08-29,semiannual_report,https://www.sse.com.cn/disclosure/fund/announcement/c/new/2025-08-29/508015_20250829_SD32.pdf,3e5f7116befbcda4cce07032613085ade578a6e3baea6b3c5894a531a133535b,200000000.0,36723324.98,0.1836,0.1836166249,1.6624899999984066e-05,within_disclosure_precision
508015,2025-09-30,2025-10-28,quarterly_report,https://www.sse.com.cn/disclosure/fund/announcement/c/new/2025-10-28/508015_20251028_9PBN.pdf,fa3c37815d3bb44ef9008ff915a83381a2502f60b42f57d460866f1eb0f032a0,200000000.0,43349725.13,0.2167,0.21674862565000003,4.862565000002261e-05,within_disclosure_precision
508015,2025-12-31,2026-01-22,quarterly_report,https://www.sse.com.cn/disclosure/fund/announcement/c/new/2026-01-22/508015_20260122_OSDV.pdf,8761b128acfc40a1d395d9ef4bc95e704afed05dedfb0c250fdf6a8c670f3f26,200000000.0,25463482.81,0.1273,0.12731741405,1.7414049999997516e-05,within_disclosure_precision
508015,2026-03-31,2026-04-22,quarterly_report,https://www.sse.com.cn/disclosure/fund/announcement/c/new/2026-04-22/508015_20260422_XVO2.pdf,3f894cfb2760f406eaf730d38a078fbdd2eafc275c18f7e90c8b907650993062,200000000.0,15191500.35,0.076,0.07595750175,4.249824999999485e-05,within_disclosure_precision
508015,2026-06-30,2026-07-21,quarterly_report,https://www.sse.com.cn/disclosure/fund/announcement/c/new/2026-07-21/508015_20260721_ICJD.pdf,2a01daf2ce9d82c97c1cf237b939c9fbc8221910556d9843d24e4b8a0bfedba5,200000000.0,11017792.83,0.0551,0.05508896415,1.1035850000000458e-05,within_disclosure_precision
508016,2025-09-30,2025-10-28,quarterly_report,https://www.sse.com.cn/disclosure/fund/announcement/c/new/2025-10-28/508016_20251028_4QLP.pdf,652b0b3f34ce98a4d5ccc750815430bccf5ccf1ac0a569515d521b7eaf7e251f,500000000.0,24479535.65,0.049,0.0489590713,4.092870000000498e-05,within_disclosure_precision
508016,2025-12-31,2026-01-22,quarterly_report,https://www.sse.com.cn/disclosure/fund/announcement/c/new/2026-01-22/508016_20260122_AGE1.pdf,1b77a24e7de68b5db55fd16b137db36c5aabba0d015e81a39dd5a40b3639b260,500000000.0,29017691.83,0.058,0.058035383659999995,3.53836599999921e-05,within_disclosure_precision
508016,2026-03-31,2026-04-22,quarterly_report,https://www.sse.com.cn/disclosure/fund/announcement/c/new/2026-04-22/508016_20260422_02CC.pdf,70454eaa68027bc93b88579b612dc9e138a85abe4ac031d6df3045bc017a933c,500000000.0,29895624.7,0.0598,0.059791249399999996,8.750600000002884e-06,within_disclosure_precision
508016,2026-06-30,2026-07-21,quarterly_report,https://www.sse.com.cn/disclosure/fund/announcement/c/new/2026-07-21/508016_20260721_0CI6.pdf,2fb87c7c6360e469a50a0be47ea7a3c1a06b034a197ab44f29d48973bae61330,500000000.0,30347468.07,0.0607,0.06069493614,5.0638599999944245e-06,within_disclosure_precision
508017,2024-03-31,2024-04-19,quarterly_report,https://www.sse.com.cn/disclosure/fund/announcement/c/new/2024-04-19/508017_20240419_330P.pdf,3ddf863019617505b8e3539d0c3ed652102b5e934906498deb7563d9771cf41e,400000000.0,8872786.22,0.0222,0.022181965550000002,1.8034449999999175e-05,within_disclosure_precision
508017,2024-06-30,2024-07-18,quarterly_report,https://www.sse.com.cn/disclosure/fund/announcement/c/new/2024-07-18/508017_20240718_ZWX6.pdf,a799a1f2afe4486a00830690dcc514cc7e5122709de37c1bf303881fb74bced2,400000000.0,13303698.87,0.0333,0.033259247175,4.075282500000388e-05,within_disclosure_precision
508017,2024-06-30,2024-08-30,semiannual_report,https://www.sse.com.cn/disclosure/fund/announcement/c/new/2024-08-30/508017_20240830_COVA.pdf,d41912111667e5c8bedf4fcf915671945b59b2b6655ed2cd4c5e3dfd0fecf7fd,400000000.0,22176485.09,0.0554,0.055441212725,4.121272500000328e-05,within_disclosure_precision
508017,2024-09-30,2024-10-25,quarterly_report,https://www.sse.com.cn/disclosure/fund/announcement/c/new/2024-10-25/508017_20241025_6ICY.pdf,e575df3c33ace185ca02b5a1f9356e15be3fc0eb6c00a05df3686bfe90a039d6,400000000.0,13585151.39,0.034,0.033962878475,3.7121525000002875e-05,within_disclosure_precision
508017,2024-12-31,2025-01-22,quarterly_report,https://www.sse.com.cn/disclosure/fund/announcement/c/new/2025-01-22/508017_20250122_K275.pdf,d069d6abf467176e665e7a58ec90e6549e5d91d243fa32b9aae4baaade3c76f9,400000000.0,13830518.52,0.0346,0.034576296299999996,2.3703700000002326e-05,within_disclosure_precision
508017,2025-03-31,2025-04-22,quarterly_report,https://www.sse.com.cn/disclosure/fund/announcement/c/new/2025-04-22/508017_20250422_DRG3.pdf,1a2c9db32c09c4889b9cfb8d42e59bba9edd8bb9fc0d42d8b1bb8901c2a24520,400000000.0,14112850.58,0.0353,0.03528212645,1.7873549999998517e-05,within_disclosure_precision
508017,2025-06-30,2025-07-21,quarterly_report,https://www.sse.com.cn/disclosure/fund/announcement/c/new/2025-07-21/508017_20250721_EODK.pdf,4a8321c5a18871ce95ae4aa8a7322e17a49b0fb4ac49134bad7ce74f04c5ad8a,400000000.0,14613597.78,0.0365,0.036533994449999996,3.3994449999998066e-05,within_disclosure_precision
508017,2025-06-30,2025-08-30,semiannual_report,https://www.sse.com.cn/disclosure/fund/announcement/c/new/2025-08-30/508017_20250830_JSS6.pdf,c4ade2801e2153d3e023e1d36187934468fefd6a47b7e0c377896f7e2c48580f,400000000.0,28726448.36,0.0718,0.0718161209,1.612089999999955e-05,within_disclosure_precision
508017,2025-09-30,2025-10-28,quarterly_report,https://www.sse.com.cn/disclosure/fund/announcement/c/new/2025-10-28/508017_20251028_5438.pdf,8bb2f4aff2398ed6e7ea201a0958dba800a46a54226c8aadce5d6a70f43bca85,400000000.0,15020081.96,0.0376,0.0375502049,4.979509999999965e-05,within_disclosure_precision
508017,2025-12-31,2026-01-22,quarterly_report,https://www.sse.com.cn/disclosure/fund/announcement/c/new/2026-01-22/508017_20260122_7JTS.pdf,37558e431c98ef4381acda7df68560f67166f5c0ab67863073ca23b2ba2f9b23,400000000.0,14958270.72,0.0374,0.0373956768,4.323200000003191e-06,within_disclosure_precision
508017,2026-03-31,2026-04-22,quarterly_report,https://www.sse.com.cn/disclosure/fund/announcement/c/new/2026-04-22/508017_20260422_0PUD.pdf,29fd6681975ed277df2987904752f8601b5e775bc4eed26bcf8de706d017ea1f,400000000.0,14718382.5,0.0368,0.03679595625,4.043750000001789e-06,within_disclosure_precision
508017,2026-06-30,2026-07-21,quarterly_report,https://www.sse.com.cn/disclosure/fund/announcement/c/new/2026-07-21/508017_20260721_GLNA.pdf,f395f34107ce6f43b753517827e0e6af17b39144753bf6ada41104f62aff3d93,400000000.0,14949276.6,0.0374,0.0373731915,2.68085000000029e-05,within_disclosure_precision
508018,2022-06-30,2022-07-20,quarterly_report,https://www.sse.com.cn/disclosure/fund/announcement/c/new/2022-07-20/508018_20220720_1_SKpD2qgu.pdf,6a706e378c63eec1b9d46aa39384b1fa9f0326ab0970deb195e43afa32db94fa,1000000000.0,82904520.3,0.0829,0.08290452029999999,4.52029999999104e-06,within_disclosure_precision
508018,2022-06-30,2022-08-30,semiannual_report,https://www.sse.com.cn/disclosure/fund/announcement/c/new/2022-08-30/508018_20220830_1_A1xgkEF5.pdf,a626e4d53458c1666b09b50fa520b3f9a41b42ab155234d11d82890699a9c8e0,1000000000.0,82904520.3,0.0829,0.08290452029999999,4.52029999999104e-06,within_disclosure_precision
508018,2022-09-30,2022-10-25,quarterly_report,https://www.sse.com.cn/disclosure/fund/announcement/c/new/2022-10-25/508018_20221025_1_G26c2WFE.pdf,b1ecc591e13d4d2ef819ef3d744db78c8dc0fa17061fb2a05e46443c551d06b9,1000000000.0,94925333.86,0.0949,0.09492533386,2.533386000000415e-05,within_disclosure_precision
508018,2022-12-31,2023-01-20,quarterly_report,https://www.sse.com.cn/disclosure/fund/announcement/c/new/2023-01-20/508018_20230120_7AUZ.pdf,68c99e9c861cf932073b1952abfdb858a394f306da36f25cfa3f53a9e924bcbc,1000000000.0,72768065.71,0.0728,0.07276806571,3.193429000000747e-05,within_disclosure_precision
508018,2023-03-31,2023-04-21,quarterly_report,https://www.sse.com.cn/disclosure/fund/announcement/c/new/2023-04-21/508018_20230421_ZA7D.pdf,964ecfd67e47d1e754b406a22d8903ffdab5c452e7084cd36652825674796058,1000000000.0,93398509.9,0.0934,0.09339850990000001,1.4900999999872822e-06,within_disclosure_precision
508018,2023-06-30,2023-07-20,quarterly_report,https://www.sse.com.cn/disclosure/fund/announcement/c/new/2023-07-20/508018_20230720_3TGU.pdf,04b54baa0508186d987257d6864e0f17b94c342c8c3d3d0ec54caebe06a4eadf,1000000000.0,70440468.15,0.0704,0.07044046815,4.046815000000037e-05,within_disclosure_precision
508018,2023-06-30,2023-08-30,semiannual_report,https://www.sse.com.cn/disclosure/fund/announcement/c/new/2023-08-30/508018_20230830_YCFQ.pdf,1c520a93a75b2ac37a485a1536e2ea900745c81127e965de49c872931d990da7,1000000000.0,163838978.05,0.1638,0.16383897805,3.897804999999921e-05,within_disclosure_precision
508018,2023-09-30,2023-10-24,quarterly_report,https://www.sse.com.cn/disclosure/fund/announcement/c/new/2023-10-24/508018_20231024_PTGV.pdf,2f5ec3f48d4cea461124d0abb4cea1cd4c9d2f5c7652fe97f7e9451b43b3901c,1000000000.0,78882742.92,0.0789,0.07888274292,1.725707999999937e-05,within_disclosure_precision
508018,2023-12-31,2024-01-19,quarterly_report,https://www.sse.com.cn/disclosure/fund/announcement/c/new/2024-01-19/508018_20240119_T5TG.pdf,5c5f14994cbad08ee98dabf8d843ebdd3dc067cb99b192a181afebe46b7c3507,1000000000.0,77636355.64,0.0776,0.07763635564,3.6355639999999245e-05,within_disclosure_precision
508018,2024-03-31,2024-04-19,quarterly_report,https://www.sse.com.cn/disclosure/fund/announcement/c/new/2024-04-19/508018_20240419_UIX1.pdf,8047ec4e2c4355427da002a751137b0abf072d9ca89826ffc547cd15f91a1fe5,1000000000.0,72003426.46,0.072,0.07200342645999999,3.4264599999972445e-06,within_disclosure_precision
508018,2024-06-30,2024-07-18,quarterly_report,https://www.sse.com.cn/disclosure/fund/announcement/c/new/2024-07-18/508018_20240718_B4R7.pdf,90d4c04589e207be7390255cd84739bf2511e09fd68f7e99b8f3fe4129da5f7d,1000000000.0,60848438.03,0.0608,0.06084843803,4.8438030000000354e-05,within_disclosure_precision
508018,2024-06-30,2024-08-30,semiannual_report,https://www.sse.com.cn/disclosure/fund/announcement/c/new/2024-08-30/508018_20240830_DJQY.pdf,3a9e9067ec1c0876f6c9148fa9e09f24a41c67e9ef1dfe519415130f18e7dd11,1000000000.0,132851864.49,0.1329,0.13285186449,4.813550999999139e-05,within_disclosure_precision
508018,2024-09-30,2024-10-25,quarterly_report,https://www.sse.com.cn/disclosure/fund/announcement/c/new/2024-10-25/508018_20241025_3E0F.pdf,2f7d5b7d4a59b7d91f767d04e3a4c2ac4e76603c798c512e7db87807b3fb2641,1000000000.0,78398516.37,0.0784,0.07839851637,1.4836299999931857e-06,within_disclosure_precision
508018,2024-12-31,2025-01-22,quarterly_report,https://www.sse.com.cn/disclosure/fund/announcement/c/new/2025-01-22/508018_20250122_8BLC.pdf,dd070e6f0113208836e9c8342fef1da166f07108477e2b9fd3f41dc7fea1557c,1000000000.0,53518727.16,0.0535,0.053518727159999994,1.8727159999995524e-05,within_disclosure_precision
508018,2025-03-31,2025-04-22,quarterly_report,https://www.sse.com.cn/disclosure/fund/announcement/c/new/2025-04-22/508018_20250422_PA2W.pdf,4e8f441763ac3873ea3ceaee8e899c73e4b23eaf37276c451eb32d4955cf6e31,1000000000.0,72638822.55,0.0726,0.07263882255,3.882254999999779e-05,within_disclosure_precision
508018,2025-06-30,2025-07-21,quarterly_report,https://www.sse.com.cn/disclosure/fund/announcement/c/new/2025-07-21/508018_20250721_QGWH.pdf,42dfed630671ef465221e1a37e7d1b330a84f21b40811ce5f36d9524326f6a24,1000000000.0,59300483.12,0.0593,0.05930048312,4.831199999985603e-07,within_disclosure_precision
508018,2025-06-30,2025-08-30,semiannual_report,https://www.sse.com.cn/disclosure/fund/announcement/c/new/2025-08-30/508018_20250830_9EWV.pdf,adb092d4e726f7ce6c22718fc1b3607b7a4ecf3cd5075901b5e2fec6b2eff75f,1000000000.0,131939305.67,0.1319,0.13193930567,3.930567000001717e-05,within_disclosure_precision
508018,2025-09-30,2025-10-28,quarterly_report,https://www.sse.com.cn/disclosure/fund/announcement/c/new/2025-10-28/508018_20251028_TOR5.pdf,8610d753e9e2cca8db5f3b72a3171dc1b7aebb80dbff4b5ad7e937cf82588da9,1000000000.0,69714529.72,0.0697,0.06971452972,1.4529720000003299e-05,within_disclosure_precision
508018,2025-12-31,2026-01-22,quarterly_report,https://www.sse.com.cn/disclosure/fund/announcement/c/new/2026-01-22/508018_20260122_1JOC.pdf,701d2a5a418da860df777ac744fc0879d3f7d70ee865c1e934263eadbc8a4cfc,1000000000.0,60785043.4,0.0608,0.060785043399999995,1.4956600000004538e-05,within_disclosure_precision
508018,2026-03-31,2026-04-22,quarterly_report,https://www.sse.com.cn/disclosure/fund/announcement/c/new/2026-04-22/508018_20260422_LXZD.pdf,ef026c1ba42d253bf92a1b501e860419422dd900d688ced5d58117d9b5a6e020,1000000000.0,86556810.71,0.0866,0.08655681070999999,4.318929000000915e-05,within_disclosure_precision
508018,2026-06-30,2026-07-21,quarterly_report,https://www.sse.com.cn/disclosure/fund/announcement/c/new/2026-07-21/508018_20260721_VWHG.pdf,eed9f8508f6ab7998de49a62879dc40dccfccd272c2f04ddb9685b326a9f2a69,1000000000.0,76179140.51,0.0762,0.07617914051,2.0859489999996983e-05,within_disclosure_precision
508019,2023-09-30,2023-10-25,quarterly_report,https://www.sse.com.cn/disclosure/fund/announcement/c/new/2023-10-25/508019_20231025_DVVL.pdf,d098cb5805275fc96069aedf28c83f1a9a5f0ef872060c69b9b5365ca72c1bb3,600000000.0,18561617.9,0.0309,0.03093602983333333,3.602983333332935e-05,within_disclosure_precision
508019,2023-12-31,2024-01-19,quarterly_report,https://www.sse.com.cn/disclosure/fund/announcement/c/new/2024-01-19/508019_20240119_W7GC.pdf,716fb1fed056d7b3732613782aa29dc0f239be7b9c5c8e0ec5e194a85a38eb14,600000000.0,18821061.62,0.0314,0.031368436033333336,3.1563966666661725e-05,within_disclosure_precision
508019,2024-03-31,2024-04-20,quarterly_report,https://www.sse.com.cn/disclosure/fund/announcement/c/new/2024-04-20/508019_20240420_LDEG.pdf,0ffe54902877e6cd93ff339b63edf0684c32c2783816fb5c34f8c2234ec84d7c,600000000.0,19521103.42,0.0325,0.03253517236666667,3.517236666666923e-05,within_disclosure_precision
508019,2024-06-30,2024-07-19,quarterly_report,https://www.sse.com.cn/disclosure/fund/announcement/c/new/2024-07-19/508019_20240719_QLKL.pdf,bf070616189c8b1e163e18e6d0eecea36c3b2db79d31221573e61cf3bb7c4552,600000000.0,20100328.65,0.0335,0.03350054775,5.477499999961832e-07,within_disclosure_precision
508019,2024-06-30,2024-08-31,semiannual_report,https://www.sse.com.cn/disclosure/fund/announcement/c/new/2024-08-31/508019_20240831_FQ1Z.pdf,219fe4f89b5e3fa9028484681cdb669a356830a4c4f4602d2bf29b3505afea2a,600000000.0,39621432.07,0.066,0.06603572011666667,3.5720116666665414e-05,within_disclosure_precision
508019,2024-09-30,2024-10-25,quarterly_report,https://www.sse.com.cn/disclosure/fund/announcement/c/new/2024-10-25/508019_20241025_CDXS.pdf,e1262febf3d932920267892a84e73700afbd97c94771f2d6c822f1b6ba0e9728,600000000.0,19160276.28,0.0319,0.0319337938,3.3793800000000984e-05,within_disclosure_precision
508019,2024-12-31,2025-01-22,quarterly_report,https://www.sse.com.cn/disclosure/fund/announcement/c/new/2025-01-22/508019_20250122_BT99.pdf,d1288547091d009cf2613c82c4895a773c6589fc1ff4cdd428ec0a38cfb0de33,600000000.0,15397475.0,0.0257,0.025662458333333332,3.754166666666836e-05,within_disclosure_precision
508019,2025-03-31,2025-04-22,quarterly_report,https://www.sse.com.cn/disclosure/fund/announcement/c/new/2025-04-22/508019_20250422_70HT.pdf,653d68392f71f3277ca8d9150c354674e2b3c0349a666823fce6532caa840569,600000000.0,15030995.7,0.0251,0.0250516595,4.834050000000062e-05,within_disclosure_precision
508019,2025-06-30,2025-07-21,quarterly_report,https://www.sse.com.cn/disclosure/fund/announcement/c/new/2025-07-21/508019_20250721_ALJC.pdf,20b419eb87756092ffef6089c74ab7c34e726b0d7ef6401bd0680faa4013a4c2,600000000.0,14963724.24,0.0249,0.0249395404,3.954040000000297e-05,within_disclosure_precision
508019,2025-06-30,2025-08-29,semiannual_report,https://www.sse.com.cn/disclosure/fund/announcement/c/new/2025-08-29/508019_20250829_9GCZ.pdf,b6595744fe047ff537e0de3ff9578ff6e8a7636ca348475227eb0934e3d3c2b5,600000000.0,29994719.94,0.05,0.049991199900000005,8.800099999997646e-06,within_disclosure_precision
508019,2025-09-30,2025-10-28,quarterly_report,https://www.sse.com.cn/disclosure/fund/announcement/c/new/2025-10-28/508019_20251028_BOAU.pdf,d0bf84f30d51144ad9d507551b7ec88c4a36991b809cf3d418d1ffd752af2726,600000000.0,14850804.38,0.0248,0.024751340633333334,4.865936666666529e-05,within_disclosure_precision
508019,2025-12-31,2026-01-22,quarterly_report,https://www.sse.com.cn/disclosure/fund/announcement/c/new/2026-01-22/508019_20260122_BYLJ.pdf,deca72af642121783d6589eb97f54aa415f15156a2e98cb2e3046298bb709270,600000000.0,12916578.63,0.0215,0.021527631050000003,2.763105000000432e-05,within_disclosure_precision
508019,2026-03-31,2026-04-22,quarterly_report,https://www.sse.com.cn/disclosure/fund/announcement/c/new/2026-04-22/508019_20260422_D9B5.pdf,0373020a3808e7fdb0fe8bee2d848ef87206d62362514c71e438edffc9d58182,600000000.0,11379894.97,0.019,0.018966491616666668,3.350838333333189e-05,within_disclosure_precision
508019,2026-06-30,2026-07-21,quarterly_report,https://www.sse.com.cn/disclosure/fund/announcement/c/new/2026-07-21/508019_20260721_V7CZ.pdf,845cf5a9419617f1a54efb3a82a2cf2d90f11e11b7ed6f3769ddb0648b6a0ebf,600000000.0,12481824.01,0.0208,0.020803040016666666,3.040016666667339e-06,within_disclosure_precision
508019,2026-06-30,2026-08-28,semiannual_report,https://www.sse.com.cn/disclosure/fund/announcement/c/new/2026-08-28/508019_20260828_N6SY.pdf,77e45e65b4a241fcd02c9f8f0288a8ff843bd0eef28177decfa11710cc250951,600000000.0,23706690.88,0.0395,0.039511151466666665,1.1151466666664556e-05,within_disclosure_precision
508020,2026-06-30,2026-07-21,quarterly_report,https://www.sse.com.cn/disclosure/fund/announcement/c/new/2026-07-21/508020_20260721_02RB.pdf,f9e35fee00eab6575570bd29dd8366d42c88633ee89de282a4a003cd8e4001be,1000000000.0,524150445.75,0.5242,0.52415044575,4.955424999997238e-05,within_disclosure_precision
508021,2022-12-31,2023-01-20,quarterly_report,https://www.sse.com.cn/disclosure/fund/announcement/c/new/2023-01-20/508021_20230120_COQV.pdf,2a15d9eed4675e2e147f31168cf861f2d4e2102699972b3daab489e582e93838,200000000.0,9022606.93,0.0451,0.04511303465,1.3034650000000314e-05,within_disclosure_precision
508021,2023-03-31,2023-04-23,quarterly_report,https://www.sse.com.cn/disclosure/fund/announcement/c/new/2023-04-23/508021_20230423_9NCX.pdf,930b4c78245fb7941d4d93018a08ce68772d4e34e98d8e09040004b56fc3a6cb,200000000.0,8410266.98,0.0421,0.0420513349,4.8665099999997685e-05,within_disclosure_precision
508021,2023-06-30,2023-07-21,quarterly_report,https://www.sse.com.cn/disclosure/fund/announcement/c/new/2023-07-21/508021_20230721_S6VS.pdf,cde075fd2035e8ef178239cd9180ed60b5384ece3d4ae10a66694a6dba2a55a9,200000000.0,13689650.94,0.0684,0.0684482547,4.8254699999999984e-05,within_disclosure_precision
508021,2023-06-30,2023-08-31,semiannual_report,https://www.sse.com.cn/disclosure/fund/announcement/c/new/2023-08-31/508021_20230831_91IV.pdf,7637862887d8ccef3b8e2bb74f5ca3cf5f7dbf4e684ef3f4cf142ab1d76b6b1a,200000000.0,22099917.91,0.1105,0.11049958955,4.104500000018385e-07,within_disclosure_precision
508021,2023-09-30,2023-10-21,quarterly_report,https://www.sse.com.cn/disclosure/fund/announcement/c/new/2023-10-21/508021_20231021_P911.pdf,647178aa58ba35d35d38b3bc92120e42c9988aaa802b47ede5c120735c199ee0,200000000.0,5651486.38,0.0283,0.0282574319,4.256809999999764e-05,within_disclosure_precision
508021,2023-12-31,2024-01-22,quarterly_report,https://www.sse.com.cn/disclosure/fund/announcement/c/new/2024-01-22/508021_20240122_Y9G0.pdf,81881166ffb9bb719a9e60ded04846c8cd8512af6555d2a387480ffe85254102,200000000.0,11658474.79,0.0583,0.05829237395,7.626050000000828e-06,within_disclosure_precision
508021,2024-03-31,2024-04-22,quarterly_report,https://www.sse.com.cn/disclosure/fund/announcement/c/new/2024-04-22/508021_20240422_13IF.pdf,0400cfab65d8953cc8cb40edbd3ea005939575d8272f95b8667f784f71128ceb,200000000.0,7737830.5,0.0387,0.0386891525,1.0847500000001065e-05,within_disclosure_precision
508021,2024-06-30,2024-07-19,quarterly_report,https://www.sse.com.cn/disclosure/fund/announcement/c/new/2024-07-19/508021_20240719_RF97.pdf,1e4e484e807ca00d6a980507358b5a34a4729a487c804e0b1c889b9c1f089666,200000000.0,8851381.72,0.0443,0.044256908600000006,4.309139999999351e-05,within_disclosure_precision
508021,2024-06-30,2024-08-31,semiannual_report,https://www.sse.com.cn/disclosure/fund/announcement/c/new/2024-08-31/508021_20240831_8BC7.pdf,e15924803953f2f751108ae10dd2f3111af732e972a5553d2e4ece7412b201c8,200000000.0,16589212.22,0.0829,0.08294606110000001,4.606110000000829e-05,within_disclosure_precision
508021,2024-09-30,2024-10-25,quarterly_report,https://www.sse.com.cn/disclosure/fund/announcement/c/new/2024-10-25/508021_20241025_QJPB.pdf,c03c6370157419f85bca113248f8cbc5c5c4566451d20951579b20ec14ecf96d,200000000.0,10651224.64,0.0533,0.053256123200000005,4.387679999999505e-05,within_disclosure_precision
508021,2024-12-31,2025-01-22,quarterly_report,https://www.sse.com.cn/disclosure/fund/announcement/c/new/2025-01-22/508021_20250122_VAM1.pdf,a94ab4b00a1c124cf19e466a2840f94c6f372c433f970af5dc5d648c079af032,200000000.0,6190695.16,0.031,0.0309534758,4.652419999999838e-05,within_disclosure_precision
508021,2025-03-31,2025-04-22,quarterly_report,https://www.sse.com.cn/disclosure/fund/announcement/c/new/2025-04-22/508021_20250422_H5CM.pdf,58e507043599b4fc31b7fb84fda0413d48da9fde15a377c79a136c399f887c9d,200000000.0,8051085.84,0.0403,0.0402554292,4.457080000000446e-05,within_disclosure_precision
508021,2025-06-30,2025-07-19,quarterly_report,https://www.sse.com.cn/disclosure/fund/announcement/c/new/2025-07-19/508021_20250719_L7H2.pdf,b17680a22ff013913316601f7f85ed1a251cf35b8e419b3c228a48c948c0adff,200000000.0,9276779.32,0.0464,0.0463838966,1.6103399999994883e-05,within_disclosure_precision
508021,2025-06-30,2025-08-29,semiannual_report,https://www.sse.com.cn/disclosure/fund/announcement/c/new/2025-08-29/508021_20250829_32NY.pdf,52fd3b662cfde0b6b86be385cc18a6d9fbbcb5f9ededac0d3d58c462f922460f,200000000.0,17327865.16,0.0866,0.0866393258,3.932580000000352e-05,within_disclosure_precision
508021,2025-09-30,2025-10-28,quarterly_report,https://www.sse.com.cn/disclosure/fund/announcement/c/new/2025-10-28/508021_20251028_K6RC.pdf,3b50e463391f37423504cd8483ba4edc796d616ebe970c0d1033d6f4b2865825,588788630.0,16844250.2,0.0286,0.028608314328352435,8.31432835243437e-06,within_disclosure_precision
508021,2025-12-31,2026-01-22,quarterly_report,https://www.sse.com.cn/disclosure/fund/announcement/c/new/2026-01-22/508021_20260122_B064.pdf,fc30de710deedae6d053eb2d739d75d6d067f904aae3d354b79df78fc6484a51,588788630.0,33593844.58,0.0571,0.05705586498842547,4.413501157452676e-05,within_disclosure_precision
508021,2026-03-31,2026-04-22,quarterly_report,https://www.sse.com.cn/disclosure/fund/announcement/c/new/2026-04-22/508021_20260422_QFLS.pdf,729f720a5722f066c102db35fd2d052b662d80936ad5e9bf7359151d3f4828e9,588788630.0,14915049.85,0.0253,0.025331755896848756,3.175589684875635e-05,within_disclosure_precision
508021,2026-06-30,2026-07-21,quarterly_report,https://www.sse.com.cn/disclosure/fund/announcement/c/new/2026-07-21/508021_20260721_RD21.pdf,fa399b69ee6151fdbf5062de45478c1358fdbbbb60cb5b084ea57f347843f59c,588788630.0,30590016.82,0.052,0.051954156825344947,4.584317465505111e-05,within_disclosure_precision
508022,2024-12-31,2025-01-22,quarterly_report,https://www.sse.com.cn/disclosure/fund/announcement/c/new/2025-01-22/508022_20250122_KK0O.pdf,552681c7566af98c0e9bdd13125d6563d2791f143fc932285944edb5731c10b2,500000000.0,17294174.98,0.0346,0.03458834996,1.1650039999998307e-05,within_disclosure_precision
508022,2025-03-31,2025-04-22,quarterly_report,https://www.sse.com.cn/disclosure/fund/announcement/c/new/2025-04-22/508022_20250422_HEKZ.pdf,2b6d64c32d4003f52ae9444e0a1dcd62da1dd246a02121e3919af878082f9519,500000000.0,17859993.79,0.0357,0.03571998758,1.9987579999998506e-05,within_disclosure_precision
508022,2025-06-30,2025-07-21,quarterly_report,https://www.sse.com.cn/disclosure/fund/announcement/c/new/2025-07-21/508022_20250721_Z3W2.pdf,d5823c1549084a1a7d35f6a9406207658cadd97b957745598329afbe92561760,500000000.0,21022664.77,0.042,0.04204532954,4.532953999999978e-05,within_disclosure_precision
508022,2025-06-30,2025-08-29,semiannual_report,https://www.sse.com.cn/disclosure/fund/announcement/c/new/2025-08-29/508022_20250829_UU73.pdf,210f0246a0dda0e5a9fc9c44f8b8c71078babcd29aeda3dcc4e7afa56e9fe87a,500000000.0,38882658.56,0.0778,0.07776531712000001,3.468287999998376e-05,within_disclosure_precision
508022,2025-09-30,2025-10-28,quarterly_report,https://www.sse.com.cn/disclosure/fund/announcement/c/new/2025-10-28/508022_20251028_V94N.pdf,0754d22a456e68f11efdfe5b8cbd1beea05aaf6bad21f9a6d5c49714763347cb,500000000.0,19518077.72,0.039,0.03903615544,3.615543999999776e-05,within_disclosure_precision
508022,2025-12-31,2026-01-22,quarterly_report,https://www.sse.com.cn/disclosure/fund/announcement/c/new/2026-01-22/508022_20260122_432I.pdf,cf72937414005334c3212b55caa4ab4ca4b94cf0650e541fbe4394ed08d41eb0,500000000.0,22125366.2,0.0443,0.0442507324,4.9267599999999745e-05,within_disclosure_precision
508022,2026-03-31,2026-04-22,quarterly_report,https://www.sse.com.cn/disclosure/fund/announcement/c/new/2026-04-22/508022_20260422_IJIS.pdf,7cba527505e4318d3b72f6bd7664603bb2a9c6a8906762e4fa037228688ab0dc,500000000.0,18979013.01,0.038,0.03795802602,4.197397999999852e-05,within_disclosure_precision
508022,2026-06-30,2026-07-21,quarterly_report,https://www.sse.com.cn/disclosure/fund/announcement/c/new/2026-07-21/508022_20260721_0HX9.pdf,7f40ce816e916180340c6beb562b183abfcc1221d5737baef7c2b7d905251c3c,500000000.0,18288660.92,0.0366,0.03657732184,2.267815999999756e-05,within_disclosure_precision
508026,2024-06-30,2024-07-18,quarterly_report,https://www.sse.com.cn/disclosure/fund/announcement/c/new/2024-07-18/508026_20240718_8ONG.pdf,450bdae29afe82af292367b4a6f93cccf3fe3b565ffa54246cfd72fb75ea8a4a,400000000.0,13883305.18,0.0347,0.03470826295,8.262949999997271e-06,within_disclosure_precision
508026,2024-06-30,2024-08-03,quarterly_report,https://www.sse.com.cn/disclosure/fund/announcement/c/new/2024-08-03/508026_20240803_OEDE.pdf,107119363b3e78a2a4c3dc4f987ca3ca12fd7e76d02035792782c7132ce8ca13,400000000.0,13883305.18,0.0347,0.03470826295,8.262949999997271e-06,within_disclosure_precision
508026,2024-06-30,2024-08-30,semiannual_report,https://www.sse.com.cn/disclosure/fund/announcement/c/new/2024-08-30/508026_20240830_0W3D.pdf,ce0e78b911fd5db61f416e3abc2b4e04ce11890a142795ef2342abf5cb0b8409,400000000.0,16169401.07,0.0404,0.040423502675,2.350267500000197e-05,within_disclosure_precision
508026,2024-09-30,2024-10-25,quarterly_report,https://www.sse.com.cn/disclosure/fund/announcement/c/new/2024-10-25/508026_20241025_47Z6.pdf,419de34640ee6e24cbdce99efa248205efe1f8d6b4637b5e54fe52e64c5061cd,400000000.0,23695439.98,0.0592,0.05923859995,3.859994999999561e-05,within_disclosure_precision
508026,2024-12-31,2025-01-22,quarterly_report,https://www.sse.com.cn/disclosure/fund/announcement/c/new/2025-01-22/508026_20250122_3O29.pdf,d2a28e46a8093ea2a1b35e19def3c606e9bebd61cfd5291002fe9fd863123c54,400000000.0,36349349.99,0.0909,0.090873374975,2.6625024999990532e-05,within_disclosure_precision
508026,2025-03-31,2025-04-22,quarterly_report,https://www.sse.com.cn/disclosure/fund/announcement/c/new/2025-04-22/508026_20250422_FNF9.pdf,1468c4c168920e003532d0c6e6a874e30902d114600e65e429bd2bce1ef17992,400000000.0,20509088.23,0.0513,0.051272720575,2.727942499999858e-05,within_disclosure_precision
508026,2025-06-30,2025-07-21,quarterly_report,https://www.sse.com.cn/disclosure/fund/announcement/c/new/2025-07-21/508026_20250721_N3IB.pdf,49371bfad73ff839a5e0a1481d1edd873d73f69bb47f6c9b4e6975a367a53c03,400000000.0,10006135.09,0.025,0.025015337725,1.533772499999822e-05,within_disclosure_precision
508026,2025-06-30,2025-08-29,semiannual_report,https://www.sse.com.cn/disclosure/fund/announcement/c/new/2025-08-29/508026_20250829_1KYP.pdf,944f822b7969794088a8b38a9b2c41a13683efd480db521044476d731686ac44,400000000.0,30515223.32,0.0763,0.0762880583,1.194170000000383e-05,within_disclosure_precision
508026,2025-09-30,2025-10-28,quarterly_report,https://www.sse.com.cn/disclosure/fund/announcement/c/new/2025-10-28/508026_20251028_EZQC.pdf,ca39367cccc4b8df21a4fc296665f6e5d449152ba0c24c870e156c5f66d4ba89,400000000.0,25563376.5,0.0639,0.06390844125,8.44125000000473e-06,within_disclosure_precision
508026,2025-12-31,2026-01-22,quarterly_report,https://www.sse.com.cn/disclosure/fund/announcement/c/new/2026-01-22/508026_20260122_LA91.pdf,41a98cea742c30a42a6acc54124cef63fa70746a99dbb44e3929c0bc3b84cea0,400000000.0,25911619.82,0.0648,0.06477904955,2.0950450000001286e-05,within_disclosure_precision
508026,2026-03-31,2026-04-22,quarterly_report,https://www.sse.com.cn/disclosure/fund/announcement/c/new/2026-04-22/508026_20260422_21XV.pdf,132f3df3a999f01660e369b069afac721b565d13a77307c30457e1f76283825d,400000000.0,24579787.88,0.0614,0.061449469699999995,4.94696999999919e-05,within_disclosure_precision
508026,2026-06-30,2026-07-21,quarterly_report,https://www.sse.com.cn/disclosure/fund/announcement/c/new/2026-07-21/508026_20260721_JI1N.pdf,a1be55fba343b9e7ef035745679ab7819209462cff9bbe627db1541236078f07,400000000.0,6104611.97,0.0153,0.015261529925,3.8470074999999784e-05,within_disclosure_precision
508027,2021-09-30,2021-10-27,quarterly_report,https://www.sse.com.cn/disclosure/fund/announcement/c/new/2021-10-27/508027_20211027_1_aqwsWj4X.pdf,c394c174626fda0cbbce4ca4d7c3e7c56b2cdfdbf678b3c3309adae03d2fbf22,900000000.0,50375670.07,0.056,0.05597296674444444,2.7033255555558577e-05,within_disclosure_precision
508027,2021-12-31,2022-01-24,quarterly_report,https://www.sse.com.cn/disclosure/fund/announcement/c/new/2022-01-24/508027_20220124_1_2p7V2Me1.pdf,2571c16513b39a9ba35e55b4fdba61e0fd8a2b4ceb206cf912be22909de3c2db,900000000.0,39754333.19,0.0442,0.04417148132222222,2.8518677777783497e-05,within_disclosure_precision
508027,2022-03-31,2022-04-22,quarterly_report,https://www.sse.com.cn/disclosure/fund/announcement/c/new/2022-04-22/508027_20220422_1_da6iKdGw.pdf,4be03eace9efb274cb738082dfd23f82864f2ce52af7c74103b7cb1d6a31b0fe,900000000.0,34840605.04,0.0387,0.038711783377777774,1.1783377777775661e-05,within_disclosure_precision
508027,2022-06-30,2022-07-21,quarterly_report,https://www.sse.com.cn/disclosure/fund/announcement/c/new/2022-07-21/508027_20220721_1_r3Peufy0.pdf,810fe7e9f522ddb4516991036b3c0a1f8958ff0c9bf6febad5e1a4038350c596,900000000.0,17605345.39,0.0196,0.01956149487777778,3.8505122222219634e-05,within_disclosure_precision
508027,2022-06-30,2022-08-31,semiannual_report,https://www.sse.com.cn/disclosure/fund/announcement/c/new/2022-08-31/508027_20220831_1_a8CX4CYx.pdf,ee2197f3d397f570c5c133989750c02766920b304fbe956433942720979aed73,900000000.0,52445950.43,0.0583,0.058273278255555554,2.6721744444443973e-05,within_disclosure_precision
508027,2022-09-30,2022-10-26,quarterly_report,https://www.sse.com.cn/disclosure/fund/announcement/c/new/2022-10-26/508027_20221026_1_tRqxF2xg.pdf,5befceff4aecc643df2101c8e214529238cc2f60ba949624e6830cd442067897,900000000.0,41311538.16,0.0459,0.045901709066666664,1.709066666660819e-06,within_disclosure_precision
508027,2022-12-31,2023-01-20,quarterly_report,https://www.sse.com.cn/disclosure/fund/announcement/c/new/2023-01-20/508027_20230120_2LC9.pdf,7737ea34c6525f183889685e1e9068c3d945e1a47d719c16c18d22bcaaf0357f,900000000.0,66030337.27,0.0734,0.07336704141111111,3.295858888889558e-05,within_disclosure_precision
508027,2023-03-31,2023-04-21,quarterly_report,https://www.sse.com.cn/disclosure/fund/announcement/c/new/2023-04-21/508027_20230421_52DE.pdf,c209b5c018a48f53543dea12bb1e294424653b3aeb7419a0d5af320819d17372,900000000.0,31180599.71,0.0346,0.03464511078888889,4.5110788888892694e-05,within_disclosure_precision
508027,2023-06-30,2023-07-21,quarterly_report,https://www.sse.com.cn/disclosure/fund/announcement/c/new/2023-07-21/508027_20230721_642W.pdf,774026f5d6bfc4490c98a8a77121e554385caa2ca5f2fbe3abe410028a306609,900000000.0,36258405.84,0.0403,0.040287117600000005,1.2882399999997185e-05,within_disclosure_precision
508027,2023-06-30,2023-08-31,semiannual_report,https://www.sse.com.cn/disclosure/fund/announcement/c/new/2023-08-31/508027_20230831_M0XB.pdf,b97a8fffe58dd43995f65dd2763ab3589d5f2574d30ed8fe62f6adcbaecaec52,900000000.0,67439005.55,0.0749,0.07493222838888888,3.222838888888857e-05,within_disclosure_precision
508027,2023-09-30,2023-10-23,quarterly_report,https://www.sse.com.cn/disclosure/fund/announcement/c/new/2023-10-23/508027_20231023_76HZ.pdf,a97aaec81e847dd7fd5bc0a19c605a258758b7e642d8ecd9fe6e74e8c755ffdd,900000000.0,48000797.99,0.0533,0.05333421998888889,3.421998888888944e-05,within_disclosure_precision
508027,2023-12-31,2024-01-22,quarterly_report,https://www.sse.com.cn/disclosure/fund/announcement/c/new/2024-01-22/508027_20240122_XK8S.pdf,f4b04a2584a82016a339e7ab812eeb1ebc09daa3b045a2fb35f868ba8a38bbc1,900000000.0,48529592.96,0.0539,0.05392176995555556,2.1769955555556164e-05,within_disclosure_precision
508027,2024-03-31,2024-04-22,quarterly_report,https://www.sse.com.cn/disclosure/fund/announcement/c/new/2024-04-22/508027_20240422_Q9V8.pdf,43371ebde28cd27ef6af57628ec3ef179356b2db4e6fd4f2351be809733c1608,900000000.0,38732706.19,0.043,0.04303634021111111,3.634021111111052e-05,within_disclosure_precision
508027,2024-06-30,2024-07-19,quarterly_report,https://www.sse.com.cn/disclosure/fund/announcement/c/new/2024-07-19/508027_20240719_A5VH.pdf,3cedb7544eea9924dae204b3d04d5e76127f715ddcd4b0e576997f90ab3d3678,900000000.0,35503620.84,0.0394,0.0394484676,4.8467600000004496e-05,within_disclosure_precision
508027,2024-06-30,2024-08-30,semiannual_report,https://www.sse.com.cn/disclosure/fund/announcement/c/new/2024-08-30/508027_20240830_VDFV.pdf,dbf86407457601ba854997c655fef3e53c2ae12b8a21ceac024bfbe994ac13ab,900000000.0,74236327.03,0.0825,0.08248480781111112,1.5192188888887848e-05,within_disclosure_precision
508027,2024-09-30,2024-10-25,quarterly_report,https://www.sse.com.cn/disclosure/fund/announcement/c/new/2024-10-25/508027_20241025_JE37.pdf,ff2ac42631a015f1f57ba32e60fd2ec9bb48969ee74186949a66c7639c5a48f7,900000000.0,37030892.67,0.0411,0.041145436300000005,4.543630000000687e-05,within_disclosure_precision
508027,2024-12-31,2025-01-22,quarterly_report,https://www.sse.com.cn/disclosure/fund/announcement/c/new/2025-01-22/508027_20250122_2PIU.pdf,3c53f6ea4c31930f48a46ce132bd1be321efa6c6467096f2253e75cbe2a1e530,900000000.0,36597592.22,0.0407,0.040663991355555554,3.600864444444629e-05,within_disclosure_precision
508027,2025-03-31,2025-04-22,quarterly_report,https://www.sse.com.cn/disclosure/fund/announcement/c/new/2025-04-22/508027_20250422_5GRH.pdf,4810b49f4791a58c7c49cbad84331c6db19318374026cd29a2ff2de7d5083808,900000000.0,35636270.06,0.0396,0.039595855622222224,4.144377777778874e-06,within_disclosure_precision
508027,2025-06-30,2025-07-21,quarterly_report,https://www.sse.com.cn/disclosure/fund/announcement/c/new/2025-07-21/508027_20250721_P7Q6.pdf,7772b147d09adb5450aea319e6c5abcb6b1a90b1404d4a702c0acb9337c540c2,900000000.0,32140024.11,0.0357,0.0357111379,1.1137899999999479e-05,within_disclosure_precision
508027,2025-06-30,2025-08-29,semiannual_report,https://www.sse.com.cn/disclosure/fund/announcement/c/new/2025-08-29/508027_20250829_TKOI.pdf,f455c13ec8a5e608cd72a8dfe7fa3bed12c0ff739b86f93ccfc666b093f6381c,900000000.0,67776294.17,0.0753,0.07530699352222223,6.993522222220605e-06,within_disclosure_precision
508027,2025-09-30,2025-10-28,quarterly_report,https://www.sse.com.cn/disclosure/fund/announcement/c/new/2025-10-28/508027_20251028_39X7.pdf,0158d7c92cd318c215b691f53f6a51a902b17725b0e6a83f047e0c378acef192,900000000.0,34342313.05,0.0382,0.03815812561111111,4.187438888889061e-05,within_disclosure_precision
508027,2025-12-31,2026-01-22,quarterly_report,https://www.sse.com.cn/disclosure/fund/announcement/c/new/2026-01-22/508027_20260122_BAXO.pdf,34a727304aaab778b153b9084e986c703ba626dcf6049cae3ec648800af8b4a5,900000000.0,31209236.62,0.0347,0.03467692957777778,2.3070422222222497e-05,within_disclosure_precision
508027,2026-03-31,2026-04-22,quarterly_report,https://www.sse.com.cn/disclosure/fund/announcement/c/new/2026-04-22/508027_20260422_URUX.pdf,72e163785c14ba742bd86d12d82bf322ff23dc555b26dd9b2c4bc0da4255834a,900000000.0,32559315.23,0.0362,0.03617701692222222,2.298307777778147e-05,within_disclosure_precision
508027,2026-06-30,2026-07-21,quarterly_report,https://www.sse.com.cn/disclosure/fund/announcement/c/new/2026-07-21/508027_20260721_8PEF.pdf,543f576b1f69ea56bb2448d0bddf8ce268d6e964899d3338d3ac0a8ac1baae27,900000000.0,27032838.57,0.03,0.0300364873,3.648730000000225e-05,within_disclosure_precision
508028,2023-06-30,2023-07-21,quarterly_report,https://www.sse.com.cn/disclosure/fund/announcement/c/new/2023-07-21/508028_20230721_85FM.pdf,9550f925b3ec9072893cb107d1bfe45ff57c7a4e06a9208e5cd49df49907702a,800000000.0,229304121.42,0.2866,0.286630151775,3.015177499998689e-05,within_disclosure_precision
508028,2023-06-30,2023-08-31,semiannual_report,https://www.sse.com.cn/disclosure/fund/announcement/c/new/2023-08-31/508028_20230831_QDGE.pdf,c1280ae68b532db8bb4f653561ff5e9d6188c2e3749285218f5fe0f32ad52da8,800000000.0,229953379.16,0.2874,0.28744172395,4.172395000001661e-05,within_disclosure_precision
508028,2023-09-30,2023-10-25,quarterly_report,https://www.sse.com.cn/disclosure/fund/announcement/c/new/2023-10-25/508028_20231025_AA5D.pdf,a6856ba981d3fe864e3939bbad5608496e022c37b7b000d64b45d31f2aaf11df,800000000.0,205120911.44,0.2564,0.25640113929999997,1.1392999999526587e-06,within_disclosure_precision
508028,2023-12-31,2024-01-22,quarterly_report,https://www.sse.com.cn/disclosure/fund/announcement/c/new/2024-01-22/508028_20240122_M73M.pdf,074925bf7bfb7cd4c0c9d230d3a02a79bea14119503603962ecd60d790190fee,800000000.0,217124591.43,0.2714,0.2714057392875,5.739287500028389e-06,within_disclosure_precision
508028,2024-03-31,2024-04-22,quarterly_report,https://www.sse.com.cn/disclosure/fund/announcement/c/new/2024-04-22/508028_20240422_NS1X.pdf,c6814283e1d459fccc481b0f5e7d9122000f3a1595da5eb78df46711f250a437,800000000.0,136490376.56,0.1706,0.1706129707,1.2970700000003443e-05,within_disclosure_precision
508028,2024-06-30,2024-07-19,quarterly_report,https://www.sse.com.cn/disclosure/fund/announcement/c/new/2024-07-19/508028_20240719_95R7.pdf,3399c4a02ef734c9c5dfbe241c606f9e4b7c69daa9fa9aed37d2249ede875a1a,800000000.0,-42121401.86,-0.0527,-0.052651752325,4.824767499999466e-05,within_disclosure_precision
508028,2024-06-30,2024-08-30,semiannual_report,https://www.sse.com.cn/disclosure/fund/announcement/c/new/2024-08-30/508028_20240830_OCHY.pdf,a25aa9e241e5129f1f42c349269d85eb465f8a4ff709763281142d168aed3347,800000000.0,94368974.7,0.118,0.11796121837500001,3.8781624999983944e-05,within_disclosure_precision
508028,2024-09-30,2024-10-25,quarterly_report,https://www.sse.com.cn/disclosure/fund/announcement/c/new/2024-10-25/508028_20241025_2Z9V.pdf,2e8a6aa60301491efe0b5ecb7c142cae73faf7db55cafda28b1d52d3b62d94f4,800000000.0,96232913.2,0.1203,0.1202911415,8.858500000000213e-06,within_disclosure_precision
508028,2024-12-31,2025-01-22,quarterly_report,https://www.sse.com.cn/disclosure/fund/announcement/c/new/2025-01-22/508028_20250122_36A6.pdf,3c622f840e46f1a32ec662e0b42e94a8c496bfdf5553a455f79cb68c9665af0d,800000000.0,237692017.56,0.2971,0.29711502195,1.502195000002704e-05,within_disclosure_precision
508028,2025-03-31,2025-04-22,quarterly_report,https://www.sse.com.cn/disclosure/fund/announcement/c/new/2025-04-22/508028_20250422_YHMC.pdf,3a4c31fae24f4a2e8350ee8d2b9298ea1f30c44b586f67ca26c5be73e12b7af2,800000000.0,70230449.0,0.0878,0.08778806125,1.1938750000009546e-05,within_disclosure_precision
508028,2025-06-30,2025-07-21,quarterly_report,https://www.sse.com.cn/disclosure/fund/announcement/c/new/2025-07-21/508028_20250721_TBZ8.pdf,0bf6f619fe4095953056fa42e528d806d10c8220b721399438730d21813f154d,800000000.0,66569026.38,0.0832,0.08321128297500001,1.128297500001263e-05,within_disclosure_precision
508028,2025-06-30,2025-08-29,semiannual_report,https://www.sse.com.cn/disclosure/fund/announcement/c/new/2025-08-29/508028_20250829_AAAI.pdf,a8e4a3540e3216eb65ddf703b2e3b224ec5f64fee8fdd8d94935dc2994406b9b,800000000.0,136799475.38,0.171,0.170999344225,6.55775000024672e-07,within_disclosure_precision
508028,2025-09-30,2025-10-28,quarterly_report,https://www.sse.com.cn/disclosure/fund/announcement/c/new/2025-10-28/508028_20251028_036Z.pdf,14f86c9ac5658bad06d28c13a66c81ba0b538229da64e87b0e043496b236fb15,800000000.0,-9791578.68,-0.0122,-0.01223947335,3.947334999999941e-05,within_disclosure_precision
508028,2025-12-31,2026-01-22,quarterly_report,https://www.sse.com.cn/disclosure/fund/announcement/c/new/2026-01-22/508028_20260122_8WBS.pdf,ca1a5c34a452da7c3147d44f6dc96a4f6ec23694d23993e9a788c51a2a21350b,800000000.0,160315523.99,0.2004,0.20039440498750002,5.595012499970409e-06,within_disclosure_precision
508028,2026-03-31,2026-04-22,quarterly_report,https://www.sse.com.cn/disclosure/fund/announcement/c/new/2026-04-22/508028_20260422_YR89.pdf,cd26a152bffb08fd39dc355f401592796bc1a3ddc376c3c30d0374abd64ce6f0,800000000.0,82796394.83,0.1035,0.1034954935375,4.506462499997976e-06,within_disclosure_precision
508028,2026-06-30,2026-07-21,quarterly_report,https://www.sse.com.cn/disclosure/fund/announcement/c/new/2026-07-21/508028_20260721_W0FA.pdf,3fbeac40421e2aa7dcc1e4ed6ca27bd90db6eaccb762c80056ec3c73d29f9871,800000000.0,-11212394.48,-0.014,-0.0140154931,1.5493099999999704e-05,within_disclosure_precision
508029,2025-12-31,2026-01-22,quarterly_report,https://www.sse.com.cn/disclosure/fund/announcement/c/new/2026-01-22/508029_20260122_F3QA.pdf,a30b563d30ad572d2b94f6698f3d549775ae3c52c5eadd3eceb45765e1fb64b5,300000000.0,65126296.0,0.2171,0.21708765333333332,1.2346666666662731e-05,within_disclosure_precision
508029,2026-03-31,2026-04-22,quarterly_report,https://www.sse.com.cn/disclosure/fund/announcement/c/new/2026-04-22/508029_20260422_VJL4.pdf,a473add9775c2ff8022084537a42364e10818ade22c31dfdc618f92c979b935a,300000000.0,15247994.83,0.0508,0.050826649433333336,2.664943333333808e-05,within_disclosure_precision
508029,2026-06-30,2026-07-21,quarterly_report,https://www.sse.com.cn/disclosure/fund/announcement/c/new/2026-07-21/508029_20260721_W4R4.pdf,eef9706518f2842af988633a456430737c8a62e107610ef30a8d8a048052354b,300000000.0,14592700.03,0.0486,0.04864233343333333,4.233343333333306e-05,within_disclosure_precision
508031,2024-03-31,2024-04-22,quarterly_report,https://www.sse.com.cn/disclosure/fund/announcement/c/new/2024-04-22/508031_20240422_EL2U.pdf,5c9ab20be00db3ce2a2ecfff8a554d20d0bdde01200e935f876894eb37ce97d1,1000000000.0,32765077.34,0.0328,0.03276507734,3.492266000000577e-05,within_disclosure_precision
508031,2024-06-30,2024-07-19,quarterly_report,https://www.sse.com.cn/disclosure/fund/announcement/c/new/2024-07-19/508031_20240719_TS0P.pdf,4c7342f130e8775fc8881d6367410c6a45ac8b26eb21fe6aaf20545a2f99eba3,1000000000.0,30658630.83,0.0307,0.03065863083,4.136917000000309e-05,within_disclosure_precision
508031,2024-06-30,2024-08-31,semiannual_report,https://www.sse.com.cn/disclosure/fund/announcement/c/new/2024-08-31/508031_20240831_3Q6E.pdf,5d41c75f21f4c8b5d55d4d3605226a54e23c0938d48b754c0154b5df3dcd79ab,1000000000.0,63423708.17,0.0634,0.06342370817,2.3708169999997475e-05,within_disclosure_precision
508031,2024-09-30,2024-10-25,quarterly_report,https://www.sse.com.cn/disclosure/fund/announcement/c/new/2024-10-25/508031_20241025_SH19.pdf,cd44d435ab000ead75f6a7ef2e30b82812c7811f87d91b085fff33b2acb238e9,1000000000.0,32667369.49,0.0327,0.03266736949,3.2630509999999335e-05,within_disclosure_precision
508031,2024-12-31,2025-01-22,quarterly_report,https://www.sse.com.cn/disclosure/fund/announcement/c/new/2025-01-22/508031_20250122_QR7N.pdf,616eb728af7a417803401a524b4c9d7dcf80fd5f678db913241fcad66078ec36,1000000000.0,34576681.92,0.0346,0.034576681920000005,2.331807999999408e-05,within_disclosure_precision
508031,2025-03-31,2025-04-22,quarterly_report,https://www.sse.com.cn/disclosure/fund/announcement/c/new/2025-04-22/508031_20250422_LRPW.pdf,046c000696751aa68014dc15b53ff732c4ecbe5113834dedec724e989af57279,1000000000.0,31400909.58,0.0314,0.03140090958,9.095799999997434e-07,within_disclosure_precision
508031,2025-06-30,2025-07-19,quarterly_report,https://www.sse.com.cn/disclosure/fund/announcement/c/new/2025-07-19/508031_20250719_Y7F9.pdf,00a73d526b68155a18039bbef1761ef520cf77480c723bb74d28506eff84a5ed,1000000000.0,31967730.18,0.032,0.03196773018,3.2269819999999894e-05,within_disclosure_precision
508031,2025-06-30,2025-08-29,semiannual_report,https://www.sse.com.cn/disclosure/fund/announcement/c/new/2025-08-29/508031_20250829_I3CK.pdf,bbaaf0d0cd4f0b1333f499e64046b2e067c20d4636fc6f91113aac09eeb15896,1000000000.0,63368639.76,0.0634,0.06336863976,3.136024000000015e-05,within_disclosure_precision
508031,2025-09-30,2025-10-28,quarterly_report,https://www.sse.com.cn/disclosure/fund/announcement/c/new/2025-10-28/508031_20251028_CBJN.pdf,728f689db7bdbe19533ffebddad49cfaa20d98c002f34023746d412335070b44,1000000000.0,32079703.45,0.0321,0.03207970345,2.0296549999999913e-05,within_disclosure_precision
508031,2025-12-31,2026-01-22,quarterly_report,https://www.sse.com.cn/disclosure/fund/announcement/c/new/2026-01-22/508031_20260122_PB9S.pdf,fe6a0d258017fb5a852b47b68f046fc1db4cfc4fd69a3bc163ad5d4ee4960b69,1000000000.0,32519900.53,0.0325,0.03251990053,1.990052999999853e-05,within_disclosure_precision
508031,2026-03-31,2026-04-22,quarterly_report,https://www.sse.com.cn/disclosure/fund/announcement/c/new/2026-04-22/508031_20260422_AAM4.pdf,517456f1152ff142ef9b01598799d743f84164dea09c1c454ef7ca80f7cf3dfb,1000000000.0,31596128.73,0.0316,0.03159612873,3.8712700000040345e-06,within_disclosure_precision
508031,2026-06-30,2026-07-21,quarterly_report,https://www.sse.com.cn/disclosure/fund/announcement/c/new/2026-07-21/508031_20260721_2T7R.pdf,620cccb70a7e317edb471a175191b06d1ef4f0ca420b6326fddc0f41dda33abf,1000000000.0,33372966.42,0.0334,0.033372966420000004,2.7033579999995172e-05,within_disclosure_precision
508033,2024-06-30,2024-07-18,quarterly_report,https://www.sse.com.cn/disclosure/fund/announcement/c/new/2024-07-18/508033_20240718_R3KQ.pdf,518a2e4202815f8265383f79eb6bb87905ea89adcfe92df75af5c0a48d002f56,300000000.0,38796774.8,0.1293,0.12932258266666666,2.2582666666659534e-05,within_disclosure_precision
508033,2024-06-30,2024-08-30,semiannual_report,https://www.sse.com.cn/disclosure/fund/announcement/c/new/2024-08-30/508033_20240830_38SS.pdf,6bf31e5f839cea1405711b96a5f9388be7ab3dcbefd200b0f64c38a21eeb8258,300000000.0,169265195.73,0.5642,0.5642173191,1.731909999991288e-05,within_disclosure_precision
508033,2024-09-30,2024-10-25,quarterly_report,https://www.sse.com.cn/disclosure/fund/announcement/c/new/2024-10-25/508033_20241025_7508.pdf,bb5395c0e2d4e8d8eabae75cd478d4a92c4b91807f97ae3db1edc0188e76f5bd,300000000.0,63537583.48,0.2118,0.2117919449333333,8.05506666667899e-06,within_disclosure_precision
508033,2024-12-31,2025-01-21,quarterly_report,https://www.sse.com.cn/disclosure/fund/announcement/c/new/2025-01-21/508033_20250121_JNYV.pdf,b6c27bccc2e2feb0e3a0af218861915b40bde5334eacbc09139e0aff612b96fd,300000000.0,47852379.62,0.1595,0.15950793206666666,7.932066666660464e-06,within_disclosure_precision
508033,2025-03-31,2025-04-22,quarterly_report,https://www.sse.com.cn/disclosure/fund/announcement/c/new/2025-04-22/508033_20250422_ODR0.pdf,c80e85452b6f7c1fc27bd7ea1dcf7712c171bceb16508452ff54154b4b775ee3,300000000.0,58129257.57,0.1938,0.1937641919,3.580810000000656e-05,within_disclosure_precision
508033,2025-06-30,2025-07-21,quarterly_report,https://www.sse.com.cn/disclosure/fund/announcement/c/new/2025-07-21/508033_20250721_104H.pdf,fd66df4d7bb0a2148712d88759895e5cf57714d8e0c9cae2196d05c99d23bbbd,300000000.0,56143845.59,0.1871,0.18714615196666667,4.615196666668542e-05,within_disclosure_precision
508033,2025-06-30,2025-08-30,semiannual_report,https://www.sse.com.cn/disclosure/fund/announcement/c/new/2025-08-30/508033_20250830_38BS.pdf,110f91326a5ca8e790198685945d75151e10a6a9302ad4399675b96880b3f2d7,300000000.0,114273103.16,0.3809,0.38091034386666667,1.0343866666651103e-05,within_disclosure_precision
508033,2025-09-30,2025-10-28,quarterly_report,https://www.sse.com.cn/disclosure/fund/announcement/c/new/2025-10-28/508033_20251028_6EQD.pdf,2162ad8f824cf86f029b609f199e4e7fbd874b12abb870b5285c802376f7036e,300000000.0,67245132.67,0.2242,0.22415044223333333,4.9557766666680214e-05,within_disclosure_precision
508033,2025-12-31,2026-01-22,quarterly_report,https://www.sse.com.cn/disclosure/fund/announcement/c/new/2026-01-22/508033_20260122_XKT4.pdf,49b6e71b199eabcfaaa83aa0cbc655ac621cdd127f28fc59de8b4e997ed1ca1f,300000000.0,45229179.94,0.1508,0.15076393313333333,3.606686666665637e-05,within_disclosure_precision
508033,2026-03-31,2026-04-22,quarterly_report,https://www.sse.com.cn/disclosure/fund/announcement/c/new/2026-04-22/508033_20260422_D25M.pdf,e4a219b4b7e4e9844e3305c3027e604b277af5ea67125426aac6dc4dd244ac03,300000000.0,71958311.51,0.2399,0.2398610383666667,3.896163333330649e-05,within_disclosure_precision
508033,2026-06-30,2026-07-21,quarterly_report,https://www.sse.com.cn/disclosure/fund/announcement/c/new/2026-07-21/508033_20260721_M1OB.pdf,c2bae71798a459f6e5851ada6dee6a1c47cea8340c572f8b31dcb24b8eb9d788,300000000.0,46578563.62,0.1553,0.15526187873333333,3.8121266666663045e-05,within_disclosure_precision
508036,2025-03-31,2025-04-22,quarterly_report,https://www.sse.com.cn/disclosure/fund/announcement/c/new/2025-04-22/508036_20250422_1EY5.pdf,223addfebb5f421cd2cbbb43941cb1197a605e8576d1a4ac4f51e2d948b8594e,1000000000.0,377777996.44,0.3778,0.37777799644,2.2003560000039002e-05,within_disclosure_precision
508036,2025-06-30,2025-07-21,quarterly_report,https://www.sse.com.cn/disclosure/fund/announcement/c/new/2025-07-21/508036_20250721_H45M.pdf,1824ace6c58327e8d35e379b8725b7c8fb655c5fb3d2581481b8d0b261cff9b2,1000000000.0,357524623.95,0.3575,0.35752462395,2.4623950000024486e-05,within_disclosure_precision
508036,2025-06-30,2025-08-29,semiannual_report,https://www.sse.com.cn/disclosure/fund/announcement/c/new/2025-08-29/508036_20250829_ANCL.pdf,eefd33efa467285d3bb773739adad7d2226ff1c7463ab30fd8ca638db1946bb5,1000000000.0,735302620.39,0.7353,0.7353026203899999,2.620389999985484e-06,within_disclosure_precision
508036,2025-09-30,2025-10-28,quarterly_report,https://www.sse.com.cn/disclosure/fund/announcement/c/new/2025-10-28/508036_20251028_TJQX.pdf,9aad1d066659878a8dc5b528e32faf7be30500b0838aab282f5a61148b35dfcf,1000000000.0,189286456.17,0.1893,0.18928645616999998,1.3543830000017909e-05,within_disclosure_precision
508036,2025-12-31,2026-01-22,quarterly_report,https://www.sse.com.cn/disclosure/fund/announcement/c/new/2026-01-22/508036_20260122_OEID.pdf,38f67c44ae74c2748499b046529c62b1711df1689f5cfd8a6f61776473d65155,1000000000.0,168793397.39,0.1688,0.16879339739,6.602610000017162e-06,within_disclosure_precision
508036,2026-03-31,2026-04-22,quarterly_report,https://www.sse.com.cn/disclosure/fund/announcement/c/new/2026-04-22/508036_20260422_XYNT.pdf,8e57ea29a46e951f0d22d9b4c63859600eefd9750e99bf750df39c577bf0dc79,1000000000.0,318649950.4,0.3186,0.3186499504,4.9950399999998396e-05,within_disclosure_precision
508036,2026-06-30,2026-07-21,quarterly_report,https://www.sse.com.cn/disclosure/fund/announcement/c/new/2026-07-21/508036_20260721_T4RP.pdf,8f55855633328c46efcd325c14201a85e6c412583a45528548b04f71d8b8999e,1000000000.0,286933561.35,0.2869,0.28693356135000003,3.356135000004423e-05,within_disclosure_precision
508036,2026-06-30,2026-08-28,semiannual_report,https://www.sse.com.cn/disclosure/fund/announcement/c/new/2026-08-28/508036_20260828_64F8.pdf,068ec8c62b4909b69f8e8d80a2cb79d4e144a2b130e270301189e568c2435113,1000000000.0,605583511.75,0.6056,0.60558351175,1.648825000000187e-05,within_disclosure_precision
508039,2025-09-30,2025-10-27,quarterly_report,https://www.sse.com.cn/disclosure/fund/announcement/c/new/2025-10-27/508039_20251027_7GW0.pdf,74d50f60a34f56f22fec5bb420d7b7dda391259bec4e3c4f93db85ee4c6e4b6b,1000000000.0,195224655.43,0.1952,0.19522465543,2.4655429999992373e-05,within_disclosure_precision
508039,2025-12-31,2026-01-21,quarterly_report,https://www.sse.com.cn/disclosure/fund/announcement/c/new/2026-01-21/508039_20260121_ZUR8.pdf,d5008ccfd88af32348589d2182814f11346f41afc526fa8cc5642f2f0f756501,1000000000.0,59412266.82,0.0594,0.059412266820000004,1.2266820000002288e-05,within_disclosure_precision
508039,2026-03-31,2026-04-20,quarterly_report,https://www.sse.com.cn/disclosure/fund/announcement/c/new/2026-04-20/508039_20260420_NZ7G.pdf,47c9905c152e564c6997a00c421f08ff5409fd246556fb35f831ab348f5dc182,1000000000.0,48049735.33,0.048,0.048049735329999996,4.973532999999475e-05,within_disclosure_precision
508039,2026-06-30,2026-07-20,quarterly_report,https://www.sse.com.cn/disclosure/fund/announcement/c/new/2026-07-20/508039_20260720_EWU6.pdf,0085c03df92a8929222129c271280509680541e9f4c508ca2149741cbf485b95,1000000000.0,78741553.5,0.0787,0.0787415535,4.1553499999999466e-05,within_disclosure_precision
508039,2026-06-30,2026-07-23,quarterly_report,https://www.sse.com.cn/disclosure/fund/announcement/c/new/2026-07-23/508039_20260723_KPN5.pdf,403e050008e60b494b7c7055b313542fc94927363dd9b5ddc7502a6c2e44956d,1000000000.0,78741553.5,0.0787,0.0787415535,4.1553499999999466e-05,within_disclosure_precision
508039,2026-06-30,2026-08-28,semiannual_report,https://www.sse.com.cn/disclosure/fund/announcement/c/new/2026-08-28/508039_20260828_49GQ.pdf,a150139b41e2c85ace117ef645ee878717154188033dd036172e70c0417438cd,1000000000.0,126791288.82,0.1268,0.12679128882,8.711180000009477e-06,within_disclosure_precision
508048,2025-03-31,2025-04-22,quarterly_report,https://www.sse.com.cn/disclosure/fund/announcement/c/new/2025-04-22/508048_20250422_7JKK.pdf,232d2019506472e2a976f67a2fe32f344a344c043644f1dcb29a105937a0480c,400000000.0,15301789.39,0.0383,0.038254473475,4.552652499999893e-05,within_disclosure_precision
508048,2025-06-30,2025-07-21,quarterly_report,https://www.sse.com.cn/disclosure/fund/announcement/c/new/2025-07-21/508048_20250721_CFE7.pdf,2693fab183df617fea1e3f44c1d583d21fc19a015f4dd83d871f2b34cb6998ea,400000000.0,15950492.26,0.0399,0.03987623065,2.3769350000001077e-05,within_disclosure_precision
508048,2025-06-30,2025-08-30,semiannual_report,https://www.sse.com.cn/disclosure/fund/announcement/c/new/2025-08-30/508048_20250830_7GS4.pdf,428b4ac97810bea2023e699ff77d507b6e747372dc3ecd58965f8eb7cf588d31,400000000.0,31252281.65,0.0781,0.07813070412499999,3.070412499998898e-05,within_disclosure_precision
508048,2025-09-30,2025-10-28,quarterly_report,https://www.sse.com.cn/disclosure/fund/announcement/c/new/2025-10-28/508048_20251028_K2RT.pdf,cd342644a0f1d20e71fb1ff5b32f0a9026ee1fc7b9c7a3a4be548bcc4ddc1dae,400000000.0,13899045.81,0.0347,0.034747614525,4.7614524999996244e-05,within_disclosure_precision
508048,2025-12-31,2026-01-22,quarterly_report,https://www.sse.com.cn/disclosure/fund/announcement/c/new/2026-01-22/508048_20260122_QF3K.pdf,4151111ff9ade15783e81eae17e642f46a2a9f900ff895fafa67794141c5833f,400000000.0,14450054.98,0.0361,0.036125137450000004,2.5137450000004002e-05,within_disclosure_precision
508048,2026-03-31,2026-04-22,quarterly_report,https://www.sse.com.cn/disclosure/fund/announcement/c/new/2026-04-22/508048_20260422_DMY2.pdf,ae2cd768ae8e78ed2471086c8102e57cd9703427599de216535f6fc85b2ecc37,400000000.0,14023385.26,0.0351,0.03505846315,4.153685000000268e-05,within_disclosure_precision
508048,2026-06-30,2026-07-21,quarterly_report,https://www.sse.com.cn/disclosure/fund/announcement/c/new/2026-07-21/508048_20260721_1SPC.pdf,e7a7daafa2f6c6d3ba3a0a2e5aaf1d73d2d9b70e5f8cca65c7c9faa28749063f,400000000.0,13659667.9,0.0341,0.03414916975,4.916975000000129e-05,within_disclosure_precision
508050,2026-03-31,2026-04-22,quarterly_report,https://www.sse.com.cn/disclosure/fund/announcement/c/new/2026-04-22/508050_20260422_8BHF.pdf,51e693963d803e1550b57f8bab1a355f3e31f0e6104c4cd365e156d2a1a75001,300000000.0,10871551.39,0.0362,0.036238504633333335,3.850463333333193e-05,within_disclosure_precision
508050,2026-06-30,2026-07-21,quarterly_report,https://www.sse.com.cn/disclosure/fund/announcement/c/new/2026-07-21/508050_20260721_D13H.pdf,6988293f4a226aa1e342f18e9a8057841036df74dca5f9372b690ae259c99106,300000000.0,24296380.09,0.081,0.08098793363333333,1.2066366666674266e-05,within_disclosure_precision
508055,2025-06-30,2025-07-21,quarterly_report,https://www.sse.com.cn/disclosure/fund/announcement/c/new/2025-07-21/508055_20250721_HNUR.pdf,baf6254de411ddd33d43af990c4464245a5e7f87af10aeeaeb9ad16935e7d9c5,500000000.0,12835448.72,0.0257,0.02567089744,2.9102560000000832e-05,within_disclosure_precision
508055,2025-06-30,2025-08-29,semiannual_report,https://www.sse.com.cn/disclosure/fund/announcement/c/new/2025-08-29/508055_20250829_Y4FU.pdf,496bc6b65b6898aefdd7e6b47c2b7037b7a2dccea8d3e7588ceb3cf91d87206d,500000000.0,24839567.03,0.0497,0.049679134060000005,2.0865939999996364e-05,within_disclosure_precision
508055,2025-09-30,2025-10-28,quarterly_report,https://www.sse.com.cn/disclosure/fund/announcement/c/new/2025-10-28/508055_20251028_L3F5.pdf,b5a735ee4b0058316d08c63c4f0d7e0eb369bc1c43b263ba42cc0b21bd49c6e0,500000000.0,13258751.65,0.0265,0.026517503300000002,1.750330000000258e-05,within_disclosure_precision
508055,2025-12-31,2026-01-22,quarterly_report,https://www.sse.com.cn/disclosure/fund/announcement/c/new/2026-01-22/508055_20260122_JE7P.pdf,1b763a63d06ebea9b23ffb369c88b93b004826b02123d99a94f4083e8ccbef69,500000000.0,12897420.31,0.0258,0.025794840620000002,5.159379999997854e-06,within_disclosure_precision
508055,2026-03-31,2026-04-22,quarterly_report,https://www.sse.com.cn/disclosure/fund/announcement/c/new/2026-04-22/508055_20260422_XTZL.pdf,4afd29087d698c7217aec560cc98728e96feaa845f076bf121ef8772ca4235e0,500000000.0,12873053.3,0.0257,0.025746106600000002,4.610660000000169e-05,within_disclosure_precision
508055,2026-06-30,2026-07-17,quarterly_report,https://www.sse.com.cn/disclosure/fund/announcement/c/new/2026-07-17/508055_20260717_NDL7.pdf,4ee51f9a999ae973008227d0e66d1624f57dac987d5b0d7c11171613eb4a6c04,500000000.0,13898903.24,0.0278,0.02779780648,2.1935199999989496e-06,within_disclosure_precision
508056,2021-09-30,2021-10-27,quarterly_report,https://www.sse.com.cn/disclosure/fund/announcement/c/new/2021-10-27/508056_20211027_1_FOemqj8I.pdf,eacc5096b246ffcb95c0c99e6fd1370e929ac30cffbbdbd3049d726b87240a41,1500000000.0,62976877.76,0.042,0.04198458517333333,1.5414826666670933e-05,within_disclosure_precision
508056,2021-12-31,2022-01-24,quarterly_report,https://www.sse.com.cn/disclosure/fund/announcement/c/new/2022-01-24/508056_20220124_1_HHbMrZMa.pdf,eebc0b4c470a3451add7903761b52f46500148a75bf6dc5bd0e363e2d10ef32e,1500000000.0,68521486.43,0.0457,0.04568099095333334,1.9009046666657037e-05,within_disclosure_precision
508056,2022-03-31,2022-04-22,quarterly_report,https://www.sse.com.cn/disclosure/fund/announcement/c/new/2022-04-22/508056_20220422_1_29QMCRK7.pdf,ca58da6ab53b49ffeed0c7dd81d5f91db138ca78b221fd4615ef4572393a2023,1500000000.0,67651123.28,0.0451,0.04510074885333334,7.488533333363523e-07,within_disclosure_precision
508056,2022-06-30,2022-07-21,quarterly_report,https://www.sse.com.cn/disclosure/fund/announcement/c/new/2022-07-21/508056_20220721_2_JHtCTVJ6.pdf,002b5ebb26a276ea250a152a04c4b431aa9bcd09f8828eb26c21c85ec8b4ae12,1500000000.0,70574474.18,0.047,0.047049649453333335,4.964945333333498e-05,within_disclosure_precision
508056,2022-06-30,2022-08-31,semiannual_report,https://www.sse.com.cn/disclosure/fund/announcement/c/new/2022-08-31/508056_20220831_1_oDKBAnMw.pdf,59767aff8e9db7e18f132aa6e4fa6a7cc3d0f00717867cd88d3df66d660eaf12,1500000000.0,140873226.57,0.0939,0.09391548438,1.5484379999999853e-05,within_disclosure_precision
508056,2022-09-30,2022-10-26,quarterly_report,https://www.sse.com.cn/disclosure/fund/announcement/c/new/2022-10-26/508056_20221026_1_9gr5e2dU.pdf,24fceb4ad78397c33e60eebad0fd7c1ad52a49825d5ed365928b182946ed86f6,1500000000.0,62659708.3,0.0418,0.04177313886666666,2.686113333333351e-05,within_disclosure_precision
508056,2022-12-31,2023-01-20,quarterly_report,https://www.sse.com.cn/disclosure/fund/announcement/c/new/2023-01-20/508056_20230120_GCCY.pdf,5243eba24a3b97b5e7a38f4469e099bff683c7525cab6c55a399e7618b66df96,1500000000.0,61320418.79,0.0409,0.040880279193333334,1.972080666666487e-05,within_disclosure_precision
508056,2023-03-31,2023-04-21,quarterly_report,https://www.sse.com.cn/disclosure/fund/announcement/c/new/2023-04-21/508056_20230421_Y6LQ.pdf,c4aaec0b647bcf3fe66000a2b1af89e0855c0d794c563cf6067f5bfc50b2e41d,1500000000.0,66850864.57,0.0446,0.04456724304666667,3.2756953333330785e-05,within_disclosure_precision
508056,2023-06-30,2023-07-21,quarterly_report,https://www.sse.com.cn/disclosure/fund/announcement/c/new/2023-07-21/508056_20230721_9HWW.pdf,e1e4fd6cef67baa4300e5a96c19e5942f601377ad75169059d368ab7bf4618fb,1938268684.0,105006339.54,0.0542,0.05417532688156458,2.4673118435417085e-05,within_disclosure_precision
508056,2023-06-30,2023-08-31,semiannual_report,https://www.sse.com.cn/disclosure/fund/announcement/c/new/2023-08-31/508056_20230831_VDKI.pdf,bafe16dc3124f431122c63fcfa29489c4415c6078563c309fea3465f457733b8,1938268684.0,171857204.1,0.0887,0.088665315350057,3.468464994299536e-05,within_disclosure_precision
508056,2023-09-30,2023-10-25,quarterly_report,https://www.sse.com.cn/disclosure/fund/announcement/c/new/2023-10-25/508056_20231025_2K5G.pdf,157c61942b9c1aec2ea05cd0f33e159092231eda230a86334d4d9288ed3b4882,1938268684.0,86727663.0,0.0447,0.04474491267176661,4.4912671766615675e-05,within_disclosure_precision
508056,2023-12-31,2024-01-19,quarterly_report,https://www.sse.com.cn/disclosure/fund/announcement/c/new/2024-01-19/508056_20240119_QBOC.pdf,4fdafab9f07459ef9f1b092ee457eb77b5ace550f66650b308e38fc38262ee83,1938268684.0,92525556.53,0.0477,0.04773618708994217,3.618708994217179e-05,within_disclosure_precision
508056,2024-03-31,2024-04-20,quarterly_report,https://www.sse.com.cn/disclosure/fund/announcement/c/new/2024-04-20/508056_20240420_HAND.pdf,30d15aa02dfa5e2b650a77a8fbcfd0a52656cfebe24d3b2aeb807fd96d1b12fc,1938268684.0,88840122.68,0.0458,0.04583478204717257,3.47820471725685e-05,within_disclosure_precision
508056,2024-06-30,2024-07-19,quarterly_report,https://www.sse.com.cn/disclosure/fund/announcement/c/new/2024-07-19/508056_20240719_ZXZK.pdf,53d65e42af85cd420de87a84296063f12d96cf40805a0b4db1dde4bc2e44cf7f,1938268684.0,90043692.89,0.0465,0.046455733218666605,4.4266781333394956e-05,within_disclosure_precision
508056,2024-06-30,2024-08-31,semiannual_report,https://www.sse.com.cn/disclosure/fund/announcement/c/new/2024-08-31/508056_20240831_POMM.pdf,87e762017230e3cfcd5fe791a41cbcc541e6c07bdf4fff8056a5be759a51182d,1938268684.0,178883815.57,0.0923,0.09229051526583917,9.484734160819519e-06,within_disclosure_precision
508056,2024-09-30,2024-10-25,quarterly_report,https://www.sse.com.cn/disclosure/fund/announcement/c/new/2024-10-25/508056_20241025_Y07L.pdf,7f96118d511da3f8dbcc23a6c9b9a8985099f2d9d1c6ab747f0eb3ae6fd545d0,1938268684.0,88259083.11,0.0455,0.04553500958796897,3.500958796897463e-05,within_disclosure_precision
508056,2024-12-31,2025-01-22,quarterly_report,https://www.sse.com.cn/disclosure/fund/announcement/c/new/2025-01-22/508056_20250122_9XL0.pdf,f859322350171054a0e5060a81d78742425f6e2c55b8bc31d0d7e976bad3ff93,1938268684.0,92790449.67,0.0479,0.04787285190952402,2.7148090475978548e-05,within_disclosure_precision
508056,2025-03-31,2025-04-22,quarterly_report,https://www.sse.com.cn/disclosure/fund/announcement/c/new/2025-04-22/508056_20250422_C26F.pdf,2e72b37866f9730edb9141257b027fff03bfb049ec236f52ef82ffb05dd1ba9c,1938268684.0,82825928.95,0.0427,0.04273191309012554,3.1913090125540444e-05,within_disclosure_precision
508056,2025-06-30,2025-07-21,quarterly_report,https://www.sse.com.cn/disclosure/fund/announcement/c/new/2025-07-21/508056_20250721_ICAX.pdf,8e1fff2100ff5ff542002a1a8d61ed3f8f8274e662603debfd17847aff353dff,1938268684.0,83962570.66,0.0433,0.0433183342191376,1.833421913759875e-05,within_disclosure_precision
508056,2025-06-30,2025-08-29,semiannual_report,https://www.sse.com.cn/disclosure/fund/announcement/c/new/2025-08-29/508056_20250829_BI1C.pdf,e63b46245372c646334916f8aa07754051ade4ab872fbf71f0115335021a4ea5,1938268684.0,166788499.61,0.0861,0.08605024730926314,4.975269073685673e-05,within_disclosure_precision
508056,2025-09-30,2025-10-28,quarterly_report,https://www.sse.com.cn/disclosure/fund/announcement/c/new/2025-10-28/508056_20251028_WX10.pdf,c3cdbc147beca2bf5f8cab03c77b141ba11e19b49d6a2e5fdb220ddb95fb4003,1938268684.0,84035109.6,0.0434,0.04335575882419818,4.424117580181797e-05,within_disclosure_precision
508056,2025-12-31,2026-01-22,quarterly_report,https://www.sse.com.cn/disclosure/fund/announcement/c/new/2026-01-22/508056_20260122_3U4R.pdf,cb7a77868c789c4c159549c11b55265e5081c17e651c11c5a1d2da85c48a2173,1938268684.0,86649219.38,0.0447,0.04470444169854833,4.441698548331152e-06,within_disclosure_precision
508056,2026-03-31,2026-04-22,quarterly_report,https://www.sse.com.cn/disclosure/fund/announcement/c/new/2026-04-22/508056_20260422_YTZD.pdf,fc15a530c0b779b90bbb0d624bc5074a6bf4edb53d3e692b2795c7d9a468ed5b,1938268684.0,68888717.81,0.0355,0.03554136657041507,4.136657041507036e-05,within_disclosure_precision
508056,2026-06-30,2026-07-21,quarterly_report,https://www.sse.com.cn/disclosure/fund/announcement/c/new/2026-07-21/508056_20260721_IU7O.pdf,b12567a9a2615b016d5762a14d3a2e4a6f75738828bc5ecbe0446a678aa9b310,1938268684.0,72445290.41,0.0374,0.03737628895726409,2.3711042735914678e-05,within_disclosure_precision
508056,2026-06-30,2026-08-28,semiannual_report,https://www.sse.com.cn/disclosure/fund/announcement/c/new/2026-08-28/508056_20260828_MT9F.pdf,e000dd95ce8d171b88a7c17f7029fce570386eba630c4b44a034d3d0d711d115,1938268684.0,141334008.22,0.0729,0.07291765552767915,1.7655527679141803e-05,within_disclosure_precision
508058,2022-12-31,2023-01-20,quarterly_report,https://www.sse.com.cn/disclosure/fund/announcement/c/new/2023-01-20/508058_20230120_0DS5.pdf,0a3a06558a9f7ca5f5f4e49928973ded77a41a116bc6f4de1b856017816146cb,500000000.0,13892022.04,0.0278,0.027784044079999997,1.5955920000001317e-05,within_disclosure_precision
508058,2023-03-31,2023-04-21,quarterly_report,https://www.sse.com.cn/disclosure/fund/announcement/c/new/2023-04-21/508058_20230421_GMQ8.pdf,91c3d149fc3f4c6579c5cfe4085583b18b89fdea004479d139c7c4151a38ea67,500000000.0,14015865.75,0.028,0.0280317315,3.173149999999986e-05,within_disclosure_precision
508058,2023-06-30,2023-07-21,quarterly_report,https://www.sse.com.cn/disclosure/fund/announcement/c/new/2023-07-21/508058_20230721_6HYK.pdf,1ced4272cde572cc9cc53ffa5c90798ff9d251d6f1f9b7b94b5ebfd7933b9e86,500000000.0,14877189.65,0.0298,0.0297543793,4.5620699999998626e-05,within_disclosure_precision
508058,2023-06-30,2023-08-31,semiannual_report,https://www.sse.com.cn/disclosure/fund/announcement/c/new/2023-08-31/508058_20230831_SX00.pdf,a10cc2a71e601b47dbeeebf72af078467bd51a15382402e7f04646bff8bca505,500000000.0,28893055.4,0.0578,0.0577861108,1.388919999999877e-05,within_disclosure_precision
508058,2023-09-30,2023-10-25,quarterly_report,https://www.sse.com.cn/disclosure/fund/announcement/c/new/2023-10-25/508058_20231025_KLIQ.pdf,eb43d9db0fe3ed8a8c08bc2899d91ca6e2c2fbf70e2b5b015611fb879ba97fa9,500000000.0,14658785.75,0.0293,0.0293175715,1.7571500000000684e-05,within_disclosure_precision
508058,2023-12-31,2024-01-19,quarterly_report,https://www.sse.com.cn/disclosure/fund/announcement/c/new/2024-01-19/508058_20240119_EEMV.pdf,f517cf7712f13efd681059c04f59e5a617819b5d7d53e666c1e8ce6aa1011f1b,500000000.0,13774298.47,0.0275,0.027548596940000003,4.859694000000289e-05,within_disclosure_precision
508058,2024-03-31,2024-04-20,quarterly_report,https://www.sse.com.cn/disclosure/fund/announcement/c/new/2024-04-20/508058_20240420_M3UY.pdf,ee5ce62dd4e39870206f1282e0e80285036808f52b59c62295a1d5a0c7996c13,500000000.0,14251265.54,0.0285,0.028502531079999997,2.531079999996272e-06,within_disclosure_precision
508058,2024-06-30,2024-07-19,quarterly_report,https://www.sse.com.cn/disclosure/fund/announcement/c/new/2024-07-19/508058_20240719_MWK2.pdf,91e2b7439178f03c0dca130d993accf583fbc0dec347307d6c5f2b493cc78b80,500000000.0,14849198.5,0.0297,0.029698397,1.6029999999993272e-06,within_disclosure_precision
508058,2024-06-30,2024-08-31,semiannual_report,https://www.sse.com.cn/disclosure/fund/announcement/c/new/2024-08-31/508058_20240831_S1M0.pdf,fe75ee09519452ce2e717d7ee178c778a9cd5f3d582c73c94b449c0de7f8c5cc,500000000.0,29100464.04,0.0582,0.05820092808,9.280799999969447e-07,within_disclosure_precision
508058,2024-09-30,2024-10-25,quarterly_report,https://www.sse.com.cn/disclosure/fund/announcement/c/new/2024-10-25/508058_20241025_EENO.pdf,159f7ede0cdf2aae2b94fbff6933a1900e2982ae7a3b3ff2759ca89cf91c1934,500000000.0,14645727.17,0.0293,0.02929145434,8.54566000000126e-06,within_disclosure_precision
508058,2024-12-31,2025-01-22,quarterly_report,https://www.sse.com.cn/disclosure/fund/announcement/c/new/2025-01-22/508058_20250122_PMIV.pdf,06f5f3162440de298e28f16fa9e86f85931c8e9390869c05752a9d4c1933f168,500000000.0,14390564.89,0.0288,0.02878112978,1.8870219999998078e-05,within_disclosure_precision
508058,2025-03-31,2025-04-22,quarterly_report,https://www.sse.com.cn/disclosure/fund/announcement/c/new/2025-04-22/508058_20250422_ODI3.pdf,1b25bd65253990d1f1c7fc43c3d2c5d0e3894852e278b48d06ed60cf55ebacbf,500000000.0,14757368.35,0.0295,0.0295147367,1.4736700000000241e-05,within_disclosure_precision
508058,2025-06-30,2025-07-21,quarterly_report,https://www.sse.com.cn/disclosure/fund/announcement/c/new/2025-07-21/508058_20250721_B4TR.pdf,023a56ec63ad0ef2736e7fd9d2434240aec796060b0368547779fb4f6f027a45,500000000.0,14913338.98,0.0298,0.029826677960000002,2.667796000000236e-05,within_disclosure_precision
508058,2025-06-30,2025-08-29,semiannual_report,https://www.sse.com.cn/disclosure/fund/announcement/c/new/2025-08-29/508058_20250829_NI8U.pdf,17bc9d786eba0ae8389039fe37b1fb9ab84445734f911a45194b8e1605210b58,500000000.0,29670707.33,0.0593,0.059341414659999994,4.141465999999566e-05,within_disclosure_precision
508058,2025-09-30,2025-10-28,quarterly_report,https://www.sse.com.cn/disclosure/fund/announcement/c/new/2025-10-28/508058_20251028_WVU6.pdf,8155ff507ea984922bbbc3e757cf9b993dc132e516624f7cf1a1d5c76a7a8c2e,500000000.0,15243812.03,0.0305,0.03048762406,1.2375939999999946e-05,within_disclosure_precision
508058,2025-12-31,2026-01-22,quarterly_report,https://www.sse.com.cn/disclosure/fund/announcement/c/new/2026-01-22/508058_20260122_CZQK.pdf,c6b19f98c246732e34623412203580d965e85b81b31a47221a88f9133639f547,500000000.0,14431654.03,0.0289,0.02886330806,3.669193999999987e-05,within_disclosure_precision
508058,2026-03-31,2026-04-22,quarterly_report,https://www.sse.com.cn/disclosure/fund/announcement/c/new/2026-04-22/508058_20260422_WGO1.pdf,750d0200cc18c811b5e67af8a08f31ade9e9856098e094d3e843e08682808db1,500000000.0,14944753.01,0.0299,0.029889506019999998,1.0493980000001596e-05,within_disclosure_precision
508058,2026-06-30,2026-07-21,quarterly_report,https://www.sse.com.cn/disclosure/fund/announcement/c/new/2026-07-21/508058_20260721_OF4V.pdf,7a58d5c186e8e32ddbec2aea2ccd2667a49e7254dd196ae40cec17bdcbdcfcaa,713335136.0,18612703.15,0.0261,0.026092508570894225,7.491429105777048e-06,within_disclosure_precision
508058,2026-06-30,2026-08-28,semiannual_report,https://www.sse.com.cn/disclosure/fund/announcement/c/new/2026-08-28/508058_20260828_PKB5.pdf,a05a50924bf40e77aa8ffec1d47522f6c109f62c90bad21553d4e1a2a2c4529e,713335136.0,33557456.16,0.047,0.047043043958513206,4.304395851320586e-05,within_disclosure_precision
508060,2025-09-30,2025-10-28,quarterly_report,https://www.sse.com.cn/disclosure/fund/announcement/c/new/2025-10-28/508060_20251028_FTMQ.pdf,ed630f322481291caa9cd86a577ac445f3065860ac4dd773a58a704e1c6e9239,800000000.0,24626151.53,0.0308,0.0307826894125,1.7310587499999586e-05,within_disclosure_precision
508060,2025-12-31,2026-01-22,quarterly_report,https://www.sse.com.cn/disclosure/fund/announcement/c/new/2026-01-22/508060_20260122_V3KR.pdf,4e9e23a95c7cbdb1afd23999ea564a2572aa7560770542f1849b12b46b769375,800000000.0,67432330.46,0.0843,0.08429041307499999,9.586925000013014e-06,within_disclosure_precision
508060,2026-03-31,2026-04-22,quarterly_report,https://www.sse.com.cn/disclosure/fund/announcement/c/new/2026-04-22/508060_20260422_PP9U.pdf,8b1fc9187c1956f2ba6571ff58b9a6519b42bca5fd80189b5ca1f28d0ac43b93,800000000.0,18662372.65,0.0233,0.023327965812499997,2.796581249999569e-05,within_disclosure_precision
508060,2026-06-30,2026-07-21,quarterly_report,https://www.sse.com.cn/disclosure/fund/announcement/c/new/2026-07-21/508060_20260721_THW6.pdf,3555999fc26a3642b20e76570f918bfbf3b180ced0300da15420481564277b62,800000000.0,33823750.35,0.0423,0.042279687937500005,2.031206249999279e-05,within_disclosure_precision
508066,2023-03-31,2023-04-22,quarterly_report,https://www.sse.com.cn/disclosure/fund/announcement/c/new/2023-04-22/508066_20230422_Y9TT.pdf,a6bb02de36fc005ab8ad551aa40a779d35e4256d3049da56d3277b2358d00b44,400000000.0,76544073.82,0.1914,0.19136018454999998,3.981545000000808e-05,within_disclosure_precision
508066,2023-06-30,2023-07-20,quarterly_report,https://www.sse.com.cn/disclosure/fund/announcement/c/new/2023-07-20/508066_20230720_ZLGX.pdf,a2e52ce8eac554cdd6d1a60e43cebccee03e0403973437d81fe9db910bb9df9a,400000000.0,53490540.87,0.1337,0.13372635217499998,2.6352174999966227e-05,within_disclosure_precision
508066,2023-06-30,2023-08-30,semiannual_report,https://www.sse.com.cn/disclosure/fund/announcement/c/new/2023-08-30/508066_20230830_7DPF.pdf,844dff8a945fe9403bb443c7eea87f0f752eace4898db377f123534241b9c9a9,400000000.0,130034614.69,0.3251,0.325086536725,1.3463275000014097e-05,within_disclosure_precision
508066,2023-09-30,2023-10-25,quarterly_report,https://www.sse.com.cn/disclosure/fund/announcement/c/new/2023-10-25/508066_20231025_KR42.pdf,d5d0c560572936a617ea8efae6f7ac54316251cc350eb7a513d77afc722e341f,400000000.0,53457203.88,0.1336,0.1336430097,4.300970000001292e-05,within_disclosure_precision
508066,2023-12-31,2024-01-19,quarterly_report,https://www.sse.com.cn/disclosure/fund/announcement/c/new/2024-01-19/508066_20240119_J8NH.pdf,628509f241cc5fa8aa5129fafec346a1b6916bfd5db2c7752116e2adb7258373,400000000.0,42777609.68,0.1069,0.1069440242,4.4024200000006286e-05,within_disclosure_precision
508066,2024-03-31,2024-04-19,quarterly_report,https://www.sse.com.cn/disclosure/fund/announcement/c/new/2024-04-19/508066_20240419_0QRN.pdf,ec9dd3bd1a15c9e7ce98d57d45bbd68a27a3a4f5d78d6ff6d9f267f92e923dd3,400000000.0,70263138.96,0.1757,0.17565784739999998,4.215260000001164e-05,within_disclosure_precision
508066,2024-06-30,2024-07-18,quarterly_report,https://www.sse.com.cn/disclosure/fund/announcement/c/new/2024-07-18/508066_20240718_8UA3.pdf,407fe0b64d7abd0a3909398dc23d780453ada6fb1483bb6cf7e4fea0c042be27,400000000.0,57161761.43,0.1429,0.142904403575,4.403575000005988e-06,within_disclosure_precision
508066,2024-06-30,2024-08-29,semiannual_report,https://www.sse.com.cn/disclosure/fund/announcement/c/new/2024-08-29/508066_20240829_BD4Z.pdf,c2f590483484c4d334f413e4434c6f7c79c0f348dc9ad18a7a8d942d5879f3ab,400000000.0,127424900.39,0.3186,0.318562250975,3.77490249999779e-05,within_disclosure_precision
508066,2024-09-30,2024-10-24,quarterly_report,https://www.sse.com.cn/disclosure/fund/announcement/c/new/2024-10-24/508066_20241024_YN9P.pdf,7528c4e768e599231d27e7e3dc67cb38427aea3ab09722a31f02d262ee8200e5,400000000.0,62119847.32,0.1553,0.1552996183,3.8169999999615456e-07,within_disclosure_precision
508066,2024-12-31,2025-01-21,quarterly_report,https://www.sse.com.cn/disclosure/fund/announcement/c/new/2025-01-21/508066_20250121_Z9BX.pdf,4b13594103b93043c2fd178a01ca60e865dd878b1bf6a560fe2b00758da95ffd,400000000.0,38246057.56,0.0956,0.0956151439,1.5143900000000321e-05,within_disclosure_precision
508066,2025-03-31,2025-04-22,quarterly_report,https://www.sse.com.cn/disclosure/fund/announcement/c/new/2025-04-22/508066_20250422_8PV1.pdf,5228c72dbbacfe855bdf17771b4768d8aed1ea9c178d1c335eeae3ba3309a635,400000000.0,76093880.31,0.1902,0.19023470077500002,3.4700775000007233e-05,within_disclosure_precision
508066,2025-06-30,2025-07-21,quarterly_report,https://www.sse.com.cn/disclosure/fund/announcement/c/new/2025-07-21/508066_20250721_0WD0.pdf,a95d57c083ab5bfc946438340b1651b2d4f9729dd102d038a7c9c08381867424,400000000.0,70800828.96,0.177,0.1770020724,2.0723999999971987e-06,within_disclosure_precision
508066,2025-06-30,2025-08-29,semiannual_report,https://www.sse.com.cn/disclosure/fund/announcement/c/new/2025-08-29/508066_20250829_J5R6.pdf,50c23fde9f63ae8d04c0e8ec434f0441e25438c3a7ee0192dfd4719b42bb8d1e,400000000.0,146894709.27,0.3672,0.36723677317500003,3.677317500000443e-05,within_disclosure_precision
508066,2025-09-30,2025-10-28,quarterly_report,https://www.sse.com.cn/disclosure/fund/announcement/c/new/2025-10-28/508066_20251028_R937.pdf,f06249fa9170de7956bcf33d64f5c53173c67a88b604df3d416896161311cba8,400000000.0,55580759.67,0.139,0.138951899175,4.810082500000812e-05,within_disclosure_precision
508066,2025-12-31,2026-01-22,quarterly_report,https://www.sse.com.cn/disclosure/fund/announcement/c/new/2026-01-22/508066_20260122_W3ET.pdf,4ade322078b820fe238f5968a1e66cd5e7dea7ded44073d2a13e9d2201de230a,400000000.0,72695726.65,0.1817,0.181739316625,3.9316625000007654e-05,within_disclosure_precision
508066,2026-03-31,2026-04-22,quarterly_report,https://www.sse.com.cn/disclosure/fund/announcement/c/new/2026-04-22/508066_20260422_5ZZJ.pdf,bac8161e87829e1e1366a3ba954c228702aa8f7e2b637f50b75a0e023dab152e,400000000.0,94328048.79,0.2358,0.23582012197500002,2.012197500000923e-05,within_disclosure_precision
508066,2026-06-30,2026-07-21,quarterly_report,https://www.sse.com.cn/disclosure/fund/announcement/c/new/2026-07-21/508066_20260721_G7KR.pdf,0ce3728d85edaae249fce17912ff5ee528aa55a2b8e207eda7c567e417e04b69,400000000.0,75748511.11,0.1894,0.18937127777499999,2.8722225000027413e-05,within_disclosure_precision
508068,2022-12-31,2023-01-20,quarterly_report,https://www.sse.com.cn/disclosure/fund/announcement/c/new/2023-01-20/508068_20230120_WH2P.pdf,dfacffb5728dbc4f49c7c7c0baab1e525fc6b42fdf6d657aa29519ddbc634273,500000000.0,13560890.95,0.0271,0.0271217819,2.1781900000000104e-05,within_disclosure_precision
508068,2023-03-31,2023-04-21,quarterly_report,https://www.sse.com.cn/disclosure/fund/announcement/c/new/2023-04-21/508068_20230421_MRVO.pdf,38a5aa7beaa4b9536773dcf2938aee458aaf3ba0c7764b0577b76710f7e2fbf0,500000000.0,13718098.13,0.0274,0.02743619626,3.619625999999945e-05,within_disclosure_precision
508068,2023-06-30,2023-07-20,quarterly_report,https://www.sse.com.cn/disclosure/fund/announcement/c/new/2023-07-20/508068_20230720_24UW.pdf,955aa52db1aee05afa6d18c1633bb12bd37232b583391177530a24d5909ab601,500000000.0,13801674.92,0.0276,0.02760334984,3.3498399999998263e-06,within_disclosure_precision
508068,2023-06-30,2023-08-30,semiannual_report,https://www.sse.com.cn/disclosure/fund/announcement/c/new/2023-08-30/508068_20230830_OI5X.pdf,569de0580d3af0ed6836f91094863b0df2ce54f0dc6c28ad617ba86b77562d9d,500000000.0,27519773.05,0.055,0.0550395461,3.954610000000275e-05,within_disclosure_precision
508068,2023-09-30,2023-10-24,quarterly_report,https://www.sse.com.cn/disclosure/fund/announcement/c/new/2023-10-24/508068_20231024_YQ3H.pdf,354d1bd467ba2975d4715800954db9408c473c415ee219204d22e983d00c933a,500000000.0,13746118.79,0.0275,0.02749223758,7.762420000001491e-06,within_disclosure_precision
508068,2023-12-31,2024-01-19,quarterly_report,https://www.sse.com.cn/disclosure/fund/announcement/c/new/2024-01-19/508068_20240119_1VYG.pdf,4fb0520077d290677c2540c0e160414586fc92aea5dc8c85053220e10d7cfb5d,500000000.0,13787107.71,0.0276,0.027574215420000003,2.5784579999996865e-05,within_disclosure_precision
508068,2024-03-31,2024-04-19,quarterly_report,https://www.sse.com.cn/disclosure/fund/announcement/c/new/2024-04-19/508068_20240419_TSUF.pdf,b2f07b025604d0f59129325e6687baac595a5e840b4fea33ee40a2118ba4854e,500000000.0,13439410.26,0.0269,0.02687882052,2.1179480000001194e-05,within_disclosure_precision
508068,2024-06-30,2024-07-18,quarterly_report,https://www.sse.com.cn/disclosure/fund/announcement/c/new/2024-07-18/508068_20240718_0ZLY.pdf,cc590d57e26461df569de89bf6725ff72166141c4302da0806d3028922954326,500000000.0,13386504.07,0.0268,0.026773008140000002,2.6991859999998813e-05,within_disclosure_precision
508068,2024-06-30,2024-08-30,semiannual_report,https://www.sse.com.cn/disclosure/fund/announcement/c/new/2024-08-30/508068_20240830_ACHU.pdf,41e0d50e99c9097c784442f56b4dbfb4b7d346f9589fc4a4db17734817a9cd29,500000000.0,26825914.33,0.0537,0.05365182866,4.817134000000001e-05,within_disclosure_precision
508068,2024-09-30,2024-10-25,quarterly_report,https://www.sse.com.cn/disclosure/fund/announcement/c/new/2024-10-25/508068_20241025_KUEH.pdf,48d3d46225feda8e66b35b2920e88875d3fb6de69e86e0af035cf37009417f0c,500000000.0,13468542.26,0.0269,0.026937084519999998,3.708451999999765e-05,within_disclosure_precision
508068,2024-12-31,2025-01-22,quarterly_report,https://www.sse.com.cn/disclosure/fund/announcement/c/new/2025-01-22/508068_20250122_VTT1.pdf,8551b32aea3f19f4d954db8e2f7c006a9ad4856586f79e9dfbe8f8350a2f267d,500000000.0,13554147.69,0.0271,0.027108295379999998,8.295379999998659e-06,within_disclosure_precision
508068,2025-03-31,2025-04-22,quarterly_report,https://www.sse.com.cn/disclosure/fund/announcement/c/new/2025-04-22/508068_20250422_PIE7.pdf,e458a776f8f3004fab3589f77cdf98d2f8304f184a690654824f62758a3b90e0,500000000.0,13465570.62,0.0269,0.026931141239999998,3.114123999999746e-05,within_disclosure_precision
508068,2025-06-30,2025-07-21,quarterly_report,https://www.sse.com.cn/disclosure/fund/announcement/c/new/2025-07-21/508068_20250721_DGIL.pdf,a024e57e36f2ea00acafcfbb5b4da00f043ed05722c0142259b7ba888589b67b,724218009.0,15641122.77,0.0216,0.02159725742197057,2.7425780294298985e-06,within_disclosure_precision
508068,2025-06-30,2025-08-30,semiannual_report,https://www.sse.com.cn/disclosure/fund/announcement/c/new/2025-08-30/508068_20250830_GSM5.pdf,fe68fcfd900a44b4e72b68619ab5b44b959f64f7e37ce9f183ef1f70984b64bc,724218009.0,29106693.39,0.0402,0.04019051311661044,9.486883389558942e-06,within_disclosure_precision
508068,2025-09-30,2025-10-28,quarterly_report,https://www.sse.com.cn/disclosure/fund/announcement/c/new/2025-10-28/508068_20251028_CGK3.pdf,659fa7329b0e360a0a949a971e4a6f296a7d08dcd71bc0f62a01ad28f18263a1,724218009.0,22091866.03,0.0305,0.030504441694986905,4.441694986905692e-06,within_disclosure_precision
508068,2025-12-31,2026-01-22,quarterly_report,https://www.sse.com.cn/disclosure/fund/announcement/c/new/2026-01-22/508068_20260122_21CC.pdf,c9d2809edcb9b40b92d4efee572b295b3cc0c34f70ed63679853a900c32d07e6,724218009.0,23625305.37,0.0326,0.032621814255381215,2.1814255381218117e-05,within_disclosure_precision
508068,2026-03-31,2026-04-22,quarterly_report,https://www.sse.com.cn/disclosure/fund/announcement/c/new/2026-04-22/508068_20260422_IP9X.pdf,74fe6e0c6baf3ff656df142d55b308098e7b97fdabee6143886947f8bb660cab,724218009.0,22429465.94,0.031,0.030970599544977623,2.9400455022376287e-05,within_disclosure_precision
508068,2026-06-30,2026-07-21,quarterly_report,https://www.sse.com.cn/disclosure/fund/announcement/c/new/2026-07-21/508068_20260721_FCT4.pdf,c835b8d47dcb73fd0086c2fcb27c12036cfa79b97653213ff1fa2c24bac9e408,724218009.0,22429830.91,0.031,0.030971103495439314,2.8896504560685377e-05,within_disclosure_precision
508069,2024-12-31,2025-01-22,quarterly_report,https://www.sse.com.cn/disclosure/fund/announcement/c/new/2025-01-22/508069_20250122_5CT3.pdf,5edd2f11d2a6aaf5efcfefa239358c4a2ad89221ab324c989a465254fcb3f32c,500000000.0,176761104.67,0.3535,0.35352220933999995,2.220933999996788e-05,within_disclosure_precision
508069,2025-03-31,2025-04-22,quarterly_report,https://www.sse.com.cn/disclosure/fund/announcement/c/new/2025-04-22/508069_20250422_US4S.pdf,63b7c4ae7f809d5e34e47055a365dc9f9507a2c7e121395b76bcbf787b67ba48,500000000.0,68246338.68,0.1365,0.13649267736,7.32264000000149e-06,within_disclosure_precision
508069,2025-06-30,2025-07-21,quarterly_report,https://www.sse.com.cn/disclosure/fund/announcement/c/new/2025-07-21/508069_20250721_7G2U.pdf,dff862c7719bc3b71555a967c029979d71bcf5044bde7c5c41ccd149ad599073,500000000.0,73153096.58,0.1463,0.14630619316,6.1931599999731635e-06,within_disclosure_precision
508069,2025-06-30,2025-08-30,semiannual_report,https://www.sse.com.cn/disclosure/fund/announcement/c/new/2025-08-30/508069_20250830_FFI8.pdf,4643a56df5b0f81fcdff34e085d9d26a4b6f331ef04032b6c6ab2a753782e1ae,500000000.0,141399435.26,0.2828,0.28279887051999997,1.1294800000283267e-06,within_disclosure_precision
508069,2025-09-30,2025-10-28,quarterly_report,https://www.sse.com.cn/disclosure/fund/announcement/c/new/2025-10-28/508069_20251028_AIZ7.pdf,f896de31d63d4192bc29b49abc1de4e1df45c3dc5ac9cfc7fa564b876b435715,500000000.0,67753050.69,0.1355,0.13550610138,6.10137999998428e-06,within_disclosure_precision
508069,2025-12-31,2026-01-22,quarterly_report,https://www.sse.com.cn/disclosure/fund/announcement/c/new/2026-01-22/508069_20260122_MB7R.pdf,c17d24efc4d3f44a5932d0ad6d815231c0521184700e3594b70ed3332d16cd90,500000000.0,89501866.64,0.179,0.17900373328,3.7332800000011712e-06,within_disclosure_precision
508069,2026-03-31,2026-04-22,quarterly_report,https://www.sse.com.cn/disclosure/fund/announcement/c/new/2026-04-22/508069_20260422_D7AY.pdf,aeefc328d0f0f1503da902bed4d9532d344c5049d8a8edd23bd6ec48b6a22091,500000000.0,74914934.41,0.1498,0.14982986882,2.9868820000000795e-05,within_disclosure_precision
508069,2026-06-30,2026-07-21,quarterly_report,https://www.sse.com.cn/disclosure/fund/announcement/c/new/2026-07-21/508069_20260721_WTSN.pdf,7e49c19250bdcc649b23bbf16f8fcf9977e824be48e83748a07f9127b73bbc8e,500000000.0,59459819.14,0.1189,0.11891963828,1.9638279999997788e-05,within_disclosure_precision
508077,2023-03-31,2023-04-21,quarterly_report,https://www.sse.com.cn/disclosure/fund/announcement/c/new/2023-04-21/508077_20230421_A0QP.pdf,5c37e232848222ffd2d1a3636a782e57b5a5b816c680382601e543ecdd5065e9,500000000.0,15910889.23,0.0318,0.03182177846,2.1778459999996502e-05,within_disclosure_precision
508077,2023-06-30,2023-07-20,quarterly_report,https://www.sse.com.cn/disclosure/fund/announcement/c/new/2023-07-20/508077_20230720_NB7X.pdf,623a56013a5d74ffc315ccf946d4c9b449937b16ab25c6a41fe9c1ae712a62a6,500000000.0,16159762.29,0.0323,0.03231952458,1.9524579999999347e-05,within_disclosure_precision
508077,2023-06-30,2023-08-30,semiannual_report,https://www.sse.com.cn/disclosure/fund/announcement/c/new/2023-08-30/508077_20230830_5YZZ.pdf,e29a11be7e73c86dd2e1e788a406caae6de4d53933e156d56e786eb1492c50ab,500000000.0,32070651.52,0.0641,0.06414130304,4.130303999999585e-05,within_disclosure_precision
508077,2023-09-30,2023-10-24,quarterly_report,https://www.sse.com.cn/disclosure/fund/announcement/c/new/2023-10-24/508077_20231024_G9M5.pdf,b50a62ba43d62daa117614f20aef6dbff296e5160c2473d6f27d69e120accb45,500000000.0,14351485.69,0.0287,0.028702971379999997,2.9713799999976642e-06,within_disclosure_precision
508077,2023-12-31,2024-01-19,quarterly_report,https://www.sse.com.cn/disclosure/fund/announcement/c/new/2024-01-19/508077_20240119_G20O.pdf,3b10ef031d118f6b6e8e7d9f37bb2867ca6748ec0e59a31160f10023e263d8cd,500000000.0,14339226.22,0.0287,0.028678452440000002,2.1547559999997995e-05,within_disclosure_precision
508077,2024-03-31,2024-04-19,quarterly_report,https://www.sse.com.cn/disclosure/fund/announcement/c/new/2024-04-19/508077_20240419_WG6N.pdf,7d303f6a88b1545115080e4af5b68a6a9d9be9d09f4d181c817569817800c4a2,500000000.0,12202493.8,0.0244,0.0244049876,4.987599999999037e-06,within_disclosure_precision
508077,2024-06-30,2024-07-18,quarterly_report,https://www.sse.com.cn/disclosure/fund/announcement/c/new/2024-07-18/508077_20240718_IX4Y.pdf,d92878c8a4e312337e0ca2af46f108bc6c9e21dc4e98668d9d71951e1837cb8c,500000000.0,12205024.98,0.0244,0.02441004996,1.004995999999772e-05,within_disclosure_precision
508077,2024-06-30,2024-08-30,semiannual_report,https://www.sse.com.cn/disclosure/fund/announcement/c/new/2024-08-30/508077_20240830_2U3L.pdf,fef2e517a9d9183f396c6f166cbf19344d45f9dfd5fdea971f2b6fa6f3891279,500000000.0,24407518.78,0.0488,0.04881503756,1.5037560000000227e-05,within_disclosure_precision
508077,2024-09-30,2024-10-25,quarterly_report,https://www.sse.com.cn/disclosure/fund/announcement/c/new/2024-10-25/508077_20241025_I3IJ.pdf,279879441ffd923ab7f081fb204f35c9b287594c0e52befc91c7ce7af0cbc6ed,500000000.0,12318509.66,0.0246,0.024637019320000002,3.701932000000144e-05,within_disclosure_precision
508077,2024-12-31,2025-01-22,quarterly_report,https://www.sse.com.cn/disclosure/fund/announcement/c/new/2025-01-22/508077_20250122_PPGO.pdf,2ae08e406345624f663b97e13965f2123732b18c3c532fca6b009aafd8ecc2e2,500000000.0,12318508.01,0.0246,0.02463701602,3.701601999999901e-05,within_disclosure_precision
508077,2025-03-31,2025-04-22,quarterly_report,https://www.sse.com.cn/disclosure/fund/announcement/c/new/2025-04-22/508077_20250422_FZYL.pdf,e15c21b4e4ab23d2837376eda521bdcbc89f49ea3c4687d5f4356e5770fa502b,500000000.0,12099218.71,0.0242,0.024198437420000003,1.5625799999960388e-06,within_disclosure_precision
508077,2025-06-30,2025-07-21,quarterly_report,https://www.sse.com.cn/disclosure/fund/announcement/c/new/2025-07-21/508077_20250721_67B5.pdf,33ab26db4c7348420dcecd1e7e8705c64705a865b9cd78f059c4ba0ee40f381b,500000000.0,12235741.35,0.0245,0.024471482699999998,2.8517300000002743e-05,within_disclosure_precision
508077,2025-06-30,2025-08-30,semiannual_report,https://www.sse.com.cn/disclosure/fund/announcement/c/new/2025-08-30/508077_20250830_5PS8.pdf,2dd923937b336c306896a5c3991e0cdd53d0c8e04ae0bf704df45e1b7bfab9d9,500000000.0,24334960.06,0.0487,0.048669920119999995,3.007988000000572e-05,within_disclosure_precision
508077,2025-09-30,2025-10-28,quarterly_report,https://www.sse.com.cn/disclosure/fund/announcement/c/new/2025-10-28/508077_20251028_SLBC.pdf,1d13af3f3eb6d0711fa107ddb05a7ad4776d4683358d8b6de11f4ca39e195257,500000000.0,12367892.06,0.0247,0.02473578412,3.578412000000003e-05,within_disclosure_precision
508077,2025-12-31,2026-01-22,quarterly_report,https://www.sse.com.cn/disclosure/fund/announcement/c/new/2026-01-22/508077_20260122_NBHC.pdf,4cda35d7341f0a1cd6a813dd1dd06d165d538840430095af654a61734361daaf,947803412.0,13857057.57,0.0146,0.014620181141529801,2.018114152980109e-05,within_disclosure_precision
508077,2026-03-31,2026-04-22,quarterly_report,https://www.sse.com.cn/disclosure/fund/announcement/c/new/2026-04-22/508077_20260422_Z6BN.pdf,198b4daa1ef73b2bc609e400b8571989453bfa804c237628d964616f5892342d,947803412.0,22537498.69,0.0238,0.023778663807975404,2.1336192024597883e-05,within_disclosure_precision
508077,2026-06-30,2026-07-21,quarterly_report,https://www.sse.com.cn/disclosure/fund/announcement/c/new/2026-07-21/508077_20260721_RA5T.pdf,6c60deb47bff29870823ec16aa1fb2ef6feef347a16ebc805bf2196633bf537c,947803412.0,22767056.24,0.024,0.024020863347556716,2.0863347556715484e-05,within_disclosure_precision
508078,2025-03-31,2025-04-22,quarterly_report,https://www.sse.com.cn/disclosure/fund/announcement/c/new/2025-04-22/508078_20250422_AOVE.pdf,7ba6ede52844ad14905d4a46bbfd158ad6a64475fe00bdb69d9eddbc1775e450,800000000.0,19557230.26,0.02,0.024446537825000003,0.004446537825000003,within_disclosure_precision
508078,2025-06-30,2025-07-21,quarterly_report,https://www.sse.com.cn/disclosure/fund/announcement/c/new/2025-07-21/508078_20250721_1S72.pdf,1f62c750b24f47504976172ffbd2b6a42a0bcfc363a0c4c6d3714b6184f8d2bd,800000000.0,29505228.49,0.0369,0.036881535612499995,1.8464387500007062e-05,within_disclosure_precision
508078,2025-06-30,2025-08-30,semiannual_report,https://www.sse.com.cn/disclosure/fund/announcement/c/new/2025-08-30/508078_20250830_BKKL.pdf,b3f729b99c07d1b2e09ea9bf906b74f7af077a183c1821daa32de0547e00b8a9,800000000.0,49059986.42,0.0613,0.061324983025,2.4983025000001324e-05,within_disclosure_precision
508078,2025-09-30,2025-10-27,quarterly_report,https://www.sse.com.cn/disclosure/fund/announcement/c/new/2025-10-27/508078_20251027_7Z2B.pdf,4509b45928a7e755b97797c7ea8a528f165f6f002fd9dcec18379433609c9f4e,800000000.0,24661814.46,0.0308,0.030827268075,2.7268074999999697e-05,within_disclosure_precision
508078,2025-12-31,2026-01-22,quarterly_report,https://www.sse.com.cn/disclosure/fund/announcement/c/new/2026-01-22/508078_20260122_26L6.pdf,986158dc99f8252ebf293e10368765b0eb4d4c7476b5c16e29d07d7840cf40c2,800000000.0,50397699.24,0.063,0.06299712405,2.8759499999947424e-06,within_disclosure_precision
508078,2026-03-31,2026-04-22,quarterly_report,https://www.sse.com.cn/disclosure/fund/announcement/c/new/2026-04-22/508078_20260422_M1K8.pdf,c2b9467f31105eb5cbaa40bc7f92a4b84860b5ba5b88e1541422b1385c9b7316,800000000.0,20101230.17,0.0251,0.0251265377125,2.653771250000006e-05,within_disclosure_precision
508078,2026-06-30,2026-07-21,quarterly_report,https://www.sse.com.cn/disclosure/fund/announcement/c/new/2026-07-21/508078_20260721_2E36.pdf,d49199877d9cee297cdebeada4e1ab6bde2e54e4ed1201bcab96c2cb7c578dbc,800000000.0,23031649.27,0.0288,0.0287895615875,1.0438412500000938e-05,within_disclosure_precision
508080,2025-09-30,2025-10-28,quarterly_report,https://www.sse.com.cn/disclosure/fund/announcement/c/new/2025-10-28/508080_20251028_9QN0.pdf,f935cc225dcd9abc9f11ff55c208a59d2153362774103512118fc5b96b740899,400000000.0,18533394.24,0.0463,0.046333485599999995,3.34855999999939e-05,within_disclosure_precision
508080,2025-12-31,2026-01-22,quarterly_report,https://www.sse.com.cn/disclosure/fund/announcement/c/new/2026-01-22/508080_20260122_NM9C.pdf,91a571bf982ba8163368d62744e799d8a20c9f5274f209f6bfda661d5d4ae7ef,400000000.0,15329803.97,0.0383,0.038324509925,2.4509924999999155e-05,within_disclosure_precision
508080,2026-03-31,2026-04-22,quarterly_report,https://www.sse.com.cn/disclosure/fund/announcement/c/new/2026-04-22/508080_20260422_ELGX.pdf,81f721dfddbfb100796da0cfbdef3ebde19e7813d2295bfe06240e19bc1b967d,400000000.0,17170828.7,0.0429,0.04292707175,2.7071749999996175e-05,within_disclosure_precision
508080,2026-06-30,2026-07-21,quarterly_report,https://www.sse.com.cn/disclosure/fund/announcement/c/new/2026-07-21/508080_20260721_FIJE.pdf,56c189eaa78bef98dbaf526bf598282b554189fc25a71cfa008f8407276027ea,400000000.0,17110598.7,0.0428,0.04277649675,2.3503250000000975e-05,within_disclosure_precision
508080,2026-06-30,2026-08-28,semiannual_report,https://www.sse.com.cn/disclosure/fund/announcement/c/new/2026-08-28/508080_20260828_1IQ9.pdf,2ea75b38a866c5b0bc20dcd5f30ca9dcb364a040bd6b7d6e5709b1710039f2c9,400000000.0,34281427.4,0.0857,0.0857035685,3.5684999999952005e-06,within_disclosure_precision
508082,2025-12-31,2026-01-22,quarterly_report,https://www.sse.com.cn/disclosure/fund/announcement/c/new/2026-01-22/508082_20260122_8QZT.pdf,66e01083afa972a04b1fdcda6ebac7c505563dcd851202c497872d5e53c18ffc,1000000000.0,41080031.0,0.0411,0.041080031,1.9968999999994685e-05,within_disclosure_precision
508082,2026-03-31,2026-04-22,quarterly_report,https://www.sse.com.cn/disclosure/fund/announcement/c/new/2026-04-22/508082_20260422_CCRH.pdf,a0742e26de1ddfa6e194f21480e353b1e81c5f16e6879769939dad36a5a4c684,1000000000.0,46668080.28,0.0467,0.04666808028,3.191971999999543e-05,within_disclosure_precision
508082,2026-06-30,2026-07-21,quarterly_report,https://www.sse.com.cn/disclosure/fund/announcement/c/new/2026-07-21/508082_20260721_M36V.pdf,eb224044cc66a1d0974a646e83eeabbd5187b002a55fd35a25a12036a9d01d63,1000000000.0,40983030.06,0.041,0.04098303006,1.6969940000000072e-05,within_disclosure_precision
508082,2026-06-30,2026-08-28,semiannual_report,https://www.sse.com.cn/disclosure/fund/announcement/c/new/2026-08-28/508082_20260828_34H2.pdf,fe133ad0f2fe66b9c8db14b41d92784eb0152d74658ff7fbcd8d288373777e85,1000000000.0,87651110.34,0.0877,0.08765111034,4.8889659999995505e-05,within_disclosure_precision
508084,2025-06-30,2025-07-21,quarterly_report,https://www.sse.com.cn/disclosure/fund/announcement/c/new/2025-07-21/508084_20250721_YGSB.pdf,03b49f8e8937e673772139b7d165cb059befdfb5a0e0e6d4e9ae60a33be12e93,400000000.0,15197215.44,0.038,0.0379930386,6.961399999998175e-06,within_disclosure_precision
508084,2025-06-30,2025-08-29,semiannual_report,https://www.sse.com.cn/disclosure/fund/announcement/c/new/2025-08-29/508084_20250829_DC5N.pdf,7c2d1e829fa950c0abe971ef76cb13775abcf986df576991e13fd6c2c2518427,400000000.0,22207454.06,0.0555,0.055518635149999995,1.863514999999455e-05,within_disclosure_precision
508084,2025-09-30,2025-10-28,quarterly_report,https://www.sse.com.cn/disclosure/fund/announcement/c/new/2025-10-28/508084_20251028_OIAJ.pdf,4f508441f4a84f273d2625c89979fe569ed2a13e8e5175119dbb4f5cd742e4c8,400000000.0,15617198.48,0.039,0.0390429962,4.299619999999921e-05,within_disclosure_precision
508084,2025-12-31,2026-01-22,quarterly_report,https://www.sse.com.cn/disclosure/fund/announcement/c/new/2026-01-22/508084_20260122_GDTM.pdf,a61673e38135b43fdbf9f546fecbbe392ffbf2e4061ae45060cc6469f312bdc5,400000000.0,16840600.27,0.0421,0.042101500675,1.5006750000018387e-06,within_disclosure_precision
508084,2026-03-31,2026-04-22,quarterly_report,https://www.sse.com.cn/disclosure/fund/announcement/c/new/2026-04-22/508084_20260422_97BK.pdf,0887affa453b9e43cfc53b5b6e36acf6df50dffac8921f31d748361e9985dcac,400000000.0,15380237.46,0.0385,0.03845059365,4.94063499999961e-05,within_disclosure_precision
508084,2026-06-30,2026-07-21,quarterly_report,https://www.sse.com.cn/disclosure/fund/announcement/c/new/2026-07-21/508084_20260721_4SLM.pdf,eb3fe2479d32ad95285c21dec4d78e9bd75021267991ab193ee6cb27c8e92e50,400000000.0,15599786.33,0.039,0.038999465825,5.341749999970835e-07,within_disclosure_precision
508085,2025-06-30,2025-07-21,quarterly_report,https://www.sse.com.cn/disclosure/fund/announcement/c/new/2025-07-21/508085_20250721_89TO.pdf,f4015cfc31ed301060e03e22e03d9ca63a74f5a6de8761326f28cbe84437850b,500000000.0,16189138.58,0.0324,0.03237827716,2.172283999999497e-05,within_disclosure_precision
508085,2025-06-30,2025-08-29,semiannual_report,https://www.sse.com.cn/disclosure/fund/announcement/c/new/2025-08-29/508085_20250829_5JH8.pdf,1acdea572b758d68f61ac30c1f8e50146fb8eb35b4728a0d07b55e1fd4f3d396,500000000.0,16189138.58,0.0324,0.03237827716,2.172283999999497e-05,within_disclosure_precision
508085,2025-09-30,2025-10-28,quarterly_report,https://www.sse.com.cn/disclosure/fund/announcement/c/new/2025-10-28/508085_20251028_Q4KS.pdf,57f1f10d8cec8056070521450cc094be6acb0d337fafd2f0c567782c64b5aaed,500000000.0,9602601.29,0.0192,0.019205202579999997,5.202579999998708e-06,within_disclosure_precision
508085,2025-12-31,2026-01-22,quarterly_report,https://www.sse.com.cn/disclosure/fund/announcement/c/new/2026-01-22/508085_20260122_ZFQG.pdf,19167a7c5815811da9c8b7d38ebd80af7dd520017310234a9761ee8cc9b8c7fc,500000000.0,11302770.15,0.0226,0.0226055403,5.5403000000023295e-06,within_disclosure_precision
508085,2026-03-31,2026-04-22,quarterly_report,https://www.sse.com.cn/disclosure/fund/announcement/c/new/2026-04-22/508085_20260422_T2PQ.pdf,fec3a352c271f1358a3dacbb613b789e1da8a01d162c64b0f023438922a391bf,500000000.0,14440144.73,0.0289,0.02888028946,1.971053999999875e-05,within_disclosure_precision
508085,2026-06-30,2026-07-21,quarterly_report,https://www.sse.com.cn/disclosure/fund/announcement/c/new/2026-07-21/508085_20260721_QQW0.pdf,161a0f2dfe94836ea905b3a2b83ed4740b6e741a383f1b8c8f7790564170721a,500000000.0,14921108.14,0.0298,0.02984221628,4.221628000000005e-05,within_disclosure_precision
508086,2024-09-30,2024-10-25,quarterly_report,https://www.sse.com.cn/disclosure/fund/announcement/c/new/2024-10-25/508086_20241025_JMP8.pdf,f225f6c7d7dd81e6067ce88210e234495d353aaeb4f6023c8423a286c04af2fd,1000000000.0,128446088.46,0.1284,0.12844608846,4.608846000000999e-05,within_disclosure_precision
508086,2024-12-31,2025-01-22,quarterly_report,https://www.sse.com.cn/disclosure/fund/announcement/c/new/2025-01-22/508086_20250122_K8RU.pdf,e516c42b23dc42a6faa0c283a54546ff1ae771cfe43c974f70c595b34cc41043,1000000000.0,116515399.77,0.1165,0.11651539977,1.5399769999993596e-05,within_disclosure_precision
508086,2025-03-31,2025-04-22,quarterly_report,https://www.sse.com.cn/disclosure/fund/announcement/c/new/2025-04-22/508086_20250422_R8FV.pdf,281d6e1a616c3e8c8fe4e50c437fb318b8fa135a740c6654bf10e6015ecaadfa,1000000000.0,81168374.09,0.0812,0.08116837409000001,3.162590999998549e-05,within_disclosure_precision
508086,2025-06-30,2025-07-21,quarterly_report,https://www.sse.com.cn/disclosure/fund/announcement/c/new/2025-07-21/508086_20250721_RDYG.pdf,113d7130c4b3dd79ad211c8a204d0064963f693a8aa46c17ec4d68f6182c7912,1000000000.0,105844626.31,0.1058,0.10584462631000001,4.462631000000383e-05,within_disclosure_precision
508086,2025-06-30,2025-08-29,semiannual_report,https://www.sse.com.cn/disclosure/fund/announcement/c/new/2025-08-29/508086_20250829_HGI4.pdf,6062f4b57b082e1da626a83b61bf169c8894cd92e1d757a8b52c7038b583e0f8,1000000000.0,187013000.4,0.187,0.18701300040000002,1.3000400000018342e-05,within_disclosure_precision
508086,2025-09-30,2025-10-28,quarterly_report,https://www.sse.com.cn/disclosure/fund/announcement/c/new/2025-10-28/508086_20251028_S1HV.pdf,730ae31f1142f0ddc84dc4dd1bb3bef6242b0ab67097a6f1c382d94cfff70d2f,1000000000.0,134480040.01,0.1345,0.13448004001,1.9959990000012473e-05,within_disclosure_precision
508086,2025-12-31,2026-01-22,quarterly_report,https://www.sse.com.cn/disclosure/fund/announcement/c/new/2026-01-22/508086_20260122_J62H.pdf,1aa4a571a0ffc9504e042033c2668528dcdfda56994dfce95af936882f34d423,1000000000.0,102238782.61,0.1022,0.10223878261,3.8782609999996054e-05,within_disclosure_precision
508086,2026-03-31,2026-04-22,quarterly_report,https://www.sse.com.cn/disclosure/fund/announcement/c/new/2026-04-22/508086_20260422_ES2R.pdf,f726720e2881c890040aac240759e21671c5fb553f4642476e1959bd2bfbf830,1000000000.0,81987612.91,0.082,0.08198761291,1.2387090000010037e-05,within_disclosure_precision
508086,2026-06-30,2026-07-21,quarterly_report,https://www.sse.com.cn/disclosure/fund/announcement/c/new/2026-07-21/508086_20260721_0SH6.pdf,66032a99376b3fbd6f536b12fe399e233a1473c595592694fb8a59be4e5926f3,1000000000.0,91268589.63,0.0913,0.09126858963,3.1410370000012344e-05,within_disclosure_precision
508087,2025-03-31,2025-04-22,quarterly_report,https://www.sse.com.cn/disclosure/fund/announcement/c/new/2025-04-22/508087_20250422_LB8F.pdf,d0989706791b56ace0ce56c9ef0435bcfcf4297b6dc80059461fb39287818c0f,200000000.0,76681980.97,0.3834,0.38340990485,9.904849999964327e-06,within_disclosure_precision
508087,2025-06-30,2025-07-19,quarterly_report,https://www.sse.com.cn/disclosure/fund/announcement/c/new/2025-07-19/508087_20250719_5KFI.pdf,51821998fd8ab41d93079d16b9da67109876389550b1906c156d90ff8ca93a8b,200000000.0,157868.69,0.0008,0.00078934345,1.0656550000000026e-05,within_disclosure_precision
508087,2025-06-30,2025-08-29,semiannual_report,https://www.sse.com.cn/disclosure/fund/announcement/c/new/2025-08-29/508087_20250829_4C6H.pdf,03b3e1ee864e3cb08302a1414015c467f0aa0756ac553ed7a9dae333dfa6a80b,200000000.0,76839849.66,0.3842,0.38419924829999996,7.517000000234475e-07,within_disclosure_precision
508087,2025-09-30,2025-10-28,quarterly_report,https://www.sse.com.cn/disclosure/fund/announcement/c/new/2025-10-28/508087_20251028_JQ35.pdf,7031dc5052c33bf37aaa7c9f312dbaafc8ec876c4c28ddbee96e931b40065292,200000000.0,210973.15,0.0011,0.00105486575,4.5134250000000145e-05,within_disclosure_precision
508087,2025-12-31,2026-01-22,quarterly_report,https://www.sse.com.cn/disclosure/fund/announcement/c/new/2026-01-22/508087_20260122_S5SV.pdf,fb4a44d563460f947a8024edcd7bcde420f2ebeedc123e026b61b219ebdbf300,200000000.0,51372782.46,0.2569,0.2568639123,3.608770000002037e-05,within_disclosure_precision
508087,2026-03-31,2026-04-22,quarterly_report,https://www.sse.com.cn/disclosure/fund/announcement/c/new/2026-04-22/508087_20260422_HIBD.pdf,c4d856da4d0c848e3ef9b9536911627174ef69b657aebbcd1ac596a6cbebcb13,200000000.0,53197186.91,0.266,0.26598593454999997,1.4065450000044777e-05,within_disclosure_precision
508087,2026-06-30,2026-07-21,quarterly_report,https://www.sse.com.cn/disclosure/fund/announcement/c/new/2026-07-21/508087_20260721_PW4Q.pdf,8a5f16e97de0c5945a067995df82b924e47d91a793ab5d42805a56dd7d836a98,200000000.0,2256866.27,0.0113,0.01128433135,1.5668649999999937e-05,within_disclosure_precision
508088,2022-12-31,2023-01-20,quarterly_report,https://www.sse.com.cn/disclosure/fund/announcement/c/new/2023-01-20/508088_20230120_X9JU.pdf,37b5ae1dc9d2b94ac1c92c46485c5f2877678ac6d91ff184753eab4e473b0f4a,500000000.0,18777614.19,0.0376,0.03755522838,4.477162000000173e-05,within_disclosure_precision
508088,2023-03-31,2023-04-23,quarterly_report,https://www.sse.com.cn/disclosure/fund/announcement/c/new/2023-04-23/508088_20230423_U3HL.pdf,3924fb404cbce2f363e249bc5d33a23e493e295c515858ec39b72961cc22ee0b,500000000.0,19933612.3,0.0399,0.0398672246,3.277539999999718e-05,within_disclosure_precision
508088,2023-06-30,2023-07-21,quarterly_report,https://www.sse.com.cn/disclosure/fund/announcement/c/new/2023-07-21/508088_20230721_45BC.pdf,993641a2f0154c2a6526a0124af92d37bcf7f205e6ec75d409be4e21845e7287,500000000.0,23590149.33,0.0472,0.047180298659999995,1.9701340000004286e-05,within_disclosure_precision
508088,2023-06-30,2023-08-31,semiannual_report,https://www.sse.com.cn/disclosure/fund/announcement/c/new/2023-08-31/508088_20230831_6F79.pdf,15ce794966f93d637089e2a3fdfd21d1ddc54e7ba8136db5e9608877d5efe079,500000000.0,43523761.64,0.087,0.08704752328,4.7523280000003054e-05,within_disclosure_precision
508088,2023-09-30,2023-10-21,quarterly_report,https://www.sse.com.cn/disclosure/fund/announcement/c/new/2023-10-21/508088_20231021_YC3M.pdf,b648a38d5f10bb253bcc90cfd2fda1326d3127c3634eaed73a8dc81a87731238,500000000.0,19829939.19,0.0397,0.03965987838,4.012161999999986e-05,within_disclosure_precision
508088,2023-12-31,2024-01-22,quarterly_report,https://www.sse.com.cn/disclosure/fund/announcement/c/new/2024-01-22/508088_20240122_883X.pdf,e32558b43b96d65fb6a409802a2eeb1a2473da7f713419419ed50c99e93cbf32,500000000.0,17659694.51,0.0353,0.03531938902,1.9389020000003254e-05,within_disclosure_precision
508088,2024-03-31,2024-04-22,quarterly_report,https://www.sse.com.cn/disclosure/fund/announcement/c/new/2024-04-22/508088_20240422_AGV6.pdf,33d61fdc1db902df1ef9c674931df638ad04783ec1c1d466b17aa243053b150b,500000000.0,20321869.89,0.0406,0.04064373978,4.373978000000306e-05,within_disclosure_precision
508088,2024-06-30,2024-07-19,quarterly_report,https://www.sse.com.cn/disclosure/fund/announcement/c/new/2024-07-19/508088_20240719_YRNQ.pdf,2f24ba6b7773b892bdc0f94b52916f4502c6b6e9e4ca8673cd00b58bbe38a3d6,500000000.0,21535160.91,0.0431,0.04307032182,2.9678179999999277e-05,within_disclosure_precision
508088,2024-06-30,2024-08-31,semiannual_report,https://www.sse.com.cn/disclosure/fund/announcement/c/new/2024-08-31/508088_20240831_BGYW.pdf,27a6fa16c11d88babaea83e5ab48fcf019cabfaa6c4d41f365a752a2ce6b8c0d,500000000.0,41857030.8,0.0837,0.0837140616,1.4061600000003782e-05,within_disclosure_precision
508088,2024-09-30,2024-10-25,quarterly_report,https://www.sse.com.cn/disclosure/fund/announcement/c/new/2024-10-25/508088_20241025_Y5WK.pdf,f254a293f50257b656f642530c4d128a2ba8b6742de1befdb4ee2fa3fdd2efc2,500000000.0,19229547.75,0.0385,0.0384590955,4.0904500000001065e-05,within_disclosure_precision
508088,2024-12-31,2025-01-22,quarterly_report,https://www.sse.com.cn/disclosure/fund/announcement/c/new/2025-01-22/508088_20250122_IOTZ.pdf,a283913d17e5dfb37e80604bd1040ac1e5d17635e830e5ae29ea232540472c9f,500000000.0,16480727.46,0.033,0.03296145492,3.854508000000062e-05,within_disclosure_precision
508088,2025-03-31,2025-04-22,quarterly_report,https://www.sse.com.cn/disclosure/fund/announcement/c/new/2025-04-22/508088_20250422_QKBI.pdf,1df552be6128d098dfd27b701e8580e1c483a053703144499114119cb02b2fb6,500000000.0,17732607.88,0.0355,0.035465215759999995,3.478424000000202e-05,within_disclosure_precision
508088,2025-06-30,2025-07-19,quarterly_report,https://www.sse.com.cn/disclosure/fund/announcement/c/new/2025-07-19/508088_20250719_7949.pdf,144e9beaa145c12762b0b7d1b09b974e7ad3928d6653035079e22a60a6ba44d0,500000000.0,21832636.61,0.0437,0.04366527322,3.47267800000009e-05,within_disclosure_precision
508088,2025-06-30,2025-08-29,semiannual_report,https://www.sse.com.cn/disclosure/fund/announcement/c/new/2025-08-29/508088_20250829_VG9G.pdf,162d45802c3d14c6d4c9325aa54b7460f497dfa6e1249657b692e0766f06d8e6,500000000.0,39565244.49,0.0791,0.07913048898000001,3.0488980000006882e-05,within_disclosure_precision
508088,2025-09-30,2025-10-28,quarterly_report,https://www.sse.com.cn/disclosure/fund/announcement/c/new/2025-10-28/508088_20251028_EUZG.pdf,4defe709d4e945e420302c84dc36b420e9a8c630c87cac46afbfe575fa14b009,500000000.0,18260961.68,0.0365,0.03652192336,2.1923360000002112e-05,within_disclosure_precision
508088,2025-12-31,2026-01-22,quarterly_report,https://www.sse.com.cn/disclosure/fund/announcement/c/new/2026-01-22/508088_20260122_YPAN.pdf,832a4d6fba88a86aa3f8b369d4580147a80b5f471017f0eca619c1603ebfe12e,619262981.0,17582920.16,0.0284,0.02839330090684042,6.699093159583114e-06,within_disclosure_precision
508088,2026-03-31,2026-04-22,quarterly_report,https://www.sse.com.cn/disclosure/fund/announcement/c/new/2026-04-22/508088_20260422_W165.pdf,88e5d96ffa64e4e2eec08c0e74e07c8e9cb6d0c86f698b12e533d9cc9f7a2bd5,619262981.0,28477166.25,0.046,0.04598557821753598,1.4421782464017763e-05,within_disclosure_precision
508088,2026-06-30,2026-07-21,quarterly_report,https://www.sse.com.cn/disclosure/fund/announcement/c/new/2026-07-21/508088_20260721_W6Q7.pdf,e060654aa25097cb21ff9c0d9384f85e79848db17d4664d91eed2950adbe9890,619262981.0,21407337.32,0.0346,0.03456905705138541,3.094294861458874e-05,within_disclosure_precision
508089,2024-09-30,2024-10-25,quarterly_report,https://www.sse.com.cn/disclosure/fund/announcement/c/new/2024-10-25/508089_20241025_QF1N.pdf,38c5e17a38e54bb267e2c7461d9579f1b8c108f25d5682c41df089fb726fe555,300000000.0,21288599.36,0.071,0.07096199786666667,3.8002133333325805e-05,within_disclosure_precision
508089,2024-12-31,2025-01-22,quarterly_report,https://www.sse.com.cn/disclosure/fund/announcement/c/new/2025-01-22/508089_20250122_KKAX.pdf,d5cfa0315d62b539f953e0eb68ff25cd8ce99c8e3f02e1a9cd26e0af8f1250b1,300000000.0,24079907.92,0.0803,0.08026635973333333,3.364026666666242e-05,within_disclosure_precision
508089,2025-03-31,2025-04-22,quarterly_report,https://www.sse.com.cn/disclosure/fund/announcement/c/new/2025-04-22/508089_20250422_5HLF.pdf,25b053c8856b05bc3a3a2c751ef9012e2b7e47bcc8bb8b9ad67c20ee372d277a,300000000.0,11386436.4,0.038,0.037954788,4.5211999999995867e-05,within_disclosure_precision
508089,2025-06-30,2025-07-21,quarterly_report,https://www.sse.com.cn/disclosure/fund/announcement/c/new/2025-07-21/508089_20250721_4GP2.pdf,27699b948fe3c73ebad27ea58c3aead7a5496087f0bf0a1d1008c5a94b3ab9d9,300000000.0,6966618.87,0.0232,0.0232220629,2.2062900000001384e-05,within_disclosure_precision
508089,2025-06-30,2025-08-30,semiannual_report,https://www.sse.com.cn/disclosure/fund/announcement/c/new/2025-08-30/508089_20250830_E943.pdf,5cbf7ad03aa30ae69e6f107de27361e749feaf279c4c1740973768b5aa0edbe1,300000000.0,18353055.27,0.0612,0.061176850899999996,2.314910000000142e-05,within_disclosure_precision
508089,2025-09-30,2025-10-28,quarterly_report,https://www.sse.com.cn/disclosure/fund/announcement/c/new/2025-10-28/508089_20251028_AEA0.pdf,54e122ecc4683ee7e5071fc3aa63644af72350a2c0735f50e7561bbbdb95ad82,300000000.0,64957060.94,0.2165,0.21652353646666667,2.35364666666682e-05,within_disclosure_precision
508089,2025-12-31,2026-01-22,quarterly_report,https://www.sse.com.cn/disclosure/fund/announcement/c/new/2026-01-22/508089_20260122_ZXVC.pdf,b9fa8f7f6bb7343d2bf1ee613ce5b44f092a0b9c4e5596b4fe4f96f389bc1076,300000000.0,36143194.87,0.1205,0.12047731623333333,2.2683766666670158e-05,within_disclosure_precision
508089,2026-03-31,2026-04-22,quarterly_report,https://www.sse.com.cn/disclosure/fund/announcement/c/new/2026-04-22/508089_20260422_OMDY.pdf,aaeefdb363c696e6a614af37afe94838b49cc3e2de1a60699254d536b22dc935,300000000.0,7363560.85,0.0245,0.02454520283333333,4.5202833333330555e-05,within_disclosure_precision
508089,2026-06-30,2026-07-21,quarterly_report,https://www.sse.com.cn/disclosure/fund/announcement/c/new/2026-07-21/508089_20260721_P5XX.pdf,7f6f2be2cea6cc081bd7b4b4f20b04b076379b325d11c986f1e8b225a56cf2f4,300000000.0,54796775.88,0.1827,0.18265591960000002,4.408039999997948e-05,within_disclosure_precision
508090,2025-09-30,2025-10-28,quarterly_report,https://www.sse.com.cn/disclosure/fund/announcement/c/new/2025-10-28/508090_20251028_W337.pdf,98c7fae4b26946711980358b7d384ad281e9a94f4de7193f42af25cad32c7276,400000000.0,15830830.88,0.0396,0.039577077200000005,2.292279999999841e-05,within_disclosure_precision
508090,2025-12-31,2026-01-22,quarterly_report,https://www.sse.com.cn/disclosure/fund/announcement/c/new/2026-01-22/508090_20260122_X9DE.pdf,bf5e0413590f50c1e8a56586ee259630a14c58ba46d9ca4e158c3e607c10f3d0,400000000.0,15833410.73,0.0396,0.039583526825,1.647317500000356e-05,within_disclosure_precision
508090,2026-03-31,2026-04-22,quarterly_report,https://www.sse.com.cn/disclosure/fund/announcement/c/new/2026-04-22/508090_20260422_I8CM.pdf,625ea4daf433b3a823b3f9c66e4ba2d44343adcbe83d2e52c3ac0631239ad71c,400000000.0,16084642.32,0.0402,0.0402116058,1.160580000000161e-05,within_disclosure_precision
508090,2026-06-30,2026-07-21,quarterly_report,https://www.sse.com.cn/disclosure/fund/announcement/c/new/2026-07-21/508090_20260721_KE9V.pdf,e35dabd346b3751e733e475cd62c6bc2ae7d0ed66d7d47f8463d74cd696b20a5,400000000.0,16466520.99,0.0412,0.041166302475,3.3697525000001005e-05,within_disclosure_precision
508091,2025-12-31,2026-01-22,quarterly_report,https://www.sse.com.cn/disclosure/fund/announcement/c/new/2026-01-22/508091_20260122_0WE4.pdf,656aa9b0ad4430b97d8e6b0a9343a11ff88f24b2b83ee7e5fd635ed205e84dbb,400000000.0,26254106.32,0.0656,0.0656352658,3.526579999998947e-05,within_disclosure_precision
508091,2026-03-31,2026-04-22,quarterly_report,https://www.sse.com.cn/disclosure/fund/announcement/c/new/2026-04-22/508091_20260422_VZLN.pdf,af7cb523227ee080658fa932106f2b6f4d62747289da1673328b79ccbe893568,400000000.0,26860656.87,0.0672,0.067151642175,4.8357824999997745e-05,within_disclosure_precision
508091,2026-06-30,2026-07-21,quarterly_report,https://www.sse.com.cn/disclosure/fund/announcement/c/new/2026-07-21/508091_20260721_BFJ1.pdf,e3ca319983b73cda1e401400b7bdc5c94f0a5dbae39c51ef08713a245dacf3cf,400000000.0,26176848.1,0.0654,0.06544212025,4.2120249999999526e-05,within_disclosure_precision
508092,2025-03-31,2025-04-22,quarterly_report,https://www.sse.com.cn/disclosure/fund/announcement/c/new/2025-04-22/508092_20250422_7OW4.pdf,ade4cbcabbca30846e94e083e472ef9119a7d14d8c032d62cd87c0702789e11f,400000000.0,14718625.68,0.0368,0.0367965642,3.4357999999998223e-06,within_disclosure_precision
508092,2025-06-30,2025-07-21,quarterly_report,https://www.sse.com.cn/disclosure/fund/announcement/c/new/2025-07-21/508092_20250721_4FGG.pdf,21876a99060976bb9a84bf3cc137eb8f9195f19d549293604492020b0a6ea07d,400000000.0,19728581.63,0.0493,0.049321454075,2.1454075000003348e-05,within_disclosure_precision
508092,2025-06-30,2025-08-30,semiannual_report,https://www.sse.com.cn/disclosure/fund/announcement/c/new/2025-08-30/508092_20250830_Z127.pdf,298f588641f6f6d7e6b0e5ed4e871ed91e7dec0ef49aec5a8a3cfa08d419696f,400000000.0,34447207.31,0.0861,0.086118018275,1.8018275000003525e-05,within_disclosure_precision
508092,2025-09-30,2025-10-28,quarterly_report,https://www.sse.com.cn/disclosure/fund/announcement/c/new/2025-10-28/508092_20251028_6MTF.pdf,4545a32b5447a5b93b23d00047624993fe38e3bad5ed7b79d11198ed6bee084b,400000000.0,19944360.99,0.0499,0.049860902474999996,3.909752500000363e-05,within_disclosure_precision
508092,2025-12-31,2026-01-22,quarterly_report,https://www.sse.com.cn/disclosure/fund/announcement/c/new/2026-01-22/508092_20260122_5TY5.pdf,10fc68e62caad79efae8e73e52e05ad34d2b8c09d3b7fdbabdf2025299437a62,400000000.0,19954006.34,0.0499,0.04988501585,1.498415000000114e-05,within_disclosure_precision
508092,2026-03-31,2026-04-22,quarterly_report,https://www.sse.com.cn/disclosure/fund/announcement/c/new/2026-04-22/508092_20260422_70DH.pdf,76473d0e6fc90a686b9373bb49f7902011329329266b2af2aad8f802b8be6ef7,400000000.0,17402805.23,0.0435,0.043507013075,7.0130750000063635e-06,within_disclosure_precision
508092,2026-06-30,2026-07-21,quarterly_report,https://www.sse.com.cn/disclosure/fund/announcement/c/new/2026-07-21/508092_20260721_6OWI.pdf,cc5ef15f3acd1cd017bb6662bd7de99d956279fbe15bdc6187b7f70f090aada6,400000000.0,19673390.19,0.0492,0.049183475475,1.6524524999998735e-05,within_disclosure_precision
508096,2023-06-30,2023-07-20,quarterly_report,https://www.sse.com.cn/disclosure/fund/announcement/c/new/2023-07-20/508096_20230720_A0O6.pdf,02798f2bb6cc1b9f65296bff2e4f513996161959db16d37759473f90b7fe3d0c,300000000.0,39062586.72,0.1302,0.1302086224,8.62239999999126e-06,within_disclosure_precision
508096,2023-06-30,2023-08-29,semiannual_report,https://www.sse.com.cn/disclosure/fund/announcement/c/new/2023-08-29/508096_20230829_17E3.pdf,f0c85ddce7e8da7cbbef2f775017c14aaa3e287e3d1ab33f6c2374d374e1ac8a,300000000.0,39100133.21,0.1303,0.13033377736666668,3.377736666668185e-05,within_disclosure_precision
508096,2023-09-30,2023-10-24,quarterly_report,https://www.sse.com.cn/disclosure/fund/announcement/c/new/2023-10-24/508096_20231024_ZVCR.pdf,4989930ac5900b40166bfbf70030b0db2f36b061221827b4cd78743dd28c32c5,300000000.0,282717063.48,0.9424,0.9423902116,9.788399999988151e-06,within_disclosure_precision
508096,2023-12-31,2024-01-19,quarterly_report,https://www.sse.com.cn/disclosure/fund/announcement/c/new/2024-01-19/508096_20240119_MPWQ.pdf,ac5dd4b7459920f0c8d2ae768cd522027715a1089d3aa54562f33e971de1cb9b,300000000.0,6568454.25,0.0219,0.0218948475,5.152500000001059e-06,within_disclosure_precision
508096,2024-03-31,2024-04-20,quarterly_report,https://www.sse.com.cn/disclosure/fund/announcement/c/new/2024-04-20/508096_20240420_VD9G.pdf,f5bc600bc27a8020734b4aba0475610187eaf681113761169d13e243e85b02d6,300000000.0,158380966.85,0.5279,0.5279365561666667,3.655616666664585e-05,within_disclosure_precision
508096,2024-06-30,2024-07-18,quarterly_report,https://www.sse.com.cn/disclosure/fund/announcement/c/new/2024-07-18/508096_20240718_M0BE.pdf,5fd0af78cff65212d1812b140035df7236afb8f3b01f08fa28a53b9d103608e0,300000000.0,44967194.48,0.1499,0.14989064826666665,9.351733333357037e-06,within_disclosure_precision
508096,2024-06-30,2024-08-30,semiannual_report,https://www.sse.com.cn/disclosure/fund/announcement/c/new/2024-08-30/508096_20240830_V0CP.pdf,40c61d8ee95b7a7779046aebd71c132e85c9e0251b5ba6ec964bd7c602a1a8f4,300000000.0,203338747.12,0.6778,0.6777958237333334,4.1762666666000925e-06,within_disclosure_precision
508096,2024-09-30,2024-10-24,quarterly_report,https://www.sse.com.cn/disclosure/fund/announcement/c/new/2024-10-24/508096_20241024_4OB1.pdf,daa580102af6f7e1a097a15de48944e15109b1cd95f5ba85fd8b1128549f017a,300000000.0,141833506.27,0.4728,0.47277835423333336,2.1645766666633648e-05,within_disclosure_precision
508096,2024-12-31,2025-01-21,quarterly_report,https://www.sse.com.cn/disclosure/fund/announcement/c/new/2025-01-21/508096_20250121_E6TE.pdf,ae5372eb8965f69efdb5738c68391ec58d9006e09eff313a596efa4dcfab1111,300000000.0,3031452.67,0.0101,0.010104842233333333,4.842233333333251e-06,within_disclosure_precision
508096,2025-03-31,2025-04-22,quarterly_report,https://www.sse.com.cn/disclosure/fund/announcement/c/new/2025-04-22/508096_20250422_WDVS.pdf,03298294ddbdb46b9adc4ccd7bf50884bc9ede74f50f1d1289ade0e3eafb385d,300000000.0,2643885.25,0.01,0.008812950833333333,0.0011870491666666674,within_disclosure_precision
508096,2025-06-30,2025-07-21,quarterly_report,https://www.sse.com.cn/disclosure/fund/announcement/c/new/2025-07-21/508096_20250721_YPD3.pdf,8e2dce74a3ec20771c70516c34d12427d74fec3ed0f0c6181d48c15be9db7b0e,300000000.0,65474826.13,0.2182,0.21824942043333334,4.94204333333359e-05,within_disclosure_precision
508096,2025-06-30,2025-08-30,semiannual_report,https://www.sse.com.cn/disclosure/fund/announcement/c/new/2025-08-30/508096_20250830_ZX3U.pdf,f7d5f8f8703aa39e395ff07e1c60dfa01772714a9eea424b91b541842b525793,300000000.0,68118711.38,0.2271,0.22706237126666665,3.762873333335026e-05,within_disclosure_precision
508096,2025-09-30,2025-10-27,quarterly_report,https://www.sse.com.cn/disclosure/fund/announcement/c/new/2025-10-27/508096_20251027_34QT.pdf,4c93a7c41f2b41180f8eadb3b4f55895c7e1c77920aa177ab7a5e42667584762,300000000.0,199364595.5,0.6645,0.6645486516666667,4.8651666666676974e-05,within_disclosure_precision
508096,2025-12-31,2026-01-22,quarterly_report,https://www.sse.com.cn/disclosure/fund/announcement/c/new/2026-01-22/508096_20260122_2ECJ.pdf,9b70ac39def212b0a8fc5f3c6d5849f283528224cde8582fb8b9484a6d757aee,600880354.0,56034244.04,0.0933,0.09325357979668611,4.642020331388497e-05,within_disclosure_precision
508096,2026-03-31,2026-04-22,quarterly_report,https://www.sse.com.cn/disclosure/fund/announcement/c/new/2026-04-22/508096_20260422_A83Y.pdf,704f51d2343b7d468c2a8f61f418060c7732b8d859feb8e7ea94d1331166d0ce,600880354.0,154189680.61,0.2566,0.2566062937214952,6.2937214951874765e-06,within_disclosure_precision
508096,2026-06-30,2026-07-21,quarterly_report,https://www.sse.com.cn/disclosure/fund/announcement/c/new/2026-07-21/508096_20260721_BTD8.pdf,5d25f9262514760ac48208e59034c5da898ddbe72b0c49b61b99dd5a6e336100,600880354.0,125623212.41,0.2091,0.20906526827468883,3.473172531118229e-05,within_disclosure_precision
508097,2025-03-31,2025-04-22,quarterly_report,https://www.sse.com.cn/disclosure/fund/announcement/c/new/2025-04-22/508097_20250422_0GBO.pdf,20fb25decc37d49905794bb15a610a71f738f726e1c53d8f3d6cd2f76baf4148,400000000.0,12891389.3,0.0322,0.03222847325,2.847325000000095e-05,within_disclosure_precision
508097,2025-06-30,2025-07-21,quarterly_report,https://www.sse.com.cn/disclosure/fund/announcement/c/new/2025-07-21/508097_20250721_D6U8.pdf,49af084c84c4b5b4bc6b938fc2fd448256e6ee0d2a683e38c144142ec8f8c341,400000000.0,13017661.99,0.0325,0.032544154975,4.4154975000001984e-05,within_disclosure_precision
508097,2025-06-30,2025-08-29,semiannual_report,https://www.sse.com.cn/disclosure/fund/announcement/c/new/2025-08-29/508097_20250829_72JY.pdf,cda2e6cd58b3afe9f3904ef4a5f835438d9b0f522e47d1cdcf792967bff7a418,400000000.0,25909051.29,0.0648,0.064772628225,2.7371774999992993e-05,within_disclosure_precision
508097,2025-09-30,2025-10-28,quarterly_report,https://www.sse.com.cn/disclosure/fund/announcement/c/new/2025-10-28/508097_20251028_3TF9.pdf,4ce2b3a6ab0d677a4f71a8a094875bcc88f231df8c578901575efc7b7c4316c5,400000000.0,14412096.64,0.036,0.0360302416,3.0241600000001367e-05,within_disclosure_precision
508097,2025-12-31,2026-01-22,quarterly_report,https://www.sse.com.cn/disclosure/fund/announcement/c/new/2026-01-22/508097_20260122_VLBE.pdf,7eadf5cccccf824b453ea4220b0a59637d96873e22414f6a315070019ed8bd78,400000000.0,12654954.97,0.0316,0.031637387425,3.738742500000031e-05,within_disclosure_precision
508097,2026-03-31,2026-04-22,quarterly_report,https://www.sse.com.cn/disclosure/fund/announcement/c/new/2026-04-22/508097_20260422_3PT7.pdf,46aa0e5953bc91f20ed71267340b49516326f280f5a5fe109b7bdf611a671690,400000000.0,12514918.92,0.0313,0.0312872973,1.270269999999879e-05,within_disclosure_precision
508097,2026-06-30,2026-07-21,quarterly_report,https://www.sse.com.cn/disclosure/fund/announcement/c/new/2026-07-21/508097_20260721_2DPB.pdf,b8dddbd01f387b045c71a3db4ddb58162cb828b8aad00e6df7bea332732bfbae,400000000.0,9918106.43,0.0248,0.024795266075,4.733925000000028e-06,within_disclosure_precision
508098,2023-03-31,2023-04-21,quarterly_report,https://www.sse.com.cn/disclosure/fund/announcement/c/new/2023-04-21/508098_20230421_9GS6.pdf,0aae8b9d2e7ef88a7a6b05d543929ae1722dddb761fa159064e0d2df3de37e4d,500000000.0,17536249.2,0.0351,0.0350724984,2.7501600000000292e-05,within_disclosure_precision
508098,2023-06-30,2023-07-20,quarterly_report,https://www.sse.com.cn/disclosure/fund/announcement/c/new/2023-07-20/508098_20230720_CLGL.pdf,bc52e3ca3e22acd86d3aa6d8dcd6728d4b178103c3a511f16f0531440ff210bd,500000000.0,17906379.4,0.0358,0.0358127588,1.2758799999998405e-05,within_disclosure_precision
508098,2023-06-30,2023-08-29,semiannual_report,https://www.sse.com.cn/disclosure/fund/announcement/c/new/2023-08-29/508098_20230829_E3QW.pdf,24538d4d8afdcc5a8229925d000e1389feaae96e589e51088edb45a90a83fa6f,500000000.0,35442628.6,0.0709,0.07088525720000001,1.4742799999994949e-05,within_disclosure_precision
508098,2023-09-30,2023-10-24,quarterly_report,https://www.sse.com.cn/disclosure/fund/announcement/c/new/2023-10-24/508098_20231024_BCK1.pdf,670cef9a5b662ef3673321dfc42d32fa12f510f98521bead9e444021f539315f,500000000.0,22722071.76,0.0454,0.04544414352,4.414351999999788e-05,within_disclosure_precision
508098,2023-12-31,2024-01-19,quarterly_report,https://www.sse.com.cn/disclosure/fund/announcement/c/new/2024-01-19/508098_20240119_NHMA.pdf,2ed2d21a16162001c558ec61b77e164820ecc38accecdf53ac87f4b05cfb9d71,500000000.0,15900571.26,0.0318,0.03180114252,1.1425199999970381e-06,within_disclosure_precision
508098,2024-03-31,2024-04-19,quarterly_report,https://www.sse.com.cn/disclosure/fund/announcement/c/new/2024-04-19/508098_20240419_8GSV.pdf,5dbeccd48435babd8945fc132f007eac2b2d97c12e4ca348410195c65ee6f881,500000000.0,20037442.95,0.0401,0.040074885899999996,2.5114100000001027e-05,within_disclosure_precision
508098,2024-06-30,2024-07-18,quarterly_report,https://www.sse.com.cn/disclosure/fund/announcement/c/new/2024-07-18/508098_20240718_BZA6.pdf,0a6393775a6f0ae66cfcdae75be08b2d7b7b6726918fcd5009bb9668cfbc3a66,500000000.0,20143173.84,0.0403,0.04028634768,1.3652320000001605e-05,within_disclosure_precision
508098,2024-06-30,2024-08-30,semiannual_report,https://www.sse.com.cn/disclosure/fund/announcement/c/new/2024-08-30/508098_20240830_JFMR.pdf,7dc2b2b697252668f6108571bfa637f450ab1074fdbaecd7b23abf8ca52f5b3a,500000000.0,40180616.79,0.0804,0.08036123358,3.876642000000263e-05,within_disclosure_precision
508098,2024-09-30,2024-10-25,quarterly_report,https://www.sse.com.cn/disclosure/fund/announcement/c/new/2024-10-25/508098_20241025_5T9D.pdf,5fee7546a39533d3478b5f1da979c82331ffe999e4ecdcd11d0ac7eb768f3f4a,500000000.0,23871606.89,0.0477,0.04774321378,4.3213780000002366e-05,within_disclosure_precision
508098,2024-12-31,2025-01-22,quarterly_report,https://www.sse.com.cn/disclosure/fund/announcement/c/new/2025-01-22/508098_20250122_R6NV.pdf,42f23515a38e742a5598dfde1c5711eeb57066b7906c1f1129b1930d472ca693,500000000.0,14975542.67,0.03,0.02995108534,4.891465999999969e-05,within_disclosure_precision
508098,2025-03-31,2025-04-22,quarterly_report,https://www.sse.com.cn/disclosure/fund/announcement/c/new/2025-04-22/508098_20250422_YMX6.pdf,70a3276cb822e3eaaaefc85e1819742e7e0f7721ae08bce0dae9bfe9cae06a9b,500000000.0,17144473.08,0.0343,0.03428894615999999,1.1053840000004034e-05,within_disclosure_precision
508098,2025-06-30,2025-07-21,quarterly_report,https://www.sse.com.cn/disclosure/fund/announcement/c/new/2025-07-21/508098_20250721_WAEP.pdf,085973b171e1be3c138ebc9cf1d60aac57afc46b4a4cd85488f06cc995887e23,500000000.0,20035168.43,0.0401,0.04007033686,2.9663139999996924e-05,within_disclosure_precision
508098,2025-06-30,2025-08-29,semiannual_report,https://www.sse.com.cn/disclosure/fund/announcement/c/new/2025-08-29/508098_20250829_I1C8.pdf,ed71af64de3e0ac8a7a9738bd036846dca3137ca95ddeb435115f3a33eeb9fce,500000000.0,37179641.51,0.0744,0.07435928302,4.071697999999402e-05,within_disclosure_precision
508098,2025-09-30,2025-10-28,quarterly_report,https://www.sse.com.cn/disclosure/fund/announcement/c/new/2025-10-28/508098_20251028_S8I3.pdf,75e7e74faede5242f16e8b3ae593bd5239b95d969b84ef8bf44a9fcbe9493f1a,500000000.0,20020697.3,0.04,0.0400413946,4.1394600000001225e-05,within_disclosure_precision
508098,2025-12-31,2026-01-22,quarterly_report,https://www.sse.com.cn/disclosure/fund/announcement/c/new/2026-01-22/508098_20260122_5RVK.pdf,e6e6e22ee02b1908b14c1b8aeee38355aa36d29cb08135745245f39bccd66de8,500000000.0,14349180.64,0.0287,0.02869836128,1.6387199999988444e-06,within_disclosure_precision
508098,2026-03-31,2026-04-22,quarterly_report,https://www.sse.com.cn/disclosure/fund/announcement/c/new/2026-04-22/508098_20260422_J42F.pdf,ccf0b767264c6c2217d53d6e35bbace4d80a9dc8c997be7cefaaebb178d01b79,500000000.0,18007618.02,0.036,0.03601523604,1.5236040000005113e-05,within_disclosure_precision
508098,2026-06-30,2026-07-21,quarterly_report,https://www.sse.com.cn/disclosure/fund/announcement/c/new/2026-07-21/508098_20260721_2EIN.pdf,8f87b3ed0954867d49ac87d59c9706670d621a10c3f9aa2f7aade33db55d3e83,500000000.0,18184410.25,0.0364,0.0363688205,3.117949999999897e-05,within_disclosure_precision
508099,2022-03-31,2022-04-21,quarterly_report,https://www.sse.com.cn/disclosure/fund/announcement/c/new/2022-04-21/508099_20220421_1_7yJf07ma.pdf,10ef750d200484b424fbb910189057890a78eec7b940ebc624e00b0b7b910589,900000000.0,38646695.09,0.0429,0.04294077232222222,4.0772322222222546e-05,within_disclosure_precision
508099,2022-06-30,2022-07-20,quarterly_report,https://www.sse.com.cn/disclosure/fund/announcement/c/new/2022-07-20/508099_20220720_1_88uk5Yh8.pdf,756dd5ed716acf6d9719f749e25ebf298e640bddb014626a36c578f829c8fb92,900000000.0,39285423.45,0.0437,0.0436504705,4.952949999999928e-05,within_disclosure_precision
508099,2022-06-30,2022-08-30,semiannual_report,https://www.sse.com.cn/disclosure/fund/announcement/c/new/2022-08-30/508099_20220830_1_hprGWNAq.pdf,249ea47928d0f50298a3291151d5fe2db18f7a663918de4c8b3ae6c7de9d614f,900000000.0,77932118.54,0.0866,0.08659124282222223,8.757177777762859e-06,within_disclosure_precision
508099,2022-09-30,2022-10-25,quarterly_report,https://www.sse.com.cn/disclosure/fund/announcement/c/new/2022-10-25/508099_20221025_1_C4SRmU9b.pdf,17b53da8cf729d5072694be5514e349e5c765612247db994e0821a2606a362bc,900000000.0,23501354.19,0.0261,0.02611261576666667,1.2615766666668193e-05,within_disclosure_precision
508099,2022-12-31,2023-01-20,quarterly_report,https://www.sse.com.cn/disclosure/fund/announcement/c/new/2023-01-20/508099_20230120_UPGM.pdf,c360dbc81240236c110bc53b51fdd47e65067d8bbca55d04966aefee829fc9b5,900000000.0,23701474.12,0.0263,0.026334971244444446,3.497124444444555e-05,within_disclosure_precision
508099,2023-03-31,2023-04-21,quarterly_report,https://www.sse.com.cn/disclosure/fund/announcement/c/new/2023-04-21/508099_20230421_JEC2.pdf,b5313f644b0e95e2d63a0fa0bbc86402233deb95492eafba4563fb94674ac31a,900000000.0,23612238.53,0.0262,0.02623582058888889,3.582058888888795e-05,within_disclosure_precision
508099,2023-06-30,2023-07-20,quarterly_report,https://www.sse.com.cn/disclosure/fund/announcement/c/new/2023-07-20/508099_20230720_XDZY.pdf,31533ea42ec57d2a4b1f656a2613f98d6f638ddc2e8122e5f80787a14e7d4beb,900000000.0,21159373.91,0.0235,0.023510415455555555,1.0415455555554815e-05,within_disclosure_precision
508099,2023-06-30,2023-08-30,semiannual_report,https://www.sse.com.cn/disclosure/fund/announcement/c/new/2023-08-30/508099_20230830_TSJ2.pdf,24f95fd65dd3193b1760f5ae66227c88a8845f349ea2d35bf0f9d26ea2ab266f,900000000.0,44771612.44,0.0497,0.04974623604444444,4.6236044444439295e-05,within_disclosure_precision
508099,2023-09-30,2023-10-24,quarterly_report,https://www.sse.com.cn/disclosure/fund/announcement/c/new/2023-10-24/508099_20231024_Q1TT.pdf,b5746cfb311071d20ee242dc7ed5c9d0880d02545404b110a36b2323b4944d04,900000000.0,18550496.79,0.0206,0.0206116631,1.1663099999999899e-05,within_disclosure_precision
508099,2023-12-31,2024-01-22,quarterly_report,https://www.sse.com.cn/disclosure/fund/announcement/c/new/2024-01-22/508099_20240122_5J9L.pdf,0ee95e921b87817f73b6b4df3f5a46858c8c6f8381181f3eb7f704d7a18fcd50,900000000.0,17793874.64,0.0198,0.019770971822222223,2.9028177777778996e-05,within_disclosure_precision
508099,2024-03-31,2024-04-20,quarterly_report,https://www.sse.com.cn/disclosure/fund/announcement/c/new/2024-04-20/508099_20240420_EEUI.pdf,2bb9c96679bb4136e5345429768f09867ed58f1efd1ddfb1e1baf91727d0fc84,900000000.0,10641595.86,0.0118,0.011823995399999999,2.3995399999999015e-05,within_disclosure_precision
508099,2024-06-30,2024-07-19,quarterly_report,https://www.sse.com.cn/disclosure/fund/announcement/c/new/2024-07-19/508099_20240719_8W4O.pdf,f0e5dda6465837407ff24be18abbc6ad1b032d16b538c136775fc2e9e821721e,900000000.0,13479564.99,0.015,0.014977294433333333,2.2705566666666316e-05,within_disclosure_precision
508099,2024-06-30,2024-08-29,semiannual_report,https://www.sse.com.cn/disclosure/fund/announcement/c/new/2024-08-29/508099_20240829_LABX.pdf,929564fb21583859d328ad001a4e527f8dcfa51abd210d508e50f9557c7076f9,900000000.0,23654064.38,0.0263,0.026282293755555554,1.77062444444466e-05,within_disclosure_precision
508099,2024-09-30,2024-10-25,quarterly_report,https://www.sse.com.cn/disclosure/fund/announcement/c/new/2024-10-25/508099_20241025_SXVJ.pdf,6c181c324baee30e7b1cb0ff1025e52622efc80644889b44cff7251e3ebca544,900000000.0,11228474.33,0.0125,0.012476082588888888,2.3917411111112202e-05,within_disclosure_precision
508099,2024-12-31,2025-01-22,quarterly_report,https://www.sse.com.cn/disclosure/fund/announcement/c/new/2025-01-22/508099_20250122_XU3Z.pdf,0d7ccfc2b124abfcf7687077271cf9355a55da985740ceed1608878dcdfbf712,900000000.0,7136531.89,0.0079,0.007929479877777777,2.947987777777647e-05,within_disclosure_precision
508099,2025-03-31,2025-04-22,quarterly_report,https://www.sse.com.cn/disclosure/fund/announcement/c/new/2025-04-22/508099_20250422_MNG2.pdf,6e83195e1ea14e8d6c739a9cdc5d0fed0b02ac103e472d18d3fe2994c5046650,900000000.0,7388457.82,0.0082,0.008209397577777779,9.397577777778277e-06,within_disclosure_precision
508099,2025-06-30,2025-07-21,quarterly_report,https://www.sse.com.cn/disclosure/fund/announcement/c/new/2025-07-21/508099_20250721_KTOK.pdf,2927419f1940c2aa849bc4eca4bc3326d7f4cc7c14c3316661b45c26ba87cb7e,900000000.0,8716573.66,0.0097,0.009685081844444445,1.4918155555555465e-05,within_disclosure_precision
508099,2025-06-30,2025-08-30,semiannual_report,https://www.sse.com.cn/disclosure/fund/announcement/c/new/2025-08-30/508099_20250830_M6BA.pdf,5ef95da8cb4a93cd5cd6b15c72ea821300aad7da3fa550cc480d52dd90a8f15a,900000000.0,16105031.48,0.0179,0.017894479422222224,5.520577777775454e-06,within_disclosure_precision
508099,2025-09-30,2025-10-28,quarterly_report,https://www.sse.com.cn/disclosure/fund/announcement/c/new/2025-10-28/508099_20251028_B99U.pdf,eac9feda1ab9d36967f912cf11923bc6879ad54ad3ce900e1ebd9dc7b12b767c,900000000.0,10371493.65,0.0115,0.011523881833333334,2.3881833333334532e-05,within_disclosure_precision
508099,2025-12-31,2026-01-21,quarterly_report,https://www.sse.com.cn/disclosure/fund/announcement/c/new/2026-01-21/508099_20260121_5JNJ.pdf,ea39d449dd595e8f2376bfc3aac9b1b5cc57f10882c57703ca066dc189686b84,900000000.0,11364727.93,0.0126,0.012627475477777778,2.7475477777778173e-05,within_disclosure_precision
508099,2026-03-31,2026-04-22,quarterly_report,https://www.sse.com.cn/disclosure/fund/announcement/c/new/2026-04-22/508099_20260422_67AT.pdf,07decdb010b3ff235bac730d7b833da004cd2f76eea90a618a1e2f049db357bb,900000000.0,12111171.19,0.0135,0.013456856877777777,4.314312222222262e-05,within_disclosure_precision
508099,2026-06-30,2026-07-21,quarterly_report,https://www.sse.com.cn/disclosure/fund/announcement/c/new/2026-07-21/508099_20260721_R4QU.pdf,065a6d5219ead4b64081a019c963f3299f92c48ff34d8570478175cc47b0c681,900000000.0,9208760.31,0.0102,0.0102319559,3.195590000000005e-05,within_disclosure_precision
