observation_id,dataset,symbol,period_end,publication_date,metric,value,unit,source_url,source_sha256,current_verification_status,review_status,reviewed_by,reviewed_at,review_notes
b2fa9f784c68b66204dd3cd9ed505ffea9f2ddb21846c5c4664335a3a0b4e8ac,full_market_distributions,180101,,2021-11-26,distribution_per_unit,0.0274,RMB_per_unit,https://disc.static.szse.cn/disc/disk02/finalpage/2021-11-26/a275f84e-c50f-4968-a64c-b259ee041bf5.PDF,53413d9bcbb1e0aa7bdb5a3c031ed48d400eeb653e8829d036f9f3f966a56cf6,machine_extracted_official_pdf,pending_independent_review,,,
17c025f9cf57036be8e0db247e279dbdfaacd14f679d001f8c1c2c9b942249b7,full_market_distributions,180101,,2022-04-01,distribution_per_unit,0.0301,RMB_per_unit,https://disc.static.szse.cn/disc/disk03/finalpage/2022-04-01/c75f25ba-0f1d-4c28-bd69-bcd6d3a39a34.PDF,657626352f0a73d976694894ab0fbd738bee6ee7a33fb51deb8a899cdae38180,machine_extracted_official_pdf,pending_independent_review,,,
07ed548b125b86c6d26e02364a4ba0a6d881af3d0ca1b8172bd5847e47335f3c,full_market_distributions,180101,,2022-12-15,distribution_per_unit,0.0566,RMB_per_unit,https://disc.static.szse.cn/disc/disk03/finalpage/2022-12-14/9364b9fe-1684-420e-ac0e-c19c649b80f0.PDF,f9c291d3a86a86003444ae56b7d52c52a4324e21ea6788cd522cf323a4ac51d3,machine_extracted_official_pdf,pending_independent_review,,,
2ad4d23e51d54415f512e48c364d9f24244b91fd7e39a6ee4564de04bed3a841,full_market_distributions,180101,,2023-03-31,distribution_per_unit,0.0396,RMB_per_unit,https://disc.static.szse.cn/disc/disk03/finalpage/2023-03-30/b280998e-de28-4cec-98b7-82355d441362.PDF,8dc9eccc828219a13d8222a4d5cd9618e8a2b55172e1d59fed6d8af8806accd8,machine_extracted_official_pdf,pending_independent_review,,,
99af95896b2417e3ed92e1684adf04ae0187c24637e72de47ed1a250a51e50d5,full_market_distributions,180101,,2023-10-27,distribution_per_unit,0.0479,RMB_per_unit,https://disc.static.szse.cn/disc/disk03/finalpage/2023-10-26/34fb290f-7a16-412d-9d30-a60c0e7ac8f5.PDF,258417fdefbf740151a6a5954b685698fdffb8a28ca45eb149bb2044a2bcfd46,machine_extracted_official_pdf,pending_independent_review,,,
2887f508da723a0874c14684e12774d722f3e845f6ee6c57a08e727d4315d381,full_market_distributions,180101,,2024-04-10,distribution_per_unit,0.0336,RMB_per_unit,https://disc.static.szse.cn/disc/disk03/finalpage/2024-04-09/2d287743-d53e-4573-94b9-a7a3b194de12.PDF,d281d8c2073eb3820dc6360c7d5ae1ee95f6c1363a41cc3e69332985b9254e5d,machine_extracted_official_pdf,pending_independent_review,,,
e11cf0c150455e9ba42676856bf7ffdbb4b8c2c3c3c8eefafd6ea4820887374f,full_market_distributions,180101,,2024-08-20,distribution_per_unit,0.0434,RMB_per_unit,https://disc.static.szse.cn/disc/disk03/finalpage/2024-08-19/d28a7b90-3b38-460b-86b4-fadf86225b6f.PDF,6443424c836505f357455e791e8d777950bf699a81ac3099bba576ab28a16b44,machine_extracted_official_pdf,pending_independent_review,,,
a5d3a871eb44f48b3065362b0a1088974b4bde1e40a3e603813548f458aeb0f2,full_market_distributions,180101,,2026-04-15,distribution_per_unit,0.0231,RMB_per_unit,https://disc.static.szse.cn/disc/disk03/finalpage/2026-04-15/892d9148-1781-4b84-b2ff-7a32fb4efa8c.PDF,e06001c75b6315d5acf94ad2fb0953e63d9f7c6b0a57d061782b98b800636476,machine_extracted_official_pdf,pending_independent_review,,,
cabbca715005e004eab8aff9dd8e7a9b1233486604925d7b55b4e705413e4e0d,full_market_distributions,180102,,2025-08-08,distribution_per_unit,0.02446,RMB_per_unit,https://disc.static.szse.cn/disc/disk03/finalpage/2025-08-07/ad6ec83f-5a2c-4d63-87e9-82f98f78d36f.PDF,326ba8adcc35edfa20e655a0fef48fcb0fad19f81405e2ffb03ffa2a1552c262,machine_extracted_official_pdf,pending_independent_review,,,
886d2d7c56294f663e2782eb5070b2338c95886c75400980f801befdffae31ee,full_market_distributions,180105,,2025-04-10,distribution_per_unit,0.0439,RMB_per_unit,https://disc.static.szse.cn/disc/disk03/finalpage/2025-04-09/ee2bba7c-d2ac-43d1-9c76-4c5412301eb7.PDF,f763978951386c7fe2fe71b716689ea37a298fc976e1a2a572812bc5762df02c,machine_extracted_official_pdf,pending_independent_review,,,
4c012a12ae205f4b8b450bf5f3ac1c17e8e1d8a03c9219e7a67cddbadb15d951,full_market_distributions,180105,,2025-08-29,distribution_per_unit,0.059,RMB_per_unit,https://disc.static.szse.cn/disc/disk03/finalpage/2025-08-29/5d62c25e-4820-4292-b946-7caf4af1471b.PDF,86b80c76b50a4a3d28130c9303f848255deb0b45538c7c5c891b47149dc32fd4,machine_extracted_official_pdf,pending_independent_review,,,
7b420650d6c772dd0c2f4ac6647ca46fee37866910ed57f6f93a9c4a16c4b3ba,full_market_distributions,180105,,2026-04-03,distribution_per_unit,0.0405,RMB_per_unit,https://disc.static.szse.cn/disc/disk03/finalpage/2026-04-03/c31f3e6d-ac85-4a64-a8df-89df505a7342.PDF,a7473d6de8c50a455afdd623b5f710c5a96e28695ed143e7c275b30d2fe04e4f,machine_extracted_official_pdf,pending_independent_review,,,
2283fd494eb19b37186a3bf4466f4d7c2a9a97bb9a0b8b954455eecade9cc08f,full_market_distributions,180106,,2025-07-09,distribution_per_unit,0.11875,RMB_per_unit,https://disc.static.szse.cn/disc/disk03/finalpage/2025-07-08/f9ab006c-bfe3-45bb-a2ed-cc9f4d3796be.PDF,213788630ffae3e2bead2d533acec1f254e9f5f74254e16d9bdff39bbdace639,machine_extracted_official_pdf,pending_independent_review,,,
911a0c0605a18bd384f78d10994bf3dae6812614e6a0037aa6c02828c130bdbe,full_market_distributions,180201,,2021-12-21,distribution_per_unit,0.5271,RMB_per_unit,https://disc.static.szse.cn/disc/disk02/finalpage/2021-12-21/1774464b-543f-47da-81bb-cc807666841d.PDF,3c937a695eac4d01c8be0a6e055ef3a27c9d198107b897436c61b341f3228af0,machine_extracted_official_pdf,pending_independent_review,,,
176fb61011aa308160ece231ee90c32199c50a97c5f36ed0a700872a443aa53a,full_market_distributions,180201,,2022-04-22,distribution_per_unit,0.2105,RMB_per_unit,https://disc.static.szse.cn/disc/disk03/finalpage/2022-04-21/47aa09b9-1eab-4aaa-87c3-6728c563d6e7.PDF,3762958e107dcd5cba50f3928c4dc589865258285abc94c1bab4d9c2be93225e,machine_extracted_official_pdf,pending_independent_review,,,
894def5bc8ea3b5840babebc80f6bb2e81e58629e3112529ea6ab66ba2a45430,full_market_distributions,180201,,2022-09-21,distribution_per_unit,0.33071,RMB_per_unit,https://disc.static.szse.cn/disc/disk03/finalpage/2022-09-20/8160df67-b912-4568-9778-815e34582421.PDF,fec69f933f18dac9fa7455040503de834875d5d3cd3eb00c6933abb3891c279b,machine_extracted_official_pdf,pending_independent_review,,,
7bae5b99dbc94361b68dbc5109a7dd7362336d883ce2339f28d5a18b5c862c4b,full_market_distributions,180201,,2023-04-12,distribution_per_unit,0.374,RMB_per_unit,https://disc.static.szse.cn/disc/disk03/finalpage/2023-04-11/a0074a69-ff1b-4c98-b1ac-847c709b5cce.PDF,084777421d5e6ebcd5855d7866b7e56530be45ddfe2abe339c68e29b2e96685d,machine_extracted_official_pdf,pending_independent_review,,,
72f5e3296442809cf1f972f87268894bc9adfe1adfc82d7719ebcb66e94585fb,full_market_distributions,180201,,2023-08-09,distribution_per_unit,0.36381,RMB_per_unit,https://disc.static.szse.cn/disc/disk03/finalpage/2023-08-08/690497ce-cbb6-46c5-ae3c-da40765ae52c.PDF,a15a07c71c3f4b8832dcf9b1938d46ec17620c89abd5754b6c96f06791557c7e,machine_extracted_official_pdf,pending_independent_review,,,
bf11b90e0dc01550826edaf0a852fdaf3a37821ea4f5936dc3bbea652a08f6c7,full_market_distributions,180201,,2023-12-20,distribution_per_unit,0.2429,RMB_per_unit,https://disc.static.szse.cn/disc/disk03/finalpage/2023-12-19/b4cb4645-a2ae-403f-960a-72f2e147239b.PDF,1dd8afdd4fecc083e4378e8ae6effd1b607c50ea95e94bf47cc18f8bdafc91ee,machine_extracted_official_pdf,pending_independent_review,,,
e1c6e0853c03517217243fce4151de892c6c88e7c139eec152489bc217bcf584,full_market_distributions,180201,,2024-04-22,distribution_per_unit,0.17,RMB_per_unit,https://disc.static.szse.cn/disc/disk03/finalpage/2024-04-19/0da2b2c3-f28a-427e-8562-fb8e50c375ac.PDF,052b35843cbd650341ba41977f3ccf7ae8d205e8fbc75c00556d0584954de391,machine_extracted_official_pdf,pending_independent_review,,,
ad5ce951146b4a3ad0dbaa37dcd737bb3292e31e99c9a43382672c7b611a7407,full_market_distributions,180201,,2024-07-31,distribution_per_unit,0.2158,RMB_per_unit,https://disc.static.szse.cn/disc/disk03/finalpage/2024-07-30/52c39005-5f4d-4599-b783-9efdef1dfdce.PDF,56d840282073a0f7ee957af17c284af809bf845b6d5a8c156678ff98e1dbdb5a,machine_extracted_official_pdf,pending_independent_review,,,
ecc56459886901679ad6859ed228dd5aa8c389e16453c6bab486d6dfe42411ea,full_market_distributions,180201,,2024-12-11,distribution_per_unit,0.38,RMB_per_unit,https://disc.static.szse.cn/disc/disk03/finalpage/2024-12-10/428cc948-0335-48b4-97c2-cf8e912126b0.PDF,06490b09a81b49459ce54773b6c7e05bdaa006c862daa08d2ae1d52331e5e014,machine_extracted_official_pdf,pending_independent_review,,,
15e46b77b42aa2dbd5489c136ad700949efce233f26956020a1ff41599fc04e7,full_market_distributions,180201,,2025-03-29,distribution_per_unit,0.1558,RMB_per_unit,https://disc.static.szse.cn/disc/disk03/finalpage/2025-03-28/4c421aed-f8cc-4804-853b-992526541c19.PDF,96f49aa0d8b9e6a3f8a5aa66c33f206079aae3b5cc1ccf81d52f00c4f413ad20,machine_extracted_official_pdf,pending_independent_review,,,
7302f4199e469807c22613e2872bc31ef18191513375122fdf48cc3bd1139e03,full_market_distributions,180201,,2025-08-29,distribution_per_unit,0.35,RMB_per_unit,https://disc.static.szse.cn/disc/disk03/finalpage/2025-08-29/27b34ddf-bbe5-48da-bc2e-55fe891eda5c.PDF,2e3fb9daf33898521d217b84064cd3190f05631c5d2542af6fcf9641899260a5,machine_extracted_official_pdf,pending_independent_review,,,
b911cf741d7b56a767ac27d660786dcbe0a9fec5fc18d48935c65dc2adda6b43,full_market_distributions,180201,,2025-12-19,distribution_per_unit,0.22,RMB_per_unit,https://disc.static.szse.cn/disc/disk03/finalpage/2025-12-19/943c1631-8c23-4934-92c8-22d690d8a01a.PDF,22010a28f7afdc43227132b0ee03d9bb4cc2bf8073659c043df6e4d3c27c10bb,machine_extracted_official_pdf,pending_independent_review,,,
f888d136af249e515d53615d8c39eb38a26d2f3bed3c73fbd575a0d99af16c89,full_market_distributions,180201,,2026-04-10,distribution_per_unit,0.16,RMB_per_unit,https://disc.static.szse.cn/disc/disk03/finalpage/2026-04-10/513bd77d-ffcd-4214-9056-a7e8dcd91699.PDF,700027bd8574a303eaf1c2bac655e0193e2ba37483beaeb3a4f848c3cd8e2a9d,machine_extracted_official_pdf,pending_independent_review,,,
6dadfa4bd6b6fef97ed0986ce5919044ecf60e2df005d1052b0bd691b1e03bb5,full_market_distributions,180201,,2026-08-28,distribution_per_unit,0.353,RMB_per_unit,https://disc.static.szse.cn/disc/disk03/finalpage/2026-08-28/976f5cee-0945-44be-9af0-54b8686ae8af.PDF,09ec9a5db30e30f5c651d4435e3fe766a4785f04e0aff8205add79b916de09ba,machine_extracted_official_pdf,pending_independent_review,,,
c54058ce27eda5e489cb63ed8d1cd8c4079d95efa39de6b9b8416ad275d8385b,full_market_distributions,180202,,2024-04-09,distribution_per_unit,0.13077,RMB_per_unit,https://disc.static.szse.cn/disc/disk03/finalpage/2024-04-08/0e43dab4-eff7-4f3a-bdbf-c242cc9dabe9.PDF,89b9356f6610b27f91fea6db2df80a7f3681d1af0250c7d77560e8129018a84c,machine_extracted_official_pdf,pending_independent_review,,,
a570d1bbba0df0dc2b4fee1602c2c677a4bf7ab40eeb6566f4382983979be269,full_market_distributions,180203,,2024-12-26,distribution_per_unit,0.41418,RMB_per_unit,https://disc.static.szse.cn/disc/disk03/finalpage/2024-12-25/ab041434-5163-440c-b809-383b1c75a0aa.PDF,aa9ac7ab682f79c87b9411b3cfa1f35082e84f14b86f63917f48cbf34484fbfb,machine_extracted_official_pdf,pending_independent_review,,,
0c915f5c3740aa4c677ada404951738cfc8c38c26cf3ad42ce309786948fed08,full_market_distributions,180203,,2025-05-22,distribution_per_unit,0.21554,RMB_per_unit,https://disc.static.szse.cn/disc/disk03/finalpage/2025-05-21/3da0848e-b551-46a7-b406-23a8cb2d2c79.PDF,50522c43d2ae35f5d7aad73288f4c47f3976c9a1a753f2f4728aaaf8d41708f2,machine_extracted_official_pdf,pending_independent_review,,,
6a6d897e8b4da64d128115b897393409df07f714e7f4556f3a7a0e0edc3fbe90,full_market_distributions,180203,,2025-11-20,distribution_per_unit,0.294,RMB_per_unit,https://disc.static.szse.cn/disc/disk03/finalpage/2025-11-20/316c06b2-1a19-4a0a-94c3-07001b3baaa4.PDF,731e50541b57b502692bd482ee03cf0bdfdfcd3cb06454ed0fd8ac505932296a,machine_extracted_official_pdf,pending_independent_review,,,
56f020496cf6df60382bbec902b4637f55ee993e9a6c4cfc9a2493f848a5edbd,full_market_distributions,180203,,2026-05-12,distribution_per_unit,0.32074,RMB_per_unit,https://disc.static.szse.cn/disc/disk03/finalpage/2026-05-12/c8d1764c-eb70-4494-b155-93bf023ce78d.PDF,a3f1a6faa8ab0e18fa9eedd1bc48e0190862824a639af967785eed0fb31a7f59,machine_extracted_official_pdf,pending_independent_review,,,
a12279c5660d65a764da260b33ab4fdc0134f0d9c4837ff417759d49ae93faa3,full_market_distributions,180203,,2026-08-07,distribution_per_unit,0.1965,RMB_per_unit,https://disc.static.szse.cn/disc/disk03/finalpage/2026-08-07/a03430cd-983f-42b2-9a79-c254b0b9199b.PDF,4303804e9ff69c7b63968fb5653fe518eff1f556fee636baf666f95aba083f01,machine_extracted_official_pdf,pending_independent_review,,,
3d21775a0728f77eb61add4b2c4add5aaa477ae965b3db92ee3e946cbe32b345,full_market_distributions,180301,,2023-04-21,distribution_per_unit,0.10625,RMB_per_unit,https://disc.static.szse.cn/disc/disk03/finalpage/2023-04-21/610c4861-afaa-46b3-bdf2-a748e2bbfff6.PDF,1d149df8b88e7c7c985ce9dbf8fb0e992c5f3b222a9f46264f9abf746023d983,machine_extracted_official_pdf,pending_independent_review,,,
d048ce6bf2d771757c042bcaaf8003e478b1e392f9cf4cee1fb109e4fdae7bbc,full_market_distributions,180301,,2023-09-19,distribution_per_unit,0.04853,RMB_per_unit,https://disc.static.szse.cn/disc/disk03/finalpage/2023-09-19/46992379-7fe4-471e-885e-66f38c493769.PDF,c0a296415dff515b38ac60949e8c42d36149322acc3c44ea3699321759895fa6,machine_extracted_official_pdf,pending_independent_review,,,
89f8e58161073b0108332869b12eedbffe07c4ac6f8e778d48bcf5af3304a269,full_market_distributions,180301,,2024-03-30,distribution_per_unit,0.0533699999999999,RMB_per_unit,https://disc.static.szse.cn/disc/disk03/finalpage/2024-03-30/a9e6a863-5214-41aa-9e35-5c0708dff784.PDF,3107ea10b2a54ee3e0b77894273e153d9b89f0cf6ae161928ae8872c96c4bf6c,machine_extracted_official_pdf,pending_independent_review,,,
529d16bcf1f498d3d35ed50b90764b1d14ef20ae6b352e8cde5eb4b0abfdce98,full_market_distributions,180301,,2024-08-07,distribution_per_unit,0.05017,RMB_per_unit,https://disc.static.szse.cn/disc/disk03/finalpage/2024-08-07/0c53abc6-0d63-4791-b441-48255bc6e72d.PDF,c302ceacb9fa4fe2cfa8201af88a047eef550bc7e904bb303e6ba2ae1fb2fbdd,machine_extracted_official_pdf,pending_independent_review,,,
ee957355ef8895689c2fcc59e9af8135710521d959812c4e168893e937c837d4,full_market_distributions,180301,,2024-11-04,distribution_per_unit,0.02544,RMB_per_unit,https://disc.static.szse.cn/disc/disk03/finalpage/2024-11-04/ba0148a0-ea94-4934-a810-b326dbfd0cb8.PDF,7f29b4993fbd7968d733f65fb07fad48a89c56370c47dde2a8bea6c0e1f1a596,machine_extracted_official_pdf,pending_independent_review,,,
84acf2aef8de9564880e1d8f2c59d2bf607bd95eb683df42af2c7b4ad34bbe8b,full_market_distributions,180301,,2025-03-28,distribution_per_unit,0.02361,RMB_per_unit,https://disc.static.szse.cn/disc/disk03/finalpage/2025-03-28/6a290137-5615-4734-8d78-86c12ef0c1ce.PDF,b2df938754408376f4f17aab677d374f76b282a0d21190a6058804ed0443cdaf,machine_extracted_official_pdf,pending_independent_review,,,
de5e3ed6c26e94d72e26ec195a15f78a2891e96344ba615028390c14b0f639ec,full_market_distributions,180301,,2025-08-29,distribution_per_unit,0.05012,RMB_per_unit,https://disc.static.szse.cn/disc/disk03/finalpage/2025-08-29/25ab9279-d564-4975-95f5-3fe3c6f2eea2.PDF,2684a1c75f348018261f6c98c418dadea0bec851baaa4b370dbf0db14bbfa547,machine_extracted_official_pdf,pending_independent_review,,,
bfd43bb5a74f99fdbb634b6ca7dd4fb00e7d839eba87dec73acd2d09586d53aa,full_market_distributions,180301,,2025-11-10,distribution_per_unit,0.02477,RMB_per_unit,https://disc.static.szse.cn/disc/disk03/finalpage/2025-11-10/25c21dfa-29b8-481b-93a3-888844e63f33.PDF,313e9ab026525f63799bc74d893db08588c087dc75eed552018d51089d6417ef,machine_extracted_official_pdf,pending_independent_review,,,
3163f8304aaaa38b43f8a7260fbf0738fd0c0a1d7c52900cc9fcda98b69724ac,full_market_distributions,180301,,2026-04-08,distribution_per_unit,0.0221899999999999,RMB_per_unit,https://disc.static.szse.cn/disc/disk03/finalpage/2026-04-08/0f723a38-0ee4-4105-9b7b-c4113741cbbd.PDF,f2de0f3d59e6281d6308100999a163029e2e368ba2c2c0d692d15ab93f0c43ce,machine_extracted_official_pdf,pending_independent_review,,,
a11b816db47c89fb3a89b5df5779044a66c56e3204efbc19683882c8c4b99173,full_market_distributions,180302,,2024-11-07,distribution_per_unit,0.03293,RMB_per_unit,https://disc.static.szse.cn/disc/disk03/finalpage/2024-11-06/9bc95885-14f2-4391-bd52-1177237d8fe7.PDF,2c96c18613dd147a5eaf4b9cf553100f08a83b9d16b261793aedcd259b1c88a0,machine_extracted_official_pdf,pending_independent_review,,,
b1ff021970384e9b3bb4b38d0b06d6fd44f95484554e14d56d240ca85fbdd841,full_market_distributions,180303,,2025-08-27,distribution_per_unit,0.08939,RMB_per_unit,https://disc.static.szse.cn/disc/disk03/finalpage/2025-08-27/8c206697-4b9f-4458-8523-afd0efa188db.PDF,d6a3b3b3314adf4c6dbb7c2b3903c276cc08cd9500289a50ead42dbb55eed6f1,machine_extracted_official_pdf,pending_independent_review,,,
792c15fa16a1239c9667b328ee820526d2f802e4a187c39ea2773e37bd546896,full_market_distributions,180303,,2025-12-17,distribution_per_unit,0.04063,RMB_per_unit,https://disc.static.szse.cn/disc/disk03/finalpage/2025-12-17/59cd2e14-9af0-497d-bbbe-76543b17f4d6.PDF,a886550c0ed8f41af250a7c67f6dcc7b42c84c71f3fd0aa6656b0360c8f27bcd,machine_extracted_official_pdf,pending_independent_review,,,
e0c5822fa06faf0a1ae2731b472fc7f991ed68004669e107042a0f43ef601c19,full_market_distributions,180303,,2026-04-21,distribution_per_unit,0.05329,RMB_per_unit,https://disc.static.szse.cn/disc/disk03/finalpage/2026-04-21/80f779cb-9f89-499d-8e61-3311984267a5.PDF,243538373c02b433ab79eb31e0fee21ba24b5cd46d6ea57e86ccf4edc87ac749,machine_extracted_official_pdf,pending_independent_review,,,
a498881bdccecc9479776888589949307318a12e6c7d859d88f66ef0513d0b5d,full_market_distributions,180303,,2026-08-20,distribution_per_unit,0.0994,RMB_per_unit,https://disc.static.szse.cn/disc/disk03/finalpage/2026-08-20/1f5d676e-92c6-4d63-ab06-437fcabe38c8.PDF,323b6a596294b915a3c6f84ce827048a55ad8d52290fdff16dbd00f9e7d1209f,machine_extracted_official_pdf,pending_independent_review,,,
8636fd57150c8ad1392d62a5b910c19a01098894126f5143e21409ba646074fc,full_market_distributions,180401,,2023-05-15,distribution_per_unit,0.727,RMB_per_unit,https://disc.static.szse.cn/disc/disk03/finalpage/2023-05-12/c205cd28-649c-4263-8af8-2440e02cc2e1.PDF,b532ddfe7463c9db6e49f664d5c27255cfe797841221494a9cac0c20e9f0157f,machine_extracted_official_pdf,pending_independent_review,,,
77236bdb46a259b4ae0e9c53e56c519337203542313b0252414572dfb04ad066,full_market_distributions,180401,,2023-12-07,distribution_per_unit,0.34,RMB_per_unit,https://disc.static.szse.cn/disc/disk03/finalpage/2023-12-06/15c60f49-33d8-4502-89c1-e0244a7f9d2c.PDF,24d7c4a6c90936c1414d0ac48a8257f65107b29998e835d4701b976f82112805,machine_extracted_official_pdf,pending_independent_review,,,
b6653a848d2ed573108624322ce464d408e8f0fe298e125add75563425977bf6,full_market_distributions,180401,,2024-04-23,distribution_per_unit,0.36,RMB_per_unit,https://disc.static.szse.cn/disc/disk03/finalpage/2024-04-22/853371eb-9cd9-449e-8119-7c70b9af4392.PDF,2c9a6b14bedf6a802914ed6e135ebe20d4bd2351f522650ca0078cd3dcbbe64e,machine_extracted_official_pdf,pending_independent_review,,,
37adc14765fd8de559ad31f4801275f25aa18a033acc2c87d1f42a19da9e994e,full_market_distributions,180401,,2024-07-26,distribution_per_unit,0.2,RMB_per_unit,https://disc.static.szse.cn/disc/disk03/finalpage/2024-07-25/ff672933-b79a-4253-a60c-b05941d17208.PDF,4b4faa28a527ff92b18ae67c5a30b5aab175b1eb35d619c8d2a3f4a04bb56f99,machine_extracted_official_pdf,pending_independent_review,,,
f682bd0a32ffb83381aa7185c540d6111925bdc12758ba88ca7dcf74fe0b5916,full_market_distributions,180401,,2024-11-11,distribution_per_unit,0.235,RMB_per_unit,https://disc.static.szse.cn/disc/disk03/finalpage/2024-11-08/e9f3291f-c187-4810-8457-52834cf451c7.PDF,ae645ecb554e6de6daa719c805d667f14296eaed972f2da245aa7b076f8fb7ce,machine_extracted_official_pdf,pending_independent_review,,,
e5357f07f4e43c5f2f8eb898d90ef574ce3a931c046819ecccc212b72a92fb57,full_market_distributions,180401,,2025-05-12,distribution_per_unit,0.1576,RMB_per_unit,https://disc.static.szse.cn/disc/disk03/finalpage/2025-05-09/543bf6c7-1a9e-44d3-837a-9b696436ed0a.PDF,ddf133f7aa0215d1c68802f7c9d3c3c57bb17a591d7f202d895c142edbdfcc63,machine_extracted_official_pdf,pending_independent_review,,,
3fc70f4b85fe224b2b316815a9f0ecaf36fdd3b8bf4c996a6ce8a43cd3f5a837,full_market_distributions,180401,,2025-08-28,distribution_per_unit,0.155,RMB_per_unit,https://disc.static.szse.cn/disc/disk03/finalpage/2025-08-28/cba83903-ad74-4dce-bd76-0ced89e2bd75.PDF,e0749e470fc4157e6dcc516c81bde2cfd160261e92d016f3446a530153b1adc2,machine_extracted_official_pdf,pending_independent_review,,,
3a7fa78fc449dcebe837588ab5cefa51eceae27c8f897bcbb84934a3da32d517,full_market_distributions,180401,,2025-12-05,distribution_per_unit,0.119,RMB_per_unit,https://disc.static.szse.cn/disc/disk03/finalpage/2025-12-05/71f20e8e-8caa-4805-90b8-94ad1bad3fa7.PDF,ff2041c4777be696d549abaabad3a147d6bbb16cf00dec3ea554b3f80b49f131,machine_extracted_official_pdf,pending_independent_review,,,
147ec9da507a9ff4887c713b08d3263cce8ba1304ec54f91615cfe9d0776ab4b,full_market_distributions,180401,,2026-04-28,distribution_per_unit,0.1243,RMB_per_unit,https://disc.static.szse.cn/disc/disk03/finalpage/2026-04-28/608d76a0-efc3-460f-b7ed-eecb3dce70eb.PDF,f81028e229f35405215829ef85746557396aedd719855fbbb753ae47129d9cae,machine_extracted_official_pdf,pending_independent_review,,,
4284a012c11a66756512f6db2e48a36bfe9c5e18f35da2ee18d893ad2ee689c0,full_market_distributions,180402,,2025-08-06,distribution_per_unit,0.6,RMB_per_unit,https://disc.static.szse.cn/disc/disk03/finalpage/2025-08-06/70164639-1245-4d15-9044-714ba0bdf682.PDF,51c12b4d7723bbee849c3e2d17fe4970d7e6308ca8d2abedf52afd6c6d48c3e1,machine_extracted_official_pdf,pending_independent_review,,,
a03c9a82bc18356e3feb7cc2734e0c99cf49aa6b86d2f4794eb9ab4b595c8bcb,full_market_distributions,180402,,2026-06-09,distribution_per_unit,0.435,RMB_per_unit,https://disc.static.szse.cn/disc/disk03/finalpage/2026-06-09/4c7b8af4-c4c0-4caa-a56d-ba7c0ff3a1f3.PDF,07383f0a2c30593faa77df4e81c40861fe7a439d4326c5df0ec85680d25a2505,machine_extracted_official_pdf,pending_independent_review,,,
f38bfd6d33f8e93c26611e4e448e938f21b39f1e0363699b1bfc41a58949b3e8,full_market_distributions,180501,,2023-04-21,distribution_per_unit,0.038,RMB_per_unit,https://disc.static.szse.cn/disc/disk03/finalpage/2023-04-20/16961ced-d811-4e4b-b589-c49e9b67853b.PDF,afbae8832c3c57d9a13348f6eec84688cec1bf6845919b2e148d07def3f7fe39,machine_extracted_official_pdf,pending_independent_review,,,
3022d8d1a7e475088ba4bef8a373096d0955a310c3ea33b08b1aab6bdc6a5999,full_market_distributions,180501,,2023-09-19,distribution_per_unit,0.0539,RMB_per_unit,https://disc.static.szse.cn/disc/disk03/finalpage/2023-09-18/534f81fb-b02c-4ee8-be27-8e688cf068c6.PDF,49a853bb2352f971dfc710fe051f2b6f6b38df745d985e7a8f2acc4d4e75f1d6,machine_extracted_official_pdf,pending_independent_review,,,
84e21ec39aaaa44f508e36051ddafa0f5b60d053ffc6ed9ea303e8d0175d9a85,full_market_distributions,180501,,2024-03-30,distribution_per_unit,0.04828,RMB_per_unit,https://disc.static.szse.cn/disc/disk03/finalpage/2024-03-29/58418ed3-dea9-4be7-bb0f-c9189edc3872.PDF,64e6eb81f0b368fbdb5c7bd131a28c41a723700660640e974480716037ee64f4,machine_extracted_official_pdf,pending_independent_review,,,
9289744750fa8c05154ea93443407e29830b51507bdbe898c2aacf6dcc6826ed,full_market_distributions,180501,,2024-08-07,distribution_per_unit,0.05088,RMB_per_unit,https://disc.static.szse.cn/disc/disk03/finalpage/2024-08-06/74bbfa8b-d1a1-4ddb-ad4f-d244dd861ae6.PDF,49f566670cbca2f7a6192ca1d0d40cf454089b393632c3240f35c6641e35713a,machine_extracted_official_pdf,pending_independent_review,,,
75e8ab534f32efb8989217323e347bb00a0da3acd2679000e25aef3b8173406e,full_market_distributions,180501,,2024-11-04,distribution_per_unit,0.02382,RMB_per_unit,https://disc.static.szse.cn/disc/disk03/finalpage/2024-11-01/107fd03c-db03-4c78-b557-f53e63cc67c7.PDF,7c240a614cbd6543b61a146e46ba6208b7613c24e74feadf13a7731e486c8c1d,machine_extracted_official_pdf,pending_independent_review,,,
60e2feb773c07fec90b13156779b45a7a3910aa10f6e647113296ab4fb51b923,full_market_distributions,180501,,2025-03-28,distribution_per_unit,0.0240799999999999,RMB_per_unit,https://disc.static.szse.cn/disc/disk03/finalpage/2025-03-27/bffc35fe-5d73-47fb-87d2-4f01d2a034bd.PDF,02baad2ac0659aa6b54d22714de0137d44b9d57eb4899840564c3124790f74f0,machine_extracted_official_pdf,pending_independent_review,,,
58b6e9588d59fb2b54e1ec7479197855f707502dadc172115a69573771bf0215,full_market_distributions,180501,,2025-08-29,distribution_per_unit,0.04706,RMB_per_unit,https://disc.static.szse.cn/disc/disk03/finalpage/2025-08-29/0428edf0-442c-4e98-92d7-75faa53e069c.PDF,8ae4f3efb868b1a6af062b50b6c57495ba48c9d47df61a174f3c46dc2789f704,machine_extracted_official_pdf,pending_independent_review,,,
e69809231c945a25a8a68fb3d1bc0feb5232955a4e39d8e40f4509490cac55b0,full_market_distributions,180501,,2025-11-11,distribution_per_unit,0.02425,RMB_per_unit,https://disc.static.szse.cn/disc/disk03/finalpage/2025-11-11/94fb7775-aea7-4673-907d-d9ac5336e910.PDF,e47fba4f903a1f8e1bf80cce51d2c6aa343ed89f6ae7e87cab4fa9432a83ab38,machine_extracted_official_pdf,pending_independent_review,,,
37ab6609f832a3178f34052e972f552e2cb58a366bdf7a0a2850f86362902c69,full_market_distributions,180501,,2026-04-08,distribution_per_unit,0.02402,RMB_per_unit,https://disc.static.szse.cn/disc/disk03/finalpage/2026-04-08/34e916d6-0bae-4da5-b640-f9dafb618aae.PDF,3e349ae98fb9f19f8e3d741170062f5a6bd16f0fc0c10b83573659643c0436cc,machine_extracted_official_pdf,pending_independent_review,,,
87f31f88a1dda74c172a94dd7921fe40597be3cec1bf1323deba666da9793bf0,full_market_distributions,180501,,2026-05-20,distribution_per_unit,0.02359,RMB_per_unit,https://disc.static.szse.cn/disc/disk03/finalpage/2026-05-20/bf8c7d0e-906b-44f0-8fd8-75a12a1cafb4.PDF,2ea640824022d28a3d33f8c45494af95f1d7062c2e4734d691d66b627c6a9ca7,machine_extracted_official_pdf,pending_independent_review,,,
a891f5d04b9e48f7ed596f953dfcb65aecd2cca811ce95c59f160038ccaa518d,full_market_distributions,180502,,2025-04-02,distribution_per_unit,0.03426,RMB_per_unit,https://disc.static.szse.cn/disc/disk03/finalpage/2025-04-01/de3127a9-ed7a-473c-94a4-88fab223d29e.PDF,d3a36c1595cbd35265a874bd148fc0cd65c5872396ead9c0eba3a5f604246f17,machine_extracted_official_pdf,pending_independent_review,,,
7aa0af847caaaa357749ba594654f2a5c911ebb6240b0437a56fdc74a6ce07c4,full_market_distributions,180502,,2025-08-13,distribution_per_unit,0.0525,RMB_per_unit,https://disc.static.szse.cn/disc/disk03/finalpage/2025-08-12/eabe2941-7198-4547-bac3-ead940845d7d.PDF,0cb4eef21a8d24bf8134f0ffbbe08625cb93e4afdfe91bcdd87845f3bae72cc1,machine_extracted_official_pdf,pending_independent_review,,,
55703be5719ed9c0e11e3d2d0470a2377556942c6973cce751231da9fccb6e66,full_market_distributions,180502,,2026-05-12,distribution_per_unit,0.0571,RMB_per_unit,https://disc.static.szse.cn/disc/disk03/finalpage/2026-05-12/a486cbbc-41ea-49fd-a59c-aa845be1b169.PDF,8b3c9be5b09036c42394ad1b94b2c293de22e0cb1a00f16568fb090745ec5edb,machine_extracted_official_pdf,pending_independent_review,,,
6421b7c247b88de9907d0d18905db7f94d291b36eabe695e1437028d6aea9c8a,full_market_distributions,180502,,2026-08-07,distribution_per_unit,0.03156,RMB_per_unit,https://disc.static.szse.cn/disc/disk03/finalpage/2026-08-07/40236ff9-6699-4ef7-bf86-089322cf7e8a.PDF,b790cc75422077c0c11358551b06059b24ea98e15ce44a68fb5c8f8d2ac90757,machine_extracted_official_pdf,pending_independent_review,,,
032b08da59582e9efe39ad9111508222d1302d56ca6a3e2da63ffb83fa6a7ab9,full_market_distributions,180602,,2024-09-06,distribution_per_unit,0.036,RMB_per_unit,https://disc.static.szse.cn/disc/disk03/finalpage/2024-09-05/4c27b405-025c-4ee0-a8e9-2e6b80c0c550.PDF,9a0b1a00a4a8d857b4b073cb40580b331542f6735db4ca6cc2819833d7578fa6,machine_extracted_official_pdf,pending_independent_review,,,
a2c30ca64af7cfee8b1f2e0f508650eaa49e7e206a214aa05167d01ecf81d69a,full_market_distributions,180602,,2024-12-06,distribution_per_unit,0.0428,RMB_per_unit,https://disc.static.szse.cn/disc/disk03/finalpage/2024-12-05/a44feb7b-e6c7-42db-87bf-2ede8b0604ef.PDF,cb2624adb0bf341505496ee8715500f62952c52f392942b37d53d3f462b9b4c3,machine_extracted_official_pdf,pending_independent_review,,,
363dbcd30382f5f83d1fbb5aec148092054782e56d8c63ce0255cae03f3ca385,full_market_distributions,180602,,2025-03-28,distribution_per_unit,0.0456,RMB_per_unit,https://disc.static.szse.cn/disc/disk03/finalpage/2025-03-28/222e3622-e540-4daa-87ef-a91e955b771a.PDF,5875bfb849e2ee3cd21b43f1484bc3e962fd2e63faec47ea1a7d0b222ebd8bd2,machine_extracted_official_pdf,pending_independent_review,,,
2569a509e199c31d562df78bb3f971340941f5a094f1d80c574268c0ba8f6f8a,full_market_distributions,180602,,2025-04-30,distribution_per_unit,0.04,RMB_per_unit,https://disc.static.szse.cn/disc/disk03/finalpage/2025-04-29/81c6e549-ab61-451f-99fd-295e0b660ae9.PDF,3c54ccc25a0e47ab039f2eca12d3af4d2a90ef50bb767d60593332c7030a46bc,machine_extracted_official_pdf,pending_independent_review,,,
cc53812d4c75c063e86a575ac133ecdba3b08d5116b06944c94df3ee72ad1513,full_market_distributions,180602,,2025-08-14,distribution_per_unit,0.045,RMB_per_unit,https://disc.static.szse.cn/disc/disk03/finalpage/2025-08-14/16c94f01-5e57-4fdb-9fcc-c04a729a2095.PDF,3b6ff2e854ed21e17e58635373944f67fbcdd07d8bfc16b223855fd6f3a6b189,machine_extracted_official_pdf,pending_independent_review,,,
5278fdf55e5dbc448bdda6209ff607b0dc5a73ecfed6f1b854f0fcc9e841028c,full_market_distributions,180602,,2025-12-18,distribution_per_unit,0.045,RMB_per_unit,https://disc.static.szse.cn/disc/disk03/finalpage/2025-12-18/f0a8be7e-c37d-4bef-b082-b6529610b9e1.PDF,d15a1ebc2d7db3495d6098e91b47ff7769cf183d3325cf8400290a1df678140f,machine_extracted_official_pdf,pending_independent_review,,,
147d14f4f0a26c7b051ab86de68498743809d1d8b240d9a28643e6134fcedb47,full_market_distributions,180602,,2026-04-02,distribution_per_unit,0.04389,RMB_per_unit,https://disc.static.szse.cn/disc/disk03/finalpage/2026-04-02/52a15ce0-2344-4949-9715-c191fdd975a1.PDF,f537feb53f426468b5f5773f6fdccaf911741de3f32461794c219ea2e92dfa0b,machine_extracted_official_pdf,pending_independent_review,,,
4653ad3750d361fda7b237057e6f1a6de213eb0e373c3fa0a385047b38ebc235,full_market_distributions,180602,,2026-06-30,distribution_per_unit,0.0419999999999999,RMB_per_unit,https://disc.static.szse.cn/disc/disk03/finalpage/2026-06-30/7b0db435-6b5c-467e-ab6e-8454e532ab16.PDF,79c17ea0faad90d51c0a4fccdeb6ed259a326a835e724854a5b5a3747c31507d,machine_extracted_official_pdf,pending_independent_review,,,
4357d67cd2dea580fd52c516e3bc8cdc249882e371638d96798b18b181367e30,full_market_distributions,180603,,2025-01-08,distribution_per_unit,0.04363,RMB_per_unit,https://disc.static.szse.cn/disc/disk03/finalpage/2025-01-07/ae102993-b01d-4c1a-aa33-4e01ed746205.PDF,ddd87ea6b7311569cf98b4de8fc22050b8517712556ef383e7bfe0670fdb60ca,machine_extracted_official_pdf,pending_independent_review,,,
f9b02afac1fd6d9f045b8ecc653654567d479d290eb72672d82ce2cbcc3a6fd4,full_market_distributions,508000,,2022-04-08,distribution_per_unit,0.08,RMB_per_unit,https://www.sse.com.cn/disclosure/fund/announcement/c/new/2022-04-08/508000_20220408_1_5pl6Jesi.pdf,f0a20d1b7c03c9861aeb9f0fe896490e3525630c259acfd36ff24d75096ef576,machine_extracted_official_pdf,pending_independent_review,,,
eccdb348f115233d31ecc79301a6b31ab4e28ecea9bfa4d26b4df745dbb8be9c,full_market_distributions,508000,,2022-09-22,distribution_per_unit,0.06,RMB_per_unit,https://www.sse.com.cn/disclosure/fund/announcement/c/new/2022-09-22/508000_20220922_1_eH2h2pGo.pdf,d6119b917526c36ae4f058111375c446dc8142d63421d11cb668711c22626fe4,machine_extracted_official_pdf,pending_independent_review,,,
02bc54d32a14e12b53d11b8aafd5af96a1e02998eb1cef459d60fffabcad0a07,full_market_distributions,508000,,2023-04-10,distribution_per_unit,0.061,RMB_per_unit,https://www.sse.com.cn/disclosure/fund/announcement/c/new/2023-04-10/508000_20230410_QX8Y.pdf,c6e39d40adf76866b082b0345ec4e709b29d437461e26a36f429d52bb0f40e71,machine_extracted_official_pdf,pending_independent_review,,,
9db051cb7347693b94f684b82e63eb815884777bb1797399bf9f4de713d5923b,full_market_distributions,508000,,2023-05-08,distribution_per_unit,0.0289999999999999,RMB_per_unit,https://www.sse.com.cn/disclosure/fund/announcement/c/new/2023-05-08/508000_20230508_1ET6.pdf,7cbba8cdac9205c681eac0b96af1d5327f942270bbb3c1f85bb53fd3c95bd5ea,machine_extracted_official_pdf,pending_independent_review,,,
18dfae45a38a5dc545b1a7e3156e4c081c0dee0d5625909235eecd86ea7a0185,full_market_distributions,508000,,2024-04-16,distribution_per_unit,0.07862,RMB_per_unit,https://www.sse.com.cn/disclosure/fund/announcement/c/new/2024-04-16/508000_20240416_G2TQ.pdf,fb6ac8f7ef42b7065e840e656277bcbbb798998a3da810bb988603c6d23dee2a,machine_extracted_official_pdf,pending_independent_review,,,
6c1f3234d311110a312c372fdb0495e7daa03339afaa454eb14367c34e6edc57,full_market_distributions,508000,,2024-12-17,distribution_per_unit,0.06248,RMB_per_unit,https://www.sse.com.cn/disclosure/fund/announcement/c/new/2024-12-17/508000_20241217_QH28.pdf,88ccc5c1f393cfa74a6a7d51ec345cee113cd175a669ff3e29e3a6dd37924771,machine_extracted_official_pdf,pending_independent_review,,,
1adb140d0b1074747835650e7ce87100cff658d5c21d2098517402770689c603,full_market_distributions,508000,,2025-04-15,distribution_per_unit,0.06248,RMB_per_unit,https://www.sse.com.cn/disclosure/fund/announcement/c/new/2025-04-15/508000_20250415_ATW2.pdf,ea634b1c06452af0a4b38a9c4d2904ff126700c40377099e86d00e9084b219b8,machine_extracted_official_pdf,pending_independent_review,,,
07070a3c5413e99f73bc4199be4a46a9b563c9afceeba2be224ec5e80e12cde3,full_market_distributions,508000,,2025-09-16,distribution_per_unit,0.06248,RMB_per_unit,https://www.sse.com.cn/disclosure/fund/announcement/c/new/2025-09-16/508000_20250916_DJS4.pdf,322beca168d113fdbefc7e5a2be1b328cbfb215a1c6c3457228589d02eb92782,machine_extracted_official_pdf,pending_independent_review,,,
cdc5e2a29d1941402a5badac2ff93be353535e629fb8b4b480265cc4a3bd6e04,full_market_distributions,508000,,2026-04-14,distribution_per_unit,0.05486,RMB_per_unit,https://www.sse.com.cn/disclosure/fund/announcement/c/new/2026-04-14/508000_20260414_41KN.pdf,7d4055026d307f1ea7555e94141ae88bba13f40d066a83674e2e925def8f5968,machine_extracted_official_pdf,pending_independent_review,,,
f18f26c8b95e57bc2c02c05068e74534a4142393c8e8e9ca4f28dba2d1942226,full_market_distributions,508001,,2021-12-28,distribution_per_unit,0.3376,RMB_per_unit,https://www.sse.com.cn/disclosure/fund/announcement/c/new/2021-12-28/508001_20211228_1_k7cZs3pt.pdf,a52e9701ff8cdb33a66c4b5e018a52e6d0a8b2771d5baf7749fcd8c28f499369,machine_extracted_official_pdf,pending_independent_review,,,
cb7c77147723d16d8d242da70c295b66a469d3b329463380707ad8ff78b39354,full_market_distributions,508001,,2022-06-02,distribution_per_unit,0.7281,RMB_per_unit,https://www.sse.com.cn/disclosure/fund/announcement/c/new/2022-06-02/508001_20220602_1_KJxXyHvj.pdf,92493657465df4a95f07b82eb878fa7b6ef5e940fe6261a4ecf9f50a3a278ec4,machine_extracted_official_pdf,pending_independent_review,,,
b5968bd770676f0da8b44dbd934a382dcc5cfd23e9bfbcfea82979280be29b4f,full_market_distributions,508001,,2023-06-13,distribution_per_unit,0.6301,RMB_per_unit,https://www.sse.com.cn/disclosure/fund/announcement/c/new/2023-06-13/508001_20230613_Q5ZE.pdf,2e73874e2eb558b5d283839869a6342c0053b520b54e80e099b8eda7562b40e5,machine_extracted_official_pdf,pending_independent_review,,,
e3e4ad1571edb7f732d709d3ce3b4dacd8dc7f81eac19123c4ad6fbb926cca92,full_market_distributions,508001,,2024-06-25,distribution_per_unit,0.9079,RMB_per_unit,https://www.sse.com.cn/disclosure/fund/announcement/c/new/2024-06-25/508001_20240625_U6PY.pdf,eed026f73cc05501e86fce365854920a9803bdabc2cbac55546746bbce240da4,machine_extracted_official_pdf,pending_independent_review,,,
6710b792c982a02656f1d9a2b3071d4c7d5989256f0ee8738a4e5c14dadb8158,full_market_distributions,508001,,2024-11-27,distribution_per_unit,0.4278,RMB_per_unit,https://www.sse.com.cn/disclosure/fund/announcement/c/new/2024-11-27/508001_20241127_WMJJ.pdf,1c3cd4b696813c7f24f9dd4f75c2b56875e95e78176c33556e0570399e52a8d5,machine_extracted_official_pdf,pending_independent_review,,,
3533bef68235a213515ac525d8081722d60f9e5fa2ce36feded50dccd4896f43,full_market_distributions,508001,,2025-06-10,distribution_per_unit,0.4336,RMB_per_unit,https://www.sse.com.cn/disclosure/fund/announcement/c/new/2025-06-10/508001_20250610_P4SA.pdf,a265797f6fd5f9154454d7d02753484935fab5817f66d9702cc6ff0280c056f7,machine_extracted_official_pdf,pending_independent_review,,,
7628cf9449959a7c01df2e251c99168bc86d50ab3459a9fd9017b9add4c0b5c9,full_market_distributions,508001,,2025-12-16,distribution_per_unit,0.406,RMB_per_unit,https://www.sse.com.cn/disclosure/fund/announcement/c/new/2025-12-16/508001_20251216_NBRI.pdf,6d1166229130eea90df0804b725466b3669457e2fd5c32a4be1aa6752ddbb35a,machine_extracted_official_pdf,pending_independent_review,,,
631353100ab9e6db4f049ab4f579730c30892b1d4d85f26e9568cfd8f64ea032,full_market_distributions,508001,,2026-07-21,distribution_per_unit,0.3925,RMB_per_unit,https://www.sse.com.cn/disclosure/fund/announcement/c/new/2026-07-21/508001_20260721_8J1G.pdf,aa898fae098be003128d8a3f1e5fce63a6dcc775fa07d3746135e9490bc1c507,machine_extracted_official_pdf,pending_independent_review,,,
792381432cabfeae5bda73e8c398d6770fecd8fe8551b078825e9911fb77b747,full_market_distributions,508002,,2024-12-17,distribution_per_unit,0.02965,RMB_per_unit,https://www.sse.com.cn/disclosure/fund/announcement/c/new/2024-12-17/508002_20241217_KHN0.pdf,8d72faaa3f7703bbbd58cacdc80189d74018a84658a61c5dd27b144c830ef62c,machine_extracted_official_pdf,pending_independent_review,,,
549f37a739a09b8a9b792478c895e41a49e57fa2de9549574829d31cae619642,full_market_distributions,508002,,2025-03-31,distribution_per_unit,0.03355,RMB_per_unit,https://www.sse.com.cn/disclosure/fund/announcement/c/new/2025-03-31/508002_20250331_E18Q.pdf,92c311c2e1023ff790951d9a112d1e4e10d216f643156c1df2ca2bd0eb423c1a,machine_extracted_official_pdf,pending_independent_review,,,
642cef7ce343c7ef4a9d7aaf64b484a2f7a7b71268488721e4f0c062ee2b6ee6,full_market_distributions,508002,,2025-08-08,distribution_per_unit,0.07217,RMB_per_unit,https://www.sse.com.cn/disclosure/fund/announcement/c/new/2025-08-08/508002_20250808_U7KB.pdf,491b475cc534bcca4beed8c467ca884ae2812cc9ac805fc496c61daf8cc1a269,machine_extracted_official_pdf,pending_independent_review,,,
fc7df2b411c096c9b3d8ea82ebc7a0d2588ecc1c22506f9ce1042d2123b44696,full_market_distributions,508002,,2025-12-23,distribution_per_unit,0.03446,RMB_per_unit,https://www.sse.com.cn/disclosure/fund/announcement/c/new/2025-12-23/508002_20251223_HYTC.pdf,08e473da05c96a875ad2bf0dcabe6ab2e5c713a1aec8c4163853f097ffbaa2f2,machine_extracted_official_pdf,pending_independent_review,,,
526f17bef000394a9b1028511cb4f99aa414467230487440a7a8c741787d42dc,full_market_distributions,508002,,2026-05-19,distribution_per_unit,0.03934,RMB_per_unit,https://www.sse.com.cn/disclosure/fund/announcement/c/new/2026-05-19/508002_20260519_MCWO.pdf,e609ccb6e77f67d983d3e704669277aef40114be765239ce8e9347ba302cd058,machine_extracted_official_pdf,pending_independent_review,,,
254440b020b342fd25f8af1d747ac512197f3ddd7b10a49716544a1d658ebf67,full_market_distributions,508003,,2025-04-23,distribution_per_unit,0.0337,RMB_per_unit,https://www.sse.com.cn/disclosure/fund/announcement/c/new/2025-04-23/508003_20250423_Z4C8.pdf,6f64ea0b1b83d4300370d7d632320338e3ecbef9b4730c16601827d1823ff7b3,machine_extracted_official_pdf,pending_independent_review,,,
9a147ed27f9e6dbabe464e083085a89578db8b69aa9eb7a9ecd9c9b3f9543c84,full_market_distributions,508003,,2025-07-18,distribution_per_unit,0.04,RMB_per_unit,https://www.sse.com.cn/disclosure/fund/announcement/c/new/2025-07-18/508003_20250718_BBF9.pdf,9d11ba11559bc68a0c971c08afd2a84cd78bdfbd0d1c806e6cc47ad5d8ce4a24,machine_extracted_official_pdf,pending_independent_review,,,
bf108ae8da0682b5bbe2816edc1fd83cea41cd57388df5520351ab8d12d18ac5,full_market_distributions,508003,,2025-11-05,distribution_per_unit,0.04,RMB_per_unit,https://www.sse.com.cn/disclosure/fund/announcement/c/new/2025-11-05/508003_20251105_RQT4.pdf,fc3125b0cd1177cf0f0bf342f1c33781c94e0abcd41a6bfa429519213ad3d61c,machine_extracted_official_pdf,pending_independent_review,,,
c1a7af3ef24cbbac13298eeaf323289a104b69e4583376b35dea31c0810280c8,full_market_distributions,508003,,2026-02-04,distribution_per_unit,0.0409999999999999,RMB_per_unit,https://www.sse.com.cn/disclosure/fund/announcement/c/new/2026-02-04/508003_20260204_GXBQ.pdf,2dbeae4711d7e858c7661bf60dde3c28589472612001ce9689fa42cb1f465182,machine_extracted_official_pdf,pending_independent_review,,,
e1fadd9627cdb83da44237e05d93a96c6fb298c72587374a50adcc5efac6d59a,full_market_distributions,508003,,2026-04-30,distribution_per_unit,0.04,RMB_per_unit,https://www.sse.com.cn/disclosure/fund/announcement/c/new/2026-04-30/508003_20260430_SY92.pdf,69d3b2bfde880b39515d5d5870a2490a015d82e853b5e429a49a7bffb12a6978,machine_extracted_official_pdf,pending_independent_review,,,
e32e3a113001d3b7dded05d7b7c339d96f961f29904b25d2d8ccc8b3afb8e788,full_market_distributions,508003,,2026-08-05,distribution_per_unit,0.038,RMB_per_unit,https://www.sse.com.cn/disclosure/fund/announcement/c/new/2026-08-05/508003_20260805_6O1L.pdf,13ec546bd2273ed8a0753e58612a3bd02959e4cc677d11a673be84e4d160818a,machine_extracted_official_pdf,pending_independent_review,,,
fc4bb869adcd37d376cecd8127a05ef606687a8068da71f18f3174543a69402c,full_market_distributions,508005,,2024-12-17,distribution_per_unit,0.0181799999999999,RMB_per_unit,https://www.sse.com.cn/disclosure/fund/announcement/c/new/2024-12-17/508005_20241217_ZNT4.pdf,f33c2a3158868a05a52570d6a49242352b930ac86e6fa94231d6cea063672ac1,machine_extracted_official_pdf,pending_independent_review,,,
a2f0a71a4b8a84c1fec2a1bd5ca7923624e826b36fed920fe825b0174a9d353a,full_market_distributions,508005,,2025-04-30,distribution_per_unit,0.03688,RMB_per_unit,https://www.sse.com.cn/disclosure/fund/announcement/c/new/2025-04-30/508005_20250430_9EYQ.pdf,176dd10fb68434088404e1a026dbc08dcf99629b967d98f470b81d2901a3b05e,machine_extracted_official_pdf,pending_independent_review,,,
6f46d87a816e0d45977ca0177a372b2e1bb3816a3708c56bcdbb1a3f3935c949,full_market_distributions,508005,,2025-08-29,distribution_per_unit,0.07975,RMB_per_unit,https://www.sse.com.cn/disclosure/fund/announcement/c/new/2025-08-29/508005_20250829_ZLR2.pdf,2e71fb60ec8aa21103be5e3e237cc460eeb9cd4c99a876cb982faea76ce16a4c,machine_extracted_official_pdf,pending_independent_review,,,
1aa6c3c3a4b22f6d268bc019756cc894de919cb49171b49547c1ad3ccfe5c8bc,full_market_distributions,508005,,2026-03-04,distribution_per_unit,0.08107,RMB_per_unit,https://www.sse.com.cn/disclosure/fund/announcement/c/new/2026-03-04/508005_20260304_E1L9.pdf,21eb92b6eaf267a387034a87e2693780826ffbb86192daa0d7d0b6a7c325fed9,machine_extracted_official_pdf,pending_independent_review,,,
cfb6b786ae8aff3c6995ed06c5805f1995549c100a91fe1dead4207fd2d36984,full_market_distributions,508005,,2026-08-21,distribution_per_unit,0.08996,RMB_per_unit,https://www.sse.com.cn/disclosure/fund/announcement/c/new/2026-08-21/508005_20260821_LRA2.pdf,465c9d47eefa33141bb42af2a77a34933fe04cfb0fccb3ccc32256eda2fbe1f1,machine_extracted_official_pdf,pending_independent_review,,,
b9ebc27e06145c25abf0ab28f304230770868091904f482f6bfb75b143cd0c81,full_market_distributions,508006,,2022-01-20,distribution_per_unit,0.2714,RMB_per_unit,https://www.sse.com.cn/disclosure/fund/announcement/c/new/2022-01-20/508006_20220120_2_PBjXvUv6.pdf,8c1c3c8539dae30999f31a56eb1345079316496433a896eda8e0cc114b790d81,machine_extracted_official_pdf,pending_independent_review,,,
3c24c7b66d84f8ed27c52e78686f73a133698491b2c4d4b7a39755f982d8810c,full_market_distributions,508006,,2024-04-02,distribution_per_unit,0.1514,RMB_per_unit,https://www.sse.com.cn/disclosure/fund/announcement/c/new/2024-04-02/508006_20240402_TJ39.pdf,0c9d2365a084e387ca1aee24c197d3e54d0f870d2a5d6a1e043bbdd507f4347e,machine_extracted_official_pdf,pending_independent_review,,,
49ba641b0457179a865045d5bc90e3c501930ed18405ed489fc291473a668d4c,full_market_distributions,508006,,2024-09-06,distribution_per_unit,0.1397,RMB_per_unit,https://www.sse.com.cn/disclosure/fund/announcement/c/new/2024-09-06/508006_20240906_O324.pdf,1d9c9ca9d045b2fb74a417380bbcfb56141af8441aacaa042390d67dc1b76a82,machine_extracted_official_pdf,pending_independent_review,,,
c0226a9e694cd575c4046817fb417e2223d4a262fd7b934ec9fcdd4c19587470,full_market_distributions,508007,,2023-12-21,distribution_per_unit,0.57938,RMB_per_unit,https://www.sse.com.cn/disclosure/fund/announcement/c/new/2023-12-21/508007_20231221_N2O4.pdf,00719ffb099c7d2cd865775c0a6ab869e2e0ddf3c0ef190ad88c877e9991c090,machine_extracted_official_pdf,pending_independent_review,,,
1c32c2f0f1e188de8a7778aec2d8630e1c4122e64b96268bbee04cb5678eebc7,full_market_distributions,508007,,2024-04-23,distribution_per_unit,0.311,RMB_per_unit,https://www.sse.com.cn/disclosure/fund/announcement/c/new/2024-04-23/508007_20240423_1XRU.pdf,02e079990482026dc29005a16034fcc15b87797f540d2dd6c709e91ad8c3698b,machine_extracted_official_pdf,pending_independent_review,,,
23488530b27b51be047057564a143c883f50143fddf5eedcc26e48b0f4de8bf3,full_market_distributions,508007,,2024-06-21,distribution_per_unit,0.122,RMB_per_unit,https://www.sse.com.cn/disclosure/fund/announcement/c/new/2024-06-21/508007_20240621_T36Z.pdf,f2b6f663f0e1576907fe2fd4d89efbb0a7b0b976bebd9c75baf47d894eec3ff9,machine_extracted_official_pdf,pending_independent_review,,,
f4ae006f37c65fce70a05a978a9996d20bb02a2f917088cae5bb5eaa35b09d7d,full_market_distributions,508007,,2024-08-30,distribution_per_unit,0.12,RMB_per_unit,https://www.sse.com.cn/disclosure/fund/announcement/c/new/2024-08-30/508007_20240830_FTM4.pdf,6fa8669a5c4c32646ec306be1a91823ad683c9d86764e2bda7a5ca74dbcca072,machine_extracted_official_pdf,pending_independent_review,,,
7b48d67b3619288b1db16358b1b7ddae2155a04de391929a58add0ccd15d1ff9,full_market_distributions,508007,,2024-10-25,distribution_per_unit,0.124,RMB_per_unit,https://www.sse.com.cn/disclosure/fund/announcement/c/new/2024-10-25/508007_20241025_5ZWQ.pdf,91053f42713a5e434d3f32a3f33cb819f167f71a64cb993df7afd9fd74d0248a,machine_extracted_official_pdf,pending_independent_review,,,
d8fa89c99853e3b51e58d354de4855de8318486b52372d995da9501d1419edf9,full_market_distributions,508007,,2025-03-28,distribution_per_unit,0.1057,RMB_per_unit,https://www.sse.com.cn/disclosure/fund/announcement/c/new/2025-03-28/508007_20250328_U7HE.pdf,5641eb9960ff646c065778a2b1401014414a8bfe5051c9964cfd08e0a7471ec5,machine_extracted_official_pdf,pending_independent_review,,,
e44a659e739dc1aeea3ab065fcdb909ac4be4ebb73ad7ce2ceed1c7a88154a06,full_market_distributions,508007,,2025-06-19,distribution_per_unit,0.1225,RMB_per_unit,https://www.sse.com.cn/disclosure/fund/announcement/c/new/2025-06-19/508007_20250619_7K9B.pdf,ccde74cd889f39c4325d132ff525b75c0c594d7753517a579df036b15e5c817b,machine_extracted_official_pdf,pending_independent_review,,,
ccbe6fe8702cfc7d834bb2fb8f91f86abe26678097275bb6e79202f6567abd37,full_market_distributions,508007,,2025-09-19,distribution_per_unit,0.1195,RMB_per_unit,https://www.sse.com.cn/disclosure/fund/announcement/c/new/2025-09-19/508007_20250919_H1S9.pdf,54a093bab66030d45c757da6c02d41479a21ab8dc73f395168c7b31eb23318eb,machine_extracted_official_pdf,pending_independent_review,,,
aa1bbb43e6ce93bbf56cd44db795d6867df6f8ca312350b81c169d603a8c7b1e,full_market_distributions,508007,,2025-12-31,distribution_per_unit,0.124,RMB_per_unit,https://www.sse.com.cn/disclosure/fund/announcement/c/new/2025-12-31/508007_20251231_UPH4.pdf,b91a4c45a733af01a5233e01b46c00fd1f8d564985aea17159eb2e62e36c3213,machine_extracted_official_pdf,pending_independent_review,,,
5b314be3ee176f7d45b4288058d8ad0887463a4d608ec51a21a19dc1d7067aa5,full_market_distributions,508007,,2026-04-02,distribution_per_unit,0.11,RMB_per_unit,https://www.sse.com.cn/disclosure/fund/announcement/c/new/2026-04-02/508007_20260402_RMMX.pdf,ad60ce022752c7f6ecd29acc625be2e74b7df740130806a5bf5d9d2dfaf24340,machine_extracted_official_pdf,pending_independent_review,,,
2803306786a1475293e1b58599a92b3ac46bc86b5cff37a1c8df87e76e1d429a,full_market_distributions,508007,,2026-06-10,distribution_per_unit,0.123,RMB_per_unit,https://www.sse.com.cn/disclosure/fund/announcement/c/new/2026-06-10/508007_20260610_YFGJ.pdf,49d3dbcdb931baeaacce60fb7593396130c151cf0a8ff281b7f5bf7e797f8604,machine_extracted_official_pdf,pending_independent_review,,,
3cd354fb54984dd5e4c436256ef29b6a8ce6c31c30babd76a34d35cc36323257,full_market_distributions,508008,,2024-03-30,distribution_per_unit,0.9766,RMB_per_unit,https://www.sse.com.cn/disclosure/fund/announcement/c/new/2024-03-30/508008_20240330_5REI.pdf,0f6737ff47ab923041129d2ed2942577053bd56091701f9b2686e2b0e91726a0,machine_extracted_official_pdf,pending_independent_review,,,
94429d4702eb29b036e51e7244e5aa75471b89b8787d802dbccc995bb5dbd819,full_market_distributions,508008,,2024-09-21,distribution_per_unit,0.4589,RMB_per_unit,https://www.sse.com.cn/disclosure/fund/announcement/c/new/2024-09-21/508008_20240921_R9JG.pdf,d7cca4123a68d1c0b1a72eb1e4653c47fc5887a98f4d70499e510624397a7f19,machine_extracted_official_pdf,pending_independent_review,,,
feea8957ede0b29181bc1dd3ecbd1ab280ef2b885a8ac02a5ce54aaaef3403c6,full_market_distributions,508008,,2025-04-03,distribution_per_unit,0.4954,RMB_per_unit,https://www.sse.com.cn/disclosure/fund/announcement/c/new/2025-04-03/508008_20250403_VW1K.pdf,57d1a410435f6da51c33221a962700fb5a708353e919b41333e755816a16cffd,machine_extracted_official_pdf,pending_independent_review,,,
a8f75b5ec53839a6e2ccdc9b018aadcd42306fb0bdb44fb5b49246f3570f5a42,full_market_distributions,508008,,2025-09-09,distribution_per_unit,0.42,RMB_per_unit,https://www.sse.com.cn/disclosure/fund/announcement/c/new/2025-09-09/508008_20250909_YXOK.pdf,3ea4b5c639aa7e942b71dfa521c00c56dda24ed844c9074a9f9226d91c27dce2,machine_extracted_official_pdf,pending_independent_review,,,
7009a42b6ca37ca9a989ae0ff599fcff19a81212d555632dbe321e3fc0713b99,full_market_distributions,508008,,2026-04-15,distribution_per_unit,0.358,RMB_per_unit,https://www.sse.com.cn/disclosure/fund/announcement/c/new/2026-04-15/508008_20260415_SZ7X.pdf,929c2f1a279d8a2d78f8a03e0b0a3bbe0f05f60cc460df5e0d64fb7187d4a051,machine_extracted_official_pdf,pending_independent_review,,,
86353df9c992e6320b3e1e315845e62836a4899d10c6a128b733623db73ed71a,full_market_distributions,508009,,2023-06-21,distribution_per_unit,0.6836,RMB_per_unit,https://www.sse.com.cn/disclosure/fund/announcement/c/new/2023-06-21/508009_20230621_SQID.pdf,ad1c736757fd84ed15f2d8f44f8c8cd9599da45bf400feb825afab71c4ed147e,machine_extracted_official_pdf,pending_independent_review,,,
62c514fb00ae1f5993ca660ee8f0ab0e2357b5584be831cd4f58eb3e2fe15cca,full_market_distributions,508009,,2023-08-31,distribution_per_unit,0.23,RMB_per_unit,https://www.sse.com.cn/disclosure/fund/announcement/c/new/2023-08-31/508009_20230831_DP9X.pdf,b00f34c0cbad1c546b27a896ddedd33a3220005fbe5351f3715b6bda471ea53b,machine_extracted_official_pdf,pending_independent_review,,,
bdb3935b80e4abe7cd695c296c9f30954f20426184b49bef4a609ed3e1df2137,full_market_distributions,508009,,2023-10-25,distribution_per_unit,0.175,RMB_per_unit,https://www.sse.com.cn/disclosure/fund/announcement/c/new/2023-10-25/508009_20231025_GKSU.pdf,79e14f4d5f82e616e10b35046ff693a92ef4df062ac12a0a5011c57f73181783,machine_extracted_official_pdf,pending_independent_review,,,
3a9430fcc1b1ccf94785ba1ddbfe08d40d51fb3c7af37a982349f5acb580594c,full_market_distributions,508009,,2024-01-19,distribution_per_unit,0.19,RMB_per_unit,https://www.sse.com.cn/disclosure/fund/announcement/c/new/2024-01-19/508009_20240119_C7O8.pdf,eded61f88ff13a19c5ef824a50bc20656a331e2306284bb3bfdafa91c35b3176,machine_extracted_official_pdf,pending_independent_review,,,
adac91844488d8d923de15207472153928c31abd089e2beb2b103fcfa141bd2e,full_market_distributions,508009,,2024-03-29,distribution_per_unit,0.185,RMB_per_unit,https://www.sse.com.cn/disclosure/fund/announcement/c/new/2024-03-29/508009_20240329_SIVN.pdf,f2f032cd7cbd9f5e20190b265d1789c4a759fc607c7e785aebadba5cf0641654,machine_extracted_official_pdf,pending_independent_review,,,
106aff15629c5c501068c262d9dd97b6d133c6c2837c35392c15586429c7134b,full_market_distributions,508009,,2024-07-19,distribution_per_unit,0.129,RMB_per_unit,https://www.sse.com.cn/disclosure/fund/announcement/c/new/2024-07-19/508009_20240719_FS4N.pdf,b13dfaa2e15209492118164a86e0dcdbe1150b9da0b2c1ff5d16f782a7314093,machine_extracted_official_pdf,pending_independent_review,,,
4b0b8504365ea4415c20a0db6a2688affecd681709fb2f6dd3dfd8826787d935,full_market_distributions,508009,,2024-10-25,distribution_per_unit,0.163,RMB_per_unit,https://www.sse.com.cn/disclosure/fund/announcement/c/new/2024-10-25/508009_20241025_PRTT.pdf,e6fefdf8a3a85ce87f95f6c8f778c38b7b443dd1625b628cd7489d281bb7b221,machine_extracted_official_pdf,pending_independent_review,,,
cd25be70f2f9cfce47c052c5c5fbfbe32f992ed931ea96fcc77bd7d84ffbc5f6,full_market_distributions,508009,,2025-01-15,distribution_per_unit,0.183,RMB_per_unit,https://www.sse.com.cn/disclosure/fund/announcement/c/new/2025-01-15/508009_20250115_AWE8.pdf,90395558be2719a08dba80f4fa1b94f5c350adb56a33b8bdcdde2be6aefd3bbe,machine_extracted_official_pdf,pending_independent_review,,,
057f51a09da3541d48163a76cb22bcb24d93dce10a752a1d90a60db6f49367e2,full_market_distributions,508009,,2025-03-29,distribution_per_unit,0.125,RMB_per_unit,https://www.sse.com.cn/disclosure/fund/announcement/c/new/2025-03-29/508009_20250329_5DTM.pdf,597bfa6778e3a2b9d055d7ea874861e01530f497629f5e39f86afd5408f83a4a,machine_extracted_official_pdf,pending_independent_review,,,
23abeca869772536192dd9da499333e645039008748633eb05a73d42f192fe45,full_market_distributions,508009,,2025-07-18,distribution_per_unit,0.167,RMB_per_unit,https://www.sse.com.cn/disclosure/fund/announcement/c/new/2025-07-18/508009_20250718_N6KZ.pdf,0f4059937f513ba33b15ea5566813139b21dfe2fce3e7158652dabad285f8ec8,machine_extracted_official_pdf,pending_independent_review,,,
0a58512de92874f90d6dc79d79b7a72795b100ed86c2ebfc22949aace4710ac5,full_market_distributions,508009,,2025-10-28,distribution_per_unit,0.148,RMB_per_unit,https://www.sse.com.cn/disclosure/fund/announcement/c/new/2025-10-28/508009_20251028_P4NY.pdf,a427915a2537db3e39775530e2afc8b86f480b56ab9f64002e5f898305236e9c,machine_extracted_official_pdf,pending_independent_review,,,
8ebe5b094ead2d54692c32a22b6f1c0d45dabeeda15616785b377639ca4a8a27,full_market_distributions,508009,,2026-01-22,distribution_per_unit,0.16,RMB_per_unit,https://www.sse.com.cn/disclosure/fund/announcement/c/new/2026-01-22/508009_20260122_5SXE.pdf,c9d04d36a4e6efef69233b7288df72de086171901b1b72f3d55a6caf1291c181,machine_extracted_official_pdf,pending_independent_review,,,
605521a3457e24e14f48b628682fd2344575e17fe356bfa011a1b28d82c89dcd,full_market_distributions,508009,,2026-03-28,distribution_per_unit,0.161,RMB_per_unit,https://www.sse.com.cn/disclosure/fund/announcement/c/new/2026-03-28/508009_20260328_A2BZ.pdf,5910d9c3137643d88038bf6300f0c39c4bd465f715159abee79970e79d0271bf,machine_extracted_official_pdf,pending_independent_review,,,
0d9cc02ec305eedd1ce2e9070093aca789210416627750cc2121948f808af3bb,full_market_distributions,508009,,2026-07-22,distribution_per_unit,0.088,RMB_per_unit,https://www.sse.com.cn/disclosure/fund/announcement/c/new/2026-07-22/508009_20260722_OMBE.pdf,b79972b61df2a04b4bd8da63fee91cbda997abff4a92abefe4839fa8a8050dee,machine_extracted_official_pdf,pending_independent_review,,,
10068655ce472e031f0ca9475dbbcbc51d0649a1a4842cc13730eb91e98bf27e,full_market_distributions,508010,,2025-04-23,distribution_per_unit,0.04385,RMB_per_unit,https://www.sse.com.cn/disclosure/fund/announcement/c/new/2025-04-23/508010_20250423_5YJ6.pdf,d4801380d84943f69355162afd774b365ed885db62c6cb65ff6141b0efdaab52,machine_extracted_official_pdf,pending_independent_review,,,
e74fd96cd5155879ede5e691f5821a02e16521a7a8eeb9145a57fa7610411c32,full_market_distributions,508010,,2025-08-20,distribution_per_unit,0.0349999999999999,RMB_per_unit,https://www.sse.com.cn/disclosure/fund/announcement/c/new/2025-08-20/508010_20250820_I6RD.pdf,3ad77f07777d3b0799389c71b1edd6840b825795efab325295cef110494f59ae,machine_extracted_official_pdf,pending_independent_review,,,
91460b5d10c6a59f1ff01c6fe45e41274a3a5cdca023c542612852a868d237d2,full_market_distributions,508010,,2025-12-11,distribution_per_unit,0.0338,RMB_per_unit,https://www.sse.com.cn/disclosure/fund/announcement/c/new/2025-12-11/508010_20251211_FV5N.pdf,f31155e1348a4c048278ed5bc5322b6af94bdc4d3e2205b6fa0b7f52b562f605,machine_extracted_official_pdf,pending_independent_review,,,
cc1b096a01eece7e68e3d96ca9823b5962d5f37c5eecc7d4755cbd9eff2bcc50,full_market_distributions,508010,,2026-04-01,distribution_per_unit,0.0354,RMB_per_unit,https://www.sse.com.cn/disclosure/fund/announcement/c/new/2026-04-01/508010_20260401_ILEO.pdf,3db6fda1dcd09feca371474aed886359d9df0f2415e878851c6e58c093ef7c13,machine_extracted_official_pdf,pending_independent_review,,,
d9d76390a09c5752e186d4292a3966ab771549c43ca21bcf25680684d6b7518f,full_market_distributions,508010,,2026-08-28,distribution_per_unit,0.0706,RMB_per_unit,https://www.sse.com.cn/disclosure/fund/announcement/c/new/2026-08-28/508010_20260828_5R0R.pdf,29f8e072099a74f6d3f1d275e8dc96019477c4375f399bdf05364eca64feff7a,machine_extracted_official_pdf,pending_independent_review,,,
c43bab4ac5ac1a4d75f145698789ae16949c073611be6859789a7d659e78f94e,full_market_distributions,508011,,2024-09-05,distribution_per_unit,0.0708999999999999,RMB_per_unit,https://www.sse.com.cn/disclosure/fund/announcement/c/new/2024-09-05/508011_20240905_ULKD.pdf,7990edcbe71eb4b3adbef63a635884b7db5f52f3d42ffde41e8f9f52d03fa48f,machine_extracted_official_pdf,pending_independent_review,,,
11971e70ce26e7308a7e6cdc1682b5595e7a14becbbf32330bc0cd1a4915e338,full_market_distributions,508011,,2025-03-11,distribution_per_unit,0.0824999999999999,RMB_per_unit,https://www.sse.com.cn/disclosure/fund/announcement/c/new/2025-03-11/508011_20250311_MSRZ.pdf,c659b6e503a11e0d052de0704283d34e6069e3f3519888765755bc84d7816110,machine_extracted_official_pdf,pending_independent_review,,,
38960edf0bbdaf6d5e7f0abb363a28f69c8096ae1b3fd8c9bbfabb33dba82ec5,full_market_distributions,508011,,2025-09-10,distribution_per_unit,0.0863,RMB_per_unit,https://www.sse.com.cn/disclosure/fund/announcement/c/new/2025-09-10/508011_20250910_77J4.pdf,0aa67b553e8bc7e7b25f921626a82e5cbc5b88cf92e392f56cc866358a32a769,machine_extracted_official_pdf,pending_independent_review,,,
76778d6af6627d9935edb039620bb426e22ac1b14943648100ecf434684b481a,full_market_distributions,508011,,2026-04-08,distribution_per_unit,0.0881,RMB_per_unit,https://www.sse.com.cn/disclosure/fund/announcement/c/new/2026-04-08/508011_20260408_88YZ.pdf,78affa0f19694fa5126aa98ff6e028ee0ed5a779b840801b7b5732add694ab99,machine_extracted_official_pdf,pending_independent_review,,,
e550ea935a6dbd9aa780120c6df07fe2cbcda14254718504b83c9189b260abd5,full_market_distributions,508011,,2026-07-31,distribution_per_unit,0.09025,RMB_per_unit,https://www.sse.com.cn/disclosure/fund/announcement/c/new/2026-07-31/508011_20260731_3WH7.pdf,1ca1f9491c54bd8e20e16df52f1c55c552fc1145b3c263b6e7cce1cb40f577e2,machine_extracted_official_pdf,pending_independent_review,,,
a184c899c91c295143f05b978c481709717f7703742cec6f12e97d16b80bdb59,full_market_distributions,508012,,2025-05-21,distribution_per_unit,0.07178,RMB_per_unit,https://www.sse.com.cn/disclosure/fund/announcement/c/new/2025-05-21/508012_20250521_S58G.pdf,761440a88d4677af5e5fd217933d393f81085732ec3a2a019c9341def10d172f,machine_extracted_official_pdf,pending_independent_review,,,
64105d4de9284e9a1feec10a99684343f9008dd2f560969e4dad25070630055c,full_market_distributions,508012,,2025-11-21,distribution_per_unit,0.06,RMB_per_unit,https://www.sse.com.cn/disclosure/fund/announcement/c/new/2025-11-21/508012_20251121_LBOC.pdf,ce3e59f9d6324a7b854f636ad23adcff77826c3583d81ad115c3645b342cdc60,machine_extracted_official_pdf,pending_independent_review,,,
0ee054a0d8cc29b5d79ec0319c2dfb5bcf43b541fa962bfb2175667a2bf2ea06,full_market_distributions,508012,,2026-05-29,distribution_per_unit,0.0775,RMB_per_unit,https://www.sse.com.cn/disclosure/fund/announcement/c/new/2026-05-29/508012_20260529_URCT.pdf,809585479af381c24bef8fb53bf37b5494ef5b622da7038f93afb076a3aedc73,machine_extracted_official_pdf,pending_independent_review,,,
8e6264ce98ca955eb4ecafdae9196baedfcee2f8b5858de97cfd325bad5bb67e,full_market_distributions,508016,,2026-04-22,distribution_per_unit,0.10699,RMB_per_unit,https://www.sse.com.cn/disclosure/fund/announcement/c/new/2026-04-22/508016_20260422_PLIO.pdf,7725c8be22c7bc0168f854cad0466400cfd80e7dc5a752a06071be171f710408,machine_extracted_official_pdf,pending_independent_review,,,
b2570f7b40eaeb530b0709c3205862a499f207460eb2a5f5344d0af46a4bd13a,full_market_distributions,508017,,2024-05-28,distribution_per_unit,0.02218,RMB_per_unit,https://www.sse.com.cn/disclosure/fund/announcement/c/new/2024-05-28/508017_20240528_TIIH.pdf,f00809e59a22c4b16d8d4226cc488189eaa639c48545b155b232c0b6d3c3ee85,machine_extracted_official_pdf,pending_independent_review,,,
b8147f35ca50d2e7f204303c3e39f46eec5d099c0e50059117589f2b031d5457,full_market_distributions,508017,,2024-08-09,distribution_per_unit,0.03325,RMB_per_unit,https://www.sse.com.cn/disclosure/fund/announcement/c/new/2024-08-09/508017_20240809_DZL8.pdf,fc8c916d801613ae40966d7025a02bc3e78bc7872646c24b665f5662d3a18456,machine_extracted_official_pdf,pending_independent_review,,,
4fdfbdb0b60e3b5f9807743940c35c54df76d37f138bf2a7c0334459c3147c99,full_market_distributions,508017,,2024-11-15,distribution_per_unit,0.03396,RMB_per_unit,https://www.sse.com.cn/disclosure/fund/announcement/c/new/2024-11-15/508017_20241115_1E10.pdf,3a3da75e68fdb89e4643ddd607991164a10150e0a92e725fb5d1c44f746fd726,machine_extracted_official_pdf,pending_independent_review,,,
71945936002263ee9c0fb57a118c7a94694bfe41f6c8082c75afed18734d9ace,full_market_distributions,508017,,2025-04-09,distribution_per_unit,0.03458,RMB_per_unit,https://www.sse.com.cn/disclosure/fund/announcement/c/new/2025-04-09/508017_20250409_DBEN.pdf,26d822a03f90326d306989d0db97d24a3316847de2774845ece906f563ada683,machine_extracted_official_pdf,pending_independent_review,,,
5c1322718b566f36f65985e4af58fe2ef789b3e7dc4df63292b9a93ca749c880,full_market_distributions,508017,,2025-05-14,distribution_per_unit,0.03529,RMB_per_unit,https://www.sse.com.cn/disclosure/fund/announcement/c/new/2025-05-14/508017_20250514_O442.pdf,6894521b78543351686f9c6b848ed2befd05411d0e70c9f385cf13487d7fae52,machine_extracted_official_pdf,pending_independent_review,,,
51ef4c13b264f777ba4c8fb9da4347a654965a777088b6712edfacbc381df722,full_market_distributions,508017,,2025-08-20,distribution_per_unit,0.03653,RMB_per_unit,https://www.sse.com.cn/disclosure/fund/announcement/c/new/2025-08-20/508017_20250820_90IR.pdf,66ff12de0d078b938764deff88be0902bec5c92a23d06676a63d8d9974045b8d,machine_extracted_official_pdf,pending_independent_review,,,
c0518f18958cc27efd21a74519809bbd91f5913742f12ce795e5a9bcf2aabc44,full_market_distributions,508017,,2025-11-20,distribution_per_unit,0.03755,RMB_per_unit,https://www.sse.com.cn/disclosure/fund/announcement/c/new/2025-11-20/508017_20251120_YVQI.pdf,887f192efc10bf7b1af8f09fe05b95a5a2b9fd71311ac6d8b79464b26a573d19,machine_extracted_official_pdf,pending_independent_review,,,
0e101becc0a9e1f6e778d0438f046fabf9575e640bc6e1c235c8ea71fea9ffcb,full_market_distributions,508017,,2026-04-09,distribution_per_unit,0.0374,RMB_per_unit,https://www.sse.com.cn/disclosure/fund/announcement/c/new/2026-04-09/508017_20260409_6RXB.pdf,968dbf6d078e4025383d0432abc7d509019c3202c8926313992956161fafe52c,machine_extracted_official_pdf,pending_independent_review,,,
9dbab1ffe5e326cb104b9b2e2e358298e79fe9990f4e876da7e97e1d257abd9b,full_market_distributions,508017,,2026-05-22,distribution_per_unit,0.03679,RMB_per_unit,https://www.sse.com.cn/disclosure/fund/announcement/c/new/2026-05-22/508017_20260522_DV5O.pdf,67886d2dc941116e3bed33a43277d567524904f5513d5678a4668223239c21dd,machine_extracted_official_pdf,pending_independent_review,,,
34149474c9c2cf1addcc3e50ba93aab729b6268d0be2dfa7ed1e1ef25a4437b3,full_market_distributions,508017,,2026-08-14,distribution_per_unit,0.03738,RMB_per_unit,https://www.sse.com.cn/disclosure/fund/announcement/c/new/2026-08-14/508017_20260814_Y5CG.pdf,ea5926e23ea1adf6480e083ab9ef777dbe1ec6c0294dc0d4062dc219c7e24b32,machine_extracted_official_pdf,pending_independent_review,,,
cc35a94bf50bead5a0ab090ef8d66e342515616eed2139e12fd4fe0a44fd2525,full_market_distributions,508018,,2022-09-29,distribution_per_unit,0.0829,RMB_per_unit,https://www.sse.com.cn/disclosure/fund/announcement/c/new/2022-09-29/508018_20220929_1_6PyH83aZ.pdf,4341ee7a95f4a1f7d749ab5e11257854511a7fa64b2e10a5a0711198564e2e66,machine_extracted_official_pdf,pending_independent_review,,,
c14db6ce69db90fd70f99c8dcb93d873d8856b2754ef070ee92a2e6c90492438,full_market_distributions,508018,,2022-11-28,distribution_per_unit,0.09492,RMB_per_unit,https://www.sse.com.cn/disclosure/fund/announcement/c/new/2022-11-28/508018_20221128_31LR.pdf,05e39224cf23ce8f39395cecad72fa4115f3e19e7f6ce258cf7e8b8aa2d235f1,machine_extracted_official_pdf,pending_independent_review,,,
99e9d5042b52d3fd1926a49e3f66ed79e5a0ff486b89a21131207c2ca41d2949,full_market_distributions,508018,,2023-05-05,distribution_per_unit,0.07276,RMB_per_unit,https://www.sse.com.cn/disclosure/fund/announcement/c/new/2023-05-05/508018_20230505_OCVP.pdf,6c4580193576f61582d924e873a824b451f7ca92a5ee360c3597e2dc34926053,machine_extracted_official_pdf,pending_independent_review,,,
6151c3c2bc57e91f2a340c5d49c2a268f5e52add93f799492e26b1183a5f4bc0,full_market_distributions,508018,,2023-06-09,distribution_per_unit,0.09339,RMB_per_unit,https://www.sse.com.cn/disclosure/fund/announcement/c/new/2023-06-09/508018_20230609_XQZA.pdf,1840cedf4a2f0c153ddb96f93cf56b96bdc9cfead487e59ea36d172bc450b78b,machine_extracted_official_pdf,pending_independent_review,,,
88a549a737275e4ba69ebdb0a1785370090b9af5c1222d0320854c5626fca6b7,full_market_distributions,508018,,2023-08-24,distribution_per_unit,0.07046,RMB_per_unit,https://www.sse.com.cn/disclosure/fund/announcement/c/new/2023-08-24/508018_20230824_HDVG.pdf,e68395b40d27f91715f0d8fe489993c3957ad733553b7e427831ab00d9c363b5,machine_extracted_official_pdf,pending_independent_review,,,
31225398c8dcc61756a313c543e821dc618a0bf9c29f5980a96a350048663b39,full_market_distributions,508018,,2023-11-22,distribution_per_unit,0.07889,RMB_per_unit,https://www.sse.com.cn/disclosure/fund/announcement/c/new/2023-11-22/508018_20231122_ZLH1.pdf,93039a931040b50a6f67890639c11518d514b7b547508590f3988661f6c871f6,machine_extracted_official_pdf,pending_independent_review,,,
1905a6f9cf24c1bc4aebd8f642b7c4f0688df36c83d5e89d657a74f08157a476,full_market_distributions,508018,,2024-04-24,distribution_per_unit,0.07763,RMB_per_unit,https://www.sse.com.cn/disclosure/fund/announcement/c/new/2024-04-24/508018_20240424_QU80.pdf,09059fd199fb7dcf7eea5f3898cd02ff0c1f74833ff77439a4b2932fba269dd4,machine_extracted_official_pdf,pending_independent_review,,,
3ca9d8ec3d0034d523d42a74c8a304b31554ce16f2e506c170905e4ca687776a,full_market_distributions,508018,,2024-05-30,distribution_per_unit,0.072,RMB_per_unit,https://www.sse.com.cn/disclosure/fund/announcement/c/new/2024-05-30/508018_20240530_YUCW.pdf,6f4e3ba7bf1cf40acdc344dac7373bc40792d84745c146d12e493e5e6a5af8e9,machine_extracted_official_pdf,pending_independent_review,,,
c93eb4c2c786739043b655261077ba4c8295dc840f35919ea637c3355feb5f1a,full_market_distributions,508018,,2024-08-15,distribution_per_unit,0.06085,RMB_per_unit,https://www.sse.com.cn/disclosure/fund/announcement/c/new/2024-08-15/508018_20240815_8X0A.pdf,2390dc1e15971130ad265c7b1def73e368549531e5f9dcc4d052c19bb0735012,machine_extracted_official_pdf,pending_independent_review,,,
e264033cb6df83960328aadd0a3cdfa8cb09ad9291da900bfa86fbf982abf24c,full_market_distributions,508018,,2024-11-26,distribution_per_unit,0.0784,RMB_per_unit,https://www.sse.com.cn/disclosure/fund/announcement/c/new/2024-11-26/508018_20241126_M1DS.pdf,434822f12e3a7044769853da3db95037a4b2c5d44df81e5743b52b055aab05f7,machine_extracted_official_pdf,pending_independent_review,,,
977e23fd4d67cb3dbacf88e348a261c30ac19a5844faeb947a5b87ea01186c4f,full_market_distributions,508018,,2025-04-30,distribution_per_unit,0.05413,RMB_per_unit,https://www.sse.com.cn/disclosure/fund/announcement/c/new/2025-04-30/508018_20250430_2EDN.pdf,8b8430d4352842c2f6b173509fe6c5b10e11ea43eb0bb8707263a84f2d03a72c,machine_extracted_official_pdf,pending_independent_review,,,
837a06ab1f52963bbcfbd73da068538f7da1aaf92d4681dc0c2d9f32ec015033,full_market_distributions,508018,,2025-05-23,distribution_per_unit,0.07264,RMB_per_unit,https://www.sse.com.cn/disclosure/fund/announcement/c/new/2025-05-23/508018_20250523_WTUP.pdf,8be6c72f4a42badf54eb6127d42fd2adc5f0990194a29a43dc4f5fd0ec039460,machine_extracted_official_pdf,pending_independent_review,,,
323bfc91859791934ba2fca3ceece316ad58dc2307c99030a17c4efb08658f30,full_market_distributions,508018,,2025-08-15,distribution_per_unit,0.0593,RMB_per_unit,https://www.sse.com.cn/disclosure/fund/announcement/c/new/2025-08-15/508018_20250815_1Y9R.pdf,57a11bda00ab23cc604a0eff6f0d4455554bb08ad54d0be5c2d261b940951ebc,machine_extracted_official_pdf,pending_independent_review,,,
da91006cd66213f8b1da9fbd852e0a4471c9353c3058cf083fb1aae8be8ebd4a,full_market_distributions,508018,,2025-11-27,distribution_per_unit,0.06972,RMB_per_unit,https://www.sse.com.cn/disclosure/fund/announcement/c/new/2025-11-27/508018_20251127_97P0.pdf,8eb1f3c4ba744322f433b81bb97d15bfe5f7f5698ed028a5a36cdf27118df1da,machine_extracted_official_pdf,pending_independent_review,,,
9f7916e19b6e82bb7614a14485fd088a08ca47bfcc331db30d45d8a82b803afe,full_market_distributions,508018,,2026-04-24,distribution_per_unit,0.06078,RMB_per_unit,https://www.sse.com.cn/disclosure/fund/announcement/c/new/2026-04-24/508018_20260424_P47X.pdf,e51514237cf80c877756cc8047bfa024783a6f47b9eb9f18ead0d6fa08092324,machine_extracted_official_pdf,pending_independent_review,,,
5995e9cef3ce3cc4fb493b4d51a6453d82257014de6f108bf05df83c8ce75f49,full_market_distributions,508018,,2026-05-22,distribution_per_unit,0.08656,RMB_per_unit,https://www.sse.com.cn/disclosure/fund/announcement/c/new/2026-05-22/508018_20260522_4ZNX.pdf,47130a97e1ebcf2f8d952d22937805ff9fbfc5a31e2d7c5105b61debed7822f5,machine_extracted_official_pdf,pending_independent_review,,,
8c2a55783a3e0b57cc41c85f7d790d57b240bbddd8ce62aa9def1166197a20bf,full_market_distributions,508018,,2026-08-14,distribution_per_unit,0.07618,RMB_per_unit,https://www.sse.com.cn/disclosure/fund/announcement/c/new/2026-08-14/508018_20260814_WQYB.pdf,394e05fe8644551c8cee0c29ca71bcda2dc214c3e3fe66e1de6f40830b2ede17,machine_extracted_official_pdf,pending_independent_review,,,
91b0fca41657308d210e8c15b2720d71c9a7364242698e9b745a221e21f41671,full_market_distributions,508019,,2024-04-11,distribution_per_unit,0.07142,RMB_per_unit,https://www.sse.com.cn/disclosure/fund/announcement/c/new/2024-04-11/508019_20240411_WU37.pdf,7c37e43f27ff890ae635dbe2787fde0061d7e44cf4dc1a2117b7c473d67a7995,machine_extracted_official_pdf,pending_independent_review,,,
0ff29920ac7d9f50355277c87509c6dafacd19b0b2986ad377b0223715612d2f,full_market_distributions,508019,,2024-06-29,distribution_per_unit,0.0325299999999999,RMB_per_unit,https://www.sse.com.cn/disclosure/fund/announcement/c/new/2024-06-29/508019_20240629_HN3L.pdf,edd7cfc2619f534740910d566964179734845355be55a76cf2fd9a54dd74c369,machine_extracted_official_pdf,pending_independent_review,,,
f1e852fb854a1cde2019f2f37f71f68a8fa935a6ffdb8f0b4cc4287dbfcf859e,full_market_distributions,508019,,2024-10-25,distribution_per_unit,0.0335,RMB_per_unit,https://www.sse.com.cn/disclosure/fund/announcement/c/new/2024-10-25/508019_20241025_0JUC.pdf,543c4872fdc96e7e7efab4c537fe8f4d6ce467a4d99643c2195bec9def528b56,machine_extracted_official_pdf,pending_independent_review,,,
6a0373bdfa1b8f73d832ac67419c7cef3322901becea901f5106cf68aad56f70,full_market_distributions,508019,,2024-12-27,distribution_per_unit,0.03033,RMB_per_unit,https://www.sse.com.cn/disclosure/fund/announcement/c/new/2024-12-27/508019_20241227_46H1.pdf,59cff057635eb8a236cba8cea5e8717f18af8de402d3d4fc278d1821a37d857b,machine_extracted_official_pdf,pending_independent_review,,,
daa80cbec2fdd931e556b5e651c1761aedaf1dd187772b56d871d2867a1b63c4,full_market_distributions,508019,,2025-04-11,distribution_per_unit,0.02728,RMB_per_unit,https://www.sse.com.cn/disclosure/fund/announcement/c/new/2025-04-11/508019_20250411_1ONM.pdf,b9d23089049b6a1716448233ba05ed9427f289e160c7fc66e067237d963d1519,machine_extracted_official_pdf,pending_independent_review,,,
3a64549bd92f9a99b7595267a9a670fc2ee35eb1fab96b10af34ac694d2c84d7,full_market_distributions,508019,,2025-07-18,distribution_per_unit,0.025,RMB_per_unit,https://www.sse.com.cn/disclosure/fund/announcement/c/new/2025-07-18/508019_20250718_85JG.pdf,d53094b95e433b61285ebeef74ecbad8307d8521acff9622fd04a7b78c6ea563,machine_extracted_official_pdf,pending_independent_review,,,
56b05164761bdaee317ab7ef9749f9f6322e232b4e9f9c7df1e5a4ea8d709bd6,full_market_distributions,508019,,2025-10-31,distribution_per_unit,0.0248299999999999,RMB_per_unit,https://www.sse.com.cn/disclosure/fund/announcement/c/new/2025-10-31/508019_20251031_BB37.pdf,b4e37874af300c33e3930c8ad7a6238e6d6b9e4a96a6465104002bdf5cab011f,machine_extracted_official_pdf,pending_independent_review,,,
194aa8a3fb657ffd3ad52174c416af6e9443f6ad1cdb84dca9322e24ef81b10b,full_market_distributions,508019,,2026-01-23,distribution_per_unit,0.0248299999999999,RMB_per_unit,https://www.sse.com.cn/disclosure/fund/announcement/c/new/2026-01-23/508019_20260123_Z6YC.pdf,02092afc205b550954a979214aeaff9d4d0b6402cdb96fd774794a5df89552d2,machine_extracted_official_pdf,pending_independent_review,,,
03ad3046375c2480be45953f82ef1fcbcd38d52a60b765ba07f0af07474cb06f,full_market_distributions,508019,,2026-04-02,distribution_per_unit,0.0207499999999999,RMB_per_unit,https://www.sse.com.cn/disclosure/fund/announcement/c/new/2026-04-02/508019_20260402_DEGT.pdf,63c8bfa1acec172f6fce73fcb1baf9ea0d3227534fba426a32d6620f94ded7a1,machine_extracted_official_pdf,pending_independent_review,,,
c1e9895ae4bf7bcd99de268cbdbcb2896c55d0d3b3d284777ba7505f78c35699,full_market_distributions,508019,,2026-07-24,distribution_per_unit,0.01883,RMB_per_unit,https://www.sse.com.cn/disclosure/fund/announcement/c/new/2026-07-24/508019_20260724_9H51.pdf,3152aa96806f4efbf05e7c5b48089bf411645a1ae9ca1c9957857bc726ff48b8,machine_extracted_official_pdf,pending_independent_review,,,
c27103053115ab73a9f81c41241539b804db296b7603b2ae92322f6d0463d06a,full_market_distributions,508021,,2023-04-13,distribution_per_unit,0.06722,RMB_per_unit,https://www.sse.com.cn/disclosure/fund/announcement/c/new/2023-04-13/508021_20230413_1YQC.pdf,e7bd56d377c9ee129b55a9edf7254761081d2a101259ad773537a458c6bc8024,machine_extracted_official_pdf,pending_independent_review,,,
812367aa88b827e0795820f4b88f02c43c1de02d52acd71f69382e1f4d9ed7be,full_market_distributions,508021,,2024-04-18,distribution_per_unit,0.19704,RMB_per_unit,https://www.sse.com.cn/disclosure/fund/announcement/c/new/2024-04-18/508021_20240418_58F7.pdf,43dbb39de8b79e22f7a1ed50cf3549090948bd1210c5d7de36b3152ecd878096,machine_extracted_official_pdf,pending_independent_review,,,
ebdc5cc72d4b0c3233a371c0235c2f597bbdb6bada518fb45860d38cb3f81621,full_market_distributions,508021,,2025-04-22,distribution_per_unit,0.16715,RMB_per_unit,https://www.sse.com.cn/disclosure/fund/announcement/c/new/2025-04-22/508021_20250422_ACM3.pdf,6e15abbcc825b0b9fc7e9fd2f705ea1bbe170fd13631f845c08c088c9a7d83c1,machine_extracted_official_pdf,pending_independent_review,,,
cedc86916a3ad1d917d28fab6296e5eafa0802beed84ba816614ce49d1974370,full_market_distributions,508021,,2026-04-22,distribution_per_unit,0.11435,RMB_per_unit,https://www.sse.com.cn/disclosure/fund/announcement/c/new/2026-04-22/508021_20260422_KWUZ.pdf,030629db887b488fd8647baaa1b67344ccb7ef59cfae9e4950263c346b0e6cdb,machine_extracted_official_pdf,pending_independent_review,,,
15130b7bd10728b442f90e6ebb7a086536d1d01785c4ff111f6a920472d1e356,full_market_distributions,508022,,2025-04-22,distribution_per_unit,0.0461,RMB_per_unit,https://www.sse.com.cn/disclosure/fund/announcement/c/new/2025-04-22/508022_20250422_YERW.pdf,d7702eda8db49d5d1fd330da6c1b6c52a4e6d967f597ba10950a345fe5d32cd5,machine_extracted_official_pdf,pending_independent_review,,,
52489566a06acfb95859e688fe98b528645db2f5a5e521f0f8be310bf8eacbc7,full_market_distributions,508022,,2025-09-19,distribution_per_unit,0.0699999999999999,RMB_per_unit,https://www.sse.com.cn/disclosure/fund/announcement/c/new/2025-09-19/508022_20250919_ICWR.pdf,df7db0f1e0ee47481004ee5029acc586c44b07363d7c4f9c29e406d1a61f8bac,machine_extracted_official_pdf,pending_independent_review,,,
5c44bc5e2f6a10d504f9179ad9e5bbeca4bad850e0d1de377aa2d8fc637f7b98,full_market_distributions,508022,,2025-12-12,distribution_per_unit,0.04214,RMB_per_unit,https://www.sse.com.cn/disclosure/fund/announcement/c/new/2025-12-12/508022_20251212_F7T5.pdf,590ad99a22e11dbe9296da95c89bed13c29b25e33138dfb3599bf1cc47cb3de2,machine_extracted_official_pdf,pending_independent_review,,,
9f140128012570b7d447b6b59f5a20ae1cfe382be43997e1933dc5134670dfa7,full_market_distributions,508022,,2026-04-22,distribution_per_unit,0.033,RMB_per_unit,https://www.sse.com.cn/disclosure/fund/announcement/c/new/2026-04-22/508022_20260422_C183.pdf,7fc4f0eafaca2701e0aeadfebc9f48cf7b3db32dc82a2efe2c6f2bbdf3cd6484,machine_extracted_official_pdf,pending_independent_review,,,
c482c72ffd7263b50b3b6498477a2a4e11272f26ae5f48b3f46cb1fd329bd9aa,full_market_distributions,508022,,2026-08-21,distribution_per_unit,0.0839999999999999,RMB_per_unit,https://www.sse.com.cn/disclosure/fund/announcement/c/new/2026-08-21/508022_20260821_4N00.pdf,3aeb49d985a1fd3c998d73ffa2fc343cadcec10f8d909a983dd3a9eaee4b77a5,machine_extracted_official_pdf,pending_independent_review,,,
9b2c43821b90a1c996e1948c08d47938ff7bef17f35d7168fdd9eb56666daf6e,full_market_distributions,508026,,2025-03-04,distribution_per_unit,0.0946999999999999,RMB_per_unit,https://www.sse.com.cn/disclosure/fund/announcement/c/new/2025-03-04/508026_20250304_CESI.pdf,be90d232e6569425e8dd31aa17bb4c1092736750f6d207f513158d57b749d6d9,machine_extracted_official_pdf,pending_independent_review,,,
80ab8de4ac339682c47075fe17813ec39c5bf1c9b33362820eb8bf3bcd29d0fb,full_market_distributions,508026,,2025-04-30,distribution_per_unit,0.09,RMB_per_unit,https://www.sse.com.cn/disclosure/fund/announcement/c/new/2025-04-30/508026_20250430_D7UC.pdf,932d2e440d6e7d45fb3c204dd82a3bc030ceaf9b7d03b1b52ba3ffb2f608ff26,machine_extracted_official_pdf,pending_independent_review,,,
866e02e388b5dfcf664bd5f95e7052a0d71b540c8dad4656efb94c7a7e101cb3,full_market_distributions,508026,,2025-09-29,distribution_per_unit,0.08,RMB_per_unit,https://www.sse.com.cn/disclosure/fund/announcement/c/new/2025-09-29/508026_20250929_7N76.pdf,8a056e3e1bbb40ef7374f70bb72fc183f19e6522947f098ce4621236511010e4,machine_extracted_official_pdf,pending_independent_review,,,
fd1f300216f429cac3bf8b9dbbc525645589c81aaecb8733567d6408c7289b38,full_market_distributions,508026,,2026-04-22,distribution_per_unit,0.129,RMB_per_unit,https://www.sse.com.cn/disclosure/fund/announcement/c/new/2026-04-22/508026_20260422_7LYZ.pdf,00f40222c9ae4936453bfddc8308e1a9153c91eaa3305587a92b8b34153cbcba,machine_extracted_official_pdf,pending_independent_review,,,
f1d7a8603f333bc3d44433f79e417bc8b214e3d84bbcc21bc3be869b97bbd95b,full_market_distributions,508027,,2022-04-14,distribution_per_unit,0.1029,RMB_per_unit,https://www.sse.com.cn/disclosure/fund/announcement/c/new/2022-04-14/508027_20220414_1_8ElzpIhK.pdf,76e6adaf78cd5bbe6b86b4e52af7ccc150363b2e16aa4ec98ef41c8eceb378b6,machine_extracted_official_pdf,pending_independent_review,,,
2c51a58694bbcb3da1f16d9352060120ef18b43fe2542794de1dbb0f1489e86a,full_market_distributions,508027,,2023-04-13,distribution_per_unit,0.17754,RMB_per_unit,https://www.sse.com.cn/disclosure/fund/announcement/c/new/2023-04-13/508027_20230413_QYFN.pdf,bba48140494dcfa9851bcdbcc3b5a6428ec6024fb156cf8e84f5100c5f07d7b0,machine_extracted_official_pdf,pending_independent_review,,,
afdbbff56b81300c8c65ba97008172e1c92844d206ae81d4931b528710e51409,full_market_distributions,508028,,2023-09-19,distribution_per_unit,0.28738,RMB_per_unit,https://www.sse.com.cn/disclosure/fund/announcement/c/new/2023-09-19/508028_20230919_V4W7.pdf,1a72c2d5376c793d207f08a47d819c4e0cbbf9b2773bbdca28a22bd44684248d,machine_extracted_official_pdf,pending_independent_review,,,
f04f97696f8af5802a509f916d8f4481deae14df80863c3b96eb1100784401b7,full_market_distributions,508028,,2023-12-18,distribution_per_unit,0.369,RMB_per_unit,https://www.sse.com.cn/disclosure/fund/announcement/c/new/2023-12-18/508028_20231218_XZXX.pdf,81fe5050358b7f1436c738186d1b8eab578c228e93ac1ba7af5ecef10bd38d5a,machine_extracted_official_pdf,pending_independent_review,,,
401b149ab5ea05a6f88423a2a4eb4564c68c3d8e7bedf6392fd9abebb8e09239,full_market_distributions,508028,,2024-04-18,distribution_per_unit,0.392,RMB_per_unit,https://www.sse.com.cn/disclosure/fund/announcement/c/new/2024-04-18/508028_20240418_41LE.pdf,ccd81a06827094dfd40d7554a56f41816d604ab9bb8544c49d30e62c1d4c8504,visual_verified_official_pdf,pending_independent_review,,,
76118ecb59b82afa3edf71853d7b895b3f38cd8a2cafd8e2b479376af2f8b2c7,full_market_distributions,508028,,2024-09-19,distribution_per_unit,0.1179,RMB_per_unit,https://www.sse.com.cn/disclosure/fund/announcement/c/new/2024-09-19/508028_20240919_GV5X.pdf,7ace5ea25ad98caa7b3d3fc6b76e4737407f24c4bbc5872d4468fcccec08a4e6,visual_verified_official_pdf,pending_independent_review,,,
813f8562fbd86dfab407a673669cbc2d3be3fcd38d5852bf713200eb1efec528,full_market_distributions,508028,,2024-12-16,distribution_per_unit,0.3358,RMB_per_unit,https://www.sse.com.cn/disclosure/fund/announcement/c/new/2024-12-16/508028_20241216_OA5R.pdf,c0770d5a25366b70c0927bd70be57c34a3d0127a757322ce4cff9d7ea6e9887e,visual_verified_official_pdf,pending_independent_review,,,
b21d25e8959b10b58af50c02b5c4f2891a77f1ec532cca5084e94ab752aa2a48,full_market_distributions,508028,,2025-03-31,distribution_per_unit,0.5201,RMB_per_unit,https://www.sse.com.cn/disclosure/fund/announcement/c/new/2025-03-31/508028_20250331_2T48.pdf,3b0a5e21296d37dc31276cb520d3b0c167cbef80c19e33ea4e1573868c931a0a,visual_verified_official_pdf,pending_independent_review,,,
b0e15669a6b31935906b434976ca306f50a9647ea456c62949ffbfc1d65af659,full_market_distributions,508028,,2025-12-26,distribution_per_unit,0.1587,RMB_per_unit,https://www.sse.com.cn/disclosure/fund/announcement/c/new/2025-12-26/508028_20251226_LP3G.pdf,4c1ce9c43ce03fac865dd7c93217791d81e2f16136380504c311fbf69c73b3b2,visual_verified_official_pdf,pending_independent_review,,,
386cfc8db80d5ecf2602fd9011d605c731771e7e69e8de01c3dadaa6526cc951,full_market_distributions,508028,,2026-05-22,distribution_per_unit,0.6437,RMB_per_unit,https://www.sse.com.cn/disclosure/fund/announcement/c/new/2026-05-22/508028_20260522_N2EU.pdf,a4269c8b9a1f5c524becf8478bd7ccdb3f1a4f0415c0ba5205f85a4a8cc548c0,visual_verified_official_pdf,pending_independent_review,,,
61dec7ab92aaa08a6f0e6474ad5356b8687b961af52f7c69cf957cbc49762c98,full_market_distributions,508031,,2024-09-12,distribution_per_unit,0.06501,RMB_per_unit,https://www.sse.com.cn/disclosure/fund/announcement/c/new/2024-09-12/508031_20240912_FL3W.pdf,2d41cf373ea48cd2544ed79134c80a1b38a345dfe8bfd2e1ada83106d08df7eb,machine_extracted_official_pdf,pending_independent_review,,,
9cb625f8ea500839ad548fd3733f77f217067eac623676624f471e5eb61e60b7,full_market_distributions,508031,,2025-04-22,distribution_per_unit,0.06725,RMB_per_unit,https://www.sse.com.cn/disclosure/fund/announcement/c/new/2025-04-22/508031_20250422_NNQU.pdf,c8bb46e6ad9b581b728dcbea0c4c30c18ff6dafc24d032e32b497d92bf6e64e8,machine_extracted_official_pdf,pending_independent_review,,,
53394c32305b0d1bb68a99b66ec490d8587f2f7b5f39f41d40cf73da4dd9cf75,full_market_distributions,508031,,2025-09-18,distribution_per_unit,0.06336,RMB_per_unit,https://www.sse.com.cn/disclosure/fund/announcement/c/new/2025-09-18/508031_20250918_SKDN.pdf,79628e6fac03b60d2f314d4f6c4a9f4a728dbbad79c1024b47ba19de20526b3b,machine_extracted_official_pdf,pending_independent_review,,,
9786bbeddf0918ad286d18fe1ed0504535632942857c1e055eb656568256751f,full_market_distributions,508031,,2026-04-22,distribution_per_unit,0.0646,RMB_per_unit,https://www.sse.com.cn/disclosure/fund/announcement/c/new/2026-04-22/508031_20260422_RSWK.pdf,b8ecbd02da7b0a64f4b809d77b0fdbb767486dadb68344650f183632079b4584,machine_extracted_official_pdf,pending_independent_review,,,
54b7142cb6a6321d97ebb9461cf0379945c8a80c43830b9a05f8ad610a6cf8d6,full_market_distributions,508033,,2024-04-25,distribution_per_unit,0.4348,RMB_per_unit,https://www.sse.com.cn/disclosure/fund/announcement/c/new/2024-04-25/508033_20240425_8YR8.pdf,56772ebdaf4c24d27092342c8580ee005c4197b8ecd8cb5cd4ec3c68ba1eda41,machine_extracted_official_pdf,pending_independent_review,,,
af1e0f1aa47d2bb3cf614f4fde86145b102664dfbfd9671c259683ceacf8fb92,full_market_distributions,508033,,2024-09-12,distribution_per_unit,0.1294,RMB_per_unit,https://www.sse.com.cn/disclosure/fund/announcement/c/new/2024-09-12/508033_20240912_0UNM.pdf,61cf2522a44cf8d391b0612ea957800bab6e68b86da86e1df133df88531c111e,machine_extracted_official_pdf,pending_independent_review,,,
85e7ebebe459c7fadf232e83bde5b09e53e07d66842e7114d6d7ba6644739e73,full_market_distributions,508033,,2024-12-10,distribution_per_unit,0.2117,RMB_per_unit,https://www.sse.com.cn/disclosure/fund/announcement/c/new/2024-12-10/508033_20241210_0TG1.pdf,9dc48313a514dcc7510cc27499869eb263b06af092687e22a699820528dd5903,machine_extracted_official_pdf,pending_independent_review,,,
7d3a16346a6bb7d9a0505a37bc85c50f1f2f458a6b8a9c4685bb6333e7dfcb13,full_market_distributions,508033,,2025-04-22,distribution_per_unit,0.1596,RMB_per_unit,https://www.sse.com.cn/disclosure/fund/announcement/c/new/2025-04-22/508033_20250422_GVCK.pdf,6109d8335115e67e1e05a545ca47287ce1e0272184daedeeb92707a490d4a335,machine_extracted_official_pdf,pending_independent_review,,,
ad1a6ad433c622088189cc3c80bf7ac093cfedf62627684a0c62d662200a16a3,full_market_distributions,508033,,2025-07-22,distribution_per_unit,0.1937,RMB_per_unit,https://www.sse.com.cn/disclosure/fund/announcement/c/new/2025-07-22/508033_20250722_OEBK.pdf,c241a43747f6d370aa3981d9f47b2c1c127abaa27dba83c4000b59b2db195a0c,machine_extracted_official_pdf,pending_independent_review,,,
bf85d56c2e267529dd79705b0128efc19d899b58d90ff93268e9af8464adeb07,full_market_distributions,508033,,2025-09-19,distribution_per_unit,0.1872,RMB_per_unit,https://www.sse.com.cn/disclosure/fund/announcement/c/new/2025-09-19/508033_20250919_BBV5.pdf,a36d0437903e103e1d5847609941b66e393a918d8b6adefe4fce30b95bfc4857,machine_extracted_official_pdf,pending_independent_review,,,
58bbf2ef62ce922bd3d71f84d638be49ff8604c7be536bc589ae06c04d120442,full_market_distributions,508033,,2025-12-05,distribution_per_unit,0.2241,RMB_per_unit,https://www.sse.com.cn/disclosure/fund/announcement/c/new/2025-12-05/508033_20251205_B8GH.pdf,d6ad0e754fb8dd11f4fd3fe943789b4aa89b4192bbf820e8ae4d7bd372c7f0e7,machine_extracted_official_pdf,pending_independent_review,,,
397079dc45ea5f030dfd4b048f7c2fbccb519b6e56b9f61f111643d4a324a1f2,full_market_distributions,508033,,2026-04-28,distribution_per_unit,0.1508,RMB_per_unit,https://www.sse.com.cn/disclosure/fund/announcement/c/new/2026-04-28/508033_20260428_PTCP.pdf,0034be49d91342cd7d2d5062e3d0ac97948101d76415a781766901aa4664bbdf,machine_extracted_official_pdf,pending_independent_review,,,
366824e5762d4bf8c43a3796c2f7ed8f070204560fc54beba0a76c686af2da69,full_market_distributions,508036,,2025-07-10,distribution_per_unit,0.36,RMB_per_unit,https://www.sse.com.cn/disclosure/fund/announcement/c/new/2025-07-10/508036_20250710_2H83.pdf,b0ed60fc81edb2a9d456b98bd13b3f4f5e40eeea98b58190094953cfb20b3b07,machine_extracted_official_pdf,pending_independent_review,,,
098acf43dac5dc036203cffa137477f36b1ced60e27be873d9796f6648cfb572,full_market_distributions,508036,,2025-09-17,distribution_per_unit,0.34,RMB_per_unit,https://www.sse.com.cn/disclosure/fund/announcement/c/new/2025-09-17/508036_20250917_1012.pdf,1b4e4acd13077f4acd86e072e4be0bc4b3e56cc95cf4cdf6d971cbe0451c624f,machine_extracted_official_pdf,pending_independent_review,,,
30d85a031ec5e88d9fcbd258afb0afafa6a7a1a1e46abd43fd271f3dc6f4137d,full_market_distributions,508036,,2025-12-11,distribution_per_unit,0.185,RMB_per_unit,https://www.sse.com.cn/disclosure/fund/announcement/c/new/2025-12-11/508036_20251211_YNC8.pdf,590c152e3f311542c99cf25c0d237872696a3ffc2e593ab2d9d80482a77ab1bf,machine_extracted_official_pdf,pending_independent_review,,,
12607ae611f2570e9b2e181102583b31857d0df0fca6c618b12266510c0e0012,full_market_distributions,508036,,2026-04-16,distribution_per_unit,0.165,RMB_per_unit,https://www.sse.com.cn/disclosure/fund/announcement/c/new/2026-04-16/508036_20260416_S7L6.pdf,12d634b33da60aee9820409128ad1d008583c1cf2d4307b5a56e678e4584d591,machine_extracted_official_pdf,pending_independent_review,,,
bb24ca93df9843601cb4bf3de90df84a90fb1ffa597bdbcc73f189ba9af7aab4,full_market_distributions,508036,,2026-07-16,distribution_per_unit,0.3,RMB_per_unit,https://www.sse.com.cn/disclosure/fund/announcement/c/new/2026-07-16/508036_20260716_YZ3T.pdf,86aa6ab1ee3a3833ca6755f5fe5aa1a4f1888bb006f3db99bc6f98b9ebfbb4b7,machine_extracted_official_pdf,pending_independent_review,,,
0cf7ce70384b8cfec8dd8b1c038be38481ca18a8eda2f731cb7ab669f85f3179,full_market_distributions,508039,,2026-04-10,distribution_per_unit,0.13,RMB_per_unit,https://www.sse.com.cn/disclosure/fund/announcement/c/new/2026-04-10/508039_20260410_T9O3.pdf,d3835f806e7dd9762ad5121f015c54a2ac7623cb2ce6f7b64bf07b123bd185e5,machine_extracted_official_pdf,pending_independent_review,,,
8d0ae0f0b6e72055c434f12e42c6d74ef3b3587914ac2fe34a4ea1ac463de78a,full_market_distributions,508039,,2026-07-30,distribution_per_unit,0.1247,RMB_per_unit,https://www.sse.com.cn/disclosure/fund/announcement/c/new/2026-07-30/508039_20260730_J9S7.pdf,99cfa3203ae7841cdc13d0923c6cd5761a5cec36d4df64c166a9ffc4617c804c,machine_extracted_official_pdf,pending_independent_review,,,
98920df1700decec929261fbf859b1aa2ed0fe609f8ffe40423a4c62cf1bfd4b,full_market_distributions,508048,,2025-09-05,distribution_per_unit,0.11275,RMB_per_unit,https://www.sse.com.cn/disclosure/fund/announcement/c/new/2025-09-05/508048_20250905_Z3DM.pdf,0758157d0fa673a3f8ef573588467553ea5b33d7c631c0f9b78d643cb5ba5904,machine_extracted_official_pdf,pending_independent_review,,,
393f6b140d8bbfc7b5587063b727963093b3919426bacc1c75c7d022a0114ac3,full_market_distributions,508048,,2026-04-24,distribution_per_unit,0.0699999999999999,RMB_per_unit,https://www.sse.com.cn/disclosure/fund/announcement/c/new/2026-04-24/508048_20260424_LFX4.pdf,d1cf15004a8779fe752c8b4de856dd5d0d66cfe1d5630d522803b4d390e6864b,machine_extracted_official_pdf,pending_independent_review,,,
b6f4fb113451a7fce0eff3cb458aad144818635fb16bc183d324607fa9642ce9,full_market_distributions,508055,,2025-12-17,distribution_per_unit,0.07619,RMB_per_unit,https://www.sse.com.cn/disclosure/fund/announcement/c/new/2025-12-17/508055_20251217_RHZ0.pdf,d219d8fd182ae5538c9869fd96fd5edb7e6fac0f63192f3d07a0dc15cb468892,machine_extracted_official_pdf,pending_independent_review,,,
c420e1cb76a0d07fad9f0b77dce40719277b8c89d35f514c81dfb51dd8ca6bc9,full_market_distributions,508055,,2026-05-27,distribution_per_unit,0.0515399999999999,RMB_per_unit,https://www.sse.com.cn/disclosure/fund/announcement/c/new/2026-05-27/508055_20260527_3FXA.pdf,530cc6238e37e99e925b4c2c6ac84a1232b82f086cb201a6674e1c903975b784,machine_extracted_official_pdf,pending_independent_review,,,
3531a1888bef851ea6a9e573d21d0463af010dc6d2048a1cf4651496af5b494a,full_market_distributions,508055,,2026-08-04,distribution_per_unit,0.0278,RMB_per_unit,https://www.sse.com.cn/disclosure/fund/announcement/c/new/2026-08-04/508055_20260804_A0L8.pdf,3ea2fdfe6e4b3cfde8c8031768512fcbc0f38b456b6ddfce76339c67418529b1,machine_extracted_official_pdf,pending_independent_review,,,
1013fe297db9eb56316f46ac9f249ca7aa7bde564c522dd4001ee650a796713b,full_market_distributions,508056,,2021-11-12,distribution_per_unit,0.0522,RMB_per_unit,https://www.sse.com.cn/disclosure/fund/announcement/c/new/2021-11-12/508056_20211112_1_onnVVo6j.pdf,2ee768b3fe4ca3b79ed8a8279a3ed8414ae9442ee7bb374eacc991f84a7601a8,machine_extracted_official_pdf,pending_independent_review,,,
1e58b155434a9e662d985cf91f384de500c5885109a86f89f99b703fbca37ed8,full_market_distributions,508056,,2022-03-31,distribution_per_unit,0.04843,RMB_per_unit,https://www.sse.com.cn/disclosure/fund/announcement/c/new/2022-03-31/508056_20220331_4_CJNwHfu0.pdf,f5dd9f85380fced1c773771dc4b0ddc4dc25a4f15308b67e558d02104f400902,machine_extracted_official_pdf,pending_independent_review,,,
3491aec7b925cd25a4ac800e6b34f8a9766d4b7b438b3a69a534cada11e3a429,full_market_distributions,508056,,2022-09-01,distribution_per_unit,0.08921,RMB_per_unit,https://www.sse.com.cn/disclosure/fund/announcement/c/new/2022-09-01/508056_20220901_1_DeWP0Zr8.pdf,b20dd166d27ae5fea912d3e715ae6127f7045c565d45aa0aa29f8fa89da27557,machine_extracted_official_pdf,pending_independent_review,,,
e58ea7d7f97b6122cbbad237f1d2a6f564bd4bbfd8bceabf382161f14d669d5d,full_market_distributions,508056,,2023-03-31,distribution_per_unit,0.08801,RMB_per_unit,https://www.sse.com.cn/disclosure/fund/announcement/c/new/2023-03-31/508056_20230331_RFK6.pdf,317004d432627df6b91d034ada501639abeb1ca4385ecb12cef09600577573cc,machine_extracted_official_pdf,pending_independent_review,,,
02d181fbd1ff592516219a021c277445469c9d4a51a124edd291595d1f9a631e,full_market_distributions,508056,,2023-08-31,distribution_per_unit,0.08423,RMB_per_unit,https://www.sse.com.cn/disclosure/fund/announcement/c/new/2023-08-31/508056_20230831_JRL5.pdf,d18bda88196b310ff5ce03e1699ecb392451ac84814b9b5a2ebfe91e3ddb643a,machine_extracted_official_pdf,pending_independent_review,,,
09ed09d2fb784bc7e5f6884fd4f334acbb466810d481ece2c406e90555906088,full_market_distributions,508056,,2023-12-16,distribution_per_unit,0.0424999999999999,RMB_per_unit,https://www.sse.com.cn/disclosure/fund/announcement/c/new/2023-12-16/508056_20231216_CYQ6.pdf,abe6ed5c4ad864ff729269942809cec874ff987c999e47fc19e06c7b2eecbac9,machine_extracted_official_pdf,pending_independent_review,,,
79b635776ed81c88dd63ec28a726dfce0a5ebca1e09fd49fd40a6d0a2a43ae56,full_market_distributions,508056,,2024-03-29,distribution_per_unit,0.05405,RMB_per_unit,https://www.sse.com.cn/disclosure/fund/announcement/c/new/2024-03-29/508056_20240329_O7ZA.pdf,4824c5fe059bcbb97620ab1e979bfbb6a356938573d43d698071df806d91c67e,machine_extracted_official_pdf,pending_independent_review,,,
2dbdd50dcea53237b5239063ad5165068f16265c1b71d6e4acb3f732c2f35b09,full_market_distributions,508056,,2024-07-30,distribution_per_unit,0.0458299999999999,RMB_per_unit,https://www.sse.com.cn/disclosure/fund/announcement/c/new/2024-07-30/508056_20240730_U2YM.pdf,74bee08923d3800c00fefa087fbd6a1ac6e82a68a33bdc371b07066274355de4,machine_extracted_official_pdf,pending_independent_review,,,
538d9616849db45233db6363bf1f1f8ae0029807d239ddfed1b00a646333ccc2,full_market_distributions,508056,,2024-10-25,distribution_per_unit,0.04413,RMB_per_unit,https://www.sse.com.cn/disclosure/fund/announcement/c/new/2024-10-25/508056_20241025_0X9Z.pdf,ed8e124a294df023566de3ff0b8d31f7a4c171214d6c91dc4c33333c54ce9ca5,machine_extracted_official_pdf,pending_independent_review,,,
4f8ff12e69d7b0edfa08db0facac73b833f272dd0c14af840ce16f2475f52cd4,full_market_distributions,508056,,2024-12-27,distribution_per_unit,0.04547,RMB_per_unit,https://www.sse.com.cn/disclosure/fund/announcement/c/new/2024-12-27/508056_20241227_W6VY.pdf,3080619b369ac78b2741dfd5aec9e36b4f9a4be0bff37613ceb56ba6a3be107f,machine_extracted_official_pdf,pending_independent_review,,,
896981f24ddc13b8788decf4f1af4bc008ae326e2f1ba8c723c383291b9b8eb3,full_market_distributions,508056,,2025-03-28,distribution_per_unit,0.0495,RMB_per_unit,https://www.sse.com.cn/disclosure/fund/announcement/c/new/2025-03-28/508056_20250328_VHCG.pdf,7afd0314e19d700d42974f2eb7e2b5a1715f04db45345832508e54cec7b629f5,machine_extracted_official_pdf,pending_independent_review,,,
f2224a198427f5d8bf783a7d7970990d8dcbfc2eda0428cf8135ef5ed367b9a7,full_market_distributions,508056,,2025-07-18,distribution_per_unit,0.04059,RMB_per_unit,https://www.sse.com.cn/disclosure/fund/announcement/c/new/2025-07-18/508056_20250718_L4HD.pdf,7b408ab0263d671376c8eb061517fd30c159a2d84c3e422851e287cfefda5098,machine_extracted_official_pdf,pending_independent_review,,,
0a7238098816acf92fafc3a1d032adeb9c4c918ff85119e65e58da0b880f9957,full_market_distributions,508056,,2025-10-28,distribution_per_unit,0.04318,RMB_per_unit,https://www.sse.com.cn/disclosure/fund/announcement/c/new/2025-10-28/508056_20251028_S8A9.pdf,b64dd55f3401f102cae2e61afdb48d521fb4df6e2685ef1ac9753479c9247495,machine_extracted_official_pdf,pending_independent_review,,,
499b85b7025674e27848a998c60a011665b4982e6cd86ec0fe16d4e9332a6f7d,full_market_distributions,508056,,2025-12-25,distribution_per_unit,0.04335,RMB_per_unit,https://www.sse.com.cn/disclosure/fund/announcement/c/new/2025-12-25/508056_20251225_7W42.pdf,3657a6c8d8749e4ae601cc7d9949170df8fbfccd4022834436fa94ab31303808,machine_extracted_official_pdf,pending_independent_review,,,
3cae6b4d99f2d4929a5d3e5ac4dfaccccde3f786b5f23d4b5f1218267e456635,full_market_distributions,508056,,2026-04-01,distribution_per_unit,0.0458,RMB_per_unit,https://www.sse.com.cn/disclosure/fund/announcement/c/new/2026-04-01/508056_20260401_FZUJ.pdf,3d3adc32c3d5934b8b2cd74762c58854f63c306af0140043122e0de00fd2d988,machine_extracted_official_pdf,pending_independent_review,,,
d0116d2e7d39672ecf0aaa2278921de37f5eab1251fec58b77483ecab4489f56,full_market_distributions,508056,,2026-06-30,distribution_per_unit,0.03376,RMB_per_unit,https://www.sse.com.cn/disclosure/fund/announcement/c/new/2026-06-30/508056_20260630_ODX8.pdf,7f9b2e0416a14ab5b08988ffafd7e373f037b01212dffca8125e966c293d8649,machine_extracted_official_pdf,pending_independent_review,,,
976de3a86b993e158a791d740a3759e9eb3698e22eaeb3e5ae3e00839aaf3e61,full_market_distributions,508058,,2023-03-31,distribution_per_unit,0.0419099999999999,RMB_per_unit,https://www.sse.com.cn/disclosure/fund/announcement/c/new/2023-03-31/508058_20230331_K74W.pdf,91f43cfdba03172986f9e7cd64ca8ba84614a84c85637c23bcc101e59aa3a7bb,machine_extracted_official_pdf,pending_independent_review,,,
85db89dee746e5f1dfb0e2d1589dbed71581ab2bb74e76c83bf53a173e7afc8f,full_market_distributions,508058,,2023-08-31,distribution_per_unit,0.05201,RMB_per_unit,https://www.sse.com.cn/disclosure/fund/announcement/c/new/2023-08-31/508058_20230831_G3QS.pdf,1ac117a0c4cfcce82c7b80ef280dec6cab31585182ef4b95039fafccfd79979b,machine_extracted_official_pdf,pending_independent_review,,,
bf9b6244f893467cc839f0844cea0f5fd999df429dba27b5bb35d7340d710597,full_market_distributions,508058,,2024-03-29,distribution_per_unit,0.06282,RMB_per_unit,https://www.sse.com.cn/disclosure/fund/announcement/c/new/2024-03-29/508058_20240329_U61C.pdf,066e428873bc5c4e3b9d29dd3cab6578b6339fffa169ecff5e3c723a2e14ff77,machine_extracted_official_pdf,pending_independent_review,,,
bd76fe29bc1cc6f8355b2721efbdae09194b011eebf8ca944cdab022d43468bd,full_market_distributions,508058,,2024-08-30,distribution_per_unit,0.0581999999999999,RMB_per_unit,https://www.sse.com.cn/disclosure/fund/announcement/c/new/2024-08-30/508058_20240830_QIMV.pdf,31429053bc87f36a9d4ac76ea9b4e46167d784c90b7b7c7714e6f1cf954069b3,machine_extracted_official_pdf,pending_independent_review,,,
6a2e10f13fa43ffe12570d967a50590291e452096edfd04609d5457ac434c12e,full_market_distributions,508058,,2025-03-28,distribution_per_unit,0.0581,RMB_per_unit,https://www.sse.com.cn/disclosure/fund/announcement/c/new/2025-03-28/508058_20250328_Z0YI.pdf,65e68e47c29e8022dd3313de675d0678c36146a5b604c6d00a6c75f2f39b0552,machine_extracted_official_pdf,pending_independent_review,,,
82c241eea690693d3c29a737de1033936e9344600e9a0472b4041002ceb9ec8f,full_market_distributions,508058,,2025-08-29,distribution_per_unit,0.05934,RMB_per_unit,https://www.sse.com.cn/disclosure/fund/announcement/c/new/2025-08-29/508058_20250829_ML4M.pdf,501f40149b01fb4eaf85c2f96282ff43c5eb5254338da2d038f82fe8896c0891,machine_extracted_official_pdf,pending_independent_review,,,
32936b7541493314edd857f5c56c98396fb7dd16c0ef17e0c95ebf158a73e36d,full_market_distributions,508058,,2026-04-02,distribution_per_unit,0.05969,RMB_per_unit,https://www.sse.com.cn/disclosure/fund/announcement/c/new/2026-04-02/508058_20260402_1TNO.pdf,50bee111b9bb64560bbddaa2e340c2dafd2b13a660549e03c76c828aa8eb3235,machine_extracted_official_pdf,pending_independent_review,,,
1340c9ff00ffba52e79f8f1ba6bc639e0f43c9648591f811d7fc41a0fffec711,full_market_distributions,508058,,2026-08-28,distribution_per_unit,0.047,RMB_per_unit,https://www.sse.com.cn/disclosure/fund/announcement/c/new/2026-08-28/508058_20260828_B0UA.pdf,f53a7411a65185574d47cb793ff6ae87f3cc13940c02dc6bd0e2de215fd71d8b,machine_extracted_official_pdf,pending_independent_review,,,
774d0c8943dbb0afc81eb5b0fc93466fda9130a83bc76ee061aaba3adec6c5c0,full_market_distributions,508060,,2026-05-14,distribution_per_unit,0.115,RMB_per_unit,https://www.sse.com.cn/disclosure/fund/announcement/c/new/2026-05-14/508060_20260514_3ST4.pdf,3ea971104e0e3bcf0f6864be91e36c705dc5755b048e5f70315a01805334b572,machine_extracted_official_pdf,pending_independent_review,,,
af76c3e6ac717ca4f174fd422ef2b288209ac8a2ede0bd44ade877abcfb97a10,full_market_distributions,508060,,2026-08-07,distribution_per_unit,0.065,RMB_per_unit,https://www.sse.com.cn/disclosure/fund/announcement/c/new/2026-08-07/508060_20260807_WTSA.pdf,0bed67e55ae1231dae8b71eefa7045cd8c08e4ace015f00ccd2f657ff6b79683,machine_extracted_official_pdf,pending_independent_review,,,
af1f44777efdf97438bb85612b3d4172ba28abf6349d9900b019a43fa47646f5,full_market_distributions,508066,,2023-10-24,distribution_per_unit,0.32508,RMB_per_unit,https://www.sse.com.cn/disclosure/fund/announcement/c/new/2023-10-24/508066_20231024_KWWQ.pdf,067bbd6e29eb126bacb87261c83b375156d92d14a586dbb9ee4dfdc84a44ff90,machine_extracted_official_pdf,pending_independent_review,,,
75e44bbe564da59166ff677ee83b863bba2c13944272baa7bd024d0372d8f8d7,full_market_distributions,508066,,2024-08-22,distribution_per_unit,0.31856,RMB_per_unit,https://www.sse.com.cn/disclosure/fund/announcement/c/new/2024-08-22/508066_20240822_3QSZ.pdf,617b08c8606d39aea12e4f951fa620df219a29c4f6f84858179e310a76806ed6,machine_extracted_official_pdf,pending_independent_review,,,
ad5fdaca82cd5882fdafa242093c034b759125193931570872b7c933387ec608,full_market_distributions,508066,,2025-04-25,distribution_per_unit,0.1088,RMB_per_unit,https://www.sse.com.cn/disclosure/fund/announcement/c/new/2025-04-25/508066_20250425_OW3E.pdf,238d06f9415f320d6616d1f364045d329dc86cb9e25ab8012c24c9960e8bed7b,machine_extracted_official_pdf,pending_independent_review,,,
dcba4e8ee134f7d51954ff3e8ffe89994d85c27f9b5c33e68198e1aa15e3b47e,full_market_distributions,508066,,2025-08-27,distribution_per_unit,0.36723,RMB_per_unit,https://www.sse.com.cn/disclosure/fund/announcement/c/new/2025-08-27/508066_20250827_ETQG.pdf,9c3605eb52e01dbb74ac5524c97a96999197877e9d3401fb6499f0f875bcb0c3,machine_extracted_official_pdf,pending_independent_review,,,
d3d6e4d077e45acbc8a4e6346672780e1d50b6394d43187a64f74b28da6f641b,full_market_distributions,508066,,2025-12-17,distribution_per_unit,0.13895,RMB_per_unit,https://www.sse.com.cn/disclosure/fund/announcement/c/new/2025-12-17/508066_20251217_C59Y.pdf,56e01378a4647773d1a7b20722455af0da7f5ee107e8224486c73aa30e0fc4d7,machine_extracted_official_pdf,pending_independent_review,,,
f5fb4567deca478d753d909eeeeac7013f413f2245125376fdbacdad8eed9836,full_market_distributions,508066,,2026-04-21,distribution_per_unit,0.18756,RMB_per_unit,https://www.sse.com.cn/disclosure/fund/announcement/c/new/2026-04-21/508066_20260421_VTWZ.pdf,75658ecb43be8516be8567cc8a7644c63b24a011f857b0615a6cce1159029f47,machine_extracted_official_pdf,pending_independent_review,,,
2f244b3948072996c1282cb88f430666a334e61e6746bf392f1150cabbdb4d01,full_market_distributions,508066,,2026-08-20,distribution_per_unit,0.42519,RMB_per_unit,https://www.sse.com.cn/disclosure/fund/announcement/c/new/2026-08-20/508066_20260820_REZ9.pdf,e04e8d93b3b555e7c449a199f520a7e96a0d33e3ca2dab27e7af1ee878f575ab,machine_extracted_official_pdf,pending_independent_review,,,
5f373af8d46be177eba3cdf6f9048d83d6ded7245d2086f27971ac41537da0f6,full_market_distributions,508068,,2023-04-13,distribution_per_unit,0.03825,RMB_per_unit,https://www.sse.com.cn/disclosure/fund/announcement/c/new/2023-04-13/508068_20230413_3N23.pdf,1a317d609c6ca627bf2cc44f49da2899ad781dba90fda6cb6e1ac6e96346dc6d,machine_extracted_official_pdf,pending_independent_review,,,
a078f91f662c7fc0ec60a5550670855b1c499376158b534f9e8aa96dc210f76e,full_market_distributions,508068,,2023-10-11,distribution_per_unit,0.05504,RMB_per_unit,https://www.sse.com.cn/disclosure/fund/announcement/c/new/2023-10-11/508068_20231011_TS8P.pdf,e06581386fe0a26b19bebe6ee300a5d22b4165e2fa4aedf77595984f9ed78ea9,machine_extracted_official_pdf,pending_independent_review,,,
0fb34a62f4312c39bcca4f1b0214b3fb66e93515eeadbcdda4c27b6100570216,full_market_distributions,508068,,2024-04-19,distribution_per_unit,0.05506,RMB_per_unit,https://www.sse.com.cn/disclosure/fund/announcement/c/new/2024-04-19/508068_20240419_9GY9.pdf,88ed75c9a4945015445b688fcbf6bba4a85d0d07eadec458170fe3a22610aaeb,machine_extracted_official_pdf,pending_independent_review,,,
b77fcac4397c94b2746e52d24f68ad46d68c72643b8189a32cb6c78539e7bac7,full_market_distributions,508068,,2024-09-10,distribution_per_unit,0.05366,RMB_per_unit,https://www.sse.com.cn/disclosure/fund/announcement/c/new/2024-09-10/508068_20240910_GOJS.pdf,04b11a95698b8158f367dd3317cc2342d49753a4c24503a8e43dedeaeb0c6797,machine_extracted_official_pdf,pending_independent_review,,,
55ac6167858f8e8b5b4b473dc7f6c50e96cdc0246f0bd256d5aee29b7d40eba1,full_market_distributions,508068,,2025-05-08,distribution_per_unit,0.05404,RMB_per_unit,https://www.sse.com.cn/disclosure/fund/announcement/c/new/2025-05-08/508068_20250508_G13O.pdf,66d51086af89f083b9fcaead4beb9997f0d19ea5a3953a1001c48d5e7a5252f6,machine_extracted_official_pdf,pending_independent_review,,,
da5d0f25c9910e94dee8b9ab73a87b5649b876caedd77f6f96baf43c8a444cd5,full_market_distributions,508068,,2025-11-26,distribution_per_unit,0.04,RMB_per_unit,https://www.sse.com.cn/disclosure/fund/announcement/c/new/2025-11-26/508068_20251126_X8TI.pdf,893d81c915ad4657018c7bd64e865232ab43b587a6452f900a2fb5b8d1464ba1,machine_extracted_official_pdf,pending_independent_review,,,
2f9a1d2e08d563b1ad129881fbe1ab8f9df22f4f8bcbedcd7121350f33d43dd3,full_market_distributions,508068,,2026-05-13,distribution_per_unit,0.06,RMB_per_unit,https://www.sse.com.cn/disclosure/fund/announcement/c/new/2026-05-13/508068_20260513_2QMJ.pdf,f832d81b730aeca281a5d6836fcd3d31658a7b39cfcf6ddd1fd45745bd6a81fe,machine_extracted_official_pdf,pending_independent_review,,,
fd7917a668bffa6aa688a91885d93b2c10514118e78159cbc69d5a483daa8bd8,full_market_distributions,508069,,2025-05-14,distribution_per_unit,0.3535,RMB_per_unit,https://www.sse.com.cn/disclosure/fund/announcement/c/new/2025-05-14/508069_20250514_ZKE3.pdf,b2af1285c5491eb0a7a1d8d06135666d7c222877a0bb14b796aec210d6b33327,machine_extracted_official_pdf,pending_independent_review,,,
668599bc9993c8e251765ab361b244809190dacfa55c1d6031d88ab2abce8cc4,full_market_distributions,508069,,2025-07-09,distribution_per_unit,0.1365,RMB_per_unit,https://www.sse.com.cn/disclosure/fund/announcement/c/new/2025-07-09/508069_20250709_01QL.pdf,d8b5ee2e15afa204cbb04d99987a5ded8ff3fb248f748c8cfd7da4dd4ad9c958,machine_extracted_official_pdf,pending_independent_review,,,
ee29724d5f818d34d59c2ff2ad6d200976613ee17052f39216dd3b40f7c1406f,full_market_distributions,508069,,2025-09-10,distribution_per_unit,0.1463,RMB_per_unit,https://www.sse.com.cn/disclosure/fund/announcement/c/new/2025-09-10/508069_20250910_TPVJ.pdf,04012c96095a4bd78af5aaa519a97eaa877a39628627ca43f964b6f42a398835,machine_extracted_official_pdf,pending_independent_review,,,
619d1220818e0569048a49ab072a05f072927e0e5e79fa15b27ce3cf4419d023,full_market_distributions,508069,,2025-11-26,distribution_per_unit,0.1355,RMB_per_unit,https://www.sse.com.cn/disclosure/fund/announcement/c/new/2025-11-26/508069_20251126_1OO1.pdf,9ba5cac299b7a0507a65def942248af27eb0f943182b9f292c289636357a2e32,machine_extracted_official_pdf,pending_independent_review,,,
76ae4204b93e3fe4cdcb1854eddc6cfd2506f25243603fa54d29c9658ac7e546,full_market_distributions,508069,,2026-05-13,distribution_per_unit,0.179,RMB_per_unit,https://www.sse.com.cn/disclosure/fund/announcement/c/new/2026-05-13/508069_20260513_2KIQ.pdf,d8914ec70b62c8bd0bf27bedbcc1986e75f759462dacb8ad0f6daf6d06af4066,machine_extracted_official_pdf,pending_independent_review,,,
fa0b16e0cbfb4d51bd9a3b54ddb537af9b19f5fab8b950248527b52ed770809e,full_market_distributions,508069,,2026-06-10,distribution_per_unit,0.1498,RMB_per_unit,https://www.sse.com.cn/disclosure/fund/announcement/c/new/2026-06-10/508069_20260610_JCQ1.pdf,5c5ff34bb815d786665ae748f188d9618f505758187241d73c19a1a03cadaf86,machine_extracted_official_pdf,pending_independent_review,,,
c5a20c54a48a7827cc0c8f9aa5375d3a921ec3dddb7df32fa6e4cb6e31291794,full_market_distributions,508077,,2023-08-17,distribution_per_unit,0.07846,RMB_per_unit,https://www.sse.com.cn/disclosure/fund/announcement/c/new/2023-08-17/508077_20230817_04KP.pdf,b5b1f8d3170527bc932e973e9ea843740f1e498f64fdb38e962a7d0ad4fa2993,machine_extracted_official_pdf,pending_independent_review,,,
7c0d0e7c93640e08b7182ec021aae84ca2d8879557972f7e21333fba297b647b,full_market_distributions,508077,,2024-04-03,distribution_per_unit,0.05738,RMB_per_unit,https://www.sse.com.cn/disclosure/fund/announcement/c/new/2024-04-03/508077_20240403_JKRL.pdf,a9658a158da68a90c238305d42d2f33bd0570921d36085724ef83ce38e8938bf,machine_extracted_official_pdf,pending_independent_review,,,
ff841a494842b4285adef25617dd64b6aaf301d61f4157d0444efc0c68686ac3,full_market_distributions,508077,,2024-05-15,distribution_per_unit,0.0243999999999999,RMB_per_unit,https://www.sse.com.cn/disclosure/fund/announcement/c/new/2024-05-15/508077_20240515_I90S.pdf,4c1e1c6a000acecf4dc8f7c0772839433c1ef0302ea9b327d4ec070d8996e2ea,machine_extracted_official_pdf,pending_independent_review,,,
41cf33b40f79c87e0a86de5aee0784b55d39e622551601659a1b90993f5e03f3,full_market_distributions,508077,,2024-08-01,distribution_per_unit,0.02442,RMB_per_unit,https://www.sse.com.cn/disclosure/fund/announcement/c/new/2024-08-01/508077_20240801_R4VA.pdf,8ea3bca2848570b5e1db3413dfadd524033fccabf5a91112fd92c8101c329d0d,machine_extracted_official_pdf,pending_independent_review,,,
28e3976973942cfeede7fe004aa624456751c7760fcadfe4ff683441e1c99a19,full_market_distributions,508077,,2024-11-14,distribution_per_unit,0.02463,RMB_per_unit,https://www.sse.com.cn/disclosure/fund/announcement/c/new/2024-11-14/508077_20241114_092W.pdf,c705da287af9fbb380998e4ee62ace438a6954fd81a44ae09fac9d58c710018a,machine_extracted_official_pdf,pending_independent_review,,,
7896375b0c5f317bd2237ea9786e7d46827ef41742dd84bc8f962959c0e989f6,full_market_distributions,508077,,2025-02-20,distribution_per_unit,0.02464,RMB_per_unit,https://www.sse.com.cn/disclosure/fund/announcement/c/new/2025-02-20/508077_20250220_13Q4.pdf,f89a04e088e6ae7e835677d5aa1d137f6661e4f59aecc1e0f3c990e8cd3037c5,machine_extracted_official_pdf,pending_independent_review,,,
ebf51f9ba40a31ef6200baade79f05f1d91ed28e8b920736ad491e6497126356,full_market_distributions,508077,,2025-05-16,distribution_per_unit,0.0242,RMB_per_unit,https://www.sse.com.cn/disclosure/fund/announcement/c/new/2025-05-16/508077_20250516_23FW.pdf,7b814238f7f13ae2a691a6d353e8a10f220e750a5bf83df64c76f3161ba355ff,machine_extracted_official_pdf,pending_independent_review,,,
09f99b8ab285f8ffb7a8b90992893c7afd525c7abbdb351e1d3115f0e9ae25da,full_market_distributions,508077,,2025-08-08,distribution_per_unit,0.02446,RMB_per_unit,https://www.sse.com.cn/disclosure/fund/announcement/c/new/2025-08-08/508077_20250808_8T9R.pdf,67509f5ea2b79d203a06f3614db831b1bc89d910130c33b72e3ce8c27ffc303a,machine_extracted_official_pdf,pending_independent_review,,,
b7ed68d03a8d20bba0aeb0c135cf1a0b65be238337749c7bf277372ef098cd38,full_market_distributions,508077,,2025-11-12,distribution_per_unit,0.02475,RMB_per_unit,https://www.sse.com.cn/disclosure/fund/announcement/c/new/2025-11-12/508077_20251112_B5V3.pdf,ad434cd9f5395fef323c44788e02f0e545fc7fee103b33e580c782bdadfea4f8,machine_extracted_official_pdf,pending_independent_review,,,
cc73bc9cde68549b89b9e97422147502d64ef016ae8c7fe18e9cb617d60a2583,full_market_distributions,508077,,2026-03-11,distribution_per_unit,0.01462,RMB_per_unit,https://www.sse.com.cn/disclosure/fund/announcement/c/new/2026-03-11/508077_20260311_1I6A.pdf,94451f14a0d9bc0d91b52e3536c8fca414ede2cfc2ebc2d04264e9b6cea2e6e6,machine_extracted_official_pdf,pending_independent_review,,,
5d30653f0a1bb29a85b194890917b20feda399b98f9cad3d4aa0cc39d8885709,full_market_distributions,508077,,2026-05-20,distribution_per_unit,0.02378,RMB_per_unit,https://www.sse.com.cn/disclosure/fund/announcement/c/new/2026-05-20/508077_20260520_19BV.pdf,eeff120e34f27adc26ae9c5610a3fba5ed0533e2464b71b98e2986415d608fcb,machine_extracted_official_pdf,pending_independent_review,,,
107fa25d10d3a6193997aed21e3dac88f7f0bfdd22cd7168d6f3a369d8c00bb1,full_market_distributions,508077,,2026-08-19,distribution_per_unit,0.02402,RMB_per_unit,https://www.sse.com.cn/disclosure/fund/announcement/c/new/2026-08-19/508077_20260819_59D6.pdf,98833a63a003d2fdf40a22be867dc86e93fc8da71e2d44b6db11f2d4d2aa7935,machine_extracted_official_pdf,pending_independent_review,,,
be688f7fc6c04d22526a2b0dd78b5ae6de6afeae8e1969b15d4d13c1c27a0748,full_market_distributions,508078,,2025-05-30,distribution_per_unit,0.06563,RMB_per_unit,https://www.sse.com.cn/disclosure/fund/announcement/c/new/2025-05-30/508078_20250530_EBST.pdf,2c769465c7fd7510c4f2f7ef6830c6b2e8d40ee57688876a758288890a5b57cc,machine_extracted_official_pdf,pending_independent_review,,,
5928dbc412e641e4924c05d5110a480fbc45ac9b714039e001d40304dc66a2e9,full_market_distributions,508078,,2025-11-12,distribution_per_unit,0.06771,RMB_per_unit,https://www.sse.com.cn/disclosure/fund/announcement/c/new/2025-11-12/508078_20251112_7H6Z.pdf,68719a23e6de75e0d8313d85e84b09fa5ae9fcd79b960e0320e5b285ed063c11,machine_extracted_official_pdf,pending_independent_review,,,
61a0be003423b3eeed983a1b7263b9be8e9c169f923b1519f0f86622f00ecce0,full_market_distributions,508078,,2026-05-27,distribution_per_unit,0.0881,RMB_per_unit,https://www.sse.com.cn/disclosure/fund/announcement/c/new/2026-05-27/508078_20260527_S6J1.pdf,f4067a6fb507058c0848e0863716e63aff6d6f591d975db2e33c13e789e17067,machine_extracted_official_pdf,pending_independent_review,,,
cabb0a6cb2b73ba7478e6a0c0bc9fe17d18f102847f8bf9326b2297f8e970c5f,full_market_distributions,508080,,2026-04-02,distribution_per_unit,0.09,RMB_per_unit,https://www.sse.com.cn/disclosure/fund/announcement/c/new/2026-04-02/508080_20260402_0BCD.pdf,e0863a9a2a4da70065068c13411d2a59f0651d7c640c610104e6162a76a948da,machine_extracted_official_pdf,pending_independent_review,,,
c051057455293737c5795fa0623d37c418983175a2db5511eeffbd55a339a918,full_market_distributions,508080,,2026-08-28,distribution_per_unit,0.0857,RMB_per_unit,https://www.sse.com.cn/disclosure/fund/announcement/c/new/2026-08-28/508080_20260828_OSJD.pdf,efff5a65c5f1cdd98d25c3f2b53bfb865a50dc005302a8ac5119bb8a59940a8c,machine_extracted_official_pdf,pending_independent_review,,,
71c7e1f9d5caa0f6d34d93c9dc72754ac623871fd517ae98ef4f3038efaa9942,full_market_distributions,508082,,2026-04-01,distribution_per_unit,0.0569999999999999,RMB_per_unit,https://www.sse.com.cn/disclosure/fund/announcement/c/new/2026-04-01/508082_20260401_LY85.pdf,3a295623124c215bc7b9f781412ab89a628457d95d4cdf3caaf83a61bea36976,machine_extracted_official_pdf,pending_independent_review,,,
a41498350951f0a930c1f9864ce7c708fc41833aff005a0b17023f83ac9435e6,full_market_distributions,508082,,2026-06-25,distribution_per_unit,0.04666,RMB_per_unit,https://www.sse.com.cn/disclosure/fund/announcement/c/new/2026-06-25/508082_20260625_8JWH.pdf,eb4498efb6895e602f4cc36e205e0aa91ce016d6522f11bb0100e5d409d54bfd,machine_extracted_official_pdf,pending_independent_review,,,
b42915e0d742f8e272fffb89a6dbc23fbfd3f26c43df901269a368693ca3f3b7,full_market_distributions,508084,,2025-12-09,distribution_per_unit,0.09456,RMB_per_unit,https://www.sse.com.cn/disclosure/fund/announcement/c/new/2025-12-09/508084_20251209_KMCU.pdf,231d08f945766caf32b40e4b3e17c95d9a87a179ffbf7a38e5e945f7a1a45d08,machine_extracted_official_pdf,pending_independent_review,,,
3bfe5cf95bf8c0e11d0272e7c4512686a28e6f15005e6db8912ff736e1fd25cb,full_market_distributions,508084,,2026-06-04,distribution_per_unit,0.08229,RMB_per_unit,https://www.sse.com.cn/disclosure/fund/announcement/c/new/2026-06-04/508084_20260604_JWL5.pdf,8004f8cba74cd0d848197e91e1ff6fc3ca9dc97534711716f8d914b3a425599c,machine_extracted_official_pdf,pending_independent_review,,,
ca188b892d55302106cb22b5157a40d533f575486bf0bcd4148c6732d2802398,full_market_distributions,508085,,2025-09-30,distribution_per_unit,0.0323699999999999,RMB_per_unit,https://www.sse.com.cn/disclosure/fund/announcement/c/new/2025-09-30/508085_20250930_2ESG.pdf,65e0dbfa8b317aa07da33e96f2fb1907a98fa553327e13538b26edb3c345c03d,machine_extracted_official_pdf,pending_independent_review,,,
7e9ff1786a66b35a9184bed3f23d40ac7e90aa71b929fafdc56b51d656566356,full_market_distributions,508085,,2025-12-17,distribution_per_unit,0.0192,RMB_per_unit,https://www.sse.com.cn/disclosure/fund/announcement/c/new/2025-12-17/508085_20251217_QHB4.pdf,a00858d6bbb94908e19baadedffe3ae0cbb74ed3f8670c21657b1095d497fdd2,machine_extracted_official_pdf,pending_independent_review,,,
f046f284be63f10c35c89d38c69cbc5437c9347c0234dd845d09b3deaa881413,full_market_distributions,508085,,2026-04-21,distribution_per_unit,0.02424,RMB_per_unit,https://www.sse.com.cn/disclosure/fund/announcement/c/new/2026-04-21/508085_20260421_8E6P.pdf,9df73add99ca83bf948741cc1e21dac08b7c733654885e7235ed27b8ebab9342,machine_extracted_official_pdf,pending_independent_review,,,
7976f88f356de36982847c7b70e2542cfeacc449705ab7a985cff0ac841f2d75,full_market_distributions,508085,,2026-08-20,distribution_per_unit,0.05872,RMB_per_unit,https://www.sse.com.cn/disclosure/fund/announcement/c/new/2026-08-20/508085_20260820_9C1N.pdf,efd16e51c070c3900663089dcde133ab237fe13817dae930231a8dac393a623a,machine_extracted_official_pdf,pending_independent_review,,,
6e884b8c89dc081b6dc27f0da13450d8487cb2f2de7f270dc6d40c4eeeac01e1,full_market_distributions,508086,,2024-09-30,distribution_per_unit,0.241,RMB_per_unit,https://www.sse.com.cn/disclosure/fund/announcement/c/new/2024-09-30/508086_20240930_6KSC.pdf,fa3e13d3efa790abde328a4185ad3eff2f32aa5eaa1f6ecf329b7348634a31ac,machine_extracted_official_pdf,pending_independent_review,,,
7396f626e3f19b49929c38eb0f3691338e25f4eb6f18ab215fa7551efce115bd,full_market_distributions,508086,,2024-12-26,distribution_per_unit,0.185,RMB_per_unit,https://www.sse.com.cn/disclosure/fund/announcement/c/new/2024-12-26/508086_20241226_2MGP.pdf,9be84fa524c1c6d7e4c70c2a0197ed6c4094e75a32ff4f5b46611cc2929ada1d,machine_extracted_official_pdf,pending_independent_review,,,
dc65e43fbd3f10fb5c70760c29f358e438b36dcdae4ea905d7d3d1f86c19ee07,full_market_distributions,508086,,2025-04-03,distribution_per_unit,0.114,RMB_per_unit,https://www.sse.com.cn/disclosure/fund/announcement/c/new/2025-04-03/508086_20250403_6K0Z.pdf,f08558c37cafc9a4f03248b011f149014e6f8f7087c37b628ed1195d3d68ada4,machine_extracted_official_pdf,pending_independent_review,,,
e1e9b10f79756c312da2a6839f4858f6310ba3f5c447559bd823ac82f3d19532,full_market_distributions,508086,,2025-07-30,distribution_per_unit,0.13,RMB_per_unit,https://www.sse.com.cn/disclosure/fund/announcement/c/new/2025-07-30/508086_20250730_YV6R.pdf,b509dab2f54d8eeba77801da5444b8bd3edfeff63ff409f0ad1999ecd6c1d191,machine_extracted_official_pdf,pending_independent_review,,,
0ba33b0ed46ea31fa6094d9a95dd7174a7ef966b62a40a2268eee2ab34ba3b62,full_market_distributions,508086,,2025-09-22,distribution_per_unit,0.106,RMB_per_unit,https://www.sse.com.cn/disclosure/fund/announcement/c/new/2025-09-22/508086_20250922_EKGO.pdf,96411cb788cec8752603c4b0ad8bc48bccef8e450ca78363c7accf30e1c96d72,machine_extracted_official_pdf,pending_independent_review,,,
5e2d1e0807fafb20903ad279c373d6448bd8b020e0dec3b4dc04d12315356cdd,full_market_distributions,508086,,2025-12-22,distribution_per_unit,0.135,RMB_per_unit,https://www.sse.com.cn/disclosure/fund/announcement/c/new/2025-12-22/508086_20251222_8W87.pdf,c5045e9a91aa32c40529516603fb1ac69bee882e820e3033b02ef312a538989f,machine_extracted_official_pdf,pending_independent_review,,,
6a7a6c5320a36149a8bb6021eb682f4e9f6982d01ca8a9be29fbe7801e0b233e,full_market_distributions,508086,,2026-06-24,distribution_per_unit,0.102,RMB_per_unit,https://www.sse.com.cn/disclosure/fund/announcement/c/new/2026-06-24/508086_20260624_O83J.pdf,41d1bda0d3532b206aa3be6ca9a9193d1cc1c58e2236c7b9673b363cee0c3a27,machine_extracted_official_pdf,pending_independent_review,,,
2308efcda5e7b1a77a68ad484bc95333bf3895ed36dfc8e542d5dc501bb06074,full_market_distributions,508086,,2026-08-19,distribution_per_unit,0.0819999999999999,RMB_per_unit,https://www.sse.com.cn/disclosure/fund/announcement/c/new/2026-08-19/508086_20260819_U77Q.pdf,4c6fe7ad381ff0ce60d226a235f6fa1b5ba50af2e54366b841a868975fcc9c70,machine_extracted_official_pdf,pending_independent_review,,,
b92dfd923d04e203ed537707a0752fbe11ee8304cb456631c9c995be7f49fcf6,full_market_distributions,508087,,2025-08-05,distribution_per_unit,0.38419,RMB_per_unit,https://www.sse.com.cn/disclosure/fund/announcement/c/new/2025-08-05/508087_20250805_GIQD.pdf,3ed28060ad046a412671c0f39717ed55661f923f56f58323c4e317c46ec74ab7,machine_extracted_official_pdf,pending_independent_review,,,
2c3fc4fc664d1886339aa56f7ab41835b37178ee0080a2a4af384eac3f559987,full_market_distributions,508087,,2026-04-22,distribution_per_unit,0.25792,RMB_per_unit,https://www.sse.com.cn/disclosure/fund/announcement/c/new/2026-04-22/508087_20260422_J4HK.pdf,e712d2afd62f323192a4e93b4957539d128f0662e2126b40396844276e3706b7,machine_extracted_official_pdf,pending_independent_review,,,
d3ad844c559ba66d9f15618b7c5ec6b63a1b1410f4f8b6a5b3ca4df9467b92c6,full_market_distributions,508088,,2023-04-13,distribution_per_unit,0.0517399999999999,RMB_per_unit,https://www.sse.com.cn/disclosure/fund/announcement/c/new/2023-04-13/508088_20230413_F99N.pdf,2881cab37e356ef74035d280fa89ddd0fef87d07c73a629e9da1f3a66aec2e0e,machine_extracted_official_pdf,pending_independent_review,,,
f0e9d3c84c2ebb52741b5087bde0230dd9d12af2bc1410c888a91e9234f820a9,full_market_distributions,508088,,2023-12-14,distribution_per_unit,0.0870399999999999,RMB_per_unit,https://www.sse.com.cn/disclosure/fund/announcement/c/new/2023-12-14/508088_20231214_M25C.pdf,1049c024ff272c6b959c417bd9500d8cb929bdac5c9d413220c7be2141a9a27f,machine_extracted_official_pdf,pending_independent_review,,,
d7287a917dd764c7bb127a5e6b3bf9439918daf2b51fb8fe965673a95b297a38,full_market_distributions,508088,,2024-04-18,distribution_per_unit,0.074,RMB_per_unit,https://www.sse.com.cn/disclosure/fund/announcement/c/new/2024-04-18/508088_20240418_778R.pdf,fd20fc97d67b46614d8de6c286bf0501f6f1daf24813b47af997059f0e11c207,machine_extracted_official_pdf,pending_independent_review,,,
8fcad775cef8115b668d929567dd67114fd486ab5fb67f8839d538ecd6a4acb3,full_market_distributions,508088,,2025-04-22,distribution_per_unit,0.15536,RMB_per_unit,https://www.sse.com.cn/disclosure/fund/announcement/c/new/2025-04-22/508088_20250422_L72Y.pdf,791e4810cac264c0046d99d0256ce9535af29ab810e2da422a5055af52c712b7,machine_extracted_official_pdf,pending_independent_review,,,
2b80e80ffe3ea9e3cca54bbf459814b0cdb27eefa5dc0eb1a28df42e92cb5f07,full_market_distributions,508088,,2026-04-22,distribution_per_unit,0.12175,RMB_per_unit,https://www.sse.com.cn/disclosure/fund/announcement/c/new/2026-04-22/508088_20260422_1UPJ.pdf,a9d03b1d6cbd40bb4abd7842f37041e6b29dc8dec8095195a2d701cace06657a,machine_extracted_official_pdf,pending_independent_review,,,
5d139ce8ff7a15e8691e6167646d4cfb7d0756ab760b5d9bac8ea9be29a5ff8e,full_market_distributions,508089,,2024-12-10,distribution_per_unit,0.23273,RMB_per_unit,https://www.sse.com.cn/disclosure/fund/announcement/c/new/2024-12-10/508089_20241210_CUYG.pdf,1f80ff488bcde544d0a82e8070aaa4b524184ee9c57c534296da771d7c309365,machine_extracted_official_pdf,pending_independent_review,,,
f3b726d9304b9383590ae2846114543b75e8c29c007ecca9d0652676b87b61cd,full_market_distributions,508089,,2025-06-26,distribution_per_unit,0.0802,RMB_per_unit,https://www.sse.com.cn/disclosure/fund/announcement/c/new/2025-06-26/508089_20250626_SDHM.pdf,0120f8d43ec0ab605ddc976f4257b41f40ecd42d23b67fec9577eeb0a43fba01,machine_extracted_official_pdf,pending_independent_review,,,
91bfb8f1301a09af0a2051c2d426d9f73718bd6e496054b018721e10ca369040,full_market_distributions,508089,,2025-09-10,distribution_per_unit,0.2124,RMB_per_unit,https://www.sse.com.cn/disclosure/fund/announcement/c/new/2025-09-10/508089_20250910_WSQI.pdf,26456c17f34e5164e3cfb7fa3e5419d2c1af16875f012fdab5ead54fe3108279,machine_extracted_official_pdf,pending_independent_review,,,
58532bded1dbfd41eb507e9588f0f3166109b714099fd47c7fb817ab8f440bec,full_market_distributions,508089,,2026-04-23,distribution_per_unit,0.1858,RMB_per_unit,https://www.sse.com.cn/disclosure/fund/announcement/c/new/2026-04-23/508089_20260423_6ZL7.pdf,afdb33bf2d3b0b4d75e1b4218cc16fcd021ebb3e9cae6854d8b8d3993445a535,machine_extracted_official_pdf,pending_independent_review,,,
78acdbb39371e2f3bfb5f226ac65db08344ee12ec961a885313e10a51445aaa0,full_market_distributions,508089,,2026-06-03,distribution_per_unit,0.1533,RMB_per_unit,https://www.sse.com.cn/disclosure/fund/announcement/c/new/2026-06-03/508089_20260603_Q8UC.pdf,65625e776b0cb3eb949621b1b11fa82ceb990a6dfacef3c20af071d9ba61abc1,machine_extracted_official_pdf,pending_independent_review,,,
5b3ef44445eec2b507da11ca879471275d98b3d5b9667e2a470c8f50c55dfb3f,full_market_distributions,508090,,2026-03-06,distribution_per_unit,0.08431,RMB_per_unit,https://www.sse.com.cn/disclosure/fund/announcement/c/new/2026-03-06/508090_20260306_D3OO.pdf,9eadff63dea98546a05db30af813817417d680650df0c55af4b54570d3f9a821,machine_extracted_official_pdf,pending_independent_review,,,
c9ec8316da46c75d5138c43442883528a7f9449dc970ff28fdfb3ea0a8277430,full_market_distributions,508090,,2026-08-10,distribution_per_unit,0.08137,RMB_per_unit,https://www.sse.com.cn/disclosure/fund/announcement/c/new/2026-08-10/508090_20260810_2VNS.pdf,a570cef7f5fae3fd49a04ab6720df4426f54f9595441413fb933dbc00536fb12,machine_extracted_official_pdf,pending_independent_review,,,
c132d2b82db860608b197c8a08553f8f7f10a9d8d9cbcfbe698c57200698572c,full_market_distributions,508091,,2026-03-27,distribution_per_unit,0.0761,RMB_per_unit,https://www.sse.com.cn/disclosure/fund/announcement/c/new/2026-03-27/508091_20260327_VAYL.pdf,0e857b60440bd1bafb57075f3e3ce385580481359725d47062e90ace4edaf569,machine_extracted_official_pdf,pending_independent_review,,,
3495b1003999ef8cc3a32f628c228835411502b898a5805af79eee2ae3fe3680,full_market_distributions,508091,,2026-08-21,distribution_per_unit,0.13258,RMB_per_unit,https://www.sse.com.cn/disclosure/fund/announcement/c/new/2026-08-21/508091_20260821_PZKV.pdf,e0be4ce696172933f7a9a91c23f3205253746cf967b840188a42bd372e2326e6,machine_extracted_official_pdf,pending_independent_review,,,
3a185dbf3852a09390dfa8158d0d8fa63d90bc50693ee74c031be0310055f813,full_market_distributions,508092,,2025-09-03,distribution_per_unit,0.0861,RMB_per_unit,https://www.sse.com.cn/disclosure/fund/announcement/c/new/2025-09-03/508092_20250903_CSI0.pdf,4f919531ac5b7e8a67159533c20861578c9555ae9894b50b0cd821ae9ce9e2c0,machine_extracted_official_pdf,pending_independent_review,,,
d12712bd6fdf12e87987dbce55c93cc34accbb9ed1b68d708c594be80bc6c3d0,full_market_distributions,508092,,2025-11-19,distribution_per_unit,0.04987,RMB_per_unit,https://www.sse.com.cn/disclosure/fund/announcement/c/new/2025-11-19/508092_20251119_RLJA.pdf,c485c02aefad474224dc53f2bb7939d8459aa2c3cdf338fa5d24f5f4f0c34ed1,machine_extracted_official_pdf,pending_independent_review,,,
e99be07dff8b85cb13cfe24f0a43a08bac78ba00e730cb0dde5ed0d73ea7df90,full_market_distributions,508092,,2026-02-27,distribution_per_unit,0.04989,RMB_per_unit,https://www.sse.com.cn/disclosure/fund/announcement/c/new/2026-02-27/508092_20260227_VUUG.pdf,a0add338d51d3fd3612949586b65d785fe7ad4610ed49c5e3dcefc6c30491857,machine_extracted_official_pdf,pending_independent_review,,,
159ec73b92be60555763c5df92f69cf6093968035354b095b8b32a6cf15755cb,full_market_distributions,508092,,2026-05-21,distribution_per_unit,0.04351,RMB_per_unit,https://www.sse.com.cn/disclosure/fund/announcement/c/new/2026-05-21/508092_20260521_02CY.pdf,50205c7c759bc1e730ef1e1a39c4ee045804a16ec9eab677aa33f3aa81996124,machine_extracted_official_pdf,pending_independent_review,,,
fe867665f0da861bde89dba4e777c63edf1a5af98f32c1b10b37aa49d64fe11c,full_market_distributions,508092,,2026-08-20,distribution_per_unit,0.04918,RMB_per_unit,https://www.sse.com.cn/disclosure/fund/announcement/c/new/2026-08-20/508092_20260820_ZNA2.pdf,34b5248f545435c27ea7d2021c55a9a9095fc195ab7decfe04b1e3cf343dcd0d,machine_extracted_official_pdf,pending_independent_review,,,
5fbea4846fc7da7789d26d01232a2d2948b38a069a76ace47f94f435fe22adfb,full_market_distributions,508093,,2026-07-23,distribution_per_unit,0.2699,RMB_per_unit,https://www.sse.com.cn/disclosure/fund/announcement/c/new/2026-07-23/508093_20260723_9J9G.pdf,a4118fd1794fcbab3ab2460ce3c031d7b1f3a43b9993d6581e942d5945bd7081,machine_extracted_official_pdf,pending_independent_review,,,
1323f8408a3753adf2078e7f44b85eddf66ba9d0722211ada965dd12d13c4691,full_market_distributions,508096,,2023-11-08,distribution_per_unit,1.072,RMB_per_unit,https://www.sse.com.cn/disclosure/fund/announcement/c/new/2023-11-08/508096_20231108_HIFS.pdf,c11de0af65e163ad8efaf3e2567d534a0c097b45716595235908535bd59c123c,machine_extracted_official_pdf,pending_independent_review,,,
cd0c3299dcd3483a0067cffd9d3d553c141628ecc1c0b2c8221156a49baeafa3,full_market_distributions,508096,,2024-04-22,distribution_per_unit,0.5498,RMB_per_unit,https://www.sse.com.cn/disclosure/fund/announcement/c/new/2024-04-22/508096_20240422_BO0L.pdf,5486daf5f0d27bb5adf4e080eff32d32c9f5ad9e2c0ae4db9f36745c0c74f07a,machine_extracted_official_pdf,pending_independent_review,,,
ae340ec9eb2a9e7cdfd43e443d34d4c2ad47201a6f50b156d3fb942dab781e3f,full_market_distributions,508096,,2024-10-30,distribution_per_unit,0.622,RMB_per_unit,https://www.sse.com.cn/disclosure/fund/announcement/c/new/2024-10-30/508096_20241030_93GZ.pdf,42ffff2c77fe73346a1d433de2cc2fdc67edb57bd8a15aad733fa8cb07df63a3,machine_extracted_official_pdf,pending_independent_review,,,
f854f33fbadcef0b1fe8023c3bc4467ff448682603201190edd7c5a1d2f8c7ae,full_market_distributions,508096,,2025-08-12,distribution_per_unit,0.23716,RMB_per_unit,https://www.sse.com.cn/disclosure/fund/announcement/c/new/2025-08-12/508096_20250812_R0TX.pdf,2cde832e8ee842903ce74f9083b2349bbdda2164287222c3ec84814d6a3cd207,machine_extracted_official_pdf,pending_independent_review,,,
3c9c8593a6b95e484a93b00b1694f164a726d693fc6bc6f02fbb5f5e2eb02f44,full_market_distributions,508096,,2026-01-15,distribution_per_unit,0.33178,RMB_per_unit,https://www.sse.com.cn/disclosure/fund/announcement/c/new/2026-01-15/508096_20260115_35W8.pdf,5d46ebd019d41d29a295758e5324c43e173f3ef921274cd0705d9f51e2e46006,machine_extracted_official_pdf,pending_independent_review,,,
33a2ec4b027f0c63939be305d7b1b03cd9a1081f6401b841f7696e3fd0843655,full_market_distributions,508096,,2026-05-13,distribution_per_unit,0.34961,RMB_per_unit,https://www.sse.com.cn/disclosure/fund/announcement/c/new/2026-05-13/508096_20260513_2FB2.pdf,64f674eabefae452d3dac055e8c354be1730eb8ec162bf1d0de24ca11498030a,machine_extracted_official_pdf,pending_independent_review,,,
09d1e9cf69d85e8c20761cc19c2202360e4ba8d0f0c8b7a44d6eff4a0056b54f,full_market_distributions,508096,,2026-08-06,distribution_per_unit,0.209,RMB_per_unit,https://www.sse.com.cn/disclosure/fund/announcement/c/new/2026-08-06/508096_20260806_FZ2N.pdf,44fcbb718fa2c4c5d99515614a65e59bfe440888dd0b2bb82ca8b050bb9a2735,machine_extracted_official_pdf,pending_independent_review,,,
23b264a757eefa32113504e67d71933a7e6cade2c1c658ba7bfd4b9b35e51678,full_market_distributions,508097,,2025-04-25,distribution_per_unit,0.0206,RMB_per_unit,https://www.sse.com.cn/disclosure/fund/announcement/c/new/2025-04-25/508097_20250425_5JF8.pdf,5d998a26b16e3f1972272d578ef3aad096e5d877f031b86efe9786b81721b986,machine_extracted_official_pdf,pending_independent_review,,,
25d6047eed69d057a4421399321c2ccf41296096651930781bb210a7e29437a2,full_market_distributions,508097,,2025-08-27,distribution_per_unit,0.0647,RMB_per_unit,https://www.sse.com.cn/disclosure/fund/announcement/c/new/2025-08-27/508097_20250827_Z4CG.pdf,077808358106e526c43a2526f9fbdbe92ab575c34476fe2ba1756cfa0e9a1bf4,machine_extracted_official_pdf,pending_independent_review,,,
d543cf206d9b0f4798f00175abd4ac266e717e8e0423e7f3edeb2b8379fec13b,full_market_distributions,508097,,2025-12-17,distribution_per_unit,0.036,RMB_per_unit,https://www.sse.com.cn/disclosure/fund/announcement/c/new/2025-12-17/508097_20251217_ZYNL.pdf,49dd23b068a87f8d3dc957947ab78d6b9e3a3e5999f7ed612ce5e653d6f804a1,machine_extracted_official_pdf,pending_independent_review,,,
ba104e81ed7d0c148feeacabd81c62bd24ad3f2f8da5ddc6d3b828487aaea493,full_market_distributions,508097,,2026-04-21,distribution_per_unit,0.0316,RMB_per_unit,https://www.sse.com.cn/disclosure/fund/announcement/c/new/2026-04-21/508097_20260421_JX8Z.pdf,60488ea43eb906961669b7e47f740713052e7a55f35b1a948d55a21cd54a33fd,machine_extracted_official_pdf,pending_independent_review,,,
c50dfacbcd1ff46e7f9e60c0b5a37e7175341e708982aa0c381ccb7a76186495,full_market_distributions,508097,,2026-08-20,distribution_per_unit,0.056,RMB_per_unit,https://www.sse.com.cn/disclosure/fund/announcement/c/new/2026-08-20/508097_20260820_9NQV.pdf,92ecff05f06f8d62049ec5c17ce1a7952a45a01aecf66ea34f6f9220c816dc28,machine_extracted_official_pdf,pending_independent_review,,,
7a324efd2c20493132aa3274580183a0ce81103ca5ac4060e4b9195a73b7c907,full_market_distributions,508098,,2023-11-24,distribution_per_unit,0.0659,RMB_per_unit,https://www.sse.com.cn/disclosure/fund/announcement/c/new/2023-11-24/508098_20231124_QBOK.pdf,d34cd0d24f2e4408ab102cea63ed49d8a610f4dcb51e261c06a72a5d9beeac98,machine_extracted_official_pdf,pending_independent_review,,,
05b32019e8e05bb03c350e6d2f9d0b37cd434634e9e1e4b2cc51bc3103acaf6a,full_market_distributions,508098,,2024-02-07,distribution_per_unit,0.05042,RMB_per_unit,https://www.sse.com.cn/disclosure/fund/announcement/c/new/2024-02-07/508098_20240207_H99Y.pdf,19c79a720ec9d3a418072dbad1daca501c2b5be3ab71d325e8a509f477128a27,machine_extracted_official_pdf,pending_independent_review,,,
d686cc884628585c6e884e26f0925b58b8b678a819e9c5c3b96884e8280af74d,full_market_distributions,508098,,2024-04-29,distribution_per_unit,0.0688999999999999,RMB_per_unit,https://www.sse.com.cn/disclosure/fund/announcement/c/new/2024-04-29/508098_20240429_JEGA.pdf,9e5ef1b905e92e4febe73fb569f91caf983324f9091477fe2212168559bd93d6,machine_extracted_official_pdf,pending_independent_review,,,
32bf7aec4a630dcaf835f53da34ba7a4012ddbb0851914105ce6378456c5de67,full_market_distributions,508098,,2024-08-08,distribution_per_unit,0.04,RMB_per_unit,https://www.sse.com.cn/disclosure/fund/announcement/c/new/2024-08-08/508098_20240808_M9NA.pdf,2ae8d8f3e4e1bfb960fb525f491650c7d83f7a835beff6bfca0a64c73dfa8bf2,machine_extracted_official_pdf,pending_independent_review,,,
2de8e094e7a760b19eaffc9bda18921fcf375abcc1a5a0be1d1df2f2eb7843a8,full_market_distributions,508098,,2024-11-26,distribution_per_unit,0.048,RMB_per_unit,https://www.sse.com.cn/disclosure/fund/announcement/c/new/2024-11-26/508098_20241126_VLR4.pdf,1d51505cae9ef0b8687190aae1fe96eae7c56d0266c6121caf2b283b089e589e,machine_extracted_official_pdf,pending_independent_review,,,
9d9dbb2f07b961c33b255a0286f81b84dcc095ac96bf37fbaefaa8bf8915a078,full_market_distributions,508098,,2025-04-22,distribution_per_unit,0.03,RMB_per_unit,https://www.sse.com.cn/disclosure/fund/announcement/c/new/2025-04-22/508098_20250422_GWGP.pdf,55b69d22af6fd8d50637e831048c488df61fec4bec700ba07f1aa1c52db0376c,machine_extracted_official_pdf,pending_independent_review,,,
e9b261cca39232d4ba6a36771edd8b9671ab4b0714af3160819fbcf23b0b9e59,full_market_distributions,508098,,2025-07-10,distribution_per_unit,0.03556,RMB_per_unit,https://www.sse.com.cn/disclosure/fund/announcement/c/new/2025-07-10/508098_20250710_YLD2.pdf,51e7b2e17b11c1d69c5e180b6c005cf46eea7fef9ce8305a1b8f397d24afdc03,machine_extracted_official_pdf,pending_independent_review,,,
a4befcf7a9d7812a6d805bfc2d0c3d98dc5cac319829b700f87c7e4c01f8e255,full_market_distributions,508098,,2025-09-15,distribution_per_unit,0.04007,RMB_per_unit,https://www.sse.com.cn/disclosure/fund/announcement/c/new/2025-09-15/508098_20250915_A9Y3.pdf,6c1a299f0c92e59793a45bf06aa5763eee7a15ca40d34d29edbb4fef90d57a48,machine_extracted_official_pdf,pending_independent_review,,,
6d54383fbf4e65c12c849dfca92f019b4a717ed8fe96874d6fc83de4303bbbf2,full_market_distributions,508098,,2025-12-09,distribution_per_unit,0.04005,RMB_per_unit,https://www.sse.com.cn/disclosure/fund/announcement/c/new/2025-12-09/508098_20251209_EKE5.pdf,293aae814b625590a0fac1f859976de7774e24e4a9f15fdda81a036c95006059,machine_extracted_official_pdf,pending_independent_review,,,
7e730b70d957edb9ff386d22486a24b9f7c5e407396f50c7f38dafb50fde4968,full_market_distributions,508098,,2026-05-08,distribution_per_unit,0.02938,RMB_per_unit,https://www.sse.com.cn/disclosure/fund/announcement/c/new/2026-05-08/508098_20260508_U9L2.pdf,fe4001c1083fd8e5cadecb17f145bd9672e71574483d12fe4aafade568df9c4f,machine_extracted_official_pdf,pending_independent_review,,,
bd55dc3743b71c0c82caa7a375daf513f804490c7f2e6ba7c82a50725a63f585,full_market_distributions,508098,,2026-07-01,distribution_per_unit,0.03602,RMB_per_unit,https://www.sse.com.cn/disclosure/fund/announcement/c/new/2026-07-01/508098_20260701_W56U.pdf,4d794d0ae54122d8de5016120d6e765823864ac84bb87dbb64a79aea573506a6,machine_extracted_official_pdf,pending_independent_review,,,
7a0c16ec758217cbd81cd6aff3b7294bd9dcac0903be3f5e77d5c0aa7026e196,full_market_distributions,508099,,2022-05-18,distribution_per_unit,0.049,RMB_per_unit,https://www.sse.com.cn/disclosure/fund/announcement/c/new/2022-05-18/508099_20220518_1_YhfsNM7r.pdf,f8929bc46e0dc54eb53255880e8b1b2cc702e6a2f53823121eeb67dba33f3c45,machine_extracted_official_pdf,pending_independent_review,,,
91df97720e13006018a5b8da42d971a578051d82a97f5f7e81bd78b3917ba1bc,full_market_distributions,508099,,2023-05-11,distribution_per_unit,0.095,RMB_per_unit,https://www.sse.com.cn/disclosure/fund/announcement/c/new/2023-05-11/508099_20230511_8UPX.pdf,9d17fa582f79a3b8f8fdd950bebe2978da3fe80e561e75c90ee496c3c0313dd5,machine_extracted_official_pdf,pending_independent_review,,,
f5dbe3a1b05930f0b62a5f3bdaa4fa375f5939f7aaee1ccbc0049affae4795f1,full_market_distributions,508099,,2023-08-09,distribution_per_unit,0.049,RMB_per_unit,https://www.sse.com.cn/disclosure/fund/announcement/c/new/2023-08-09/508099_20230809_E139.pdf,b40d83e5a551ca0b19449d2c71f35a4d24f2d25a6212c912577e1bf19a552a3b,machine_extracted_official_pdf,pending_independent_review,,,
b39e3e6268cf6c7db92582a1730ed43f02ec3a3abaee10a577fe8826588b0ff5,full_market_distributions,508099,,2024-05-08,distribution_per_unit,0.0409999999999999,RMB_per_unit,https://www.sse.com.cn/disclosure/fund/announcement/c/new/2024-05-08/508099_20240508_EZX8.pdf,f25aa9b744255bd86063cf0293b225f91b97338f9cd088b3c28c7883e1389eaa,machine_extracted_official_pdf,pending_independent_review,,,
28f635d1fd44b227cfe86f5c651bb07607e3dcc39590b9780aa947b8123654fe,full_market_distributions,508099,,2024-09-26,distribution_per_unit,0.026,RMB_per_unit,https://www.sse.com.cn/disclosure/fund/announcement/c/new/2024-09-26/508099_20240926_C65E.pdf,315f81f120c9f2cbdc330901fefdec0bef7f53e722f938edaf1b1850edd30ae4,machine_extracted_official_pdf,pending_independent_review,,,
7e592c27e84c84fc2d5868ce2822921c852a783339c66abf22926a0a142db0ad,full_market_distributions,508099,,2025-03-31,distribution_per_unit,0.02,RMB_per_unit,https://www.sse.com.cn/disclosure/fund/announcement/c/new/2025-03-31/508099_20250331_FW7N.pdf,b499e4319e873d96919aa3c2b6546e50e48f5be499bb7bd43ecb1bb108ccd51c,machine_extracted_official_pdf,pending_independent_review,,,
79afa2eb4f1e51207930c3dd15a9d2dc362fdee29608be3d442c0836a1341cfc,full_market_distributions,508099,,2025-08-30,distribution_per_unit,0.0178,RMB_per_unit,https://www.sse.com.cn/disclosure/fund/announcement/c/new/2025-08-30/508099_20250830_EZJE.pdf,bb0abb6a7c660188467fe62d5e0082bd7d1a3801a2c472347e92be28b58b1875,machine_extracted_official_pdf,pending_independent_review,,,
fd70b155cac34b4361f17ed554398edd18af1a68a43c65df89abfd8d731ff3b9,full_market_distributions,508099,,2026-04-03,distribution_per_unit,0.0241,RMB_per_unit,https://www.sse.com.cn/disclosure/fund/announcement/c/new/2026-04-03/508099_20260403_RND5.pdf,5f5da21c4be6d33f836bcc441e44de7e8073c33563a2f2fb326a89cba9732255,machine_extracted_official_pdf,pending_independent_review,,,
297af66abe3dd2f989938d361060f337ac202c873c603497d8705d485e9fc184,full_market_distributions,508099,,2026-07-10,distribution_per_unit,0.0134,RMB_per_unit,https://www.sse.com.cn/disclosure/fund/announcement/c/new/2026-07-10/508099_20260710_JCZO.pdf,8b1a95d617097b42865d19eccb58be36001f4409b3c6cd88554aadf0404b0150,machine_extracted_official_pdf,pending_independent_review,,,
