announcement_id,symbol,publication_date,title,source_url,retrieved_at,content_sha256,content_length_bytes,retrieval_status,failure_reason,ex_date,dpu_per_unit,disclosed_rmb_per_10_units,raw_text
SZSE_1211704165,180101,2021-11-26,博时蛇口产园REIT：博时基金管理有限公司关于博时招商蛇口产业园封闭式基础设施证券投资基金收益分配的公告,https://disc.static.szse.cn/disc/disk02/finalpage/2021-11-26/a275f84e-c50f-4968-a64c-b259ee041bf5.PDF,2026-09-05T06:00:38.665929+00:00,53413d9bcbb1e0aa7bdb5a3c031ed48d400eeb653e8829d036f9f3f966a56cf6,177854.0,success,,2021-12-01,0.0274,0.274,本次分红方案（单位：人民币元/10 份 0.2740 基金份额） ；除息日 2021 年 12 月 1 日（场内） 2021 年 11 月 30 日（场外）
SZSE_1212762159,180101,2022-04-01,博时蛇口产园REIT：博时基金管理有限公司关于博时招商蛇口产业园封闭式基础设施证券投资基金收益分配的公告,https://disc.static.szse.cn/disc/disk03/finalpage/2022-04-01/c75f25ba-0f1d-4c28-bd69-bcd6d3a39a34.PDF,2026-09-05T06:00:38.666211+00:00,657626352f0a73d976694894ab0fbd738bee6ee7a33fb51deb8a899cdae38180,177608.0,success,,2022-04-08,0.0301,0.301,本次分红方案（单位：人民币元/10 份 0.3010 基金份额） ；除息日 2022 年 4 月 8 日（场内） 2022 年 4 月 7 日（场外）
SZSE_1215355753,180101,2022-12-15,博时蛇口产园REIT：博时基金管理有限公司关于博时招商蛇口产业园封闭式基础设施证券投资基金收益分配的公告,https://disc.static.szse.cn/disc/disk03/finalpage/2022-12-14/9364b9fe-1684-420e-ac0e-c19c649b80f0.PDF,2026-09-05T06:00:38.666467+00:00,f9c291d3a86a86003444ae56b7d52c52a4324e21ea6788cd522cf323a4ac51d3,227445.0,success,,2022-12-20,0.0566,0.566,本次分红方案（单位：人民币元/10 份 0.5660 基金份额） ；除息日 2022 年 12 月 20 日（场内） 2022 年 12 月 19 日（场外）
SZSE_1216269883,180101,2023-03-31,博时蛇口产园REIT：博时基金管理有限公司关于博时招商蛇口产业园封闭式基础设施证券投资基金收益分配的公告,https://disc.static.szse.cn/disc/disk03/finalpage/2023-03-30/b280998e-de28-4cec-98b7-82355d441362.PDF,2026-09-05T06:00:38.666658+00:00,8dc9eccc828219a13d8222a4d5cd9618e8a2b55172e1d59fed6d8af8806accd8,227957.0,success,,2023-04-06,0.0396,0.396,本次分红方案（单位：人民币元/10 份 0.3960 基金份额） ；除息日 2023 年 4 月 6 日（场内） 2023 年 4 月 4 日（场外）
SZSE_1218164332,180101,2023-10-27,博时蛇口产园REIT：博时基金管理有限公司关于博时招商蛇口产业园封闭式基础设施证券投资基金收益分配的公告,https://disc.static.szse.cn/disc/disk03/finalpage/2023-10-26/34fb290f-7a16-412d-9d30-a60c0e7ac8f5.PDF,2026-09-05T06:00:38.666872+00:00,258417fdefbf740151a6a5954b685698fdffb8a28ca45eb149bb2044a2bcfd46,227798.0,success,,2023-11-01,0.0479,0.479,本次分红方案（单位：人民币元/10 份 0.4790 基金份额） ；除息日 2023 年 11 月 1 日（场内） 2023 年 10 月 31 日（场外）
SZSE_1219549913,180101,2024-04-10,博时蛇口产园REIT：博时基金管理有限公司关于博时招商蛇口产业园封闭式基础设施证券投资基金收益分配的公告,https://disc.static.szse.cn/disc/disk03/finalpage/2024-04-09/2d287743-d53e-4573-94b9-a7a3b194de12.PDF,2026-09-05T06:00:38.667028+00:00,d281d8c2073eb3820dc6360c7d5ae1ee95f6c1363a41cc3e69332985b9254e5d,232129.0,success,,2024-04-15,0.0336,0.336,本次分红方案（单位：人民币元/10 份 0.3360 基金份额） ；除息日 2024 年 4 月 15 日（场内） 2024 年 4 月 12 日（场外）
SZSE_1220907200,180101,2024-08-20,博时蛇口产园REIT：博时基金管理有限公司关于博时招商蛇口产业园封闭式基础设施证券投资基金收益分配的公告,https://disc.static.szse.cn/disc/disk03/finalpage/2024-08-19/d28a7b90-3b38-460b-86b4-fadf86225b6f.PDF,2026-09-05T06:00:38.810007+00:00,6443424c836505f357455e791e8d777950bf699a81ac3099bba576ab28a16b44,356112.0,success,,2024-08-23,0.0434,0.434,本次分红方案（单位：人民币元/10 份 0.4340 基金份额） ；除息日 2024 年 8 月 23 日（场内） 2024 年 8 月 22 日（场外）
SZSE_1225100230,180101,2026-04-15,博时蛇口产园REIT：博时基金管理有限公司关于博时招商蛇口产业园封闭式基础设施证券投资基金收益分配的公告,https://disc.static.szse.cn/disc/disk03/finalpage/2026-04-15/892d9148-1781-4b84-b2ff-7a32fb4efa8c.PDF,2026-09-05T06:00:38.871438+00:00,e06001c75b6315d5acf94ad2fb0953e63d9f7c6b0a57d061782b98b800636476,83449.0,success,,2026-04-20,0.0231,0.231,本次分红方案（单位：元/10 0.2310 份基金份额） ；除息日 2026 年 4 月 20 日（场内） 2026 年 4 月 17 日（场外）
SZSE_1224424785,180102,2025-08-08,华夏合肥高新REIT：华夏基金管理有限公司关于华夏合肥高新创新产业园封闭式基础设施证券投资基金收益分配的公告,https://disc.static.szse.cn/disc/disk03/finalpage/2025-08-07/ad6ec83f-5a2c-4d63-87e9-82f98f78d36f.PDF,2026-09-05T06:00:39.150518+00:00,326ba8adcc35edfa20e655a0fef48fcb0fad19f81405e2ffb03ffa2a1552c262,310780.0,success,,2025-08-13,0.02446,0.2446,本次分红方案（单位：元 0.2446 /10份公募REITs份额） ；除息日 2025年8月13日（场内） 2025年8月12日（场外）
SZSE_1223041661,180105,2025-04-10,易方达广开产园REIT：易方达基金管理有限公司关于易方达广州开发区高新产业园封闭式基础设施证券投资基金收益分配的公告,https://disc.static.szse.cn/disc/disk03/finalpage/2025-04-09/ee2bba7c-d2ac-43d1-9c76-4c5412301eb7.PDF,2026-09-05T06:00:39.462656+00:00,f763978951386c7fe2fe71b716689ea37a298fc976e1a2a572812bc5762df02c,136956.0,success,,2025-04-15,0.0439,0.439,本次分红方案（单位：元/10 份公募 0.439 REITs 份额） ；除息日 2025 年 4 月 15 日（场内） 2025 年 4 月 14 日（场外）
SZSE_1224601217,180105,2025-08-29,易方达广开产园REIT：易方达基金管理有限公司关于易方达广州开发区高新产业园封闭式基础设施证券投资基金收益分配的公告,https://disc.static.szse.cn/disc/disk03/finalpage/2025-08-29/5d62c25e-4820-4292-b946-7caf4af1471b.PDF,2026-09-05T06:00:39.473089+00:00,86b80c76b50a4a3d28130c9303f848255deb0b45538c7c5c891b47149dc32fd4,115604.0,success,,2025-09-03,0.059,0.59,本次分红方案（单位：元/10 份公募 0.590 REITs 份额） ；除息日 2025 年 9 月 3 日（场内） 2025 年 9 月 2 日（场外）
SZSE_1225074322,180105,2026-04-03,易方达广开产园REIT：易方达基金管理有限公司关于易方达广州开发区高新产业园封闭式基础设施证券投资基金收益分配的公告,https://disc.static.szse.cn/disc/disk03/finalpage/2026-04-03/c31f3e6d-ac85-4a64-a8df-89df505a7342.PDF,2026-09-05T06:00:39.510016+00:00,a7473d6de8c50a455afdd623b5f710c5a96e28695ed143e7c275b30d2fe04e4f,115402.0,success,,2026-04-09,0.0405,0.405,本次分红方案（单位：元/10 份 REITs 份 0.405 额） ；除息日 2026 年 4 月 9 日（场内） 2026 年 4 月 8 日（场外）
SZSE_1224103186,180106,2025-07-09,广发成都高投产业园REIT：广发基金管理有限公司关于广发成都高投产业园封闭式基础设施证券投资基金收益分配的公告,https://disc.static.szse.cn/disc/disk03/finalpage/2025-07-08/f9ab006c-bfe3-45bb-a2ed-cc9f4d3796be.PDF,2026-09-05T06:00:39.510957+00:00,213788630ffae3e2bead2d533acec1f254e9f5f74254e16d9bdff39bbdace639,155964.0,success,,2025-07-14,0.11875,1.1875,本次分红方案（单位：元/10 份公募 1.1875 REITs 份额） ；除息日 2025 年 7 月 14 日（场内） 2025 年 7 月 11 日（场外）
SZSE_1211968862,180201,2021-12-21,平安广州广河REIT：平安基金管理有限公司关于平安广州交投广河高速公路封闭式基础设施证券投资基金收益分配的公告,https://disc.static.szse.cn/disc/disk02/finalpage/2021-12-21/1774464b-543f-47da-81bb-cc807666841d.PDF,2026-09-05T06:00:39.645671+00:00,3c937a695eac4d01c8be0a6e055ef3a27c9d198107b897436c61b341f3228af0,182118.0,success,,2021-12-24,0.5271,5.271,本次分红方案（单位：元/10 份 5.2710 公募 REITs 份额） ；除息日 2021 年 12 月 24 日（场内） 2021 年 12 月 23 日（场外）
SZSE_1213022418,180201,2022-04-22,平安广州广河REIT：平安基金管理有限公司关于平安广州交投广河高速公路封闭式基础设施证券投资基金收益分配的公告,https://disc.static.szse.cn/disc/disk03/finalpage/2022-04-21/47aa09b9-1eab-4aaa-87c3-6728c563d6e7.PDF,2026-09-05T06:00:39.658023+00:00,3762958e107dcd5cba50f3928c4dc589865258285abc94c1bab4d9c2be93225e,182116.0,success,,2022-04-27,0.2105,2.105,本次分红方案（单位：元/10 份 2.1050 公募 REITs 份额） ；除息日 2022 年 4 月 27 日（场内） 2022 年 4 月 26 日（场外）
SZSE_1214634363,180201,2022-09-21,平安广州广河REIT：平安基金管理有限公司关于平安广州交投广河高速公路封闭式基础设施证券投资基金收益分配的公告,https://disc.static.szse.cn/disc/disk03/finalpage/2022-09-20/8160df67-b912-4568-9778-815e34582421.PDF,2026-09-05T06:00:39.738338+00:00,fec69f933f18dac9fa7455040503de834875d5d3cd3eb00c6933abb3891c279b,181053.0,success,,2022-09-26,0.33071,3.3071,本次分红方案（单位：元/10 份 3.3071 公募 REITs 份额） ；除息日 2022 年 9 月 26 日（场内） 2022 年 9 月 23 日（场外）
SZSE_1216378308,180201,2023-04-12,平安广州广河REIT：平安基金管理有限公司关于平安广州交投广河高速公路封闭式基础设施证券投资基金收益分配的公告,https://disc.static.szse.cn/disc/disk03/finalpage/2023-04-11/a0074a69-ff1b-4c98-b1ac-847c709b5cce.PDF,2026-09-05T06:00:39.753211+00:00,084777421d5e6ebcd5855d7866b7e56530be45ddfe2abe339c68e29b2e96685d,180265.0,success,,2023-04-17,0.374,3.74,本次分红方案（单位：元/10 份 3.7400 公募 REITs 份额） ；除息日 2023 年 4 月 17 日（场内） 2023 年 4 月 14 日（场外）
SZSE_1217490961,180201,2023-08-09,平安广州广河REIT：平安基金管理有限公司关于平安广州交投广河高速公路封闭式基础设施证券投资基金收益分配的公告,https://disc.static.szse.cn/disc/disk03/finalpage/2023-08-08/690497ce-cbb6-46c5-ae3c-da40765ae52c.PDF,2026-09-05T06:00:39.753770+00:00,a15a07c71c3f4b8832dcf9b1938d46ec17620c89abd5754b6c96f06791557c7e,180672.0,success,,2023-08-14,0.36381,3.6381,本次分红方案（单位：元/10 份 3.6381 公募 REITs 份额） ；除息日 2023 年 8 月 14 日（场内） 2023 年 8 月 11 日（场外）
SZSE_1218664465,180201,2023-12-20,平安广州广河REIT：平安基金管理有限公司关于平安广州交投广河高速公路封闭式基础设施证券投资基金收益分配的公告,https://disc.static.szse.cn/disc/disk03/finalpage/2023-12-19/b4cb4645-a2ae-403f-960a-72f2e147239b.PDF,2026-09-05T06:00:39.782084+00:00,1dd8afdd4fecc083e4378e8ae6effd1b607c50ea95e94bf47cc18f8bdafc91ee,181307.0,success,,2023-12-25,0.2428999999999999,2.429,本次分红方案（单位：元/10 份 2.4290 公募 REITs 份额） ；除息日 2023 年 12 月 25 日（场内） 2023 年 12 月 22 日（场外）
SZSE_1219689355,180201,2024-04-22,平安广州广河REIT：平安基金管理有限公司关于平安广州交投广河高速公路封闭式基础设施证券投资基金收益分配的公告,https://disc.static.szse.cn/disc/disk03/finalpage/2024-04-19/0da2b2c3-f28a-427e-8562-fb8e50c375ac.PDF,2026-09-05T06:00:39.785546+00:00,052b35843cbd650341ba41977f3ccf7ae8d205e8fbc75c00556d0584954de391,272221.0,success,,2024-04-25,0.1699999999999999,1.7,本次分红方案（单位：元/10 份 1.7000 公募 REITs 份额） ；除息日 2024 年 4 月 25 日（场内） 2024 年 4 月 24 日（场外）
SZSE_1220753934,180201,2024-07-31,平安广州广河REIT：平安广州交投广河高速公路封闭式基础设施证券投资基金收益分配的公告,https://disc.static.szse.cn/disc/disk03/finalpage/2024-07-30/52c39005-5f4d-4599-b783-9efdef1dfdce.PDF,2026-09-05T06:00:39.823603+00:00,56d840282073a0f7ee957af17c284af809bf845b6d5a8c156678ff98e1dbdb5a,271159.0,success,,2024-08-05,0.2158,2.158,本次分红方案（单位：元/10 份 2.1580 公募 REITs 份额） ；除息日 2024 年 8 月 5 日（场内） 2024 年 8 月 2 日（场外）
SZSE_1221981385,180201,2024-12-11,平安广州广河REIT：平安基金管理有限公司关于平安广州交投广河高速公路封闭式基础设施证券投资基金收益分配的公告,https://disc.static.szse.cn/disc/disk03/finalpage/2024-12-10/428cc948-0335-48b4-97c2-cf8e912126b0.PDF,2026-09-05T06:00:39.865325+00:00,06490b09a81b49459ce54773b6c7e05bdaa006c862daa08d2ae1d52331e5e014,272380.0,success,,2024-12-16,0.38,3.8,本次分红方案（单位：元/10 份 3.8000 公募 REITs 份额） ；除息日 2024 年 12 月 16 日（场内） 2024 年 12 月 13 日（场外）
SZSE_1222940807,180201,2025-03-29,平安广州广河REIT：平安基金管理有限公司关于平安广州交投广河高速公路封闭式基础设施证券投资基金收益分配的公告,https://disc.static.szse.cn/disc/disk03/finalpage/2025-03-28/4c421aed-f8cc-4804-853b-992526541c19.PDF,2026-09-05T06:00:39.880547+00:00,96f49aa0d8b9e6a3f8a5aa66c33f206079aae3b5cc1ccf81d52f00c4f413ad20,179645.0,success,,2025-04-02,0.1558,1.558,本次分红方案（单位：元/10 份 1.5580 公募 REITs 份额） ；除息日 2025 年 4 月 2 日（场内） 2025 年 4 月 1 日（场外）
SZSE_1224601213,180201,2025-08-29,平安广州广河REIT：平安基金管理有限公司关于平安广州交投广河高速公路封闭式基础设施证券投资基金收益分配的公告,https://disc.static.szse.cn/disc/disk03/finalpage/2025-08-29/27b34ddf-bbe5-48da-bc2e-55fe891eda5c.PDF,2026-09-05T06:00:39.893666+00:00,2e3fb9daf33898521d217b84064cd3190f05631c5d2542af6fcf9641899260a5,82214.0,success,,2025-09-03,0.35,3.5,本次分红方案（单位：元/10 份 3.5000 公募 REITs 份额） ；除息日 2025 年 9 月 3 日（场内） 2025 年 9 月 2 日（场外）
SZSE_1224884663,180201,2025-12-19,平安广州广河REIT：平安基金管理有限公司关于平安广州交投广河高速公路封闭式基础设施证券投资基金收益分配的公告,https://disc.static.szse.cn/disc/disk03/finalpage/2025-12-19/943c1631-8c23-4934-92c8-22d690d8a01a.PDF,2026-09-05T06:00:39.926358+00:00,22010a28f7afdc43227132b0ee03d9bb4cc2bf8073659c043df6e4d3c27c10bb,82294.0,success,,2025-12-24,0.22,2.2,本次分红方案（单位：元/10 份 2.2000 公募 REITs 份额） ；除息日 2025 年 12 月 24 日（场内） 2025 年 12 月 23 日（场外）
SZSE_1225086788,180201,2026-04-10,平安广州广河REIT：平安基金管理有限公司关于平安广州交投广河高速公路封闭式基础设施证券投资基金收益分配的公告,https://disc.static.szse.cn/disc/disk03/finalpage/2026-04-10/513bd77d-ffcd-4214-9056-a7e8dcd91699.PDF,2026-09-05T06:00:39.929728+00:00,700027bd8574a303eaf1c2bac655e0193e2ba37483beaeb3a4f848c3cd8e2a9d,83303.0,success,,2026-04-15,0.16,1.6,本次分红方案（单位：元/10 份 1.6000 公募 REITs 份额） ；除息日 2026 年 4 月 15 日（场内） 2026 年 4 月 14 日（场外）
SZSE_1225518343,180201,2026-08-28,平安广州广河REIT：平安基金管理有限公司关于平安广州交投广河高速公路封闭式基础设施证券投资基金收益分配的公告,https://disc.static.szse.cn/disc/disk03/finalpage/2026-08-28/976f5cee-0945-44be-9af0-54b8686ae8af.PDF,2026-09-05T06:00:39.967177+00:00,09ec9a5db30e30f5c651d4435e3fe766a4785f04e0aff8205add79b916de09ba,82551.0,success,,2026-09-02,0.353,3.53,本次分红方案（单位：元/10 份 3.5300 公募 REITs 份额） ；除息日 2026 年 9 月 2 日（场内） 2026 年 9 月 1 日（场外）
SZSE_1219535054,180202,2024-04-09,华夏越秀高速REIT：华夏基金管理有限公司关于华夏越秀高速公路封闭式基础设施证券投资基金收益分配的公告,https://disc.static.szse.cn/disc/disk03/finalpage/2024-04-08/0e43dab4-eff7-4f3a-bdbf-c242cc9dabe9.PDF,2026-09-05T06:00:40.109333+00:00,89b9356f6610b27f91fea6db2df80a7f3681d1af0250c7d77560e8129018a84c,230558.0,success,,2024-04-12,0.13077,1.3077,本次分红方案（单位：元 1.3077 /10份公募REITs份额） ；除息日 2024年4月12日（场内） 2024年4月11日（场外）
SZSE_1222141787,180203,2024-12-26,招商高速公路REIT：招商基金管理有限公司关于招商基金招商公路高速公路封闭式基础设施证券投资基金收益分配的公告,https://disc.static.szse.cn/disc/disk03/finalpage/2024-12-25/ab041434-5163-440c-b809-383b1c75a0aa.PDF,2026-09-05T06:00:40.290915+00:00,aa9ac7ab682f79c87b9411b3cfa1f35082e84f14b86f63917f48cbf34484fbfb,205068.0,success,,2024-12-31,0.41418,4.1418,本次分红方案（单位：元/10 份基金份额） 4.1418 ；除息日 2024 年 12 月 31 日（场内） 2024 年 12 月 30 日（场外）
SZSE_1223624610,180203,2025-05-22,招商高速公路REIT：招商基金管理有限公司关于招商基金招商公路高速公路封闭式基础设施证券投资基金收益分配的公告,https://disc.static.szse.cn/disc/disk03/finalpage/2025-05-21/3da0848e-b551-46a7-b406-23a8cb2d2c79.PDF,2026-09-05T06:00:40.301705+00:00,50522c43d2ae35f5d7aad73288f4c47f3976c9a1a753f2f4728aaaf8d41708f2,264338.0,success,,2025-05-27,0.21554,2.1554,本次分红方案（单位：元/10 份基金份额） 2.1554 ；除息日 2025 年 5 月 27 日（场内） 2025 年 5 月 26 日（场外）
SZSE_1224814300,180203,2025-11-20,招商高速公路REIT：招商基金管理有限公司关于招商基金招商公路高速公路封闭式基础设施证券投资基金收益分配的公告,https://disc.static.szse.cn/disc/disk03/finalpage/2025-11-20/316c06b2-1a19-4a0a-94c3-07001b3baaa4.PDF,2026-09-05T06:00:40.336686+00:00,731e50541b57b502692bd482ee03cf0bdfdfcd3cb06454ed0fd8ac505932296a,124731.0,success,,2025-11-25,0.294,2.94,本次分红方案（单位：元/10 份基金份额） 2.94 ；除息日 2025 年 11 月 25 日（场内） 2025 年 11 月 24 日（场外）
SZSE_1225288054,180203,2026-05-12,招商高速公路REIT：招商基金管理有限公司关于招商基金招商公路高速公路封闭式基础设施证券投资基金收益分配的公告,https://disc.static.szse.cn/disc/disk03/finalpage/2026-05-12/c8d1764c-eb70-4494-b155-93bf023ce78d.PDF,2026-09-05T06:00:40.351422+00:00,a3f1a6faa8ab0e18fa9eedd1bc48e0190862824a639af967785eed0fb31a7f59,125266.0,success,,2026-05-15,0.3207399999999999,3.2074,本次分红方案（单位：元/10 份基金份额） 3.2074 ；除息日 2026 年 5 月 15 日（场内） 2026 年 5 月 14 日（场外）
SZSE_1225461475,180203,2026-08-07,招商高速公路REIT：招商基金管理有限公司关于招商基金招商公路高速公路封闭式基础设施证券投资基金收益分配的公告,https://disc.static.szse.cn/disc/disk03/finalpage/2026-08-07/a03430cd-983f-42b2-9a79-c254b0b9199b.PDF,2026-09-05T06:00:40.374886+00:00,4303804e9ff69c7b63968fb5653fe518eff1f556fee636baf666f95aba083f01,96883.0,success,,2026-08-12,0.1965,1.965,本次分红方案（单位：元/10 份基金份额） 1.9650 ；除息日 2026 年 8 月 12 日（场内） 2026 年 8 月 11 日（场外）
SZSE_1216486968,180301,2023-04-21,红土创新盐田港REIT：红土创新基金管理有限公司关于红土创新盐田港仓储物流封闭式基础设施证券投资基金收益分配的公告,https://disc.static.szse.cn/disc/disk03/finalpage/2023-04-21/610c4861-afaa-46b3-bdf2-a748e2bbfff6.PDF,2026-09-05T06:00:40.398139+00:00,1d149df8b88e7c7c985ce9dbf8fb0e992c5f3b222a9f46264f9abf746023d983,104365.0,success,,2023-04-26,0.10625,1.0625,本次分红方案（单位： 1.0625 元/10 份基金份额） ；除息日 2023 年 4 月 26 日（场内） 2023 年 4 月 25 日（场外）
SZSE_1217884543,180301,2023-09-19,红土创新盐田港REIT：红土创新基金管理有限公司关于红土创新盐田港仓储物流封闭式基础设施证券投资基金收益分配的公告,https://disc.static.szse.cn/disc/disk03/finalpage/2023-09-19/46992379-7fe4-471e-885e-66f38c493769.PDF,2026-09-05T06:00:40.409211+00:00,c0a296415dff515b38ac60949e8c42d36149322acc3c44ea3699321759895fa6,228498.0,success,,2023-09-22,0.04853,0.4853,本次分红方案（单位： 0.4853 元/10 份基金份额） ；除息日 2023 年 9 月 22 日（场内） 2023 年 9 月 21 日（场外）
SZSE_1219463314,180301,2024-03-30,红土创新盐田港REIT：红土创新基金管理有限公司关于红土创新盐田港仓储物流封闭式基础设施证券投资基金收益分配的公告,https://disc.static.szse.cn/disc/disk03/finalpage/2024-03-30/a9e6a863-5214-41aa-9e35-5c0708dff784.PDF,2026-09-05T06:00:40.437514+00:00,3107ea10b2a54ee3e0b77894273e153d9b89f0cf6ae161928ae8872c96c4bf6c,246077.0,success,,2024-04-08,0.0533699999999999,0.5337,本次分红方案（单 0.5337 位：元/10 份公募 REITs 份额） ；除息日 2024 年 4 月 8 日（场内） 2024 年 4 月 3 日（场外）
SZSE_1220805556,180301,2024-08-07,红土创新盐田港REIT：红土创新基金管理有限公司关于红土创新盐田港仓储物流封闭式基础设施证券投资基金收益分配的公告,https://disc.static.szse.cn/disc/disk03/finalpage/2024-08-07/0c53abc6-0d63-4791-b441-48255bc6e72d.PDF,2026-09-05T06:00:40.462718+00:00,c302ceacb9fa4fe2cfa8201af88a047eef550bc7e904bb303e6ba2ae1fb2fbdd,286424.0,success,,2024-08-12,0.05017,0.5017,本次分红方案（单 0.5017 位：元/10 份公募 REITs 份额） ；除息日 2024 年 8 月 12 日（场内） 2024 年 8 月 9 日（场外）
SZSE_1221601818,180301,2024-11-04,红土创新盐田港REIT：红土创新基金管理有限公司关于红土创新盐田港仓储物流封闭式基础设施证券投资基金收益分配的公告,https://disc.static.szse.cn/disc/disk03/finalpage/2024-11-04/ba0148a0-ea94-4934-a810-b326dbfd0cb8.PDF,2026-09-05T06:00:40.477680+00:00,7f29b4993fbd7968d733f65fb07fad48a89c56370c47dde2a8bea6c0e1f1a596,276423.0,success,,2024-11-07,0.02544,0.2544,本次分红方案（单 0.2544 位：元/10 份公募 REITs 份额） ；除息日 2024 年 11 月 7 日（场内） 2024 年 11 月 6 日（场外）
SZSE_1222923225,180301,2025-03-28,红土创新盐田港REIT：红土创新基金管理有限公司关于红土创新盐田港仓储物流封闭式基础设施证券投资基金收益分配的公告,https://disc.static.szse.cn/disc/disk03/finalpage/2025-03-28/6a290137-5615-4734-8d78-86c12ef0c1ce.PDF,2026-09-05T06:00:40.486465+00:00,b2df938754408376f4f17aab677d374f76b282a0d21190a6058804ed0443cdaf,352144.0,success,,2025-04-02,0.02361,0.2361,本次分红方案（单 0.2361 位：元/10 份公募 REITs 份额） ；除息日 2025 年 4 月 2 日（场内） 2025 年 4 月 1 日（场外）
SZSE_1224601207,180301,2025-08-29,红土创新盐田港REIT：红土创新基金管理有限公司关于红土创新盐田港仓储物流封闭式基础设施证券投资基金收益分配的公告,https://disc.static.szse.cn/disc/disk03/finalpage/2025-08-29/25ab9279-d564-4975-95f5-3fe3c6f2eea2.PDF,2026-09-05T06:00:40.494540+00:00,2684a1c75f348018261f6c98c418dadea0bec851baaa4b370dbf0db14bbfa547,150509.0,success,,2025-09-03,0.05012,0.5012,本次分红方案（单 0.5012 位：元/10 份公募 REITs 份额） ；除息日 2025 年 9 月 3 日（场内） 2025 年 9 月 2 日（场外）
SZSE_1224791748,180301,2025-11-10,红土创新盐田港REIT：红土创新基金管理有限公司关于红土创新盐田港仓储物流封闭式基础设施证券投资基金收益分配的公告,https://disc.static.szse.cn/disc/disk03/finalpage/2025-11-10/25c21dfa-29b8-481b-93a3-888844e63f33.PDF,2026-09-05T06:00:40.512930+00:00,313e9ab026525f63799bc74d893db08588c087dc75eed552018d51089d6417ef,150553.0,success,,2025-11-13,0.02477,0.2477,本次分红方案（单 0.2477 位：元/10 份公募 REITs 份额） ；除息日 2025 年 11 月 13 日（场内）2025 年 11 月 12 日（场外）
SZSE_1225081551,180301,2026-04-08,红土创新盐田港REIT：红土创新基金管理有限公司关于红土创新盐田港仓储物流封闭式基础设施证券投资基金收益分配的公告,https://disc.static.szse.cn/disc/disk03/finalpage/2026-04-08/0f723a38-0ee4-4105-9b7b-c4113741cbbd.PDF,2026-09-05T06:00:40.598883+00:00,f2de0f3d59e6281d6308100999a163029e2e368ba2c2c0d692d15ab93f0c43ce,150910.0,success,,2026-04-13,0.0221899999999999,0.2219,本次分红方案（单 0.2219 位：元/10 份公募 REITs 份额） ；除息日 2026 年 4 月 13 日（场内） 2026 年 4 月 10 日（场外）
SZSE_1221639507,180302,2024-11-07,华夏深国际REIT：华夏基金管理有限公司关于华夏深国际仓储物流封闭式基础设施证券投资基金收益分配的公告,https://disc.static.szse.cn/disc/disk03/finalpage/2024-11-06/9bc95885-14f2-4391-bd52-1177237d8fe7.PDF,2026-09-05T06:00:40.614601+00:00,2c96c18613dd147a5eaf4b9cf553100f08a83b9d16b261793aedcd259b1c88a0,309224.0,success,,2024-11-12,0.03293,0.3293,本次分红方案（单位：元 0.3293 /10份公募REITs份额） ；除息日 2024年11月12日（场内） 2024年11月11日（场外）
SZSE_1224574244,180303,2025-08-27,华泰宝湾物流REIT：华泰证券(上海)资产管理有限公司关于华泰紫金宝湾物流仓储封闭式基础设施证券投资基金收益分配的公告,https://disc.static.szse.cn/disc/disk03/finalpage/2025-08-27/8c206697-4b9f-4458-8523-afd0efa188db.PDF,2026-09-05T06:00:40.827138+00:00,d6a3b3b3314adf4c6dbb7c2b3903c276cc08cd9500289a50ead42dbb55eed6f1,164288.0,success,,2025-09-01,0.08939,0.8939,本次分红方案（单位：元/10 份 0.8939 公募 REITs 份额） ；除息日 2025 年 9 月 1 日（场内） 2025 年 8 月 29 日（场 外）
SZSE_1224880570,180303,2025-12-17,华泰宝湾物流REIT：华泰证券(上海)资产管理有限公司关于华泰紫金宝湾物流仓储封闭式基础设施证券投资基金收益分配的公告,https://disc.static.szse.cn/disc/disk03/finalpage/2025-12-17/59cd2e14-9af0-497d-bbbe-76543b17f4d6.PDF,2026-09-05T06:00:40.827870+00:00,a886550c0ed8f41af250a7c67f6dcc7b42c84c71f3fd0aa6656b0360c8f27bcd,165388.0,success,,2025-12-22,0.04063,0.4063,本次分红方案（单位：元/10 份 0.4063 公募 REITs 份额） ；除息日 2025 年 12 月 22 日（场内） 2025 年 12 月 19 日（场 外）
SZSE_1225124399,180303,2026-04-21,华泰宝湾物流REIT：华泰证券(上海)资产管理有限公司关于华泰紫金宝湾物流仓储封闭式基础设施证券投资基金收益分配的公告,https://disc.static.szse.cn/disc/disk03/finalpage/2026-04-21/80f779cb-9f89-499d-8e61-3311984267a5.PDF,2026-09-05T06:00:40.828966+00:00,243538373c02b433ab79eb31e0fee21ba24b5cd46d6ea57e86ccf4edc87ac749,135615.0,success,,2026-04-24,0.05329,0.5329,本次分红方案（单位：元/10 份 0.5329 公募 REITs 份额） ；除息日 2026 年 4 月 24 日（场内） 2026 年 4 月 23 日（场外）
SZSE_1225481941,180303,2026-08-20,华泰宝湾物流REIT：华泰证券(上海)资产管理有限公司关于华泰紫金宝湾物流仓储封闭式基础设施证券投资基金收益分配的公告,https://disc.static.szse.cn/disc/disk03/finalpage/2026-08-20/1f5d676e-92c6-4d63-ab06-437fcabe38c8.PDF,2026-09-05T06:00:40.858218+00:00,323b6a596294b915a3c6f84ce827048a55ad8d52290fdff16dbd00f9e7d1209f,930504.0,success,,2026-08-25,0.0994,0.994,本次分红方案（单位：元/10 份 0.9940 公募 REITs 份额） ；除息日 2026 年 8 月 25 日（场内） 2026 年 8 月 24 日 （ 场 外）
SZSE_1216806898,180401,2023-05-15,鹏华深圳能源REIT：鹏华基金管理有限公司关于鹏华深圳能源清洁能源封闭式基础设施证券投资基金收益分配的公告,https://disc.static.szse.cn/disc/disk03/finalpage/2023-05-12/c205cd28-649c-4263-8af8-2440e02cc2e1.PDF,2026-09-05T06:00:41.035625+00:00,b532ddfe7463c9db6e49f664d5c27255cfe797841221494a9cac0c20e9f0157f,229147.0,success,,2023-05-18,0.727,7.27,本次分红方案（单位：人民币元/10 份 7.27 基金份额） ；除息日 2023 年 05 月 18 日（场内） 2023 年 05 月 17 日（场外）
SZSE_1218533668,180401,2023-12-07,鹏华深圳能源REIT：鹏华基金管理有限公司关于鹏华深圳能源清洁能源封闭式基础设施证券投资基金收益分配的公告,https://disc.static.szse.cn/disc/disk03/finalpage/2023-12-06/15c60f49-33d8-4502-89c1-e0244a7f9d2c.PDF,2026-09-05T06:00:41.080090+00:00,24d7c4a6c90936c1414d0ac48a8257f65107b29998e835d4701b976f82112805,144638.0,success,,2023-12-12,0.3399999999999999,3.4,本次分红方案（单位：元/10 份基金份额） 3.40 ；除息日 2023 年 12 月 12 日（场内） 2023 年 12 月 11 日（场外）
SZSE_1221660530,180401,2024-11-11,鹏华深圳能源REIT：鹏华基金管理有限公司关于鹏华深圳能源清洁能源封闭式基础设施证券投资基金收益分配的公告,https://disc.static.szse.cn/disc/disk03/finalpage/2024-11-08/e9f3291f-c187-4810-8457-52834cf451c7.PDF,2026-09-05T06:00:41.164782+00:00,ae645ecb554e6de6daa719c805d667f14296eaed972f2da245aa7b076f8fb7ce,99779.0,success,,2024-11-14,0.235,2.35,本次分红方案（单位：元/10 份基金份额） 2.35 ；除息日 2024 年 11 月 14 日（场内） 2024 年 11 月 13 日（场外）
SZSE_1224586678,180401,2025-08-28,鹏华深圳能源REIT：鹏华基金管理有限公司关于鹏华深圳能源清洁能源封闭式基础设施证券投资基金收益分配的公告,https://disc.static.szse.cn/disc/disk03/finalpage/2025-08-28/cba83903-ad74-4dce-bd76-0ced89e2bd75.PDF,2026-09-05T06:00:41.199272+00:00,e0749e470fc4157e6dcc516c81bde2cfd160261e92d016f3446a530153b1adc2,96754.0,success,,2025-09-02,0.155,1.55,本次分红方案（单位：元/10 份基金份额） 1.55 ；除息日 2025 年 09 月 02 日（场内） 2025 年 09 月 01 日（场外）
SZSE_1224849802,180401,2025-12-05,鹏华深圳能源REIT：鹏华基金管理有限公司关于鹏华深圳能源清洁能源封闭式基础设施证券投资基金收益分配的公告-20251205,https://disc.static.szse.cn/disc/disk03/finalpage/2025-12-05/71f20e8e-8caa-4805-90b8-94ad1bad3fa7.PDF,2026-09-05T06:00:41.229290+00:00,ff2041c4777be696d549abaabad3a147d6bbb16cf00dec3ea554b3f80b49f131,97936.0,success,,2025-12-10,0.119,1.19,本次分红方案（单位：元/10 份基金份额） 1.19 ；除息日 2025 年 12 月 10 日（场内） 2025 年 12 月 09 日（场外）
SZSE_1225198187,180401,2026-04-28,鹏华深圳能源REIT：鹏华基金管理有限公司关于鹏华深圳能源清洁能源封闭式基础设施证券投资基金收益分配的公告,https://disc.static.szse.cn/disc/disk03/finalpage/2026-04-28/608d76a0-efc3-460f-b7ed-eecb3dce70eb.PDF,2026-09-05T06:00:41.234477+00:00,f81028e229f35405215829ef85746557396aedd719855fbbb753ae47129d9cae,98074.0,success,,2026-05-06,0.1243,1.243,本次分红方案（单位：元/10 份基金份额） 1.243 ；除息日 2026 年 05 月 06 日（场内） 2026 年 04 月 30 日（场外）
SZSE_1224400239,180402,2025-08-06,工银蒙能清洁能源REIT：工银瑞信基金管理有限公司关于工银瑞信蒙能清洁能源封闭式基础设施证券投资基金收益分配的公告,https://disc.static.szse.cn/disc/disk03/finalpage/2025-08-06/70164639-1245-4d15-9044-714ba0bdf682.PDF,2026-09-05T06:00:41.241267+00:00,51c12b4d7723bbee849c3e2d17fe4970d7e6308ca8d2abedf52afd6c6d48c3e1,250534.0,success,,2025-08-11,0.6,6.0,本次分红方案（单位：元/10 份 6.000 公募 REITs 份额） 本次分红为本基金第一次分红，2025 年第一次 ；除息日 2025 年 8 月 11 日（场内） 2025 年 8 月 8 日（场外）
SZSE_1225356453,180402,2026-06-09,工银蒙能清洁能源REIT：工银瑞信基金管理有限公司关于工银瑞信蒙能清洁能源封闭式基础设施证券投资基金收益分配的公告,https://disc.static.szse.cn/disc/disk03/finalpage/2026-06-09/4c7b8af4-c4c0-4caa-a56d-ba7c0ff3a1f3.PDF,2026-09-05T06:00:41.303606+00:00,07383f0a2c30593faa77df4e81c40861fe7a439d4326c5df0ec85680d25a2505,115481.0,success,,2026-06-12,0.4349999999999999,4.35,本次分红方案（单位：元/10 份 4.350 REITs 份额） ；除息日 2026 年 6 月 12 日（场内） 2026 年 6 月 11 日（场外）
SZSE_1216486967,180501,2023-04-21,红土创新深圳安居REIT：红土创新基金管理有限公司关于红土创新深圳人才安居保障性租赁住房封闭式基础设施证券投资基金收益分配的公告,https://disc.static.szse.cn/disc/disk03/finalpage/2023-04-20/16961ced-d811-4e4b-b589-c49e9b67853b.PDF,2026-09-05T06:00:41.338328+00:00,afbae8832c3c57d9a13348f6eec84688cec1bf6845919b2e148d07def3f7fe39,106081.0,success,,2023-04-26,0.038,0.38,本次分红方案（单位： 0.3800 元/10 份基金份额） ；除息日 2023 年 4 月 26 日（场内） 2023 年 4 月 25 日（场外）
SZSE_1217884545,180501,2023-09-19,红土创新深圳安居REIT：红土创新基金管理有限公司关于红土创新深圳人才安居保障性租赁住房封闭式基础设施证券投资基金收益分配的公告,https://disc.static.szse.cn/disc/disk03/finalpage/2023-09-18/534f81fb-b02c-4ee8-be27-8e688cf068c6.PDF,2026-09-05T06:00:41.342262+00:00,49a853bb2352f971dfc710fe051f2b6f6b38df745d985e7a8f2acc4d4e75f1d6,202733.0,success,,2023-09-22,0.0539,0.539,本次分红方案（单位： 0.5390 元/10 份基金份额） ；除息日 2023 年 9 月 22 日（场内） 2023 年 9 月 21 日（场外）
SZSE_1219464203,180501,2024-03-30,红土创新深圳安居REIT：红土创新基金管理有限公司关于红土创新深圳人才安居保障性租赁住房封闭式基础设施证券投资基金收益分配的公告,https://disc.static.szse.cn/disc/disk03/finalpage/2024-03-29/58418ed3-dea9-4be7-bb0f-c9189edc3872.PDF,2026-09-05T06:00:41.414158+00:00,64e6eb81f0b368fbdb5c7bd131a28c41a723700660640e974480716037ee64f4,214553.0,success,,2024-04-08,0.04828,0.4828,本次分红方案（单位： 0.4828 元/10 份基金份额） ；除息日 2024 年 4 月 8 日（场内） 2024 年 4 月 3 日（场外）
SZSE_1220805557,180501,2024-08-07,红土创新深圳安居REIT：红土创新基金管理有限公司关于红土创新深圳人才安居保障性租赁住房封闭式基础设施证券投资基金收益分配的公告,https://disc.static.szse.cn/disc/disk03/finalpage/2024-08-06/74bbfa8b-d1a1-4ddb-ad4f-d244dd861ae6.PDF,2026-09-05T06:00:41.415550+00:00,49f566670cbca2f7a6192ca1d0d40cf454089b393632c3240f35c6641e35713a,311963.0,success,,2024-08-12,0.05088,0.5088,本次分红方案（单位： 0.5088 元/10 份基金份额） ；除息日 2024 年 8 月 12 日（场内） 2024 年 8 月 9 日（场外）
SZSE_1221601817,180501,2024-11-04,红土创新深圳安居REIT：红土创新基金管理有限公司关于红土创新深圳人才安居保障性租赁住房封闭式基础设施证券投资基金收益分配的公告,https://disc.static.szse.cn/disc/disk03/finalpage/2024-11-01/107fd03c-db03-4c78-b557-f53e63cc67c7.PDF,2026-09-05T06:00:41.427755+00:00,7c240a614cbd6543b61a146e46ba6208b7613c24e74feadf13a7731e486c8c1d,216997.0,success,,2024-11-07,0.02382,0.2382,本次分红方案（单位： 0.2382 元/10 份基金份额） ；除息日 2024 年 11 月 7 日（场内） 2024 年 11 月 6 日（场外）
SZSE_1222921133,180501,2025-03-28,红土创新深圳安居REIT：红土创新基金管理有限公司关于红土创新深圳人才安居保障性租赁住房封闭式基础设施证券投资基金收益分配的公告,https://disc.static.szse.cn/disc/disk03/finalpage/2025-03-27/bffc35fe-5d73-47fb-87d2-4f01d2a034bd.PDF,2026-09-05T06:00:41.465806+00:00,02baad2ac0659aa6b54d22714de0137d44b9d57eb4899840564c3124790f74f0,337366.0,success,,2025-04-02,0.0240799999999999,0.2408,本次分红方案（单位： 0.2408 元/10 份基金份额） ；除息日 2025 年 4 月 2 日（场内） 2025 年 4 月 1 日（场外）
SZSE_1224601214,180501,2025-08-29,红土创新深圳安居REIT：红土创新基金管理有限公司关于红土创新深圳安居保障性租赁住房封闭式基础设施证券投资基金收益分配的公告,https://disc.static.szse.cn/disc/disk03/finalpage/2025-08-29/0428edf0-442c-4e98-92d7-75faa53e069c.PDF,2026-09-05T06:00:41.475853+00:00,8ae4f3efb868b1a6af062b50b6c57495ba48c9d47df61a174f3c46dc2789f704,143191.0,success,,2025-09-03,0.04706,0.4706,本次分红方案（单位： 0.4706 元/10 份基金份额） ；除息日 2025 年 9 月 3 日（场内） 2025 年 9 月 2 日（场外）
SZSE_1224795136,180501,2025-11-11,红土创新深圳安居REIT：红土创新基金管理有限公司关于红土创新深圳安居保障性租赁住房封闭式基础设施证券投资基金收益分配的公告,https://disc.static.szse.cn/disc/disk03/finalpage/2025-11-11/94fb7775-aea7-4673-907d-d9ac5336e910.PDF,2026-09-05T06:00:41.485056+00:00,e47fba4f903a1f8e1bf80cce51d2c6aa343ed89f6ae7e87cab4fa9432a83ab38,142826.0,success,,2025-11-14,0.02425,0.2425,本次分红方案（单位： 0.2425 元/10 份基金份额） ；除息日 2025 年 11 月 14 日（场内） 2025 年 11 月 13 日（场外）
SZSE_1225081580,180501,2026-04-08,红土创新深圳安居REIT：红土创新基金管理有限公司关于红土创新深圳安居保障性租赁住房封闭式基础设施证券投资基金收益分配的公告,https://disc.static.szse.cn/disc/disk03/finalpage/2026-04-08/34e916d6-0bae-4da5-b640-f9dafb618aae.PDF,2026-09-05T06:00:41.543626+00:00,3e349ae98fb9f19f8e3d741170062f5a6bd16f0fc0c10b83573659643c0436cc,142941.0,success,,2026-04-13,0.02402,0.2402,本次分红方案（单位： 0.2402 元/10 份基金份额） ；除息日 2026 年 4 月 13 日（场内） 2026 年 4 月 10 日（场外）
SZSE_1225315311,180501,2026-05-20,红土创新深圳安居REIT：红土创新基金管理有限公司关于红土创新深圳安居保障性租赁住房封闭式基础设施证券投资基金收益分配的公告,https://disc.static.szse.cn/disc/disk03/finalpage/2026-05-20/bf8c7d0e-906b-44f0-8fd8-75a12a1cafb4.PDF,2026-09-05T06:00:41.547818+00:00,2ea640824022d28a3d33f8c45494af95f1d7062c2e4734d691d66b627c6a9ca7,142678.0,success,,2026-05-25,0.02359,0.2359,本次分红方案（单位： 0.2359 元/10 份基金份额） ；除息日 2026 年 5 月 25 日（场内） 2026 年 5 月 22 日（场外）
SZSE_1222979520,180502,2025-04-02,招商基金蛇口租赁住房REIT：招商基金管理有限公司关于招商基金招商蛇口租赁住房封闭式基础设施证券投资基金收益分配的公告,https://disc.static.szse.cn/disc/disk03/finalpage/2025-04-01/de3127a9-ed7a-473c-94a4-88fab223d29e.PDF,2026-09-05T06:00:41.555600+00:00,d3a36c1595cbd35265a874bd148fc0cd65c5872396ead9c0eba3a5f604246f17,204941.0,success,,2025-04-08,0.03426,0.3426,本次分红方案 0.3426 （单位：元/10 份基金份额） ；除息日 2025 年 4 月 8 日（场内） 2025 年 4 月 7 日（场外）
SZSE_1224460750,180502,2025-08-13,招商基金蛇口租赁住房REIT：招商基金管理有限公司关于招商基金招商蛇口租赁住房封闭式基础设施证券投资基金收益分配的公告,https://disc.static.szse.cn/disc/disk03/finalpage/2025-08-12/eabe2941-7198-4547-bac3-ead940845d7d.PDF,2026-09-05T06:00:41.606538+00:00,0cb4eef21a8d24bf8134f0ffbbe08625cb93e4afdfe91bcdd87845f3bae72cc1,271812.0,success,,2025-08-18,0.0525,0.525,本次分红方案（单位：元/10 份基金份额） 0.525 ；除息日 2025 年 8 月 18 日（场内） 2025 年 8 月 15 日（场外）
SZSE_1225288510,180502,2026-05-12,招商基金蛇口租赁住房REIT：招商基金管理有限公司关于招商基金招商蛇口租赁住房封闭式基础设施证券投资基金收益分配的公告,https://disc.static.szse.cn/disc/disk03/finalpage/2026-05-12/a486cbbc-41ea-49fd-a59c-aa845be1b169.PDF,2026-09-05T06:00:41.616374+00:00,8b3c9be5b09036c42394ad1b94b2c293de22e0cb1a00f16568fb090745ec5edb,126163.0,success,,2026-05-15,0.0571,0.571,本次分红方案（单位：元/10 份基金份额） 0.571 ；除息日 2026 年 5 月 15 日（场内） 2026 年 5 月 14 日（场外）
SZSE_1225461472,180502,2026-08-07,招商基金蛇口租赁住房REIT：招商基金管理有限公司关于招商基金招商蛇口租赁住房封闭式基础设施证券投资基金收益分配的公告,https://disc.static.szse.cn/disc/disk03/finalpage/2026-08-07/40236ff9-6699-4ef7-bf86-089322cf7e8a.PDF,2026-09-05T06:00:41.658128+00:00,b790cc75422077c0c11358551b06059b24ea98e15ce44a68fb5c8f8d2ac90757,126282.0,success,,2026-08-12,0.03156,0.3156,本次分红方案（单位：元/10 份 REITs 份额） 0.3156 ；除息日 2026 年 8 月 12 日（场内） 2026 年 8 月 11 日（场外）
SZSE_1221145743,180602,2024-09-06,中金印力消费REIT：中金基金管理有限公司关于中金印力消费基础设施封闭式基础设施证券投资基金收益分配的公告,https://disc.static.szse.cn/disc/disk03/finalpage/2024-09-05/4c27b405-025c-4ee0-a8e9-2e6b80c0c550.PDF,2026-09-05T06:00:41.916652+00:00,9a0b1a00a4a8d857b4b073cb40580b331542f6735db4ca6cc2819833d7578fa6,137418.0,success,,2024-09-11,0.036,0.36,本次分红方案（单位：元/10 份 0.3600 基金份额） ；除息日 2024 年 9 月 11 日（场内） 2024 年 9 月 10 日（场外）
SZSE_1221938650,180602,2024-12-06,中金印力消费REIT：中金基金管理有限公司关于中金印力消费基础设施封闭式基础设施证券投资基金收益分配的公告,https://disc.static.szse.cn/disc/disk03/finalpage/2024-12-05/a44feb7b-e6c7-42db-87bf-2ede8b0604ef.PDF,2026-09-05T06:00:41.926159+00:00,cb2624adb0bf341505496ee8715500f62952c52f392942b37d53d3f462b9b4c3,138091.0,success,,2024-12-11,0.0428,0.428,本次分红方案（单位：元/10 份 0.4280 基金份额） ；除息日 2024 年 12 月 11 日（场内） 2024 年 12 月 10 日（场外）
SZSE_1222921126,180602,2025-03-28,中金印力消费REIT：中金基金管理有限公司关于中金印力消费基础设施封闭式基础设施证券投资基金收益分配的公告,https://disc.static.szse.cn/disc/disk03/finalpage/2025-03-28/222e3622-e540-4daa-87ef-a91e955b771a.PDF,2026-09-05T06:00:41.954998+00:00,5875bfb849e2ee3cd21b43f1484bc3e962fd2e63faec47ea1a7d0b222ebd8bd2,138010.0,success,,2025-04-02,0.0456,0.456,本次分红方案（单位：元/10 份 0.4560 基金份额） ；除息日 2025 年 4 月 2 日（场内） 2025 年 4 月 1 日（场外）
SZSE_1223409883,180602,2025-04-30,中金印力消费REIT：中金基金管理有限公司关于中金印力消费基础设施封闭式基础设施证券投资基金收益分配的公告,https://disc.static.szse.cn/disc/disk03/finalpage/2025-04-29/81c6e549-ab61-451f-99fd-295e0b660ae9.PDF,2026-09-05T06:00:41.966043+00:00,3c54ccc25a0e47ab039f2eca12d3af4d2a90ef50bb767d60593332c7030a46bc,138056.0,success,,2025-05-08,0.04,0.4,本次分红方案（单位：元/10 份 0.4000 基金份额） ；除息日 2025 年 5 月 8 日（场内） 2025 年 5 月 7 日（场外）
SZSE_1224472930,180602,2025-08-14,中金印力消费REIT：中金基金管理有限公司关于中金印力消费基础设施封闭式基础设施证券投资基金收益分配的公告,https://disc.static.szse.cn/disc/disk03/finalpage/2025-08-14/16c94f01-5e57-4fdb-9fcc-c04a729a2095.PDF,2026-09-05T06:00:42.009462+00:00,3b6ff2e854ed21e17e58635373944f67fbcdd07d8bfc16b223855fd6f3a6b189,146584.0,success,,2025-08-19,0.045,0.45,本次分红方案（单位：元/10 份 0.4500 基金份额） ；除息日 2025 年 8 月 19 日（场内） 2025 年 8 月 18 日（场外）
SZSE_1224882493,180602,2025-12-18,中金印力消费REIT：中金基金管理有限公司关于中金印力消费基础设施封闭式基础设施证券投资基金收益分配的公告,https://disc.static.szse.cn/disc/disk03/finalpage/2025-12-18/f0a8be7e-c37d-4bef-b082-b6529610b9e1.PDF,2026-09-05T06:00:42.044004+00:00,d15a1ebc2d7db3495d6098e91b47ff7769cf183d3325cf8400290a1df678140f,146618.0,success,,2025-12-23,0.045,0.45,本次分红方案（单位：元/10 份 0.4500 基金份额） ；除息日 2025 年 12 月 23 日（场内） 2025 年 12 月 22 日（场外）
SZSE_1225069850,180602,2026-04-02,中金印力消费REIT：中金基金管理有限公司关于中金印力消费基础设施封闭式基础设施证券投资基金收益分配的公告,https://disc.static.szse.cn/disc/disk03/finalpage/2026-04-02/52a15ce0-2344-4949-9715-c191fdd975a1.PDF,2026-09-05T06:00:42.056830+00:00,f537feb53f426468b5f5773f6fdccaf911741de3f32461794c219ea2e92dfa0b,176703.0,success,,2026-04-08,0.04389,0.4389,本次分红方案（单位：元/10 份 0.4389 基金份额） ；除息日 2026 年 4 月 8 日（场内） 2026 年 4 月 7 日（场外）
SZSE_1225394564,180602,2026-06-30,中金印力消费REIT：中金基金管理有限公司关于中金印力消费基础设施封闭式基础设施证券投资基金收益分配的公告,https://disc.static.szse.cn/disc/disk03/finalpage/2026-06-30/7b0db435-6b5c-467e-ab6e-8454e532ab16.PDF,2026-09-05T06:00:42.058014+00:00,79c17ea0faad90d51c0a4fccdeb6ed259a326a835e724854a5b5a3747c31507d,175926.0,success,,2026-07-03,0.0419999999999999,0.42,本次分红方案（单位：元/10 份 0.4200 基金份额） ；除息日 2026 年 7 月 3 日（场内） 2026 年 7 月 2 日（场外）
SZSE_1222256762,180603,2025-01-08,华夏大悦城商业REIT：华夏基金管理有限公司关于华夏大悦城购物中心封闭式基础设施证券投资基金收益分配的公告,https://disc.static.szse.cn/disc/disk03/finalpage/2025-01-07/ae102993-b01d-4c1a-aa33-4e01ed746205.PDF,2026-09-05T06:00:42.077892+00:00,ddd87ea6b7311569cf98b4de8fc22050b8517712556ef383e7bfe0670fdb60ca,216415.0,success,,2025-01-13,0.04363,0.4363,本次分红方案（单位：元 0.4363 /10份公募REITs份额） ；除息日 2025年1月13日（场内） 2025年1月10日（场外）
SSE_508000_20241217_QH28,508000,2024-12-17,关于华安张江产业园封闭式基础设施证券投资基金分红的公告,https://www.sse.com.cn/disclosure/fund/announcement/c/new/2024-12-17/508000_20241217_QH28.pdf,2026-09-05T06:00:42.475093+00:00,88ccc5c1f393cfa74a6a7d51ec345cee113cd175a669ff3e29e3a6dd37924771,110493.0,success,,2024-12-20,0.06248,0.6248,本次分红方案（单位： 0.6248 元/10 份基金份额） ；除息日 2024 年 12 月 20 日（场内） 2024 年 12 月 19 日 （场外）
SSE_508000_20250916_DJS4,508000,2025-09-16,关于华安张江产业园封闭式基础设施证券投资基金分红的公告,https://www.sse.com.cn/disclosure/fund/announcement/c/new/2025-09-16/508000_20250916_DJS4.pdf,2026-09-05T06:00:42.665072+00:00,322beca168d113fdbefc7e5a2be1b328cbfb215a1c6c3457228589d02eb92782,110355.0,success,,2025-09-19,0.06248,0.6248,本次分红方案（单位： 0.6248 元/10 份基金份额） ；除息日 2025 年 9 月 19 日（场内） 2025 年 9 月 18 日（场外）
SSE_508000_20260414_41KN,508000,2026-04-14,关于华安张江产业园封闭式基础设施证券投资基金分红的公告,https://www.sse.com.cn/disclosure/fund/announcement/c/new/2026-04-14/508000_20260414_41KN.pdf,2026-09-05T06:00:42.679363+00:00,7d4055026d307f1ea7555e94141ae88bba13f40d066a83674e2e925def8f5968,112500.0,success,,2026-04-17,0.05486,0.5486,本次分红方案（单位： 0.5486 元/10 份基金份额） ；除息日 2026 年 4 月 17 日（场内） 2026 年 4 月 16 日（场外）
SSE_508001_20220602_1_KJxXyHvj,508001,2022-06-02,浙商证券沪杭甬杭徽高速封闭式基础设施证券投资基金2022年第一次分红的公告,https://www.sse.com.cn/disclosure/fund/announcement/c/new/2022-06-02/508001_20220602_1_KJxXyHvj.pdf,2026-09-05T06:00:42.690249+00:00,92493657465df4a95f07b82eb878fa7b6ef5e940fe6261a4ecf9f50a3a278ec4,91032.0,success,,2022-06-08,0.7281,7.281,本次分红方案（单位:元/10份 7.281 基金份额） ；除息日 2022年06月08日(场内) 外) 2022年06月09日（场
SSE_508001_20230613_Q5ZE,508001,2023-06-13,浙商证券沪杭甬杭徽高速封闭式基础设施证券投资基金2023年第一次分红的公告,https://www.sse.com.cn/disclosure/fund/announcement/c/new/2023-06-13/508001_20230613_Q5ZE.pdf,2026-09-05T06:00:42.892030+00:00,2e73874e2eb558b5d283839869a6342c0053b520b54e80e099b8eda7562b40e5,303440.0,success,,2023-06-16,0.6301,6.301,本次分红方案（单位:元/10份 6.301 基金份额） ；除息日 2023年06月16日(场内) 2023年06月15日(场外)
SSE_508001_20250610_P4SA,508001,2025-06-10,浙江浙商证券资产管理有限公司关于浙商证券沪杭甬杭徽高速封闭式基础设施证券投资基金2025年第一次分红公告,https://www.sse.com.cn/disclosure/fund/announcement/c/new/2025-06-10/508001_20250610_P4SA.pdf,2026-09-05T06:00:42.900029+00:00,a265797f6fd5f9154454d7d02753484935fab5817f66d9702cc6ff0280c056f7,157916.0,success,,2025-06-13,0.4336,4.336,本次分红方案（单位: 4.336 元/10份基金份额） 1 ；除息日 2025年6月13日(场内) 2025年6月12日(场外)
SSE_508001_20251216_NBRI,508001,2025-12-16,浙江浙商证券资产管理有限公司关于浙商证券沪杭甬杭徽高速封闭式基础设施证券投资基金2025年第二次分红公告,https://www.sse.com.cn/disclosure/fund/announcement/c/new/2025-12-16/508001_20251216_NBRI.pdf,2026-09-05T06:00:42.907744+00:00,6d1166229130eea90df0804b725466b3669457e2fd5c32a4be1aa6752ddbb35a,157765.0,success,,2025-12-19,0.4059999999999999,4.06,本次分红方案（单位: 4.06 元/10份基金份额） 1 ；除息日 2025年12月19日(场内) 2025年12月18日(场外)
SSE_508001_20260721_8J1G,508001,2026-07-21,浙江浙商证券资产管理有限公司关于浙商证券沪杭甬杭徽高速封闭式基础设施证券投资基金2026年第一次分红公告,https://www.sse.com.cn/disclosure/fund/announcement/c/new/2026-07-21/508001_20260721_8J1G.pdf,2026-09-05T06:00:42.951659+00:00,aa898fae098be003128d8a3f1e5fce63a6dcc775fa07d3746135e9490bc1c507,158021.0,success,,2026-07-24,0.3924999999999999,3.925,本次分红方案（单位: 3.925 元/10份基金份额） ；除息日 2026年7月24日(场内) 2026年7月23日(场外)
SSE_508003_20250423_Z4C8,508003,2025-04-23,中金基金管理有限公司关于中金联东科技创新产业园封闭式基础设施证券投资基金2025年第一次分红公告,https://www.sse.com.cn/disclosure/fund/announcement/c/new/2025-04-23/508003_20250423_Z4C8.pdf,2026-09-05T06:00:43.281024+00:00,6f64ea0b1b83d4300370d7d632320338e3ecbef9b4730c16601827d1823ff7b3,371706.0,success,,2025-04-28,0.0337,0.337,本次分红方案（单位：元 0.3370 /10 份基金份额） ；除息日 场外：2025 年 4 月 25 日 场内：2025 年 4 月 28 日 第 2 页 共4 页 中金基金管理有限公司关于中金联东科技创新产业园封闭式基础设施证券投资基金 2025 年第一次分红公告
SSE_508003_20250718_BBF9,508003,2025-07-18,中金基金管理有限公司关于中金联东科技创新产业园封闭式基础设施证券投资基金2025年第二次分红公告,https://www.sse.com.cn/disclosure/fund/announcement/c/new/2025-07-18/508003_20250718_BBF9.pdf,2026-09-05T06:00:43.373751+00:00,9d11ba11559bc68a0c971c08afd2a84cd78bdfbd0d1c806e6cc47ad5d8ce4a24,374404.0,success,,2025-07-23,0.04,0.4,本次分红方案（单位：元 0.4000 /10 份基金份额） ；除息日 场外：2025 年 7 月 22 日 场内：2025 年 7 月 23 日 第 2 页 共4 页 中金基金管理有限公司关于中金联东科技创新产业园封闭式基础设施证券投资基金 2025 年第二次分红公告
SSE_508003_20251105_RQT4,508003,2025-11-05,中金基金管理有限公司关于中金联东科技创新产业园封闭式基础设施证券投资基金2025年第三次分红公告,https://www.sse.com.cn/disclosure/fund/announcement/c/new/2025-11-05/508003_20251105_RQT4.pdf,2026-09-05T06:00:43.380707+00:00,fc3125b0cd1177cf0f0bf342f1c33781c94e0abcd41a6bfa429519213ad3d61c,383665.0,success,,2025-11-10,0.04,0.4,本次分红方案（单位：元 0.4000 /10 份基金份额） ；除息日 场外：2025 年 11 月 7 日 场内：2025 年 11 月 10 日 第 2 页 共4 页 中金基金管理有限公司关于中金联东科技创新产业园封闭式基础设施证券投资基金 2025 年第三次分红公告
SSE_508003_20260204_GXBQ,508003,2026-02-04,中金基金管理有限公司关于中金联东科技创新产业园封闭式基础设施证券投资基金2026年第一次分红公告,https://www.sse.com.cn/disclosure/fund/announcement/c/new/2026-02-04/508003_20260204_GXBQ.pdf,2026-09-05T06:00:43.384381+00:00,2dbeae4711d7e858c7661bf60dde3c28589472612001ce9689fa42cb1f465182,383862.0,success,,2026-02-09,0.0409999999999999,0.41,本次分红方案（单位：元 0.4100 /10 份基金份额） ；除息日 场外：2026 年 2 月 6 日 场内：2026 年 2 月 9 日 第 2 页 共4 页 中金基金管理有限公司关于中金联东科技创新产业园封闭式基础设施证券投资基金 2026 年第一次分红公告
SSE_508003_20260430_SY92,508003,2026-04-30,中金基金管理有限公司关于中金联东科技创新产业园封闭式基础设施证券投资基金2026年第二次分红公告,https://www.sse.com.cn/disclosure/fund/announcement/c/new/2026-04-30/508003_20260430_SY92.pdf,2026-09-05T06:00:43.410313+00:00,69d3b2bfde880b39515d5d5870a2490a015d82e853b5e429a49a7bffb12a6978,384134.0,success,,2026-05-08,0.04,0.4,本次分红方案（单位：元 0.4000 /10 份基金份额） ；除息日 场外：2026 年 5 月 7 日 场内：2026 年 5 月 8 日 第 2 页 共4 页 中金基金管理有限公司关于中金联东科技创新产业园封闭式基础设施证券投资基金 2026 年第二次分红公告
SSE_508003_20260805_6O1L,508003,2026-08-05,中金基金管理有限公司关于中金联东科技创新产业园封闭式基础设施证券投资基金2026年第三次分红公告,https://www.sse.com.cn/disclosure/fund/announcement/c/new/2026-08-05/508003_20260805_6O1L.pdf,2026-09-05T06:00:43.457079+00:00,13ec546bd2273ed8a0753e58612a3bd02959e4cc677d11a673be84e4d160818a,415615.0,success,,2026-08-10,0.038,0.38,本次分红方案（单位：元 0.3800 /10 份基金份额） ；除息日 场外：2026 年 8 月 7 日 场内：2026 年 8 月 10 日 第 2 页 共4 页 中金基金管理有限公司关于中金联东科技创新产业园封闭式基础设施证券投资基金 2026 年第三次分红公告
SSE_508005_20241217_ZNT4,508005,2024-12-17,华夏基金管理有限公司关于华夏首创奥特莱斯封闭式基础设施证券投资基金收益分配的公告,https://www.sse.com.cn/disclosure/fund/announcement/c/new/2024-12-17/508005_20241217_ZNT4.pdf,2026-09-05T06:00:43.645125+00:00,f33c2a3158868a05a52570d6a49242352b930ac86e6fa94231d6cea063672ac1,224000.0,success,,2024-12-20,0.0181799999999999,0.1818,本次分红方案（单 0.1818 位：元/10份公募REITs份额） ；除息日 2024年12月20日（场内） 2024年12月19日（场外）
SSE_508005_20250430_9EYQ,508005,2025-04-30,华夏基金管理有限公司关于华夏首创奥特莱斯封闭式基础设施证券投资基金收益分配的公告,https://www.sse.com.cn/disclosure/fund/announcement/c/new/2025-04-30/508005_20250430_9EYQ.pdf,2026-09-05T06:00:43.754297+00:00,176dd10fb68434088404e1a026dbc08dcf99629b967d98f470b81d2901a3b05e,227791.0,success,,2025-05-08,0.03688,0.3688,本次分红方案（单位：元 0.3688 /10份公募REITs份额） ；除息日 2025年5月8日（场内） 2025年5月7日（场外）
SSE_508005_20250829_ZLR2,508005,2025-08-29,华夏基金管理有限公司关于华夏首创奥特莱斯封闭式基础设施证券投资基金收益分配的公告,https://www.sse.com.cn/disclosure/fund/announcement/c/new/2025-08-29/508005_20250829_ZLR2.pdf,2026-09-05T06:00:43.791075+00:00,2e71fb60ec8aa21103be5e3e237cc460eeb9cd4c99a876cb982faea76ce16a4c,225823.0,success,,2025-09-03,0.07975,0.7975,本次分红方案（单位：元 0.7975 /10份公募REITs份额） ；除息日 2025年9月3日（场内） 2025年9月2日（场外）
SSE_508006_20220120_2_PBjXvUv6,508006,2022-01-20,富国首创水务封闭式基础设施证券投资基金2021年第一次收益分配公告（以此为准）,https://www.sse.com.cn/disclosure/fund/announcement/c/new/2022-01-20/508006_20220120_2_PBjXvUv6.pdf,2026-09-05T06:00:43.951223+00:00,8c1c3c8539dae30999f31a56eb1345079316496433a896eda8e0cc114b790d81,301161.0,success,,2022-01-24,0.2714,2.714,本次分红方案（单位： 2.714 元/10 份基金份额） ；除息日 2022 年 01 月 25 2022 年 01 月 24 日（场内） 日（场外）
SSE_508006_20240402_TJ39,508006,2024-04-02,富国首创水务封闭式基础设施证券投资基金2023年第二次收益分配公告,https://www.sse.com.cn/disclosure/fund/announcement/c/new/2024-04-02/508006_20240402_TJ39.pdf,2026-09-05T06:00:44.254979+00:00,0c9d2365a084e387ca1aee24c197d3e54d0f870d2a5d6a1e043bbdd507f4347e,311646.0,success,,2024-04-08,0.1514,1.514,本次分红方案（单位： 1.514 元/10 份基金份额） ；除息日 2024 年 04 月 09 2024 年 04 月 08 日（场内） 日（场外）
SSE_508006_20240906_O324,508006,2024-09-06,富国首创水务封闭式基础设施证券投资基金2024年第一次收益分配公告,https://www.sse.com.cn/disclosure/fund/announcement/c/new/2024-09-06/508006_20240906_O324.pdf,2026-09-05T06:00:44.422612+00:00,1d9c9ca9d045b2fb74a417380bbcfb56141af8441aacaa042390d67dc1b76a82,106359.0,success,,2024-09-10,0.1397,1.397,本次分红方案（单位： 1.397 元/10 份基金份额） ；除息日 2024 年 09 月 11 2024 年 09 月 10 日（场内） 日（场外）
SSE_508007_20240423_1XRU,508007,2024-04-23,中金基金管理有限公司关于中金山高集团高速公路封闭式基础设施证券投资基金2024年第一次分红公告,https://www.sse.com.cn/disclosure/fund/announcement/c/new/2024-04-23/508007_20240423_1XRU.pdf,2026-09-05T06:00:44.643246+00:00,02e079990482026dc29005a16034fcc15b87797f540d2dd6c709e91ad8c3698b,387583.0,success,,2024-04-26,0.311,3.11,本次分红方案（单位：元 3.1100 /10 份基金份额） ；除息日 场外：2024 年 4 月 25 日 场内：2024 年 4 月 26 日
SSE_508007_20240621_T36Z,508007,2024-06-21,中金基金管理有限公司关于中金山高集团高速公路封闭式基础设施证券投资基金2024年第二次分红公告,https://www.sse.com.cn/disclosure/fund/announcement/c/new/2024-06-21/508007_20240621_T36Z.pdf,2026-09-05T06:00:44.653417+00:00,f2b6f663f0e1576907fe2fd4d89efbb0a7b0b976bebd9c75baf47d894eec3ff9,368681.0,success,,2024-06-26,0.122,1.22,本次分红方案（单位：元 1.2200 /10 份基金份额） ；除息日 场外：2024 年 6 月 25 日 场内：2024 年 6 月 26 日
SSE_508007_20240830_FTM4,508007,2024-08-30,中金基金管理有限公司关于中金山高集团高速公路封闭式基础设施证券投资基金2024年第三次分红公告,https://www.sse.com.cn/disclosure/fund/announcement/c/new/2024-08-30/508007_20240830_FTM4.pdf,2026-09-05T06:00:44.730744+00:00,6fa8669a5c4c32646ec306be1a91823ad683c9d86764e2bda7a5ca74dbcca072,370987.0,success,,2024-09-04,0.12,1.2,本次分红方案（单位：元 1.2000 /10 份基金份额） ；除息日 场外：2024 年 9 月 3 日 场内：2024 年 9 月 4 日
SSE_508007_20241025_5ZWQ,508007,2024-10-25,中金基金管理有限公司关于中金山高集团高速公路封闭式基础设施证券投资基金2024年第四次分红公告,https://www.sse.com.cn/disclosure/fund/announcement/c/new/2024-10-25/508007_20241025_5ZWQ.pdf,2026-09-05T06:00:44.794829+00:00,91053f42713a5e434d3f32a3f33cb819f167f71a64cb993df7afd9fd74d0248a,374123.0,success,,2024-10-30,0.124,1.24,本次分红方案（单位：元 1.2400 /10 份基金份额） ；除息日 场外：2024 年 10 月 29 日 场内：2024 年 10 月 30 日
SSE_508007_20250328_U7HE,508007,2025-03-28,中金基金管理有限公司关于中金山高集团高速公路封闭式基础设施证券投资基金2025年第一次分红公告,https://www.sse.com.cn/disclosure/fund/announcement/c/new/2025-03-28/508007_20250328_U7HE.pdf,2026-09-05T06:00:45.041971+00:00,5641eb9960ff646c065778a2b1401014414a8bfe5051c9964cfd08e0a7471ec5,372130.0,success,,2025-04-02,0.1056999999999999,1.057,本次分红方案（单位：元 1.0570 /10 份基金份额） ；除息日 场外：2025 年 4 月 1 日 场内：2025 年 4 月 2 日
SSE_508007_20250619_7K9B,508007,2025-06-19,中金基金管理有限公司关于中金山高集团高速公路封闭式基础设施证券投资基金2025年第二次分红公告,https://www.sse.com.cn/disclosure/fund/announcement/c/new/2025-06-19/508007_20250619_7K9B.pdf,2026-09-05T06:00:45.219016+00:00,ccde74cd889f39c4325d132ff525b75c0c594d7753517a579df036b15e5c817b,373453.0,success,,2025-06-24,0.1225,1.225,本次分红方案（单位：元 1.2250 /10 份基金份额） ；除息日 场外：2025 年 6 月 23 日 场内：2025 年 6 月 24 日
SSE_508007_20250919_H1S9,508007,2025-09-19,中金基金管理有限公司关于中金山高集团高速公路封闭式基础设施证券投资基金2025年第三次分红公告,https://www.sse.com.cn/disclosure/fund/announcement/c/new/2025-09-19/508007_20250919_H1S9.pdf,2026-09-05T06:00:45.235217+00:00,54a093bab66030d45c757da6c02d41479a21ab8dc73f395168c7b31eb23318eb,382136.0,success,,2025-09-24,0.1195,1.195,本次分红方案（单位：元 1.1950 /10 份基金份额） ；除息日 场外：2025 年 9 月 23 日 场内：2025 年 9 月 24 日
SSE_508007_20251231_UPH4,508007,2025-12-31,中金基金管理有限公司关于中金山高集团高速公路封闭式基础设施证券投资基金2025年第四次分红公告,https://www.sse.com.cn/disclosure/fund/announcement/c/new/2025-12-31/508007_20251231_UPH4.pdf,2026-09-05T06:00:45.297269+00:00,b91a4c45a733af01a5233e01b46c00fd1f8d564985aea17159eb2e62e36c3213,381600.0,success,,2026-01-07,0.124,1.24,本次分红方案（单位：元 1.2400 /10 份基金份额） ；除息日 场外：2026 年 1 月 6 日 场内：2026 年 1 月 7 日
SSE_508007_20260402_RMMX,508007,2026-04-02,中金基金管理有限公司关于中金山高集团高速公路封闭式基础设施证券投资基金2026年第一次分红公告,https://www.sse.com.cn/disclosure/fund/announcement/c/new/2026-04-02/508007_20260402_RMMX.pdf,2026-09-05T06:00:45.349803+00:00,ad60ce022752c7f6ecd29acc625be2e74b7df740130806a5bf5d9d2dfaf24340,380974.0,success,,2026-04-08,0.11,1.1,本次分红方案（单位：元 1.1000 /10 份基金份额） ；除息日 场外：2026 年 4 月 7 日 场内：2026 年 4 月 8 日
SSE_508007_20260610_YFGJ,508007,2026-06-10,中金基金管理有限公司关于中金山高集团高速公路封闭式基础设施证券投资基金2026年第二次分红公告,https://www.sse.com.cn/disclosure/fund/announcement/c/new/2026-06-10/508007_20260610_YFGJ.pdf,2026-09-05T06:00:45.350366+00:00,49d3dbcdb931baeaacce60fb7593396130c151cf0a8ff281b7f5bf7e797f8604,380969.0,success,,2026-06-15,0.123,1.23,本次分红方案（单位：元 1.2300 /10 份基金份额） ；除息日 场外：2026 年 6 月 12 日 场内：2026 年 6 月 15 日
SSE_508008_20240330_5REI,508008,2024-03-30,关于国金铁建重庆渝遂高速公路封闭式基础设施证券投资基金分红的公告,https://www.sse.com.cn/disclosure/fund/announcement/c/new/2024-03-30/508008_20240330_5REI.pdf,2026-09-05T06:00:45.755518+00:00,0f6737ff47ab923041129d2ed2942577053bd56091701f9b2686e2b0e91726a0,125693.0,success,,2024-04-09,0.9766,9.766,本次分红方案 9.766 （单位：元/10 份基金份 额） ；除息日 2024 年 4 月 9 日（场内）；2024 年 4 月 8 日（场外）
SSE_508008_20240921_R9JG,508008,2024-09-21,关于国金铁建重庆渝遂高速公路封闭式基础设施证券投资基金2024年第二次分红的公告,https://www.sse.com.cn/disclosure/fund/announcement/c/new/2024-09-21/508008_20240921_R9JG.pdf,2026-09-05T06:00:45.766067+00:00,d7cca4123a68d1c0b1a72eb1e4653c47fc5887a98f4d70499e510624397a7f19,126533.0,success,,2024-09-30,0.4589,4.589,本次分红方案 4.589 （单位：元/10 份基金份 额） ；除息日 2024 年 9 月 30 日（场内）；2024 年 9 月 27 日（场外）
SSE_508008_20250403_VW1K,508008,2025-04-03,关于国金铁建重庆渝遂高速公路封闭式基础设施证券投资基金2025年第一次分红的公告,https://www.sse.com.cn/disclosure/fund/announcement/c/new/2025-04-03/508008_20250403_VW1K.pdf,2026-09-05T06:00:45.783401+00:00,57d1a410435f6da51c33221a962700fb5a708353e919b41333e755816a16cffd,127442.0,success,,2025-04-11,0.4953999999999999,4.954,本次分红方案 4.9540 （单位：元/10 份基金份 额） ；除息日 2025 年 4 月 11 日（场内）；2025 年 4 月 10 日（场外）
SSE_508008_20250909_YXOK,508008,2025-09-09,关于国金铁建重庆渝遂高速公路封闭式基础设施证券投资基金2025年第二次分红的公告,https://www.sse.com.cn/disclosure/fund/announcement/c/new/2025-09-09/508008_20250909_YXOK.pdf,2026-09-05T06:00:45.795958+00:00,3ea4b5c639aa7e942b71dfa521c00c56dda24ed844c9074a9f9226d91c27dce2,127279.0,success,,2025-09-15,0.42,4.2,本次分红方案 4.2000 （单位：元/10 份基金份 额） ；除息日 2025 年 9 月 15 日（场内）；2025 年 9 月 12 日（场外）
SSE_508008_20260415_SZ7X,508008,2026-04-15,关于国金铁建重庆渝遂高速公路封闭式基础设施证券投资基金2026年第一次分红的公告,https://www.sse.com.cn/disclosure/fund/announcement/c/new/2026-04-15/508008_20260415_SZ7X.pdf,2026-09-05T06:00:45.816964+00:00,929c2f1a279d8a2d78f8a03e0b0a3bbe0f05f60cc460df5e0d64fb7187d4a051,126830.0,success,,2026-04-21,0.358,3.58,本次分红方案 3.580 （单位：元/10 份基金份 额） ；除息日 2026 年 4 月 21 日（场内）；2026 年 4 月 20 日（场外）
SSE_508009_20230621_SQID,508009,2023-06-21,中金基金管理有限公司关于中金安徽交控高速公路封闭式基础设施证券投资基金2023年第一次分红公告,https://www.sse.com.cn/disclosure/fund/announcement/c/new/2023-06-21/508009_20230621_SQID.pdf,2026-09-05T06:00:46.143399+00:00,ad1c736757fd84ed15f2d8f44f8c8cd9599da45bf400feb825afab71c4ed147e,554822.0,success,,2023-06-28,0.6836,6.836,本次分红方案（单位：元/10 份基金份 6.8360 额） ；除息日 场外：2023 年 6 月 27 日 场内：2023 年 6 月 28 日
SSE_508009_20230831_DP9X,508009,2023-08-31,中金基金管理有限公司关于中金安徽交控高速公路封闭式基础设施证券投资基金2023年第二次分红公告,https://www.sse.com.cn/disclosure/fund/announcement/c/new/2023-08-31/508009_20230831_DP9X.pdf,2026-09-05T06:00:46.150368+00:00,b00f34c0cbad1c546b27a896ddedd33a3220005fbe5351f3715b6bda471ea53b,309102.0,success,,2023-09-05,0.2299999999999999,2.3,本次分红方案（单位：元/10 份基金份 2.3000 额） ；除息日 场外：2023 年 9 月 4 日 场内：2023 年 9 月 5 日
SSE_508009_20231025_GKSU,508009,2023-10-25,中金基金管理有限公司关于中金安徽交控高速公路封闭式基础设施证券投资基金2023年第三次分红公告,https://www.sse.com.cn/disclosure/fund/announcement/c/new/2023-10-25/508009_20231025_GKSU.pdf,2026-09-05T06:00:46.151729+00:00,79e14f4d5f82e616e10b35046ff693a92ef4df062ac12a0a5011c57f73181783,645152.0,success,,2023-10-30,0.175,1.75,本次分红方案（单位：元/10 份基金份 1.7500 额） ；除息日 场外：2023 年 10 月 27 日 场内：2023 年 10 月 30 日
SSE_508009_20240119_C7O8,508009,2024-01-19,中金基金管理有限公司关于中金安徽交控高速公路封闭式基础设施证券投资基金2024年第一次分红公告,https://www.sse.com.cn/disclosure/fund/announcement/c/new/2024-01-19/508009_20240119_C7O8.pdf,2026-09-05T06:00:46.194788+00:00,eded61f88ff13a19c5ef824a50bc20656a331e2306284bb3bfdafa91c35b3176,694768.0,success,,2024-01-24,0.19,1.9,本次分红方案（单位：元/10 份基金份 1.9000 额） ；除息日 场外：2024 年 1 月 23 日 场内：2024 年 1 月 24 日
SSE_508009_20240329_SIVN,508009,2024-03-29,中金基金管理有限公司关于中金安徽交控高速公路封闭式基础设施证券投资基金2024年第二次分红公告,https://www.sse.com.cn/disclosure/fund/announcement/c/new/2024-03-29/508009_20240329_SIVN.pdf,2026-09-05T06:00:46.235992+00:00,f2f032cd7cbd9f5e20190b265d1789c4a759fc607c7e785aebadba5cf0641654,209925.0,success,,2024-04-03,0.185,1.85,本次分红方案（单位：元/10 份基金份 1.8500 额） ；除息日 场外：2024 年 4 月 2 日 场内：2024 年 4 月 3 日
SSE_508009_20240719_FS4N,508009,2024-07-19,中金基金管理有限公司关于中金安徽交控高速公路封闭式基础设施证券投资基金2024年第三次分红公告,https://www.sse.com.cn/disclosure/fund/announcement/c/new/2024-07-19/508009_20240719_FS4N.pdf,2026-09-05T06:00:46.253631+00:00,b13dfaa2e15209492118164a86e0dcdbe1150b9da0b2c1ff5d16f782a7314093,212423.0,success,,2024-07-24,0.129,1.29,本次分红方案（单位：元/10 份基金份 1.2900 额） ；除息日 场外：2024 年 7 月 23 日 场内：2024 年 7 月 24 日
SSE_508009_20241025_PRTT,508009,2024-10-25,中金基金管理有限公司关于中金安徽交控高速公路封闭式基础设施证券投资基金2024年第四次分红公告,https://www.sse.com.cn/disclosure/fund/announcement/c/new/2024-10-25/508009_20241025_PRTT.pdf,2026-09-05T06:00:46.533818+00:00,e6fefdf8a3a85ce87f95f6c8f778c38b7b443dd1625b628cd7489d281bb7b221,228052.0,success,,2024-10-30,0.1629999999999999,1.63,本次分红方案（单位：元/10 份基金份 1.6300 额） ；除息日 场外：2024 年 10 月 29 日 场内：2024 年 10 月 30 日
SSE_508009_20250115_AWE8,508009,2025-01-15,中金基金管理有限公司关于中金安徽交控高速公路封闭式基础设施证券投资基金2025年第一次分红公告,https://www.sse.com.cn/disclosure/fund/announcement/c/new/2025-01-15/508009_20250115_AWE8.pdf,2026-09-05T06:00:46.543997+00:00,90395558be2719a08dba80f4fa1b94f5c350adb56a33b8bdcdde2be6aefd3bbe,229250.0,success,,2025-01-20,0.183,1.83,本次分红方案（单位：元/10 份基金份 1.8300 额） ；除息日 场外：2025 年 1 月 17 日 场内：2025 年 1 月 20 日
SSE_508009_20250329_5DTM,508009,2025-03-29,中金基金管理有限公司关于中金安徽交控高速公路封闭式基础设施证券投资基金2025年第二次分红公告,https://www.sse.com.cn/disclosure/fund/announcement/c/new/2025-03-29/508009_20250329_5DTM.pdf,2026-09-05T06:00:46.613441+00:00,597bfa6778e3a2b9d055d7ea874861e01530f497629f5e39f86afd5408f83a4a,229965.0,success,,2025-04-03,0.125,1.25,本次分红方案（单位：元/10 份基金份 1.2500 额） ；除息日 场外：2025 年 4 月 2 日 场内：2025 年 4 月 3 日
SSE_508009_20250718_N6KZ,508009,2025-07-18,中金基金管理有限公司关于中金安徽交控高速公路封闭式基础设施证券投资基金2025年第三次分红公告,https://www.sse.com.cn/disclosure/fund/announcement/c/new/2025-07-18/508009_20250718_N6KZ.pdf,2026-09-05T06:00:46.643002+00:00,0f4059937f513ba33b15ea5566813139b21dfe2fce3e7158652dabad285f8ec8,386423.0,success,,2025-07-23,0.1669999999999999,1.67,本次分红方案（单位：元/10 份基金 1.6700 份额） ；除息日 场外：2025 年 7 月 22 日 场内：2025 年 7 月 23 日
SSE_508009_20251028_P4NY,508009,2025-10-28,中金基金管理有限公司关于中金安徽交控高速公路封闭式基础设施证券投资基金2025年第四次分红公告,https://www.sse.com.cn/disclosure/fund/announcement/c/new/2025-10-28/508009_20251028_P4NY.pdf,2026-09-05T06:00:46.647268+00:00,a427915a2537db3e39775530e2afc8b86f480b56ab9f64002e5f898305236e9c,383545.0,success,,2025-10-31,0.148,1.48,本次分红方案（单位：元/10 份基金 1.4800 份额） ；除息日 场外：2025 年 10 月 30 日 场内：2025 年 10 月 31 日
SSE_508009_20260122_5SXE,508009,2026-01-22,中金基金管理有限公司关于中金安徽交控高速公路封闭式基础设施证券投资基金2026年第一次分红公告,https://www.sse.com.cn/disclosure/fund/announcement/c/new/2026-01-22/508009_20260122_5SXE.pdf,2026-09-05T06:00:46.737285+00:00,c9d04d36a4e6efef69233b7288df72de086171901b1b72f3d55a6caf1291c181,383471.0,success,,2026-01-27,0.16,1.6,本次分红方案（单位：元/10 份基金 1.6000 份额） ；除息日 场外：2026 年 1 月 26 日 场内：2026 年 1 月 27 日
SSE_508009_20260328_A2BZ,508009,2026-03-28,中金基金管理有限公司关于中金安徽交控高速公路封闭式基础设施证券投资基金2026年第二次分红公告,https://www.sse.com.cn/disclosure/fund/announcement/c/new/2026-03-28/508009_20260328_A2BZ.pdf,2026-09-05T06:00:46.870114+00:00,5910d9c3137643d88038bf6300f0c39c4bd465f715159abee79970e79d0271bf,395090.0,success,,2026-04-02,0.161,1.61,本次分红方案（单位：元/10 份基金 1.6100 份额） ；除息日 场外：2026 年 4 月 1 日 场内：2026 年 4 月 2 日
SSE_508009_20260722_OMBE,508009,2026-07-22,中金基金管理有限公司关于中金安徽交控高速公路封闭式基础设施证券投资基金2026年第三次分红公告,https://www.sse.com.cn/disclosure/fund/announcement/c/new/2026-07-22/508009_20260722_OMBE.pdf,2026-09-05T06:00:46.877830+00:00,b79972b61df2a04b4bd8da63fee91cbda997abff4a92abefe4839fa8a8050dee,335528.0,success,,2026-07-27,0.088,0.88,本次分红方案（单位：元/10 份基金 0.8800 份额） ；除息日 场外：2026 年 7 月 24 日 场内：2026 年 7 月 27 日
SSE_508010_20250423_5YJ6,508010,2025-04-23,中金基金管理有限公司关于中金重庆两江产业园封闭式基础设施证券投资基金2025年第一次分红的公告,https://www.sse.com.cn/disclosure/fund/announcement/c/new/2025-04-23/508010_20250423_5YJ6.pdf,2026-09-05T06:00:46.910727+00:00,d4801380d84943f69355162afd774b365ed885db62c6cb65ff6141b0efdaab52,333748.0,success,,2025-04-28,0.04385,0.4385,本次分红方案（单位：元 0.4385 /10 份基金份额） 本次分红为本基金 2025 年度第一次 ；除息日 场外：2025 年 4 月 25 日 场内：2025 年 4 月 28 日
SSE_508010_20250820_I6RD,508010,2025-08-20,中金基金管理有限公司关于中金重庆两江产业园封闭式基础设施证券投资基金2025年第二次分红的公告,https://www.sse.com.cn/disclosure/fund/announcement/c/new/2025-08-20/508010_20250820_I6RD.pdf,2026-09-05T06:00:46.997835+00:00,3ad77f07777d3b0799389c71b1edd6840b825795efab325295cef110494f59ae,332734.0,success,,2025-08-25,0.0349999999999999,0.35,本次分红方案（单位：元 0.3500 /10 份基金份额） 本次分红为本基金 2025 年度第二次 ；除息日 场外：2025 年 8 月 22 日 场内：2025 年 8 月 25 日
SSE_508010_20251211_FV5N,508010,2025-12-11,中金基金管理有限公司关于中金重庆两江产业园封闭式基础设施证券投资基金2025年第三次分红的公告,https://www.sse.com.cn/disclosure/fund/announcement/c/new/2025-12-11/508010_20251211_FV5N.pdf,2026-09-05T06:00:47.136483+00:00,f31155e1348a4c048278ed5bc5322b6af94bdc4d3e2205b6fa0b7f52b562f605,334925.0,success,,2025-12-16,0.0338,0.338,本次分红方案（单位：元 0.3380 /10 份基金份额） 本次分红为本基金 2025 年度第三次 ；除息日 场外：2025 年 12 月 15 日 场内：2025 年 12 月 16 日
SSE_508010_20260401_ILEO,508010,2026-04-01,中金基金管理有限公司关于中金重庆两江产业园封闭式基础设施证券投资基金2026年第一次分红的公告,https://www.sse.com.cn/disclosure/fund/announcement/c/new/2026-04-01/508010_20260401_ILEO.pdf,2026-09-05T06:00:47.204647+00:00,3db6fda1dcd09feca371474aed886359d9df0f2415e878851c6e58c093ef7c13,335732.0,success,,2026-04-07,0.0354,0.354,本次分红方案（单位：元 0.3540 /10 份基金份额） 本次分红为本基金 2026 年度第一次 ；除息日 场外：2026 年 4 月 3 日 场内：2026 年 4 月 7 日
SSE_508010_20260828_5R0R,508010,2026-08-28,中金基金管理有限公司关于中金重庆两江产业园封闭式基础设施证券投资基金2026年第二次分红的公告,https://www.sse.com.cn/disclosure/fund/announcement/c/new/2026-08-28/508010_20260828_5R0R.pdf,2026-09-05T06:00:47.252918+00:00,29f8e072099a74f6d3f1d275e8dc96019477c4375f399bdf05364eca64feff7a,335057.0,success,,2026-09-02,0.0706,0.706,本次分红方案（单位：元 0.7060 /10 份基金份额） 本次分红为本基金 2026 年度第二次 ；除息日 场外：2026 年 9 月 1 日 场内：2026 年 9 月 2 日
SSE_508011_20250311_MSRZ,508011,2025-03-11,关于嘉实物美消费封闭式基础设施证券投资基金收益分配的公告,https://www.sse.com.cn/disclosure/fund/announcement/c/new/2025-03-11/508011_20250311_MSRZ.pdf,2026-09-05T06:00:47.356133+00:00,c659b6e503a11e0d052de0704283d34e6069e3f3519888765755bc84d7816110,204594.0,success,,2025-03-14,0.0824999999999999,0.825,本次分红方案（单位：元 0.8250 /10 份公募 REITs 份额） ；除息日 2025 年 3 月 14 日（场内） 2025 年 3 月 13 日（场外）
SSE_508011_20260408_88YZ,508011,2026-04-08,关于嘉实物美消费封闭式基础设施证券投资基金收益分配的公告,https://www.sse.com.cn/disclosure/fund/announcement/c/new/2026-04-08/508011_20260408_88YZ.pdf,2026-09-05T06:00:47.497933+00:00,78affa0f19694fa5126aa98ff6e028ee0ed5a779b840801b7b5732add694ab99,202224.0,success,,2026-04-13,0.0881,0.881,本次分红方案（单位：元/10 0.8810 份公募 REITs 份额） ；除息日 2026 年 4 月 13 日（场内） 2026 年 4 月 10 日（场外）
SSE_508012_20250521_S58G,508012,2025-05-21,招商基金管理有限公司关于招商科创孵化器封闭式基础设施证券投资基金收益分配的公告,https://www.sse.com.cn/disclosure/fund/announcement/c/new/2025-05-21/508012_20250521_S58G.pdf,2026-09-05T06:00:47.598031+00:00,761440a88d4677af5e5fd217933d393f81085732ec3a2a019c9341def10d172f,262246.0,success,,2025-05-26,0.07178,0.7178,本次分红方案（单位：元/10 份基金份额） 0.7178 ；除息日 2025 年 5 月 26 日（场内） 2025 年 5 月 23 日（场外）
SSE_508012_20251121_LBOC,508012,2025-11-21,招商基金管理有限公司关于招商科创孵化器封闭式基础设施证券投资基金收益分配的公告,https://www.sse.com.cn/disclosure/fund/announcement/c/new/2025-11-21/508012_20251121_LBOC.pdf,2026-09-05T06:00:47.669727+00:00,ce3e59f9d6324a7b854f636ad23adcff77826c3583d81ad115c3645b342cdc60,262433.0,success,,2025-11-26,0.06,0.6,本次分红方案（单位：元/10 份基金份额） 0.6 ；除息日 2025 年 11 月 26 日（场内） 2025 年 11 月 25 日（场外）
SSE_508012_20260529_URCT,508012,2026-05-29,招商基金管理有限公司关于招商科创孵化器封闭式基础设施证券投资基金收益分配的公告,https://www.sse.com.cn/disclosure/fund/announcement/c/new/2026-05-29/508012_20260529_URCT.pdf,2026-09-05T06:00:47.718599+00:00,809585479af381c24bef8fb53bf37b5494ef5b622da7038f93afb076a3aedc73,188688.0,success,,2026-06-03,0.0775,0.775,本次分红方案（单位：元/10 份基金份额） 0.775 ；除息日 2026 年 6 月 3 日（场内） 2026 年 6 月 2 日（场外）
SSE_508016_20260422_PLIO,508016,2026-04-22,华夏基金管理有限公司关于华夏华电清洁能源封闭式基础设施证券投资基金收益分配的公告,https://www.sse.com.cn/disclosure/fund/announcement/c/new/2026-04-22/508016_20260422_PLIO.pdf,2026-09-05T06:00:47.975577+00:00,7725c8be22c7bc0168f854cad0466400cfd80e7dc5a752a06071be171f710408,331152.0,success,,2026-04-27,0.10699,1.0699,本次分红方案（单位：元 1.0699 /10份公募REITs份额） ；除息日 2026年4月27日（场内） 2026年4月24日（场外）
SSE_508017_20240528_TIIH,508017,2024-05-28,华夏基金管理有限公司关于华夏金茂购物中心封闭式基础设施证券投资基金收益分配的公告,https://www.sse.com.cn/disclosure/fund/announcement/c/new/2024-05-28/508017_20240528_TIIH.pdf,2026-09-05T06:00:48.396556+00:00,f00809e59a22c4b16d8d4226cc488189eaa639c48545b155b232c0b6d3c3ee85,123338.0,success,,2024-05-31,0.02218,0.2218,本次分红方案（单位：元 0.2218 /10份公募REITs份额） ；除息日 2024年5月31日（场内） 2024年5月30日（场外）
SSE_508017_20241115_1E10,508017,2024-11-15,华夏基金管理有限公司关于华夏金茂购物中心封闭式基础设施证券投资基金收益分配的公告,https://www.sse.com.cn/disclosure/fund/announcement/c/new/2024-11-15/508017_20241115_1E10.pdf,2026-09-05T06:00:48.455399+00:00,3a3da75e68fdb89e4643ddd607991164a10150e0a92e725fb5d1c44f746fd726,225915.0,success,,2024-11-20,0.03396,0.3396,本次分红方案（单位：元 0.3396 /10份公募REITs份额） ；除息日 2024年11月20日（场内） 2024年11月19日（场外）
SSE_508018_20230824_HDVG,508018,2023-08-24,华夏基金管理有限公司关于华夏中国交建高速公路封闭式基础设施证券投资基金收益分配的公告,https://www.sse.com.cn/disclosure/fund/announcement/c/new/2023-08-24/508018_20230824_HDVG.pdf,2026-09-05T06:00:49.124215+00:00,e68395b40d27f91715f0d8fe489993c3957ad733553b7e427831ab00d9c363b5,118078.0,success,,2023-08-29,0.07046,0.7046,本次分红方案（单位：元 0.7046 /10份公募REITs份额） ；除息日 2023年8月29日（场内） 2023年8月28日（场外）
SSE_508018_20231122_ZLH1,508018,2023-11-22,华夏基金管理有限公司关于华夏中国交建高速公路封闭式基础设施证券投资基金收益分配的公告,https://www.sse.com.cn/disclosure/fund/announcement/c/new/2023-11-22/508018_20231122_ZLH1.pdf,2026-09-05T06:00:49.202997+00:00,93039a931040b50a6f67890639c11518d514b7b547508590f3988661f6c871f6,118522.0,success,,2023-11-27,0.07889,0.7889,本次分红方案（单位：元 0.7889 /10份公募REITs份额） ；除息日 2023年11月27日（场内） 2023年11月24日（场外）
SSE_508018_20240424_QU80,508018,2024-04-24,华夏基金管理有限公司关于华夏中国交建高速公路封闭式基础设施证券投资基金收益分配的公告,https://www.sse.com.cn/disclosure/fund/announcement/c/new/2024-04-24/508018_20240424_QU80.pdf,2026-09-05T06:00:49.262622+00:00,09059fd199fb7dcf7eea5f3898cd02ff0c1f74833ff77439a4b2932fba269dd4,117623.0,success,,2024-04-29,0.07763,0.7763,本次分红方案（单位：元 0.7763 /10份公募REITs份额） ；除息日 2024年4月29日（场内） 2024年4月26日（场外）
SSE_508018_20241126_M1DS,508018,2024-11-26,华夏基金管理有限公司关于华夏中国交建高速公路封闭式基础设施证券投资基金收益分配的公告,https://www.sse.com.cn/disclosure/fund/announcement/c/new/2024-11-26/508018_20241126_M1DS.pdf,2026-09-05T06:00:49.373907+00:00,434822f12e3a7044769853da3db95037a4b2c5d44df81e5743b52b055aab05f7,218110.0,success,,2024-11-29,0.0784,0.784,本次分红方案（单位：元 0.7840 /10份公募REITs份额） ；除息日 2024年11月29日（场内） 2024年11月28日（场外）
SSE_508018_20250430_2EDN,508018,2025-04-30,华夏基金管理有限公司关于华夏中国交建高速公路封闭式基础设施证券投资基金收益分配的公告,https://www.sse.com.cn/disclosure/fund/announcement/c/new/2025-04-30/508018_20250430_2EDN.pdf,2026-09-05T06:00:49.428888+00:00,8b8430d4352842c2f6b173509fe6c5b10e11ea43eb0bb8707263a84f2d03a72c,337691.0,success,,2025-05-08,0.05413,0.5413,本次分红方案（单位：元 0.5413 /10份公募REITs份额） ；除息日 2025年5月8日（场内） 2025年5月7日（场外）
SSE_508019_20240411_WU37,508019,2024-04-11,中金基金管理有限公司关于中金湖北科投光谷产业园封闭式基础设施证券投资基金2024年第一次分红的公告,https://www.sse.com.cn/disclosure/fund/announcement/c/new/2024-04-11/508019_20240411_WU37.pdf,2026-09-05T06:00:50.164911+00:00,7c37e43f27ff890ae635dbe2787fde0061d7e44cf4dc1a2117b7c473d67a7995,432931.0,success,,2024-04-16,0.07142,0.7142,本次分红方案（单位：元/10 份基金份 0.7142 额） ；除息日 场外：2024 年 4 月 15 日 场内：2024 年 4 月 16 日 第 2 页 共 4页 中金基金管理有限公司关于中金湖北科投光谷产业园封闭式基础设施证券投资基金 2024 年第一次分红的公告
SSE_508019_20240629_HN3L,508019,2024-06-29,中金基金管理有限公司关于中金湖北科投光谷产业园封闭式基础设施证券投资基金2024年第二次分红的公告,https://www.sse.com.cn/disclosure/fund/announcement/c/new/2024-06-29/508019_20240629_HN3L.pdf,2026-09-05T06:00:50.182636+00:00,edd7cfc2619f534740910d566964179734845355be55a76cf2fd9a54dd74c369,432455.0,success,,2024-07-03,0.0325299999999999,0.3253,本次分红方案（单位：元/10 份基金份 0.3253 额） ；除息日 场外：2024 年 7 月 2 日 场内：2024 年 7 月 3 日
SSE_508019_20241025_0JUC,508019,2024-10-25,中金基金管理有限公司关于中金湖北科投光谷产业园封闭式基础设施证券投资基金2024年第三次分红的公告,https://www.sse.com.cn/disclosure/fund/announcement/c/new/2024-10-25/508019_20241025_0JUC.pdf,2026-09-05T06:00:50.186513+00:00,543c4872fdc96e7e7efab4c537fe8f4d6ce467a4d99643c2195bec9def528b56,255524.0,success,,2024-10-30,0.0335,0.335,本次分红方案（单位：元/10 份基金份 0.3350 额） ；除息日 场外：2024 年 10 月 29 日 场内：2024 年 10 月 30 日
SSE_508019_20241227_46H1,508019,2024-12-27,中金基金管理有限公司关于中金湖北科投光谷产业园封闭式基础设施证券投资基金2024年第四次分红的公告,https://www.sse.com.cn/disclosure/fund/announcement/c/new/2024-12-27/508019_20241227_46H1.pdf,2026-09-05T06:00:50.304326+00:00,59cff057635eb8a236cba8cea5e8717f18af8de402d3d4fc278d1821a37d857b,257813.0,success,,2025-01-02,0.03033,0.3033,本次分红方案（单位：元/10 份基金份 0.3033 额） ；除息日 场外：2024 年 12 月 31 日 场内：2025 年 1 月 2 日
SSE_508019_20250411_1ONM,508019,2025-04-11,中金基金管理有限公司关于中金湖北科投光谷产业园封闭式基础设施证券投资基金2025年第一次分红的公告,https://www.sse.com.cn/disclosure/fund/announcement/c/new/2025-04-11/508019_20250411_1ONM.pdf,2026-09-05T06:00:50.321197+00:00,b9d23089049b6a1716448233ba05ed9427f289e160c7fc66e067237d963d1519,257069.0,success,,2025-04-16,0.02728,0.2728,本次分红方案（单位：元/10 份基金份 0.2728 额） ；除息日 场外：2025 年 4 月 15 日 场内：2025 年 4 月 16 日
SSE_508019_20250718_85JG,508019,2025-07-18,中金基金管理有限公司关于中金湖北科投光谷产业园封闭式基础设施证券投资基金2025年第二次分红的公告,https://www.sse.com.cn/disclosure/fund/announcement/c/new/2025-07-18/508019_20250718_85JG.pdf,2026-09-05T06:00:50.507582+00:00,d53094b95e433b61285ebeef74ecbad8307d8521acff9622fd04a7b78c6ea563,256086.0,success,,2025-07-23,0.025,0.25,本次分红方案（单位：元/10 份基金份 0.2500 额） ；除息日 场外：2025 年 7 月 22 日 场内：2025 年 7 月 23 日
SSE_508019_20251031_BB37,508019,2025-10-31,中金基金管理有限公司关于中金湖北科投光谷产业园封闭式基础设施证券投资基金2025年第三次分红的公告,https://www.sse.com.cn/disclosure/fund/announcement/c/new/2025-10-31/508019_20251031_BB37.pdf,2026-09-05T06:00:50.538981+00:00,b4e37874af300c33e3930c8ad7a6238e6d6b9e4a96a6465104002bdf5cab011f,256881.0,success,,2025-11-05,0.0248299999999999,0.2483,本次分红方案（单位：元/10 份基金份 0.2483 额） ；除息日 场外：2025 年 11 月 4 日 场内：2025 年 11 月 5 日
SSE_508019_20260123_Z6YC,508019,2026-01-23,中金基金管理有限公司关于中金湖北科投光谷产业园封闭式基础设施证券投资基金2026年第一次分红的公告,https://www.sse.com.cn/disclosure/fund/announcement/c/new/2026-01-23/508019_20260123_Z6YC.pdf,2026-09-05T06:00:50.589205+00:00,02092afc205b550954a979214aeaff9d4d0b6402cdb96fd774794a5df89552d2,445402.0,success,,2026-01-28,0.0248299999999999,0.2483,本次分红方案（单位：元/10 份基金份 0.2483 额） ；除息日 场外：2026 年 1 月 27 日 场内：2026 年 1 月 28 日 第 2 页 共 4页 中金基金管理有限公司关于中金湖北科投光谷产业园封闭式基础设施证券投资基金 2026 年第一次分红的公告
SSE_508019_20260402_DEGT,508019,2026-04-02,中金基金管理有限公司关于中金湖北科投光谷产业园封闭式基础设施证券投资基金2026年第二次分红的公告,https://www.sse.com.cn/disclosure/fund/announcement/c/new/2026-04-02/508019_20260402_DEGT.pdf,2026-09-05T06:00:50.610766+00:00,63c8bfa1acec172f6fce73fcb1baf9ea0d3227534fba426a32d6620f94ded7a1,444792.0,success,,2026-04-08,0.0207499999999999,0.2075,本次分红方案（单位：元/10 份基金份 0.2075 额） ；除息日 场外：2026 年 4 月 7 日 场内：2026 年 4 月 8 日 第 2 页 共 4页 中金基金管理有限公司关于中金湖北科投光谷产业园封闭式基础设施证券投资基金 2026 年第二次分红的公告
SSE_508019_20260724_9H51,508019,2026-07-24,中金基金管理有限公司关于中金湖北科投光谷产业园封闭式基础设施证券投资基金2026年第三次分红的公告,https://www.sse.com.cn/disclosure/fund/announcement/c/new/2026-07-24/508019_20260724_9H51.pdf,2026-09-05T06:00:50.783561+00:00,3152aa96806f4efbf05e7c5b48089bf411645a1ae9ca1c9957857bc726ff48b8,445252.0,success,,2026-07-29,0.01883,0.1883,本次分红方案（单位：元/10 份基金份 0.1883 额） ；除息日 场外：2026 年 7 月 28 日 场内：2026 年 7 月 29 日 第 2 页 共 4页 中金基金管理有限公司关于中金湖北科投光谷产业园封闭式基础设施证券投资基金 2026 年第三次分红的公告
SSE_508022_20250422_YERW,508022,2025-04-22,博时基金管理有限公司关于博时津开科工产业园封闭式基础设施证券投资基金收益分配的公告,https://www.sse.com.cn/disclosure/fund/announcement/c/new/2025-04-22/508022_20250422_YERW.pdf,2026-09-05T06:00:51.297390+00:00,d7702eda8db49d5d1fd330da6c1b6c52a4e6d967f597ba10950a345fe5d32cd5,96581.0,success,,2025-04-25,0.0461,0.461,本次分红方案（单位：元/10 0.4610 份基金份额） ；除息日 2025 年 4 月 25 日（场内） 2025 年 4 月 24 日（场外）
SSE_508027_20220414_1_8ElzpIhK,508027,2022-04-14,东吴基金管理有限公司关于东吴苏州工业园区产业园封闭式基础设施证券投资基金收益分配的公告,https://www.sse.com.cn/disclosure/fund/announcement/c/new/2022-04-14/508027_20220414_1_8ElzpIhK.pdf,2026-09-05T06:00:51.671989+00:00,76e6adaf78cd5bbe6b86b4e52af7ccc150363b2e16aa4ec98ef41c8eceb378b6,132969.0,success,,2022-04-19,0.1028999999999999,1.029,本次分红方案（单位：元/10 份基金份 1.029 额） ；除息日 场外：2022 年 4 月 18 日 场内：2022 年 4 月 19 日
SSE_508028_20230919_V4W7,508028,2023-09-19,中信建投基金管理有限公司关于中信建投国家电投新能源封闭式基础设施证券投资基金收益分配的公告,https://www.sse.com.cn/disclosure/fund/announcement/c/new/2023-09-19/508028_20230919_V4W7.pdf,2026-09-05T06:00:52.009999+00:00,1a72c2d5376c793d207f08a47d819c4e0cbbf9b2773bbdca28a22bd44684248d,92670.0,success,,2023-09-22,0.28738,2.8738,本次分红方案 （单位：元/10 份基金份 2.8738 额） ；除息日 场内：2023 年 9 月 22 日 场外: 2023 年 9 月 21 日
SSE_508028_20231218_XZXX,508028,2023-12-18,中信建投基金管理有限公司关于中信建投国家电投新能源封闭式基础设施证券投资基金2023年第二次基金收益分配的公告,https://www.sse.com.cn/disclosure/fund/announcement/c/new/2023-12-18/508028_20231218_XZXX.pdf,2026-09-05T06:00:52.041777+00:00,81fe5050358b7f1436c738186d1b8eab578c228e93ac1ba7af5ecef10bd38d5a,99693.0,success,,2023-12-21,0.369,3.69,本次分红方案 （单位：元/10 份基金份 3.69 额） ；除息日 场内：2023 年 12 月 21 日 场外: 2023 年 12 月 20 日
SSE_508033_20240425_8YR8,508033,2024-04-25,易方达基金管理有限公司关于易方达深高速高速公路封闭式基础设施证券投资基金分红的公告,https://www.sse.com.cn/disclosure/fund/announcement/c/new/2024-04-25/508033_20240425_8YR8.pdf,2026-09-05T06:00:53.478420+00:00,56772ebdaf4c24d27092342c8580ee005c4197b8ecd8cb5cd4ec3c68ba1eda41,226435.0,success,,2024-04-30,0.4347999999999999,4.348,本次分红方案（单位：元/10 份基金 4.348 份额） ；除息日 2024 年 4 月 30 日（场内） 2024 年 4 月 29 日（场外）
SSE_508033_20240912_0UNM,508033,2024-09-12,易方达基金管理有限公司关于易方达深高速高速公路封闭式基础设施证券投资基金分红的公告,https://www.sse.com.cn/disclosure/fund/announcement/c/new/2024-09-12/508033_20240912_0UNM.pdf,2026-09-05T06:00:53.497773+00:00,61cf2522a44cf8d391b0612ea957800bab6e68b86da86e1df133df88531c111e,220198.0,success,,2024-09-19,0.1294,1.294,本次分红方案（单位：元/10 份基金 1.294 份额） ；除息日 2024 年 9 月 19 日（场内） 2024 年 9 月 18 日（场外）
SSE_508033_20241210_0TG1,508033,2024-12-10,易方达基金管理有限公司关于易方达深高速高速公路封闭式基础设施证券投资基金分红的公告,https://www.sse.com.cn/disclosure/fund/announcement/c/new/2024-12-10/508033_20241210_0TG1.pdf,2026-09-05T06:00:53.573706+00:00,9dc48313a514dcc7510cc27499869eb263b06af092687e22a699820528dd5903,222958.0,success,,2024-12-13,0.2117,2.117,本次分红方案（单位：元/10 份基金 2.117 份额） ；除息日 2024 年 12 月 13 日（场内） 2024 年 12 月 12 日（场外）
SSE_508033_20250422_GVCK,508033,2025-04-22,易方达基金管理有限公司关于易方达深高速高速公路封闭式基础设施证券投资基金分红的公告,https://www.sse.com.cn/disclosure/fund/announcement/c/new/2025-04-22/508033_20250422_GVCK.pdf,2026-09-05T06:00:53.584561+00:00,6109d8335115e67e1e05a545ca47287ce1e0272184daedeeb92707a490d4a335,235412.0,success,,2025-04-25,0.1596,1.596,本次分红方案（单位：元/10 份基金 1.596 份额） ；除息日 2025 年 4 月 25 日（场内） 2025 年 4 月 24 日（场外）
SSE_508033_20250722_OEBK,508033,2025-07-22,易方达基金管理有限公司关于易方达深高速高速公路封闭式基础设施证券投资基金分红的公告,https://www.sse.com.cn/disclosure/fund/announcement/c/new/2025-07-22/508033_20250722_OEBK.pdf,2026-09-05T06:00:53.732968+00:00,c241a43747f6d370aa3981d9f47b2c1c127abaa27dba83c4000b59b2db195a0c,142772.0,success,,2025-07-25,0.1937,1.937,本次分红方案（单位：元/10 份基金 1.937 份额） ；除息日 2025 年 7 月 25 日（场内） 2025 年 7 月 24 日（场外）
SSE_508033_20250919_BBV5,508033,2025-09-19,易方达基金管理有限公司关于易方达深高速高速公路封闭式基础设施证券投资基金分红的公告,https://www.sse.com.cn/disclosure/fund/announcement/c/new/2025-09-19/508033_20250919_BBV5.pdf,2026-09-05T06:00:53.747262+00:00,a36d0437903e103e1d5847609941b66e393a918d8b6adefe4fce30b95bfc4857,219901.0,success,,2025-09-24,0.1872,1.872,本次分红方案（单位：元/10 份基金 1.872 份额） ；除息日 2025 年 9 月 24 日（场内） 2025 年 9 月 23 日（场外）
SSE_508033_20251205_B8GH,508033,2025-12-05,易方达基金管理有限公司关于易方达深高速高速公路封闭式基础设施证券投资基金分红的公告,https://www.sse.com.cn/disclosure/fund/announcement/c/new/2025-12-05/508033_20251205_B8GH.pdf,2026-09-05T06:00:53.955715+00:00,d6ad0e754fb8dd11f4fd3fe943789b4aa89b4192bbf820e8ae4d7bd372c7f0e7,221391.0,success,,2025-12-10,0.2241,2.241,本次分红方案（单位：元/10 份基金 2.241 份额） ；除息日 2025 年 12 月 10 日（场内） 2025 年 12 月 9 日（场外）
SSE_508033_20260428_PTCP,508033,2026-04-28,易方达基金管理有限公司关于易方达深高速高速公路封闭式基础设施证券投资基金分红的公告,https://www.sse.com.cn/disclosure/fund/announcement/c/new/2026-04-28/508033_20260428_PTCP.pdf,2026-09-05T06:00:53.997788+00:00,0034be49d91342cd7d2d5062e3d0ac97948101d76415a781766901aa4664bbdf,287814.0,success,,2026-05-06,0.1508,1.508,本次分红方案（单位：元/10 份基金 1.508 份额） ；除息日 2026 年 5 月 6 日（场内） 2026 年 4 月 30 日（场外）
SSE_508036_20250710_2H83,508036,2025-07-10,平安基金管理有限公司关于平安宁波交投杭州湾跨海大桥封闭式基础设施证券投资基金分红的公告（2025年第1次分红）,https://www.sse.com.cn/disclosure/fund/announcement/c/new/2025-07-10/508036_20250710_2H83.pdf,2026-09-05T06:00:54.037507+00:00,b0ed60fc81edb2a9d456b98bd13b3f4f5e40eeea98b58190094953cfb20b3b07,114775.0,success,,2025-07-15,0.36,3.6,本次分红方案（单位：元/10 份 3.6000 公募 REITs 份额） ；除息日 2025 年 7 月 15 日（场内） 2025 年 7 月 14 日（场外）
SSE_508036_20250917_1012,508036,2025-09-17,平安基金管理有限公司关于平安宁波交投杭州湾跨海大桥封闭式基础设施证券投资基金分红的公告（2025年第2次分红）,https://www.sse.com.cn/disclosure/fund/announcement/c/new/2025-09-17/508036_20250917_1012.pdf,2026-09-05T06:00:54.120749+00:00,1b4e4acd13077f4acd86e072e4be0bc4b3e56cc95cf4cdf6d971cbe0451c624f,115135.0,success,,2025-09-22,0.3399999999999999,3.4,本次分红方案（单位：元/10 份 3.4000 公募 REITs 份额） ；除息日 2025 年 9 月 22 日（场内） 2025 年 9 月 19 日（场外）
SSE_508036_20251211_YNC8,508036,2025-12-11,平安基金管理有限公司关于平安宁波交投杭州湾跨海大桥封闭式基础设施证券投资基金分红的公告（2025年第3次分红）,https://www.sse.com.cn/disclosure/fund/announcement/c/new/2025-12-11/508036_20251211_YNC8.pdf,2026-09-05T06:00:54.199651+00:00,590c152e3f311542c99cf25c0d237872696a3ffc2e593ab2d9d80482a77ab1bf,120308.0,success,,2025-12-16,0.185,1.85,本次分红方案（单位：元/10 份 1.8500 公募 REITs 份额） ；除息日 2025 年 12 月 16 日（场内） 2025 年 12 月 15 日（场外）
SSE_508036_20260416_S7L6,508036,2026-04-16,平安基金管理有限公司关于平安宁波交投杭州湾跨海大桥封闭式基础设施证券投资基金分红的公告,https://www.sse.com.cn/disclosure/fund/announcement/c/new/2026-04-16/508036_20260416_S7L6.pdf,2026-09-05T06:00:54.221147+00:00,12d634b33da60aee9820409128ad1d008583c1cf2d4307b5a56e678e4584d591,111323.0,success,,2026-04-21,0.1649999999999999,1.65,本次分红方案（单位：元/10 份 1.6500 公募 REITs 份额） ；除息日 2026 年 4 月 21 日（场内） 2026 年 4 月 20 日（场外）
SSE_508036_20260716_YZ3T,508036,2026-07-16,平安基金管理有限公司关于平安宁波交投杭州湾跨海大桥封闭式基础设施证券投资基金分红的公告,https://www.sse.com.cn/disclosure/fund/announcement/c/new/2026-07-16/508036_20260716_YZ3T.pdf,2026-09-05T06:00:54.308541+00:00,86aa6ab1ee3a3833ca6755f5fe5aa1a4f1888bb006f3db99bc6f98b9ebfbb4b7,99269.0,success,,2026-07-21,0.3,3.0,本次分红方案（单位：元/10 份 3.0000 公募 REITs 份额） ；除息日 2026 年 7 月 21 日（场内） 2026 年 7 月 20 日（场外）
SSE_508039_20260410_T9O3,508039,2026-04-10,创金合信基金管理有限公司关于创金合信首农产业园封闭式基础设施证券投资基金2026年第一次分红公告,https://www.sse.com.cn/disclosure/fund/announcement/c/new/2026-04-10/508039_20260410_T9O3.pdf,2026-09-05T06:00:54.317731+00:00,d3835f806e7dd9762ad5121f015c54a2ac7623cb2ce6f7b64bf07b123bd185e5,429431.0,success,,2026-04-15,0.13,1.3,本次分红方案（单位：元 1.3000 /10 份基金份额） 本次分红为本基金 2026 年度第一次分 ；除息日 场内：2026 年 4 月 15 日 场外：2026 年 4 月 14 日
SSE_508039_20260730_J9S7,508039,2026-07-30,创金合信基金管理有限公司关于创金合信首农产业园封闭式基础设施证券投资基金2026年第二次分红公告,https://www.sse.com.cn/disclosure/fund/announcement/c/new/2026-07-30/508039_20260730_J9S7.pdf,2026-09-05T06:00:54.405435+00:00,99cfa3203ae7841cdc13d0923c6cd5761a5cec36d4df64c166a9ffc4617c804c,244680.0,success,,2026-08-04,0.1247,1.247,本次分红方案（单位：元 1.2470 /10 份基金份额） 本次分红为本基金 2026 年度第二次分 ；除息日 场内：2026 年 8 月 4 日 场外：2026 年 8 月 3 日
SSE_508055_20251217_RHZ0,508055,2025-12-17,汇添富基金管理股份有限公司关于汇添富上海地产租赁住房封闭式基础设施证券投资基金收益分配的公告,https://www.sse.com.cn/disclosure/fund/announcement/c/new/2025-12-17/508055_20251217_RHZ0.pdf,2026-09-05T06:00:54.610812+00:00,d219d8fd182ae5538c9869fd96fd5edb7e6fac0f63192f3d07a0dc15cb468892,196276.0,success,,2025-12-22,0.07619,0.7619,本次分红方案（单位：元/10 份基 0.7619 金份额） ；除息日 2025 年 12 月 22 日(场内) 2025 年 12 月 19 日(场外)
SSE_508055_20260527_3FXA,508055,2026-05-27,汇添富基金管理股份有限公司关于汇添富上海地产租赁住房封闭式基础设施证券投资基金收益分配的公告,https://www.sse.com.cn/disclosure/fund/announcement/c/new/2026-05-27/508055_20260527_3FXA.pdf,2026-09-05T06:00:54.634673+00:00,530cc6238e37e99e925b4c2c6ac84a1232b82f086cb201a6674e1c903975b784,107518.0,success,,2026-06-01,0.0515399999999999,0.5154,本次分红方案（单位：元/10 份基 0.5154 金份额） ；除息日 2026 年 6 月 1 日(场内) 2026 年 5 月 29 日(场外)
SSE_508055_20260804_A0L8,508055,2026-08-04,汇添富基金管理股份有限公司关于汇添富上海地产租赁住房封闭式基础设施证券投资基金收益分配的公告,https://www.sse.com.cn/disclosure/fund/announcement/c/new/2026-08-04/508055_20260804_A0L8.pdf,2026-09-05T06:00:54.664415+00:00,3ea2fdfe6e4b3cfde8c8031768512fcbc0f38b456b6ddfce76339c67418529b1,185920.0,success,,2026-08-07,0.0278,0.278,本次分红方案（单位：元/10 份基 0.2780 金份额） ；除息日 2026 年 08 月 07 日(场内) 2026 年 08 月 06 日(场外)
SSE_508056_20211112_1_onnVVo6j,508056,2021-11-12,中金基金管理有限公司关于中金普洛斯仓储物流封闭式基础设施证券投资基金2021第一次分红公告,https://www.sse.com.cn/disclosure/fund/announcement/c/new/2021-11-12/508056_20211112_1_onnVVo6j.pdf,2026-09-05T06:00:54.665856+00:00,2ee768b3fe4ca3b79ed8a8279a3ed8414ae9442ee7bb374eacc991f84a7601a8,520158.0,success,,2021-11-17,0.0522,0.522,本次分红方案（单位：元/10 份基金份 0.5220 额） ；除息日 场外：2021 年 11 月 16 日 场内：2021 年 11 月 17 日
SSE_508056_20220331_4_CJNwHfu0,508056,2022-03-31,中金基金管理有限公司关于中金普洛斯仓储物流封闭式基础设施证券投资基金2022第一次分红公告.doc,https://www.sse.com.cn/disclosure/fund/announcement/c/new/2022-03-31/508056_20220331_4_CJNwHfu0.pdf,2026-09-05T06:00:54.694982+00:00,f5dd9f85380fced1c773771dc4b0ddc4dc25a4f15308b67e558d02104f400902,521505.0,success,,2022-04-07,0.04843,0.4843,本次分红方案（单位：元/10 份基金份 0.4843 额） ；除息日 场外：2022 年 4 月 6 日 场内：2022 年 4 月 7 日
SSE_508056_20220901_1_DeWP0Zr8,508056,2022-09-01,中金基金管理有限公司关于中金普洛斯仓储物流封闭式基础设施证券投资基金2022第二次分红公告,https://www.sse.com.cn/disclosure/fund/announcement/c/new/2022-09-01/508056_20220901_1_DeWP0Zr8.pdf,2026-09-05T06:00:54.706831+00:00,b20dd166d27ae5fea912d3e715ae6127f7045c565d45aa0aa29f8fa89da27557,519345.0,success,,2022-09-06,0.08921,0.8921,本次分红方案（单位：元/10 份基金份 0.8921 额） ；除息日 场外：2022 年 9 月 5 日 场内：2022 年 9 月 6 日
SSE_508056_20230331_RFK6,508056,2023-03-31,中金基金管理有限公司关于中金普洛斯仓储物流封闭式基础设施证券投资基金2023年第一次分红公告,https://www.sse.com.cn/disclosure/fund/announcement/c/new/2023-03-31/508056_20230331_RFK6.pdf,2026-09-05T06:00:54.764962+00:00,317004d432627df6b91d034ada501639abeb1ca4385ecb12cef09600577573cc,365628.0,success,,2023-04-06,0.08801,0.8801,本次分红方案（单位：元/10 份基金份 0.8801 额） ；除息日 场外：2023 年 4 月 4 日 场内：2023 年 4 月 6 日
SSE_508056_20260401_FZUJ,508056,2026-04-01,中金基金管理有限公司关于中金普洛斯仓储物流封闭式基础设施证券投资基金2026年第一次分红公告,https://www.sse.com.cn/disclosure/fund/announcement/c/new/2026-04-01/508056_20260401_FZUJ.pdf,2026-09-05T06:00:55.364409+00:00,3d3adc32c3d5934b8b2cd74762c58854f63c306af0140043122e0de00fd2d988,379665.0,success,,2026-04-07,0.0458,0.458,本次分红方案（单位：元/10 份 0.4580 基金份额） ；除息日 场外：2026 年 4 月 3 日 场内：2026 年 4 月 7 日 第 2 页 共4 页 中金基金管理有限公司关于中金普洛斯仓储物流封闭式基础设施证券投资基金 2026 年第一次分红公告
SSE_508056_20260630_ODX8,508056,2026-06-30,中金基金管理有限公司关于中金普洛斯仓储物流封闭式基础设施证券投资基金2026年第二次分红公告,https://www.sse.com.cn/disclosure/fund/announcement/c/new/2026-06-30/508056_20260630_ODX8.pdf,2026-09-05T06:00:55.365676+00:00,7f9b2e0416a14ab5b08988ffafd7e373f037b01212dffca8125e966c293d8649,379999.0,success,,2026-07-03,0.03376,0.3376,本次分红方案（单位：元/10 份 0.3376 基金份额） ；除息日 场外：2026 年 7 月 2 日 场内：2026 年 7 月 3 日 第 2 页 共4 页 中金基金管理有限公司关于中金普洛斯仓储物流封闭式基础设施证券投资基金 2026 年第二次分红公告
SSE_508058_20230331_K74W,508058,2023-03-31,中金基金管理有限公司关于中金厦门安居保障性租赁住房封闭式基础设施证券投资基金2023年第一次分红公告,https://www.sse.com.cn/disclosure/fund/announcement/c/new/2023-03-31/508058_20230331_K74W.pdf,2026-09-05T06:00:55.396362+00:00,91f43cfdba03172986f9e7cd64ca8ba84614a84c85637c23bcc101e59aa3a7bb,415456.0,success,,2023-04-06,0.0419099999999999,0.4191,本次分红方案（单位：元/10 份基金份 0.4191 额） ；除息日 场外：2023 年 4 月 4 日 场内：2023 年 4 月 6 日
SSE_508058_20230831_G3QS,508058,2023-08-31,中金基金管理有限公司关于中金厦门安居保障性租赁住房封闭式基础设施证券投资基金2023年第二次分红公告,https://www.sse.com.cn/disclosure/fund/announcement/c/new/2023-08-31/508058_20230831_G3QS.pdf,2026-09-05T06:00:55.473606+00:00,1ac117a0c4cfcce82c7b80ef280dec6cab31585182ef4b95039fafccfd79979b,428213.0,success,,2023-09-05,0.05201,0.5201,本次分红方案（单位：元/10 份基金份 0.5201 额） ；除息日 场外：2023 年 9 月 4 日 场内：2023 年 9 月 5 日
SSE_508058_20240329_U61C,508058,2024-03-29,中金基金管理有限公司关于中金厦门安居保障性租赁住房封闭式基础设施证券投资基金2024年第一次分红的公告,https://www.sse.com.cn/disclosure/fund/announcement/c/new/2024-03-29/508058_20240329_U61C.pdf,2026-09-05T06:00:55.593158+00:00,066e428873bc5c4e3b9d29dd3cab6578b6339fffa169ecff5e3c723a2e14ff77,434314.0,success,,2024-04-03,0.06282,0.6282,本次分红方案（单位：元/10 份基金份 0.6282 额） ；除息日 场外：2024 年 4 月 2 日 场内：2024 年 4 月 3 日
SSE_508058_20240830_QIMV,508058,2024-08-30,中金基金管理有限公司关于中金厦门安居保障性租赁住房封闭式基础设施证券投资基金2024年第二次分红的公告,https://www.sse.com.cn/disclosure/fund/announcement/c/new/2024-08-30/508058_20240830_QIMV.pdf,2026-09-05T06:00:55.657600+00:00,31429053bc87f36a9d4ac76ea9b4e46167d784c90b7b7c7714e6f1cf954069b3,431391.0,success,,2024-09-04,0.0581999999999999,0.582,本次分红方案（单位：元/10 份基金份 0.5820 额） ；除息日 场外：2024 年 9 月 3 日 场内：2024 年 9 月 4 日
SSE_508058_20250328_Z0YI,508058,2025-03-28,中金基金管理有限公司关于中金厦门安居保障性租赁住房封闭式基础设施证券投资基金2025年第一次分红的公告,https://www.sse.com.cn/disclosure/fund/announcement/c/new/2025-03-28/508058_20250328_Z0YI.pdf,2026-09-05T06:00:55.703210+00:00,65e68e47c29e8022dd3313de675d0678c36146a5b604c6d00a6c75f2f39b0552,256166.0,success,,2025-04-02,0.0581,0.581,本次分红方案（单位：元/10 份基金份 0.5810 额） ；除息日 场外：2025 年 4 月 1 日 场内：2025 年 4 月 2 日
SSE_508058_20250829_ML4M,508058,2025-08-29,中金基金管理有限公司关于中金厦门安居保障性租赁住房封闭式基础设施证券投资基金2025年第二次分红的公告,https://www.sse.com.cn/disclosure/fund/announcement/c/new/2025-08-29/508058_20250829_ML4M.pdf,2026-09-05T06:00:55.703580+00:00,501f40149b01fb4eaf85c2f96282ff43c5eb5254338da2d038f82fe8896c0891,253382.0,success,,2025-09-03,0.05934,0.5934,本次分红方案（单位：元/10 份基金份额） 0.5934 本次分红为本基金 2025 年度第二次分 ；除息日 场外：2025 年 9 月 2 日 场内：2025 年 9 月 3 日
SSE_508058_20260402_1TNO,508058,2026-04-02,中金基金管理有限公司关于中金厦门安居保障性租赁住房封闭式基础设施证券投资基金2026年第一次分红的公告,https://www.sse.com.cn/disclosure/fund/announcement/c/new/2026-04-02/508058_20260402_1TNO.pdf,2026-09-05T06:00:55.736735+00:00,50bee111b9bb64560bbddaa2e340c2dafd2b13a660549e03c76c828aa8eb3235,253433.0,success,,2026-04-08,0.05969,0.5969,本次分红方案（单位：元/10 份基金份额） 0.5969 本次分红为本基金 2026 年度第一次分 ；除息日 场外：2026 年 4 月 7 日 场内：2026 年 4 月 8 日
SSE_508058_20260828_B0UA,508058,2026-08-28,中金基金管理有限公司关于中金厦门安居保障性租赁住房封闭式基础设施证券投资基金2026年第二次分红的公告,https://www.sse.com.cn/disclosure/fund/announcement/c/new/2026-08-28/508058_20260828_B0UA.pdf,2026-09-05T06:00:55.838300+00:00,f53a7411a65185574d47cb793ff6ae87f3cc13940c02dc6bd0e2de215fd71d8b,254572.0,success,,2026-09-02,0.047,0.47,本次分红方案（单位：元/10 份基金份额） 0.4700 本次分红为本基金 2026 年度第二次分 ；除息日 场外：2026 年 9 月 1 日 场内：2026 年 9 月 2 日 第 2 页 共 4页 中金基金管理有限公司关于中金厦门安居保障性租赁住房封闭式基础设施证券投资基金 2026 年第二次分红的公告
SSE_508060_20260514_3ST4,508060,2026-05-14,南方万国数据中心封闭式基础设施证券投资基金分红公告,https://www.sse.com.cn/disclosure/fund/announcement/c/new/2026-05-14/508060_20260514_3ST4.pdf,2026-09-05T06:00:55.943126+00:00,3ea971104e0e3bcf0f6864be91e36c705dc5755b048e5f70315a01805334b572,290463.0,success,,2026-05-19,0.1149999999999999,1.15,本次分红方案（单位：元/10 份基金份额） 1.1500 本次分红为 2025 年度第 1 ；除息日 2026 年 5 月 19 日（场内） 2026 年 5 月 18 日（场外）
SSE_508060_20260807_WTSA,508060,2026-08-07,南方万国数据中心封闭式基础设施证券投资基金分红公告,https://www.sse.com.cn/disclosure/fund/announcement/c/new/2026-08-07/508060_20260807_WTSA.pdf,2026-09-05T06:00:55.962273+00:00,0bed67e55ae1231dae8b71eefa7045cd8c08e4ace015f00ccd2f657ff6b79683,290214.0,success,,2026-08-12,0.065,0.65,本次分红方案（单位：元/10 份基金份额） 0.6500 本次分红为 2026 年度第 1 ；除息日 2026 年 8 月 12 日（场内） 2026 年 8 月 11 日（场外）
SSE_508066_20231024_KWWQ,508066,2023-10-24,华泰证券(上海)资产管理有限公司关于华泰紫金江苏交控高速公路封闭式基础设施证券投资基金收益分配的公告,https://www.sse.com.cn/disclosure/fund/announcement/c/new/2023-10-24/508066_20231024_KWWQ.pdf,2026-09-05T06:00:55.983370+00:00,067bbd6e29eb126bacb87261c83b375156d92d14a586dbb9ee4dfdc84a44ff90,279872.0,success,,2023-10-27,0.32508,3.2508,本次分红方案（单位：元/10 份基金份额） 3.2508 本次分红为本基金 2023 ；除息日 2023 年 10 月 2023 年 10 月 27 日（场内） 26 日（场外）
SSE_508066_20240822_3QSZ,508066,2024-08-22,华泰证券(上海)资产管理有限公司关于华泰紫金江苏交控高速公路封闭式基础设施证券投资基金收益分配的公告,https://www.sse.com.cn/disclosure/fund/announcement/c/new/2024-08-22/508066_20240822_3QSZ.pdf,2026-09-05T06:00:56.029786+00:00,617b08c8606d39aea12e4f951fa620df219a29c4f6f84858179e310a76806ed6,322534.0,success,,2024-08-26,0.31856,3.1856,本次分红方案（单位：元/10 份 3.1856 公募 REITs 份额） ；除息日 2024 年 8 月 27 2024 年 8 月 26 日（场内） 日（场外）
SSE_508066_20250425_OW3E,508066,2025-04-25,华泰证券(上海)资产管理有限公司关于华泰紫金江苏交控高速公路封闭式基础设施证券投资基金收益分配的公告,https://www.sse.com.cn/disclosure/fund/announcement/c/new/2025-04-25/508066_20250425_OW3E.pdf,2026-09-05T06:00:56.265271+00:00,238d06f9415f320d6616d1f364045d329dc86cb9e25ab8012c24c9960e8bed7b,368984.0,success,,2025-04-29,0.1088,1.088,本次分红方案（单位：元/10 份 1.0880 公募 REITs 份额） ；除息日 2025 年 4 月 30 2025 年 4 月 29 日（场内） 日（场外）
SSE_508066_20250827_ETQG,508066,2025-08-27,华泰证券(上海)资产管理有限公司关于华泰紫金江苏交控高速公路封闭式基础设施证券投资基金收益分配的公告,https://www.sse.com.cn/disclosure/fund/announcement/c/new/2025-08-27/508066_20250827_ETQG.pdf,2026-09-05T06:00:56.273390+00:00,9c3605eb52e01dbb74ac5524c97a96999197877e9d3401fb6499f0f875bcb0c3,366265.0,success,,2025-09-01,0.36723,3.6723,本次分红方案（单位：元/10 份 3.6723 公募 REITs 份额） ；除息日 2025 年 9 月 1 日（场内） 2025 年 8 月 29 日（场 外）
SSE_508066_20260421_VTWZ,508066,2026-04-21,华泰证券(上海)资产管理有限公司关于华泰紫金江苏交控高速公路封闭式基础设施证券投资基金收益分配的公告,https://www.sse.com.cn/disclosure/fund/announcement/c/new/2026-04-21/508066_20260421_VTWZ.pdf,2026-09-05T06:00:56.396564+00:00,75658ecb43be8516be8567cc8a7644c63b24a011f857b0615a6cce1159029f47,198267.0,success,,2026-04-24,0.18756,1.8756,本次分红方案（单位：元/10 份公 1.8756 募 REITs 份额） ；除息日 2026 年 4 月 24 日（场内） 2026 年 4 月 23 日（场外）
SSE_508066_20260820_REZ9,508066,2026-08-20,华泰证券(上海)资产管理有限公司关于华泰紫金江苏交控高速公路封闭式基础设施证券投资基金收益分配的公告,https://www.sse.com.cn/disclosure/fund/announcement/c/new/2026-08-20/508066_20260820_REZ9.pdf,2026-09-05T06:00:56.501108+00:00,e04e8d93b3b555e7c449a199f520a7e96a0d33e3ca2dab27e7af1ee878f575ab,966566.0,success,,2026-08-25,0.42519,4.2519,本次分红方案（单位：元/10 份公 4.2519 募 REITs 份额） ；除息日 2026 年 8 月 25 日（场内） 2026 年 8 月 24 日（场外）
SSE_508068_20251126_X8TI,508068,2025-11-26,华夏基金管理有限公司关于华夏北京保障房中心租赁住房封闭式基础设施证券投资基金收益分配的公告,https://www.sse.com.cn/disclosure/fund/announcement/c/new/2025-11-26/508068_20251126_X8TI.pdf,2026-09-05T06:00:56.779267+00:00,893d81c915ad4657018c7bd64e865232ab43b587a6452f900a2fb5b8d1464ba1,329708.0,success,,2025-12-01,0.04,0.4,本次分红方案（单位：元 0.4000 /10份公募REITs份额） ；除息日 2025年12月1日（场内） 2025年11月28日（场外）
SSE_508069_20250514_ZKE3,508069,2025-05-14,华夏基金管理有限公司关于华夏南京交通高速公路封闭式基础设施证券投资基金收益分配的公告,https://www.sse.com.cn/disclosure/fund/announcement/c/new/2025-05-14/508069_20250514_ZKE3.pdf,2026-09-05T06:00:56.819815+00:00,b2af1285c5491eb0a7a1d8d06135666d7c222877a0bb14b796aec210d6b33327,329554.0,success,,2025-05-19,0.3535,3.535,本次分红方案（单位：元 3.5350 /10份公募REITs份额） ；除息日 2025年5月19日（场内） 2025年5月16日（场外）
SSE_508069_20250910_TPVJ,508069,2025-09-10,华夏基金管理有限公司关于华夏南京交通高速公路封闭式基础设施证券投资基金收益分配的公告,https://www.sse.com.cn/disclosure/fund/announcement/c/new/2025-09-10/508069_20250910_TPVJ.pdf,2026-09-05T06:00:57.036202+00:00,04012c96095a4bd78af5aaa519a97eaa877a39628627ca43f964b6f42a398835,328674.0,success,,2025-09-15,0.1463,1.463,本次分红方案（单位：元 1.4630 /10份公募REITs份额） ；除息日 2025年9月15日（场内） 2025年9月12日（场外）
SSE_508069_20260513_2KIQ,508069,2026-05-13,华夏基金管理有限公司关于华夏南京交通高速公路封闭式基础设施证券投资基金收益分配的公告,https://www.sse.com.cn/disclosure/fund/announcement/c/new/2026-05-13/508069_20260513_2KIQ.pdf,2026-09-05T06:00:57.180933+00:00,d8914ec70b62c8bd0bf27bedbcc1986e75f759462dacb8ad0f6daf6d06af4066,330673.0,success,,2026-05-18,0.179,1.79,本次分红方案（单位：元 1.7900 /10份公募REITs份额） ；除息日 2026年5月18日（场内） 2026年5月15日（场外）
SSE_508069_20260610_JCQ1,508069,2026-06-10,华夏基金管理有限公司关于华夏南京交通高速公路封闭式基础设施证券投资基金收益分配的公告,https://www.sse.com.cn/disclosure/fund/announcement/c/new/2026-06-10/508069_20260610_JCQ1.pdf,2026-09-05T06:00:57.249167+00:00,5c5ff34bb815d786665ae748f188d9618f505758187241d73c19a1a03cadaf86,101385.0,success,,2026-06-15,0.1498,1.498,本次分红方案（单位：元 1.4980 /10份公募REITs份额） ；除息日 2026年6月15日（场内） 2026年6月12日（场外）
SSE_508077_20240403_JKRL,508077,2024-04-03,华夏基金管理有限公司关于华夏基金华润有巢租赁住房封闭式基础设施证券投资基金收益分配的公告,https://www.sse.com.cn/disclosure/fund/announcement/c/new/2024-04-03/508077_20240403_JKRL.pdf,2026-09-05T06:00:57.329949+00:00,a9658a158da68a90c238305d42d2f33bd0570921d36085724ef83ce38e8938bf,225688.0,success,,2024-04-10,0.05738,0.5738,本次分红方案（单位：元 0.5738 /10份公募REITs份额） ；除息日 2024年4月10日（场内） 2024年4月9日（场外）
SSE_508077_20250220_13Q4,508077,2025-02-20,华夏基金管理有限公司关于华夏基金华润有巢租赁住房封闭式基础设施证券投资基金收益分配的公告,https://www.sse.com.cn/disclosure/fund/announcement/c/new/2025-02-20/508077_20250220_13Q4.pdf,2026-09-05T06:00:57.439755+00:00,f89a04e088e6ae7e835677d5aa1d137f6661e4f59aecc1e0f3c990e8cd3037c5,327250.0,success,,2025-02-25,0.02464,0.2464,本次分红方案（单位：元 0.2464 /10份公募REITs份额） ；除息日 2025年2月25日（场内） 2025年2月24日（场外）
SSE_508077_20260311_1I6A,508077,2026-03-11,华夏基金管理有限公司关于华夏基金华润有巢租赁住房封闭式基础设施证券投资基金收益分配公告,https://www.sse.com.cn/disclosure/fund/announcement/c/new/2026-03-11/508077_20260311_1I6A.pdf,2026-09-05T06:00:57.587270+00:00,94451f14a0d9bc0d91b52e3536c8fca414ede2cfc2ebc2d04264e9b6cea2e6e6,326101.0,success,,2026-03-16,0.01462,0.1462,本次分红方案（单位：元 0.1462 /10份公募REITs份额） ；除息日 2026年3月16日（场内） 2026年3月13日（场外）
SSE_508078_20260527_S6J1,508078,2026-05-27,中航基金管理有限公司关于中航易商仓储物流封闭式基础设施证券投资基金分红的公告,https://www.sse.com.cn/disclosure/fund/announcement/c/new/2026-05-27/508078_20260527_S6J1.pdf,2026-09-05T06:00:57.847898+00:00,f4067a6fb507058c0848e0863716e63aff6d6f591d975db2e33c13e789e17067,115408.0,success,,2026-06-01,0.0881,0.881,本次分红方案（单位：元/10 0.8810 份基金份额） ；除息日 2026 年 6 月 1 日（场内） 2026 年 5 月 29 日（场外）
SSE_508080_20260402_0BCD,508080,2026-04-02,中金基金管理有限公司关于中金亦庄产业园封闭式基础设施证券投资基金2026年第一次分红公告,https://www.sse.com.cn/disclosure/fund/announcement/c/new/2026-04-02/508080_20260402_0BCD.pdf,2026-09-05T06:00:57.866639+00:00,e0863a9a2a4da70065068c13411d2a59f0651d7c640c610104e6162a76a948da,379123.0,success,,2026-04-08,0.09,0.9,本次分红方案（单位：元 0.9000 /10 份基金份额） ；除息日 场外：2026 年 4 月 7 日 场内：2026 年 4 月 8 日
SSE_508080_20260828_OSJD,508080,2026-08-28,中金基金管理有限公司关于中金亦庄产业园封闭式基础设施证券投资基金2026年第二次分红的公告,https://www.sse.com.cn/disclosure/fund/announcement/c/new/2026-08-28/508080_20260828_OSJD.pdf,2026-09-05T06:00:57.876970+00:00,efff5a65c5f1cdd98d25c3f2b53bfb865a50dc005302a8ac5119bb8a59940a8c,331370.0,success,,2026-09-02,0.0857,0.857,本次分红方案（单位：元 0.8570 /10 份基金份额） 本次分红为本基金 2026 年度第二次 ；除息日 场外：2026 年 9 月 1 日 场内：2026 年 9 月 2 日
SSE_508082_20260401_LY85,508082,2026-04-01,中金基金管理有限公司关于中金唯品会奥特莱斯封闭式基础设施证券投资基金2026年第一次分红公告,https://www.sse.com.cn/disclosure/fund/announcement/c/new/2026-04-01/508082_20260401_LY85.pdf,2026-09-05T06:00:57.959436+00:00,3a295623124c215bc7b9f781412ab89a628457d95d4cdf3caaf83a61bea36976,381854.0,success,,2026-04-07,0.0569999999999999,0.57,本次分红方案（单位：元 0.5700 /10 份基金份额） ；除息日 场外：2026 年 4 月 3 日 场内：2026 年 4 月 7 日
SSE_508082_20260625_8JWH,508082,2026-06-25,中金基金管理有限公司关于中金唯品会奥特莱斯封闭式基础设施证券投资基金2026年第二次分红公告,https://www.sse.com.cn/disclosure/fund/announcement/c/new/2026-06-25/508082_20260625_8JWH.pdf,2026-09-05T06:00:58.009231+00:00,eb4498efb6895e602f4cc36e205e0aa91ce016d6522f11bb0100e5d409d54bfd,381949.0,success,,2026-06-30,0.04666,0.4666,本次分红方案（单位：元 0.4666 /10 份基金份额） ；除息日 场外：2026 年 6 月 29 日 场内：2026 年 6 月 30 日
SSE_508084_20251209_KMCU,508084,2025-12-09,汇添富基金管理股份有限公司关于汇添富九州通医药仓储物流封闭式基础设施证券投资基金收益分配的公告,https://www.sse.com.cn/disclosure/fund/announcement/c/new/2025-12-09/508084_20251209_KMCU.pdf,2026-09-05T06:00:58.042380+00:00,231d08f945766caf32b40e4b3e17c95d9a87a179ffbf7a38e5e945f7a1a45d08,179678.0,success,,2025-12-12,0.09456,0.9456,本次分红方案（单位：元/10 份基金 0.9456 份额） ；除息日 2025 年 12 月 12 日(场内) 2025 年 12 月 11 日(场外)
SSE_508084_20260604_JWL5,508084,2026-06-04,汇添富基金管理股份有限公司关于汇添富九州通医药仓储物流封闭式基础设施证券投资基金收益分配的公告,https://www.sse.com.cn/disclosure/fund/announcement/c/new/2026-06-04/508084_20260604_JWL5.pdf,2026-09-05T06:00:58.165944+00:00,8004f8cba74cd0d848197e91e1ff6fc3ca9dc97534711716f8d914b3a425599c,200415.0,success,,2026-06-09,0.08229,0.8229,本次分红方案（单位：元/10 份基金 0.8229 份额） ；除息日 2026 年 6 月 9 日(场内) 2026 年 6 月 8 日(场外)
SSE_508085_20260421_8E6P,508085,2026-04-21,华泰证券(上海)资产管理有限公司关于华泰紫金苏州恒泰租赁住房封闭式基础设施证券投资基金收益分配的公告,https://www.sse.com.cn/disclosure/fund/announcement/c/new/2026-04-21/508085_20260421_8E6P.pdf,2026-09-05T06:00:58.264921+00:00,9df73add99ca83bf948741cc1e21dac08b7c733654885e7235ed27b8ebab9342,194341.0,success,,2026-04-24,0.02424,0.2424,本次分红方案（单位：元/10 份公 0.2424 募 REITs 份额） ；除息日 2026 年 4 月 24 日（场内） 2026 年 4 月 23 日（场外）
SSE_508085_20260820_9C1N,508085,2026-08-20,华泰证券(上海)资产管理有限公司关于华泰紫金苏州恒泰租赁住房封闭式基础设施证券投资基金收益分配的公告,https://www.sse.com.cn/disclosure/fund/announcement/c/new/2026-08-20/508085_20260820_9C1N.pdf,2026-09-05T06:00:58.277568+00:00,efd16e51c070c3900663089dcde133ab237fe13817dae930231a8dac393a623a,947128.0,success,,2026-08-25,0.05872,0.5872,本次分红方案（单位：元/10 份公 0.5872 募 REITs 份额） ；除息日 2026 年 8 月 25 日（场内） 2026 年 8 月 24 日（场外）
SSE_508086_20240930_6KSC,508086,2024-09-30,工银瑞信基金管理有限公司关于工银瑞信河北高速集团高速公路封闭式基础设施证券投资基金分红的公告,https://www.sse.com.cn/disclosure/fund/announcement/c/new/2024-09-30/508086_20240930_6KSC.pdf,2026-09-05T06:00:58.288343+00:00,fa3e13d3efa790abde328a4185ad3eff2f32aa5eaa1f6ecf329b7348634a31ac,107012.0,success,,2024-10-10,0.241,2.41,本次分红方案（单位：元/10 2.410 份基金份额） ；除息日 2024 年 10 月 10 日 （场内） 2024 年 10 月 9 日 （场外）
SSE_508086_20250403_6K0Z,508086,2025-04-03,工银瑞信基金管理有限公司关于工银瑞信河北高速集团高速公路封闭式基础设施证券投资基金分红的公告,https://www.sse.com.cn/disclosure/fund/announcement/c/new/2025-04-03/508086_20250403_6K0Z.pdf,2026-09-05T06:00:58.462664+00:00,f08558c37cafc9a4f03248b011f149014e6f8f7087c37b628ed1195d3d68ada4,106542.0,success,,2025-04-09,0.1139999999999999,1.14,本次分红方案（单位：元 1.140 /10 份基金份额） ；除息日 2025 年 4 月 9 日 （场内） 2025 年 4 月 8 日 （场外）
SSE_508090_20260306_D3OO,508090,2026-03-06,中银基金管理有限公司关于中银中外运仓储物流封闭式基础设施证券投资基金分红的公告,https://www.sse.com.cn/disclosure/fund/announcement/c/new/2026-03-06/508090_20260306_D3OO.pdf,2026-09-05T06:00:59.409163+00:00,9eadff63dea98546a05db30af813817417d680650df0c55af4b54570d3f9a821,575323.0,success,,2026-03-11,0.08431,0.8431,本次分红方案（单位：元/10 份 0.8431 基金份额） ；除息日 2026 年 3 月 11 日(场内) 2026 年 3 月 10 日(场外)
SSE_508090_20260810_2VNS,508090,2026-08-10,中银基金管理有限公司关于中银中外运仓储物流封闭式基础设施证券投资基金分红的公告,https://www.sse.com.cn/disclosure/fund/announcement/c/new/2026-08-10/508090_20260810_2VNS.pdf,2026-09-05T06:00:59.428521+00:00,a570cef7f5fae3fd49a04ab6720df4426f54f9595441413fb933dbc00536fb12,574604.0,success,,2026-08-13,0.08137,0.8137,本次分红方案（单位：元/10 份 0.8137 基金份额） ；除息日 2026 年 8 月 13 日(场内) 2026 年 8 月 12 日(场外)
SSE_508091_20260327_VAYL,508091,2026-03-27,华夏基金管理有限公司关于华夏凯德商业资产封闭式基础设施证券投资基金收益分配的公告,https://www.sse.com.cn/disclosure/fund/announcement/c/new/2026-03-27/508091_20260327_VAYL.pdf,2026-09-05T06:00:59.449714+00:00,0e857b60440bd1bafb57075f3e3ce385580481359725d47062e90ace4edaf569,326582.0,success,,2026-04-01,0.0761,0.761,本次分红方案（单位：元/10 0.7610 份公募REITs份额） ；除息日 2026年4月1日（场内） 2026年3月31日（场外）
SSE_508092_20250903_CSI0,508092,2025-09-03,华夏基金管理有限公司关于华夏金隅智造工场产业园封闭式基础设施证券投资基金收益分配的公告,https://www.sse.com.cn/disclosure/fund/announcement/c/new/2025-09-03/508092_20250903_CSI0.pdf,2026-09-05T06:00:59.589030+00:00,4f919531ac5b7e8a67159533c20861578c9555ae9894b50b0cd821ae9ce9e2c0,224928.0,success,,2025-09-08,0.0861,0.861,本次分红方案（单位：元 0.8610 /10份公募REITs份额） ；除息日 2025年9月8日（场内） 2025年9月5日（场外）
SSE_508092_20260521_02CY,508092,2026-05-21,华夏基金管理有限公司关于华夏金隅智造工场产业园封闭式基础设施证券投资基金收益分配的公告,https://www.sse.com.cn/disclosure/fund/announcement/c/new/2026-05-21/508092_20260521_02CY.pdf,2026-09-05T06:00:59.774660+00:00,50205c7c759bc1e730ef1e1a39c4ee045804a16ec9eab677aa33f3aa81996124,225764.0,success,,2026-05-26,0.04351,0.4351,本次分红方案（单位：元 0.4351 /10份公募REITs份额） ；除息日 2026年5月26日（场内） 2026年5月25日（场外）
SSE_508093_20260723_9J9G,508093,2026-07-23,易方达基金管理有限公司关于易方达广西北投高速公路封闭式基础设施证券投资基金分红的公告,https://www.sse.com.cn/disclosure/fund/announcement/c/new/2026-07-23/508093_20260723_9J9G.pdf,2026-09-05T06:00:59.834375+00:00,a4118fd1794fcbab3ab2460ce3c031d7b1f3a43b9993d6581e942d5945bd7081,241604.0,success,,2026-07-28,0.2699,2.699,本次分红方案（单位：元/10 份基金 2.699 份额） ；除息日 2026 年 7 月 28 日（场内） 2026 年 7 月 27 日（场外）
SSE_508096_20231108_HIFS,508096,2023-11-08,中航基金管理有限公司关于中航京能光伏封闭式基础设施证券投资基金分红的公告,https://www.sse.com.cn/disclosure/fund/announcement/c/new/2023-11-08/508096_20231108_HIFS.pdf,2026-09-05T06:00:59.835244+00:00,c11de0af65e163ad8efaf3e2567d534a0c097b45716595235908535bd59c123c,195559.0,success,,2023-11-13,1.072,10.72,本次分红方案（单位：元/10 份 10.7200 基金份额） ；除息日 2023 年 11 月 13 日（场内） 2023 年 11 月 10 日（场外）
SSE_508096_20240422_BO0L,508096,2024-04-22,中航基金管理有限公司关于中航京能光伏封闭式基础设施证券投资基金分红的公告,https://www.sse.com.cn/disclosure/fund/announcement/c/new/2024-04-22/508096_20240422_BO0L.pdf,2026-09-05T06:00:59.989067+00:00,5486daf5f0d27bb5adf4e080eff32d32c9f5ad9e2c0ae4db9f36745c0c74f07a,196425.0,success,,2024-04-25,0.5498000000000001,5.498,本次分红方案（单位：元/10 份基金 5.4980 份额） ；除息日 2024 年 4 月 25 日（场内） 2024 年 4 月 24 日（场外）
SSE_508096_20241030_93GZ,508096,2024-10-30,中航基金管理有限公司关于中航京能光伏封闭式基础设施证券投资基金分红的公告,https://www.sse.com.cn/disclosure/fund/announcement/c/new/2024-10-30/508096_20241030_93GZ.pdf,2026-09-05T06:01:00.072468+00:00,42ffff2c77fe73346a1d433de2cc2fdc67edb57bd8a15aad733fa8cb07df63a3,196268.0,success,,2024-11-04,0.622,6.22,本次分红方案（单位：元/10 份基金 6.2200 份额） ；除息日 2024 年 11 月 4 日（场内） 2024 年 11 月 1 日（场外）
SSE_508096_20250812_R0TX,508096,2025-08-12,中航基金管理有限公司关于中航京能光伏封闭式基础设施证券投资基金分红的公告,https://www.sse.com.cn/disclosure/fund/announcement/c/new/2025-08-12/508096_20250812_R0TX.pdf,2026-09-05T06:01:00.087025+00:00,2cde832e8ee842903ce74f9083b2349bbdda2164287222c3ec84814d6a3cd207,119802.0,success,,2025-08-15,0.2371599999999999,2.3716,本次分红方案（单位：元/10 份基金 2.3716 份额） ；除息日 2025 年 8 月 15 日（场内） 2025 年 8 月 14 日（场外）
SSE_508096_20260115_35W8,508096,2026-01-15,中航基金管理有限公司关于中航京能光伏封闭式基础设施证券投资基金分红的公告,https://www.sse.com.cn/disclosure/fund/announcement/c/new/2026-01-15/508096_20260115_35W8.pdf,2026-09-05T06:01:00.087255+00:00,5d46ebd019d41d29a295758e5324c43e173f3ef921274cd0705d9f51e2e46006,118566.0,success,,2026-01-20,0.33178,3.3178,本次分红方案（单位：元/10 份基金 3.3178 份额） ；除息日 2026 年 1 月 20 日（场内） 2026 年 1 月 19 日（场外） 第 2 页 共3 页 中航基金管理有限公司关于中航京能光伏封闭式基础设施证券投资基金分红的公告
SSE_508096_20260513_2FB2,508096,2026-05-13,中航基金管理有限公司关于中航京能国际能源封闭式基础设施证券投资基金分红的公告,https://www.sse.com.cn/disclosure/fund/announcement/c/new/2026-05-13/508096_20260513_2FB2.pdf,2026-09-05T06:01:00.092663+00:00,64f674eabefae452d3dac055e8c354be1730eb8ec162bf1d0de24ca11498030a,118822.0,success,,2026-05-18,0.34961,3.4961,本次分红方案（单位：元/10 份基金 3.4961 份额） ；除息日 2026 年 5 月 18 日（场内） 2026 年 5 月 15 日（场外）
SSE_508096_20260806_FZ2N,508096,2026-08-06,中航基金管理有限公司关于中航京能国际能源封闭式基础设施证券投资基金分红的公告,https://www.sse.com.cn/disclosure/fund/announcement/c/new/2026-08-06/508096_20260806_FZ2N.pdf,2026-09-05T06:01:00.125340+00:00,44fcbb718fa2c4c5d99515614a65e59bfe440888dd0b2bb82ca8b050bb9a2735,118670.0,success,,2026-08-11,0.209,2.09,本次分红方案（单位：元/10 份基金 2.0900 份额） ；除息日 2026 年 8 月 11 日（场内） 2026 年 8 月 10 日（场外）
SSE_508097_20250425_5JF8,508097,2025-04-25,华泰证券(上海)资产管理有限公司关于华泰紫金南京建邺产业园封闭式基础设施证券投资基金收益分配的公告,https://www.sse.com.cn/disclosure/fund/announcement/c/new/2025-04-25/508097_20250425_5JF8.pdf,2026-09-05T06:01:00.261836+00:00,5d998a26b16e3f1972272d578ef3aad096e5d877f031b86efe9786b81721b986,142142.0,success,,2025-04-29,0.0206,0.206,本次分红方案（单位：元/10 份公 0.206 募 REITs 份额） ；除息日 2025 年 4 月 30 2025 年 4 月 29 日（场内） 日（场外）
SSE_508097_20250827_Z4CG,508097,2025-08-27,华泰证券(上海)资产管理有限公司关于华泰紫金南京建邺产业园封闭式基础设施证券投资基金收益分配的公告,https://www.sse.com.cn/disclosure/fund/announcement/c/new/2025-08-27/508097_20250827_Z4CG.pdf,2026-09-05T06:01:00.291427+00:00,077808358106e526c43a2526f9fbdbe92ab575c34476fe2ba1756cfa0e9a1bf4,139896.0,success,,2025-09-01,0.0647,0.647,本次分红方案（单位：元/10 份公 0.647 募 REITs 份额） ；除息日 2025 年 9 月 1 日（场内） 2025 年 8 月 29 日（场外）
SSE_508097_20251217_ZYNL,508097,2025-12-17,华泰证券(上海)资产管理有限公司关于华泰紫金南京建邺产业园封闭式基础设施证券投资基金收益分配的公告,https://www.sse.com.cn/disclosure/fund/announcement/c/new/2025-12-17/508097_20251217_ZYNL.pdf,2026-09-05T06:01:00.292449+00:00,49dd23b068a87f8d3dc957947ab78d6b9e3a3e5999f7ed612ce5e653d6f804a1,142078.0,success,,2025-12-19,0.036,0.36,本次分红方案（单位：元/10 份公 0.360 募 REITs 份额） ；除息日 2025 年 12 月 22 2025 年 12 月 19 日（场内） 日（场外）
SSE_508097_20260421_JX8Z,508097,2026-04-21,华泰证券(上海)资产管理有限公司关于华泰紫金南京建邺产业园封闭式基础设施证券投资基金收益分配的公告,https://www.sse.com.cn/disclosure/fund/announcement/c/new/2026-04-21/508097_20260421_JX8Z.pdf,2026-09-05T06:01:00.293062+00:00,60488ea43eb906961669b7e47f740713052e7a55f35b1a948d55a21cd54a33fd,136145.0,success,,2026-04-23,0.0316,0.316,本次分红方案（单位：元/10 份公 0.316 募 REITs 份额） ；除息日 2026 年 4 月 24 2026 年 4 月 23 日（场内） 日（场外）
SSE_508097_20260820_9NQV,508097,2026-08-20,华泰证券(上海)资产管理有限公司关于华泰紫金南京建邺产业园封闭式基础设施证券投资基金收益分配的公告,https://www.sse.com.cn/disclosure/fund/announcement/c/new/2026-08-20/508097_20260820_9NQV.pdf,2026-09-05T06:01:00.293549+00:00,92ecff05f06f8d62049ec5c17ce1a7952a45a01aecf66ea34f6f9220c816dc28,932649.0,success,,2026-08-24,0.056,0.56,本次分红方案（单位：元/10 份公 0.560 募 REITs 份额） ；除息日 2026 年 8 月 25 2026 年 8 月 24 日（场内） 日（场外）
SSE_508099_20260403_RND5,508099,2026-04-03,建信基金管理有限责任公司关于建信中关村产业园封闭式基础设施证券投资基金分红的公告,https://www.sse.com.cn/disclosure/fund/announcement/c/new/2026-04-03/508099_20260403_RND5.pdf,2026-09-05T06:01:01.312529+00:00,5f5da21c4be6d33f836bcc441e44de7e8073c33563a2f2fb326a89cba9732255,363673.0,success,,2026-04-09,0.0241,0.241,本次分红方案（单位：元/10 0.2410 份基金份额） 本次分红为本基金 2025 年度第二次分 ；除息日 场外：2026 年 4 月 8 日 场内：2026 年 4 月 9 日
SSE_508000_20220408_1_5pl6Jesi,508000,2022-04-08,关于华安张江光大园封闭式基础设施证券投资基金分红的公告,https://www.sse.com.cn/disclosure/fund/announcement/c/new/2022-04-08/508000_20220408_1_5pl6Jesi.pdf,2026-09-05T06:02:54.381417+00:00,f0a20d1b7c03c9861aeb9f0fe896490e3525630c259acfd36ff24d75096ef576,128770.0,success,,2022-04-13 00:00:00,0.08,0.8,本次分红方案（单位：元/10 0.80 份基金份额） ；除息日 2022 年 4 月 13 日（场内） 2022 年 4 月 12 日（场外）
SSE_508000_20220922_1_eH2h2pGo,508000,2022-09-22,关于华安张江光大园封闭式基础设施证券投资基金分红的公告,https://www.sse.com.cn/disclosure/fund/announcement/c/new/2022-09-22/508000_20220922_1_eH2h2pGo.pdf,2026-09-05T06:02:54.381530+00:00,d6119b917526c36ae4f058111375c446dc8142d63421d11cb668711c22626fe4,130676.0,success,,2022-09-27 00:00:00,0.06,0.6,本次分红方案（单位：元/10 0.60 份基金份额） ；除息日 2022 年 9 月 27 日（场内） 2022 年 9 月 26 日（场外）
SSE_508000_20230410_QX8Y,508000,2023-04-10,关于华安张江光大园封闭式基础设施证券投资基金分红的公告,https://www.sse.com.cn/disclosure/fund/announcement/c/new/2023-04-10/508000_20230410_QX8Y.pdf,2026-09-05T06:02:54.384135+00:00,c6e39d40adf76866b082b0345ec4e709b29d437461e26a36f429d52bb0f40e71,134054.0,success,,2023-04-13 00:00:00,0.061,0.61,本次分红方案（单位：元/10 0.6100 份基金份额） ；除息日 2023 年 4 月 13 日（场内） 2023 年 4 月 12 日（场外）
SSE_508000_20230508_1ET6,508000,2023-05-08,关于华安张江光大园封闭式基础设施证券投资基金分红的公告,https://www.sse.com.cn/disclosure/fund/announcement/c/new/2023-05-08/508000_20230508_1ET6.pdf,2026-09-05T06:02:54.583157+00:00,7cbba8cdac9205c681eac0b96af1d5327f942270bbb3c1f85bb53fd3c95bd5ea,133885.0,success,,2023-05-11 00:00:00,0.0289999999999999,0.29,本次分红方案（单位：元/10 0.2900 份基金份额） ；除息日 2023 年 5 月 11 日（场内） 2023 年 5 月 10 日（场外）
SSE_508001_20211228_1_k7cZs3pt,508001,2021-12-28,浙商证券沪杭甬杭徽高速封闭式基础设施证券投资基金2021年第一次分红公告,https://www.sse.com.cn/disclosure/fund/announcement/c/new/2021-12-28/508001_20211228_1_k7cZs3pt.pdf,2026-09-05T06:02:54.787045+00:00,a52e9701ff8cdb33a66c4b5e018a52e6d0a8b2771d5baf7749fcd8c28f499369,125445.0,success,,2021-12-31 00:00:00,0.3376,3.376,本次分红方案（单位:元/10 3.3760 份基金份额） ；除息日 2021年12月31日(场内) 2021年12月30日(场外)
SSE_508002_20241217_KHN0,508002,2024-12-17,关于华安百联消费封闭式基础设施证券投资基金分红的公告,https://www.sse.com.cn/disclosure/fund/announcement/c/new/2024-12-17/508002_20241217_KHN0.pdf,2026-09-05T06:02:54.969242+00:00,8d72faaa3f7703bbbd58cacdc80189d74018a84658a61c5dd27b144c830ef62c,112105.0,success,,2024-12-20 00:00:00,0.02965,0.2965,本次分红方案（单位：元/10 0.2965 份基金份额） ；除息日 2024 年 12 月 20 日（场内） 2024 年 12 月 19 日（场外）
SSE_508002_20250331_E18Q,508002,2025-03-31,华安基金管理有限公司关于华安百联消费封闭式基础设施证券投资基金分红的公告,https://www.sse.com.cn/disclosure/fund/announcement/c/new/2025-03-31/508002_20250331_E18Q.pdf,2026-09-05T06:02:54.972642+00:00,92c311c2e1023ff790951d9a112d1e4e10d216f643156c1df2ca2bd0eb423c1a,113021.0,success,,2025-04-03 00:00:00,0.03355,0.3355,本次分红方案（单位：元/10 0.3355 份基金份额） ；除息日 2025 年 4 月 3 日（场内） 2025 年 4 月 2 日（场外）
SSE_508002_20250808_U7KB,508002,2025-08-08,关于华安百联消费封闭式基础设施证券投资基金分红的公告,https://www.sse.com.cn/disclosure/fund/announcement/c/new/2025-08-08/508002_20250808_U7KB.pdf,2026-09-05T06:02:55.141260+00:00,491b475cc534bcca4beed8c467ca884ae2812cc9ac805fc496c61daf8cc1a269,112350.0,success,,2025-08-13 00:00:00,0.07217,0.7217,本次分红方案（单位：元/10 0.7217 份基金份额） ；除息日 2025 年 8 月 13 日（场内） 2025 年 8 月 12 日（场外）
SSE_508002_20251223_HYTC,508002,2025-12-23,关于华安百联消费封闭式基础设施证券投资基金分红的公告,https://www.sse.com.cn/disclosure/fund/announcement/c/new/2025-12-23/508002_20251223_HYTC.pdf,2026-09-05T06:02:55.142059+00:00,08e473da05c96a875ad2bf0dcabe6ab2e5c713a1aec8c4163853f097ffbaa2f2,179402.0,success,,2025-12-26 00:00:00,0.03446,0.3446,本次分红方案（单位：元/10 0.3446 份基金份额） ；除息日 2025 年 12 月 26 日（场内） 2025 年 12 月 25 日（场外）
SSE_508002_20260519_MCWO,508002,2026-05-19,关于华安百联消费封闭式基础设施证券投资基金分红的公告,https://www.sse.com.cn/disclosure/fund/announcement/c/new/2026-05-19/508002_20260519_MCWO.pdf,2026-09-05T06:02:55.188114+00:00,e609ccb6e77f67d983d3e704669277aef40114be765239ce8e9347ba302cd058,113428.0,success,,2026-05-22 00:00:00,0.03934,0.3934,本次分红方案（单位：元/10 0.3934 份基金份额） ；除息日 2026 年 5 月 22 日（场内） 2026 年 5 月 21 日（场外）
SSE_508005_20260304_E1L9,508005,2026-03-04,华夏基金管理有限公司关于华夏首创奥特莱斯封闭式基础设施证券投资基金收益分配的公告,https://www.sse.com.cn/disclosure/fund/announcement/c/new/2026-03-04/508005_20260304_E1L9.pdf,2026-09-05T06:02:55.324265+00:00,21eb92b6eaf267a387034a87e2693780826ffbb86192daa0d7d0b6a7c325fed9,226923.0,success,,2026-03-09 00:00:00,0.08107,0.8107,本次分红方案（单位：元/10 0.8107 份公募REITs份额） ；除息日 2026年3月9日（场内） 2026年3月6日（场外）
SSE_508005_20260821_LRA2,508005,2026-08-21,华夏基金管理有限公司关于华夏首创奥特莱斯封闭式基础设施证券投资基金收益分配的公告,https://www.sse.com.cn/disclosure/fund/announcement/c/new/2026-08-21/508005_20260821_LRA2.pdf,2026-09-05T06:02:55.368976+00:00,465c9d47eefa33141bb42af2a77a34933fe04cfb0fccb3ccc32256eda2fbe1f1,226075.0,success,,2026-08-26 00:00:00,0.08996,0.8996,本次分红方案（单位：元/10 0.8996 份公募REITs份额） ；除息日 2026年8月26日（场内） 2026年8月25日（场外）
SSE_508007_20231221_N2O4,508007,2023-12-21,中金基金管理有限公司关于中金山高集团高速公路封闭式基础设施证券投资基金2023年第一次分红公告,https://www.sse.com.cn/disclosure/fund/announcement/c/new/2023-12-21/508007_20231221_N2O4.pdf,2026-09-05T06:02:56.132148+00:00,00719ffb099c7d2cd865775c0a6ab869e2e0ddf3c0ef190ad88c877e9991c090,389636.0,success,,2023-12-26 00:00:00,0.57938,5.7938,本次分红方案（单位：元/10 5.7938 份基金份额） ；除息日 场外：2023 年 12 月 25 日 场内：2023 年 12 月 26 日
SSE_508011_20240905_ULKD,508011,2024-09-05,关于嘉实物美消费封闭式基础设施证券投资基金收益分配的公告,https://www.sse.com.cn/disclosure/fund/announcement/c/new/2024-09-05/508011_20240905_ULKD.pdf,2026-09-05T06:02:56.323993+00:00,7990edcbe71eb4b3adbef63a635884b7db5f52f3d42ffde41e8f9f52d03fa48f,198528.0,success,,2024-09-10 00:00:00,0.0708999999999999,0.709,本次分红方案（单位：元/10 0.7090 份公募 REITs 份额） ；除息日 2024 年 9 月 10 日（场内） 2024 年 9 月 9 日（场外）
SSE_508011_20250910_77J4,508011,2025-09-10,关于嘉实物美消费封闭式基础设施证券投资基金收益分配的公告,https://www.sse.com.cn/disclosure/fund/announcement/c/new/2025-09-10/508011_20250910_77J4.pdf,2026-09-05T06:02:56.499969+00:00,0aa67b553e8bc7e7b25f921626a82e5cbc5b88cf92e392f56cc866358a32a769,276002.0,success,,2025-09-15 00:00:00,0.0863,0.863,本次分红方案（单位：元/10 0.8630 份公募 REITs 份额） ；除息日 2025 年 9 月 15 日（场内） 2025 年 9 月 12 日（场外）
SSE_508011_20260731_3WH7,508011,2026-07-31,关于嘉实物美消费封闭式基础设施证券投资基金收益分配的公告,https://www.sse.com.cn/disclosure/fund/announcement/c/new/2026-07-31/508011_20260731_3WH7.pdf,2026-09-05T06:02:56.663461+00:00,1ca1f9491c54bd8e20e16df52f1c55c552fc1145b3c263b6e7cce1cb40f577e2,164147.0,success,,2026-08-05 00:00:00,0.09025,0.9025,本次分红方案（单位：元/10 0.9025 份公募 REITs 份额） ；除息日 2026 年 8 月 5 日（场内） 2026 年 8 月 4 日（场外）
SSE_508017_20240809_DZL8,508017,2024-08-09,华夏基金管理有限公司关于华夏金茂购物中心封闭式基础设施证券投资基金收益分配的公告,https://www.sse.com.cn/disclosure/fund/announcement/c/new/2024-08-09/508017_20240809_DZL8.pdf,2026-09-05T06:02:58.556466+00:00,fc8c916d801613ae40966d7025a02bc3e78bc7872646c24b665f5662d3a18456,226220.0,success,,2024-08-14 00:00:00,0.03325,0.3325,本次分红方案（单位：元/10 0.3325 份公募REITs份额） ；除息日 2024年8月14日（场内） 2024年8月13日（场外）
SSE_508017_20250409_DBEN,508017,2025-04-09,华夏基金管理有限公司关于华夏金茂购物中心封闭式基础设施证券投资基金收益分配的公告,https://www.sse.com.cn/disclosure/fund/announcement/c/new/2025-04-09/508017_20250409_DBEN.pdf,2026-09-05T06:02:58.749254+00:00,26d822a03f90326d306989d0db97d24a3316847de2774845ece906f563ada683,227970.0,success,,2025-04-14 00:00:00,0.03458,0.3458,本次分红方案（单位：元/10 0.3458 份公募REITs份额） ；除息日 2025年4月14日（场内） 2025年4月11日（场外）
SSE_508017_20250514_O442,508017,2025-05-14,华夏基金管理有限公司关于华夏金茂购物中心封闭式基础设施证券投资基金收益分配的公告,https://www.sse.com.cn/disclosure/fund/announcement/c/new/2025-05-14/508017_20250514_O442.pdf,2026-09-05T06:02:58.862750+00:00,6894521b78543351686f9c6b848ed2befd05411d0e70c9f385cf13487d7fae52,225664.0,success,,2025-05-19 00:00:00,0.03529,0.3529,本次分红方案（单位：元/10 0.3529 份公募REITs份额） ；除息日 2025年5月19日（场内） 2025年5月16日（场外）
SSE_508017_20250820_90IR,508017,2025-08-20,华夏基金管理有限公司关于华夏金茂购物中心封闭式基础设施证券投资基金收益分配的公告,https://www.sse.com.cn/disclosure/fund/announcement/c/new/2025-08-20/508017_20250820_90IR.pdf,2026-09-05T06:02:58.973769+00:00,66ff12de0d078b938764deff88be0902bec5c92a23d06676a63d8d9974045b8d,328385.0,success,,2025-08-25 00:00:00,0.03653,0.3653,本次分红方案（单位：元/10 0.3653 份公募REITs份额） ；除息日 2025年8月25日（场内） 2025年8月22日（场外）
SSE_508017_20251120_YVQI,508017,2025-11-20,华夏基金管理有限公司关于华夏金茂购物中心封闭式基础设施证券投资基金收益分配的公告,https://www.sse.com.cn/disclosure/fund/announcement/c/new/2025-11-20/508017_20251120_YVQI.pdf,2026-09-05T06:02:59.108596+00:00,887f192efc10bf7b1af8f09fe05b95a5a2b9fd71311ac6d8b79464b26a573d19,225624.0,success,,2025-11-25 00:00:00,0.03755,0.3755,本次分红方案（单位：元/10 0.3755 份公募REITs份额） ；除息日 2025年11月25日（场内） 2025年11月24日（场外）
SSE_508017_20260409_6RXB,508017,2026-04-09,华夏基金管理有限公司关于华夏金茂购物中心封闭式基础设施证券投资基金收益分配的公告,https://www.sse.com.cn/disclosure/fund/announcement/c/new/2026-04-09/508017_20260409_6RXB.pdf,2026-09-05T06:02:59.122473+00:00,968dbf6d078e4025383d0432abc7d509019c3202c8926313992956161fafe52c,227129.0,success,,2026-04-14 00:00:00,0.0374,0.374,本次分红方案（单位：元/10 0.3740 份公募REITs份额） ；除息日 2026年4月14日（场内） 2026年4月13日（场外）
SSE_508017_20260522_DV5O,508017,2026-05-22,华夏基金管理有限公司关于华夏金茂消费封闭式基础设施证券投资基金收益分配的公告,https://www.sse.com.cn/disclosure/fund/announcement/c/new/2026-05-22/508017_20260522_DV5O.pdf,2026-09-05T06:02:59.236496+00:00,67886d2dc941116e3bed33a43277d567524904f5513d5678a4668223239c21dd,225189.0,success,,2026-05-27 00:00:00,0.03679,0.3679,本次分红方案（单位：元/10 0.3679 份公募REITs份额） ；除息日 2026年5月27日（场内） 2026年5月26日（场外）
SSE_508017_20260814_Y5CG,508017,2026-08-14,华夏基金管理有限公司关于华夏金茂消费封闭式基础设施证券投资基金收益分配的公告,https://www.sse.com.cn/disclosure/fund/announcement/c/new/2026-08-14/508017_20260814_Y5CG.pdf,2026-09-05T06:02:59.303159+00:00,ea5926e23ea1adf6480e083ab9ef777dbe1ec6c0294dc0d4062dc219c7e24b32,101451.0,success,,2026-08-19 00:00:00,0.03738,0.3738,本次分红方案（单位：元/10 0.3738 份公募REITs份额） ；除息日 2026年8月19日（场内） 2026年8月18日（场外）
SSE_508018_20220929_1_6PyH83aZ,508018,2022-09-29,华夏基金管理有限公司关于华夏中国交建高速公路封闭式基础设施证券投资基金收益分配的公告,https://www.sse.com.cn/disclosure/fund/announcement/c/new/2022-09-29/508018_20220929_1_6PyH83aZ.pdf,2026-09-05T06:02:59.461891+00:00,4341ee7a95f4a1f7d749ab5e11257854511a7fa64b2e10a5a0711198564e2e66,106276.0,success,,2022-10-12 00:00:00,0.0829,0.829,本次分红方案（单位：元/10 0.829 份公募REITs份额） ；除息日 2022年10月12日（场内） 2022年10月11日（场外）
SSE_508018_20221128_31LR,508018,2022-11-28,华夏基金管理有限公司关于华夏中国交建高速公路封闭式基础设施证券投资基金收益分配的公告,https://www.sse.com.cn/disclosure/fund/announcement/c/new/2022-11-28/508018_20221128_31LR.pdf,2026-09-05T06:02:59.463852+00:00,05e39224cf23ce8f39395cecad72fa4115f3e19e7f6ce258cf7e8b8aa2d235f1,107276.0,success,,2022-12-02 00:00:00,0.09492,0.9492,本次分红方案（单位：元/10 0.9492 份公募REITs份额） ；除息日 2022年12月2日（场内） 2022年12月1日（场外）
SSE_508018_20230505_OCVP,508018,2023-05-05,华夏基金管理有限公司关于华夏中国交建高速公路封闭式基础设施证券投资基金收益分配的公告,https://www.sse.com.cn/disclosure/fund/announcement/c/new/2023-05-05/508018_20230505_OCVP.pdf,2026-09-05T06:02:59.472718+00:00,6c4580193576f61582d924e873a824b451f7ca92a5ee360c3597e2dc34926053,107403.0,success,,2023-05-11 00:00:00,0.07276,0.7276,本次分红方案（单位：元/10 0.7276 份公募REITs份额） ；除息日 2023年5月11日（场内） 2023年5月10日（场外）
SSE_508018_20230609_XQZA,508018,2023-06-09,华夏基金管理有限公司关于华夏中国交建高速公路封闭式基础设施证券投资基金收益分配的公告,https://www.sse.com.cn/disclosure/fund/announcement/c/new/2023-06-09/508018_20230609_XQZA.pdf,2026-09-05T06:02:59.626594+00:00,1840cedf4a2f0c153ddb96f93cf56b96bdc9cfead487e59ea36d172bc450b78b,107331.0,success,,2023-06-15 00:00:00,0.09339,0.9339,本次分红方案（单位：元/10 0.9339 份公募REITs份额） ；除息日 2023年6月15日（场内） 2023年6月14日（场外）
SSE_508018_20240530_YUCW,508018,2024-05-30,华夏基金管理有限公司关于华夏中国交建高速公路封闭式基础设施证券投资基金收益分配的公告,https://www.sse.com.cn/disclosure/fund/announcement/c/new/2024-05-30/508018_20240530_YUCW.pdf,2026-09-05T06:02:59.629403+00:00,6f4e3ba7bf1cf40acdc344dac7373bc40792d84745c146d12e493e5e6a5af8e9,115419.0,success,,2024-06-04 00:00:00,0.072,0.72,本次分红方案（单位：元/10 0.7200 份公募REITs份额） ；除息日 2024年6月4日（场内） 2024年6月3日（场外）
SSE_508018_20240815_8X0A,508018,2024-08-15,华夏基金管理有限公司关于华夏中国交建高速公路封闭式基础设施证券投资基金收益分配的公告,https://www.sse.com.cn/disclosure/fund/announcement/c/new/2024-08-15/508018_20240815_8X0A.pdf,2026-09-05T06:02:59.725678+00:00,2390dc1e15971130ad265c7b1def73e368549531e5f9dcc4d052c19bb0735012,218809.0,success,,2024-08-20 00:00:00,0.06085,0.6085,本次分红方案（单位：元/10 0.6085 份公募REITs份额） ；除息日 2024年8月20日（场内） 2024年8月19日（场外）
SSE_508018_20250523_WTUP,508018,2025-05-23,华夏基金管理有限公司关于华夏中国交建高速公路封闭式基础设施证券投资基金收益分配的公告,https://www.sse.com.cn/disclosure/fund/announcement/c/new/2025-05-23/508018_20250523_WTUP.pdf,2026-09-05T06:02:59.798617+00:00,8be6c72f4a42badf54eb6127d42fd2adc5f0990194a29a43dc4f5fd0ec039460,330613.0,success,,2025-05-28 00:00:00,0.07264,0.7264,本次分红方案（单位：元/10 0.7264 份公募REITs份额） ；除息日 2025年5月28日（场内） 2025年5月27日（场外）
SSE_508018_20250815_1Y9R,508018,2025-08-15,华夏基金管理有限公司关于华夏中国交建高速公路封闭式基础设施证券投资基金收益分配的公告,https://www.sse.com.cn/disclosure/fund/announcement/c/new/2025-08-15/508018_20250815_1Y9R.pdf,2026-09-05T06:02:59.805745+00:00,57a11bda00ab23cc604a0eff6f0d4455554bb08ad54d0be5c2d261b940951ebc,336242.0,success,,2025-08-20 00:00:00,0.0593,0.593,本次分红方案（单位：元/10 0.5930 份公募REITs份额） ；除息日 2025年8月20日（场内） 2025年8月19日（场外）
SSE_508018_20251127_97P0,508018,2025-11-27,华夏基金管理有限公司关于华夏中国交建高速公路封闭式基础设施证券投资基金收益分配的公告,https://www.sse.com.cn/disclosure/fund/announcement/c/new/2025-11-27/508018_20251127_97P0.pdf,2026-09-05T06:02:59.956074+00:00,8eb1f3c4ba744322f433b81bb97d15bfe5f7f5698ed028a5a36cdf27118df1da,335933.0,success,,2025-12-02 00:00:00,0.06972,0.6972,本次分红方案（单位：元/10 0.6972 份公募REITs份额） ；除息日 2025年12月2日（场内） 2025年12月1日（场外）
SSE_508018_20260424_P47X,508018,2026-04-24,华夏基金管理有限公司关于华夏中国交建高速公路封闭式基础设施证券投资基金收益分配的公告,https://www.sse.com.cn/disclosure/fund/announcement/c/new/2026-04-24/508018_20260424_P47X.pdf,2026-09-05T06:03:00.077834+00:00,e51514237cf80c877756cc8047bfa024783a6f47b9eb9f18ead0d6fa08092324,337263.0,success,,2026-04-29 00:00:00,0.06078,0.6078,本次分红方案（单位：元/10 0.6078 份公募REITs份额） ；除息日 2026年4月29日（场内） 2026年4月28日（场外）
SSE_508018_20260522_4ZNX,508018,2026-05-22,华夏基金管理有限公司关于华夏中国交建高速公路封闭式基础设施证券投资基金收益分配的公告,https://www.sse.com.cn/disclosure/fund/announcement/c/new/2026-05-22/508018_20260522_4ZNX.pdf,2026-09-05T06:03:00.088533+00:00,47130a97e1ebcf2f8d952d22937805ff9fbfc5a31e2d7c5105b61debed7822f5,331432.0,success,,2026-05-27 00:00:00,0.08656,0.8656,本次分红方案（单位：元/10 0.8656 份公募REITs份额） ；除息日 2026年5月27日（场内） 2026年5月26日（场外）
SSE_508018_20260814_WQYB,508018,2026-08-14,华夏基金管理有限公司关于华夏中国交建高速公路封闭式基础设施证券投资基金收益分配的公告,https://www.sse.com.cn/disclosure/fund/announcement/c/new/2026-08-14/508018_20260814_WQYB.pdf,2026-09-05T06:03:00.244048+00:00,394e05fe8644551c8cee0c29ca71bcda2dc214c3e3fe66e1de6f40830b2ede17,105568.0,success,,2026-08-19 00:00:00,0.07618,0.7618,本次分红方案（单位：元/10 0.7618 份公募REITs份额） ；除息日 2026年8月19日（场内） 2026年8月18日（场外）
SSE_508022_20250919_ICWR,508022,2025-09-19,博时基金管理有限公司关于博时津开科工产业园封闭式基础设施证券投资基金收益分配的公告,https://www.sse.com.cn/disclosure/fund/announcement/c/new/2025-09-19/508022_20250919_ICWR.pdf,2026-09-05T06:03:00.649199+00:00,df7db0f1e0ee47481004ee5029acc586c44b07363d7c4f9c29e406d1a61f8bac,96572.0,success,,2025-09-24 00:00:00,0.0699999999999999,0.7,本次分红方案（单位：元/10 0.7000 份基金份额） ；除息日 2025 年 9 月 24 日（场内） 2025 年 9 月 23 日（场外）
SSE_508022_20251212_F7T5,508022,2025-12-12,博时基金管理有限公司关于博时津开科工产业园封闭式基础设施证券投资基金收益分配的公告,https://www.sse.com.cn/disclosure/fund/announcement/c/new/2025-12-12/508022_20251212_F7T5.pdf,2026-09-05T06:03:00.685594+00:00,590ad99a22e11dbe9296da95c89bed13c29b25e33138dfb3599bf1cc47cb3de2,97644.0,success,,2025-12-17 00:00:00,0.04214,0.4214,本次分红方案（单位：元/10 0.4214 份基金份额） ；除息日 2025 年 12 月 17 日（场内） 2025 年 12 月 16 日（场外）
SSE_508022_20260422_C183,508022,2026-04-22,博时基金管理有限公司关于博时津开科工产业园封闭式基础设施证券投资基金收益分配的公告,https://www.sse.com.cn/disclosure/fund/announcement/c/new/2026-04-22/508022_20260422_C183.pdf,2026-09-05T06:03:00.768077+00:00,7fc4f0eafaca2701e0aeadfebc9f48cf7b3db32dc82a2efe2c6f2bbdf3cd6484,98048.0,success,,2026-04-27 00:00:00,0.033,0.33,本次分红方案（单位：元/10 0.3300 份基金份额） ；除息日 2026 年 4 月 27 日（场内） 2026 年 4 月 24 日（场外）
SSE_508022_20260821_4N00,508022,2026-08-21,博时基金管理有限公司关于博时津开科工产业园封闭式基础设施证券投资基金收益分配的公告,https://www.sse.com.cn/disclosure/fund/announcement/c/new/2026-08-21/508022_20260821_4N00.pdf,2026-09-05T06:03:00.899308+00:00,3aeb49d985a1fd3c998d73ffa2fc343cadcec10f8d909a983dd3a9eaee4b77a5,100681.0,success,,2026-08-26 00:00:00,0.0839999999999999,0.84,本次分红方案（单位：元/10 0.8400 份基金份额） ；除息日 2026 年 8 月 26 日（场内） 2026 年 8 月 25 日（场外）
SSE_508026_20250304_CESI,508026,2025-03-04,关于嘉实中国电建清洁能源封闭式基础设施证券投资基金收益分配的公告,https://www.sse.com.cn/disclosure/fund/announcement/c/new/2025-03-04/508026_20250304_CESI.pdf,2026-09-05T06:03:00.979101+00:00,be90d232e6569425e8dd31aa17bb4c1092736750f6d207f513158d57b749d6d9,258172.0,success,,2025-03-07 00:00:00,0.0946999999999999,0.947,本次分红方案（单位：元/10 0.9470 份公募 REITs 份额） ；除息日 2025 年 3 月 7 日（场内） 2025 年 3 月 6 日（场外）
SSE_508026_20250430_D7UC,508026,2025-04-30,关于嘉实中国电建清洁能源封闭式基础设施证券投资基金收益分配的公告,https://www.sse.com.cn/disclosure/fund/announcement/c/new/2025-04-30/508026_20250430_D7UC.pdf,2026-09-05T06:03:01.006677+00:00,932d2e440d6e7d45fb3c204dd82a3bc030ceaf9b7d03b1b52ba3ffb2f608ff26,259247.0,success,,2025-05-08 00:00:00,0.09,0.9,本次分红方案（单位：元/10 0.9000 份公募 REITs 份额） ；除息日 2025 年 5 月 8 日（场内） 2025 年 5 月 7 日（场外）
SSE_508026_20250929_7N76,508026,2025-09-29,关于嘉实中国电建清洁能源封闭式基础设施证券投资基金收益分配的公告,https://www.sse.com.cn/disclosure/fund/announcement/c/new/2025-09-29/508026_20250929_7N76.pdf,2026-09-05T06:03:01.070589+00:00,8a056e3e1bbb40ef7374f70bb72fc183f19e6522947f098ce4621236511010e4,270614.0,success,,2025-10-10 00:00:00,0.08,0.8,本次分红方案（单位：元/10 0.8000 份公募 REITs 份额） ；除息日 2025 年 10 月 10 日（场内） 2025 年 10 月 9 日（场外）
SSE_508026_20260422_7LYZ,508026,2026-04-22,关于嘉实中国电建清洁能源封闭式基础设施证券投资基金收益分配的公告,https://www.sse.com.cn/disclosure/fund/announcement/c/new/2026-04-22/508026_20260422_7LYZ.pdf,2026-09-05T06:03:01.186957+00:00,00f40222c9ae4936453bfddc8308e1a9153c91eaa3305587a92b8b34153cbcba,258847.0,success,,2026-04-27 00:00:00,0.129,1.29,本次分红方案（单位：元/10 1.2900 份公募 REITs 份额） ；除息日 2026 年 4 月 27 日（场内） 2026 年 4 月 24 日（场外）
SSE_508027_20230413_QYFN,508027,2023-04-13,东吴基金管理有限公司关于东吴苏州工业园区产业园封闭式基础设施证券投资基金二零二二年收益分配的公告,https://www.sse.com.cn/disclosure/fund/announcement/c/new/2023-04-13/508027_20230413_QYFN.pdf,2026-09-05T06:03:01.326129+00:00,bba48140494dcfa9851bcdbcc3b5a6428ec6024fb156cf8e84f5100c5f07d7b0,155359.0,success,,2023-04-18 00:00:00,0.17754,1.7754,本次分红方案（单位：元/10 1.7754 份基金份额） ；除息日 场外：2023 年 4 月 17 日 场内：2023 年 4 月 18 日
SSE_508048_20250905_Z3DM,508048,2025-09-05,关于华安外高桥仓储物流封闭式基础设施证券投资基金分红的公告,https://www.sse.com.cn/disclosure/fund/announcement/c/new/2025-09-05/508048_20250905_Z3DM.pdf,2026-09-05T06:03:04.290068+00:00,0758157d0fa673a3f8ef573588467553ea5b33d7c631c0f9b78d643cb5ba5904,133448.0,success,,2025-09-10 00:00:00,0.1127499999999999,1.1275,本次分红方案（单位：元/10 1.1275 份基金份额） ；除息日 2025 年 9 月 10 日（场内） 2025 年 9 月 9 日（场外）
SSE_508048_20260424_LFX4,508048,2026-04-24,关于华安外高桥仓储物流封闭式基础设施证券投资基金分红的公告,https://www.sse.com.cn/disclosure/fund/announcement/c/new/2026-04-24/508048_20260424_LFX4.pdf,2026-09-05T06:03:04.354100+00:00,d1cf15004a8779fe752c8b4de856dd5d0d66cfe1d5630d522803b4d390e6864b,134090.0,success,,2026-04-29 00:00:00,0.0699999999999999,0.7,本次分红方案（单位：元/10 0.7000 份基金份额） ；除息日 2026 年 4 月 29 日（场内） 2026 年 4 月 28 日（场外）
SSE_508056_20230831_JRL5,508056,2023-08-31,中金基金管理有限公司关于中金普洛斯仓储物流封闭式基础设施证券投资基金2023年第二次分红公告,https://www.sse.com.cn/disclosure/fund/announcement/c/new/2023-08-31/508056_20230831_JRL5.pdf,2026-09-05T06:03:04.472722+00:00,d18bda88196b310ff5ce03e1699ecb392451ac84814b9b5a2ebfe91e3ddb643a,352434.0,success,,2023-09-05 00:00:00,0.08423,0.8423,本次分红方案（单位：元/10 0.8423 份基金份额） ；除息日 场外：2023 年 9 月 4 日 场内：2023 年 9 月 5 日
SSE_508056_20231216_CYQ6,508056,2023-12-16,中金基金管理有限公司关于中金普洛斯仓储物流封闭式基础设施证券投资基金2023年第三次分红公告,https://www.sse.com.cn/disclosure/fund/announcement/c/new/2023-12-16/508056_20231216_CYQ6.pdf,2026-09-05T06:03:04.514155+00:00,abe6ed5c4ad864ff729269942809cec874ff987c999e47fc19e06c7b2eecbac9,366798.0,success,,2023-12-21 00:00:00,0.0424999999999999,0.425,本次分红方案（单位：元/10 0.4250 份基金份额） ；除息日 场外：2023 年 12 月 20 日 场内：2023 年 12 月 21 日 第 2 页 共4 页 中金基金管理有限公司关于中金普洛斯仓储物流封闭式基础设施证券投资基金 2023 年第三次分红公告
SSE_508056_20240329_O7ZA,508056,2024-03-29,中金基金管理有限公司关于中金普洛斯仓储物流封闭式基础设施证券投资基金2024年第一次分红公告,https://www.sse.com.cn/disclosure/fund/announcement/c/new/2024-03-29/508056_20240329_O7ZA.pdf,2026-09-05T06:03:04.645081+00:00,4824c5fe059bcbb97620ab1e979bfbb6a356938573d43d698071df806d91c67e,369598.0,success,,2024-04-03 00:00:00,0.05405,0.5405,本次分红方案（单位：元/10 0.5405 份基金份额） ；除息日 场外：2024 年 4 月 2 日 场内：2024 年 4 月 3 日
SSE_508056_20240730_U2YM,508056,2024-07-30,中金基金管理有限公司关于中金普洛斯仓储物流封闭式基础设施证券投资基金2024年第二次分红公告,https://www.sse.com.cn/disclosure/fund/announcement/c/new/2024-07-30/508056_20240730_U2YM.pdf,2026-09-05T06:03:04.656772+00:00,74bee08923d3800c00fefa087fbd6a1ac6e82a68a33bdc371b07066274355de4,369059.0,success,,2024-08-02 00:00:00,0.0458299999999999,0.4583,本次分红方案（单位：元/10 0.4583 份基金份额） ；除息日 场外：2024 年 8 月 1 日 场内：2024 年 8 月 2 日 第 2 页 共4 页 中金基金管理有限公司关于中金普洛斯仓储物流封闭式基础设施证券投资基金 2024 年第二次分红公告
SSE_508056_20241025_0X9Z,508056,2024-10-25,中金基金管理有限公司关于中金普洛斯仓储物流封闭式基础设施证券投资基金2024年第三次分红公告,https://www.sse.com.cn/disclosure/fund/announcement/c/new/2024-10-25/508056_20241025_0X9Z.pdf,2026-09-05T06:03:04.715511+00:00,ed8e124a294df023566de3ff0b8d31f7a4c171214d6c91dc4c33333c54ce9ca5,371212.0,success,,2024-10-30 00:00:00,0.04413,0.4413,本次分红方案（单位：元/10 0.4413 份基金份额） ；除息日 场外：2024 年 10 月 29 日 场内：2024 年 10 月 30 日
SSE_508056_20241227_W6VY,508056,2024-12-27,中金基金管理有限公司关于中金普洛斯仓储物流封闭式基础设施证券投资基金2024年第四次分红公告,https://www.sse.com.cn/disclosure/fund/announcement/c/new/2024-12-27/508056_20241227_W6VY.pdf,2026-09-05T06:03:04.809648+00:00,3080619b369ac78b2741dfd5aec9e36b4f9a4be0bff37613ceb56ba6a3be107f,371665.0,success,,2025-01-02 00:00:00,0.04547,0.4547,本次分红方案（单位：元/10 0.4547 份基金份额） ；除息日 场外：2024 年 12 月 31 日 场内：2025 年 1 月 2 日
SSE_508056_20250328_VHCG,508056,2025-03-28,中金基金管理有限公司关于中金普洛斯仓储物流封闭式基础设施证券投资基金2025年第一次分红公告,https://www.sse.com.cn/disclosure/fund/announcement/c/new/2025-03-28/508056_20250328_VHCG.pdf,2026-09-05T06:03:04.962174+00:00,7afd0314e19d700d42974f2eb7e2b5a1715f04db45345832508e54cec7b629f5,371615.0,success,,2025-04-02 00:00:00,0.0495,0.495,本次分红方案（单位：元/10 0.4950 份基金份额） ；除息日 场外：2025 年 4 月 1 日 场内：2025 年 4 月 2 日
SSE_508056_20250718_L4HD,508056,2025-07-18,中金基金管理有限公司关于中金普洛斯仓储物流封闭式基础设施证券投资基金2025年第二次分红公告,https://www.sse.com.cn/disclosure/fund/announcement/c/new/2025-07-18/508056_20250718_L4HD.pdf,2026-09-05T06:03:04.991701+00:00,7b408ab0263d671376c8eb061517fd30c159a2d84c3e422851e287cfefda5098,371473.0,success,,2025-07-23 00:00:00,0.04059,0.4059,本次分红方案（单位：元/10 0.4059 份基金份额） ；除息日 场外：2025 年 7 月 22 日 场内：2025 年 7 月 23 日
SSE_508056_20251028_S8A9,508056,2025-10-28,中金基金管理有限公司关于中金普洛斯仓储物流封闭式基础设施证券投资基金2025年第三次分红公告,https://www.sse.com.cn/disclosure/fund/announcement/c/new/2025-10-28/508056_20251028_S8A9.pdf,2026-09-05T06:03:05.052181+00:00,b64dd55f3401f102cae2e61afdb48d521fb4df6e2685ef1ac9753479c9247495,371256.0,success,,2025-10-31 00:00:00,0.04318,0.4318,本次分红方案（单位：元/10 0.4318 份基金份额） ；除息日 场外：2025 年 10 月 30 日 场内：2025 年 10 月 31 日
SSE_508056_20251225_7W42,508056,2025-12-25,中金基金管理有限公司关于中金普洛斯仓储物流封闭式基础设施证券投资基金2025年第四次分红公告,https://www.sse.com.cn/disclosure/fund/announcement/c/new/2025-12-25/508056_20251225_7W42.pdf,2026-09-05T06:03:05.162093+00:00,3657a6c8d8749e4ae601cc7d9949170df8fbfccd4022834436fa94ab31303808,371008.0,success,,2025-12-30 00:00:00,0.04335,0.4335,本次分红方案（单位：元/10 0.4335 份基金份额） ；除息日 场外：2025 年 12 月 29 日 场内：2025 年 12 月 30 日
SSE_508068_20230413_3N23,508068,2023-04-13,华夏基金管理有限公司关于华夏北京保障房中心租赁住房封闭式基础设施证券投资基金收益分配的公告,https://www.sse.com.cn/disclosure/fund/announcement/c/new/2023-04-13/508068_20230413_3N23.pdf,2026-09-05T06:03:05.707291+00:00,1a317d609c6ca627bf2cc44f49da2899ad781dba90fda6cb6e1ac6e96346dc6d,103842.0,success,,2023-04-19 00:00:00,0.03825,0.3825,本次分红方案（单位：元/10 0.3825 份公募REITs份额） ；除息日 2023年4月19日（场内） 2023年4月18日（场外）
SSE_508068_20231011_TS8P,508068,2023-10-11,华夏基金管理有限公司关于华夏北京保障房中心租赁住房封闭式基础设施证券投资基金收益分配的公告,https://www.sse.com.cn/disclosure/fund/announcement/c/new/2023-10-11/508068_20231011_TS8P.pdf,2026-09-05T06:03:05.870649+00:00,e06581386fe0a26b19bebe6ee300a5d22b4165e2fa4aedf77595984f9ed78ea9,103463.0,success,,2023-10-16 00:00:00,0.05504,0.5504,本次分红方案（单位：元/10 0.5504 份公募REITs份额） ；除息日 2023年10月16日（场内） 2023年10月13日（场外）
SSE_508068_20240419_9GY9,508068,2024-04-19,华夏基金管理有限公司关于华夏北京保障房中心租赁住房封闭式基础设施证券投资基金收益分配的公告,https://www.sse.com.cn/disclosure/fund/announcement/c/new/2024-04-19/508068_20240419_9GY9.pdf,2026-09-05T06:03:05.965375+00:00,88ed75c9a4945015445b688fcbf6bba4a85d0d07eadec458170fe3a22610aaeb,103224.0,success,,2024-04-24 00:00:00,0.05506,0.5506,本次分红方案（单位：元/10 0.5506 份公募REITs份额） ；除息日 2024年4月24日（场内） 2024年4月23日（场外）
SSE_508068_20240910_GOJS,508068,2024-09-10,华夏基金管理有限公司关于华夏北京保障房中心租赁住房封闭式基础设施证券投资基金收益分配的公告,https://www.sse.com.cn/disclosure/fund/announcement/c/new/2024-09-10/508068_20240910_GOJS.pdf,2026-09-05T06:03:06.138704+00:00,04b11a95698b8158f367dd3317cc2342d49753a4c24503a8e43dedeaeb0c6797,102020.0,success,,2024-09-13 00:00:00,0.05366,0.5366,本次分红方案（单位：元/10 0.5366 份公募REITs份额） ；除息日 2024年9月13日（场内） 2024年9月12日（场外）
SSE_508068_20250508_G13O,508068,2025-05-08,华夏基金管理有限公司关于华夏北京保障房中心租赁住房封闭式基础设施证券投资基金收益分配的公告,https://www.sse.com.cn/disclosure/fund/announcement/c/new/2025-05-08/508068_20250508_G13O.pdf,2026-09-05T06:03:06.193347+00:00,66d51086af89f083b9fcaead4beb9997f0d19ea5a3953a1001c48d5e7a5252f6,326987.0,success,,2025-05-13 00:00:00,0.05404,0.5404,本次分红方案（单位：元/10 0.5404 份公募REITs份额） ；除息日 2025年5月13日（场内） 2025年5月12日（场外）
SSE_508068_20260513_2QMJ,508068,2026-05-13,华夏基金管理有限公司关于华夏北京保障房中心租赁住房封闭式基础设施证券投资基金收益分配的公告,https://www.sse.com.cn/disclosure/fund/announcement/c/new/2026-05-13/508068_20260513_2QMJ.pdf,2026-09-05T06:03:06.193999+00:00,f832d81b730aeca281a5d6836fcd3d31658a7b39cfcf6ddd1fd45745bd6a81fe,224332.0,success,,2026-05-18 00:00:00,0.06,0.6,本次分红方案（单位：元/10 0.6000 份公募REITs份额） ；除息日 2026年5月18日（场内） 2026年5月15日（场外）
SSE_508069_20250709_01QL,508069,2025-07-09,华夏基金管理有限公司关于华夏南京交通高速公路封闭式基础设施证券投资基金收益分配的公告,https://www.sse.com.cn/disclosure/fund/announcement/c/new/2025-07-09/508069_20250709_01QL.pdf,2026-09-05T06:03:06.281564+00:00,d8b5ee2e15afa204cbb04d99987a5ded8ff3fb248f748c8cfd7da4dd4ad9c958,329174.0,success,,2025-07-14 00:00:00,0.1365,1.365,本次分红方案（单位：元/10 1.3650 份公募REITs份额） ；除息日 2025年7月14日（场内） 2025年7月11日（场外）
SSE_508069_20251126_1OO1,508069,2025-11-26,华夏基金管理有限公司关于华夏南京交通高速公路封闭式基础设施证券投资基金收益分配的公告,https://www.sse.com.cn/disclosure/fund/announcement/c/new/2025-11-26/508069_20251126_1OO1.pdf,2026-09-05T06:03:06.395399+00:00,9ba5cac299b7a0507a65def942248af27eb0f943182b9f292c289636357a2e32,329129.0,success,,2025-12-01 00:00:00,0.1355,1.355,本次分红方案（单位：元/10 1.3550 份公募REITs份额） ；除息日 2025年12月1日（场内） 2025年11月28日（场外）
SSE_508077_20230817_04KP,508077,2023-08-17,华夏基金管理有限公司关于华夏基金华润有巢租赁住房封闭式基础设施证券投资基金收益分配的公告,https://www.sse.com.cn/disclosure/fund/announcement/c/new/2023-08-17/508077_20230817_04KP.pdf,2026-09-05T06:03:06.416483+00:00,b5b1f8d3170527bc932e973e9ea843740f1e498f64fdb38e962a7d0ad4fa2993,174709.0,success,,2023-08-22 00:00:00,0.07846,0.7846,本次分红方案（单位：元/10 0.7846 份公募REITs份额） ；除息日 2023年8月22日（场内） 2023年8月21日（场外）
SSE_508077_20240515_I90S,508077,2024-05-15,华夏基金管理有限公司关于华夏基金华润有巢租赁住房封闭式基础设施证券投资基金收益分配的公告,https://www.sse.com.cn/disclosure/fund/announcement/c/new/2024-05-15/508077_20240515_I90S.pdf,2026-09-05T06:03:06.502299+00:00,4c1e1c6a000acecf4dc8f7c0772839433c1ef0302ea9b327d4ec070d8996e2ea,224584.0,success,,2024-05-20 00:00:00,0.0243999999999999,0.244,本次分红方案（单位：元/10 0.2440 份公募REITs份额） ；除息日 2024年5月20日（场内） 2024年5月17日（场外）
SSE_508077_20240801_R4VA,508077,2024-08-01,华夏基金管理有限公司关于华夏基金华润有巢租赁住房封闭式基础设施证券投资基金收益分配的公告,https://www.sse.com.cn/disclosure/fund/announcement/c/new/2024-08-01/508077_20240801_R4VA.pdf,2026-09-05T06:03:06.595261+00:00,8ea3bca2848570b5e1db3413dfadd524033fccabf5a91112fd92c8101c329d0d,225021.0,success,,2024-08-06 00:00:00,0.02442,0.2442,本次分红方案（单位：元/10 0.2442 份公募REITs份额） ；除息日 2024年8月6日（场内） 2024年8月5日（场外）
SSE_508077_20241114_092W,508077,2024-11-14,华夏基金管理有限公司关于华夏基金华润有巢租赁住房封闭式基础设施证券投资基金收益分配的公告,https://www.sse.com.cn/disclosure/fund/announcement/c/new/2024-11-14/508077_20241114_092W.pdf,2026-09-05T06:03:06.661950+00:00,c705da287af9fbb380998e4ee62ace438a6954fd81a44ae09fac9d58c710018a,224193.0,success,,2024-11-19 00:00:00,0.02463,0.2463,本次分红方案（单位：元/10 0.2463 份公募REITs份额） ；除息日 2024年11月19日（场内） 2024年11月18日（场外）
SSE_508077_20250516_23FW,508077,2025-05-16,华夏基金管理有限公司关于华夏基金华润有巢租赁住房封闭式基础设施证券投资基金收益分配的公告,https://www.sse.com.cn/disclosure/fund/announcement/c/new/2025-05-16/508077_20250516_23FW.pdf,2026-09-05T06:03:06.741730+00:00,7b814238f7f13ae2a691a6d353e8a10f220e750a5bf83df64c76f3161ba355ff,326996.0,success,,2025-05-21 00:00:00,0.0242,0.242,本次分红方案（单位：元/10 0.2420 份公募REITs份额） ；除息日 2025年5月21日（场内） 2025年5月20日（场外）
SSE_508077_20250808_8T9R,508077,2025-08-08,华夏基金管理有限公司关于华夏基金华润有巢租赁住房封闭式基础设施证券投资基金收益分配的公告,https://www.sse.com.cn/disclosure/fund/announcement/c/new/2025-08-08/508077_20250808_8T9R.pdf,2026-09-05T06:03:06.772901+00:00,67509f5ea2b79d203a06f3614db831b1bc89d910130c33b72e3ce8c27ffc303a,327071.0,success,,2025-08-13 00:00:00,0.02446,0.2446,本次分红方案（单位：元/10 0.2446 份公募REITs份额） ；除息日 2025年8月13日（场内） 2025年8月12日（场外）
SSE_508077_20251112_B5V3,508077,2025-11-12,华夏基金管理有限公司关于华夏基金华润有巢租赁住房封闭式基础设施证券投资基金收益分配公告,https://www.sse.com.cn/disclosure/fund/announcement/c/new/2025-11-12/508077_20251112_B5V3.pdf,2026-09-05T06:03:07.001549+00:00,ad434cd9f5395fef323c44788e02f0e545fc7fee103b33e580c782bdadfea4f8,322030.0,success,,2025-11-17 00:00:00,0.02475,0.2475,本次分红方案（单位：元/10 0.2475 份公募REITs份额） ；除息日 2025年11月17日（场内） 2025年11月14日（场外）
SSE_508077_20260520_19BV,508077,2026-05-20,华夏基金管理有限公司关于华夏基金华润有巢租赁住房封闭式基础设施证券投资基金收益分配的公告,https://www.sse.com.cn/disclosure/fund/announcement/c/new/2026-05-20/508077_20260520_19BV.pdf,2026-09-05T06:03:07.055514+00:00,eeff120e34f27adc26ae9c5610a3fba5ed0533e2464b71b98e2986415d608fcb,329445.0,success,,2026-05-25 00:00:00,0.02378,0.2378,本次分红方案（单位：元/10 0.2378 份公募REITs份额） ；除息日 2026年5月25日（场内） 2026年5月22日（场外）
SSE_508077_20260819_59D6,508077,2026-08-19,华夏基金管理有限公司关于华夏基金华润有巢租赁住房封闭式基础设施证券投资基金收益分配的公告,https://www.sse.com.cn/disclosure/fund/announcement/c/new/2026-08-19/508077_20260819_59D6.pdf,2026-09-05T06:03:07.294392+00:00,98833a63a003d2fdf40a22be867dc86e93fc8da71e2d44b6db11f2d4d2aa7935,326097.0,success,,2026-08-24 00:00:00,0.02402,0.2402,本次分红方案（单位：元/10 0.2402 份公募REITs份额） ；除息日 2026年8月24日（场内） 2026年8月21日（场外）
SSE_508078_20250530_EBST,508078,2025-05-30,中航基金管理有限公司关于中航易商仓储物流封闭式基础设施证券投资基金分红的公告,https://www.sse.com.cn/disclosure/fund/announcement/c/new/2025-05-30/508078_20250530_EBST.pdf,2026-09-05T06:03:07.405887+00:00,2c769465c7fd7510c4f2f7ef6830c6b2e8d40ee57688876a758288890a5b57cc,154160.0,success,,2025-06-05 00:00:00,0.06563,0.6563,本次分红方案（单位：元/10 0.6563 份基金份额） ；除息日 2025 年 6 月 5 日（场内） 2025 年 6 月 4 日（场外）
SSE_508078_20251112_7H6Z,508078,2025-11-12,中航基金管理有限公司关于中航易商仓储物流封闭式基础设施证券投资基金分红的公告,https://www.sse.com.cn/disclosure/fund/announcement/c/new/2025-11-12/508078_20251112_7H6Z.pdf,2026-09-05T06:03:07.488285+00:00,68719a23e6de75e0d8313d85e84b09fa5ae9fcd79b960e0320e5b285ed063c11,116291.0,success,,2025-11-17 00:00:00,0.06771,0.6771,本次分红方案（单位：元/10 0.6771 份基金份额） ；除息日 2025 年 11 月 17 日（场内） 2025 年 11 月 14 日（场外）
SSE_508086_20241226_2MGP,508086,2024-12-26,工银瑞信基金管理有限公司关于工银瑞信河北高速集团高速公路封闭式基础设施证券投资基金分红的公告,https://www.sse.com.cn/disclosure/fund/announcement/c/new/2024-12-26/508086_20241226_2MGP.pdf,2026-09-05T06:03:07.729721+00:00,9be84fa524c1c6d7e4c70c2a0197ed6c4094e75a32ff4f5b46611cc2929ada1d,107215.0,success,,2024-12-31 00:00:00,0.185,1.85,本次分红方案（单位：元/10 1.850 份基金份额） ；除息日 2024 年 12 月 31 日 （场内） 2024 年 12 月 30 日（场外）
SSE_508086_20250730_YV6R,508086,2025-07-30,工银瑞信基金管理有限公司关于工银瑞信河北高速集团高速公路封闭式基础设施证券投资基金分红的公告,https://www.sse.com.cn/disclosure/fund/announcement/c/new/2025-07-30/508086_20250730_YV6R.pdf,2026-09-05T06:03:07.838658+00:00,b509dab2f54d8eeba77801da5444b8bd3edfeff63ff409f0ad1999ecd6c1d191,263802.0,success,,2025-08-04 00:00:00,0.13,1.3,本次分红方案（单位：元/10 1.300 份基金份额） ；除息日 2025 年 8 月 4 日（场内） 2025 年 8 月 1 日（场外）
SSE_508086_20250922_EKGO,508086,2025-09-22,工银瑞信基金管理有限公司关于工银瑞信河北高速集团高速公路封闭式基础设施证券投资基金分红的公告,https://www.sse.com.cn/disclosure/fund/announcement/c/new/2025-09-22/508086_20250922_EKGO.pdf,2026-09-05T06:03:07.915556+00:00,96411cb788cec8752603c4b0ad8bc48bccef8e450ca78363c7accf30e1c96d72,261652.0,success,,2025-09-25 00:00:00,0.106,1.06,本次分红方案（单位：元/10 1.060 份基金份额） ；除息日 2025 年 9 月 25 日（场内） 2025 年 9 月 24 日（场外）
SSE_508086_20251222_8W87,508086,2025-12-22,工银瑞信基金管理有限公司关于工银瑞信河北高速集团高速公路封闭式基础设施证券投资基金分红的公告,https://www.sse.com.cn/disclosure/fund/announcement/c/new/2025-12-22/508086_20251222_8W87.pdf,2026-09-05T06:03:08.054128+00:00,c5045e9a91aa32c40529516603fb1ac69bee882e820e3033b02ef312a538989f,262030.0,success,,2025-12-25 00:00:00,0.135,1.35,本次分红方案（单位：元/10 1.350 份基金份额） ；除息日 2025 年 12 月 25 日（场内） 2025 年 12 月 24 日（场外）
SSE_508086_20260624_O83J,508086,2026-06-24,工银瑞信基金管理有限公司关于工银瑞信河北高速集团高速公路封闭式基础设施证券投资基金分红的公告,https://www.sse.com.cn/disclosure/fund/announcement/c/new/2026-06-24/508086_20260624_O83J.pdf,2026-09-05T06:03:08.150963+00:00,41d1bda0d3532b206aa3be6ca9a9193d1cc1c58e2236c7b9673b363cee0c3a27,231813.0,success,,2026-06-29 00:00:00,0.102,1.02,本次分红方案（单位：元/10 1.020 份基金份额） ；除息日 2026 年 6 月 29 日（场内） 2026 年 6 月 26 日（场外）
SSE_508086_20260819_U77Q,508086,2026-08-19,工银瑞信基金管理有限公司关于工银瑞信河北高速集团高速公路封闭式基础设施证券投资基金分红的公告,https://www.sse.com.cn/disclosure/fund/announcement/c/new/2026-08-19/508086_20260819_U77Q.pdf,2026-09-05T06:03:08.151937+00:00,4c6fe7ad381ff0ce60d226a235f6fa1b5ba50af2e54366b841a868975fcc9c70,231588.0,success,,2026-08-24 00:00:00,0.0819999999999999,0.82,本次分红方案（单位：元/10 0.820 份基金份额） ；除息日 2026 年 8 月 24 日（场内） 2026 年 8 月 21 日（场外）
SSE_508089_20241210_CUYG,508089,2024-12-10,华夏基金管理有限公司关于华夏特变电工新能源封闭式基础设施证券投资基金收益分配的公告,https://www.sse.com.cn/disclosure/fund/announcement/c/new/2024-12-10/508089_20241210_CUYG.pdf,2026-09-05T06:03:08.748830+00:00,1f80ff488bcde544d0a82e8070aaa4b524184ee9c57c534296da771d7c309365,213147.0,success,,2024-12-13 00:00:00,0.23273,2.3273,本次分红方案（单位：元/10 2.3273 份公募REITs份额） ；除息日 2024年12月13日（场内） 2024年12月12日（场外）
SSE_508089_20250626_SDHM,508089,2025-06-26,华夏基金管理有限公司关于华夏特变电工新能源封闭式基础设施证券投资基金收益分配的公告,https://www.sse.com.cn/disclosure/fund/announcement/c/new/2025-06-26/508089_20250626_SDHM.pdf,2026-09-05T06:03:08.854642+00:00,0120f8d43ec0ab605ddc976f4257b41f40ecd42d23b67fec9577eeb0a43fba01,330139.0,success,,2025-07-01 00:00:00,0.0802,0.802,本次分红方案（单位：元/10 0.8020 份公募REITs份额） ；除息日 2025年7月1日（场内） 2025年6月30日（场外）
SSE_508089_20250910_WSQI,508089,2025-09-10,华夏基金管理有限公司关于华夏特变电工新能源封闭式基础设施证券投资基金收益分配的公告,https://www.sse.com.cn/disclosure/fund/announcement/c/new/2025-09-10/508089_20250910_WSQI.pdf,2026-09-05T06:03:08.928108+00:00,26456c17f34e5164e3cfb7fa3e5419d2c1af16875f012fdab5ead54fe3108279,336633.0,success,,2025-09-15 00:00:00,0.2124,2.124,本次分红方案（单位：元/10 2.1240 份公募REITs份额） ；除息日 2025年9月15日（场内） 2025年9月12日（场外）
SSE_508089_20260423_6ZL7,508089,2026-04-23,华夏基金管理有限公司关于华夏特变电工新能源封闭式基础设施证券投资基金收益分配的公告,https://www.sse.com.cn/disclosure/fund/announcement/c/new/2026-04-23/508089_20260423_6ZL7.pdf,2026-09-05T06:03:09.155954+00:00,afdb33bf2d3b0b4d75e1b4218cc16fcd021ebb3e9cae6854d8b8d3993445a535,340283.0,success,,2026-04-28 00:00:00,0.1858,1.858,本次分红方案（单位：元/10 1.8580 份公募REITs份额） ；除息日 2026年4月28日（场内） 2026年4月27日（场外）
SSE_508089_20260603_Q8UC,508089,2026-06-03,华夏基金管理有限公司关于华夏特变电工新能源封闭式基础设施证券投资基金收益分配的公告,https://www.sse.com.cn/disclosure/fund/announcement/c/new/2026-06-03/508089_20260603_Q8UC.pdf,2026-09-05T06:03:09.172516+00:00,65625e776b0cb3eb949621b1b11fa82ceb990a6dfacef3c20af071d9ba61abc1,338400.0,success,,2026-06-08 00:00:00,0.1533,1.533,本次分红方案（单位：元/10 1.5330 份公募REITs份额） ；除息日 2026年6月8日（场内） 2026年6月5日（场外）
SSE_508091_20260821_PZKV,508091,2026-08-21,华夏基金管理有限公司关于华夏凯德消费封闭式基础设施证券投资基金收益分配的公告,https://www.sse.com.cn/disclosure/fund/announcement/c/new/2026-08-21/508091_20260821_PZKV.pdf,2026-09-05T06:03:09.288569+00:00,e0be4ce696172933f7a9a91c23f3205253746cf967b840188a42bd372e2326e6,100030.0,success,,2026-08-26 00:00:00,0.13258,1.3258,本次分红方案（单位：元/10 1.3258 份公募REITs份额） ；除息日 2026年8月26日（场内） 2026年8月25日（场外）
SSE_508092_20251119_RLJA,508092,2025-11-19,华夏基金管理有限公司关于华夏金隅智造工场产业园封闭式基础设施证券投资基金收益分配的公告,https://www.sse.com.cn/disclosure/fund/announcement/c/new/2025-11-19/508092_20251119_RLJA.pdf,2026-09-05T06:03:09.374386+00:00,c485c02aefad474224dc53f2bb7939d8459aa2c3cdf338fa5d24f5f4f0c34ed1,226089.0,success,,2025-11-24 00:00:00,0.04987,0.4987,本次分红方案（单位：元/10 0.4987 份公募REITs份额） ；除息日 2025年11月24日（场内） 2025年11月21日（场外）
SSE_508092_20260227_VUUG,508092,2026-02-27,华夏基金管理有限公司关于华夏金隅智造工场产业园封闭式基础设施证券投资基金收益分配的公告,https://www.sse.com.cn/disclosure/fund/announcement/c/new/2026-02-27/508092_20260227_VUUG.pdf,2026-09-05T06:03:09.401749+00:00,a0add338d51d3fd3612949586b65d785fe7ad4610ed49c5e3dcefc6c30491857,330222.0,success,,2026-03-04 00:00:00,0.04989,0.4989,本次分红方案（单位：元/10 0.4989 份公募REITs份额） ；除息日 2026年3月4日（场内） 2026年3月3日（场外）
SSE_508092_20260820_ZNA2,508092,2026-08-20,华夏基金管理有限公司关于华夏金隅智造工场产业园封闭式基础设施证券投资基金收益分配的公告,https://www.sse.com.cn/disclosure/fund/announcement/c/new/2026-08-20/508092_20260820_ZNA2.pdf,2026-09-05T06:03:09.713976+00:00,34b5248f545435c27ea7d2021c55a9a9095fc195ab7decfe04b1e3cf343dcd0d,226093.0,success,,2026-08-25 00:00:00,0.04918,0.4918,本次分红方案（单位：元/10 0.4918 份公募REITs份额） ；除息日 2026年8月25日（场内） 2026年8月24日（场外）
SSE_508098_20231124_QBOK,508098,2023-11-24,嘉实基金管理有限公司关于嘉实京东仓储物流封闭式基础设施证券投资基金收益分配的公告,https://www.sse.com.cn/disclosure/fund/announcement/c/new/2023-11-24/508098_20231124_QBOK.pdf,2026-09-05T06:03:09.963176+00:00,d34cd0d24f2e4408ab102cea63ed49d8a610f4dcb51e261c06a72a5d9beeac98,248820.0,success,,2023-11-29 00:00:00,0.0659,0.659,本次分红方案（单位：元/10 0.6590 份公募 REITs 份额） ；除息日 2023 年 11 月 29 日（场内） 2023 年 11 月 28 日（场外）
SSE_508098_20240207_H99Y,508098,2024-02-07,嘉实基金管理有限公司关于嘉实京东仓储物流封闭式基础设施证券投资基金收益分配的公告,https://www.sse.com.cn/disclosure/fund/announcement/c/new/2024-02-07/508098_20240207_H99Y.pdf,2026-09-05T06:03:10.131212+00:00,19c79a720ec9d3a418072dbad1daca501c2b5be3ab71d325e8a509f477128a27,191230.0,success,,2024-02-20 00:00:00,0.05042,0.5042,本次分红方案（单位：元/10 0.5042 份公募 REITs 份额） ；除息日 2024 年 2 月 20 日（场内） 2024 年 2 月 19 日（场外）
SSE_508098_20240429_JEGA,508098,2024-04-29,嘉实基金管理有限公司关于嘉实京东仓储物流封闭式基础设施证券投资基金收益分配的公告,https://www.sse.com.cn/disclosure/fund/announcement/c/new/2024-04-29/508098_20240429_JEGA.pdf,2026-09-05T06:03:10.176721+00:00,9e5ef1b905e92e4febe73fb569f91caf983324f9091477fe2212168559bd93d6,203559.0,success,,2024-05-07 00:00:00,0.0688999999999999,0.689,本次分红方案（单位：元/10 0.6890 份公募 REITs 份额） ；除息日 2024 年 5 月 7 日（场内） 2024 年 5 月 6 日（场外）
SSE_508098_20240808_M9NA,508098,2024-08-08,嘉实基金管理有限公司关于嘉实京东仓储物流封闭式基础设施证券投资基金收益分配的公告,https://www.sse.com.cn/disclosure/fund/announcement/c/new/2024-08-08/508098_20240808_M9NA.pdf,2026-09-05T06:03:10.288940+00:00,2ae8d8f3e4e1bfb960fb525f491650c7d83f7a835beff6bfca0a64c73dfa8bf2,188422.0,success,,2024-08-13 00:00:00,0.04,0.4,本次分红方案（单位：元/10 0.4000 份公募 REITs 份额） ；除息日 2024 年 8 月 13 日（场内） 2024 年 8 月 12 日（场外）
SSE_508098_20241126_VLR4,508098,2024-11-26,关于嘉实京东仓储物流封闭式基础设施证券投资基金收益分配的公告,https://www.sse.com.cn/disclosure/fund/announcement/c/new/2024-11-26/508098_20241126_VLR4.pdf,2026-09-05T06:03:10.367929+00:00,1d51505cae9ef0b8687190aae1fe96eae7c56d0266c6121caf2b283b089e589e,198782.0,success,,2024-11-29 00:00:00,0.048,0.48,本次分红方案（单位：元/10 0.4800 份公募 REITs 份额） ；除息日 2024 年 11 月 29 日（场内） 2024 年 11 月 28 日（场外）
SSE_508098_20250422_GWGP,508098,2025-04-22,关于嘉实京东仓储物流封闭式基础设施证券投资基金收益分配的公告,https://www.sse.com.cn/disclosure/fund/announcement/c/new/2025-04-22/508098_20250422_GWGP.pdf,2026-09-05T06:03:10.378727+00:00,55b69d22af6fd8d50637e831048c488df61fec4bec700ba07f1aa1c52db0376c,186726.0,success,,2025-04-25 00:00:00,0.03,0.3,本次分红方案（单位：元/10 0.3000 份公募 REITs 份额） ；除息日 2025 年 4 月 25 日（场内） 2025 年 4 月 24 日（场外）
SSE_508098_20250710_YLD2,508098,2025-07-10,关于嘉实京东仓储物流封闭式基础设施证券投资基金收益分配的公告,https://www.sse.com.cn/disclosure/fund/announcement/c/new/2025-07-10/508098_20250710_YLD2.pdf,2026-09-05T06:03:10.739363+00:00,51e7b2e17b11c1d69c5e180b6c005cf46eea7fef9ce8305a1b8f397d24afdc03,189070.0,success,,2025-07-15 00:00:00,0.03556,0.3556,本次分红方案（单位：元/10 0.3556 份公募 REITs 份额） ；除息日 2025 年 7 月 15 日（场内） 2025 年 7 月 14 日（场外）
SSE_508098_20250915_A9Y3,508098,2025-09-15,关于嘉实京东仓储物流封闭式基础设施证券投资基金收益分配的公告,https://www.sse.com.cn/disclosure/fund/announcement/c/new/2025-09-15/508098_20250915_A9Y3.pdf,2026-09-05T06:03:11.077688+00:00,6c1a299f0c92e59793a45bf06aa5763eee7a15ca40d34d29edbb4fef90d57a48,187249.0,success,,2025-09-18 00:00:00,0.04007,0.4007,本次分红方案（单位：元/10 0.4007 份公募 REITs 份额） ；除息日 2025 年 9 月 18 日（场内） 2025 年 9 月 17 日（场外）
SSE_508098_20251209_EKE5,508098,2025-12-09,关于嘉实京东仓储物流封闭式基础设施证券投资基金收益分配的公告,https://www.sse.com.cn/disclosure/fund/announcement/c/new/2025-12-09/508098_20251209_EKE5.pdf,2026-09-05T06:03:11.087428+00:00,293aae814b625590a0fac1f859976de7774e24e4a9f15fdda81a036c95006059,197918.0,success,,2025-12-12 00:00:00,0.04005,0.4005,本次分红方案（单位：元/10 0.4005 份公募 REITs 份额） ；除息日 2025 年 12 月 12 日（场内） 2025 年 12 月 11 日（场外）
SSE_508098_20260508_U9L2,508098,2026-05-08,关于嘉实京东仓储物流封闭式基础设施证券投资基金收益分配的公告,https://www.sse.com.cn/disclosure/fund/announcement/c/new/2026-05-08/508098_20260508_U9L2.pdf,2026-09-05T06:03:11.095422+00:00,fe4001c1083fd8e5cadecb17f145bd9672e71574483d12fe4aafade568df9c4f,198158.0,success,,2026-05-13 00:00:00,0.02938,0.2938,本次分红方案（单位：元/10 0.2938 份公募 REITs 份额） ；除息日 2026 年 5 月 13 日（场内） 2026 年 5 月 12 日（场外）
SSE_508098_20260701_W56U,508098,2026-07-01,关于嘉实京东仓储物流封闭式基础设施证券投资基金收益分配的公告,https://www.sse.com.cn/disclosure/fund/announcement/c/new/2026-07-01/508098_20260701_W56U.pdf,2026-09-05T06:03:11.315610+00:00,4d794d0ae54122d8de5016120d6e765823864ac84bb87dbb64a79aea573506a6,199399.0,success,,2026-07-06 00:00:00,0.03602,0.3602,本次分红方案（单位：元/10 0.3602 份公募 REITs 份额） ；除息日 2026 年 7 月 6 日（场内） 2026 年 7 月 3 日（场外）
SSE_508099_20220518_1_YhfsNM7r,508099,2022-05-18,建信基金管理有限责任公司关于建信中关村产业园封闭式基础设施证券投资基金分红的公告,https://www.sse.com.cn/disclosure/fund/announcement/c/new/2022-05-18/508099_20220518_1_YhfsNM7r.pdf,2026-09-05T06:03:11.328005+00:00,f8929bc46e0dc54eb53255880e8b1b2cc702e6a2f53823121eeb67dba33f3c45,233625.0,success,,2022-05-23 00:00:00,0.049,0.49,本次分红方案（单位：元/10 0.4900 份基金份额） 本次分红为本基金 2022 年度第一次分 ；除息日 场外：2022 年 5 月 20 日 场内：2022 年 5 月 23 日
SSE_508099_20230511_8UPX,508099,2023-05-11,建信基金管理有限责任公司关于建信中关村产业园封闭式基础设施证券投资基金分红的公告,https://www.sse.com.cn/disclosure/fund/announcement/c/new/2023-05-11/508099_20230511_8UPX.pdf,2026-09-05T06:03:11.425467+00:00,9d17fa582f79a3b8f8fdd950bebe2978da3fe80e561e75c90ee496c3c0313dd5,334202.0,success,,2023-05-16 00:00:00,0.095,0.95,本次分红方案（单位：元/10 0.9500 份基金份额） 本次分红为本基金 2022 年度第二次分 ；除息日 场外：2023 年 5 月 15 日 场内：2023 年 5 月 16 日
SSE_508099_20230809_E139,508099,2023-08-09,建信基金管理有限责任公司关于建信中关村产业园封闭式基础设施证券投资基金分红的公告,https://www.sse.com.cn/disclosure/fund/announcement/c/new/2023-08-09/508099_20230809_E139.pdf,2026-09-05T06:03:11.590258+00:00,b40d83e5a551ca0b19449d2c71f35a4d24f2d25a6212c912577e1bf19a552a3b,343260.0,success,,2023-08-14 00:00:00,0.049,0.49,本次分红方案（单位：元/10 0.4900 份基金份额） 本次分红为本基金 2023 年度第一次分 ；除息日 场外：2023 年 8 月 11 日 场内：2023 年 8 月 14 日
SSE_508099_20240508_EZX8,508099,2024-05-08,建信基金管理有限责任公司关于建信中关村产业园封闭式基础设施证券投资基金分红的公告,https://www.sse.com.cn/disclosure/fund/announcement/c/new/2024-05-08/508099_20240508_EZX8.pdf,2026-09-05T06:03:11.606221+00:00,f25aa9b744255bd86063cf0293b225f91b97338f9cd088b3c28c7883e1389eaa,448217.0,success,,2024-05-13 00:00:00,0.0409999999999999,0.41,本次分红方案（单位：元/10 0.4100 份基金份额） 本次分红为本基金 2023 年度第二次分 ；除息日 场外：2024 年 5 月 10 日 场内：2024 年 5 月 13 日
SSE_508099_20240926_C65E,508099,2024-09-26,建信基金管理有限责任公司关于建信中关村产业园封闭式基础设施证券投资基金分红,https://www.sse.com.cn/disclosure/fund/announcement/c/new/2024-09-26/508099_20240926_C65E.pdf,2026-09-05T06:03:11.725890+00:00,315f81f120c9f2cbdc330901fefdec0bef7f53e722f938edaf1b1850edd30ae4,361748.0,success,,2024-10-08 00:00:00,0.026,0.26,本次分红方案（单位：元/10 0.260 份基金份额） 本次分红为本基金 2024 年度第一次分 ；除息日 场外：2024 年 9 月 30 日 场内：2024 年 10 月 8 日 场外：2024 年 10 月 9 日 场内：2024 年 10 月 11
SSE_508099_20250331_FW7N,508099,2025-03-31,建信基金管理有限责任公司关于建信中关村产业园封闭式基础设施证券投资基金分红,https://www.sse.com.cn/disclosure/fund/announcement/c/new/2025-03-31/508099_20250331_FW7N.pdf,2026-09-05T06:03:12.018630+00:00,b499e4319e873d96919aa3c2b6546e50e48f5be499bb7bd43ecb1bb108ccd51c,361502.0,success,,2025-04-03 00:00:00,0.02,0.2,本次分红方案（单位：元/10 0.200 份基金份额） 本次分红为本基金 2024 年度第二次分 ；除息日 场外：2025 年 4 月 2 日 场内：2025 年 4 月 3 日
SSE_508099_20250830_EZJE,508099,2025-08-30,建信基金管理有限责任公司关于建信中关村产业园封闭式基础设施证券投资基金分红的公告,https://www.sse.com.cn/disclosure/fund/announcement/c/new/2025-08-30/508099_20250830_EZJE.pdf,2026-09-05T06:03:12.146436+00:00,bb0abb6a7c660188467fe62d5e0082bd7d1a3801a2c472347e92be28b58b1875,363615.0,success,,2025-09-04 00:00:00,0.0178,0.178,本次分红方案（单位：元/10 0.1780 份基金份额） 本次分红为本基金 2025 年度第一次分 ；除息日 场外：2025 年 9 月 3 日 场内：2025 年 9 月 4 日
SSE_508099_20260710_JCZO,508099,2026-07-10,建信基金管理有限责任公司关于建信中关村产业园封闭式基础设施证券投资基金分红的公告,https://www.sse.com.cn/disclosure/fund/announcement/c/new/2026-07-10/508099_20260710_JCZO.pdf,2026-09-05T06:03:12.191477+00:00,8b1a95d617097b42865d19eccb58be36001f4409b3c6cd88554aadf0404b0150,186845.0,success,,2026-07-15 00:00:00,0.0134,0.134,本次分红方案（单位：元/10 0.1340 份基金份额） 本次分红为本基金 2026 年度第一次分 ；除息日 场外：2026 年 7 月 14 日场内：2026 年 7 月 15 日
SSE_508000_20240416_G2TQ,508000,2024-04-16,关于华安张江产业园封闭式基础设施证券投资基金分红的公告,https://www.sse.com.cn/disclosure/fund/announcement/c/new/2024-04-16/508000_20240416_G2TQ.pdf,2026-09-05T06:07:30.968767+00:00,fb6ac8f7ef42b7065e840e656277bcbbb798998a3da810bb988603c6d23dee2a,144360.0,success,,2024-04-19 00:00:00,0.07862,0.7862,本次分红方案（单位： 0.7862 元/10 份基金份额） ；除息日内简称：华安张江产业园 REIT。 3、本次收益分配方案已经基金托管人复核。 4、截止基准日的应分配金额与实际分配金额间可能存在尾差，具体以注册登记机构的规则 为准。 二、 与分红相关的其他信息 权益登记日 2024 年 4 月 18 日 除息日 2024 年 4 月 19 日（场 2024 年 4 月 18 日（场 内） 外）
SSE_508000_20250415_ATW2,508000,2025-04-15,关于华安张江产业园封闭式基础设施证券投资基金分红的公告,https://www.sse.com.cn/disclosure/fund/announcement/c/new/2025-04-15/508000_20250415_ATW2.pdf,2026-09-05T06:07:31.299275+00:00,ea634b1c06452af0a4b38a9c4d2904ff126700c40377099e86d00e9084b219b8,218378.0,success,,2025-04-18 00:00:00,0.06248,0.6248,"本次分红方案（单位： 0.6248 元/10 份基金份额） ；除息日金额与实际分配金额间可能存在尾差，具体以注册登记机 构的规则为准。 5、截止收益分配基准日公募 REITs 尚未分配的可供分配金额为 60,024,204.00 元。 二、 与分红相关的其他信息 权益登记日 2025 年 4 月 17 日 除息日 2025 年 4 月 18 日（场 2025 年 4 月 17 日（场 内） 外）"
SSE_508066_20251217_C59Y,508066,2025-12-17,华泰证券(上海)资产管理有限公司关于华泰紫金江苏交控高速公路封闭式基础设施证券投资基金收益分配的公告,https://www.sse.com.cn/disclosure/fund/announcement/c/new/2025-12-17/508066_20251217_C59Y.pdf,2026-09-05T06:07:48.319708+00:00,56e01378a4647773d1a7b20722455af0da7f5ee107e8224486c73aa30e0fc4d7,367008.0,success,,2025-12-22 00:00:00,0.13895,1.3895,本次分红方案（单位：元/10 份 1.3895 公募 REITs 份额） ；除息日次收益分配基准日可供 分配金额的 99.994%。截止本次收益分配基准日，按照本次分红比例计算的分 配金额与实际分配金额间可能存在尾差，具体以注册登记机构的规则为准。 二、与分红相关的其他信息 权益登记日 2025 年 12 月 19 日 除息日 2025 年 12 月 22 日（场 2025 年 12 月 19 日（场 内） 外）
SSE_508085_20250930_2ESG,508085,2025-09-30,华泰证券(上海)资产管理有限公司关于华泰紫金苏州恒泰租赁住房封闭式基础设施证券投资基金收益分配的公告,https://www.sse.com.cn/disclosure/fund/announcement/c/new/2025-09-30/508085_20250930_2ESG.pdf,2026-09-05T06:07:48.643295+00:00,65e0dbfa8b317aa07da33e96f2fb1907a98fa553327e13538b26edb3c345c03d,979868.0,success,,2025-10-13 00:00:00,0.0323699999999999,0.3237,本次分红方案（单位：元/10 份公 0.3237 募 REITs 份额） ；除息日次收益分配基准日可供分配金额 的 99.974%。截止本次收益分配基准日，按照本次分红比例计算的分配金额与实 际分配金额间可能存在尾差，具体以注册登记机构的规则为准。 二、与分红相关的其他信息 权益登记日 2025 年 10 月 10 日 除息日 2025 年 10 月 13 日（场 2025 年 10 月 10 日（场 内） 外）
SSE_508085_20251217_QHB4,508085,2025-12-17,华泰证券(上海)资产管理有限公司关于华泰紫金苏州恒泰租赁住房封闭式基础设施证券投资基金收益分配的公告,https://www.sse.com.cn/disclosure/fund/announcement/c/new/2025-12-17/508085_20251217_QHB4.pdf,2026-09-05T06:07:49.226365+00:00,a00858d6bbb94908e19baadedffe3ae0cbb74ed3f8670c21657b1095d497fdd2,316088.0,success,,2025-12-22 00:00:00,0.0192,0.192,本次分红方案（单位：元/10 份 0.192 公募 REITs 份额） ；除息日本次收益分配基准日可供分配金额 的 99.93%。截止本次收益分配基准日，按照本次分红比例计算的分配金额与实 际分配金额间可能存在尾差，具体以注册登记机构的规则为准。 二、与分红相关的其他信息 权益登记日 2025 年 12 月 19 日 除息日 2025 年 12 月 22 日（场 2025 年 12 月 19 日（场 内） 外）
SZSE_1222004707,180101,2024-12-13,博时蛇口产园REIT：博时基金管理有限公司关于博时招商蛇口产业园封闭式基础设施证券投资基金收益分配的公告,https://disc.static.szse.cn/disc/disk03/finalpage/2024-12-12/907bf2a8-593d-419b-b7d1-3f2ed0ecfab0.PDF,2026-09-05T06:09:19.872668+00:00,,,failed,403 Client Error: Forbidden for url: https://disc.static.szse.cn/disc/disk03/finalpage/2024-12-12/907bf2a8-593d-419b-b7d1-3f2ed0ecfab0.PDF,,,,
SZSE_1223184082,180101,2025-04-22,博时蛇口产园REIT：博时基金管理有限公司关于博时招商蛇口产业园封闭式基础设施证券投资基金收益分配的公告,https://disc.static.szse.cn/disc/disk03/finalpage/2025-04-21/705fb88d-5ed1-434d-8752-2831f7c2df65.PDF,2026-09-05T06:09:19.975507+00:00,,,failed,403 Client Error: Forbidden for url: https://disc.static.szse.cn/disc/disk03/finalpage/2025-04-21/705fb88d-5ed1-434d-8752-2831f7c2df65.PDF,,,,
SZSE_1224644600,180101,2025-09-09,博时蛇口产园REIT：博时基金管理有限公司关于博时招商蛇口产业园封闭式基础设施证券投资基金收益分配的公告,https://disc.static.szse.cn/disc/disk03/finalpage/2025-09-09/3ce92b69-6ae8-45a1-b53f-c277db5e4c6f.PDF,2026-09-05T06:09:20.051499+00:00,,,failed,403 Client Error: Forbidden for url: https://disc.static.szse.cn/disc/disk03/finalpage/2025-09-09/3ce92b69-6ae8-45a1-b53f-c277db5e4c6f.PDF,,,,
SZSE_1224846173,180101,2025-12-04,博时蛇口产园REIT：博时基金管理有限公司关于博时招商蛇口产业园封闭式基础设施证券投资基金收益分配的公告,https://disc.static.szse.cn/disc/disk03/finalpage/2025-12-04/79e358e1-3bdf-417e-8d80-05531603d5fb.PDF,2026-09-05T06:09:20.120426+00:00,,,failed,403 Client Error: Forbidden for url: https://disc.static.szse.cn/disc/disk03/finalpage/2025-12-04/79e358e1-3bdf-417e-8d80-05531603d5fb.PDF,,,,
SZSE_1216435272,180102,2023-04-18,华夏合肥高新REIT：华夏基金管理有限公司关于华夏合肥高新创新产业园封闭式基础设施证券投资基金收益分配的公告,https://disc.static.szse.cn/disc/disk03/finalpage/2023-04-17/a0aca26e-95e6-45d0-b0f3-ba01341a242e.PDF,2026-09-05T06:09:20.178975+00:00,,,failed,403 Client Error: Forbidden for url: https://disc.static.szse.cn/disc/disk03/finalpage/2023-04-17/a0aca26e-95e6-45d0-b0f3-ba01341a242e.PDF,,,,
SZSE_1217647898,180102,2023-08-28,华夏合肥高新REIT：华夏基金管理有限公司关于华夏合肥高新创新产业园封闭式基础设施证券投资基金收益分配的公告,https://disc.static.szse.cn/disc/disk03/finalpage/2023-08-25/b9dd3cb0-c812-42e5-9c64-76c89d3c02bd.PDF,2026-09-05T06:09:20.244344+00:00,,,failed,403 Client Error: Forbidden for url: https://disc.static.szse.cn/disc/disk03/finalpage/2023-08-25/b9dd3cb0-c812-42e5-9c64-76c89d3c02bd.PDF,,,,
SZSE_1218867607,180102,2024-01-15,华夏合肥高新REIT：华夏基金管理有限公司关于华夏合肥高新创新产业园封闭式基础设施证券投资基金收益分配的公告,https://disc.static.szse.cn/disc/disk03/finalpage/2024-01-12/b16e73ef-ef0a-4f4d-b2ce-6442f01c6690.PDF,2026-09-05T06:09:20.299753+00:00,,,failed,403 Client Error: Forbidden for url: https://disc.static.szse.cn/disc/disk03/finalpage/2024-01-12/b16e73ef-ef0a-4f4d-b2ce-6442f01c6690.PDF,,,,
SZSE_1219440649,180102,2024-03-29,华夏合肥高新REIT：华夏基金管理有限公司关于华夏合肥高新创新产业园封闭式基础设施证券投资基金收益分配的公告,https://disc.static.szse.cn/disc/disk03/finalpage/2024-03-28/98349afc-a338-4425-af0d-30be706ae3a0.PDF,2026-09-05T06:09:20.367949+00:00,,,failed,403 Client Error: Forbidden for url: https://disc.static.szse.cn/disc/disk03/finalpage/2024-03-28/98349afc-a338-4425-af0d-30be706ae3a0.PDF,,,,
SZSE_1220222079,180102,2024-06-03,华夏合肥高新REIT：华夏基金管理有限公司关于华夏合肥高新创新产业园封闭式基础设施证券投资基金收益分配的公告,https://disc.static.szse.cn/disc/disk03/finalpage/2024-05-31/9faefb2d-e433-4d3f-bce1-34bf1c8f9432.PDF,2026-09-05T06:09:20.449653+00:00,,,failed,403 Client Error: Forbidden for url: https://disc.static.szse.cn/disc/disk03/finalpage/2024-05-31/9faefb2d-e433-4d3f-bce1-34bf1c8f9432.PDF,,,,
SZSE_1220822332,180102,2024-08-09,华夏合肥高新REIT：华夏基金管理有限公司关于华夏合肥高新创新产业园封闭式基础设施证券投资基金收益分配的公告,https://disc.static.szse.cn/disc/disk03/finalpage/2024-08-08/30a96df3-281d-4f21-b3c9-313785e1fcfe.PDF,2026-09-05T06:09:20.507703+00:00,,,failed,403 Client Error: Forbidden for url: https://disc.static.szse.cn/disc/disk03/finalpage/2024-08-08/30a96df3-281d-4f21-b3c9-313785e1fcfe.PDF,,,,
SZSE_1221635867,180102,2024-11-06,华夏合肥高新REIT：华夏基金管理有限公司关于华夏合肥高新创新产业园封闭式基础设施证券投资基金收益分配的公告,https://disc.static.szse.cn/disc/disk03/finalpage/2024-11-05/36d62c5d-beac-4464-9c7e-e74333916cf9.PDF,2026-09-05T06:09:20.571614+00:00,,,failed,403 Client Error: Forbidden for url: https://disc.static.szse.cn/disc/disk03/finalpage/2024-11-05/36d62c5d-beac-4464-9c7e-e74333916cf9.PDF,,,,
SZSE_1222387378,180102,2025-01-22,华夏合肥高新REIT：华夏基金管理有限公司关于华夏合肥高新创新产业园封闭式基础设施证券投资基金收益分配的公告,https://disc.static.szse.cn/disc/disk03/finalpage/2025-01-21/ead0a455-70e4-4826-bdba-1a560398fd75.PDF,2026-09-05T06:09:20.633356+00:00,,,failed,403 Client Error: Forbidden for url: https://disc.static.szse.cn/disc/disk03/finalpage/2025-01-21/ead0a455-70e4-4826-bdba-1a560398fd75.PDF,,,,
SZSE_1223694085,180102,2025-05-28,华夏合肥高新REIT：华夏基金管理有限公司关于华夏合肥高新创新产业园封闭式基础设施证券投资基金收益分配的公告,https://disc.static.szse.cn/disc/disk03/finalpage/2025-05-27/9eb7d0ce-ab4a-4644-a7d7-809e3f23906c.PDF,2026-09-05T06:09:20.691421+00:00,,,failed,403 Client Error: Forbidden for url: https://disc.static.szse.cn/disc/disk03/finalpage/2025-05-27/9eb7d0ce-ab4a-4644-a7d7-809e3f23906c.PDF,,,,
SZSE_1225100229,180102,2026-04-15,华夏合肥高新REIT：华夏基金管理有限公司关于华夏合肥高新创新产业园封闭式基础设施证券投资基金收益分配的公告,https://disc.static.szse.cn/disc/disk03/finalpage/2026-04-15/da1093a1-a031-4b67-ae66-4f3aa63c6abd.PDF,2026-09-05T06:09:20.765469+00:00,,,failed,403 Client Error: Forbidden for url: https://disc.static.szse.cn/disc/disk03/finalpage/2026-04-15/da1093a1-a031-4b67-ae66-4f3aa63c6abd.PDF,,,,
SZSE_1217573877,180103,2023-08-21,华夏和达高科REIT：华夏基金管理有限公司关于华夏杭州和达高科产业园封闭式基础设施证券投资基金收益分配的公告,https://disc.static.szse.cn/disc/disk03/finalpage/2023-08-18/7bb487a7-5a11-48ec-9be2-1866ebf601b6.PDF,2026-09-05T06:09:20.833267+00:00,,,failed,403 Client Error: Forbidden for url: https://disc.static.szse.cn/disc/disk03/finalpage/2023-08-18/7bb487a7-5a11-48ec-9be2-1866ebf601b6.PDF,,,,
SZSE_1218949759,180103,2024-01-22,华夏和达高科REIT：华夏基金管理有限公司关于华夏杭州和达高科产业园封闭式基础设施证券投资基金收益分配的公告,https://disc.static.szse.cn/disc/disk03/finalpage/2024-01-19/50fef120-5d68-400d-a4d0-234fc80e71c2.PDF,2026-09-05T06:09:20.894016+00:00,,,failed,403 Client Error: Forbidden for url: https://disc.static.szse.cn/disc/disk03/finalpage/2024-01-19/50fef120-5d68-400d-a4d0-234fc80e71c2.PDF,,,,
SZSE_1219662111,180103,2024-04-19,华夏和达高科REIT：华夏基金管理有限公司关于华夏杭州和达高科产业园封闭式基础设施证券投资基金收益分配的公告,https://disc.static.szse.cn/disc/disk03/finalpage/2024-04-18/2b0307af-8d2b-47af-8c29-6c23dc822455.PDF,2026-09-05T06:09:20.966401+00:00,,,failed,403 Client Error: Forbidden for url: https://disc.static.szse.cn/disc/disk03/finalpage/2024-04-18/2b0307af-8d2b-47af-8c29-6c23dc822455.PDF,,,,
SZSE_1220243606,180103,2024-06-04,华夏和达高科REIT：华夏基金管理有限公司关于华夏杭州和达高科产业园封闭式基础设施证券投资基金收益分配的公告,https://disc.static.szse.cn/disc/disk03/finalpage/2024-06-03/3e50632e-50c5-4a5c-a422-9904a44d8869.PDF,2026-09-05T06:09:21.068270+00:00,,,failed,403 Client Error: Forbidden for url: https://disc.static.szse.cn/disc/disk03/finalpage/2024-06-03/3e50632e-50c5-4a5c-a422-9904a44d8869.PDF,,,,
SZSE_1220848377,180103,2024-08-13,华夏和达高科REIT：华夏基金管理有限公司关于华夏杭州和达高科产业园封闭式基础设施证券投资基金收益分配的公告,https://disc.static.szse.cn/disc/disk03/finalpage/2024-08-12/5fd2d9ca-3b04-4ac2-bf07-ad044f4398e8.PDF,2026-09-05T06:09:21.132967+00:00,,,failed,403 Client Error: Forbidden for url: https://disc.static.szse.cn/disc/disk03/finalpage/2024-08-12/5fd2d9ca-3b04-4ac2-bf07-ad044f4398e8.PDF,,,,
SZSE_1221814631,180103,2024-11-25,华夏和达高科REIT：华夏基金管理有限公司关于华夏杭州和达高科产业园封闭式基础设施证券投资基金收益分配的公告,https://disc.static.szse.cn/disc/disk03/finalpage/2024-11-22/84d5650e-4b61-479b-b9e2-2e0d508626a0.PDF,2026-09-05T06:09:21.189223+00:00,,,failed,403 Client Error: Forbidden for url: https://disc.static.szse.cn/disc/disk03/finalpage/2024-11-22/84d5650e-4b61-479b-b9e2-2e0d508626a0.PDF,,,,
SZSE_1223097700,180103,2025-04-16,华夏和达高科REIT：华夏基金管理有限公司关于华夏杭州和达高科产业园封闭式基础设施证券投资基金收益分配的公告,https://disc.static.szse.cn/disc/disk03/finalpage/2025-04-15/773e6595-798d-45da-b8df-83184a192425.PDF,2026-09-05T06:09:21.344857+00:00,,,failed,403 Client Error: Forbidden for url: https://disc.static.szse.cn/disc/disk03/finalpage/2025-04-15/773e6595-798d-45da-b8df-83184a192425.PDF,,,,
SZSE_1223834133,180103,2025-06-11,华夏和达高科REIT：华夏基金管理有限公司关于华夏杭州和达高科产业园封闭式基础设施证券投资基金收益分配的公告,https://disc.static.szse.cn/disc/disk03/finalpage/2025-06-10/90a37588-335a-4402-999c-6c0108e60e36.PDF,2026-09-05T06:09:21.455411+00:00,,,failed,403 Client Error: Forbidden for url: https://disc.static.szse.cn/disc/disk03/finalpage/2025-06-10/90a37588-335a-4402-999c-6c0108e60e36.PDF,,,,
SZSE_1224829837,180103,2025-11-28,华夏和达高科REIT：华夏基金管理有限公司关于华夏杭州和达高科产业园封闭式基础设施证券投资基金收益分配的公告,https://disc.static.szse.cn/disc/disk03/finalpage/2025-11-28/3611bea7-8d29-4951-ba8a-308cee4b27cf.PDF,2026-09-05T06:09:21.517807+00:00,,,failed,403 Client Error: Forbidden for url: https://disc.static.szse.cn/disc/disk03/finalpage/2025-11-28/3611bea7-8d29-4951-ba8a-308cee4b27cf.PDF,,,,
SZSE_1225281039,180103,2026-05-08,华夏和达高科REIT：华夏基金管理有限公司关于华夏杭州和达高科产业园封闭式基础设施证券投资基金收益分配的公告,https://disc.static.szse.cn/disc/disk03/finalpage/2026-05-08/29dc6bd2-e265-4d30-a2f6-d3df764fdfae.PDF,2026-09-05T06:09:21.576131+00:00,,,failed,403 Client Error: Forbidden for url: https://disc.static.szse.cn/disc/disk03/finalpage/2026-05-08/29dc6bd2-e265-4d30-a2f6-d3df764fdfae.PDF,,,,
SZSE_1225359439,180103,2026-06-10,华夏和达高科REIT：华夏基金管理有限公司关于华夏杭州和达高科产业园封闭式基础设施证券投资基金收益分配的公告,https://disc.static.szse.cn/disc/disk03/finalpage/2026-06-10/1adbb540-5efe-42b3-bd85-f77b967fc138.PDF,2026-09-05T06:09:21.639830+00:00,,,failed,403 Client Error: Forbidden for url: https://disc.static.szse.cn/disc/disk03/finalpage/2026-06-10/1adbb540-5efe-42b3-bd85-f77b967fc138.PDF,,,,
SZSE_1224667461,180106,2025-09-19,广发成都高投产业园REIT：广发基金管理有限公司关于广发成都高投产业园封闭式基础设施证券投资基金收益分配的公告,https://disc.static.szse.cn/disc/disk03/finalpage/2025-09-19/506a6824-a733-45fe-9905-0806d1561d05.PDF,2026-09-05T06:09:21.694619+00:00,,,failed,403 Client Error: Forbidden for url: https://disc.static.szse.cn/disc/disk03/finalpage/2025-09-19/506a6824-a733-45fe-9905-0806d1561d05.PDF,,,,
SZSE_1224884460,180106,2025-12-19,广发成都高投产业园REIT：广发基金管理有限公司关于广发成都高投产业园封闭式基础设施证券投资基金收益分配的公告,https://disc.static.szse.cn/disc/disk03/finalpage/2025-12-19/c7b339ba-c360-4223-adae-1439da5f1cb1.PDF,2026-09-05T06:09:21.771239+00:00,,,failed,403 Client Error: Forbidden for url: https://disc.static.szse.cn/disc/disk03/finalpage/2025-12-19/c7b339ba-c360-4223-adae-1439da5f1cb1.PDF,,,,
SZSE_1225330051,180106,2026-05-27,广发成都高投产业园REIT：广发基金管理有限公司关于广发成都高投产业园封闭式基础设施证券投资基金收益分配的公告,https://disc.static.szse.cn/disc/disk03/finalpage/2026-05-27/265e25b5-dad9-4cea-ad00-9051f29d3f3e.PDF,2026-09-05T06:09:21.843302+00:00,,,failed,403 Client Error: Forbidden for url: https://disc.static.szse.cn/disc/disk03/finalpage/2026-05-27/265e25b5-dad9-4cea-ad00-9051f29d3f3e.PDF,,,,
SZSE_1225485162,180106,2026-08-21,广发成都高投产业园REIT：广发基金管理有限公司关于广发成都高投产业园封闭式基础设施证券投资基金收益分配的公告,https://disc.static.szse.cn/disc/disk03/finalpage/2026-08-21/36c94eb7-ba8c-4076-a87f-284b17062d56.PDF,2026-09-05T06:09:21.908209+00:00,,,failed,403 Client Error: Forbidden for url: https://disc.static.szse.cn/disc/disk03/finalpage/2026-08-21/36c94eb7-ba8c-4076-a87f-284b17062d56.PDF,,,,
SZSE_1214054353,180202,2022-07-18,华夏越秀高速REIT：华夏基金管理有限公司关于华夏越秀高速公路封闭式基础设施证券投资基金收益分配的公告,https://disc.static.szse.cn/disc/disk03/finalpage/2022-07-15/3947cedd-164b-4853-b7fd-abefdd3a4b4d.PDF,2026-09-05T06:09:21.976286+00:00,,,failed,403 Client Error: Forbidden for url: https://disc.static.szse.cn/disc/disk03/finalpage/2022-07-15/3947cedd-164b-4853-b7fd-abefdd3a4b4d.PDF,,,,
SZSE_1214647216,180202,2022-09-23,华夏越秀高速REIT：华夏基金管理有限公司关于华夏越秀高速公路封闭式基础设施证券投资基金收益分配的公告,https://disc.static.szse.cn/disc/disk03/finalpage/2022-09-22/5051df14-ee39-46fc-b54b-9590f4125c8c.PDF,2026-09-05T06:09:22.056814+00:00,,,failed,403 Client Error: Forbidden for url: https://disc.static.szse.cn/disc/disk03/finalpage/2022-09-22/5051df14-ee39-46fc-b54b-9590f4125c8c.PDF,,,,
SZSE_1215468255,180202,2022-12-29,华夏越秀高速REIT：华夏基金管理有限公司关于华夏越秀高速公路封闭式基础设施证券投资基金收益分配的公告,https://disc.static.szse.cn/disc/disk03/finalpage/2022-12-28/b91f2418-dc91-4ba2-8181-f05472984283.PDF,2026-09-05T06:09:22.122439+00:00,,,failed,403 Client Error: Forbidden for url: https://disc.static.szse.cn/disc/disk03/finalpage/2022-12-28/b91f2418-dc91-4ba2-8181-f05472984283.PDF,,,,
SZSE_1216850277,180202,2023-05-19,华夏越秀高速REIT：华夏基金管理有限公司关于华夏越秀高速公路封闭式基础设施证券投资基金收益分配的公告,https://disc.static.szse.cn/disc/disk03/finalpage/2023-05-18/c63c9b93-a5a9-409c-8c9a-e674e2232c3b.PDF,2026-09-05T06:09:22.180288+00:00,,,failed,403 Client Error: Forbidden for url: https://disc.static.szse.cn/disc/disk03/finalpage/2023-05-18/c63c9b93-a5a9-409c-8c9a-e674e2232c3b.PDF,,,,
SZSE_1217573802,180202,2023-08-21,华夏越秀高速REIT：华夏基金管理有限公司关于华夏越秀高速公路封闭式基础设施证券投资基金收益分配的公告,https://disc.static.szse.cn/disc/disk03/finalpage/2023-08-18/b930d88f-85e8-463e-8679-d57d975cbae8.PDF,2026-09-05T06:09:22.242677+00:00,,,failed,403 Client Error: Forbidden for url: https://disc.static.szse.cn/disc/disk03/finalpage/2023-08-18/b930d88f-85e8-463e-8679-d57d975cbae8.PDF,,,,
SZSE_1218477152,180202,2023-11-30,华夏越秀高速REIT：华夏基金管理有限公司关于华夏越秀高速公路封闭式基础设施证券投资基金收益分配的公告,https://disc.static.szse.cn/disc/disk03/finalpage/2023-11-29/d6be45ad-1463-4d05-9bac-0ea638e323dc.PDF,2026-09-05T06:09:22.314786+00:00,,,failed,403 Client Error: Forbidden for url: https://disc.static.szse.cn/disc/disk03/finalpage/2023-11-29/d6be45ad-1463-4d05-9bac-0ea638e323dc.PDF,,,,
SZSE_1220255951,180202,2024-06-05,华夏越秀高速REIT：华夏基金管理有限公司关于华夏越秀高速公路封闭式基础设施证券投资基金收益分配的公告,https://disc.static.szse.cn/disc/disk03/finalpage/2024-06-04/622fea2c-30f9-4a72-b18e-4b10859dfa58.PDF,2026-09-05T06:09:22.375280+00:00,,,failed,403 Client Error: Forbidden for url: https://disc.static.szse.cn/disc/disk03/finalpage/2024-06-04/622fea2c-30f9-4a72-b18e-4b10859dfa58.PDF,,,,
SZSE_1220998212,180202,2024-08-28,华夏越秀高速REIT：华夏基金管理有限公司关于华夏越秀高速公路封闭式基础设施证券投资基金收益分配的公告,https://disc.static.szse.cn/disc/disk03/finalpage/2024-08-27/bf56909c-208b-4d3d-b412-d58a4fd1e161.PDF,2026-09-05T06:09:22.428798+00:00,,,failed,403 Client Error: Forbidden for url: https://disc.static.szse.cn/disc/disk03/finalpage/2024-08-27/bf56909c-208b-4d3d-b412-d58a4fd1e161.PDF,,,,
SZSE_1221916707,180202,2024-12-04,华夏越秀高速REIT：华夏基金管理有限公司关于华夏越秀高速公路封闭式基础设施证券投资基金收益分配的公告,https://disc.static.szse.cn/disc/disk03/finalpage/2024-12-03/e6d6e4fb-fe48-43fb-88a9-bafe98d8e513.PDF,2026-09-05T06:09:22.488769+00:00,,,failed,403 Client Error: Forbidden for url: https://disc.static.szse.cn/disc/disk03/finalpage/2024-12-03/e6d6e4fb-fe48-43fb-88a9-bafe98d8e513.PDF,,,,
SZSE_1223487831,180202,2025-05-08,华夏越秀高速REIT：华夏基金管理有限公司关于华夏越秀高速公路封闭式基础设施证券投资基金收益分配的公告,https://disc.static.szse.cn/disc/disk03/finalpage/2025-05-07/2c586898-79a1-40a6-9ab1-bee31803a59c.PDF,2026-09-05T06:09:22.544968+00:00,,,failed,403 Client Error: Forbidden for url: https://disc.static.szse.cn/disc/disk03/finalpage/2025-05-07/2c586898-79a1-40a6-9ab1-bee31803a59c.PDF,,,,
SZSE_1224102826,180202,2025-07-09,华夏越秀高速REIT：华夏基金管理有限公司关于华夏越秀高速公路封闭式基础设施证券投资基金收益分配的公告,https://disc.static.szse.cn/disc/disk03/finalpage/2025-07-08/07c07eba-cb89-40fd-b161-3167e5b707f9.PDF,2026-09-05T06:09:22.613438+00:00,,,failed,403 Client Error: Forbidden for url: https://disc.static.szse.cn/disc/disk03/finalpage/2025-07-08/07c07eba-cb89-40fd-b161-3167e5b707f9.PDF,,,,
SZSE_1224646623,180202,2025-09-10,华夏越秀高速REIT：华夏基金管理有限公司关于华夏越秀高速公路封闭式基础设施证券投资基金收益分配的公告,https://disc.static.szse.cn/disc/disk03/finalpage/2025-09-10/92dbfb44-0aa8-4b23-96d9-04d8484b65bf.PDF,2026-09-05T06:09:22.676420+00:00,,,failed,403 Client Error: Forbidden for url: https://disc.static.szse.cn/disc/disk03/finalpage/2025-09-10/92dbfb44-0aa8-4b23-96d9-04d8484b65bf.PDF,,,,
SZSE_1224849801,180202,2025-12-05,华夏越秀高速REIT：华夏基金管理有限公司关于华夏越秀高速公路封闭式基础设施证券投资基金收益分配的公告,https://disc.static.szse.cn/disc/disk03/finalpage/2025-12-05/9ad1c774-598f-4b5c-8b9b-ee9dbcaf6fb4.PDF,2026-09-05T06:09:22.738938+00:00,,,failed,403 Client Error: Forbidden for url: https://disc.static.szse.cn/disc/disk03/finalpage/2025-12-05/9ad1c774-598f-4b5c-8b9b-ee9dbcaf6fb4.PDF,,,,
SZSE_1225315278,180202,2026-05-20,华夏越秀高速REIT：华夏基金管理有限公司关于华夏越秀高速公路封闭式基础设施证券投资基金收益分配的公告,https://disc.static.szse.cn/disc/disk03/finalpage/2026-05-20/6ac4a6cf-ed89-456b-8504-86b50b1f34a8.PDF,2026-09-05T06:09:22.810722+00:00,,,failed,403 Client Error: Forbidden for url: https://disc.static.szse.cn/disc/disk03/finalpage/2026-05-20/6ac4a6cf-ed89-456b-8504-86b50b1f34a8.PDF,,,,
SZSE_1212739209,180301,2022-03-31,红土盐田港REIT：红土创新基金管理有限公司关于红土创新盐田港仓储物流封闭式基础设施证券投资基金收益分配的公告,https://disc.static.szse.cn/disc/disk03/finalpage/2022-03-31/b7bbb71a-df2e-45eb-98ec-005fc1527c42.PDF,2026-09-05T06:09:22.871612+00:00,,,failed,403 Client Error: Forbidden for url: https://disc.static.szse.cn/disc/disk03/finalpage/2022-03-31/b7bbb71a-df2e-45eb-98ec-005fc1527c42.PDF,,,,
SZSE_1222472269,180302,2025-02-07,华夏深国际REIT：华夏基金管理有限公司关于华夏深国际仓储物流封闭式基础设施证券投资基金收益分配的公告,https://disc.static.szse.cn/disc/disk03/finalpage/2025-02-06/0c315ea7-1493-4067-ab4f-a2915142cf96.PDF,2026-09-05T06:09:22.934214+00:00,,,failed,403 Client Error: Forbidden for url: https://disc.static.szse.cn/disc/disk03/finalpage/2025-02-06/0c315ea7-1493-4067-ab4f-a2915142cf96.PDF,,,,
SZSE_1223834134,180302,2025-06-11,华夏深国际REIT：华夏基金管理有限公司关于华夏深国际仓储物流封闭式基础设施证券投资基金收益分配的公告,https://disc.static.szse.cn/disc/disk03/finalpage/2025-06-10/2dc0da22-2208-4570-9a38-81279d62ab7d.PDF,2026-09-05T06:09:22.997608+00:00,,,failed,403 Client Error: Forbidden for url: https://disc.static.szse.cn/disc/disk03/finalpage/2025-06-10/2dc0da22-2208-4570-9a38-81279d62ab7d.PDF,,,,
SZSE_1224516802,180302,2025-08-20,华夏深国际REIT：华夏基金管理有限公司关于华夏深国际仓储物流封闭式基础设施证券投资基金收益分配的公告,https://disc.static.szse.cn/disc/disk03/finalpage/2025-08-20/2c414772-ed9b-4d40-b916-0dd3715c861e.pdf,2026-09-05T06:09:23.069440+00:00,,,failed,403 Client Error: Forbidden for url: https://disc.static.szse.cn/disc/disk03/finalpage/2025-08-20/2c414772-ed9b-4d40-b916-0dd3715c861e.pdf,,,,
SZSE_1224811778,180302,2025-11-19,华夏深国际REIT：华夏基金管理有限公司关于华夏深国际仓储物流封闭式基础设施证券投资基金收益分配的公告,https://disc.static.szse.cn/disc/disk03/finalpage/2025-11-19/37476459-e9cf-4daa-8181-a555cf1ad112.PDF,2026-09-05T06:09:23.134946+00:00,,,failed,403 Client Error: Forbidden for url: https://disc.static.szse.cn/disc/disk03/finalpage/2025-11-19/37476459-e9cf-4daa-8181-a555cf1ad112.PDF,,,,
SZSE_1225083700,180302,2026-04-09,华夏深国际REIT：华夏基金管理有限公司关于华夏深国际仓储物流封闭式基础设施证券投资基金收益分配的公告,https://disc.static.szse.cn/disc/disk03/finalpage/2026-04-09/2cdce838-2e83-4944-a2a0-a9f19b3db4e5.PDF,2026-09-05T06:09:23.193253+00:00,,,failed,403 Client Error: Forbidden for url: https://disc.static.szse.cn/disc/disk03/finalpage/2026-04-09/2cdce838-2e83-4944-a2a0-a9f19b3db4e5.PDF,,,,
SZSE_1225386788,180302,2026-06-26,华夏深国际REIT：华夏基金管理有限公司关于华夏深国际仓储物流封闭式基础设施证券投资基金收益分配的公告,https://disc.static.szse.cn/disc/disk03/finalpage/2026-06-26/a95b6791-6458-4f77-816e-0e9957aaf4e4.PDF,2026-09-05T06:09:23.255561+00:00,,,failed,403 Client Error: Forbidden for url: https://disc.static.szse.cn/disc/disk03/finalpage/2026-06-26/a95b6791-6458-4f77-816e-0e9957aaf4e4.PDF,,,,
SZSE_1222921125,180303,2025-03-28,华泰宝湾物流REIT：华泰证券(上海)资产管理有限公司关于华泰紫金宝湾物流仓储封闭式基础设施证券投资基金收益分配的公告,https://disc.static.szse.cn/disc/disk03/finalpage/2025-03-28/c46681f8-9812-4fb5-a65c-0e220a0f1d65.PDF,2026-09-05T06:09:23.322697+00:00,,,failed,403 Client Error: Forbidden for url: https://disc.static.szse.cn/disc/disk03/finalpage/2025-03-28/c46681f8-9812-4fb5-a65c-0e220a0f1d65.PDF,,,,
SZSE_1225330050,180306,2026-05-27,华夏安博仓储REIT：华夏基金管理有限公司关于华夏安博仓储物流封闭式基础设施证券投资基金收益分配的公告,https://disc.static.szse.cn/disc/disk03/finalpage/2026-05-27/73ca5ccc-def6-4de0-8005-d9b734f147f8.PDF,2026-09-05T06:09:23.381771+00:00,,,failed,403 Client Error: Forbidden for url: https://disc.static.szse.cn/disc/disk03/finalpage/2026-05-27/73ca5ccc-def6-4de0-8005-d9b734f147f8.PDF,,,,
SZSE_1225485149,180306,2026-08-21,华夏安博仓储REIT：华夏基金管理有限公司关于华夏安博仓储物流封闭式基础设施证券投资基金收益分配的公告,https://disc.static.szse.cn/disc/disk03/finalpage/2026-08-21/f8d486ff-13dd-49da-add1-1e5093d2db9b.PDF,2026-09-05T06:09:23.446363+00:00,,,failed,403 Client Error: Forbidden for url: https://disc.static.szse.cn/disc/disk03/finalpage/2026-08-21/f8d486ff-13dd-49da-add1-1e5093d2db9b.PDF,,,,
SZSE_1219736612,180401,2024-04-23,鹏华深圳能源REIT：鹏华基金管理有限公司关于鹏华深圳能源清洁能源封闭式基础设施证券投资基金收益分配的公告,https://disc.static.szse.cn/disc/disk03/finalpage/2024-04-22/853371eb-9cd9-449e-8119-7c70b9af4392.PDF,2026-09-05T06:09:23.509161+00:00,,,failed,403 Client Error: Forbidden for url: https://disc.static.szse.cn/disc/disk03/finalpage/2024-04-22/853371eb-9cd9-449e-8119-7c70b9af4392.PDF,,,,
SZSE_1220729916,180401,2024-07-26,鹏华深圳能源REIT：鹏华基金管理有限公司关于鹏华深圳能源清洁能源封闭式基础设施证券投资基金收益分配的公告,https://disc.static.szse.cn/disc/disk03/finalpage/2024-07-25/ff672933-b79a-4253-a60c-b05941d17208.PDF,2026-09-05T06:09:23.573456+00:00,,,failed,403 Client Error: Forbidden for url: https://disc.static.szse.cn/disc/disk03/finalpage/2024-07-25/ff672933-b79a-4253-a60c-b05941d17208.PDF,,,,
SZSE_1223509921,180401,2025-05-12,鹏华深圳能源REIT：鹏华基金管理有限公司关于鹏华深圳能源清洁能源封闭式基础设施证券投资基金收益分配的公告,https://disc.static.szse.cn/disc/disk03/finalpage/2025-05-09/543bf6c7-1a9e-44d3-837a-9b696436ed0a.PDF,2026-09-05T06:09:23.651173+00:00,,,failed,403 Client Error: Forbidden for url: https://disc.static.szse.cn/disc/disk03/finalpage/2025-05-09/543bf6c7-1a9e-44d3-837a-9b696436ed0a.PDF,,,,
SZSE_1224814299,180502,2025-11-20,招商基金蛇口租赁住房REIT：招商基金管理有限公司关于招商基金招商蛇口租赁住房封闭式基础设施证券投资基金收益分配的公告,https://disc.static.szse.cn/disc/disk03/finalpage/2025-11-20/65144e21-1ecb-48b7-8375-5a84512b5276.PDF,2026-09-05T06:09:23.706639+00:00,,,failed,403 Client Error: Forbidden for url: https://disc.static.szse.cn/disc/disk03/finalpage/2025-11-20/65144e21-1ecb-48b7-8375-5a84512b5276.PDF,,,,
SZSE_1220033869,180601,2024-05-13,华夏华润商业REIT：华夏基金管理有限公司关于华夏华润商业资产封闭式基础设施证券投资基金收益分配的公告,https://disc.static.szse.cn/disc/disk03/finalpage/2024-05-10/71f0842c-baab-4835-845d-e1ec53afc5f4.PDF,2026-09-05T06:09:23.772351+00:00,,,failed,403 Client Error: Forbidden for url: https://disc.static.szse.cn/disc/disk03/finalpage/2024-05-10/71f0842c-baab-4835-845d-e1ec53afc5f4.PDF,,,,
SZSE_1220764242,180601,2024-08-01,华夏华润商业REIT：华夏基金管理有限公司关于华夏华润商业资产封闭式基础设施证券投资基金收益分配的公告,https://disc.static.szse.cn/disc/disk03/finalpage/2024-08-01/77f3807d-e124-41f7-9f84-223a5764d3f3.PDF,2026-09-05T06:09:23.833824+00:00,,,failed,403 Client Error: Forbidden for url: https://disc.static.szse.cn/disc/disk03/finalpage/2024-08-01/77f3807d-e124-41f7-9f84-223a5764d3f3.PDF,,,,
SZSE_1221723594,180601,2024-11-15,华夏华润商业REIT：华夏基金管理有限公司关于华夏华润商业资产封闭式基础设施证券投资基金收益分配的公告,https://disc.static.szse.cn/disc/disk03/finalpage/2024-11-14/a035dd4f-97ea-4b88-a8d5-e0947e1fe795.PDF,2026-09-05T06:09:23.895433+00:00,,,failed,403 Client Error: Forbidden for url: https://disc.static.szse.cn/disc/disk03/finalpage/2024-11-14/a035dd4f-97ea-4b88-a8d5-e0947e1fe795.PDF,,,,
SZSE_1222638363,180601,2025-02-26,华夏华润商业REIT：华夏基金管理有限公司关于华夏华润商业资产封闭式基础设施证券投资基金收益分配的公告,https://disc.static.szse.cn/disc/disk03/finalpage/2025-02-25/b7231051-77ea-41a5-9f98-b246373ef856.PDF,2026-09-05T06:09:23.965163+00:00,,,failed,403 Client Error: Forbidden for url: https://disc.static.szse.cn/disc/disk03/finalpage/2025-02-25/b7231051-77ea-41a5-9f98-b246373ef856.PDF,,,,
SZSE_1223605311,180601,2025-05-21,华夏华润商业REIT：华夏基金管理有限公司关于华夏华润商业资产封闭式基础设施证券投资基金收益分配的公告,https://disc.static.szse.cn/disc/disk03/finalpage/2025-05-20/a182e1e3-20be-4d83-8143-10f7c821251c.PDF,2026-09-05T06:09:24.042667+00:00,,,failed,403 Client Error: Forbidden for url: https://disc.static.szse.cn/disc/disk03/finalpage/2025-05-20/a182e1e3-20be-4d83-8143-10f7c821251c.PDF,,,,
SZSE_1224460751,180601,2025-08-13,华夏华润商业REIT：华夏基金管理有限公司关于华夏华润商业资产封闭式基础设施证券投资基金收益分配的公告,https://disc.static.szse.cn/disc/disk03/finalpage/2025-08-12/0a055108-34bd-4ce5-a459-742226828917.PDF,2026-09-05T06:09:24.108163+00:00,,,failed,403 Client Error: Forbidden for url: https://disc.static.szse.cn/disc/disk03/finalpage/2025-08-12/0a055108-34bd-4ce5-a459-742226828917.PDF,,,,
SZSE_1224802850,180601,2025-11-14,华夏华润商业REIT：华夏基金管理有限公司关于华夏华润商业资产封闭式基础设施证券投资基金收益分配的公告,https://disc.static.szse.cn/disc/disk03/finalpage/2025-11-14/3f249004-b11b-407f-9a6c-57adbdf9df86.PDF,2026-09-05T06:09:24.170637+00:00,,,failed,403 Client Error: Forbidden for url: https://disc.static.szse.cn/disc/disk03/finalpage/2025-11-14/3f249004-b11b-407f-9a6c-57adbdf9df86.PDF,,,,
SZSE_1224967865,180601,2026-02-06,华夏华润商业REIT：华夏基金管理有限公司关于华夏华润商业资产封闭式基础设施证券投资基金收益分配的公告,https://disc.static.szse.cn/disc/disk03/finalpage/2026-02-06/48539892-9036-4897-b6a2-0e138e77039f.PDF,2026-09-05T06:09:24.258820+00:00,,,failed,403 Client Error: Forbidden for url: https://disc.static.szse.cn/disc/disk03/finalpage/2026-02-06/48539892-9036-4897-b6a2-0e138e77039f.PDF,,,,
SZSE_1225350591,180601,2026-06-05,华夏华润消费REIT：华夏基金管理有限公司关于华夏华润消费封闭式基础设施证券投资基金收益分配的公告,https://disc.static.szse.cn/disc/disk03/finalpage/2026-06-05/78719a2b-707c-419f-bf7a-1e4e04c3ddb0.PDF,2026-09-05T06:09:24.320424+00:00,,,failed,403 Client Error: Forbidden for url: https://disc.static.szse.cn/disc/disk03/finalpage/2026-06-05/78719a2b-707c-419f-bf7a-1e4e04c3ddb0.PDF,,,,
SZSE_1225502652,180601,2026-08-26,华夏华润消费REIT：华夏基金管理有限公司关于华夏华润消费封闭式基础设施证券投资基金收益分配的公告,https://disc.static.szse.cn/disc/disk03/finalpage/2026-08-26/c788c823-7212-4b42-a598-f8aeb055bbc4.PDF,2026-09-05T06:09:24.378894+00:00,,,failed,403 Client Error: Forbidden for url: https://disc.static.szse.cn/disc/disk03/finalpage/2026-08-26/c788c823-7212-4b42-a598-f8aeb055bbc4.PDF,,,,
SZSE_1223209855,180603,2025-04-23,华夏大悦城商业REIT：华夏基金管理有限公司关于华夏大悦城购物中心封闭式基础设施证券投资基金收益分配的公告,https://disc.static.szse.cn/disc/disk03/finalpage/2025-04-22/9e98d8f1-b03b-471f-9df1-41bf996e2526.PDF,2026-09-05T06:09:24.436958+00:00,,,failed,403 Client Error: Forbidden for url: https://disc.static.szse.cn/disc/disk03/finalpage/2025-04-22/9e98d8f1-b03b-471f-9df1-41bf996e2526.PDF,,,,
SZSE_1224710297,180603,2025-10-15,华夏大悦城商业REIT：华夏基金管理有限公司关于华夏大悦城购物中心封闭式基础设施证券投资基金收益分配的公告,https://disc.static.szse.cn/disc/disk03/finalpage/2025-10-15/acf6f896-7d87-4851-9df6-314ce9a1aa6c.PDF,2026-09-05T06:09:24.488402+00:00,,,failed,403 Client Error: Forbidden for url: https://disc.static.szse.cn/disc/disk03/finalpage/2025-10-15/acf6f896-7d87-4851-9df6-314ce9a1aa6c.PDF,,,,
SZSE_1224880572,180603,2025-12-17,华夏大悦城商业REIT：华夏基金管理有限公司关于华夏大悦城购物中心封闭式基础设施证券投资基金收益分配的公告,https://disc.static.szse.cn/disc/disk03/finalpage/2025-12-17/898f5876-291b-46d9-ae26-378b0237520f.PDF,2026-09-05T06:09:24.549433+00:00,,,failed,403 Client Error: Forbidden for url: https://disc.static.szse.cn/disc/disk03/finalpage/2025-12-17/898f5876-291b-46d9-ae26-378b0237520f.PDF,,,,
SZSE_1224974250,180603,2026-02-11,华夏大悦城商业REIT：华夏基金管理有限公司关于华夏大悦城购物中心封闭式基础设施证券投资基金收益分配的公告,https://disc.static.szse.cn/disc/disk03/finalpage/2026-02-11/3906c8f8-8d13-4be0-a983-6e708ed97b14.PDF,2026-09-05T06:09:24.748415+00:00,,,failed,403 Client Error: Forbidden for url: https://disc.static.szse.cn/disc/disk03/finalpage/2026-02-11/3906c8f8-8d13-4be0-a983-6e708ed97b14.PDF,,,,
SZSE_1225300051,180603,2026-05-13,华夏大悦城消费REIT：华夏基金管理有限公司关于华夏大悦城购物中心封闭式基础设施证券投资基金收益分配的公告,https://disc.static.szse.cn/disc/disk03/finalpage/2026-05-13/2ca5839d-e587-4565-8aad-59a4db113623.PDF,2026-09-05T06:09:24.809527+00:00,,,failed,403 Client Error: Forbidden for url: https://disc.static.szse.cn/disc/disk03/finalpage/2026-05-13/2ca5839d-e587-4565-8aad-59a4db113623.PDF,,,,
SZSE_1225479616,180603,2026-08-19,华夏大悦城消费REIT：华夏基金管理有限公司关于华夏大悦城购物中心封闭式基础设施证券投资基金收益分配的公告,https://disc.static.szse.cn/disc/disk03/finalpage/2026-08-19/7ad4a5d5-66a9-4bc9-8995-432fce060a03.PDF,2026-09-05T06:09:24.884415+00:00,,,failed,403 Client Error: Forbidden for url: https://disc.static.szse.cn/disc/disk03/finalpage/2026-08-19/7ad4a5d5-66a9-4bc9-8995-432fce060a03.PDF,,,,
SZSE_1223474782,180605,2025-05-07,易方达华威市场REIT：易方达基金管理有限公司关于易方达华威农贸市场封闭式基础设施证券投资基金收益分配的公告,https://disc.static.szse.cn/disc/disk03/finalpage/2025-05-07/cfa0899c-0ef3-4075-964f-35ad9d16973b.PDF,2026-09-05T06:09:24.948056+00:00,,,failed,403 Client Error: Forbidden for url: https://disc.static.szse.cn/disc/disk03/finalpage/2025-05-07/cfa0899c-0ef3-4075-964f-35ad9d16973b.PDF,,,,
SZSE_1224678217,180605,2025-09-25,易方达华威市场REIT：易方达基金管理有限公司关于易方达华威农贸市场封闭式基础设施证券投资基金收益分配的公告,https://disc.static.szse.cn/disc/disk03/finalpage/2025-09-25/a2001e0a-f669-4cff-8606-2c471946bd86.PDF,2026-09-05T06:09:25.025851+00:00,,,failed,403 Client Error: Forbidden for url: https://disc.static.szse.cn/disc/disk03/finalpage/2025-09-25/a2001e0a-f669-4cff-8606-2c471946bd86.PDF,,,,
SZSE_1225074309,180605,2026-04-03,易方达华威市场REIT：易方达基金管理有限公司关于易方达华威农贸市场封闭式基础设施证券投资基金收益分配的公告,https://disc.static.szse.cn/disc/disk03/finalpage/2026-04-03/4789a2ed-44d2-4b89-a6fc-a76ff993e3af.PDF,2026-09-05T06:09:25.104702+00:00,,,failed,403 Client Error: Forbidden for url: https://disc.static.szse.cn/disc/disk03/finalpage/2026-04-03/4789a2ed-44d2-4b89-a6fc-a76ff993e3af.PDF,,,,
SZSE_1225029789,180606,2026-03-26,中金中国绿发商业REIT：中金基金管理有限公司关于中金中国绿发商业资产封闭式基础设施证券投资基金收益分配的公告,https://disc.static.szse.cn/disc/disk03/finalpage/2026-03-26/b41a4417-82db-43ed-a059-0b5ffe71e524.PDF,2026-09-05T06:09:25.165655+00:00,,,failed,403 Client Error: Forbidden for url: https://disc.static.szse.cn/disc/disk03/finalpage/2026-03-26/b41a4417-82db-43ed-a059-0b5ffe71e524.PDF,,,,
SZSE_1225387202,180606,2026-06-26,中金中国绿发消费REIT：中金基金管理有限公司关于中金中国绿发消费封闭式基础设施证券投资基金收益分配的公告,https://disc.static.szse.cn/disc/disk03/finalpage/2026-06-26/c0f5a3ed-3191-4459-9253-f1b75e6a9b0f.PDF,2026-09-05T06:09:25.242917+00:00,,,failed,403 Client Error: Forbidden for url: https://disc.static.szse.cn/disc/disk03/finalpage/2026-06-26/c0f5a3ed-3191-4459-9253-f1b75e6a9b0f.PDF,,,,
SZSE_1224984961,180607,2026-02-27,华夏中海商业REIT：华夏基金管理有限公司关于华夏中海商业资产封闭式基础设施证券投资基金收益分配的公告,https://disc.static.szse.cn/disc/disk03/finalpage/2026-02-27/fe42b9e5-f175-4769-9f7d-1b10ec395f0f.PDF,2026-09-05T06:09:25.317997+00:00,,,failed,403 Client Error: Forbidden for url: https://disc.static.szse.cn/disc/disk03/finalpage/2026-02-27/fe42b9e5-f175-4769-9f7d-1b10ec395f0f.PDF,,,,
SZSE_1225315277,180607,2026-05-20,华夏中海消费REIT：华夏基金管理有限公司关于华夏中海消费封闭式基础设施证券投资基金收益分配的公告,https://disc.static.szse.cn/disc/disk03/finalpage/2026-05-20/c47c348f-a080-478b-a507-df5104fa7703.PDF,2026-09-05T06:09:25.381269+00:00,,,failed,403 Client Error: Forbidden for url: https://disc.static.szse.cn/disc/disk03/finalpage/2026-05-20/c47c348f-a080-478b-a507-df5104fa7703.PDF,,,,
SZSE_1225502647,180607,2026-08-26,华夏中海消费REIT：华夏基金管理有限公司关于华夏中海消费封闭式基础设施证券投资基金收益分配的公告,https://disc.static.szse.cn/disc/disk03/finalpage/2026-08-26/87ce51c2-17c5-4178-8a25-27fdbf4b26ab.PDF,2026-09-05T06:09:25.439243+00:00,,,failed,403 Client Error: Forbidden for url: https://disc.static.szse.cn/disc/disk03/finalpage/2026-08-26/87ce51c2-17c5-4178-8a25-27fdbf4b26ab.PDF,,,,
SZSE_1223933101,180701,2025-06-20,银华绍兴原水水利REIT：银华基金管理股份有限公司关于银华绍兴原水水利封闭式基础设施证券投资基金收益分配的公告,https://disc.static.szse.cn/disc/disk03/finalpage/2025-06-20/c3af4f42-88f1-4cc7-bd69-56b700cfb408.PDF,2026-09-05T06:09:25.507194+00:00,,,failed,403 Client Error: Forbidden for url: https://disc.static.szse.cn/disc/disk03/finalpage/2025-06-20/c3af4f42-88f1-4cc7-bd69-56b700cfb408.PDF,,,,
SZSE_1224701290,180701,2025-10-10,银华绍兴原水水利REIT：银华基金管理股份有限公司关于银华绍兴原水水利封闭式基础设施证券投资基金收益分配的公告,https://disc.static.szse.cn/disc/disk03/finalpage/2025-10-10/f889b309-e6d3-4d08-ac07-ac4c4f99a9b0.PDF,2026-09-05T06:09:25.567454+00:00,,,failed,403 Client Error: Forbidden for url: https://disc.static.szse.cn/disc/disk03/finalpage/2025-10-10/f889b309-e6d3-4d08-ac07-ac4c4f99a9b0.PDF,,,,
SZSE_1224868034,180701,2025-12-12,银华绍兴原水水利REIT：银华基金管理股份有限公司关于银华绍兴原水水利封闭式基础设施证券投资基金收益分配的公告,https://disc.static.szse.cn/disc/disk03/finalpage/2025-12-12/89eb1421-e32f-4f95-8d2c-f1b0dde42c07.PDF,2026-09-05T06:09:25.634297+00:00,,,failed,403 Client Error: Forbidden for url: https://disc.static.szse.cn/disc/disk03/finalpage/2025-12-12/89eb1421-e32f-4f95-8d2c-f1b0dde42c07.PDF,,,,
SZSE_1225359277,180701,2026-06-10,银华绍兴原水水利REIT：银华基金管理股份有限公司关于银华绍兴原水水利封闭式基础设施证券投资基金收益分配的公告,https://disc.static.szse.cn/disc/disk03/finalpage/2026-06-10/e6f75626-776e-4264-9016-a3f699dd3b71.PDF,2026-09-05T06:09:25.700138+00:00,,,failed,403 Client Error: Forbidden for url: https://disc.static.szse.cn/disc/disk03/finalpage/2026-06-10/e6f75626-776e-4264-9016-a3f699dd3b71.PDF,,,,
SZSE_1212763743,180801,2022-04-01,中航首钢绿能REIT：中航基金管理有限公司关于中航首钢生物质封闭式基础设施证券投资基金收益分配的公告,https://disc.static.szse.cn/disc/disk03/finalpage/2022-04-01/19f2406b-c18a-40ee-9865-4a5cda8d72b8.PDF,2026-09-05T06:09:25.771856+00:00,,,failed,403 Client Error: Forbidden for url: https://disc.static.szse.cn/disc/disk03/finalpage/2022-04-01/19f2406b-c18a-40ee-9865-4a5cda8d72b8.PDF,,,,
SZSE_1215482083,180801,2022-12-30,中航首钢绿能REIT：中航基金管理有限公司关于中航首钢生物质封闭式基础设施证券投资基金收益分配的公告,https://disc.static.szse.cn/disc/disk03/finalpage/2022-12-29/f6ce5a8c-6c7d-4c52-adeb-bed3ff44a94f.PDF,2026-09-05T06:09:25.840391+00:00,,,failed,403 Client Error: Forbidden for url: https://disc.static.szse.cn/disc/disk03/finalpage/2022-12-29/f6ce5a8c-6c7d-4c52-adeb-bed3ff44a94f.PDF,,,,
SZSE_1216388557,180801,2023-04-13,中航首钢绿能REIT：中航基金管理有限公司关于中航首钢生物质封闭式基础设施证券投资基金收益分配的公告,https://disc.static.szse.cn/disc/disk03/finalpage/2023-04-12/2253f8f6-8d62-4cc5-8fe7-9208337d1941.PDF,2026-09-05T06:09:25.899467+00:00,,,failed,403 Client Error: Forbidden for url: https://disc.static.szse.cn/disc/disk03/finalpage/2023-04-12/2253f8f6-8d62-4cc5-8fe7-9208337d1941.PDF,,,,
SZSE_1218545324,180801,2023-12-08,中航首钢绿能REIT：中航基金管理有限公司关于中航首钢生物质封闭式基础设施证券投资基金收益分配的公告,https://disc.static.szse.cn/disc/disk03/finalpage/2023-12-07/38971be8-ffe0-46e8-9ecc-0d9688c67dce.PDF,2026-09-05T06:09:25.981700+00:00,,,failed,403 Client Error: Forbidden for url: https://disc.static.szse.cn/disc/disk03/finalpage/2023-12-07/38971be8-ffe0-46e8-9ecc-0d9688c67dce.PDF,,,,
SZSE_1219663024,180801,2024-04-19,中航首钢绿能REIT：中航基金管理有限公司关于中航首钢生物质封闭式基础设施证券投资基金收益分配的公告,https://disc.static.szse.cn/disc/disk03/finalpage/2024-04-18/e5d8fc71-a7a6-4e2c-9f46-f718192a8e70.PDF,2026-09-05T06:09:26.068487+00:00,,,failed,403 Client Error: Forbidden for url: https://disc.static.szse.cn/disc/disk03/finalpage/2024-04-18/e5d8fc71-a7a6-4e2c-9f46-f718192a8e70.PDF,,,,
SZSE_1220870216,180801,2024-08-15,中航首钢绿能REIT：中航基金管理有限公司关于中航首钢生物质封闭式基础设施证券投资基金收益分配的公告,https://disc.static.szse.cn/disc/disk03/finalpage/2024-08-14/c6ada04a-adfe-4f52-9706-4292ed649153.PDF,2026-09-05T06:09:26.140350+00:00,,,failed,403 Client Error: Forbidden for url: https://disc.static.szse.cn/disc/disk03/finalpage/2024-08-14/c6ada04a-adfe-4f52-9706-4292ed649153.PDF,,,,
SZSE_1221683566,180801,2024-11-12,中航首钢绿能REIT：中航基金管理有限公司关于中航首钢生物质封闭式基础设施证券投资基金收益分配的公告,https://disc.static.szse.cn/disc/disk03/finalpage/2024-11-11/952f606c-de81-452f-9dff-3b66f631b130.PDF,2026-09-05T06:09:26.200900+00:00,,,failed,403 Client Error: Forbidden for url: https://disc.static.szse.cn/disc/disk03/finalpage/2024-11-11/952f606c-de81-452f-9dff-3b66f631b130.PDF,,,,
SZSE_1223053659,180801,2025-04-11,中航首钢绿能REIT：中航基金管理有限公司关于中航首钢生物质封闭式基础设施证券投资基金收益分配的公告,https://disc.static.szse.cn/disc/disk03/finalpage/2025-04-10/b5eb3638-8f8a-4edc-a8bb-6cd3d8b0e890.PDF,2026-09-05T06:09:26.278975+00:00,,,failed,403 Client Error: Forbidden for url: https://disc.static.szse.cn/disc/disk03/finalpage/2025-04-10/b5eb3638-8f8a-4edc-a8bb-6cd3d8b0e890.PDF,,,,
SZSE_1224651933,180801,2025-09-12,中航首钢绿能REIT：中航基金管理有限公司关于中航首钢生物质封闭式基础设施证券投资基金收益分配的公告,https://disc.static.szse.cn/disc/disk03/finalpage/2025-09-12/475ec169-fcda-4c0b-8d10-49c2967cd15b.PDF,2026-09-05T06:09:26.342143+00:00,,,failed,403 Client Error: Forbidden for url: https://disc.static.szse.cn/disc/disk03/finalpage/2025-09-12/475ec169-fcda-4c0b-8d10-49c2967cd15b.PDF,,,,
SZSE_1224797337,180801,2025-11-12,中航首钢绿能REIT：中航基金管理有限公司关于中航首钢生物质封闭式基础设施证券投资基金收益分配的公告,https://disc.static.szse.cn/disc/disk03/finalpage/2025-11-12/9c428674-c067-4ca2-afde-af9f97715ec6.PDF,2026-09-05T06:09:26.404984+00:00,,,failed,403 Client Error: Forbidden for url: https://disc.static.szse.cn/disc/disk03/finalpage/2025-11-12/9c428674-c067-4ca2-afde-af9f97715ec6.PDF,,,,
SZSE_1225124846,180801,2026-04-21,中航首钢绿能REIT：中航基金管理有限公司关于中航首钢生物质封闭式基础设施证券投资基金收益分配的公告,https://disc.static.szse.cn/disc/disk03/finalpage/2026-04-21/a9dd298c-e95d-456c-8311-c512eaad4f5a.PDF,2026-09-05T06:09:26.466080+00:00,,,failed,403 Client Error: Forbidden for url: https://disc.static.szse.cn/disc/disk03/finalpage/2026-04-21/a9dd298c-e95d-456c-8311-c512eaad4f5a.PDF,,,,
SSE_508001_20241127_WMJJ,508001,2024-11-27,浙商证券沪杭甬杭徽高速封闭式基础设施证券投资基金2024年第二次分红公告,https://www.sse.com.cn/disclosure/fund/announcement/c/new/2024-11-27/508001_20241127_WMJJ.pdf,2026-09-05T06:09:26.744337+00:00,1c3cd4b696813c7f24f9dd4f75c2b56875e95e78176c33556e0570399e52a8d5,157710.0,success,,2024-12-05 00:00:00,0.4277999999999999,4.278,本次分红方案（单位:元/1 4.278 0份基金份额） 1 ；除息日分配金额的99.9874%。 截至基准日公募REITs按照本次分红比例计算的应分配金额与实际分配金额间可能存在 尾差，具体以注册登记机构的规则为准。 2 与分红相关的其他信息 权益登记日 2024年11月29日 2024年12月02日(场 除息日 2024年11月29日(场外) 内) 2024年12月05日(场
SSE_508001_20240625_U6PY,508001,2024-06-25,浙商证券沪杭甬杭徽高速封闭式基础设施证券投资基金2024年第一次分红公告,https://www.sse.com.cn/disclosure/fund/announcement/c/new/2024-06-25/508001_20240625_U6PY.pdf,2026-09-05T06:11:17.880616+00:00,eed026f73cc05501e86fce365854920a9803bdabc2cbac55546746bbce240da4,89386.0,success,,2024-06-28 00:00:00,0.9079,9.079,"本次分红方案（单位:元/10份 9.079 基金份额） ；除息日8,000,000.00 4. 资本性支出 -28,032,873.26 本期可供分配金额 453,960,442.16 2 与分红相关的其他信息 权益登记日 2024年06月27日 2024年06月28日(场 2024年06月27日(场 除息日 内) 外) 2024年07月03日(场 2024年07月01日(场"
SSE_508006_20220120_1_E09OYRmy,508006,2022-01-20,富国首创水务封闭式基础设施证券投资基金2021年第一次收益分配公告,https://www.sse.com.cn/disclosure/fund/announcement/c/new/2022-01-20/508006_20220120_1_E09OYRmy.pdf,2026-09-05T06:11:17.880892+00:00,b0ec46ad4d806e4a7599ffeb1c37020a7462275691bf2d1372389af7e9eb8830,150770.0,failed,PDF没有可用文字层,,,,
SSE_508006_20220916_1_imFL17Gd,508006,2022-09-16,富国首创水务封闭式基础设施证券投资基金2022年第一次收益分配公告,https://www.sse.com.cn/disclosure/fund/announcement/c/new/2022-09-16/508006_20220916_1_imFL17Gd.pdf,2026-09-05T06:11:18.159754+00:00,2be4df1b4a097d1c3725021d825f07ec2367c0d553d95a36d06b578cd33bdac2,146927.0,failed,PDF没有可用文字层,,,,
SSE_508006_20230403_8LMB,508006,2023-04-03,富国首创水务封闭式基础设施证券投资基金2022年第二次收益分配公告,https://www.sse.com.cn/disclosure/fund/announcement/c/new/2023-04-03/508006_20230403_8LMB.pdf,2026-09-05T06:11:18.179997+00:00,f73c151436eea7fb839522525a88d9357185efc3b154f219c326d61146dd57f9,161672.0,failed,PDF没有可用文字层,,,,
SSE_508006_20230907_CZ0V,508006,2023-09-07,富国首创水务封闭式基础设施证券投资基金2023年第一次收益分配公告,https://www.sse.com.cn/disclosure/fund/announcement/c/new/2023-09-07/508006_20230907_CZ0V.pdf,2026-09-05T06:11:18.395659+00:00,ceadd11e8a6174b1abd49fd37e209d6af081c626d0f6b831f447f6d3b405d53e,158099.0,failed,PDF没有可用文字层,,,,
SSE_508006_20240402_YVOY,508006,2024-04-02,富国首创水务封闭式基础设施证券投资基金2023年第二次收益分配公告,https://www.sse.com.cn/disclosure/fund/announcement/c/new/2024-04-02/508006_20240402_YVOY.pdf,2026-09-05T06:11:18.395986+00:00,bb94af1e4213750f46166b3311798f79957c9b8c414ac870d2ad9c67f7ec2991,149445.0,failed,PDF没有可用文字层,,,,
SSE_508006_20240906_9VH0,508006,2024-09-06,富国首创水务封闭式基础设施证券投资基金2024年第一次收益分配公告,https://www.sse.com.cn/disclosure/fund/announcement/c/new/2024-09-06/508006_20240906_9VH0.pdf,2026-09-05T06:11:18.651720+00:00,b88a0098c5aaae7440710db329872a4f45ee63fc12d683c261406de6fa29564b,148184.0,failed,PDF没有可用文字层,,,,
SSE_508006_20250407_UD17,508006,2025-04-07,富国首创水务封闭式基础设施证券投资基金2024年第二次收益分配公告,https://www.sse.com.cn/disclosure/fund/announcement/c/new/2025-04-07/508006_20250407_UD17.pdf,2026-09-05T06:11:18.652282+00:00,483e04690b345c1bdff6bb32fe3d131175ff23d1504808f4a2dec253834fc903,150816.0,failed,PDF没有可用文字层,,,,
SSE_508006_20250911_KJ1G,508006,2025-09-11,富国首创水务封闭式基础设施证券投资基金2025年第一次收益分配公告,https://www.sse.com.cn/disclosure/fund/announcement/c/new/2025-09-11/508006_20250911_KJ1G.pdf,2026-09-05T06:11:19.028119+00:00,7a52d54c8357b2955c4d821b7a343427e3c61db0265213876ce3b287ac4ac550,147660.0,failed,PDF没有可用文字层,,,,
SSE_508006_20260401_9RZB,508006,2026-04-01,富国首创水务封闭式基础设施证券投资基金2025年第二次收益分配公告,https://www.sse.com.cn/disclosure/fund/announcement/c/new/2026-04-01/508006_20260401_9RZB.pdf,2026-09-05T06:11:19.042080+00:00,e8142e78f2f4c4fd34d489b51133f334b4e0f7852ba86863f002ee72b6c23389,160174.0,failed,PDF没有可用文字层,,,,
SSE_508008_20230404_QT0A,508008,2023-04-04,国金铁建重庆渝遂高速公路封闭式基础设施证券投资基金2023年第一次分红公告,https://www.sse.com.cn/disclosure/fund/announcement/c/new/2023-04-04/508008_20230404_QT0A.pdf,2026-09-05T06:11:19.289497+00:00,178987b2600587f9ff3572e345ab7074df548c4a8fc445a0cb0d75da02f8957a,400367.0,failed,PDF没有可用文字层,,,,
SSE_508015_20241216_79R4,508015,2024-12-16,中信建投明阳智能新能源封闭式基础设施证券投资基金2024年第一次基金收益分配的公告,https://www.sse.com.cn/disclosure/fund/announcement/c/new/2024-12-16/508015_20241216_79R4.pdf,2026-09-05T06:11:19.290358+00:00,1a7147a8d04e5e4a72d0594bca2ff9684d7d61f9f1c365ebdc74d0c11df75c20,1056433.0,failed,PDF没有可用文字层,,,,
SSE_508015_20250331_VOH7,508015,2025-03-31,中信建投明阳智能新能源封闭式基础设施证券投资基金2024年第二次基金收益分配的公告,https://www.sse.com.cn/disclosure/fund/announcement/c/new/2025-03-31/508015_20250331_VOH7.pdf,2026-09-05T06:11:19.669042+00:00,daded33a2013133db7af5760c0dc79d8439f3a5fe98a465088f17f43854be43c,1230191.0,failed,PDF没有可用文字层,,,,
SSE_508015_20250919_QNBU,508015,2025-09-19,中信建投明阳智能新能源封闭式基础设施证券投资基金2025年第一次基金收益分配的公告,https://www.sse.com.cn/disclosure/fund/announcement/c/new/2025-09-19/508015_20250919_QNBU.pdf,2026-09-05T06:11:19.906972+00:00,efcd077af9d4db3d4d85fc971c2bbe30d7896ec2c27c08de5442be7715fea1c8,996816.0,failed,PDF没有可用文字层,,,,
SSE_508015_20260105_SQYW,508015,2026-01-05,中信建投明阳智能新能源封闭式基础设施证券投资基金2025年第二次基金收益分配的公告,https://www.sse.com.cn/disclosure/fund/announcement/c/new/2026-01-05/508015_20260105_SQYW.pdf,2026-09-05T06:11:20.284199+00:00,01e070dd0ebfb3801b33a6a19d4394514d76fe085f4d7df8dfb67f98207eefd8,1022400.0,failed,PDF没有可用文字层,,,,
SSE_508015_20260515_GCOV,508015,2026-05-15,中信建投明阳智能新能源封闭式基础设施证券投资基金2025年第三次基金收益分配的公告,https://www.sse.com.cn/disclosure/fund/announcement/c/new/2026-05-15/508015_20260515_GCOV.pdf,2026-09-05T06:11:20.450101+00:00,980cd7aa1df67da572ca4fdc8293645ca316b859a09a08bad5d0d8c000323b7b,1976921.0,failed,PDF没有可用文字层,,,,
SSE_508021_20230413_1YQC,508021,2023-04-13,国泰君安临港创新智造产业园封闭式基础设施证券投资基金收益分配的公告,https://www.sse.com.cn/disclosure/fund/announcement/c/new/2023-04-13/508021_20230413_1YQC.pdf,2026-09-05T06:11:20.705085+00:00,e7bd56d377c9ee129b55a9edf7254761081d2a101259ad773537a458c6bc8024,134462.0,success,,2023-04-18 00:00:00,0.06722,0.6722,本次分红方案（单位:元/ 0.6722 10 份基金份额） ；除息日止基准日公募 REITs 按照本次分红比例计算的应分配金额与实 际分配金额间可能存在尾差，具体以注册登记机构的规则为准。 2 与分红相关的其他信息 权益登记日 2023年04月17日 2023年04月18日（场 2023年04月17日（场 除息日 内） 外） 2023年04月21日（场 2023年04月19日（场
SSE_508021_20240418_58F7,508021,2024-04-18,国泰君安临港创新智造产业园封闭式基础设施证券投资基金收益分配的公告,https://www.sse.com.cn/disclosure/fund/announcement/c/new/2024-04-18/508021_20240418_58F7.pdf,2026-09-05T06:11:20.976698+00:00,43dbb39de8b79e22f7a1ed50cf3549090948bd1210c5d7de36b3152ecd878096,164352.0,success,,2024-04-23 00:00:00,0.19704,1.9704,本次分红方案（单位:元/ 1.9704 10 份基金份额） ；除息日止基准日公募 REITs 按照本次分红比例计算的应分配金额与实际分 配金额间可能存在尾差，具体以注册登记机构的规则为准。 2 与分红相关的其他信息 权益登记日 2024年04月22日 2024年04月23日（场 2024年04月22日（场 除息日 内） 外） 2024年04月26日（场 2024年04月24日（场
SSE_508021_20250422_ACM3,508021,2025-04-22,国泰君安临港创新智造产业园封闭式基础设施证券投资基金收益分配的公告,https://www.sse.com.cn/disclosure/fund/announcement/c/new/2025-04-22/508021_20250422_ACM3.pdf,2026-09-05T06:11:21.228036+00:00,6e15abbcc825b0b9fc7e9fd2f705ea1bbe170fd13631f845c08c088c9a7d83c1,171980.0,success,,2025-04-25 00:00:00,0.16715,1.6715,本次分红方案（单位:元/ 1.6715 10 份基金份额） ；除息日止基准日公募 REITs 按照本次分红比例计算的应分配金额与实际 分配金额间可能存在尾差，具体以注册登记机构的规则为准。 2 与分红相关的其他信息 权益登记日 2025年04月24日 2025年04月25日（场 2025年04月24日（场 除息日 内） 外） 2025年04月30日（场 2025年04月28日（场
SSE_508021_20260422_KWUZ,508021,2026-04-22,国泰海通临港创新智造产业园封闭式基础设施证券投资基金收益分配的公告,https://www.sse.com.cn/disclosure/fund/announcement/c/new/2026-04-22/508021_20260422_KWUZ.pdf,2026-09-05T06:11:21.255011+00:00,030629db887b488fd8647baaa1b67344ccb7ef59cfae9e4950263c346b0e6cdb,171037.0,success,,2026-04-27 00:00:00,0.11435,1.1435,本次分红方案（单位:元/ 1.1435 10 份基金份额） ；除息日止基准日公募 REITs 按照本次分红比例计算的应分配金额与实际 分配金额间可能存在尾差，具体以注册登记机构的规则为准。 2 与分红相关的其他信息 权益登记日 2026年04月24日 2026年04月27日（场 2026年04月24日（场 除息日 内） 外） 2026年04月30日（场 2026年04月28日（场
SSE_508027_20240411_93SD,508027,2024-04-11,东吴基金管理有限公司关于东吴苏州工业园区产业园封闭式基础设施证券投资基金2023年收益分配的公告,https://www.sse.com.cn/disclosure/fund/announcement/c/new/2024-04-11/508027_20240411_93SD.pdf,2026-09-05T06:11:21.421090+00:00,83efc9d31f9d28ee53befb3fc02d2c1556cb5c09ffa95cc58c0a4b8d51fb0bd5,1275782.0,failed,PDF没有可用文字层,,,,
SSE_508027_20250417_JEIZ,508027,2025-04-17,东吴基金管理有限公司关于东吴苏州工业园区产业园封闭式基础设施证券投资基金2024年收益分配的公告,https://www.sse.com.cn/disclosure/fund/announcement/c/new/2025-04-17/508027_20250417_JEIZ.pdf,2026-09-05T06:11:21.439830+00:00,3fb9014a0a9103a6af4d9013ce6222b3f700c86fd720077dc979bdd18960b6c3,1357780.0,failed,PDF没有可用文字层,,,,
SSE_508027_20260421_BMMF,508027,2026-04-21,关于东吴苏州工业园区产业园封闭式基础设施证券投资基金收益分配的公告,https://www.sse.com.cn/disclosure/fund/announcement/c/new/2026-04-21/508027_20260421_BMMF.pdf,2026-09-05T06:11:21.929385+00:00,8c2eafeba97f1ff308e7c4211b9576e5849bc4429506d02a62b0007998073cd2,756853.0,failed,PDF没有可用文字层,,,,
SSE_508028_20240418_41LE,508028,2024-04-18,中信建投国家电投新能源封闭式基础设施证券投资基金2023年第三次基金收益分配的公告,https://www.sse.com.cn/disclosure/fund/announcement/c/new/2024-04-18/508028_20240418_41LE.pdf,2026-09-05T06:11:21.972606+00:00,ccd81a06827094dfd40d7554a56f41816d604ab9bb8544c49d30e62c1d4c8504,1144959.0,failed,PDF没有可用文字层,,,,
SSE_508028_20240919_GV5X,508028,2024-09-19,中信建投国家电投新能源封闭式基础设施证券投资基金2024年第一次基金收益分配的公告,https://www.sse.com.cn/disclosure/fund/announcement/c/new/2024-09-19/508028_20240919_GV5X.pdf,2026-09-05T06:11:22.297318+00:00,7ace5ea25ad98caa7b3d3fc6b76e4737407f24c4bbc5872d4468fcccec08a4e6,1045519.0,failed,PDF没有可用文字层,,,,
SSE_508028_20241216_OA5R,508028,2024-12-16,中信建投国家电投新能源封闭式基础设施证券投资基金2024年第二次基金收益分配的公告,https://www.sse.com.cn/disclosure/fund/announcement/c/new/2024-12-16/508028_20241216_OA5R.pdf,2026-09-05T06:11:22.454398+00:00,c0770d5a25366b70c0927bd70be57c34a3d0127a757322ce4cff9d7ea6e9887e,1180176.0,failed,PDF没有可用文字层,,,,
SSE_508028_20250331_2T48,508028,2025-03-31,中信建投国家电投新能源封闭式基础设施证券投资基金2024年第三次基金收益分配的公告,https://www.sse.com.cn/disclosure/fund/announcement/c/new/2025-03-31/508028_20250331_2T48.pdf,2026-09-05T06:11:22.852032+00:00,3b0a5e21296d37dc31276cb520d3b0c167cbef80c19e33ea4e1573868c931a0a,1078130.0,failed,PDF没有可用文字层,,,,
SSE_508028_20251226_LP3G,508028,2025-12-26,中信建投国家电投新能源封闭式基础设施证券投资基金2025年第一次基金收益分配的公告,https://www.sse.com.cn/disclosure/fund/announcement/c/new/2025-12-26/508028_20251226_LP3G.pdf,2026-09-05T06:11:22.903382+00:00,4c1ce9c43ce03fac865dd7c93217791d81e2f16136380504c311fbf69c73b3b2,1041983.0,failed,PDF没有可用文字层,,,,
SSE_508028_20260522_N2EU,508028,2026-05-22,中信建投国家电投新能源封闭式基础设施证券投资基金2025年第二次基金收益分配的公告,https://www.sse.com.cn/disclosure/fund/announcement/c/new/2026-05-22/508028_20260522_N2EU.pdf,2026-09-05T06:11:23.312592+00:00,a4269c8b9a1f5c524becf8478bd7ccdb3f1a4f0415c0ba5205f85a4a8cc548c0,987904.0,failed,PDF没有可用文字层,,,,
SSE_508029_20260122_8S9J,508029,2026-01-22,中信建投沈阳国际软件园封闭式基础设施证券投资基金2025年基金收益分配的公告,https://www.sse.com.cn/disclosure/fund/announcement/c/new/2026-01-22/508029_20260122_8S9J.pdf,2026-09-05T06:11:23.361116+00:00,c9084bb0f394d7a2b33f9a3d0bd525814d39d6b094e55c2b778377665b7ca0af,3251089.0,failed,PDF没有可用文字层,,,,
SSE_508029_20260630_WFQP,508029,2026-06-30,中信建投沈阳国际软件园封闭式基础设施证券投资基金2026年第一次基金收益分配的公告,https://www.sse.com.cn/disclosure/fund/announcement/c/new/2026-06-30/508029_20260630_WFQP.pdf,2026-09-05T06:11:24.060494+00:00,a1be14e089829e41cd081052acb8a79936feb62b9766b7be1e8845b6ae5d92e4,3666396.0,failed,PDF没有可用文字层,,,,
SSE_508031_20240912_FL3W,508031,2024-09-12,国泰君安城投宽庭保障性租赁住房封闭式基础设施证券投资基金收益分配的公告,https://www.sse.com.cn/disclosure/fund/announcement/c/new/2024-09-12/508031_20240912_FL3W.pdf,2026-09-05T06:11:24.154980+00:00,2d41cf373ea48cd2544ed79134c80a1b38a345dfe8bfd2e1ada83106d08df7eb,153618.0,success,,2024-09-19 00:00:00,0.06501,0.6501,本次分红方案（单位:元/ 0.6501 10 份基金份额） ；除息日%。截止基准日公募 REITs 按照本次分红比例计算的应分配金额与实 际分配金额间可能存在尾差，具体以注册登记机构的规则为准。 2 与分红相关的其他信息 权益登记日 2024年9月18日 2024年9月19日（场 2024年9月18日（场 除息日 内） 外） 2024年9月24日（场 2024年9月20日（场
SSE_508031_20250422_NNQU,508031,2025-04-22,国泰君安城投宽庭保障性租赁住房封闭式基础设施证券投资基金收益分配的公告,https://www.sse.com.cn/disclosure/fund/announcement/c/new/2025-04-22/508031_20250422_NNQU.pdf,2026-09-05T06:11:24.542625+00:00,c8bb46e6ad9b581b728dcbea0c4c30c18ff6dafc24d032e32b497d92bf6e64e8,154828.0,success,,2025-04-25 00:00:00,0.06725,0.6725,本次分红方案（单位:元/ 0.6725 10 份基金份额） ；除息日止基准日公募 REITs 按照本次分红比例计算的应分配金额与实际分配金额间可 能存在尾差，具体以注册登记机构的规则为准。 2 与分红相关的其他信息 权益登记日 2025年04月24日 2025年04月25日（场 2025年04月24日（场 除息日 内） 外） 2025年04月30日（场 2025年04月28日（场
SSE_508031_20250918_SKDN,508031,2025-09-18,国泰君安城投宽庭保障性租赁住房封闭式基础设施证券投资基金收益分配的公告,https://www.sse.com.cn/disclosure/fund/announcement/c/new/2025-09-18/508031_20250918_SKDN.pdf,2026-09-05T06:11:24.880728+00:00,79628e6fac03b60d2f314d4f6c4a9f4a728dbbad79c1024b47ba19de20526b3b,169708.0,success,,2025-09-23 00:00:00,0.06336,0.6336,本次分红方案（单位:元/ 0.6336 10 份基金份额） ；除息日止基准日公募 REITs 按照本次分红比例计算的应分配金额与实际分配金额间可 能存在尾差，具体以注册登记机构的规则为准。 2 与分红相关的其他信息 权益登记日 2025年09月22日 2025年09月23日（场 2025年09月22日（场 除息日 内） 外） 2025年09月26日（场 2025年09月24日（场
SSE_508031_20260422_RSWK,508031,2026-04-22,国泰海通城投宽庭保障性租赁住房封闭式基础设施证券投资基金收益分配的公告,https://www.sse.com.cn/disclosure/fund/announcement/c/new/2026-04-22/508031_20260422_RSWK.pdf,2026-09-05T06:11:25.822549+00:00,b8ecbd02da7b0a64f4b809d77b0fdbb767486dadb68344650f183632079b4584,168952.0,success,,2026-04-27 00:00:00,0.0646,0.646,本次分红方案（单位:元/ 0.6460 10 份基金份额） ；除息日止基准日公募 REITs 按照本次分红比例计算的应分配金额与实际分配金额间可 能存在尾差，具体以注册登记机构的规则为准。 2 与分红相关的其他信息 权益登记日 2026年04月24日 2026年04月27日（场 2026年04月24日（场 除息日 内） 外） 2026年04月30日（场 2026年04月28日（场
SSE_508036_20250416_B93D,508036,2025-04-16,平安基金管理有限公司关于平安宁波交投杭州湾跨海大桥封闭式基础设施证券投资基金分红的公告,https://www.sse.com.cn/disclosure/fund/announcement/c/new/2025-04-16/508036_20250416_B93D.pdf,2026-09-05T06:11:25.918158+00:00,02015d8b5de498dcb5b89fa7aaf8e5d2feb9009b38bccb6f90a56c6865f26790,169832.0,failed,PDF没有可用文字层,,,,
SSE_508066_20230424_SSQD,508066,2023-04-24,华泰紫金江苏交控高速公路封闭式基础设施证券投资基金收益分配的公告,https://www.sse.com.cn/disclosure/fund/announcement/c/new/2023-04-24/508066_20230424_SSQD.pdf,2026-09-05T06:11:26.101238+00:00,b0c45ea315623a8853ad321077f73be5909220e497844ef9953ef43ab7bc866f,1911138.0,failed,PDF没有可用文字层,,,,
SSE_508066_20240516_B1A2,508066,2024-05-16,华泰证券（上海）资产管理有限公司关于华泰紫金江苏交控高速公路封闭式基础设施证券投资基金收益分配的公告,https://www.sse.com.cn/disclosure/fund/announcement/c/new/2024-05-16/508066_20240516_B1A2.pdf,2026-09-05T06:11:26.144257+00:00,5427a7b0e6a5068e907db54e28872e907f552cb307162e044172ebe6cb83301d,796905.0,failed,PDF没有可用文字层,,,,
SSE_508066_20241122_QL7U,508066,2024-11-22,华泰证券(上海)资产管理有限公司关于华泰紫金江苏交控高速公路封闭式基础设施证券投资基金收益分配的公告,https://www.sse.com.cn/disclosure/fund/announcement/c/new/2024-11-22/508066_20241122_QL7U.pdf,2026-09-05T06:11:26.855816+00:00,bc52cd04713b7d4d1dd3caeb26b2465c92456d8b8feba95e26519a082a6e6837,764614.0,failed,PDF没有可用文字层,,,,
SSE_508087_20250805_GIQD,508087,2025-08-05,国泰君安济南能源供热封闭式基础设施证券投资基金收益分配的公告,https://www.sse.com.cn/disclosure/fund/announcement/c/new/2025-08-05/508087_20250805_GIQD.pdf,2026-09-05T06:11:27.167661+00:00,3ed28060ad046a412671c0f39717ed55661f923f56f58323c4e317c46ec74ab7,167884.0,success,,2025-08-08 00:00:00,0.38419,3.8419,本次分红方案（单位:元/ 3.8419 10 份基金份额） ；除息日止基准日公募 REITs 按照本次分红比例计算的应分配金额与 实际分配金额间可能存在尾差，具体以注册登记机构的规则为准。 2 与分红相关的其他信息 权益登记日 2025年08月07日 2025年08月08日（场 2025年08月07日（场 除息日 内） 外） 2025年08月13日（场 2025年08月11日（场
SSE_508087_20260422_J4HK,508087,2026-04-22,国泰海通济南能源供热封闭式基础设施证券投资基金收益分配的公告,https://www.sse.com.cn/disclosure/fund/announcement/c/new/2026-04-22/508087_20260422_J4HK.pdf,2026-09-05T06:11:27.419926+00:00,e712d2afd62f323192a4e93b4957539d128f0662e2126b40396844276e3706b7,168487.0,success,,2026-04-27 00:00:00,0.25792,2.5792,本次分红方案（单位:元/ 2.5792 10 份基金份额） ；除息日止基准日公募 REITs 按照本次分红比例计算的应分配金额与实 际分配金额间可能存在尾差，具体以注册登记机构的规则为准。 2 与分红相关的其他信息 权益登记日 2026年04月24日 2026年04月27日（场 2026年04月24日（场 除息日 内） 外） 2026年04月30日（场 2026年04月28日（场
SSE_508088_20230413_F99N,508088,2023-04-13,国泰君安东久新经济产业园封闭式基础设施证券投资基金收益分配的公告,https://www.sse.com.cn/disclosure/fund/announcement/c/new/2023-04-13/508088_20230413_F99N.pdf,2026-09-05T06:11:27.463037+00:00,2881cab37e356ef74035d280fa89ddd0fef87d07c73a629e9da1f3a66aec2e0e,134556.0,success,,2023-04-18 00:00:00,0.0517399999999999,0.5174,本次分红方案（单位:元/ 0.5174 10 份基金份额） ；除息日止基准日公募 REITs 按照本次分红比例计算的应分配金额与实际分配金 额间可能存在尾差，具体以注册登记机构的规则为准。 2 与分红相关的其他信息 权益登记日 2023年04月17日 2023年04月18日（场 2023年04月17日（场 除息日 内） 外） 2023年04月21日（场 2023年04月19日（场
SSE_508088_20231214_M25C,508088,2023-12-14,国泰君安东久新经济产业园封闭式基础设施证券投资基金收益分配的公告,https://www.sse.com.cn/disclosure/fund/announcement/c/new/2023-12-14/508088_20231214_M25C.pdf,2026-09-05T06:11:27.575482+00:00,1049c024ff272c6b959c417bd9500d8cb929bdac5c9d413220c7be2141a9a27f,162176.0,success,,2023-12-19 00:00:00,0.0870399999999999,0.8704,本次分红方案（单位:元/ 0.8704 10 份基金份额） ；除息日基准日 公募 REITs 按照本次分红比例计算的应分配金额与实际分配金额间可能存在尾差，具体 以注册登记机构的规则为准。 2 与分红相关的其他信息 权益登记日 2023年12月18日 2023年12月19日（场 2023年12月18日（场 除息日 内） 外） 2023年12月22日（场 2023年12月20日（场
SSE_508088_20240418_778R,508088,2024-04-18,国泰君安东久新经济产业园封闭式基础设施证券投资基金收益分配的公告,https://www.sse.com.cn/disclosure/fund/announcement/c/new/2024-04-18/508088_20240418_778R.pdf,2026-09-05T06:11:27.638017+00:00,fd20fc97d67b46614d8de6c286bf0501f6f1daf24813b47af997059f0e11c207,162102.0,success,,2024-04-23 00:00:00,0.074,0.74,本次分红方案（单位:元/ 0.7400 10 份基金份额） ；除息日止基准日公募 REITs 按照本次分红比例计算的应分配金额与实际分配金额间可能存在 尾差，具体以注册登记机构的规则为准。 2 与分红相关的其他信息 权益登记日 2024年04月22日 2024年04月23日（场 2024年04月22日（场 除息日 内） 外） 2024年04月26日（场 2024年04月24日（场
SSE_508088_20250422_L72Y,508088,2025-04-22,国泰君安东久新经济产业园封闭式基础设施证券投资基金收益分配的公告,https://www.sse.com.cn/disclosure/fund/announcement/c/new/2025-04-22/508088_20250422_L72Y.pdf,2026-09-05T06:11:27.737699+00:00,791e4810cac264c0046d99d0256ce9535af29ab810e2da422a5055af52c712b7,170609.0,success,,2025-04-25 00:00:00,0.15536,1.5536,本次分红方案（单位:元/ 1.5536 10 份基金份额） ；除息日止基准日公募 REITs 按照本次分红比例 计算的应分配金额与实际分配金额间可能存在尾差，具体以注册登记机构的规则为准。 2 与分红相关的其他信息 权益登记日 2025年04月24日 2025年04月25日（场 2025年04月24日（场 除息日 内） 外） 2025年04月30日（场 2025年04月28日（场
SSE_508088_20260422_1UPJ,508088,2026-04-22,国泰海通东久新经济产业园封闭式基础设施证券投资基金收益分配的公告,https://www.sse.com.cn/disclosure/fund/announcement/c/new/2026-04-22/508088_20260422_1UPJ.pdf,2026-09-05T06:11:27.791085+00:00,a9d03b1d6cbd40bb4abd7842f37041e6b29dc8dec8095195a2d701cace06657a,169685.0,success,,2026-04-27 00:00:00,0.12175,1.2175,本次分红方案（单位:元/ 1.2175 10 份基金份额） ；除息日止基准日公募 REITs 按照本次分红比例 计算的应分配金额与实际分配金额间可能存在尾差，具体以注册登记机构的规则为准。 2 与分红相关的其他信息 权益登记日 2026年04月24日 2026年04月27日（场 2026年04月24日（场 除息日 内） 外） 2026年04月30日（场 2026年04月28日（场
