symbol,publication_date,ex_date,dpu_per_unit,disclosed_rmb_per_10_units,source_url,verification_status,raw_text,source_sha256
180101,2021-11-26,2021-12-01,0.0274,0.274,https://disc.static.szse.cn/disc/disk02/finalpage/2021-11-26/a275f84e-c50f-4968-a64c-b259ee041bf5.PDF,machine_extracted_official_pdf,本次分红方案（单位：人民币元/10 份 0.2740 基金份额） ；除息日 2021 年 12 月 1 日（场内） 2021 年 11 月 30 日（场外）,53413d9bcbb1e0aa7bdb5a3c031ed48d400eeb653e8829d036f9f3f966a56cf6
180101,2022-04-01,2022-04-08,0.0301,0.301,https://disc.static.szse.cn/disc/disk03/finalpage/2022-04-01/c75f25ba-0f1d-4c28-bd69-bcd6d3a39a34.PDF,machine_extracted_official_pdf,本次分红方案（单位：人民币元/10 份 0.3010 基金份额） ；除息日 2022 年 4 月 8 日（场内） 2022 年 4 月 7 日（场外）,657626352f0a73d976694894ab0fbd738bee6ee7a33fb51deb8a899cdae38180
180101,2022-12-15,2022-12-20,0.0566,0.566,https://disc.static.szse.cn/disc/disk03/finalpage/2022-12-14/9364b9fe-1684-420e-ac0e-c19c649b80f0.PDF,machine_extracted_official_pdf,本次分红方案（单位：人民币元/10 份 0.5660 基金份额） ；除息日 2022 年 12 月 20 日（场内） 2022 年 12 月 19 日（场外）,f9c291d3a86a86003444ae56b7d52c52a4324e21ea6788cd522cf323a4ac51d3
180101,2023-03-31,2023-04-06,0.0396,0.396,https://disc.static.szse.cn/disc/disk03/finalpage/2023-03-30/b280998e-de28-4cec-98b7-82355d441362.PDF,machine_extracted_official_pdf,本次分红方案（单位：人民币元/10 份 0.3960 基金份额） ；除息日 2023 年 4 月 6 日（场内） 2023 年 4 月 4 日（场外）,8dc9eccc828219a13d8222a4d5cd9618e8a2b55172e1d59fed6d8af8806accd8
180101,2023-10-27,2023-11-01,0.0479,0.479,https://disc.static.szse.cn/disc/disk03/finalpage/2023-10-26/34fb290f-7a16-412d-9d30-a60c0e7ac8f5.PDF,machine_extracted_official_pdf,本次分红方案（单位：人民币元/10 份 0.4790 基金份额） ；除息日 2023 年 11 月 1 日（场内） 2023 年 10 月 31 日（场外）,258417fdefbf740151a6a5954b685698fdffb8a28ca45eb149bb2044a2bcfd46
180101,2024-04-10,2024-04-15,0.0336,0.336,https://disc.static.szse.cn/disc/disk03/finalpage/2024-04-09/2d287743-d53e-4573-94b9-a7a3b194de12.PDF,machine_extracted_official_pdf,本次分红方案（单位：人民币元/10 份 0.3360 基金份额） ；除息日 2024 年 4 月 15 日（场内） 2024 年 4 月 12 日（场外）,d281d8c2073eb3820dc6360c7d5ae1ee95f6c1363a41cc3e69332985b9254e5d
180101,2024-08-20,2024-08-23,0.0434,0.434,https://disc.static.szse.cn/disc/disk03/finalpage/2024-08-19/d28a7b90-3b38-460b-86b4-fadf86225b6f.PDF,machine_extracted_official_pdf,本次分红方案（单位：人民币元/10 份 0.4340 基金份额） ；除息日 2024 年 8 月 23 日（场内） 2024 年 8 月 22 日（场外）,6443424c836505f357455e791e8d777950bf699a81ac3099bba576ab28a16b44
180101,2026-04-15,2026-04-20,0.0231,0.231,https://disc.static.szse.cn/disc/disk03/finalpage/2026-04-15/892d9148-1781-4b84-b2ff-7a32fb4efa8c.PDF,machine_extracted_official_pdf,本次分红方案（单位：元/10 0.2310 份基金份额） ；除息日 2026 年 4 月 20 日（场内） 2026 年 4 月 17 日（场外）,e06001c75b6315d5acf94ad2fb0953e63d9f7c6b0a57d061782b98b800636476
180102,2025-08-08,2025-08-13,0.02446,0.2446,https://disc.static.szse.cn/disc/disk03/finalpage/2025-08-07/ad6ec83f-5a2c-4d63-87e9-82f98f78d36f.PDF,machine_extracted_official_pdf,本次分红方案（单位：元 0.2446 /10份公募REITs份额） ；除息日 2025年8月13日（场内） 2025年8月12日（场外）,326ba8adcc35edfa20e655a0fef48fcb0fad19f81405e2ffb03ffa2a1552c262
180105,2025-04-10,2025-04-15,0.0439,0.439,https://disc.static.szse.cn/disc/disk03/finalpage/2025-04-09/ee2bba7c-d2ac-43d1-9c76-4c5412301eb7.PDF,machine_extracted_official_pdf,本次分红方案（单位：元/10 份公募 0.439 REITs 份额） ；除息日 2025 年 4 月 15 日（场内） 2025 年 4 月 14 日（场外）,f763978951386c7fe2fe71b716689ea37a298fc976e1a2a572812bc5762df02c
180105,2025-08-29,2025-09-03,0.059,0.59,https://disc.static.szse.cn/disc/disk03/finalpage/2025-08-29/5d62c25e-4820-4292-b946-7caf4af1471b.PDF,machine_extracted_official_pdf,本次分红方案（单位：元/10 份公募 0.590 REITs 份额） ；除息日 2025 年 9 月 3 日（场内） 2025 年 9 月 2 日（场外）,86b80c76b50a4a3d28130c9303f848255deb0b45538c7c5c891b47149dc32fd4
180105,2026-04-03,2026-04-09,0.0405,0.405,https://disc.static.szse.cn/disc/disk03/finalpage/2026-04-03/c31f3e6d-ac85-4a64-a8df-89df505a7342.PDF,machine_extracted_official_pdf,本次分红方案（单位：元/10 份 REITs 份 0.405 额） ；除息日 2026 年 4 月 9 日（场内） 2026 年 4 月 8 日（场外）,a7473d6de8c50a455afdd623b5f710c5a96e28695ed143e7c275b30d2fe04e4f
180106,2025-07-09,2025-07-14,0.11875,1.1875,https://disc.static.szse.cn/disc/disk03/finalpage/2025-07-08/f9ab006c-bfe3-45bb-a2ed-cc9f4d3796be.PDF,machine_extracted_official_pdf,本次分红方案（单位：元/10 份公募 1.1875 REITs 份额） ；除息日 2025 年 7 月 14 日（场内） 2025 年 7 月 11 日（场外）,213788630ffae3e2bead2d533acec1f254e9f5f74254e16d9bdff39bbdace639
180201,2021-12-21,2021-12-24,0.5271,5.271,https://disc.static.szse.cn/disc/disk02/finalpage/2021-12-21/1774464b-543f-47da-81bb-cc807666841d.PDF,machine_extracted_official_pdf,本次分红方案（单位：元/10 份 5.2710 公募 REITs 份额） ；除息日 2021 年 12 月 24 日（场内） 2021 年 12 月 23 日（场外）,3c937a695eac4d01c8be0a6e055ef3a27c9d198107b897436c61b341f3228af0
180201,2022-04-22,2022-04-27,0.2105,2.105,https://disc.static.szse.cn/disc/disk03/finalpage/2022-04-21/47aa09b9-1eab-4aaa-87c3-6728c563d6e7.PDF,machine_extracted_official_pdf,本次分红方案（单位：元/10 份 2.1050 公募 REITs 份额） ；除息日 2022 年 4 月 27 日（场内） 2022 年 4 月 26 日（场外）,3762958e107dcd5cba50f3928c4dc589865258285abc94c1bab4d9c2be93225e
180201,2022-09-21,2022-09-26,0.33071,3.3071,https://disc.static.szse.cn/disc/disk03/finalpage/2022-09-20/8160df67-b912-4568-9778-815e34582421.PDF,machine_extracted_official_pdf,本次分红方案（单位：元/10 份 3.3071 公募 REITs 份额） ；除息日 2022 年 9 月 26 日（场内） 2022 年 9 月 23 日（场外）,fec69f933f18dac9fa7455040503de834875d5d3cd3eb00c6933abb3891c279b
180201,2023-04-12,2023-04-17,0.374,3.74,https://disc.static.szse.cn/disc/disk03/finalpage/2023-04-11/a0074a69-ff1b-4c98-b1ac-847c709b5cce.PDF,machine_extracted_official_pdf,本次分红方案（单位：元/10 份 3.7400 公募 REITs 份额） ；除息日 2023 年 4 月 17 日（场内） 2023 年 4 月 14 日（场外）,084777421d5e6ebcd5855d7866b7e56530be45ddfe2abe339c68e29b2e96685d
180201,2023-08-09,2023-08-14,0.36381,3.6381,https://disc.static.szse.cn/disc/disk03/finalpage/2023-08-08/690497ce-cbb6-46c5-ae3c-da40765ae52c.PDF,machine_extracted_official_pdf,本次分红方案（单位：元/10 份 3.6381 公募 REITs 份额） ；除息日 2023 年 8 月 14 日（场内） 2023 年 8 月 11 日（场外）,a15a07c71c3f4b8832dcf9b1938d46ec17620c89abd5754b6c96f06791557c7e
180201,2023-12-20,2023-12-25,0.2428999999999999,2.429,https://disc.static.szse.cn/disc/disk03/finalpage/2023-12-19/b4cb4645-a2ae-403f-960a-72f2e147239b.PDF,machine_extracted_official_pdf,本次分红方案（单位：元/10 份 2.4290 公募 REITs 份额） ；除息日 2023 年 12 月 25 日（场内） 2023 年 12 月 22 日（场外）,1dd8afdd4fecc083e4378e8ae6effd1b607c50ea95e94bf47cc18f8bdafc91ee
180201,2024-04-22,2024-04-25,0.1699999999999999,1.7,https://disc.static.szse.cn/disc/disk03/finalpage/2024-04-19/0da2b2c3-f28a-427e-8562-fb8e50c375ac.PDF,machine_extracted_official_pdf,本次分红方案（单位：元/10 份 1.7000 公募 REITs 份额） ；除息日 2024 年 4 月 25 日（场内） 2024 年 4 月 24 日（场外）,052b35843cbd650341ba41977f3ccf7ae8d205e8fbc75c00556d0584954de391
180201,2024-07-31,2024-08-05,0.2158,2.158,https://disc.static.szse.cn/disc/disk03/finalpage/2024-07-30/52c39005-5f4d-4599-b783-9efdef1dfdce.PDF,machine_extracted_official_pdf,本次分红方案（单位：元/10 份 2.1580 公募 REITs 份额） ；除息日 2024 年 8 月 5 日（场内） 2024 年 8 月 2 日（场外）,56d840282073a0f7ee957af17c284af809bf845b6d5a8c156678ff98e1dbdb5a
180201,2024-12-11,2024-12-16,0.38,3.8,https://disc.static.szse.cn/disc/disk03/finalpage/2024-12-10/428cc948-0335-48b4-97c2-cf8e912126b0.PDF,machine_extracted_official_pdf,本次分红方案（单位：元/10 份 3.8000 公募 REITs 份额） ；除息日 2024 年 12 月 16 日（场内） 2024 年 12 月 13 日（场外）,06490b09a81b49459ce54773b6c7e05bdaa006c862daa08d2ae1d52331e5e014
180201,2025-03-29,2025-04-02,0.1558,1.558,https://disc.static.szse.cn/disc/disk03/finalpage/2025-03-28/4c421aed-f8cc-4804-853b-992526541c19.PDF,machine_extracted_official_pdf,本次分红方案（单位：元/10 份 1.5580 公募 REITs 份额） ；除息日 2025 年 4 月 2 日（场内） 2025 年 4 月 1 日（场外）,96f49aa0d8b9e6a3f8a5aa66c33f206079aae3b5cc1ccf81d52f00c4f413ad20
180201,2025-08-29,2025-09-03,0.35,3.5,https://disc.static.szse.cn/disc/disk03/finalpage/2025-08-29/27b34ddf-bbe5-48da-bc2e-55fe891eda5c.PDF,machine_extracted_official_pdf,本次分红方案（单位：元/10 份 3.5000 公募 REITs 份额） ；除息日 2025 年 9 月 3 日（场内） 2025 年 9 月 2 日（场外）,2e3fb9daf33898521d217b84064cd3190f05631c5d2542af6fcf9641899260a5
180201,2025-12-19,2025-12-24,0.22,2.2,https://disc.static.szse.cn/disc/disk03/finalpage/2025-12-19/943c1631-8c23-4934-92c8-22d690d8a01a.PDF,machine_extracted_official_pdf,本次分红方案（单位：元/10 份 2.2000 公募 REITs 份额） ；除息日 2025 年 12 月 24 日（场内） 2025 年 12 月 23 日（场外）,22010a28f7afdc43227132b0ee03d9bb4cc2bf8073659c043df6e4d3c27c10bb
180201,2026-04-10,2026-04-15,0.16,1.6,https://disc.static.szse.cn/disc/disk03/finalpage/2026-04-10/513bd77d-ffcd-4214-9056-a7e8dcd91699.PDF,machine_extracted_official_pdf,本次分红方案（单位：元/10 份 1.6000 公募 REITs 份额） ；除息日 2026 年 4 月 15 日（场内） 2026 年 4 月 14 日（场外）,700027bd8574a303eaf1c2bac655e0193e2ba37483beaeb3a4f848c3cd8e2a9d
180201,2026-08-28,2026-09-02,0.353,3.53,https://disc.static.szse.cn/disc/disk03/finalpage/2026-08-28/976f5cee-0945-44be-9af0-54b8686ae8af.PDF,machine_extracted_official_pdf,本次分红方案（单位：元/10 份 3.5300 公募 REITs 份额） ；除息日 2026 年 9 月 2 日（场内） 2026 年 9 月 1 日（场外）,09ec9a5db30e30f5c651d4435e3fe766a4785f04e0aff8205add79b916de09ba
180202,2024-04-09,2024-04-12,0.13077,1.3077,https://disc.static.szse.cn/disc/disk03/finalpage/2024-04-08/0e43dab4-eff7-4f3a-bdbf-c242cc9dabe9.PDF,machine_extracted_official_pdf,本次分红方案（单位：元 1.3077 /10份公募REITs份额） ；除息日 2024年4月12日（场内） 2024年4月11日（场外）,89b9356f6610b27f91fea6db2df80a7f3681d1af0250c7d77560e8129018a84c
180203,2024-12-26,2024-12-31,0.41418,4.1418,https://disc.static.szse.cn/disc/disk03/finalpage/2024-12-25/ab041434-5163-440c-b809-383b1c75a0aa.PDF,machine_extracted_official_pdf,本次分红方案（单位：元/10 份基金份额） 4.1418 ；除息日 2024 年 12 月 31 日（场内） 2024 年 12 月 30 日（场外）,aa9ac7ab682f79c87b9411b3cfa1f35082e84f14b86f63917f48cbf34484fbfb
180203,2025-05-22,2025-05-27,0.21554,2.1554,https://disc.static.szse.cn/disc/disk03/finalpage/2025-05-21/3da0848e-b551-46a7-b406-23a8cb2d2c79.PDF,machine_extracted_official_pdf,本次分红方案（单位：元/10 份基金份额） 2.1554 ；除息日 2025 年 5 月 27 日（场内） 2025 年 5 月 26 日（场外）,50522c43d2ae35f5d7aad73288f4c47f3976c9a1a753f2f4728aaaf8d41708f2
180203,2025-11-20,2025-11-25,0.294,2.94,https://disc.static.szse.cn/disc/disk03/finalpage/2025-11-20/316c06b2-1a19-4a0a-94c3-07001b3baaa4.PDF,machine_extracted_official_pdf,本次分红方案（单位：元/10 份基金份额） 2.94 ；除息日 2025 年 11 月 25 日（场内） 2025 年 11 月 24 日（场外）,731e50541b57b502692bd482ee03cf0bdfdfcd3cb06454ed0fd8ac505932296a
180203,2026-05-12,2026-05-15,0.3207399999999999,3.2074,https://disc.static.szse.cn/disc/disk03/finalpage/2026-05-12/c8d1764c-eb70-4494-b155-93bf023ce78d.PDF,machine_extracted_official_pdf,本次分红方案（单位：元/10 份基金份额） 3.2074 ；除息日 2026 年 5 月 15 日（场内） 2026 年 5 月 14 日（场外）,a3f1a6faa8ab0e18fa9eedd1bc48e0190862824a639af967785eed0fb31a7f59
180203,2026-08-07,2026-08-12,0.1965,1.965,https://disc.static.szse.cn/disc/disk03/finalpage/2026-08-07/a03430cd-983f-42b2-9a79-c254b0b9199b.PDF,machine_extracted_official_pdf,本次分红方案（单位：元/10 份基金份额） 1.9650 ；除息日 2026 年 8 月 12 日（场内） 2026 年 8 月 11 日（场外）,4303804e9ff69c7b63968fb5653fe518eff1f556fee636baf666f95aba083f01
180301,2023-04-21,2023-04-26,0.10625,1.0625,https://disc.static.szse.cn/disc/disk03/finalpage/2023-04-21/610c4861-afaa-46b3-bdf2-a748e2bbfff6.PDF,machine_extracted_official_pdf,本次分红方案（单位： 1.0625 元/10 份基金份额） ；除息日 2023 年 4 月 26 日（场内） 2023 年 4 月 25 日（场外）,1d149df8b88e7c7c985ce9dbf8fb0e992c5f3b222a9f46264f9abf746023d983
180301,2023-09-19,2023-09-22,0.04853,0.4853,https://disc.static.szse.cn/disc/disk03/finalpage/2023-09-19/46992379-7fe4-471e-885e-66f38c493769.PDF,machine_extracted_official_pdf,本次分红方案（单位： 0.4853 元/10 份基金份额） ；除息日 2023 年 9 月 22 日（场内） 2023 年 9 月 21 日（场外）,c0a296415dff515b38ac60949e8c42d36149322acc3c44ea3699321759895fa6
180301,2024-03-30,2024-04-08,0.0533699999999999,0.5337,https://disc.static.szse.cn/disc/disk03/finalpage/2024-03-30/a9e6a863-5214-41aa-9e35-5c0708dff784.PDF,machine_extracted_official_pdf,本次分红方案（单 0.5337 位：元/10 份公募 REITs 份额） ；除息日 2024 年 4 月 8 日（场内） 2024 年 4 月 3 日（场外）,3107ea10b2a54ee3e0b77894273e153d9b89f0cf6ae161928ae8872c96c4bf6c
180301,2024-08-07,2024-08-12,0.05017,0.5017,https://disc.static.szse.cn/disc/disk03/finalpage/2024-08-07/0c53abc6-0d63-4791-b441-48255bc6e72d.PDF,machine_extracted_official_pdf,本次分红方案（单 0.5017 位：元/10 份公募 REITs 份额） ；除息日 2024 年 8 月 12 日（场内） 2024 年 8 月 9 日（场外）,c302ceacb9fa4fe2cfa8201af88a047eef550bc7e904bb303e6ba2ae1fb2fbdd
180301,2024-11-04,2024-11-07,0.02544,0.2544,https://disc.static.szse.cn/disc/disk03/finalpage/2024-11-04/ba0148a0-ea94-4934-a810-b326dbfd0cb8.PDF,machine_extracted_official_pdf,本次分红方案（单 0.2544 位：元/10 份公募 REITs 份额） ；除息日 2024 年 11 月 7 日（场内） 2024 年 11 月 6 日（场外）,7f29b4993fbd7968d733f65fb07fad48a89c56370c47dde2a8bea6c0e1f1a596
180301,2025-03-28,2025-04-02,0.02361,0.2361,https://disc.static.szse.cn/disc/disk03/finalpage/2025-03-28/6a290137-5615-4734-8d78-86c12ef0c1ce.PDF,machine_extracted_official_pdf,本次分红方案（单 0.2361 位：元/10 份公募 REITs 份额） ；除息日 2025 年 4 月 2 日（场内） 2025 年 4 月 1 日（场外）,b2df938754408376f4f17aab677d374f76b282a0d21190a6058804ed0443cdaf
180301,2025-08-29,2025-09-03,0.05012,0.5012,https://disc.static.szse.cn/disc/disk03/finalpage/2025-08-29/25ab9279-d564-4975-95f5-3fe3c6f2eea2.PDF,machine_extracted_official_pdf,本次分红方案（单 0.5012 位：元/10 份公募 REITs 份额） ；除息日 2025 年 9 月 3 日（场内） 2025 年 9 月 2 日（场外）,2684a1c75f348018261f6c98c418dadea0bec851baaa4b370dbf0db14bbfa547
180301,2025-11-10,2025-11-13,0.02477,0.2477,https://disc.static.szse.cn/disc/disk03/finalpage/2025-11-10/25c21dfa-29b8-481b-93a3-888844e63f33.PDF,machine_extracted_official_pdf,本次分红方案（单 0.2477 位：元/10 份公募 REITs 份额） ；除息日 2025 年 11 月 13 日（场内）2025 年 11 月 12 日（场外）,313e9ab026525f63799bc74d893db08588c087dc75eed552018d51089d6417ef
180301,2026-04-08,2026-04-13,0.0221899999999999,0.2219,https://disc.static.szse.cn/disc/disk03/finalpage/2026-04-08/0f723a38-0ee4-4105-9b7b-c4113741cbbd.PDF,machine_extracted_official_pdf,本次分红方案（单 0.2219 位：元/10 份公募 REITs 份额） ；除息日 2026 年 4 月 13 日（场内） 2026 年 4 月 10 日（场外）,f2de0f3d59e6281d6308100999a163029e2e368ba2c2c0d692d15ab93f0c43ce
180302,2024-11-07,2024-11-12,0.03293,0.3293,https://disc.static.szse.cn/disc/disk03/finalpage/2024-11-06/9bc95885-14f2-4391-bd52-1177237d8fe7.PDF,machine_extracted_official_pdf,本次分红方案（单位：元 0.3293 /10份公募REITs份额） ；除息日 2024年11月12日（场内） 2024年11月11日（场外）,2c96c18613dd147a5eaf4b9cf553100f08a83b9d16b261793aedcd259b1c88a0
180303,2025-08-27,2025-09-01,0.08939,0.8939,https://disc.static.szse.cn/disc/disk03/finalpage/2025-08-27/8c206697-4b9f-4458-8523-afd0efa188db.PDF,machine_extracted_official_pdf,本次分红方案（单位：元/10 份 0.8939 公募 REITs 份额） ；除息日 2025 年 9 月 1 日（场内） 2025 年 8 月 29 日（场 外）,d6a3b3b3314adf4c6dbb7c2b3903c276cc08cd9500289a50ead42dbb55eed6f1
180303,2025-12-17,2025-12-22,0.04063,0.4063,https://disc.static.szse.cn/disc/disk03/finalpage/2025-12-17/59cd2e14-9af0-497d-bbbe-76543b17f4d6.PDF,machine_extracted_official_pdf,本次分红方案（单位：元/10 份 0.4063 公募 REITs 份额） ；除息日 2025 年 12 月 22 日（场内） 2025 年 12 月 19 日（场 外）,a886550c0ed8f41af250a7c67f6dcc7b42c84c71f3fd0aa6656b0360c8f27bcd
180303,2026-04-21,2026-04-24,0.05329,0.5329,https://disc.static.szse.cn/disc/disk03/finalpage/2026-04-21/80f779cb-9f89-499d-8e61-3311984267a5.PDF,machine_extracted_official_pdf,本次分红方案（单位：元/10 份 0.5329 公募 REITs 份额） ；除息日 2026 年 4 月 24 日（场内） 2026 年 4 月 23 日（场外）,243538373c02b433ab79eb31e0fee21ba24b5cd46d6ea57e86ccf4edc87ac749
180303,2026-08-20,2026-08-25,0.0994,0.994,https://disc.static.szse.cn/disc/disk03/finalpage/2026-08-20/1f5d676e-92c6-4d63-ab06-437fcabe38c8.PDF,machine_extracted_official_pdf,本次分红方案（单位：元/10 份 0.9940 公募 REITs 份额） ；除息日 2026 年 8 月 25 日（场内） 2026 年 8 月 24 日 （ 场 外）,323b6a596294b915a3c6f84ce827048a55ad8d52290fdff16dbd00f9e7d1209f
180401,2023-05-15,2023-05-18,0.727,7.27,https://disc.static.szse.cn/disc/disk03/finalpage/2023-05-12/c205cd28-649c-4263-8af8-2440e02cc2e1.PDF,machine_extracted_official_pdf,本次分红方案（单位：人民币元/10 份 7.27 基金份额） ；除息日 2023 年 05 月 18 日（场内） 2023 年 05 月 17 日（场外）,b532ddfe7463c9db6e49f664d5c27255cfe797841221494a9cac0c20e9f0157f
180401,2023-12-07,2023-12-12,0.3399999999999999,3.4,https://disc.static.szse.cn/disc/disk03/finalpage/2023-12-06/15c60f49-33d8-4502-89c1-e0244a7f9d2c.PDF,machine_extracted_official_pdf,本次分红方案（单位：元/10 份基金份额） 3.40 ；除息日 2023 年 12 月 12 日（场内） 2023 年 12 月 11 日（场外）,24d7c4a6c90936c1414d0ac48a8257f65107b29998e835d4701b976f82112805
180401,2024-04-23,2024-04-25,0.36,3.6,https://disc.static.szse.cn/disc/disk03/finalpage/2024-04-22/853371eb-9cd9-449e-8119-7c70b9af4392.PDF,machine_extracted_official_pdf,本次分红方案 3.6 元/10份；场内除息日 2024-04-25,2c9a6b14bedf6a802914ed6e135ebe20d4bd2351f522650ca0078cd3dcbbe64e
180401,2024-07-26,2024-07-31,0.2,2.0,https://disc.static.szse.cn/disc/disk03/finalpage/2024-07-25/ff672933-b79a-4253-a60c-b05941d17208.PDF,machine_extracted_official_pdf,本次分红方案 2.0 元/10份；场内除息日 2024-07-31,4b4faa28a527ff92b18ae67c5a30b5aab175b1eb35d619c8d2a3f4a04bb56f99
180401,2024-11-11,2024-11-14,0.235,2.35,https://disc.static.szse.cn/disc/disk03/finalpage/2024-11-08/e9f3291f-c187-4810-8457-52834cf451c7.PDF,machine_extracted_official_pdf,本次分红方案（单位：元/10 份基金份额） 2.35 ；除息日 2024 年 11 月 14 日（场内） 2024 年 11 月 13 日（场外）,ae645ecb554e6de6daa719c805d667f14296eaed972f2da245aa7b076f8fb7ce
180401,2025-05-12,2025-05-14,0.1576,1.576,https://disc.static.szse.cn/disc/disk03/finalpage/2025-05-09/543bf6c7-1a9e-44d3-837a-9b696436ed0a.PDF,machine_extracted_official_pdf,本次分红方案 1.576 元/10份；场内除息日 2025-05-14,ddf133f7aa0215d1c68802f7c9d3c3c57bb17a591d7f202d895c142edbdfcc63
180401,2025-08-28,2025-09-02,0.155,1.55,https://disc.static.szse.cn/disc/disk03/finalpage/2025-08-28/cba83903-ad74-4dce-bd76-0ced89e2bd75.PDF,machine_extracted_official_pdf,本次分红方案（单位：元/10 份基金份额） 1.55 ；除息日 2025 年 09 月 02 日（场内） 2025 年 09 月 01 日（场外）,e0749e470fc4157e6dcc516c81bde2cfd160261e92d016f3446a530153b1adc2
180401,2025-12-05,2025-12-10,0.119,1.19,https://disc.static.szse.cn/disc/disk03/finalpage/2025-12-05/71f20e8e-8caa-4805-90b8-94ad1bad3fa7.PDF,machine_extracted_official_pdf,本次分红方案（单位：元/10 份基金份额） 1.19 ；除息日 2025 年 12 月 10 日（场内） 2025 年 12 月 09 日（场外）,ff2041c4777be696d549abaabad3a147d6bbb16cf00dec3ea554b3f80b49f131
180401,2026-04-28,2026-05-06,0.1243,1.243,https://disc.static.szse.cn/disc/disk03/finalpage/2026-04-28/608d76a0-efc3-460f-b7ed-eecb3dce70eb.PDF,machine_extracted_official_pdf,本次分红方案（单位：元/10 份基金份额） 1.243 ；除息日 2026 年 05 月 06 日（场内） 2026 年 04 月 30 日（场外）,f81028e229f35405215829ef85746557396aedd719855fbbb753ae47129d9cae
180402,2025-08-06,2025-08-11,0.6,6.0,https://disc.static.szse.cn/disc/disk03/finalpage/2025-08-06/70164639-1245-4d15-9044-714ba0bdf682.PDF,machine_extracted_official_pdf,本次分红方案（单位：元/10 份 6.000 公募 REITs 份额） 本次分红为本基金第一次分红，2025 年第一次 ；除息日 2025 年 8 月 11 日（场内） 2025 年 8 月 8 日（场外）,51c12b4d7723bbee849c3e2d17fe4970d7e6308ca8d2abedf52afd6c6d48c3e1
180402,2026-06-09,2026-06-12,0.4349999999999999,4.35,https://disc.static.szse.cn/disc/disk03/finalpage/2026-06-09/4c7b8af4-c4c0-4caa-a56d-ba7c0ff3a1f3.PDF,machine_extracted_official_pdf,本次分红方案（单位：元/10 份 4.350 REITs 份额） ；除息日 2026 年 6 月 12 日（场内） 2026 年 6 月 11 日（场外）,07383f0a2c30593faa77df4e81c40861fe7a439d4326c5df0ec85680d25a2505
180501,2023-04-21,2023-04-26,0.038,0.38,https://disc.static.szse.cn/disc/disk03/finalpage/2023-04-20/16961ced-d811-4e4b-b589-c49e9b67853b.PDF,machine_extracted_official_pdf,本次分红方案（单位： 0.3800 元/10 份基金份额） ；除息日 2023 年 4 月 26 日（场内） 2023 年 4 月 25 日（场外）,afbae8832c3c57d9a13348f6eec84688cec1bf6845919b2e148d07def3f7fe39
180501,2023-09-19,2023-09-22,0.0539,0.539,https://disc.static.szse.cn/disc/disk03/finalpage/2023-09-18/534f81fb-b02c-4ee8-be27-8e688cf068c6.PDF,machine_extracted_official_pdf,本次分红方案（单位： 0.5390 元/10 份基金份额） ；除息日 2023 年 9 月 22 日（场内） 2023 年 9 月 21 日（场外）,49a853bb2352f971dfc710fe051f2b6f6b38df745d985e7a8f2acc4d4e75f1d6
180501,2024-03-30,2024-04-08,0.04828,0.4828,https://disc.static.szse.cn/disc/disk03/finalpage/2024-03-29/58418ed3-dea9-4be7-bb0f-c9189edc3872.PDF,machine_extracted_official_pdf,本次分红方案（单位： 0.4828 元/10 份基金份额） ；除息日 2024 年 4 月 8 日（场内） 2024 年 4 月 3 日（场外）,64e6eb81f0b368fbdb5c7bd131a28c41a723700660640e974480716037ee64f4
180501,2024-08-07,2024-08-12,0.05088,0.5088,https://disc.static.szse.cn/disc/disk03/finalpage/2024-08-06/74bbfa8b-d1a1-4ddb-ad4f-d244dd861ae6.PDF,machine_extracted_official_pdf,本次分红方案（单位： 0.5088 元/10 份基金份额） ；除息日 2024 年 8 月 12 日（场内） 2024 年 8 月 9 日（场外）,49f566670cbca2f7a6192ca1d0d40cf454089b393632c3240f35c6641e35713a
180501,2024-11-04,2024-11-07,0.02382,0.2382,https://disc.static.szse.cn/disc/disk03/finalpage/2024-11-01/107fd03c-db03-4c78-b557-f53e63cc67c7.PDF,machine_extracted_official_pdf,本次分红方案（单位： 0.2382 元/10 份基金份额） ；除息日 2024 年 11 月 7 日（场内） 2024 年 11 月 6 日（场外）,7c240a614cbd6543b61a146e46ba6208b7613c24e74feadf13a7731e486c8c1d
180501,2025-03-28,2025-04-02,0.0240799999999999,0.2408,https://disc.static.szse.cn/disc/disk03/finalpage/2025-03-27/bffc35fe-5d73-47fb-87d2-4f01d2a034bd.PDF,machine_extracted_official_pdf,本次分红方案（单位： 0.2408 元/10 份基金份额） ；除息日 2025 年 4 月 2 日（场内） 2025 年 4 月 1 日（场外）,02baad2ac0659aa6b54d22714de0137d44b9d57eb4899840564c3124790f74f0
180501,2025-08-29,2025-09-03,0.04706,0.4706,https://disc.static.szse.cn/disc/disk03/finalpage/2025-08-29/0428edf0-442c-4e98-92d7-75faa53e069c.PDF,machine_extracted_official_pdf,本次分红方案（单位： 0.4706 元/10 份基金份额） ；除息日 2025 年 9 月 3 日（场内） 2025 年 9 月 2 日（场外）,8ae4f3efb868b1a6af062b50b6c57495ba48c9d47df61a174f3c46dc2789f704
180501,2025-11-11,2025-11-14,0.02425,0.2425,https://disc.static.szse.cn/disc/disk03/finalpage/2025-11-11/94fb7775-aea7-4673-907d-d9ac5336e910.PDF,machine_extracted_official_pdf,本次分红方案（单位： 0.2425 元/10 份基金份额） ；除息日 2025 年 11 月 14 日（场内） 2025 年 11 月 13 日（场外）,e47fba4f903a1f8e1bf80cce51d2c6aa343ed89f6ae7e87cab4fa9432a83ab38
180501,2026-04-08,2026-04-13,0.02402,0.2402,https://disc.static.szse.cn/disc/disk03/finalpage/2026-04-08/34e916d6-0bae-4da5-b640-f9dafb618aae.PDF,machine_extracted_official_pdf,本次分红方案（单位： 0.2402 元/10 份基金份额） ；除息日 2026 年 4 月 13 日（场内） 2026 年 4 月 10 日（场外）,3e349ae98fb9f19f8e3d741170062f5a6bd16f0fc0c10b83573659643c0436cc
180501,2026-05-20,2026-05-25,0.02359,0.2359,https://disc.static.szse.cn/disc/disk03/finalpage/2026-05-20/bf8c7d0e-906b-44f0-8fd8-75a12a1cafb4.PDF,machine_extracted_official_pdf,本次分红方案（单位： 0.2359 元/10 份基金份额） ；除息日 2026 年 5 月 25 日（场内） 2026 年 5 月 22 日（场外）,2ea640824022d28a3d33f8c45494af95f1d7062c2e4734d691d66b627c6a9ca7
180502,2025-04-02,2025-04-08,0.03426,0.3426,https://disc.static.szse.cn/disc/disk03/finalpage/2025-04-01/de3127a9-ed7a-473c-94a4-88fab223d29e.PDF,machine_extracted_official_pdf,本次分红方案 0.3426 （单位：元/10 份基金份额） ；除息日 2025 年 4 月 8 日（场内） 2025 年 4 月 7 日（场外）,d3a36c1595cbd35265a874bd148fc0cd65c5872396ead9c0eba3a5f604246f17
180502,2025-08-13,2025-08-18,0.0525,0.525,https://disc.static.szse.cn/disc/disk03/finalpage/2025-08-12/eabe2941-7198-4547-bac3-ead940845d7d.PDF,machine_extracted_official_pdf,本次分红方案（单位：元/10 份基金份额） 0.525 ；除息日 2025 年 8 月 18 日（场内） 2025 年 8 月 15 日（场外）,0cb4eef21a8d24bf8134f0ffbbe08625cb93e4afdfe91bcdd87845f3bae72cc1
180502,2026-05-12,2026-05-15,0.0571,0.571,https://disc.static.szse.cn/disc/disk03/finalpage/2026-05-12/a486cbbc-41ea-49fd-a59c-aa845be1b169.PDF,machine_extracted_official_pdf,本次分红方案（单位：元/10 份基金份额） 0.571 ；除息日 2026 年 5 月 15 日（场内） 2026 年 5 月 14 日（场外）,8b3c9be5b09036c42394ad1b94b2c293de22e0cb1a00f16568fb090745ec5edb
180502,2026-08-07,2026-08-12,0.03156,0.3156,https://disc.static.szse.cn/disc/disk03/finalpage/2026-08-07/40236ff9-6699-4ef7-bf86-089322cf7e8a.PDF,machine_extracted_official_pdf,本次分红方案（单位：元/10 份 REITs 份额） 0.3156 ；除息日 2026 年 8 月 12 日（场内） 2026 年 8 月 11 日（场外）,b790cc75422077c0c11358551b06059b24ea98e15ce44a68fb5c8f8d2ac90757
180602,2024-09-06,2024-09-11,0.036,0.36,https://disc.static.szse.cn/disc/disk03/finalpage/2024-09-05/4c27b405-025c-4ee0-a8e9-2e6b80c0c550.PDF,machine_extracted_official_pdf,本次分红方案（单位：元/10 份 0.3600 基金份额） ；除息日 2024 年 9 月 11 日（场内） 2024 年 9 月 10 日（场外）,9a0b1a00a4a8d857b4b073cb40580b331542f6735db4ca6cc2819833d7578fa6
180602,2024-12-06,2024-12-11,0.0428,0.428,https://disc.static.szse.cn/disc/disk03/finalpage/2024-12-05/a44feb7b-e6c7-42db-87bf-2ede8b0604ef.PDF,machine_extracted_official_pdf,本次分红方案（单位：元/10 份 0.4280 基金份额） ；除息日 2024 年 12 月 11 日（场内） 2024 年 12 月 10 日（场外）,cb2624adb0bf341505496ee8715500f62952c52f392942b37d53d3f462b9b4c3
180602,2025-03-28,2025-04-02,0.0456,0.456,https://disc.static.szse.cn/disc/disk03/finalpage/2025-03-28/222e3622-e540-4daa-87ef-a91e955b771a.PDF,machine_extracted_official_pdf,本次分红方案（单位：元/10 份 0.4560 基金份额） ；除息日 2025 年 4 月 2 日（场内） 2025 年 4 月 1 日（场外）,5875bfb849e2ee3cd21b43f1484bc3e962fd2e63faec47ea1a7d0b222ebd8bd2
180602,2025-04-30,2025-05-08,0.04,0.4,https://disc.static.szse.cn/disc/disk03/finalpage/2025-04-29/81c6e549-ab61-451f-99fd-295e0b660ae9.PDF,machine_extracted_official_pdf,本次分红方案（单位：元/10 份 0.4000 基金份额） ；除息日 2025 年 5 月 8 日（场内） 2025 年 5 月 7 日（场外）,3c54ccc25a0e47ab039f2eca12d3af4d2a90ef50bb767d60593332c7030a46bc
180602,2025-08-14,2025-08-19,0.045,0.45,https://disc.static.szse.cn/disc/disk03/finalpage/2025-08-14/16c94f01-5e57-4fdb-9fcc-c04a729a2095.PDF,machine_extracted_official_pdf,本次分红方案（单位：元/10 份 0.4500 基金份额） ；除息日 2025 年 8 月 19 日（场内） 2025 年 8 月 18 日（场外）,3b6ff2e854ed21e17e58635373944f67fbcdd07d8bfc16b223855fd6f3a6b189
180602,2025-12-18,2025-12-23,0.045,0.45,https://disc.static.szse.cn/disc/disk03/finalpage/2025-12-18/f0a8be7e-c37d-4bef-b082-b6529610b9e1.PDF,machine_extracted_official_pdf,本次分红方案（单位：元/10 份 0.4500 基金份额） ；除息日 2025 年 12 月 23 日（场内） 2025 年 12 月 22 日（场外）,d15a1ebc2d7db3495d6098e91b47ff7769cf183d3325cf8400290a1df678140f
180602,2026-04-02,2026-04-08,0.04389,0.4389,https://disc.static.szse.cn/disc/disk03/finalpage/2026-04-02/52a15ce0-2344-4949-9715-c191fdd975a1.PDF,machine_extracted_official_pdf,本次分红方案（单位：元/10 份 0.4389 基金份额） ；除息日 2026 年 4 月 8 日（场内） 2026 年 4 月 7 日（场外）,f537feb53f426468b5f5773f6fdccaf911741de3f32461794c219ea2e92dfa0b
180602,2026-06-30,2026-07-03,0.0419999999999999,0.42,https://disc.static.szse.cn/disc/disk03/finalpage/2026-06-30/7b0db435-6b5c-467e-ab6e-8454e532ab16.PDF,machine_extracted_official_pdf,本次分红方案（单位：元/10 份 0.4200 基金份额） ；除息日 2026 年 7 月 3 日（场内） 2026 年 7 月 2 日（场外）,79c17ea0faad90d51c0a4fccdeb6ed259a326a835e724854a5b5a3747c31507d
180603,2025-01-08,2025-01-13,0.04363,0.4363,https://disc.static.szse.cn/disc/disk03/finalpage/2025-01-07/ae102993-b01d-4c1a-aa33-4e01ed746205.PDF,machine_extracted_official_pdf,本次分红方案（单位：元 0.4363 /10份公募REITs份额） ；除息日 2025年1月13日（场内） 2025年1月10日（场外）,ddd87ea6b7311569cf98b4de8fc22050b8517712556ef383e7bfe0670fdb60ca
508000,2022-04-08,2022-04-13,0.08,0.8,https://www.sse.com.cn/disclosure/fund/announcement/c/new/2022-04-08/508000_20220408_1_5pl6Jesi.pdf,machine_extracted_official_pdf,本次分红方案（单位：元/10 0.80 份基金份额） ；除息日 2022 年 4 月 13 日（场内） 2022 年 4 月 12 日（场外）,f0a20d1b7c03c9861aeb9f0fe896490e3525630c259acfd36ff24d75096ef576
508000,2022-09-22,2022-09-27,0.06,0.6,https://www.sse.com.cn/disclosure/fund/announcement/c/new/2022-09-22/508000_20220922_1_eH2h2pGo.pdf,machine_extracted_official_pdf,本次分红方案（单位：元/10 0.60 份基金份额） ；除息日 2022 年 9 月 27 日（场内） 2022 年 9 月 26 日（场外）,d6119b917526c36ae4f058111375c446dc8142d63421d11cb668711c22626fe4
508000,2023-04-10,2023-04-13,0.061,0.61,https://www.sse.com.cn/disclosure/fund/announcement/c/new/2023-04-10/508000_20230410_QX8Y.pdf,machine_extracted_official_pdf,本次分红方案（单位：元/10 0.6100 份基金份额） ；除息日 2023 年 4 月 13 日（场内） 2023 年 4 月 12 日（场外）,c6e39d40adf76866b082b0345ec4e709b29d437461e26a36f429d52bb0f40e71
508000,2023-05-08,2023-05-11,0.0289999999999999,0.29,https://www.sse.com.cn/disclosure/fund/announcement/c/new/2023-05-08/508000_20230508_1ET6.pdf,machine_extracted_official_pdf,本次分红方案（单位：元/10 0.2900 份基金份额） ；除息日 2023 年 5 月 11 日（场内） 2023 年 5 月 10 日（场外）,7cbba8cdac9205c681eac0b96af1d5327f942270bbb3c1f85bb53fd3c95bd5ea
508000,2024-04-16,2024-04-19,0.07862,0.7862,https://www.sse.com.cn/disclosure/fund/announcement/c/new/2024-04-16/508000_20240416_G2TQ.pdf,machine_extracted_official_pdf,本次分红方案（单位： 0.7862 元/10 份基金份额） ；除息日内简称：华安张江产业园 REIT。 3、本次收益分配方案已经基金托管人复核。 4、截止基准日的应分配金额与实际分配金额间可能存在尾差，具体以注册登记机构的规则 为准。 二、 与分红相关的其他信息 权益登记日 2024 年 4 月 18 日 除息日 2024 年 4 月 19 日（场 2024 年 4 月 18 日（场 内） 外）,fb6ac8f7ef42b7065e840e656277bcbbb798998a3da810bb988603c6d23dee2a
508000,2024-12-17,2024-12-20,0.06248,0.6248,https://www.sse.com.cn/disclosure/fund/announcement/c/new/2024-12-17/508000_20241217_QH28.pdf,machine_extracted_official_pdf,本次分红方案（单位： 0.6248 元/10 份基金份额） ；除息日 2024 年 12 月 20 日（场内） 2024 年 12 月 19 日 （场外）,88ccc5c1f393cfa74a6a7d51ec345cee113cd175a669ff3e29e3a6dd37924771
508000,2025-04-15,2025-04-18,0.06248,0.6248,https://www.sse.com.cn/disclosure/fund/announcement/c/new/2025-04-15/508000_20250415_ATW2.pdf,machine_extracted_official_pdf,"本次分红方案（单位： 0.6248 元/10 份基金份额） ；除息日金额与实际分配金额间可能存在尾差，具体以注册登记机 构的规则为准。 5、截止收益分配基准日公募 REITs 尚未分配的可供分配金额为 60,024,204.00 元。 二、 与分红相关的其他信息 权益登记日 2025 年 4 月 17 日 除息日 2025 年 4 月 18 日（场 2025 年 4 月 17 日（场 内） 外）",ea634b1c06452af0a4b38a9c4d2904ff126700c40377099e86d00e9084b219b8
508000,2025-09-16,2025-09-19,0.06248,0.6248,https://www.sse.com.cn/disclosure/fund/announcement/c/new/2025-09-16/508000_20250916_DJS4.pdf,machine_extracted_official_pdf,本次分红方案（单位： 0.6248 元/10 份基金份额） ；除息日 2025 年 9 月 19 日（场内） 2025 年 9 月 18 日（场外）,322beca168d113fdbefc7e5a2be1b328cbfb215a1c6c3457228589d02eb92782
508000,2026-04-14,2026-04-17,0.05486,0.5486,https://www.sse.com.cn/disclosure/fund/announcement/c/new/2026-04-14/508000_20260414_41KN.pdf,machine_extracted_official_pdf,本次分红方案（单位： 0.5486 元/10 份基金份额） ；除息日 2026 年 4 月 17 日（场内） 2026 年 4 月 16 日（场外）,7d4055026d307f1ea7555e94141ae88bba13f40d066a83674e2e925def8f5968
508001,2021-12-28,2021-12-31,0.3376,3.376,https://www.sse.com.cn/disclosure/fund/announcement/c/new/2021-12-28/508001_20211228_1_k7cZs3pt.pdf,machine_extracted_official_pdf,本次分红方案（单位:元/10 3.3760 份基金份额） ；除息日 2021年12月31日(场内) 2021年12月30日(场外),a52e9701ff8cdb33a66c4b5e018a52e6d0a8b2771d5baf7749fcd8c28f499369
508001,2022-06-02,2022-06-08,0.7281,7.281,https://www.sse.com.cn/disclosure/fund/announcement/c/new/2022-06-02/508001_20220602_1_KJxXyHvj.pdf,machine_extracted_official_pdf,本次分红方案（单位:元/10份 7.281 基金份额） ；除息日 2022年06月08日(场内) 外) 2022年06月09日（场,92493657465df4a95f07b82eb878fa7b6ef5e940fe6261a4ecf9f50a3a278ec4
508001,2023-06-13,2023-06-16,0.6301,6.301,https://www.sse.com.cn/disclosure/fund/announcement/c/new/2023-06-13/508001_20230613_Q5ZE.pdf,machine_extracted_official_pdf,本次分红方案（单位:元/10份 6.301 基金份额） ；除息日 2023年06月16日(场内) 2023年06月15日(场外),2e73874e2eb558b5d283839869a6342c0053b520b54e80e099b8eda7562b40e5
508001,2024-06-25,2024-06-28,0.9079,9.079,https://www.sse.com.cn/disclosure/fund/announcement/c/new/2024-06-25/508001_20240625_U6PY.pdf,machine_extracted_official_pdf,"本次分红方案（单位:元/10份 9.079 基金份额） ；除息日8,000,000.00 4. 资本性支出 -28,032,873.26 本期可供分配金额 453,960,442.16 2 与分红相关的其他信息 权益登记日 2024年06月27日 2024年06月28日(场 2024年06月27日(场 除息日 内) 外) 2024年07月03日(场 2024年07月01日(场",eed026f73cc05501e86fce365854920a9803bdabc2cbac55546746bbce240da4
508001,2024-11-27,2024-12-05,0.4277999999999999,4.278,https://www.sse.com.cn/disclosure/fund/announcement/c/new/2024-11-27/508001_20241127_WMJJ.pdf,machine_extracted_official_pdf,本次分红方案（单位:元/1 4.278 0份基金份额） 1 ；除息日分配金额的99.9874%。 截至基准日公募REITs按照本次分红比例计算的应分配金额与实际分配金额间可能存在 尾差，具体以注册登记机构的规则为准。 2 与分红相关的其他信息 权益登记日 2024年11月29日 2024年12月02日(场 除息日 2024年11月29日(场外) 内) 2024年12月05日(场,1c3cd4b696813c7f24f9dd4f75c2b56875e95e78176c33556e0570399e52a8d5
508001,2025-06-10,2025-06-13,0.4336,4.336,https://www.sse.com.cn/disclosure/fund/announcement/c/new/2025-06-10/508001_20250610_P4SA.pdf,machine_extracted_official_pdf,本次分红方案（单位: 4.336 元/10份基金份额） 1 ；除息日 2025年6月13日(场内) 2025年6月12日(场外),a265797f6fd5f9154454d7d02753484935fab5817f66d9702cc6ff0280c056f7
508001,2025-12-16,2025-12-19,0.4059999999999999,4.06,https://www.sse.com.cn/disclosure/fund/announcement/c/new/2025-12-16/508001_20251216_NBRI.pdf,machine_extracted_official_pdf,本次分红方案（单位: 4.06 元/10份基金份额） 1 ；除息日 2025年12月19日(场内) 2025年12月18日(场外),6d1166229130eea90df0804b725466b3669457e2fd5c32a4be1aa6752ddbb35a
508001,2026-07-21,2026-07-24,0.3924999999999999,3.925,https://www.sse.com.cn/disclosure/fund/announcement/c/new/2026-07-21/508001_20260721_8J1G.pdf,machine_extracted_official_pdf,本次分红方案（单位: 3.925 元/10份基金份额） ；除息日 2026年7月24日(场内) 2026年7月23日(场外),aa898fae098be003128d8a3f1e5fce63a6dcc775fa07d3746135e9490bc1c507
508002,2024-12-17,2024-12-20,0.02965,0.2965,https://www.sse.com.cn/disclosure/fund/announcement/c/new/2024-12-17/508002_20241217_KHN0.pdf,machine_extracted_official_pdf,本次分红方案（单位：元/10 0.2965 份基金份额） ；除息日 2024 年 12 月 20 日（场内） 2024 年 12 月 19 日（场外）,8d72faaa3f7703bbbd58cacdc80189d74018a84658a61c5dd27b144c830ef62c
508002,2025-03-31,2025-04-03,0.03355,0.3355,https://www.sse.com.cn/disclosure/fund/announcement/c/new/2025-03-31/508002_20250331_E18Q.pdf,machine_extracted_official_pdf,本次分红方案（单位：元/10 0.3355 份基金份额） ；除息日 2025 年 4 月 3 日（场内） 2025 年 4 月 2 日（场外）,92c311c2e1023ff790951d9a112d1e4e10d216f643156c1df2ca2bd0eb423c1a
508002,2025-08-08,2025-08-13,0.07217,0.7217,https://www.sse.com.cn/disclosure/fund/announcement/c/new/2025-08-08/508002_20250808_U7KB.pdf,machine_extracted_official_pdf,本次分红方案（单位：元/10 0.7217 份基金份额） ；除息日 2025 年 8 月 13 日（场内） 2025 年 8 月 12 日（场外）,491b475cc534bcca4beed8c467ca884ae2812cc9ac805fc496c61daf8cc1a269
508002,2025-12-23,2025-12-26,0.03446,0.3446,https://www.sse.com.cn/disclosure/fund/announcement/c/new/2025-12-23/508002_20251223_HYTC.pdf,machine_extracted_official_pdf,本次分红方案（单位：元/10 0.3446 份基金份额） ；除息日 2025 年 12 月 26 日（场内） 2025 年 12 月 25 日（场外）,08e473da05c96a875ad2bf0dcabe6ab2e5c713a1aec8c4163853f097ffbaa2f2
508002,2026-05-19,2026-05-22,0.03934,0.3934,https://www.sse.com.cn/disclosure/fund/announcement/c/new/2026-05-19/508002_20260519_MCWO.pdf,machine_extracted_official_pdf,本次分红方案（单位：元/10 0.3934 份基金份额） ；除息日 2026 年 5 月 22 日（场内） 2026 年 5 月 21 日（场外）,e609ccb6e77f67d983d3e704669277aef40114be765239ce8e9347ba302cd058
508003,2025-04-23,2025-04-28,0.0337,0.337,https://www.sse.com.cn/disclosure/fund/announcement/c/new/2025-04-23/508003_20250423_Z4C8.pdf,machine_extracted_official_pdf,本次分红方案（单位：元 0.3370 /10 份基金份额） ；除息日 场外：2025 年 4 月 25 日 场内：2025 年 4 月 28 日 第 2 页 共4 页 中金基金管理有限公司关于中金联东科技创新产业园封闭式基础设施证券投资基金 2025 年第一次分红公告,6f64ea0b1b83d4300370d7d632320338e3ecbef9b4730c16601827d1823ff7b3
508003,2025-07-18,2025-07-23,0.04,0.4,https://www.sse.com.cn/disclosure/fund/announcement/c/new/2025-07-18/508003_20250718_BBF9.pdf,machine_extracted_official_pdf,本次分红方案（单位：元 0.4000 /10 份基金份额） ；除息日 场外：2025 年 7 月 22 日 场内：2025 年 7 月 23 日 第 2 页 共4 页 中金基金管理有限公司关于中金联东科技创新产业园封闭式基础设施证券投资基金 2025 年第二次分红公告,9d11ba11559bc68a0c971c08afd2a84cd78bdfbd0d1c806e6cc47ad5d8ce4a24
508003,2025-11-05,2025-11-10,0.04,0.4,https://www.sse.com.cn/disclosure/fund/announcement/c/new/2025-11-05/508003_20251105_RQT4.pdf,machine_extracted_official_pdf,本次分红方案（单位：元 0.4000 /10 份基金份额） ；除息日 场外：2025 年 11 月 7 日 场内：2025 年 11 月 10 日 第 2 页 共4 页 中金基金管理有限公司关于中金联东科技创新产业园封闭式基础设施证券投资基金 2025 年第三次分红公告,fc3125b0cd1177cf0f0bf342f1c33781c94e0abcd41a6bfa429519213ad3d61c
508003,2026-02-04,2026-02-09,0.0409999999999999,0.41,https://www.sse.com.cn/disclosure/fund/announcement/c/new/2026-02-04/508003_20260204_GXBQ.pdf,machine_extracted_official_pdf,本次分红方案（单位：元 0.4100 /10 份基金份额） ；除息日 场外：2026 年 2 月 6 日 场内：2026 年 2 月 9 日 第 2 页 共4 页 中金基金管理有限公司关于中金联东科技创新产业园封闭式基础设施证券投资基金 2026 年第一次分红公告,2dbeae4711d7e858c7661bf60dde3c28589472612001ce9689fa42cb1f465182
508003,2026-04-30,2026-05-08,0.04,0.4,https://www.sse.com.cn/disclosure/fund/announcement/c/new/2026-04-30/508003_20260430_SY92.pdf,machine_extracted_official_pdf,本次分红方案（单位：元 0.4000 /10 份基金份额） ；除息日 场外：2026 年 5 月 7 日 场内：2026 年 5 月 8 日 第 2 页 共4 页 中金基金管理有限公司关于中金联东科技创新产业园封闭式基础设施证券投资基金 2026 年第二次分红公告,69d3b2bfde880b39515d5d5870a2490a015d82e853b5e429a49a7bffb12a6978
508003,2026-08-05,2026-08-10,0.038,0.38,https://www.sse.com.cn/disclosure/fund/announcement/c/new/2026-08-05/508003_20260805_6O1L.pdf,machine_extracted_official_pdf,本次分红方案（单位：元 0.3800 /10 份基金份额） ；除息日 场外：2026 年 8 月 7 日 场内：2026 年 8 月 10 日 第 2 页 共4 页 中金基金管理有限公司关于中金联东科技创新产业园封闭式基础设施证券投资基金 2026 年第三次分红公告,13ec546bd2273ed8a0753e58612a3bd02959e4cc677d11a673be84e4d160818a
508005,2024-12-17,2024-12-20,0.0181799999999999,0.1818,https://www.sse.com.cn/disclosure/fund/announcement/c/new/2024-12-17/508005_20241217_ZNT4.pdf,machine_extracted_official_pdf,本次分红方案（单 0.1818 位：元/10份公募REITs份额） ；除息日 2024年12月20日（场内） 2024年12月19日（场外）,f33c2a3158868a05a52570d6a49242352b930ac86e6fa94231d6cea063672ac1
508005,2025-04-30,2025-05-08,0.03688,0.3688,https://www.sse.com.cn/disclosure/fund/announcement/c/new/2025-04-30/508005_20250430_9EYQ.pdf,machine_extracted_official_pdf,本次分红方案（单位：元 0.3688 /10份公募REITs份额） ；除息日 2025年5月8日（场内） 2025年5月7日（场外）,176dd10fb68434088404e1a026dbc08dcf99629b967d98f470b81d2901a3b05e
508005,2025-08-29,2025-09-03,0.07975,0.7975,https://www.sse.com.cn/disclosure/fund/announcement/c/new/2025-08-29/508005_20250829_ZLR2.pdf,machine_extracted_official_pdf,本次分红方案（单位：元 0.7975 /10份公募REITs份额） ；除息日 2025年9月3日（场内） 2025年9月2日（场外）,2e71fb60ec8aa21103be5e3e237cc460eeb9cd4c99a876cb982faea76ce16a4c
508005,2026-03-04,2026-03-09,0.08107,0.8107,https://www.sse.com.cn/disclosure/fund/announcement/c/new/2026-03-04/508005_20260304_E1L9.pdf,machine_extracted_official_pdf,本次分红方案（单位：元/10 0.8107 份公募REITs份额） ；除息日 2026年3月9日（场内） 2026年3月6日（场外）,21eb92b6eaf267a387034a87e2693780826ffbb86192daa0d7d0b6a7c325fed9
508005,2026-08-21,2026-08-26,0.08996,0.8996,https://www.sse.com.cn/disclosure/fund/announcement/c/new/2026-08-21/508005_20260821_LRA2.pdf,machine_extracted_official_pdf,本次分红方案（单位：元/10 0.8996 份公募REITs份额） ；除息日 2026年8月26日（场内） 2026年8月25日（场外）,465c9d47eefa33141bb42af2a77a34933fe04cfb0fccb3ccc32256eda2fbe1f1
508006,2022-01-20,2022-01-24,0.2714,2.714,https://www.sse.com.cn/disclosure/fund/announcement/c/new/2022-01-20/508006_20220120_2_PBjXvUv6.pdf,machine_extracted_official_pdf,本次分红方案（单位： 2.714 元/10 份基金份额） ；除息日 2022 年 01 月 25 2022 年 01 月 24 日（场内） 日（场外）,8c1c3c8539dae30999f31a56eb1345079316496433a896eda8e0cc114b790d81
508006,2024-04-02,2024-04-08,0.1514,1.514,https://www.sse.com.cn/disclosure/fund/announcement/c/new/2024-04-02/508006_20240402_TJ39.pdf,machine_extracted_official_pdf,本次分红方案（单位： 1.514 元/10 份基金份额） ；除息日 2024 年 04 月 09 2024 年 04 月 08 日（场内） 日（场外）,0c9d2365a084e387ca1aee24c197d3e54d0f870d2a5d6a1e043bbdd507f4347e
508006,2024-09-06,2024-09-10,0.1397,1.397,https://www.sse.com.cn/disclosure/fund/announcement/c/new/2024-09-06/508006_20240906_O324.pdf,machine_extracted_official_pdf,本次分红方案（单位： 1.397 元/10 份基金份额） ；除息日 2024 年 09 月 11 2024 年 09 月 10 日（场内） 日（场外）,1d9c9ca9d045b2fb74a417380bbcfb56141af8441aacaa042390d67dc1b76a82
508007,2023-12-21,2023-12-26,0.57938,5.7938,https://www.sse.com.cn/disclosure/fund/announcement/c/new/2023-12-21/508007_20231221_N2O4.pdf,machine_extracted_official_pdf,本次分红方案（单位：元/10 5.7938 份基金份额） ；除息日 场外：2023 年 12 月 25 日 场内：2023 年 12 月 26 日,00719ffb099c7d2cd865775c0a6ab869e2e0ddf3c0ef190ad88c877e9991c090
508007,2024-04-23,2024-04-26,0.311,3.11,https://www.sse.com.cn/disclosure/fund/announcement/c/new/2024-04-23/508007_20240423_1XRU.pdf,machine_extracted_official_pdf,本次分红方案（单位：元 3.1100 /10 份基金份额） ；除息日 场外：2024 年 4 月 25 日 场内：2024 年 4 月 26 日,02e079990482026dc29005a16034fcc15b87797f540d2dd6c709e91ad8c3698b
508007,2024-06-21,2024-06-26,0.122,1.22,https://www.sse.com.cn/disclosure/fund/announcement/c/new/2024-06-21/508007_20240621_T36Z.pdf,machine_extracted_official_pdf,本次分红方案（单位：元 1.2200 /10 份基金份额） ；除息日 场外：2024 年 6 月 25 日 场内：2024 年 6 月 26 日,f2b6f663f0e1576907fe2fd4d89efbb0a7b0b976bebd9c75baf47d894eec3ff9
508007,2024-08-30,2024-09-04,0.12,1.2,https://www.sse.com.cn/disclosure/fund/announcement/c/new/2024-08-30/508007_20240830_FTM4.pdf,machine_extracted_official_pdf,本次分红方案（单位：元 1.2000 /10 份基金份额） ；除息日 场外：2024 年 9 月 3 日 场内：2024 年 9 月 4 日,6fa8669a5c4c32646ec306be1a91823ad683c9d86764e2bda7a5ca74dbcca072
508007,2024-10-25,2024-10-30,0.124,1.24,https://www.sse.com.cn/disclosure/fund/announcement/c/new/2024-10-25/508007_20241025_5ZWQ.pdf,machine_extracted_official_pdf,本次分红方案（单位：元 1.2400 /10 份基金份额） ；除息日 场外：2024 年 10 月 29 日 场内：2024 年 10 月 30 日,91053f42713a5e434d3f32a3f33cb819f167f71a64cb993df7afd9fd74d0248a
508007,2025-03-28,2025-04-02,0.1056999999999999,1.057,https://www.sse.com.cn/disclosure/fund/announcement/c/new/2025-03-28/508007_20250328_U7HE.pdf,machine_extracted_official_pdf,本次分红方案（单位：元 1.0570 /10 份基金份额） ；除息日 场外：2025 年 4 月 1 日 场内：2025 年 4 月 2 日,5641eb9960ff646c065778a2b1401014414a8bfe5051c9964cfd08e0a7471ec5
508007,2025-06-19,2025-06-24,0.1225,1.225,https://www.sse.com.cn/disclosure/fund/announcement/c/new/2025-06-19/508007_20250619_7K9B.pdf,machine_extracted_official_pdf,本次分红方案（单位：元 1.2250 /10 份基金份额） ；除息日 场外：2025 年 6 月 23 日 场内：2025 年 6 月 24 日,ccde74cd889f39c4325d132ff525b75c0c594d7753517a579df036b15e5c817b
508007,2025-09-19,2025-09-24,0.1195,1.195,https://www.sse.com.cn/disclosure/fund/announcement/c/new/2025-09-19/508007_20250919_H1S9.pdf,machine_extracted_official_pdf,本次分红方案（单位：元 1.1950 /10 份基金份额） ；除息日 场外：2025 年 9 月 23 日 场内：2025 年 9 月 24 日,54a093bab66030d45c757da6c02d41479a21ab8dc73f395168c7b31eb23318eb
508007,2025-12-31,2026-01-07,0.124,1.24,https://www.sse.com.cn/disclosure/fund/announcement/c/new/2025-12-31/508007_20251231_UPH4.pdf,machine_extracted_official_pdf,本次分红方案（单位：元 1.2400 /10 份基金份额） ；除息日 场外：2026 年 1 月 6 日 场内：2026 年 1 月 7 日,b91a4c45a733af01a5233e01b46c00fd1f8d564985aea17159eb2e62e36c3213
508007,2026-04-02,2026-04-08,0.11,1.1,https://www.sse.com.cn/disclosure/fund/announcement/c/new/2026-04-02/508007_20260402_RMMX.pdf,machine_extracted_official_pdf,本次分红方案（单位：元 1.1000 /10 份基金份额） ；除息日 场外：2026 年 4 月 7 日 场内：2026 年 4 月 8 日,ad60ce022752c7f6ecd29acc625be2e74b7df740130806a5bf5d9d2dfaf24340
508007,2026-06-10,2026-06-15,0.123,1.23,https://www.sse.com.cn/disclosure/fund/announcement/c/new/2026-06-10/508007_20260610_YFGJ.pdf,machine_extracted_official_pdf,本次分红方案（单位：元 1.2300 /10 份基金份额） ；除息日 场外：2026 年 6 月 12 日 场内：2026 年 6 月 15 日,49d3dbcdb931baeaacce60fb7593396130c151cf0a8ff281b7f5bf7e797f8604
508008,2024-03-30,2024-04-09,0.9766,9.766,https://www.sse.com.cn/disclosure/fund/announcement/c/new/2024-03-30/508008_20240330_5REI.pdf,machine_extracted_official_pdf,本次分红方案 9.766 （单位：元/10 份基金份 额） ；除息日 2024 年 4 月 9 日（场内）；2024 年 4 月 8 日（场外）,0f6737ff47ab923041129d2ed2942577053bd56091701f9b2686e2b0e91726a0
508008,2024-09-21,2024-09-30,0.4589,4.589,https://www.sse.com.cn/disclosure/fund/announcement/c/new/2024-09-21/508008_20240921_R9JG.pdf,machine_extracted_official_pdf,本次分红方案 4.589 （单位：元/10 份基金份 额） ；除息日 2024 年 9 月 30 日（场内）；2024 年 9 月 27 日（场外）,d7cca4123a68d1c0b1a72eb1e4653c47fc5887a98f4d70499e510624397a7f19
508008,2025-04-03,2025-04-11,0.4953999999999999,4.954,https://www.sse.com.cn/disclosure/fund/announcement/c/new/2025-04-03/508008_20250403_VW1K.pdf,machine_extracted_official_pdf,本次分红方案 4.9540 （单位：元/10 份基金份 额） ；除息日 2025 年 4 月 11 日（场内）；2025 年 4 月 10 日（场外）,57d1a410435f6da51c33221a962700fb5a708353e919b41333e755816a16cffd
508008,2025-09-09,2025-09-15,0.42,4.2,https://www.sse.com.cn/disclosure/fund/announcement/c/new/2025-09-09/508008_20250909_YXOK.pdf,machine_extracted_official_pdf,本次分红方案 4.2000 （单位：元/10 份基金份 额） ；除息日 2025 年 9 月 15 日（场内）；2025 年 9 月 12 日（场外）,3ea4b5c639aa7e942b71dfa521c00c56dda24ed844c9074a9f9226d91c27dce2
508008,2026-04-15,2026-04-21,0.358,3.58,https://www.sse.com.cn/disclosure/fund/announcement/c/new/2026-04-15/508008_20260415_SZ7X.pdf,machine_extracted_official_pdf,本次分红方案 3.580 （单位：元/10 份基金份 额） ；除息日 2026 年 4 月 21 日（场内）；2026 年 4 月 20 日（场外）,929c2f1a279d8a2d78f8a03e0b0a3bbe0f05f60cc460df5e0d64fb7187d4a051
508009,2023-06-21,2023-06-28,0.6836,6.836,https://www.sse.com.cn/disclosure/fund/announcement/c/new/2023-06-21/508009_20230621_SQID.pdf,machine_extracted_official_pdf,本次分红方案（单位：元/10 份基金份 6.8360 额） ；除息日 场外：2023 年 6 月 27 日 场内：2023 年 6 月 28 日,ad1c736757fd84ed15f2d8f44f8c8cd9599da45bf400feb825afab71c4ed147e
508009,2023-08-31,2023-09-05,0.2299999999999999,2.3,https://www.sse.com.cn/disclosure/fund/announcement/c/new/2023-08-31/508009_20230831_DP9X.pdf,machine_extracted_official_pdf,本次分红方案（单位：元/10 份基金份 2.3000 额） ；除息日 场外：2023 年 9 月 4 日 场内：2023 年 9 月 5 日,b00f34c0cbad1c546b27a896ddedd33a3220005fbe5351f3715b6bda471ea53b
508009,2023-10-25,2023-10-30,0.175,1.75,https://www.sse.com.cn/disclosure/fund/announcement/c/new/2023-10-25/508009_20231025_GKSU.pdf,machine_extracted_official_pdf,本次分红方案（单位：元/10 份基金份 1.7500 额） ；除息日 场外：2023 年 10 月 27 日 场内：2023 年 10 月 30 日,79e14f4d5f82e616e10b35046ff693a92ef4df062ac12a0a5011c57f73181783
508009,2024-01-19,2024-01-24,0.19,1.9,https://www.sse.com.cn/disclosure/fund/announcement/c/new/2024-01-19/508009_20240119_C7O8.pdf,machine_extracted_official_pdf,本次分红方案（单位：元/10 份基金份 1.9000 额） ；除息日 场外：2024 年 1 月 23 日 场内：2024 年 1 月 24 日,eded61f88ff13a19c5ef824a50bc20656a331e2306284bb3bfdafa91c35b3176
508009,2024-03-29,2024-04-03,0.185,1.85,https://www.sse.com.cn/disclosure/fund/announcement/c/new/2024-03-29/508009_20240329_SIVN.pdf,machine_extracted_official_pdf,本次分红方案（单位：元/10 份基金份 1.8500 额） ；除息日 场外：2024 年 4 月 2 日 场内：2024 年 4 月 3 日,f2f032cd7cbd9f5e20190b265d1789c4a759fc607c7e785aebadba5cf0641654
508009,2024-07-19,2024-07-24,0.129,1.29,https://www.sse.com.cn/disclosure/fund/announcement/c/new/2024-07-19/508009_20240719_FS4N.pdf,machine_extracted_official_pdf,本次分红方案（单位：元/10 份基金份 1.2900 额） ；除息日 场外：2024 年 7 月 23 日 场内：2024 年 7 月 24 日,b13dfaa2e15209492118164a86e0dcdbe1150b9da0b2c1ff5d16f782a7314093
508009,2024-10-25,2024-10-30,0.1629999999999999,1.63,https://www.sse.com.cn/disclosure/fund/announcement/c/new/2024-10-25/508009_20241025_PRTT.pdf,machine_extracted_official_pdf,本次分红方案（单位：元/10 份基金份 1.6300 额） ；除息日 场外：2024 年 10 月 29 日 场内：2024 年 10 月 30 日,e6fefdf8a3a85ce87f95f6c8f778c38b7b443dd1625b628cd7489d281bb7b221
508009,2025-01-15,2025-01-20,0.183,1.83,https://www.sse.com.cn/disclosure/fund/announcement/c/new/2025-01-15/508009_20250115_AWE8.pdf,machine_extracted_official_pdf,本次分红方案（单位：元/10 份基金份 1.8300 额） ；除息日 场外：2025 年 1 月 17 日 场内：2025 年 1 月 20 日,90395558be2719a08dba80f4fa1b94f5c350adb56a33b8bdcdde2be6aefd3bbe
508009,2025-03-29,2025-04-03,0.125,1.25,https://www.sse.com.cn/disclosure/fund/announcement/c/new/2025-03-29/508009_20250329_5DTM.pdf,machine_extracted_official_pdf,本次分红方案（单位：元/10 份基金份 1.2500 额） ；除息日 场外：2025 年 4 月 2 日 场内：2025 年 4 月 3 日,597bfa6778e3a2b9d055d7ea874861e01530f497629f5e39f86afd5408f83a4a
508009,2025-07-18,2025-07-23,0.1669999999999999,1.67,https://www.sse.com.cn/disclosure/fund/announcement/c/new/2025-07-18/508009_20250718_N6KZ.pdf,machine_extracted_official_pdf,本次分红方案（单位：元/10 份基金 1.6700 份额） ；除息日 场外：2025 年 7 月 22 日 场内：2025 年 7 月 23 日,0f4059937f513ba33b15ea5566813139b21dfe2fce3e7158652dabad285f8ec8
508009,2025-10-28,2025-10-31,0.148,1.48,https://www.sse.com.cn/disclosure/fund/announcement/c/new/2025-10-28/508009_20251028_P4NY.pdf,machine_extracted_official_pdf,本次分红方案（单位：元/10 份基金 1.4800 份额） ；除息日 场外：2025 年 10 月 30 日 场内：2025 年 10 月 31 日,a427915a2537db3e39775530e2afc8b86f480b56ab9f64002e5f898305236e9c
508009,2026-01-22,2026-01-27,0.16,1.6,https://www.sse.com.cn/disclosure/fund/announcement/c/new/2026-01-22/508009_20260122_5SXE.pdf,machine_extracted_official_pdf,本次分红方案（单位：元/10 份基金 1.6000 份额） ；除息日 场外：2026 年 1 月 26 日 场内：2026 年 1 月 27 日,c9d04d36a4e6efef69233b7288df72de086171901b1b72f3d55a6caf1291c181
508009,2026-03-28,2026-04-02,0.161,1.61,https://www.sse.com.cn/disclosure/fund/announcement/c/new/2026-03-28/508009_20260328_A2BZ.pdf,machine_extracted_official_pdf,本次分红方案（单位：元/10 份基金 1.6100 份额） ；除息日 场外：2026 年 4 月 1 日 场内：2026 年 4 月 2 日,5910d9c3137643d88038bf6300f0c39c4bd465f715159abee79970e79d0271bf
508009,2026-07-22,2026-07-27,0.088,0.88,https://www.sse.com.cn/disclosure/fund/announcement/c/new/2026-07-22/508009_20260722_OMBE.pdf,machine_extracted_official_pdf,本次分红方案（单位：元/10 份基金 0.8800 份额） ；除息日 场外：2026 年 7 月 24 日 场内：2026 年 7 月 27 日,b79972b61df2a04b4bd8da63fee91cbda997abff4a92abefe4839fa8a8050dee
508010,2025-04-23,2025-04-28,0.04385,0.4385,https://www.sse.com.cn/disclosure/fund/announcement/c/new/2025-04-23/508010_20250423_5YJ6.pdf,machine_extracted_official_pdf,本次分红方案（单位：元 0.4385 /10 份基金份额） 本次分红为本基金 2025 年度第一次 ；除息日 场外：2025 年 4 月 25 日 场内：2025 年 4 月 28 日,d4801380d84943f69355162afd774b365ed885db62c6cb65ff6141b0efdaab52
508010,2025-08-20,2025-08-25,0.0349999999999999,0.35,https://www.sse.com.cn/disclosure/fund/announcement/c/new/2025-08-20/508010_20250820_I6RD.pdf,machine_extracted_official_pdf,本次分红方案（单位：元 0.3500 /10 份基金份额） 本次分红为本基金 2025 年度第二次 ；除息日 场外：2025 年 8 月 22 日 场内：2025 年 8 月 25 日,3ad77f07777d3b0799389c71b1edd6840b825795efab325295cef110494f59ae
508010,2025-12-11,2025-12-16,0.0338,0.338,https://www.sse.com.cn/disclosure/fund/announcement/c/new/2025-12-11/508010_20251211_FV5N.pdf,machine_extracted_official_pdf,本次分红方案（单位：元 0.3380 /10 份基金份额） 本次分红为本基金 2025 年度第三次 ；除息日 场外：2025 年 12 月 15 日 场内：2025 年 12 月 16 日,f31155e1348a4c048278ed5bc5322b6af94bdc4d3e2205b6fa0b7f52b562f605
508010,2026-04-01,2026-04-07,0.0354,0.354,https://www.sse.com.cn/disclosure/fund/announcement/c/new/2026-04-01/508010_20260401_ILEO.pdf,machine_extracted_official_pdf,本次分红方案（单位：元 0.3540 /10 份基金份额） 本次分红为本基金 2026 年度第一次 ；除息日 场外：2026 年 4 月 3 日 场内：2026 年 4 月 7 日,3db6fda1dcd09feca371474aed886359d9df0f2415e878851c6e58c093ef7c13
508010,2026-08-28,2026-09-02,0.0706,0.706,https://www.sse.com.cn/disclosure/fund/announcement/c/new/2026-08-28/508010_20260828_5R0R.pdf,machine_extracted_official_pdf,本次分红方案（单位：元 0.7060 /10 份基金份额） 本次分红为本基金 2026 年度第二次 ；除息日 场外：2026 年 9 月 1 日 场内：2026 年 9 月 2 日,29f8e072099a74f6d3f1d275e8dc96019477c4375f399bdf05364eca64feff7a
508011,2024-09-05,2024-09-10,0.0708999999999999,0.709,https://www.sse.com.cn/disclosure/fund/announcement/c/new/2024-09-05/508011_20240905_ULKD.pdf,machine_extracted_official_pdf,本次分红方案（单位：元/10 0.7090 份公募 REITs 份额） ；除息日 2024 年 9 月 10 日（场内） 2024 年 9 月 9 日（场外）,7990edcbe71eb4b3adbef63a635884b7db5f52f3d42ffde41e8f9f52d03fa48f
508011,2025-03-11,2025-03-14,0.0824999999999999,0.825,https://www.sse.com.cn/disclosure/fund/announcement/c/new/2025-03-11/508011_20250311_MSRZ.pdf,machine_extracted_official_pdf,本次分红方案（单位：元 0.8250 /10 份公募 REITs 份额） ；除息日 2025 年 3 月 14 日（场内） 2025 年 3 月 13 日（场外）,c659b6e503a11e0d052de0704283d34e6069e3f3519888765755bc84d7816110
508011,2025-09-10,2025-09-15,0.0863,0.863,https://www.sse.com.cn/disclosure/fund/announcement/c/new/2025-09-10/508011_20250910_77J4.pdf,machine_extracted_official_pdf,本次分红方案（单位：元/10 0.8630 份公募 REITs 份额） ；除息日 2025 年 9 月 15 日（场内） 2025 年 9 月 12 日（场外）,0aa67b553e8bc7e7b25f921626a82e5cbc5b88cf92e392f56cc866358a32a769
508011,2026-04-08,2026-04-13,0.0881,0.881,https://www.sse.com.cn/disclosure/fund/announcement/c/new/2026-04-08/508011_20260408_88YZ.pdf,machine_extracted_official_pdf,本次分红方案（单位：元/10 0.8810 份公募 REITs 份额） ；除息日 2026 年 4 月 13 日（场内） 2026 年 4 月 10 日（场外）,78affa0f19694fa5126aa98ff6e028ee0ed5a779b840801b7b5732add694ab99
508011,2026-07-31,2026-08-05,0.09025,0.9025,https://www.sse.com.cn/disclosure/fund/announcement/c/new/2026-07-31/508011_20260731_3WH7.pdf,machine_extracted_official_pdf,本次分红方案（单位：元/10 0.9025 份公募 REITs 份额） ；除息日 2026 年 8 月 5 日（场内） 2026 年 8 月 4 日（场外）,1ca1f9491c54bd8e20e16df52f1c55c552fc1145b3c263b6e7cce1cb40f577e2
508012,2025-05-21,2025-05-26,0.07178,0.7178,https://www.sse.com.cn/disclosure/fund/announcement/c/new/2025-05-21/508012_20250521_S58G.pdf,machine_extracted_official_pdf,本次分红方案（单位：元/10 份基金份额） 0.7178 ；除息日 2025 年 5 月 26 日（场内） 2025 年 5 月 23 日（场外）,761440a88d4677af5e5fd217933d393f81085732ec3a2a019c9341def10d172f
508012,2025-11-21,2025-11-26,0.06,0.6,https://www.sse.com.cn/disclosure/fund/announcement/c/new/2025-11-21/508012_20251121_LBOC.pdf,machine_extracted_official_pdf,本次分红方案（单位：元/10 份基金份额） 0.6 ；除息日 2025 年 11 月 26 日（场内） 2025 年 11 月 25 日（场外）,ce3e59f9d6324a7b854f636ad23adcff77826c3583d81ad115c3645b342cdc60
508012,2026-05-29,2026-06-03,0.0775,0.775,https://www.sse.com.cn/disclosure/fund/announcement/c/new/2026-05-29/508012_20260529_URCT.pdf,machine_extracted_official_pdf,本次分红方案（单位：元/10 份基金份额） 0.775 ；除息日 2026 年 6 月 3 日（场内） 2026 年 6 月 2 日（场外）,809585479af381c24bef8fb53bf37b5494ef5b622da7038f93afb076a3aedc73
508016,2026-04-22,2026-04-27,0.10699,1.0699,https://www.sse.com.cn/disclosure/fund/announcement/c/new/2026-04-22/508016_20260422_PLIO.pdf,machine_extracted_official_pdf,本次分红方案（单位：元 1.0699 /10份公募REITs份额） ；除息日 2026年4月27日（场内） 2026年4月24日（场外）,7725c8be22c7bc0168f854cad0466400cfd80e7dc5a752a06071be171f710408
508017,2024-05-28,2024-05-31,0.02218,0.2218,https://www.sse.com.cn/disclosure/fund/announcement/c/new/2024-05-28/508017_20240528_TIIH.pdf,machine_extracted_official_pdf,本次分红方案（单位：元 0.2218 /10份公募REITs份额） ；除息日 2024年5月31日（场内） 2024年5月30日（场外）,f00809e59a22c4b16d8d4226cc488189eaa639c48545b155b232c0b6d3c3ee85
508017,2024-08-09,2024-08-14,0.03325,0.3325,https://www.sse.com.cn/disclosure/fund/announcement/c/new/2024-08-09/508017_20240809_DZL8.pdf,machine_extracted_official_pdf,本次分红方案（单位：元/10 0.3325 份公募REITs份额） ；除息日 2024年8月14日（场内） 2024年8月13日（场外）,fc8c916d801613ae40966d7025a02bc3e78bc7872646c24b665f5662d3a18456
508017,2024-11-15,2024-11-20,0.03396,0.3396,https://www.sse.com.cn/disclosure/fund/announcement/c/new/2024-11-15/508017_20241115_1E10.pdf,machine_extracted_official_pdf,本次分红方案（单位：元 0.3396 /10份公募REITs份额） ；除息日 2024年11月20日（场内） 2024年11月19日（场外）,3a3da75e68fdb89e4643ddd607991164a10150e0a92e725fb5d1c44f746fd726
508017,2025-04-09,2025-04-14,0.03458,0.3458,https://www.sse.com.cn/disclosure/fund/announcement/c/new/2025-04-09/508017_20250409_DBEN.pdf,machine_extracted_official_pdf,本次分红方案（单位：元/10 0.3458 份公募REITs份额） ；除息日 2025年4月14日（场内） 2025年4月11日（场外）,26d822a03f90326d306989d0db97d24a3316847de2774845ece906f563ada683
508017,2025-05-14,2025-05-19,0.03529,0.3529,https://www.sse.com.cn/disclosure/fund/announcement/c/new/2025-05-14/508017_20250514_O442.pdf,machine_extracted_official_pdf,本次分红方案（单位：元/10 0.3529 份公募REITs份额） ；除息日 2025年5月19日（场内） 2025年5月16日（场外）,6894521b78543351686f9c6b848ed2befd05411d0e70c9f385cf13487d7fae52
508017,2025-08-20,2025-08-25,0.03653,0.3653,https://www.sse.com.cn/disclosure/fund/announcement/c/new/2025-08-20/508017_20250820_90IR.pdf,machine_extracted_official_pdf,本次分红方案（单位：元/10 0.3653 份公募REITs份额） ；除息日 2025年8月25日（场内） 2025年8月22日（场外）,66ff12de0d078b938764deff88be0902bec5c92a23d06676a63d8d9974045b8d
508017,2025-11-20,2025-11-25,0.03755,0.3755,https://www.sse.com.cn/disclosure/fund/announcement/c/new/2025-11-20/508017_20251120_YVQI.pdf,machine_extracted_official_pdf,本次分红方案（单位：元/10 0.3755 份公募REITs份额） ；除息日 2025年11月25日（场内） 2025年11月24日（场外）,887f192efc10bf7b1af8f09fe05b95a5a2b9fd71311ac6d8b79464b26a573d19
508017,2026-04-09,2026-04-14,0.0374,0.374,https://www.sse.com.cn/disclosure/fund/announcement/c/new/2026-04-09/508017_20260409_6RXB.pdf,machine_extracted_official_pdf,本次分红方案（单位：元/10 0.3740 份公募REITs份额） ；除息日 2026年4月14日（场内） 2026年4月13日（场外）,968dbf6d078e4025383d0432abc7d509019c3202c8926313992956161fafe52c
508017,2026-05-22,2026-05-27,0.03679,0.3679,https://www.sse.com.cn/disclosure/fund/announcement/c/new/2026-05-22/508017_20260522_DV5O.pdf,machine_extracted_official_pdf,本次分红方案（单位：元/10 0.3679 份公募REITs份额） ；除息日 2026年5月27日（场内） 2026年5月26日（场外）,67886d2dc941116e3bed33a43277d567524904f5513d5678a4668223239c21dd
508017,2026-08-14,2026-08-19,0.03738,0.3738,https://www.sse.com.cn/disclosure/fund/announcement/c/new/2026-08-14/508017_20260814_Y5CG.pdf,machine_extracted_official_pdf,本次分红方案（单位：元/10 0.3738 份公募REITs份额） ；除息日 2026年8月19日（场内） 2026年8月18日（场外）,ea5926e23ea1adf6480e083ab9ef777dbe1ec6c0294dc0d4062dc219c7e24b32
508018,2022-09-29,2022-10-12,0.0829,0.829,https://www.sse.com.cn/disclosure/fund/announcement/c/new/2022-09-29/508018_20220929_1_6PyH83aZ.pdf,machine_extracted_official_pdf,本次分红方案（单位：元/10 0.829 份公募REITs份额） ；除息日 2022年10月12日（场内） 2022年10月11日（场外）,4341ee7a95f4a1f7d749ab5e11257854511a7fa64b2e10a5a0711198564e2e66
508018,2022-11-28,2022-12-02,0.09492,0.9492,https://www.sse.com.cn/disclosure/fund/announcement/c/new/2022-11-28/508018_20221128_31LR.pdf,machine_extracted_official_pdf,本次分红方案（单位：元/10 0.9492 份公募REITs份额） ；除息日 2022年12月2日（场内） 2022年12月1日（场外）,05e39224cf23ce8f39395cecad72fa4115f3e19e7f6ce258cf7e8b8aa2d235f1
508018,2023-05-05,2023-05-11,0.07276,0.7276,https://www.sse.com.cn/disclosure/fund/announcement/c/new/2023-05-05/508018_20230505_OCVP.pdf,machine_extracted_official_pdf,本次分红方案（单位：元/10 0.7276 份公募REITs份额） ；除息日 2023年5月11日（场内） 2023年5月10日（场外）,6c4580193576f61582d924e873a824b451f7ca92a5ee360c3597e2dc34926053
508018,2023-06-09,2023-06-15,0.09339,0.9339,https://www.sse.com.cn/disclosure/fund/announcement/c/new/2023-06-09/508018_20230609_XQZA.pdf,machine_extracted_official_pdf,本次分红方案（单位：元/10 0.9339 份公募REITs份额） ；除息日 2023年6月15日（场内） 2023年6月14日（场外）,1840cedf4a2f0c153ddb96f93cf56b96bdc9cfead487e59ea36d172bc450b78b
508018,2023-08-24,2023-08-29,0.07046,0.7046,https://www.sse.com.cn/disclosure/fund/announcement/c/new/2023-08-24/508018_20230824_HDVG.pdf,machine_extracted_official_pdf,本次分红方案（单位：元 0.7046 /10份公募REITs份额） ；除息日 2023年8月29日（场内） 2023年8月28日（场外）,e68395b40d27f91715f0d8fe489993c3957ad733553b7e427831ab00d9c363b5
508018,2023-11-22,2023-11-27,0.07889,0.7889,https://www.sse.com.cn/disclosure/fund/announcement/c/new/2023-11-22/508018_20231122_ZLH1.pdf,machine_extracted_official_pdf,本次分红方案（单位：元 0.7889 /10份公募REITs份额） ；除息日 2023年11月27日（场内） 2023年11月24日（场外）,93039a931040b50a6f67890639c11518d514b7b547508590f3988661f6c871f6
508018,2024-04-24,2024-04-29,0.07763,0.7763,https://www.sse.com.cn/disclosure/fund/announcement/c/new/2024-04-24/508018_20240424_QU80.pdf,machine_extracted_official_pdf,本次分红方案（单位：元 0.7763 /10份公募REITs份额） ；除息日 2024年4月29日（场内） 2024年4月26日（场外）,09059fd199fb7dcf7eea5f3898cd02ff0c1f74833ff77439a4b2932fba269dd4
508018,2024-05-30,2024-06-04,0.072,0.72,https://www.sse.com.cn/disclosure/fund/announcement/c/new/2024-05-30/508018_20240530_YUCW.pdf,machine_extracted_official_pdf,本次分红方案（单位：元/10 0.7200 份公募REITs份额） ；除息日 2024年6月4日（场内） 2024年6月3日（场外）,6f4e3ba7bf1cf40acdc344dac7373bc40792d84745c146d12e493e5e6a5af8e9
508018,2024-08-15,2024-08-20,0.06085,0.6085,https://www.sse.com.cn/disclosure/fund/announcement/c/new/2024-08-15/508018_20240815_8X0A.pdf,machine_extracted_official_pdf,本次分红方案（单位：元/10 0.6085 份公募REITs份额） ；除息日 2024年8月20日（场内） 2024年8月19日（场外）,2390dc1e15971130ad265c7b1def73e368549531e5f9dcc4d052c19bb0735012
508018,2024-11-26,2024-11-29,0.0784,0.784,https://www.sse.com.cn/disclosure/fund/announcement/c/new/2024-11-26/508018_20241126_M1DS.pdf,machine_extracted_official_pdf,本次分红方案（单位：元 0.7840 /10份公募REITs份额） ；除息日 2024年11月29日（场内） 2024年11月28日（场外）,434822f12e3a7044769853da3db95037a4b2c5d44df81e5743b52b055aab05f7
508018,2025-04-30,2025-05-08,0.05413,0.5413,https://www.sse.com.cn/disclosure/fund/announcement/c/new/2025-04-30/508018_20250430_2EDN.pdf,machine_extracted_official_pdf,本次分红方案（单位：元 0.5413 /10份公募REITs份额） ；除息日 2025年5月8日（场内） 2025年5月7日（场外）,8b8430d4352842c2f6b173509fe6c5b10e11ea43eb0bb8707263a84f2d03a72c
508018,2025-05-23,2025-05-28,0.07264,0.7264,https://www.sse.com.cn/disclosure/fund/announcement/c/new/2025-05-23/508018_20250523_WTUP.pdf,machine_extracted_official_pdf,本次分红方案（单位：元/10 0.7264 份公募REITs份额） ；除息日 2025年5月28日（场内） 2025年5月27日（场外）,8be6c72f4a42badf54eb6127d42fd2adc5f0990194a29a43dc4f5fd0ec039460
508018,2025-08-15,2025-08-20,0.0593,0.593,https://www.sse.com.cn/disclosure/fund/announcement/c/new/2025-08-15/508018_20250815_1Y9R.pdf,machine_extracted_official_pdf,本次分红方案（单位：元/10 0.5930 份公募REITs份额） ；除息日 2025年8月20日（场内） 2025年8月19日（场外）,57a11bda00ab23cc604a0eff6f0d4455554bb08ad54d0be5c2d261b940951ebc
508018,2025-11-27,2025-12-02,0.06972,0.6972,https://www.sse.com.cn/disclosure/fund/announcement/c/new/2025-11-27/508018_20251127_97P0.pdf,machine_extracted_official_pdf,本次分红方案（单位：元/10 0.6972 份公募REITs份额） ；除息日 2025年12月2日（场内） 2025年12月1日（场外）,8eb1f3c4ba744322f433b81bb97d15bfe5f7f5698ed028a5a36cdf27118df1da
508018,2026-04-24,2026-04-29,0.06078,0.6078,https://www.sse.com.cn/disclosure/fund/announcement/c/new/2026-04-24/508018_20260424_P47X.pdf,machine_extracted_official_pdf,本次分红方案（单位：元/10 0.6078 份公募REITs份额） ；除息日 2026年4月29日（场内） 2026年4月28日（场外）,e51514237cf80c877756cc8047bfa024783a6f47b9eb9f18ead0d6fa08092324
508018,2026-05-22,2026-05-27,0.08656,0.8656,https://www.sse.com.cn/disclosure/fund/announcement/c/new/2026-05-22/508018_20260522_4ZNX.pdf,machine_extracted_official_pdf,本次分红方案（单位：元/10 0.8656 份公募REITs份额） ；除息日 2026年5月27日（场内） 2026年5月26日（场外）,47130a97e1ebcf2f8d952d22937805ff9fbfc5a31e2d7c5105b61debed7822f5
508018,2026-08-14,2026-08-19,0.07618,0.7618,https://www.sse.com.cn/disclosure/fund/announcement/c/new/2026-08-14/508018_20260814_WQYB.pdf,machine_extracted_official_pdf,本次分红方案（单位：元/10 0.7618 份公募REITs份额） ；除息日 2026年8月19日（场内） 2026年8月18日（场外）,394e05fe8644551c8cee0c29ca71bcda2dc214c3e3fe66e1de6f40830b2ede17
508019,2024-04-11,2024-04-16,0.07142,0.7142,https://www.sse.com.cn/disclosure/fund/announcement/c/new/2024-04-11/508019_20240411_WU37.pdf,machine_extracted_official_pdf,本次分红方案（单位：元/10 份基金份 0.7142 额） ；除息日 场外：2024 年 4 月 15 日 场内：2024 年 4 月 16 日 第 2 页 共 4页 中金基金管理有限公司关于中金湖北科投光谷产业园封闭式基础设施证券投资基金 2024 年第一次分红的公告,7c37e43f27ff890ae635dbe2787fde0061d7e44cf4dc1a2117b7c473d67a7995
508019,2024-06-29,2024-07-03,0.0325299999999999,0.3253,https://www.sse.com.cn/disclosure/fund/announcement/c/new/2024-06-29/508019_20240629_HN3L.pdf,machine_extracted_official_pdf,本次分红方案（单位：元/10 份基金份 0.3253 额） ；除息日 场外：2024 年 7 月 2 日 场内：2024 年 7 月 3 日,edd7cfc2619f534740910d566964179734845355be55a76cf2fd9a54dd74c369
508019,2024-10-25,2024-10-30,0.0335,0.335,https://www.sse.com.cn/disclosure/fund/announcement/c/new/2024-10-25/508019_20241025_0JUC.pdf,machine_extracted_official_pdf,本次分红方案（单位：元/10 份基金份 0.3350 额） ；除息日 场外：2024 年 10 月 29 日 场内：2024 年 10 月 30 日,543c4872fdc96e7e7efab4c537fe8f4d6ce467a4d99643c2195bec9def528b56
508019,2024-12-27,2025-01-02,0.03033,0.3033,https://www.sse.com.cn/disclosure/fund/announcement/c/new/2024-12-27/508019_20241227_46H1.pdf,machine_extracted_official_pdf,本次分红方案（单位：元/10 份基金份 0.3033 额） ；除息日 场外：2024 年 12 月 31 日 场内：2025 年 1 月 2 日,59cff057635eb8a236cba8cea5e8717f18af8de402d3d4fc278d1821a37d857b
508019,2025-04-11,2025-04-16,0.02728,0.2728,https://www.sse.com.cn/disclosure/fund/announcement/c/new/2025-04-11/508019_20250411_1ONM.pdf,machine_extracted_official_pdf,本次分红方案（单位：元/10 份基金份 0.2728 额） ；除息日 场外：2025 年 4 月 15 日 场内：2025 年 4 月 16 日,b9d23089049b6a1716448233ba05ed9427f289e160c7fc66e067237d963d1519
508019,2025-07-18,2025-07-23,0.025,0.25,https://www.sse.com.cn/disclosure/fund/announcement/c/new/2025-07-18/508019_20250718_85JG.pdf,machine_extracted_official_pdf,本次分红方案（单位：元/10 份基金份 0.2500 额） ；除息日 场外：2025 年 7 月 22 日 场内：2025 年 7 月 23 日,d53094b95e433b61285ebeef74ecbad8307d8521acff9622fd04a7b78c6ea563
508019,2025-10-31,2025-11-05,0.0248299999999999,0.2483,https://www.sse.com.cn/disclosure/fund/announcement/c/new/2025-10-31/508019_20251031_BB37.pdf,machine_extracted_official_pdf,本次分红方案（单位：元/10 份基金份 0.2483 额） ；除息日 场外：2025 年 11 月 4 日 场内：2025 年 11 月 5 日,b4e37874af300c33e3930c8ad7a6238e6d6b9e4a96a6465104002bdf5cab011f
508019,2026-01-23,2026-01-28,0.0248299999999999,0.2483,https://www.sse.com.cn/disclosure/fund/announcement/c/new/2026-01-23/508019_20260123_Z6YC.pdf,machine_extracted_official_pdf,本次分红方案（单位：元/10 份基金份 0.2483 额） ；除息日 场外：2026 年 1 月 27 日 场内：2026 年 1 月 28 日 第 2 页 共 4页 中金基金管理有限公司关于中金湖北科投光谷产业园封闭式基础设施证券投资基金 2026 年第一次分红的公告,02092afc205b550954a979214aeaff9d4d0b6402cdb96fd774794a5df89552d2
508019,2026-04-02,2026-04-08,0.0207499999999999,0.2075,https://www.sse.com.cn/disclosure/fund/announcement/c/new/2026-04-02/508019_20260402_DEGT.pdf,machine_extracted_official_pdf,本次分红方案（单位：元/10 份基金份 0.2075 额） ；除息日 场外：2026 年 4 月 7 日 场内：2026 年 4 月 8 日 第 2 页 共 4页 中金基金管理有限公司关于中金湖北科投光谷产业园封闭式基础设施证券投资基金 2026 年第二次分红的公告,63c8bfa1acec172f6fce73fcb1baf9ea0d3227534fba426a32d6620f94ded7a1
508019,2026-07-24,2026-07-29,0.01883,0.1883,https://www.sse.com.cn/disclosure/fund/announcement/c/new/2026-07-24/508019_20260724_9H51.pdf,machine_extracted_official_pdf,本次分红方案（单位：元/10 份基金份 0.1883 额） ；除息日 场外：2026 年 7 月 28 日 场内：2026 年 7 月 29 日 第 2 页 共 4页 中金基金管理有限公司关于中金湖北科投光谷产业园封闭式基础设施证券投资基金 2026 年第三次分红的公告,3152aa96806f4efbf05e7c5b48089bf411645a1ae9ca1c9957857bc726ff48b8
508021,2023-04-13,2023-04-18,0.06722,0.6722,https://www.sse.com.cn/disclosure/fund/announcement/c/new/2023-04-13/508021_20230413_1YQC.pdf,machine_extracted_official_pdf,本次分红方案（单位:元/ 0.6722 10 份基金份额） ；除息日止基准日公募 REITs 按照本次分红比例计算的应分配金额与实 际分配金额间可能存在尾差，具体以注册登记机构的规则为准。 2 与分红相关的其他信息 权益登记日 2023年04月17日 2023年04月18日（场 2023年04月17日（场 除息日 内） 外） 2023年04月21日（场 2023年04月19日（场,e7bd56d377c9ee129b55a9edf7254761081d2a101259ad773537a458c6bc8024
508021,2024-04-18,2024-04-23,0.19704,1.9704,https://www.sse.com.cn/disclosure/fund/announcement/c/new/2024-04-18/508021_20240418_58F7.pdf,machine_extracted_official_pdf,本次分红方案（单位:元/ 1.9704 10 份基金份额） ；除息日止基准日公募 REITs 按照本次分红比例计算的应分配金额与实际分 配金额间可能存在尾差，具体以注册登记机构的规则为准。 2 与分红相关的其他信息 权益登记日 2024年04月22日 2024年04月23日（场 2024年04月22日（场 除息日 内） 外） 2024年04月26日（场 2024年04月24日（场,43dbb39de8b79e22f7a1ed50cf3549090948bd1210c5d7de36b3152ecd878096
508021,2025-04-22,2025-04-25,0.16715,1.6715,https://www.sse.com.cn/disclosure/fund/announcement/c/new/2025-04-22/508021_20250422_ACM3.pdf,machine_extracted_official_pdf,本次分红方案（单位:元/ 1.6715 10 份基金份额） ；除息日止基准日公募 REITs 按照本次分红比例计算的应分配金额与实际 分配金额间可能存在尾差，具体以注册登记机构的规则为准。 2 与分红相关的其他信息 权益登记日 2025年04月24日 2025年04月25日（场 2025年04月24日（场 除息日 内） 外） 2025年04月30日（场 2025年04月28日（场,6e15abbcc825b0b9fc7e9fd2f705ea1bbe170fd13631f845c08c088c9a7d83c1
508021,2026-04-22,2026-04-27,0.11435,1.1435,https://www.sse.com.cn/disclosure/fund/announcement/c/new/2026-04-22/508021_20260422_KWUZ.pdf,machine_extracted_official_pdf,本次分红方案（单位:元/ 1.1435 10 份基金份额） ；除息日止基准日公募 REITs 按照本次分红比例计算的应分配金额与实际 分配金额间可能存在尾差，具体以注册登记机构的规则为准。 2 与分红相关的其他信息 权益登记日 2026年04月24日 2026年04月27日（场 2026年04月24日（场 除息日 内） 外） 2026年04月30日（场 2026年04月28日（场,030629db887b488fd8647baaa1b67344ccb7ef59cfae9e4950263c346b0e6cdb
508022,2025-04-22,2025-04-25,0.0461,0.461,https://www.sse.com.cn/disclosure/fund/announcement/c/new/2025-04-22/508022_20250422_YERW.pdf,machine_extracted_official_pdf,本次分红方案（单位：元/10 0.4610 份基金份额） ；除息日 2025 年 4 月 25 日（场内） 2025 年 4 月 24 日（场外）,d7702eda8db49d5d1fd330da6c1b6c52a4e6d967f597ba10950a345fe5d32cd5
508022,2025-09-19,2025-09-24,0.0699999999999999,0.7,https://www.sse.com.cn/disclosure/fund/announcement/c/new/2025-09-19/508022_20250919_ICWR.pdf,machine_extracted_official_pdf,本次分红方案（单位：元/10 0.7000 份基金份额） ；除息日 2025 年 9 月 24 日（场内） 2025 年 9 月 23 日（场外）,df7db0f1e0ee47481004ee5029acc586c44b07363d7c4f9c29e406d1a61f8bac
508022,2025-12-12,2025-12-17,0.04214,0.4214,https://www.sse.com.cn/disclosure/fund/announcement/c/new/2025-12-12/508022_20251212_F7T5.pdf,machine_extracted_official_pdf,本次分红方案（单位：元/10 0.4214 份基金份额） ；除息日 2025 年 12 月 17 日（场内） 2025 年 12 月 16 日（场外）,590ad99a22e11dbe9296da95c89bed13c29b25e33138dfb3599bf1cc47cb3de2
508022,2026-04-22,2026-04-27,0.033,0.33,https://www.sse.com.cn/disclosure/fund/announcement/c/new/2026-04-22/508022_20260422_C183.pdf,machine_extracted_official_pdf,本次分红方案（单位：元/10 0.3300 份基金份额） ；除息日 2026 年 4 月 27 日（场内） 2026 年 4 月 24 日（场外）,7fc4f0eafaca2701e0aeadfebc9f48cf7b3db32dc82a2efe2c6f2bbdf3cd6484
508022,2026-08-21,2026-08-26,0.0839999999999999,0.84,https://www.sse.com.cn/disclosure/fund/announcement/c/new/2026-08-21/508022_20260821_4N00.pdf,machine_extracted_official_pdf,本次分红方案（单位：元/10 0.8400 份基金份额） ；除息日 2026 年 8 月 26 日（场内） 2026 年 8 月 25 日（场外）,3aeb49d985a1fd3c998d73ffa2fc343cadcec10f8d909a983dd3a9eaee4b77a5
508026,2025-03-04,2025-03-07,0.0946999999999999,0.947,https://www.sse.com.cn/disclosure/fund/announcement/c/new/2025-03-04/508026_20250304_CESI.pdf,machine_extracted_official_pdf,本次分红方案（单位：元/10 0.9470 份公募 REITs 份额） ；除息日 2025 年 3 月 7 日（场内） 2025 年 3 月 6 日（场外）,be90d232e6569425e8dd31aa17bb4c1092736750f6d207f513158d57b749d6d9
508026,2025-04-30,2025-05-08,0.09,0.9,https://www.sse.com.cn/disclosure/fund/announcement/c/new/2025-04-30/508026_20250430_D7UC.pdf,machine_extracted_official_pdf,本次分红方案（单位：元/10 0.9000 份公募 REITs 份额） ；除息日 2025 年 5 月 8 日（场内） 2025 年 5 月 7 日（场外）,932d2e440d6e7d45fb3c204dd82a3bc030ceaf9b7d03b1b52ba3ffb2f608ff26
508026,2025-09-29,2025-10-10,0.08,0.8,https://www.sse.com.cn/disclosure/fund/announcement/c/new/2025-09-29/508026_20250929_7N76.pdf,machine_extracted_official_pdf,本次分红方案（单位：元/10 0.8000 份公募 REITs 份额） ；除息日 2025 年 10 月 10 日（场内） 2025 年 10 月 9 日（场外）,8a056e3e1bbb40ef7374f70bb72fc183f19e6522947f098ce4621236511010e4
508026,2026-04-22,2026-04-27,0.129,1.29,https://www.sse.com.cn/disclosure/fund/announcement/c/new/2026-04-22/508026_20260422_7LYZ.pdf,machine_extracted_official_pdf,本次分红方案（单位：元/10 1.2900 份公募 REITs 份额） ；除息日 2026 年 4 月 27 日（场内） 2026 年 4 月 24 日（场外）,00f40222c9ae4936453bfddc8308e1a9153c91eaa3305587a92b8b34153cbcba
508027,2022-04-14,2022-04-19,0.1028999999999999,1.029,https://www.sse.com.cn/disclosure/fund/announcement/c/new/2022-04-14/508027_20220414_1_8ElzpIhK.pdf,machine_extracted_official_pdf,本次分红方案（单位：元/10 份基金份 1.029 额） ；除息日 场外：2022 年 4 月 18 日 场内：2022 年 4 月 19 日,76e6adaf78cd5bbe6b86b4e52af7ccc150363b2e16aa4ec98ef41c8eceb378b6
508027,2023-04-13,2023-04-18,0.17754,1.7754,https://www.sse.com.cn/disclosure/fund/announcement/c/new/2023-04-13/508027_20230413_QYFN.pdf,machine_extracted_official_pdf,本次分红方案（单位：元/10 1.7754 份基金份额） ；除息日 场外：2023 年 4 月 17 日 场内：2023 年 4 月 18 日,bba48140494dcfa9851bcdbcc3b5a6428ec6024fb156cf8e84f5100c5f07d7b0
508028,2023-09-19,2023-09-22,0.28738,2.8738,https://www.sse.com.cn/disclosure/fund/announcement/c/new/2023-09-19/508028_20230919_V4W7.pdf,machine_extracted_official_pdf,本次分红方案 （单位：元/10 份基金份 2.8738 额） ；除息日 场内：2023 年 9 月 22 日 场外: 2023 年 9 月 21 日,1a72c2d5376c793d207f08a47d819c4e0cbbf9b2773bbdca28a22bd44684248d
508028,2023-12-18,2023-12-21,0.369,3.69,https://www.sse.com.cn/disclosure/fund/announcement/c/new/2023-12-18/508028_20231218_XZXX.pdf,machine_extracted_official_pdf,本次分红方案 （单位：元/10 份基金份 3.69 额） ；除息日 场内：2023 年 12 月 21 日 场外: 2023 年 12 月 20 日,81fe5050358b7f1436c738186d1b8eab578c228e93ac1ba7af5ecef10bd38d5a
508028,2024-04-18,2024-04-23,0.392,3.92,https://www.sse.com.cn/disclosure/fund/announcement/c/new/2024-04-18/508028_20240418_41LE.pdf,visual_verified_official_pdf,扫描PDF第2页：本次分红方案3.92元/10份；场内除息日2024-04-23,ccd81a06827094dfd40d7554a56f41816d604ab9bb8544c49d30e62c1d4c8504
508028,2024-09-19,2024-09-24,0.1179,1.179,https://www.sse.com.cn/disclosure/fund/announcement/c/new/2024-09-19/508028_20240919_GV5X.pdf,visual_verified_official_pdf,扫描PDF第2页：本次分红方案1.179元/10份；场内除息日2024-09-24,7ace5ea25ad98caa7b3d3fc6b76e4737407f24c4bbc5872d4468fcccec08a4e6
508028,2024-12-16,2024-12-19,0.3358,3.358,https://www.sse.com.cn/disclosure/fund/announcement/c/new/2024-12-16/508028_20241216_OA5R.pdf,visual_verified_official_pdf,扫描PDF第2页：本次分红方案3.3580元/10份；场内除息日2024-12-19,c0770d5a25366b70c0927bd70be57c34a3d0127a757322ce4cff9d7ea6e9887e
508028,2025-03-31,2025-04-03,0.5201,5.201,https://www.sse.com.cn/disclosure/fund/announcement/c/new/2025-03-31/508028_20250331_2T48.pdf,visual_verified_official_pdf,扫描PDF第2页：本次分红方案5.201元/10份；场内除息日2025-04-03,3b0a5e21296d37dc31276cb520d3b0c167cbef80c19e33ea4e1573868c931a0a
508028,2025-12-26,2025-12-31,0.1587,1.587,https://www.sse.com.cn/disclosure/fund/announcement/c/new/2025-12-26/508028_20251226_LP3G.pdf,visual_verified_official_pdf,扫描PDF第2页：本次分红方案1.587元/10份；场内除息日2025-12-31,4c1ce9c43ce03fac865dd7c93217791d81e2f16136380504c311fbf69c73b3b2
508028,2026-05-22,2026-05-27,0.6437,6.437,https://www.sse.com.cn/disclosure/fund/announcement/c/new/2026-05-22/508028_20260522_N2EU.pdf,visual_verified_official_pdf,扫描PDF第2页：本次分红方案6.4370元/10份；场内除息日2026-05-27,a4269c8b9a1f5c524becf8478bd7ccdb3f1a4f0415c0ba5205f85a4a8cc548c0
508031,2024-09-12,2024-09-19,0.06501,0.6501,https://www.sse.com.cn/disclosure/fund/announcement/c/new/2024-09-12/508031_20240912_FL3W.pdf,machine_extracted_official_pdf,本次分红方案（单位:元/ 0.6501 10 份基金份额） ；除息日%。截止基准日公募 REITs 按照本次分红比例计算的应分配金额与实 际分配金额间可能存在尾差，具体以注册登记机构的规则为准。 2 与分红相关的其他信息 权益登记日 2024年9月18日 2024年9月19日（场 2024年9月18日（场 除息日 内） 外） 2024年9月24日（场 2024年9月20日（场,2d41cf373ea48cd2544ed79134c80a1b38a345dfe8bfd2e1ada83106d08df7eb
508031,2025-04-22,2025-04-25,0.06725,0.6725,https://www.sse.com.cn/disclosure/fund/announcement/c/new/2025-04-22/508031_20250422_NNQU.pdf,machine_extracted_official_pdf,本次分红方案（单位:元/ 0.6725 10 份基金份额） ；除息日止基准日公募 REITs 按照本次分红比例计算的应分配金额与实际分配金额间可 能存在尾差，具体以注册登记机构的规则为准。 2 与分红相关的其他信息 权益登记日 2025年04月24日 2025年04月25日（场 2025年04月24日（场 除息日 内） 外） 2025年04月30日（场 2025年04月28日（场,c8bb46e6ad9b581b728dcbea0c4c30c18ff6dafc24d032e32b497d92bf6e64e8
508031,2025-09-18,2025-09-23,0.06336,0.6336,https://www.sse.com.cn/disclosure/fund/announcement/c/new/2025-09-18/508031_20250918_SKDN.pdf,machine_extracted_official_pdf,本次分红方案（单位:元/ 0.6336 10 份基金份额） ；除息日止基准日公募 REITs 按照本次分红比例计算的应分配金额与实际分配金额间可 能存在尾差，具体以注册登记机构的规则为准。 2 与分红相关的其他信息 权益登记日 2025年09月22日 2025年09月23日（场 2025年09月22日（场 除息日 内） 外） 2025年09月26日（场 2025年09月24日（场,79628e6fac03b60d2f314d4f6c4a9f4a728dbbad79c1024b47ba19de20526b3b
508031,2026-04-22,2026-04-27,0.0646,0.646,https://www.sse.com.cn/disclosure/fund/announcement/c/new/2026-04-22/508031_20260422_RSWK.pdf,machine_extracted_official_pdf,本次分红方案（单位:元/ 0.6460 10 份基金份额） ；除息日止基准日公募 REITs 按照本次分红比例计算的应分配金额与实际分配金额间可 能存在尾差，具体以注册登记机构的规则为准。 2 与分红相关的其他信息 权益登记日 2026年04月24日 2026年04月27日（场 2026年04月24日（场 除息日 内） 外） 2026年04月30日（场 2026年04月28日（场,b8ecbd02da7b0a64f4b809d77b0fdbb767486dadb68344650f183632079b4584
508033,2024-04-25,2024-04-30,0.4347999999999999,4.348,https://www.sse.com.cn/disclosure/fund/announcement/c/new/2024-04-25/508033_20240425_8YR8.pdf,machine_extracted_official_pdf,本次分红方案（单位：元/10 份基金 4.348 份额） ；除息日 2024 年 4 月 30 日（场内） 2024 年 4 月 29 日（场外）,56772ebdaf4c24d27092342c8580ee005c4197b8ecd8cb5cd4ec3c68ba1eda41
508033,2024-09-12,2024-09-19,0.1294,1.294,https://www.sse.com.cn/disclosure/fund/announcement/c/new/2024-09-12/508033_20240912_0UNM.pdf,machine_extracted_official_pdf,本次分红方案（单位：元/10 份基金 1.294 份额） ；除息日 2024 年 9 月 19 日（场内） 2024 年 9 月 18 日（场外）,61cf2522a44cf8d391b0612ea957800bab6e68b86da86e1df133df88531c111e
508033,2024-12-10,2024-12-13,0.2117,2.117,https://www.sse.com.cn/disclosure/fund/announcement/c/new/2024-12-10/508033_20241210_0TG1.pdf,machine_extracted_official_pdf,本次分红方案（单位：元/10 份基金 2.117 份额） ；除息日 2024 年 12 月 13 日（场内） 2024 年 12 月 12 日（场外）,9dc48313a514dcc7510cc27499869eb263b06af092687e22a699820528dd5903
508033,2025-04-22,2025-04-25,0.1596,1.596,https://www.sse.com.cn/disclosure/fund/announcement/c/new/2025-04-22/508033_20250422_GVCK.pdf,machine_extracted_official_pdf,本次分红方案（单位：元/10 份基金 1.596 份额） ；除息日 2025 年 4 月 25 日（场内） 2025 年 4 月 24 日（场外）,6109d8335115e67e1e05a545ca47287ce1e0272184daedeeb92707a490d4a335
508033,2025-07-22,2025-07-25,0.1937,1.937,https://www.sse.com.cn/disclosure/fund/announcement/c/new/2025-07-22/508033_20250722_OEBK.pdf,machine_extracted_official_pdf,本次分红方案（单位：元/10 份基金 1.937 份额） ；除息日 2025 年 7 月 25 日（场内） 2025 年 7 月 24 日（场外）,c241a43747f6d370aa3981d9f47b2c1c127abaa27dba83c4000b59b2db195a0c
508033,2025-09-19,2025-09-24,0.1872,1.872,https://www.sse.com.cn/disclosure/fund/announcement/c/new/2025-09-19/508033_20250919_BBV5.pdf,machine_extracted_official_pdf,本次分红方案（单位：元/10 份基金 1.872 份额） ；除息日 2025 年 9 月 24 日（场内） 2025 年 9 月 23 日（场外）,a36d0437903e103e1d5847609941b66e393a918d8b6adefe4fce30b95bfc4857
508033,2025-12-05,2025-12-10,0.2241,2.241,https://www.sse.com.cn/disclosure/fund/announcement/c/new/2025-12-05/508033_20251205_B8GH.pdf,machine_extracted_official_pdf,本次分红方案（单位：元/10 份基金 2.241 份额） ；除息日 2025 年 12 月 10 日（场内） 2025 年 12 月 9 日（场外）,d6ad0e754fb8dd11f4fd3fe943789b4aa89b4192bbf820e8ae4d7bd372c7f0e7
508033,2026-04-28,2026-05-06,0.1508,1.508,https://www.sse.com.cn/disclosure/fund/announcement/c/new/2026-04-28/508033_20260428_PTCP.pdf,machine_extracted_official_pdf,本次分红方案（单位：元/10 份基金 1.508 份额） ；除息日 2026 年 5 月 6 日（场内） 2026 年 4 月 30 日（场外）,0034be49d91342cd7d2d5062e3d0ac97948101d76415a781766901aa4664bbdf
508036,2025-07-10,2025-07-15,0.36,3.6,https://www.sse.com.cn/disclosure/fund/announcement/c/new/2025-07-10/508036_20250710_2H83.pdf,machine_extracted_official_pdf,本次分红方案（单位：元/10 份 3.6000 公募 REITs 份额） ；除息日 2025 年 7 月 15 日（场内） 2025 年 7 月 14 日（场外）,b0ed60fc81edb2a9d456b98bd13b3f4f5e40eeea98b58190094953cfb20b3b07
508036,2025-09-17,2025-09-22,0.3399999999999999,3.4,https://www.sse.com.cn/disclosure/fund/announcement/c/new/2025-09-17/508036_20250917_1012.pdf,machine_extracted_official_pdf,本次分红方案（单位：元/10 份 3.4000 公募 REITs 份额） ；除息日 2025 年 9 月 22 日（场内） 2025 年 9 月 19 日（场外）,1b4e4acd13077f4acd86e072e4be0bc4b3e56cc95cf4cdf6d971cbe0451c624f
508036,2025-12-11,2025-12-16,0.185,1.85,https://www.sse.com.cn/disclosure/fund/announcement/c/new/2025-12-11/508036_20251211_YNC8.pdf,machine_extracted_official_pdf,本次分红方案（单位：元/10 份 1.8500 公募 REITs 份额） ；除息日 2025 年 12 月 16 日（场内） 2025 年 12 月 15 日（场外）,590c152e3f311542c99cf25c0d237872696a3ffc2e593ab2d9d80482a77ab1bf
508036,2026-04-16,2026-04-21,0.1649999999999999,1.65,https://www.sse.com.cn/disclosure/fund/announcement/c/new/2026-04-16/508036_20260416_S7L6.pdf,machine_extracted_official_pdf,本次分红方案（单位：元/10 份 1.6500 公募 REITs 份额） ；除息日 2026 年 4 月 21 日（场内） 2026 年 4 月 20 日（场外）,12d634b33da60aee9820409128ad1d008583c1cf2d4307b5a56e678e4584d591
508036,2026-07-16,2026-07-21,0.3,3.0,https://www.sse.com.cn/disclosure/fund/announcement/c/new/2026-07-16/508036_20260716_YZ3T.pdf,machine_extracted_official_pdf,本次分红方案（单位：元/10 份 3.0000 公募 REITs 份额） ；除息日 2026 年 7 月 21 日（场内） 2026 年 7 月 20 日（场外）,86aa6ab1ee3a3833ca6755f5fe5aa1a4f1888bb006f3db99bc6f98b9ebfbb4b7
508039,2026-04-10,2026-04-15,0.13,1.3,https://www.sse.com.cn/disclosure/fund/announcement/c/new/2026-04-10/508039_20260410_T9O3.pdf,machine_extracted_official_pdf,本次分红方案（单位：元 1.3000 /10 份基金份额） 本次分红为本基金 2026 年度第一次分 ；除息日 场内：2026 年 4 月 15 日 场外：2026 年 4 月 14 日,d3835f806e7dd9762ad5121f015c54a2ac7623cb2ce6f7b64bf07b123bd185e5
508039,2026-07-30,2026-08-04,0.1247,1.247,https://www.sse.com.cn/disclosure/fund/announcement/c/new/2026-07-30/508039_20260730_J9S7.pdf,machine_extracted_official_pdf,本次分红方案（单位：元 1.2470 /10 份基金份额） 本次分红为本基金 2026 年度第二次分 ；除息日 场内：2026 年 8 月 4 日 场外：2026 年 8 月 3 日,99cfa3203ae7841cdc13d0923c6cd5761a5cec36d4df64c166a9ffc4617c804c
508048,2025-09-05,2025-09-10,0.1127499999999999,1.1275,https://www.sse.com.cn/disclosure/fund/announcement/c/new/2025-09-05/508048_20250905_Z3DM.pdf,machine_extracted_official_pdf,本次分红方案（单位：元/10 1.1275 份基金份额） ；除息日 2025 年 9 月 10 日（场内） 2025 年 9 月 9 日（场外）,0758157d0fa673a3f8ef573588467553ea5b33d7c631c0f9b78d643cb5ba5904
508048,2026-04-24,2026-04-29,0.0699999999999999,0.7,https://www.sse.com.cn/disclosure/fund/announcement/c/new/2026-04-24/508048_20260424_LFX4.pdf,machine_extracted_official_pdf,本次分红方案（单位：元/10 0.7000 份基金份额） ；除息日 2026 年 4 月 29 日（场内） 2026 年 4 月 28 日（场外）,d1cf15004a8779fe752c8b4de856dd5d0d66cfe1d5630d522803b4d390e6864b
508055,2025-12-17,2025-12-22,0.07619,0.7619,https://www.sse.com.cn/disclosure/fund/announcement/c/new/2025-12-17/508055_20251217_RHZ0.pdf,machine_extracted_official_pdf,本次分红方案（单位：元/10 份基 0.7619 金份额） ；除息日 2025 年 12 月 22 日(场内) 2025 年 12 月 19 日(场外),d219d8fd182ae5538c9869fd96fd5edb7e6fac0f63192f3d07a0dc15cb468892
508055,2026-05-27,2026-06-01,0.0515399999999999,0.5154,https://www.sse.com.cn/disclosure/fund/announcement/c/new/2026-05-27/508055_20260527_3FXA.pdf,machine_extracted_official_pdf,本次分红方案（单位：元/10 份基 0.5154 金份额） ；除息日 2026 年 6 月 1 日(场内) 2026 年 5 月 29 日(场外),530cc6238e37e99e925b4c2c6ac84a1232b82f086cb201a6674e1c903975b784
508055,2026-08-04,2026-08-07,0.0278,0.278,https://www.sse.com.cn/disclosure/fund/announcement/c/new/2026-08-04/508055_20260804_A0L8.pdf,machine_extracted_official_pdf,本次分红方案（单位：元/10 份基 0.2780 金份额） ；除息日 2026 年 08 月 07 日(场内) 2026 年 08 月 06 日(场外),3ea2fdfe6e4b3cfde8c8031768512fcbc0f38b456b6ddfce76339c67418529b1
508056,2021-11-12,2021-11-17,0.0522,0.522,https://www.sse.com.cn/disclosure/fund/announcement/c/new/2021-11-12/508056_20211112_1_onnVVo6j.pdf,machine_extracted_official_pdf,本次分红方案（单位：元/10 份基金份 0.5220 额） ；除息日 场外：2021 年 11 月 16 日 场内：2021 年 11 月 17 日,2ee768b3fe4ca3b79ed8a8279a3ed8414ae9442ee7bb374eacc991f84a7601a8
508056,2022-03-31,2022-04-07,0.04843,0.4843,https://www.sse.com.cn/disclosure/fund/announcement/c/new/2022-03-31/508056_20220331_4_CJNwHfu0.pdf,machine_extracted_official_pdf,本次分红方案（单位：元/10 份基金份 0.4843 额） ；除息日 场外：2022 年 4 月 6 日 场内：2022 年 4 月 7 日,f5dd9f85380fced1c773771dc4b0ddc4dc25a4f15308b67e558d02104f400902
508056,2022-09-01,2022-09-06,0.08921,0.8921,https://www.sse.com.cn/disclosure/fund/announcement/c/new/2022-09-01/508056_20220901_1_DeWP0Zr8.pdf,machine_extracted_official_pdf,本次分红方案（单位：元/10 份基金份 0.8921 额） ；除息日 场外：2022 年 9 月 5 日 场内：2022 年 9 月 6 日,b20dd166d27ae5fea912d3e715ae6127f7045c565d45aa0aa29f8fa89da27557
508056,2023-03-31,2023-04-06,0.08801,0.8801,https://www.sse.com.cn/disclosure/fund/announcement/c/new/2023-03-31/508056_20230331_RFK6.pdf,machine_extracted_official_pdf,本次分红方案（单位：元/10 份基金份 0.8801 额） ；除息日 场外：2023 年 4 月 4 日 场内：2023 年 4 月 6 日,317004d432627df6b91d034ada501639abeb1ca4385ecb12cef09600577573cc
508056,2023-08-31,2023-09-05,0.08423,0.8423,https://www.sse.com.cn/disclosure/fund/announcement/c/new/2023-08-31/508056_20230831_JRL5.pdf,machine_extracted_official_pdf,本次分红方案（单位：元/10 0.8423 份基金份额） ；除息日 场外：2023 年 9 月 4 日 场内：2023 年 9 月 5 日,d18bda88196b310ff5ce03e1699ecb392451ac84814b9b5a2ebfe91e3ddb643a
508056,2023-12-16,2023-12-21,0.0424999999999999,0.425,https://www.sse.com.cn/disclosure/fund/announcement/c/new/2023-12-16/508056_20231216_CYQ6.pdf,machine_extracted_official_pdf,本次分红方案（单位：元/10 0.4250 份基金份额） ；除息日 场外：2023 年 12 月 20 日 场内：2023 年 12 月 21 日 第 2 页 共4 页 中金基金管理有限公司关于中金普洛斯仓储物流封闭式基础设施证券投资基金 2023 年第三次分红公告,abe6ed5c4ad864ff729269942809cec874ff987c999e47fc19e06c7b2eecbac9
508056,2024-03-29,2024-04-03,0.05405,0.5405,https://www.sse.com.cn/disclosure/fund/announcement/c/new/2024-03-29/508056_20240329_O7ZA.pdf,machine_extracted_official_pdf,本次分红方案（单位：元/10 0.5405 份基金份额） ；除息日 场外：2024 年 4 月 2 日 场内：2024 年 4 月 3 日,4824c5fe059bcbb97620ab1e979bfbb6a356938573d43d698071df806d91c67e
508056,2024-07-30,2024-08-02,0.0458299999999999,0.4583,https://www.sse.com.cn/disclosure/fund/announcement/c/new/2024-07-30/508056_20240730_U2YM.pdf,machine_extracted_official_pdf,本次分红方案（单位：元/10 0.4583 份基金份额） ；除息日 场外：2024 年 8 月 1 日 场内：2024 年 8 月 2 日 第 2 页 共4 页 中金基金管理有限公司关于中金普洛斯仓储物流封闭式基础设施证券投资基金 2024 年第二次分红公告,74bee08923d3800c00fefa087fbd6a1ac6e82a68a33bdc371b07066274355de4
508056,2024-10-25,2024-10-30,0.04413,0.4413,https://www.sse.com.cn/disclosure/fund/announcement/c/new/2024-10-25/508056_20241025_0X9Z.pdf,machine_extracted_official_pdf,本次分红方案（单位：元/10 0.4413 份基金份额） ；除息日 场外：2024 年 10 月 29 日 场内：2024 年 10 月 30 日,ed8e124a294df023566de3ff0b8d31f7a4c171214d6c91dc4c33333c54ce9ca5
508056,2024-12-27,2025-01-02,0.04547,0.4547,https://www.sse.com.cn/disclosure/fund/announcement/c/new/2024-12-27/508056_20241227_W6VY.pdf,machine_extracted_official_pdf,本次分红方案（单位：元/10 0.4547 份基金份额） ；除息日 场外：2024 年 12 月 31 日 场内：2025 年 1 月 2 日,3080619b369ac78b2741dfd5aec9e36b4f9a4be0bff37613ceb56ba6a3be107f
508056,2025-03-28,2025-04-02,0.0495,0.495,https://www.sse.com.cn/disclosure/fund/announcement/c/new/2025-03-28/508056_20250328_VHCG.pdf,machine_extracted_official_pdf,本次分红方案（单位：元/10 0.4950 份基金份额） ；除息日 场外：2025 年 4 月 1 日 场内：2025 年 4 月 2 日,7afd0314e19d700d42974f2eb7e2b5a1715f04db45345832508e54cec7b629f5
508056,2025-07-18,2025-07-23,0.04059,0.4059,https://www.sse.com.cn/disclosure/fund/announcement/c/new/2025-07-18/508056_20250718_L4HD.pdf,machine_extracted_official_pdf,本次分红方案（单位：元/10 0.4059 份基金份额） ；除息日 场外：2025 年 7 月 22 日 场内：2025 年 7 月 23 日,7b408ab0263d671376c8eb061517fd30c159a2d84c3e422851e287cfefda5098
508056,2025-10-28,2025-10-31,0.04318,0.4318,https://www.sse.com.cn/disclosure/fund/announcement/c/new/2025-10-28/508056_20251028_S8A9.pdf,machine_extracted_official_pdf,本次分红方案（单位：元/10 0.4318 份基金份额） ；除息日 场外：2025 年 10 月 30 日 场内：2025 年 10 月 31 日,b64dd55f3401f102cae2e61afdb48d521fb4df6e2685ef1ac9753479c9247495
508056,2025-12-25,2025-12-30,0.04335,0.4335,https://www.sse.com.cn/disclosure/fund/announcement/c/new/2025-12-25/508056_20251225_7W42.pdf,machine_extracted_official_pdf,本次分红方案（单位：元/10 0.4335 份基金份额） ；除息日 场外：2025 年 12 月 29 日 场内：2025 年 12 月 30 日,3657a6c8d8749e4ae601cc7d9949170df8fbfccd4022834436fa94ab31303808
508056,2026-04-01,2026-04-07,0.0458,0.458,https://www.sse.com.cn/disclosure/fund/announcement/c/new/2026-04-01/508056_20260401_FZUJ.pdf,machine_extracted_official_pdf,本次分红方案（单位：元/10 份 0.4580 基金份额） ；除息日 场外：2026 年 4 月 3 日 场内：2026 年 4 月 7 日 第 2 页 共4 页 中金基金管理有限公司关于中金普洛斯仓储物流封闭式基础设施证券投资基金 2026 年第一次分红公告,3d3adc32c3d5934b8b2cd74762c58854f63c306af0140043122e0de00fd2d988
508056,2026-06-30,2026-07-03,0.03376,0.3376,https://www.sse.com.cn/disclosure/fund/announcement/c/new/2026-06-30/508056_20260630_ODX8.pdf,machine_extracted_official_pdf,本次分红方案（单位：元/10 份 0.3376 基金份额） ；除息日 场外：2026 年 7 月 2 日 场内：2026 年 7 月 3 日 第 2 页 共4 页 中金基金管理有限公司关于中金普洛斯仓储物流封闭式基础设施证券投资基金 2026 年第二次分红公告,7f9b2e0416a14ab5b08988ffafd7e373f037b01212dffca8125e966c293d8649
508058,2023-03-31,2023-04-06,0.0419099999999999,0.4191,https://www.sse.com.cn/disclosure/fund/announcement/c/new/2023-03-31/508058_20230331_K74W.pdf,machine_extracted_official_pdf,本次分红方案（单位：元/10 份基金份 0.4191 额） ；除息日 场外：2023 年 4 月 4 日 场内：2023 年 4 月 6 日,91f43cfdba03172986f9e7cd64ca8ba84614a84c85637c23bcc101e59aa3a7bb
508058,2023-08-31,2023-09-05,0.05201,0.5201,https://www.sse.com.cn/disclosure/fund/announcement/c/new/2023-08-31/508058_20230831_G3QS.pdf,machine_extracted_official_pdf,本次分红方案（单位：元/10 份基金份 0.5201 额） ；除息日 场外：2023 年 9 月 4 日 场内：2023 年 9 月 5 日,1ac117a0c4cfcce82c7b80ef280dec6cab31585182ef4b95039fafccfd79979b
508058,2024-03-29,2024-04-03,0.06282,0.6282,https://www.sse.com.cn/disclosure/fund/announcement/c/new/2024-03-29/508058_20240329_U61C.pdf,machine_extracted_official_pdf,本次分红方案（单位：元/10 份基金份 0.6282 额） ；除息日 场外：2024 年 4 月 2 日 场内：2024 年 4 月 3 日,066e428873bc5c4e3b9d29dd3cab6578b6339fffa169ecff5e3c723a2e14ff77
508058,2024-08-30,2024-09-04,0.0581999999999999,0.582,https://www.sse.com.cn/disclosure/fund/announcement/c/new/2024-08-30/508058_20240830_QIMV.pdf,machine_extracted_official_pdf,本次分红方案（单位：元/10 份基金份 0.5820 额） ；除息日 场外：2024 年 9 月 3 日 场内：2024 年 9 月 4 日,31429053bc87f36a9d4ac76ea9b4e46167d784c90b7b7c7714e6f1cf954069b3
508058,2025-03-28,2025-04-02,0.0581,0.581,https://www.sse.com.cn/disclosure/fund/announcement/c/new/2025-03-28/508058_20250328_Z0YI.pdf,machine_extracted_official_pdf,本次分红方案（单位：元/10 份基金份 0.5810 额） ；除息日 场外：2025 年 4 月 1 日 场内：2025 年 4 月 2 日,65e68e47c29e8022dd3313de675d0678c36146a5b604c6d00a6c75f2f39b0552
508058,2025-08-29,2025-09-03,0.05934,0.5934,https://www.sse.com.cn/disclosure/fund/announcement/c/new/2025-08-29/508058_20250829_ML4M.pdf,machine_extracted_official_pdf,本次分红方案（单位：元/10 份基金份额） 0.5934 本次分红为本基金 2025 年度第二次分 ；除息日 场外：2025 年 9 月 2 日 场内：2025 年 9 月 3 日,501f40149b01fb4eaf85c2f96282ff43c5eb5254338da2d038f82fe8896c0891
508058,2026-04-02,2026-04-08,0.05969,0.5969,https://www.sse.com.cn/disclosure/fund/announcement/c/new/2026-04-02/508058_20260402_1TNO.pdf,machine_extracted_official_pdf,本次分红方案（单位：元/10 份基金份额） 0.5969 本次分红为本基金 2026 年度第一次分 ；除息日 场外：2026 年 4 月 7 日 场内：2026 年 4 月 8 日,50bee111b9bb64560bbddaa2e340c2dafd2b13a660549e03c76c828aa8eb3235
508058,2026-08-28,2026-09-02,0.047,0.47,https://www.sse.com.cn/disclosure/fund/announcement/c/new/2026-08-28/508058_20260828_B0UA.pdf,machine_extracted_official_pdf,本次分红方案（单位：元/10 份基金份额） 0.4700 本次分红为本基金 2026 年度第二次分 ；除息日 场外：2026 年 9 月 1 日 场内：2026 年 9 月 2 日 第 2 页 共 4页 中金基金管理有限公司关于中金厦门安居保障性租赁住房封闭式基础设施证券投资基金 2026 年第二次分红的公告,f53a7411a65185574d47cb793ff6ae87f3cc13940c02dc6bd0e2de215fd71d8b
508060,2026-05-14,2026-05-19,0.1149999999999999,1.15,https://www.sse.com.cn/disclosure/fund/announcement/c/new/2026-05-14/508060_20260514_3ST4.pdf,machine_extracted_official_pdf,本次分红方案（单位：元/10 份基金份额） 1.1500 本次分红为 2025 年度第 1 ；除息日 2026 年 5 月 19 日（场内） 2026 年 5 月 18 日（场外）,3ea971104e0e3bcf0f6864be91e36c705dc5755b048e5f70315a01805334b572
508060,2026-08-07,2026-08-12,0.065,0.65,https://www.sse.com.cn/disclosure/fund/announcement/c/new/2026-08-07/508060_20260807_WTSA.pdf,machine_extracted_official_pdf,本次分红方案（单位：元/10 份基金份额） 0.6500 本次分红为 2026 年度第 1 ；除息日 2026 年 8 月 12 日（场内） 2026 年 8 月 11 日（场外）,0bed67e55ae1231dae8b71eefa7045cd8c08e4ace015f00ccd2f657ff6b79683
508066,2023-10-24,2023-10-27,0.32508,3.2508,https://www.sse.com.cn/disclosure/fund/announcement/c/new/2023-10-24/508066_20231024_KWWQ.pdf,machine_extracted_official_pdf,本次分红方案（单位：元/10 份基金份额） 3.2508 本次分红为本基金 2023 ；除息日 2023 年 10 月 2023 年 10 月 27 日（场内） 26 日（场外）,067bbd6e29eb126bacb87261c83b375156d92d14a586dbb9ee4dfdc84a44ff90
508066,2024-08-22,2024-08-26,0.31856,3.1856,https://www.sse.com.cn/disclosure/fund/announcement/c/new/2024-08-22/508066_20240822_3QSZ.pdf,machine_extracted_official_pdf,本次分红方案（单位：元/10 份 3.1856 公募 REITs 份额） ；除息日 2024 年 8 月 27 2024 年 8 月 26 日（场内） 日（场外）,617b08c8606d39aea12e4f951fa620df219a29c4f6f84858179e310a76806ed6
508066,2025-04-25,2025-04-29,0.1088,1.088,https://www.sse.com.cn/disclosure/fund/announcement/c/new/2025-04-25/508066_20250425_OW3E.pdf,machine_extracted_official_pdf,本次分红方案（单位：元/10 份 1.0880 公募 REITs 份额） ；除息日 2025 年 4 月 30 2025 年 4 月 29 日（场内） 日（场外）,238d06f9415f320d6616d1f364045d329dc86cb9e25ab8012c24c9960e8bed7b
508066,2025-08-27,2025-09-01,0.36723,3.6723,https://www.sse.com.cn/disclosure/fund/announcement/c/new/2025-08-27/508066_20250827_ETQG.pdf,machine_extracted_official_pdf,本次分红方案（单位：元/10 份 3.6723 公募 REITs 份额） ；除息日 2025 年 9 月 1 日（场内） 2025 年 8 月 29 日（场 外）,9c3605eb52e01dbb74ac5524c97a96999197877e9d3401fb6499f0f875bcb0c3
508066,2025-12-17,2025-12-22,0.13895,1.3895,https://www.sse.com.cn/disclosure/fund/announcement/c/new/2025-12-17/508066_20251217_C59Y.pdf,machine_extracted_official_pdf,本次分红方案（单位：元/10 份 1.3895 公募 REITs 份额） ；除息日次收益分配基准日可供 分配金额的 99.994%。截止本次收益分配基准日，按照本次分红比例计算的分 配金额与实际分配金额间可能存在尾差，具体以注册登记机构的规则为准。 二、与分红相关的其他信息 权益登记日 2025 年 12 月 19 日 除息日 2025 年 12 月 22 日（场 2025 年 12 月 19 日（场 内） 外）,56e01378a4647773d1a7b20722455af0da7f5ee107e8224486c73aa30e0fc4d7
508066,2026-04-21,2026-04-24,0.18756,1.8756,https://www.sse.com.cn/disclosure/fund/announcement/c/new/2026-04-21/508066_20260421_VTWZ.pdf,machine_extracted_official_pdf,本次分红方案（单位：元/10 份公 1.8756 募 REITs 份额） ；除息日 2026 年 4 月 24 日（场内） 2026 年 4 月 23 日（场外）,75658ecb43be8516be8567cc8a7644c63b24a011f857b0615a6cce1159029f47
508066,2026-08-20,2026-08-25,0.42519,4.2519,https://www.sse.com.cn/disclosure/fund/announcement/c/new/2026-08-20/508066_20260820_REZ9.pdf,machine_extracted_official_pdf,本次分红方案（单位：元/10 份公 4.2519 募 REITs 份额） ；除息日 2026 年 8 月 25 日（场内） 2026 年 8 月 24 日（场外）,e04e8d93b3b555e7c449a199f520a7e96a0d33e3ca2dab27e7af1ee878f575ab
508068,2023-04-13,2023-04-19,0.03825,0.3825,https://www.sse.com.cn/disclosure/fund/announcement/c/new/2023-04-13/508068_20230413_3N23.pdf,machine_extracted_official_pdf,本次分红方案（单位：元/10 0.3825 份公募REITs份额） ；除息日 2023年4月19日（场内） 2023年4月18日（场外）,1a317d609c6ca627bf2cc44f49da2899ad781dba90fda6cb6e1ac6e96346dc6d
508068,2023-10-11,2023-10-16,0.05504,0.5504,https://www.sse.com.cn/disclosure/fund/announcement/c/new/2023-10-11/508068_20231011_TS8P.pdf,machine_extracted_official_pdf,本次分红方案（单位：元/10 0.5504 份公募REITs份额） ；除息日 2023年10月16日（场内） 2023年10月13日（场外）,e06581386fe0a26b19bebe6ee300a5d22b4165e2fa4aedf77595984f9ed78ea9
508068,2024-04-19,2024-04-24,0.05506,0.5506,https://www.sse.com.cn/disclosure/fund/announcement/c/new/2024-04-19/508068_20240419_9GY9.pdf,machine_extracted_official_pdf,本次分红方案（单位：元/10 0.5506 份公募REITs份额） ；除息日 2024年4月24日（场内） 2024年4月23日（场外）,88ed75c9a4945015445b688fcbf6bba4a85d0d07eadec458170fe3a22610aaeb
508068,2024-09-10,2024-09-13,0.05366,0.5366,https://www.sse.com.cn/disclosure/fund/announcement/c/new/2024-09-10/508068_20240910_GOJS.pdf,machine_extracted_official_pdf,本次分红方案（单位：元/10 0.5366 份公募REITs份额） ；除息日 2024年9月13日（场内） 2024年9月12日（场外）,04b11a95698b8158f367dd3317cc2342d49753a4c24503a8e43dedeaeb0c6797
508068,2025-05-08,2025-05-13,0.05404,0.5404,https://www.sse.com.cn/disclosure/fund/announcement/c/new/2025-05-08/508068_20250508_G13O.pdf,machine_extracted_official_pdf,本次分红方案（单位：元/10 0.5404 份公募REITs份额） ；除息日 2025年5月13日（场内） 2025年5月12日（场外）,66d51086af89f083b9fcaead4beb9997f0d19ea5a3953a1001c48d5e7a5252f6
508068,2025-11-26,2025-12-01,0.04,0.4,https://www.sse.com.cn/disclosure/fund/announcement/c/new/2025-11-26/508068_20251126_X8TI.pdf,machine_extracted_official_pdf,本次分红方案（单位：元 0.4000 /10份公募REITs份额） ；除息日 2025年12月1日（场内） 2025年11月28日（场外）,893d81c915ad4657018c7bd64e865232ab43b587a6452f900a2fb5b8d1464ba1
508068,2026-05-13,2026-05-18,0.06,0.6,https://www.sse.com.cn/disclosure/fund/announcement/c/new/2026-05-13/508068_20260513_2QMJ.pdf,machine_extracted_official_pdf,本次分红方案（单位：元/10 0.6000 份公募REITs份额） ；除息日 2026年5月18日（场内） 2026年5月15日（场外）,f832d81b730aeca281a5d6836fcd3d31658a7b39cfcf6ddd1fd45745bd6a81fe
508069,2025-05-14,2025-05-19,0.3535,3.535,https://www.sse.com.cn/disclosure/fund/announcement/c/new/2025-05-14/508069_20250514_ZKE3.pdf,machine_extracted_official_pdf,本次分红方案（单位：元 3.5350 /10份公募REITs份额） ；除息日 2025年5月19日（场内） 2025年5月16日（场外）,b2af1285c5491eb0a7a1d8d06135666d7c222877a0bb14b796aec210d6b33327
508069,2025-07-09,2025-07-14,0.1365,1.365,https://www.sse.com.cn/disclosure/fund/announcement/c/new/2025-07-09/508069_20250709_01QL.pdf,machine_extracted_official_pdf,本次分红方案（单位：元/10 1.3650 份公募REITs份额） ；除息日 2025年7月14日（场内） 2025年7月11日（场外）,d8b5ee2e15afa204cbb04d99987a5ded8ff3fb248f748c8cfd7da4dd4ad9c958
508069,2025-09-10,2025-09-15,0.1463,1.463,https://www.sse.com.cn/disclosure/fund/announcement/c/new/2025-09-10/508069_20250910_TPVJ.pdf,machine_extracted_official_pdf,本次分红方案（单位：元 1.4630 /10份公募REITs份额） ；除息日 2025年9月15日（场内） 2025年9月12日（场外）,04012c96095a4bd78af5aaa519a97eaa877a39628627ca43f964b6f42a398835
508069,2025-11-26,2025-12-01,0.1355,1.355,https://www.sse.com.cn/disclosure/fund/announcement/c/new/2025-11-26/508069_20251126_1OO1.pdf,machine_extracted_official_pdf,本次分红方案（单位：元/10 1.3550 份公募REITs份额） ；除息日 2025年12月1日（场内） 2025年11月28日（场外）,9ba5cac299b7a0507a65def942248af27eb0f943182b9f292c289636357a2e32
508069,2026-05-13,2026-05-18,0.179,1.79,https://www.sse.com.cn/disclosure/fund/announcement/c/new/2026-05-13/508069_20260513_2KIQ.pdf,machine_extracted_official_pdf,本次分红方案（单位：元 1.7900 /10份公募REITs份额） ；除息日 2026年5月18日（场内） 2026年5月15日（场外）,d8914ec70b62c8bd0bf27bedbcc1986e75f759462dacb8ad0f6daf6d06af4066
508069,2026-06-10,2026-06-15,0.1498,1.498,https://www.sse.com.cn/disclosure/fund/announcement/c/new/2026-06-10/508069_20260610_JCQ1.pdf,machine_extracted_official_pdf,本次分红方案（单位：元 1.4980 /10份公募REITs份额） ；除息日 2026年6月15日（场内） 2026年6月12日（场外）,5c5ff34bb815d786665ae748f188d9618f505758187241d73c19a1a03cadaf86
508077,2023-08-17,2023-08-22,0.07846,0.7846,https://www.sse.com.cn/disclosure/fund/announcement/c/new/2023-08-17/508077_20230817_04KP.pdf,machine_extracted_official_pdf,本次分红方案（单位：元/10 0.7846 份公募REITs份额） ；除息日 2023年8月22日（场内） 2023年8月21日（场外）,b5b1f8d3170527bc932e973e9ea843740f1e498f64fdb38e962a7d0ad4fa2993
508077,2024-04-03,2024-04-10,0.05738,0.5738,https://www.sse.com.cn/disclosure/fund/announcement/c/new/2024-04-03/508077_20240403_JKRL.pdf,machine_extracted_official_pdf,本次分红方案（单位：元 0.5738 /10份公募REITs份额） ；除息日 2024年4月10日（场内） 2024年4月9日（场外）,a9658a158da68a90c238305d42d2f33bd0570921d36085724ef83ce38e8938bf
508077,2024-05-15,2024-05-20,0.0243999999999999,0.244,https://www.sse.com.cn/disclosure/fund/announcement/c/new/2024-05-15/508077_20240515_I90S.pdf,machine_extracted_official_pdf,本次分红方案（单位：元/10 0.2440 份公募REITs份额） ；除息日 2024年5月20日（场内） 2024年5月17日（场外）,4c1e1c6a000acecf4dc8f7c0772839433c1ef0302ea9b327d4ec070d8996e2ea
508077,2024-08-01,2024-08-06,0.02442,0.2442,https://www.sse.com.cn/disclosure/fund/announcement/c/new/2024-08-01/508077_20240801_R4VA.pdf,machine_extracted_official_pdf,本次分红方案（单位：元/10 0.2442 份公募REITs份额） ；除息日 2024年8月6日（场内） 2024年8月5日（场外）,8ea3bca2848570b5e1db3413dfadd524033fccabf5a91112fd92c8101c329d0d
508077,2024-11-14,2024-11-19,0.02463,0.2463,https://www.sse.com.cn/disclosure/fund/announcement/c/new/2024-11-14/508077_20241114_092W.pdf,machine_extracted_official_pdf,本次分红方案（单位：元/10 0.2463 份公募REITs份额） ；除息日 2024年11月19日（场内） 2024年11月18日（场外）,c705da287af9fbb380998e4ee62ace438a6954fd81a44ae09fac9d58c710018a
508077,2025-02-20,2025-02-25,0.02464,0.2464,https://www.sse.com.cn/disclosure/fund/announcement/c/new/2025-02-20/508077_20250220_13Q4.pdf,machine_extracted_official_pdf,本次分红方案（单位：元 0.2464 /10份公募REITs份额） ；除息日 2025年2月25日（场内） 2025年2月24日（场外）,f89a04e088e6ae7e835677d5aa1d137f6661e4f59aecc1e0f3c990e8cd3037c5
508077,2025-05-16,2025-05-21,0.0242,0.242,https://www.sse.com.cn/disclosure/fund/announcement/c/new/2025-05-16/508077_20250516_23FW.pdf,machine_extracted_official_pdf,本次分红方案（单位：元/10 0.2420 份公募REITs份额） ；除息日 2025年5月21日（场内） 2025年5月20日（场外）,7b814238f7f13ae2a691a6d353e8a10f220e750a5bf83df64c76f3161ba355ff
508077,2025-08-08,2025-08-13,0.02446,0.2446,https://www.sse.com.cn/disclosure/fund/announcement/c/new/2025-08-08/508077_20250808_8T9R.pdf,machine_extracted_official_pdf,本次分红方案（单位：元/10 0.2446 份公募REITs份额） ；除息日 2025年8月13日（场内） 2025年8月12日（场外）,67509f5ea2b79d203a06f3614db831b1bc89d910130c33b72e3ce8c27ffc303a
508077,2025-11-12,2025-11-17,0.02475,0.2475,https://www.sse.com.cn/disclosure/fund/announcement/c/new/2025-11-12/508077_20251112_B5V3.pdf,machine_extracted_official_pdf,本次分红方案（单位：元/10 0.2475 份公募REITs份额） ；除息日 2025年11月17日（场内） 2025年11月14日（场外）,ad434cd9f5395fef323c44788e02f0e545fc7fee103b33e580c782bdadfea4f8
508077,2026-03-11,2026-03-16,0.01462,0.1462,https://www.sse.com.cn/disclosure/fund/announcement/c/new/2026-03-11/508077_20260311_1I6A.pdf,machine_extracted_official_pdf,本次分红方案（单位：元 0.1462 /10份公募REITs份额） ；除息日 2026年3月16日（场内） 2026年3月13日（场外）,94451f14a0d9bc0d91b52e3536c8fca414ede2cfc2ebc2d04264e9b6cea2e6e6
508077,2026-05-20,2026-05-25,0.02378,0.2378,https://www.sse.com.cn/disclosure/fund/announcement/c/new/2026-05-20/508077_20260520_19BV.pdf,machine_extracted_official_pdf,本次分红方案（单位：元/10 0.2378 份公募REITs份额） ；除息日 2026年5月25日（场内） 2026年5月22日（场外）,eeff120e34f27adc26ae9c5610a3fba5ed0533e2464b71b98e2986415d608fcb
508077,2026-08-19,2026-08-24,0.02402,0.2402,https://www.sse.com.cn/disclosure/fund/announcement/c/new/2026-08-19/508077_20260819_59D6.pdf,machine_extracted_official_pdf,本次分红方案（单位：元/10 0.2402 份公募REITs份额） ；除息日 2026年8月24日（场内） 2026年8月21日（场外）,98833a63a003d2fdf40a22be867dc86e93fc8da71e2d44b6db11f2d4d2aa7935
508078,2025-05-30,2025-06-05,0.06563,0.6563,https://www.sse.com.cn/disclosure/fund/announcement/c/new/2025-05-30/508078_20250530_EBST.pdf,machine_extracted_official_pdf,本次分红方案（单位：元/10 0.6563 份基金份额） ；除息日 2025 年 6 月 5 日（场内） 2025 年 6 月 4 日（场外）,2c769465c7fd7510c4f2f7ef6830c6b2e8d40ee57688876a758288890a5b57cc
508078,2025-11-12,2025-11-17,0.06771,0.6771,https://www.sse.com.cn/disclosure/fund/announcement/c/new/2025-11-12/508078_20251112_7H6Z.pdf,machine_extracted_official_pdf,本次分红方案（单位：元/10 0.6771 份基金份额） ；除息日 2025 年 11 月 17 日（场内） 2025 年 11 月 14 日（场外）,68719a23e6de75e0d8313d85e84b09fa5ae9fcd79b960e0320e5b285ed063c11
508078,2026-05-27,2026-06-01,0.0881,0.881,https://www.sse.com.cn/disclosure/fund/announcement/c/new/2026-05-27/508078_20260527_S6J1.pdf,machine_extracted_official_pdf,本次分红方案（单位：元/10 0.8810 份基金份额） ；除息日 2026 年 6 月 1 日（场内） 2026 年 5 月 29 日（场外）,f4067a6fb507058c0848e0863716e63aff6d6f591d975db2e33c13e789e17067
508080,2026-04-02,2026-04-08,0.09,0.9,https://www.sse.com.cn/disclosure/fund/announcement/c/new/2026-04-02/508080_20260402_0BCD.pdf,machine_extracted_official_pdf,本次分红方案（单位：元 0.9000 /10 份基金份额） ；除息日 场外：2026 年 4 月 7 日 场内：2026 年 4 月 8 日,e0863a9a2a4da70065068c13411d2a59f0651d7c640c610104e6162a76a948da
508080,2026-08-28,2026-09-02,0.0857,0.857,https://www.sse.com.cn/disclosure/fund/announcement/c/new/2026-08-28/508080_20260828_OSJD.pdf,machine_extracted_official_pdf,本次分红方案（单位：元 0.8570 /10 份基金份额） 本次分红为本基金 2026 年度第二次 ；除息日 场外：2026 年 9 月 1 日 场内：2026 年 9 月 2 日,efff5a65c5f1cdd98d25c3f2b53bfb865a50dc005302a8ac5119bb8a59940a8c
508082,2026-04-01,2026-04-07,0.0569999999999999,0.57,https://www.sse.com.cn/disclosure/fund/announcement/c/new/2026-04-01/508082_20260401_LY85.pdf,machine_extracted_official_pdf,本次分红方案（单位：元 0.5700 /10 份基金份额） ；除息日 场外：2026 年 4 月 3 日 场内：2026 年 4 月 7 日,3a295623124c215bc7b9f781412ab89a628457d95d4cdf3caaf83a61bea36976
508082,2026-06-25,2026-06-30,0.04666,0.4666,https://www.sse.com.cn/disclosure/fund/announcement/c/new/2026-06-25/508082_20260625_8JWH.pdf,machine_extracted_official_pdf,本次分红方案（单位：元 0.4666 /10 份基金份额） ；除息日 场外：2026 年 6 月 29 日 场内：2026 年 6 月 30 日,eb4498efb6895e602f4cc36e205e0aa91ce016d6522f11bb0100e5d409d54bfd
508084,2025-12-09,2025-12-12,0.09456,0.9456,https://www.sse.com.cn/disclosure/fund/announcement/c/new/2025-12-09/508084_20251209_KMCU.pdf,machine_extracted_official_pdf,本次分红方案（单位：元/10 份基金 0.9456 份额） ；除息日 2025 年 12 月 12 日(场内) 2025 年 12 月 11 日(场外),231d08f945766caf32b40e4b3e17c95d9a87a179ffbf7a38e5e945f7a1a45d08
508084,2026-06-04,2026-06-09,0.08229,0.8229,https://www.sse.com.cn/disclosure/fund/announcement/c/new/2026-06-04/508084_20260604_JWL5.pdf,machine_extracted_official_pdf,本次分红方案（单位：元/10 份基金 0.8229 份额） ；除息日 2026 年 6 月 9 日(场内) 2026 年 6 月 8 日(场外),8004f8cba74cd0d848197e91e1ff6fc3ca9dc97534711716f8d914b3a425599c
508085,2025-09-30,2025-10-13,0.0323699999999999,0.3237,https://www.sse.com.cn/disclosure/fund/announcement/c/new/2025-09-30/508085_20250930_2ESG.pdf,machine_extracted_official_pdf,本次分红方案（单位：元/10 份公 0.3237 募 REITs 份额） ；除息日次收益分配基准日可供分配金额 的 99.974%。截止本次收益分配基准日，按照本次分红比例计算的分配金额与实 际分配金额间可能存在尾差，具体以注册登记机构的规则为准。 二、与分红相关的其他信息 权益登记日 2025 年 10 月 10 日 除息日 2025 年 10 月 13 日（场 2025 年 10 月 10 日（场 内） 外）,65e0dbfa8b317aa07da33e96f2fb1907a98fa553327e13538b26edb3c345c03d
508085,2025-12-17,2025-12-22,0.0192,0.192,https://www.sse.com.cn/disclosure/fund/announcement/c/new/2025-12-17/508085_20251217_QHB4.pdf,machine_extracted_official_pdf,本次分红方案（单位：元/10 份 0.192 公募 REITs 份额） ；除息日本次收益分配基准日可供分配金额 的 99.93%。截止本次收益分配基准日，按照本次分红比例计算的分配金额与实 际分配金额间可能存在尾差，具体以注册登记机构的规则为准。 二、与分红相关的其他信息 权益登记日 2025 年 12 月 19 日 除息日 2025 年 12 月 22 日（场 2025 年 12 月 19 日（场 内） 外）,a00858d6bbb94908e19baadedffe3ae0cbb74ed3f8670c21657b1095d497fdd2
508085,2026-04-21,2026-04-24,0.02424,0.2424,https://www.sse.com.cn/disclosure/fund/announcement/c/new/2026-04-21/508085_20260421_8E6P.pdf,machine_extracted_official_pdf,本次分红方案（单位：元/10 份公 0.2424 募 REITs 份额） ；除息日 2026 年 4 月 24 日（场内） 2026 年 4 月 23 日（场外）,9df73add99ca83bf948741cc1e21dac08b7c733654885e7235ed27b8ebab9342
508085,2026-08-20,2026-08-25,0.05872,0.5872,https://www.sse.com.cn/disclosure/fund/announcement/c/new/2026-08-20/508085_20260820_9C1N.pdf,machine_extracted_official_pdf,本次分红方案（单位：元/10 份公 0.5872 募 REITs 份额） ；除息日 2026 年 8 月 25 日（场内） 2026 年 8 月 24 日（场外）,efd16e51c070c3900663089dcde133ab237fe13817dae930231a8dac393a623a
508086,2024-09-30,2024-10-10,0.241,2.41,https://www.sse.com.cn/disclosure/fund/announcement/c/new/2024-09-30/508086_20240930_6KSC.pdf,machine_extracted_official_pdf,本次分红方案（单位：元/10 2.410 份基金份额） ；除息日 2024 年 10 月 10 日 （场内） 2024 年 10 月 9 日 （场外）,fa3e13d3efa790abde328a4185ad3eff2f32aa5eaa1f6ecf329b7348634a31ac
508086,2024-12-26,2024-12-31,0.185,1.85,https://www.sse.com.cn/disclosure/fund/announcement/c/new/2024-12-26/508086_20241226_2MGP.pdf,machine_extracted_official_pdf,本次分红方案（单位：元/10 1.850 份基金份额） ；除息日 2024 年 12 月 31 日 （场内） 2024 年 12 月 30 日（场外）,9be84fa524c1c6d7e4c70c2a0197ed6c4094e75a32ff4f5b46611cc2929ada1d
508086,2025-04-03,2025-04-09,0.1139999999999999,1.14,https://www.sse.com.cn/disclosure/fund/announcement/c/new/2025-04-03/508086_20250403_6K0Z.pdf,machine_extracted_official_pdf,本次分红方案（单位：元 1.140 /10 份基金份额） ；除息日 2025 年 4 月 9 日 （场内） 2025 年 4 月 8 日 （场外）,f08558c37cafc9a4f03248b011f149014e6f8f7087c37b628ed1195d3d68ada4
508086,2025-07-30,2025-08-04,0.13,1.3,https://www.sse.com.cn/disclosure/fund/announcement/c/new/2025-07-30/508086_20250730_YV6R.pdf,machine_extracted_official_pdf,本次分红方案（单位：元/10 1.300 份基金份额） ；除息日 2025 年 8 月 4 日（场内） 2025 年 8 月 1 日（场外）,b509dab2f54d8eeba77801da5444b8bd3edfeff63ff409f0ad1999ecd6c1d191
508086,2025-09-22,2025-09-25,0.106,1.06,https://www.sse.com.cn/disclosure/fund/announcement/c/new/2025-09-22/508086_20250922_EKGO.pdf,machine_extracted_official_pdf,本次分红方案（单位：元/10 1.060 份基金份额） ；除息日 2025 年 9 月 25 日（场内） 2025 年 9 月 24 日（场外）,96411cb788cec8752603c4b0ad8bc48bccef8e450ca78363c7accf30e1c96d72
508086,2025-12-22,2025-12-25,0.135,1.35,https://www.sse.com.cn/disclosure/fund/announcement/c/new/2025-12-22/508086_20251222_8W87.pdf,machine_extracted_official_pdf,本次分红方案（单位：元/10 1.350 份基金份额） ；除息日 2025 年 12 月 25 日（场内） 2025 年 12 月 24 日（场外）,c5045e9a91aa32c40529516603fb1ac69bee882e820e3033b02ef312a538989f
508086,2026-06-24,2026-06-29,0.102,1.02,https://www.sse.com.cn/disclosure/fund/announcement/c/new/2026-06-24/508086_20260624_O83J.pdf,machine_extracted_official_pdf,本次分红方案（单位：元/10 1.020 份基金份额） ；除息日 2026 年 6 月 29 日（场内） 2026 年 6 月 26 日（场外）,41d1bda0d3532b206aa3be6ca9a9193d1cc1c58e2236c7b9673b363cee0c3a27
508086,2026-08-19,2026-08-24,0.0819999999999999,0.82,https://www.sse.com.cn/disclosure/fund/announcement/c/new/2026-08-19/508086_20260819_U77Q.pdf,machine_extracted_official_pdf,本次分红方案（单位：元/10 0.820 份基金份额） ；除息日 2026 年 8 月 24 日（场内） 2026 年 8 月 21 日（场外）,4c6fe7ad381ff0ce60d226a235f6fa1b5ba50af2e54366b841a868975fcc9c70
508087,2025-08-05,2025-08-08,0.38419,3.8419,https://www.sse.com.cn/disclosure/fund/announcement/c/new/2025-08-05/508087_20250805_GIQD.pdf,machine_extracted_official_pdf,本次分红方案（单位:元/ 3.8419 10 份基金份额） ；除息日止基准日公募 REITs 按照本次分红比例计算的应分配金额与 实际分配金额间可能存在尾差，具体以注册登记机构的规则为准。 2 与分红相关的其他信息 权益登记日 2025年08月07日 2025年08月08日（场 2025年08月07日（场 除息日 内） 外） 2025年08月13日（场 2025年08月11日（场,3ed28060ad046a412671c0f39717ed55661f923f56f58323c4e317c46ec74ab7
508087,2026-04-22,2026-04-27,0.25792,2.5792,https://www.sse.com.cn/disclosure/fund/announcement/c/new/2026-04-22/508087_20260422_J4HK.pdf,machine_extracted_official_pdf,本次分红方案（单位:元/ 2.5792 10 份基金份额） ；除息日止基准日公募 REITs 按照本次分红比例计算的应分配金额与实 际分配金额间可能存在尾差，具体以注册登记机构的规则为准。 2 与分红相关的其他信息 权益登记日 2026年04月24日 2026年04月27日（场 2026年04月24日（场 除息日 内） 外） 2026年04月30日（场 2026年04月28日（场,e712d2afd62f323192a4e93b4957539d128f0662e2126b40396844276e3706b7
508088,2023-04-13,2023-04-18,0.0517399999999999,0.5174,https://www.sse.com.cn/disclosure/fund/announcement/c/new/2023-04-13/508088_20230413_F99N.pdf,machine_extracted_official_pdf,本次分红方案（单位:元/ 0.5174 10 份基金份额） ；除息日止基准日公募 REITs 按照本次分红比例计算的应分配金额与实际分配金 额间可能存在尾差，具体以注册登记机构的规则为准。 2 与分红相关的其他信息 权益登记日 2023年04月17日 2023年04月18日（场 2023年04月17日（场 除息日 内） 外） 2023年04月21日（场 2023年04月19日（场,2881cab37e356ef74035d280fa89ddd0fef87d07c73a629e9da1f3a66aec2e0e
508088,2023-12-14,2023-12-19,0.0870399999999999,0.8704,https://www.sse.com.cn/disclosure/fund/announcement/c/new/2023-12-14/508088_20231214_M25C.pdf,machine_extracted_official_pdf,本次分红方案（单位:元/ 0.8704 10 份基金份额） ；除息日基准日 公募 REITs 按照本次分红比例计算的应分配金额与实际分配金额间可能存在尾差，具体 以注册登记机构的规则为准。 2 与分红相关的其他信息 权益登记日 2023年12月18日 2023年12月19日（场 2023年12月18日（场 除息日 内） 外） 2023年12月22日（场 2023年12月20日（场,1049c024ff272c6b959c417bd9500d8cb929bdac5c9d413220c7be2141a9a27f
508088,2024-04-18,2024-04-23,0.074,0.74,https://www.sse.com.cn/disclosure/fund/announcement/c/new/2024-04-18/508088_20240418_778R.pdf,machine_extracted_official_pdf,本次分红方案（单位:元/ 0.7400 10 份基金份额） ；除息日止基准日公募 REITs 按照本次分红比例计算的应分配金额与实际分配金额间可能存在 尾差，具体以注册登记机构的规则为准。 2 与分红相关的其他信息 权益登记日 2024年04月22日 2024年04月23日（场 2024年04月22日（场 除息日 内） 外） 2024年04月26日（场 2024年04月24日（场,fd20fc97d67b46614d8de6c286bf0501f6f1daf24813b47af997059f0e11c207
508088,2025-04-22,2025-04-25,0.15536,1.5536,https://www.sse.com.cn/disclosure/fund/announcement/c/new/2025-04-22/508088_20250422_L72Y.pdf,machine_extracted_official_pdf,本次分红方案（单位:元/ 1.5536 10 份基金份额） ；除息日止基准日公募 REITs 按照本次分红比例 计算的应分配金额与实际分配金额间可能存在尾差，具体以注册登记机构的规则为准。 2 与分红相关的其他信息 权益登记日 2025年04月24日 2025年04月25日（场 2025年04月24日（场 除息日 内） 外） 2025年04月30日（场 2025年04月28日（场,791e4810cac264c0046d99d0256ce9535af29ab810e2da422a5055af52c712b7
508088,2026-04-22,2026-04-27,0.12175,1.2175,https://www.sse.com.cn/disclosure/fund/announcement/c/new/2026-04-22/508088_20260422_1UPJ.pdf,machine_extracted_official_pdf,本次分红方案（单位:元/ 1.2175 10 份基金份额） ；除息日止基准日公募 REITs 按照本次分红比例 计算的应分配金额与实际分配金额间可能存在尾差，具体以注册登记机构的规则为准。 2 与分红相关的其他信息 权益登记日 2026年04月24日 2026年04月27日（场 2026年04月24日（场 除息日 内） 外） 2026年04月30日（场 2026年04月28日（场,a9d03b1d6cbd40bb4abd7842f37041e6b29dc8dec8095195a2d701cace06657a
508089,2024-12-10,2024-12-13,0.23273,2.3273,https://www.sse.com.cn/disclosure/fund/announcement/c/new/2024-12-10/508089_20241210_CUYG.pdf,machine_extracted_official_pdf,本次分红方案（单位：元/10 2.3273 份公募REITs份额） ；除息日 2024年12月13日（场内） 2024年12月12日（场外）,1f80ff488bcde544d0a82e8070aaa4b524184ee9c57c534296da771d7c309365
508089,2025-06-26,2025-07-01,0.0802,0.802,https://www.sse.com.cn/disclosure/fund/announcement/c/new/2025-06-26/508089_20250626_SDHM.pdf,machine_extracted_official_pdf,本次分红方案（单位：元/10 0.8020 份公募REITs份额） ；除息日 2025年7月1日（场内） 2025年6月30日（场外）,0120f8d43ec0ab605ddc976f4257b41f40ecd42d23b67fec9577eeb0a43fba01
508089,2025-09-10,2025-09-15,0.2124,2.124,https://www.sse.com.cn/disclosure/fund/announcement/c/new/2025-09-10/508089_20250910_WSQI.pdf,machine_extracted_official_pdf,本次分红方案（单位：元/10 2.1240 份公募REITs份额） ；除息日 2025年9月15日（场内） 2025年9月12日（场外）,26456c17f34e5164e3cfb7fa3e5419d2c1af16875f012fdab5ead54fe3108279
508089,2026-04-23,2026-04-28,0.1858,1.858,https://www.sse.com.cn/disclosure/fund/announcement/c/new/2026-04-23/508089_20260423_6ZL7.pdf,machine_extracted_official_pdf,本次分红方案（单位：元/10 1.8580 份公募REITs份额） ；除息日 2026年4月28日（场内） 2026年4月27日（场外）,afdb33bf2d3b0b4d75e1b4218cc16fcd021ebb3e9cae6854d8b8d3993445a535
508089,2026-06-03,2026-06-08,0.1533,1.533,https://www.sse.com.cn/disclosure/fund/announcement/c/new/2026-06-03/508089_20260603_Q8UC.pdf,machine_extracted_official_pdf,本次分红方案（单位：元/10 1.5330 份公募REITs份额） ；除息日 2026年6月8日（场内） 2026年6月5日（场外）,65625e776b0cb3eb949621b1b11fa82ceb990a6dfacef3c20af071d9ba61abc1
508090,2026-03-06,2026-03-11,0.08431,0.8431,https://www.sse.com.cn/disclosure/fund/announcement/c/new/2026-03-06/508090_20260306_D3OO.pdf,machine_extracted_official_pdf,本次分红方案（单位：元/10 份 0.8431 基金份额） ；除息日 2026 年 3 月 11 日(场内) 2026 年 3 月 10 日(场外),9eadff63dea98546a05db30af813817417d680650df0c55af4b54570d3f9a821
508090,2026-08-10,2026-08-13,0.08137,0.8137,https://www.sse.com.cn/disclosure/fund/announcement/c/new/2026-08-10/508090_20260810_2VNS.pdf,machine_extracted_official_pdf,本次分红方案（单位：元/10 份 0.8137 基金份额） ；除息日 2026 年 8 月 13 日(场内) 2026 年 8 月 12 日(场外),a570cef7f5fae3fd49a04ab6720df4426f54f9595441413fb933dbc00536fb12
508091,2026-03-27,2026-04-01,0.0761,0.761,https://www.sse.com.cn/disclosure/fund/announcement/c/new/2026-03-27/508091_20260327_VAYL.pdf,machine_extracted_official_pdf,本次分红方案（单位：元/10 0.7610 份公募REITs份额） ；除息日 2026年4月1日（场内） 2026年3月31日（场外）,0e857b60440bd1bafb57075f3e3ce385580481359725d47062e90ace4edaf569
508091,2026-08-21,2026-08-26,0.13258,1.3258,https://www.sse.com.cn/disclosure/fund/announcement/c/new/2026-08-21/508091_20260821_PZKV.pdf,machine_extracted_official_pdf,本次分红方案（单位：元/10 1.3258 份公募REITs份额） ；除息日 2026年8月26日（场内） 2026年8月25日（场外）,e0be4ce696172933f7a9a91c23f3205253746cf967b840188a42bd372e2326e6
508092,2025-09-03,2025-09-08,0.0861,0.861,https://www.sse.com.cn/disclosure/fund/announcement/c/new/2025-09-03/508092_20250903_CSI0.pdf,machine_extracted_official_pdf,本次分红方案（单位：元 0.8610 /10份公募REITs份额） ；除息日 2025年9月8日（场内） 2025年9月5日（场外）,4f919531ac5b7e8a67159533c20861578c9555ae9894b50b0cd821ae9ce9e2c0
508092,2025-11-19,2025-11-24,0.04987,0.4987,https://www.sse.com.cn/disclosure/fund/announcement/c/new/2025-11-19/508092_20251119_RLJA.pdf,machine_extracted_official_pdf,本次分红方案（单位：元/10 0.4987 份公募REITs份额） ；除息日 2025年11月24日（场内） 2025年11月21日（场外）,c485c02aefad474224dc53f2bb7939d8459aa2c3cdf338fa5d24f5f4f0c34ed1
508092,2026-02-27,2026-03-04,0.04989,0.4989,https://www.sse.com.cn/disclosure/fund/announcement/c/new/2026-02-27/508092_20260227_VUUG.pdf,machine_extracted_official_pdf,本次分红方案（单位：元/10 0.4989 份公募REITs份额） ；除息日 2026年3月4日（场内） 2026年3月3日（场外）,a0add338d51d3fd3612949586b65d785fe7ad4610ed49c5e3dcefc6c30491857
508092,2026-05-21,2026-05-26,0.04351,0.4351,https://www.sse.com.cn/disclosure/fund/announcement/c/new/2026-05-21/508092_20260521_02CY.pdf,machine_extracted_official_pdf,本次分红方案（单位：元 0.4351 /10份公募REITs份额） ；除息日 2026年5月26日（场内） 2026年5月25日（场外）,50205c7c759bc1e730ef1e1a39c4ee045804a16ec9eab677aa33f3aa81996124
508092,2026-08-20,2026-08-25,0.04918,0.4918,https://www.sse.com.cn/disclosure/fund/announcement/c/new/2026-08-20/508092_20260820_ZNA2.pdf,machine_extracted_official_pdf,本次分红方案（单位：元/10 0.4918 份公募REITs份额） ；除息日 2026年8月25日（场内） 2026年8月24日（场外）,34b5248f545435c27ea7d2021c55a9a9095fc195ab7decfe04b1e3cf343dcd0d
508093,2026-07-23,2026-07-28,0.2699,2.699,https://www.sse.com.cn/disclosure/fund/announcement/c/new/2026-07-23/508093_20260723_9J9G.pdf,machine_extracted_official_pdf,本次分红方案（单位：元/10 份基金 2.699 份额） ；除息日 2026 年 7 月 28 日（场内） 2026 年 7 月 27 日（场外）,a4118fd1794fcbab3ab2460ce3c031d7b1f3a43b9993d6581e942d5945bd7081
508096,2023-11-08,2023-11-13,1.072,10.72,https://www.sse.com.cn/disclosure/fund/announcement/c/new/2023-11-08/508096_20231108_HIFS.pdf,machine_extracted_official_pdf,本次分红方案（单位：元/10 份 10.7200 基金份额） ；除息日 2023 年 11 月 13 日（场内） 2023 年 11 月 10 日（场外）,c11de0af65e163ad8efaf3e2567d534a0c097b45716595235908535bd59c123c
508096,2024-04-22,2024-04-25,0.5498000000000001,5.498,https://www.sse.com.cn/disclosure/fund/announcement/c/new/2024-04-22/508096_20240422_BO0L.pdf,machine_extracted_official_pdf,本次分红方案（单位：元/10 份基金 5.4980 份额） ；除息日 2024 年 4 月 25 日（场内） 2024 年 4 月 24 日（场外）,5486daf5f0d27bb5adf4e080eff32d32c9f5ad9e2c0ae4db9f36745c0c74f07a
508096,2024-10-30,2024-11-04,0.622,6.22,https://www.sse.com.cn/disclosure/fund/announcement/c/new/2024-10-30/508096_20241030_93GZ.pdf,machine_extracted_official_pdf,本次分红方案（单位：元/10 份基金 6.2200 份额） ；除息日 2024 年 11 月 4 日（场内） 2024 年 11 月 1 日（场外）,42ffff2c77fe73346a1d433de2cc2fdc67edb57bd8a15aad733fa8cb07df63a3
508096,2025-08-12,2025-08-15,0.2371599999999999,2.3716,https://www.sse.com.cn/disclosure/fund/announcement/c/new/2025-08-12/508096_20250812_R0TX.pdf,machine_extracted_official_pdf,本次分红方案（单位：元/10 份基金 2.3716 份额） ；除息日 2025 年 8 月 15 日（场内） 2025 年 8 月 14 日（场外）,2cde832e8ee842903ce74f9083b2349bbdda2164287222c3ec84814d6a3cd207
508096,2026-01-15,2026-01-20,0.33178,3.3178,https://www.sse.com.cn/disclosure/fund/announcement/c/new/2026-01-15/508096_20260115_35W8.pdf,machine_extracted_official_pdf,本次分红方案（单位：元/10 份基金 3.3178 份额） ；除息日 2026 年 1 月 20 日（场内） 2026 年 1 月 19 日（场外） 第 2 页 共3 页 中航基金管理有限公司关于中航京能光伏封闭式基础设施证券投资基金分红的公告,5d46ebd019d41d29a295758e5324c43e173f3ef921274cd0705d9f51e2e46006
508096,2026-05-13,2026-05-18,0.34961,3.4961,https://www.sse.com.cn/disclosure/fund/announcement/c/new/2026-05-13/508096_20260513_2FB2.pdf,machine_extracted_official_pdf,本次分红方案（单位：元/10 份基金 3.4961 份额） ；除息日 2026 年 5 月 18 日（场内） 2026 年 5 月 15 日（场外）,64f674eabefae452d3dac055e8c354be1730eb8ec162bf1d0de24ca11498030a
508096,2026-08-06,2026-08-11,0.209,2.09,https://www.sse.com.cn/disclosure/fund/announcement/c/new/2026-08-06/508096_20260806_FZ2N.pdf,machine_extracted_official_pdf,本次分红方案（单位：元/10 份基金 2.0900 份额） ；除息日 2026 年 8 月 11 日（场内） 2026 年 8 月 10 日（场外）,44fcbb718fa2c4c5d99515614a65e59bfe440888dd0b2bb82ca8b050bb9a2735
508097,2025-04-25,2025-04-29,0.0206,0.206,https://www.sse.com.cn/disclosure/fund/announcement/c/new/2025-04-25/508097_20250425_5JF8.pdf,machine_extracted_official_pdf,本次分红方案（单位：元/10 份公 0.206 募 REITs 份额） ；除息日 2025 年 4 月 30 2025 年 4 月 29 日（场内） 日（场外）,5d998a26b16e3f1972272d578ef3aad096e5d877f031b86efe9786b81721b986
508097,2025-08-27,2025-09-01,0.0647,0.647,https://www.sse.com.cn/disclosure/fund/announcement/c/new/2025-08-27/508097_20250827_Z4CG.pdf,machine_extracted_official_pdf,本次分红方案（单位：元/10 份公 0.647 募 REITs 份额） ；除息日 2025 年 9 月 1 日（场内） 2025 年 8 月 29 日（场外）,077808358106e526c43a2526f9fbdbe92ab575c34476fe2ba1756cfa0e9a1bf4
508097,2025-12-17,2025-12-19,0.036,0.36,https://www.sse.com.cn/disclosure/fund/announcement/c/new/2025-12-17/508097_20251217_ZYNL.pdf,machine_extracted_official_pdf,本次分红方案（单位：元/10 份公 0.360 募 REITs 份额） ；除息日 2025 年 12 月 22 2025 年 12 月 19 日（场内） 日（场外）,49dd23b068a87f8d3dc957947ab78d6b9e3a3e5999f7ed612ce5e653d6f804a1
508097,2026-04-21,2026-04-23,0.0316,0.316,https://www.sse.com.cn/disclosure/fund/announcement/c/new/2026-04-21/508097_20260421_JX8Z.pdf,machine_extracted_official_pdf,本次分红方案（单位：元/10 份公 0.316 募 REITs 份额） ；除息日 2026 年 4 月 24 2026 年 4 月 23 日（场内） 日（场外）,60488ea43eb906961669b7e47f740713052e7a55f35b1a948d55a21cd54a33fd
508097,2026-08-20,2026-08-24,0.056,0.56,https://www.sse.com.cn/disclosure/fund/announcement/c/new/2026-08-20/508097_20260820_9NQV.pdf,machine_extracted_official_pdf,本次分红方案（单位：元/10 份公 0.560 募 REITs 份额） ；除息日 2026 年 8 月 25 2026 年 8 月 24 日（场内） 日（场外）,92ecff05f06f8d62049ec5c17ce1a7952a45a01aecf66ea34f6f9220c816dc28
508098,2023-11-24,2023-11-29,0.0659,0.659,https://www.sse.com.cn/disclosure/fund/announcement/c/new/2023-11-24/508098_20231124_QBOK.pdf,machine_extracted_official_pdf,本次分红方案（单位：元/10 0.6590 份公募 REITs 份额） ；除息日 2023 年 11 月 29 日（场内） 2023 年 11 月 28 日（场外）,d34cd0d24f2e4408ab102cea63ed49d8a610f4dcb51e261c06a72a5d9beeac98
508098,2024-02-07,2024-02-20,0.05042,0.5042,https://www.sse.com.cn/disclosure/fund/announcement/c/new/2024-02-07/508098_20240207_H99Y.pdf,machine_extracted_official_pdf,本次分红方案（单位：元/10 0.5042 份公募 REITs 份额） ；除息日 2024 年 2 月 20 日（场内） 2024 年 2 月 19 日（场外）,19c79a720ec9d3a418072dbad1daca501c2b5be3ab71d325e8a509f477128a27
508098,2024-04-29,2024-05-07,0.0688999999999999,0.689,https://www.sse.com.cn/disclosure/fund/announcement/c/new/2024-04-29/508098_20240429_JEGA.pdf,machine_extracted_official_pdf,本次分红方案（单位：元/10 0.6890 份公募 REITs 份额） ；除息日 2024 年 5 月 7 日（场内） 2024 年 5 月 6 日（场外）,9e5ef1b905e92e4febe73fb569f91caf983324f9091477fe2212168559bd93d6
508098,2024-08-08,2024-08-13,0.04,0.4,https://www.sse.com.cn/disclosure/fund/announcement/c/new/2024-08-08/508098_20240808_M9NA.pdf,machine_extracted_official_pdf,本次分红方案（单位：元/10 0.4000 份公募 REITs 份额） ；除息日 2024 年 8 月 13 日（场内） 2024 年 8 月 12 日（场外）,2ae8d8f3e4e1bfb960fb525f491650c7d83f7a835beff6bfca0a64c73dfa8bf2
508098,2024-11-26,2024-11-29,0.048,0.48,https://www.sse.com.cn/disclosure/fund/announcement/c/new/2024-11-26/508098_20241126_VLR4.pdf,machine_extracted_official_pdf,本次分红方案（单位：元/10 0.4800 份公募 REITs 份额） ；除息日 2024 年 11 月 29 日（场内） 2024 年 11 月 28 日（场外）,1d51505cae9ef0b8687190aae1fe96eae7c56d0266c6121caf2b283b089e589e
508098,2025-04-22,2025-04-25,0.03,0.3,https://www.sse.com.cn/disclosure/fund/announcement/c/new/2025-04-22/508098_20250422_GWGP.pdf,machine_extracted_official_pdf,本次分红方案（单位：元/10 0.3000 份公募 REITs 份额） ；除息日 2025 年 4 月 25 日（场内） 2025 年 4 月 24 日（场外）,55b69d22af6fd8d50637e831048c488df61fec4bec700ba07f1aa1c52db0376c
508098,2025-07-10,2025-07-15,0.03556,0.3556,https://www.sse.com.cn/disclosure/fund/announcement/c/new/2025-07-10/508098_20250710_YLD2.pdf,machine_extracted_official_pdf,本次分红方案（单位：元/10 0.3556 份公募 REITs 份额） ；除息日 2025 年 7 月 15 日（场内） 2025 年 7 月 14 日（场外）,51e7b2e17b11c1d69c5e180b6c005cf46eea7fef9ce8305a1b8f397d24afdc03
508098,2025-09-15,2025-09-18,0.04007,0.4007,https://www.sse.com.cn/disclosure/fund/announcement/c/new/2025-09-15/508098_20250915_A9Y3.pdf,machine_extracted_official_pdf,本次分红方案（单位：元/10 0.4007 份公募 REITs 份额） ；除息日 2025 年 9 月 18 日（场内） 2025 年 9 月 17 日（场外）,6c1a299f0c92e59793a45bf06aa5763eee7a15ca40d34d29edbb4fef90d57a48
508098,2025-12-09,2025-12-12,0.04005,0.4005,https://www.sse.com.cn/disclosure/fund/announcement/c/new/2025-12-09/508098_20251209_EKE5.pdf,machine_extracted_official_pdf,本次分红方案（单位：元/10 0.4005 份公募 REITs 份额） ；除息日 2025 年 12 月 12 日（场内） 2025 年 12 月 11 日（场外）,293aae814b625590a0fac1f859976de7774e24e4a9f15fdda81a036c95006059
508098,2026-05-08,2026-05-13,0.02938,0.2938,https://www.sse.com.cn/disclosure/fund/announcement/c/new/2026-05-08/508098_20260508_U9L2.pdf,machine_extracted_official_pdf,本次分红方案（单位：元/10 0.2938 份公募 REITs 份额） ；除息日 2026 年 5 月 13 日（场内） 2026 年 5 月 12 日（场外）,fe4001c1083fd8e5cadecb17f145bd9672e71574483d12fe4aafade568df9c4f
508098,2026-07-01,2026-07-06,0.03602,0.3602,https://www.sse.com.cn/disclosure/fund/announcement/c/new/2026-07-01/508098_20260701_W56U.pdf,machine_extracted_official_pdf,本次分红方案（单位：元/10 0.3602 份公募 REITs 份额） ；除息日 2026 年 7 月 6 日（场内） 2026 年 7 月 3 日（场外）,4d794d0ae54122d8de5016120d6e765823864ac84bb87dbb64a79aea573506a6
508099,2022-05-18,2022-05-23,0.049,0.49,https://www.sse.com.cn/disclosure/fund/announcement/c/new/2022-05-18/508099_20220518_1_YhfsNM7r.pdf,machine_extracted_official_pdf,本次分红方案（单位：元/10 0.4900 份基金份额） 本次分红为本基金 2022 年度第一次分 ；除息日 场外：2022 年 5 月 20 日 场内：2022 年 5 月 23 日,f8929bc46e0dc54eb53255880e8b1b2cc702e6a2f53823121eeb67dba33f3c45
508099,2023-05-11,2023-05-16,0.095,0.95,https://www.sse.com.cn/disclosure/fund/announcement/c/new/2023-05-11/508099_20230511_8UPX.pdf,machine_extracted_official_pdf,本次分红方案（单位：元/10 0.9500 份基金份额） 本次分红为本基金 2022 年度第二次分 ；除息日 场外：2023 年 5 月 15 日 场内：2023 年 5 月 16 日,9d17fa582f79a3b8f8fdd950bebe2978da3fe80e561e75c90ee496c3c0313dd5
508099,2023-08-09,2023-08-14,0.049,0.49,https://www.sse.com.cn/disclosure/fund/announcement/c/new/2023-08-09/508099_20230809_E139.pdf,machine_extracted_official_pdf,本次分红方案（单位：元/10 0.4900 份基金份额） 本次分红为本基金 2023 年度第一次分 ；除息日 场外：2023 年 8 月 11 日 场内：2023 年 8 月 14 日,b40d83e5a551ca0b19449d2c71f35a4d24f2d25a6212c912577e1bf19a552a3b
508099,2024-05-08,2024-05-13,0.0409999999999999,0.41,https://www.sse.com.cn/disclosure/fund/announcement/c/new/2024-05-08/508099_20240508_EZX8.pdf,machine_extracted_official_pdf,本次分红方案（单位：元/10 0.4100 份基金份额） 本次分红为本基金 2023 年度第二次分 ；除息日 场外：2024 年 5 月 10 日 场内：2024 年 5 月 13 日,f25aa9b744255bd86063cf0293b225f91b97338f9cd088b3c28c7883e1389eaa
508099,2024-09-26,2024-10-08,0.026,0.26,https://www.sse.com.cn/disclosure/fund/announcement/c/new/2024-09-26/508099_20240926_C65E.pdf,machine_extracted_official_pdf,本次分红方案（单位：元/10 0.260 份基金份额） 本次分红为本基金 2024 年度第一次分 ；除息日 场外：2024 年 9 月 30 日 场内：2024 年 10 月 8 日 场外：2024 年 10 月 9 日 场内：2024 年 10 月 11,315f81f120c9f2cbdc330901fefdec0bef7f53e722f938edaf1b1850edd30ae4
508099,2025-03-31,2025-04-03,0.02,0.2,https://www.sse.com.cn/disclosure/fund/announcement/c/new/2025-03-31/508099_20250331_FW7N.pdf,machine_extracted_official_pdf,本次分红方案（单位：元/10 0.200 份基金份额） 本次分红为本基金 2024 年度第二次分 ；除息日 场外：2025 年 4 月 2 日 场内：2025 年 4 月 3 日,b499e4319e873d96919aa3c2b6546e50e48f5be499bb7bd43ecb1bb108ccd51c
508099,2025-08-30,2025-09-04,0.0178,0.178,https://www.sse.com.cn/disclosure/fund/announcement/c/new/2025-08-30/508099_20250830_EZJE.pdf,machine_extracted_official_pdf,本次分红方案（单位：元/10 0.1780 份基金份额） 本次分红为本基金 2025 年度第一次分 ；除息日 场外：2025 年 9 月 3 日 场内：2025 年 9 月 4 日,bb0abb6a7c660188467fe62d5e0082bd7d1a3801a2c472347e92be28b58b1875
508099,2026-04-03,2026-04-09,0.0241,0.241,https://www.sse.com.cn/disclosure/fund/announcement/c/new/2026-04-03/508099_20260403_RND5.pdf,machine_extracted_official_pdf,本次分红方案（单位：元/10 0.2410 份基金份额） 本次分红为本基金 2025 年度第二次分 ；除息日 场外：2026 年 4 月 8 日 场内：2026 年 4 月 9 日,5f5da21c4be6d33f836bcc441e44de7e8073c33563a2f2fb326a89cba9732255
508099,2026-07-10,2026-07-15,0.0134,0.134,https://www.sse.com.cn/disclosure/fund/announcement/c/new/2026-07-10/508099_20260710_JCZO.pdf,machine_extracted_official_pdf,本次分红方案（单位：元/10 0.1340 份基金份额） 本次分红为本基金 2026 年度第一次分 ；除息日 场外：2026 年 7 月 14 日场内：2026 年 7 月 15 日,8b1a95d617097b42865d19eccb58be36001f4409b3c6cd88554aadf0404b0150
