observation_id,dataset,symbol,period_end,publication_date,metric,value,unit,source_url,source_sha256,current_verification_status,review_status,reviewed_by,reviewed_at,review_notes
9141452dae1c9866758e0816994a019a9613f978d4906a91ad9e906d36a0e8c7,phase4_distributions,180201,,2023-04-12,distribution_per_unit,0.374,RMB_per_unit,https://disc.static.szse.cn/disc/disk03/finalpage/2023-04-11/a0074a69-ff1b-4c98-b1ac-847c709b5cce.PDF,084777421d5e6ebcd5855d7866b7e56530be45ddfe2abe339c68e29b2e96685d,machine_extracted_official_pdf,pending_independent_review,,,
25a1118daae7bcdc4e5d74aa0445de68172e95d4e9f3eb3f7aea3fa778316ddc,phase4_distributions,180201,,2023-08-09,distribution_per_unit,0.36381,RMB_per_unit,https://disc.static.szse.cn/disc/disk03/finalpage/2023-08-08/690497ce-cbb6-46c5-ae3c-da40765ae52c.PDF,a15a07c71c3f4b8832dcf9b1938d46ec17620c89abd5754b6c96f06791557c7e,machine_extracted_official_pdf,pending_independent_review,,,
dfc7d25e9a7a24e7bd949e6a13a2386d6b58c5a16af8e90c690218281b7ada70,phase4_distributions,180201,,2023-12-20,distribution_per_unit,0.2429,RMB_per_unit,https://disc.static.szse.cn/disc/disk03/finalpage/2023-12-19/b4cb4645-a2ae-403f-960a-72f2e147239b.PDF,1dd8afdd4fecc083e4378e8ae6effd1b607c50ea95e94bf47cc18f8bdafc91ee,machine_extracted_official_pdf,pending_independent_review,,,
81ce49d2ea5f3a45b3456966b6189966de55ae2ad89955571e0c9bb66708d1e3,phase4_distributions,180201,,2024-04-22,distribution_per_unit,0.17,RMB_per_unit,https://disc.static.szse.cn/disc/disk03/finalpage/2024-04-19/0da2b2c3-f28a-427e-8562-fb8e50c375ac.PDF,052b35843cbd650341ba41977f3ccf7ae8d205e8fbc75c00556d0584954de391,machine_extracted_official_pdf,pending_independent_review,,,
6a86b2102daeed73f99099d2d788fa356eac756ecdb9f7cd718396417edd4d08,phase4_distributions,180201,,2024-07-31,distribution_per_unit,0.2158,RMB_per_unit,https://disc.static.szse.cn/disc/disk03/finalpage/2024-07-30/52c39005-5f4d-4599-b783-9efdef1dfdce.PDF,56d840282073a0f7ee957af17c284af809bf845b6d5a8c156678ff98e1dbdb5a,machine_extracted_official_pdf,pending_independent_review,,,
b0b3d6abaf9b625b99de39a72045bc652151f506a2950f95185c531b42040d67,phase4_distributions,180201,,2024-12-11,distribution_per_unit,0.38,RMB_per_unit,https://disc.static.szse.cn/disc/disk03/finalpage/2024-12-10/428cc948-0335-48b4-97c2-cf8e912126b0.PDF,06490b09a81b49459ce54773b6c7e05bdaa006c862daa08d2ae1d52331e5e014,machine_extracted_official_pdf,pending_independent_review,,,
2b1f6d1b81a47c8382397df73af075ca664a185b1db9226a07b9aba90bdbd588,phase4_distributions,180201,,2025-03-29,distribution_per_unit,0.1558,RMB_per_unit,https://disc.static.szse.cn/disc/disk03/finalpage/2025-03-28/4c421aed-f8cc-4804-853b-992526541c19.PDF,96f49aa0d8b9e6a3f8a5aa66c33f206079aae3b5cc1ccf81d52f00c4f413ad20,machine_extracted_official_pdf,pending_independent_review,,,
1f91f4dea6de79f4ae679ea1863cb9d61f718c096a3ed429deb2489cb02daf01,phase4_distributions,180201,,2025-08-29,distribution_per_unit,0.35,RMB_per_unit,https://disc.static.szse.cn/disc/disk03/finalpage/2025-08-29/27b34ddf-bbe5-48da-bc2e-55fe891eda5c.PDF,2e3fb9daf33898521d217b84064cd3190f05631c5d2542af6fcf9641899260a5,machine_extracted_official_pdf,pending_independent_review,,,
83576ce4311f9385b2f8c5981799cb70fc98e86943cc6b9f70d1c37a06afa103,phase4_distributions,180201,,2025-12-19,distribution_per_unit,0.22,RMB_per_unit,https://disc.static.szse.cn/disc/disk03/finalpage/2025-12-19/943c1631-8c23-4934-92c8-22d690d8a01a.PDF,22010a28f7afdc43227132b0ee03d9bb4cc2bf8073659c043df6e4d3c27c10bb,machine_extracted_official_pdf,pending_independent_review,,,
b5a986c177a9d8788508f71853c550902967732763d7c10e4f9c2c9332fc60a5,phase4_distributions,180201,,2026-04-10,distribution_per_unit,0.16,RMB_per_unit,https://disc.static.szse.cn/disc/disk03/finalpage/2026-04-10/513bd77d-ffcd-4214-9056-a7e8dcd91699.PDF,700027bd8574a303eaf1c2bac655e0193e2ba37483beaeb3a4f848c3cd8e2a9d,machine_extracted_official_pdf,pending_independent_review,,,
01caaba1d0cf797d3428bdf5ec6c9a83e7b34a712cab8d4f2be9e0abfe9ce3b9,phase4_distributions,180201,,2026-08-28,distribution_per_unit,0.353,RMB_per_unit,https://disc.static.szse.cn/disc/disk03/finalpage/2026-08-28/976f5cee-0945-44be-9af0-54b8686ae8af.PDF,09ec9a5db30e30f5c651d4435e3fe766a4785f04e0aff8205add79b916de09ba,machine_extracted_official_pdf,pending_independent_review,,,
5a399937afc0eb4a1c5ac2ba9fcce94b0526c7510f249b8c98123621b7214b61,phase4_distributions,180301,,2023-04-21,distribution_per_unit,0.10625,RMB_per_unit,https://disc.static.szse.cn/disc/disk03/finalpage/2023-04-21/610c4861-afaa-46b3-bdf2-a748e2bbfff6.PDF,1d149df8b88e7c7c985ce9dbf8fb0e992c5f3b222a9f46264f9abf746023d983,machine_extracted_official_pdf,pending_independent_review,,,
ede1d40cfee8fd24015b222aa24398e5074ce68622a6796cafc23b90bbd945f2,phase4_distributions,180301,,2023-09-19,distribution_per_unit,0.04853,RMB_per_unit,https://disc.static.szse.cn/disc/disk03/finalpage/2023-09-19/46992379-7fe4-471e-885e-66f38c493769.PDF,c0a296415dff515b38ac60949e8c42d36149322acc3c44ea3699321759895fa6,machine_extracted_official_pdf,pending_independent_review,,,
0222e6dfdbdd2db957689d91a2487e4f242be718ffc704e37a45ca7d4b83efdc,phase4_distributions,180301,,2024-03-30,distribution_per_unit,0.0533699999999999,RMB_per_unit,https://disc.static.szse.cn/disc/disk03/finalpage/2024-03-30/a9e6a863-5214-41aa-9e35-5c0708dff784.PDF,3107ea10b2a54ee3e0b77894273e153d9b89f0cf6ae161928ae8872c96c4bf6c,machine_extracted_official_pdf,pending_independent_review,,,
0d29bf0d9c59f63f6d0ee446da4f7a6e28b19a6161e372fc8fbbe1cfe7478856,phase4_distributions,180301,,2024-08-07,distribution_per_unit,0.05017,RMB_per_unit,https://disc.static.szse.cn/disc/disk03/finalpage/2024-08-07/0c53abc6-0d63-4791-b441-48255bc6e72d.PDF,c302ceacb9fa4fe2cfa8201af88a047eef550bc7e904bb303e6ba2ae1fb2fbdd,machine_extracted_official_pdf,pending_independent_review,,,
b5908e794c4779fecc2e0b8aaee1823e4c6fa3ac29d50a241be27690f0942f58,phase4_distributions,180301,,2024-11-04,distribution_per_unit,0.02544,RMB_per_unit,https://disc.static.szse.cn/disc/disk03/finalpage/2024-11-04/ba0148a0-ea94-4934-a810-b326dbfd0cb8.PDF,7f29b4993fbd7968d733f65fb07fad48a89c56370c47dde2a8bea6c0e1f1a596,machine_extracted_official_pdf,pending_independent_review,,,
9187b08c0ad0e489b68f8e1886ee22442b70cad971b00a79950c3c64a16111f4,phase4_distributions,180301,,2025-03-28,distribution_per_unit,0.02361,RMB_per_unit,https://disc.static.szse.cn/disc/disk03/finalpage/2025-03-28/6a290137-5615-4734-8d78-86c12ef0c1ce.PDF,b2df938754408376f4f17aab677d374f76b282a0d21190a6058804ed0443cdaf,machine_extracted_official_pdf,pending_independent_review,,,
cc1d05f98dc3112601180cbd0bbc1c927f595a80cd39be0b065fe41b5fabe77d,phase4_distributions,180301,,2025-08-29,distribution_per_unit,0.05012,RMB_per_unit,https://disc.static.szse.cn/disc/disk03/finalpage/2025-08-29/25ab9279-d564-4975-95f5-3fe3c6f2eea2.PDF,2684a1c75f348018261f6c98c418dadea0bec851baaa4b370dbf0db14bbfa547,machine_extracted_official_pdf,pending_independent_review,,,
b528fbcb45089294a418ce19eb16e47b7b157f2c4d809167f0820ba995ac2253,phase4_distributions,180301,,2025-11-10,distribution_per_unit,0.02477,RMB_per_unit,https://disc.static.szse.cn/disc/disk03/finalpage/2025-11-10/25c21dfa-29b8-481b-93a3-888844e63f33.PDF,313e9ab026525f63799bc74d893db08588c087dc75eed552018d51089d6417ef,machine_extracted_official_pdf,pending_independent_review,,,
e5d70663f8e64fa41c445b3afc57e14b987da196f0e7c0281ab0a5f20597a62e,phase4_distributions,180301,,2026-04-08,distribution_per_unit,0.0221899999999999,RMB_per_unit,https://disc.static.szse.cn/disc/disk03/finalpage/2026-04-08/0f723a38-0ee4-4105-9b7b-c4113741cbbd.PDF,f2de0f3d59e6281d6308100999a163029e2e368ba2c2c0d692d15ab93f0c43ce,machine_extracted_official_pdf,pending_independent_review,,,
c6f7eb885210234c09ae824dfa0160297e6fb8f3bd68eb38916fe3336df6082b,phase4_distributions,180401,,2023-05-15,distribution_per_unit,0.727,RMB_per_unit,https://disc.static.szse.cn/disc/disk03/finalpage/2023-05-12/c205cd28-649c-4263-8af8-2440e02cc2e1.PDF,b532ddfe7463c9db6e49f664d5c27255cfe797841221494a9cac0c20e9f0157f,machine_extracted_official_pdf,pending_independent_review,,,
858b202c8b2bf12f4613b76dec3953919205117679613709e7bb6a4871a13c41,phase4_distributions,180401,,2023-12-07,distribution_per_unit,0.34,RMB_per_unit,https://disc.static.szse.cn/disc/disk03/finalpage/2023-12-06/15c60f49-33d8-4502-89c1-e0244a7f9d2c.PDF,24d7c4a6c90936c1414d0ac48a8257f65107b29998e835d4701b976f82112805,machine_extracted_official_pdf,pending_independent_review,,,
8763663696fc657abee36203e7b0ab469f957c1b9bd27eed528c61ab94937796,phase4_distributions,180401,,2024-04-23,distribution_per_unit,0.36,RMB_per_unit,https://disc.static.szse.cn/disc/disk03/finalpage/2024-04-22/853371eb-9cd9-449e-8119-7c70b9af4392.PDF,2c9a6b14bedf6a802914ed6e135ebe20d4bd2351f522650ca0078cd3dcbbe64e,machine_extracted_official_pdf,pending_independent_review,,,
58556055ece3855b8e54edea4426eb0e30ab28b55786e5739b9169e80e06fd73,phase4_distributions,180401,,2024-07-26,distribution_per_unit,0.2,RMB_per_unit,https://disc.static.szse.cn/disc/disk03/finalpage/2024-07-25/ff672933-b79a-4253-a60c-b05941d17208.PDF,4b4faa28a527ff92b18ae67c5a30b5aab175b1eb35d619c8d2a3f4a04bb56f99,machine_extracted_official_pdf,pending_independent_review,,,
a776a1da14be25e29d06308ac439a5a1f02e36575c6876d90f449048aa7fafa8,phase4_distributions,180401,,2024-11-11,distribution_per_unit,0.235,RMB_per_unit,https://disc.static.szse.cn/disc/disk03/finalpage/2024-11-08/e9f3291f-c187-4810-8457-52834cf451c7.PDF,ae645ecb554e6de6daa719c805d667f14296eaed972f2da245aa7b076f8fb7ce,machine_extracted_official_pdf,pending_independent_review,,,
3a1c6fc25a1302f08684c6e519403d18c0ed8ca7ae83c8ee78034d05e5bbe1ff,phase4_distributions,180401,,2025-05-12,distribution_per_unit,0.1576,RMB_per_unit,https://disc.static.szse.cn/disc/disk03/finalpage/2025-05-09/543bf6c7-1a9e-44d3-837a-9b696436ed0a.PDF,ddf133f7aa0215d1c68802f7c9d3c3c57bb17a591d7f202d895c142edbdfcc63,machine_extracted_official_pdf,pending_independent_review,,,
ebfa99cbea31449399831bdb001d9a044d11aa6d47f34a7ad139a49084b5335f,phase4_distributions,180401,,2025-08-28,distribution_per_unit,0.155,RMB_per_unit,https://disc.static.szse.cn/disc/disk03/finalpage/2025-08-28/cba83903-ad74-4dce-bd76-0ced89e2bd75.PDF,e0749e470fc4157e6dcc516c81bde2cfd160261e92d016f3446a530153b1adc2,machine_extracted_official_pdf,pending_independent_review,,,
4ee59ccdff57cd8f195b44b4922208e37d49a708c93b71e79783d4916da92cce,phase4_distributions,180401,,2025-12-05,distribution_per_unit,0.119,RMB_per_unit,https://disc.static.szse.cn/disc/disk03/finalpage/2025-12-05/71f20e8e-8caa-4805-90b8-94ad1bad3fa7.PDF,ff2041c4777be696d549abaabad3a147d6bbb16cf00dec3ea554b3f80b49f131,machine_extracted_official_pdf,pending_independent_review,,,
f81678344ede5e96085ba7b93167770e19db8fec331e37bdb85e622d5c365454,phase4_distributions,180401,,2026-04-28,distribution_per_unit,0.1243,RMB_per_unit,https://disc.static.szse.cn/disc/disk03/finalpage/2026-04-28/608d76a0-efc3-460f-b7ed-eecb3dce70eb.PDF,f81028e229f35405215829ef85746557396aedd719855fbbb753ae47129d9cae,machine_extracted_official_pdf,pending_independent_review,,,
07a910d0824238d6e2131af2b61846eca1eac745f0bcb600b292178915180af1,phase4_distributions,508018,,2023-05-05,distribution_per_unit,0.07276,RMB_per_unit,https://www.sse.com.cn/disclosure/fund/announcement/c/new/2023-05-05/508018_20230505_OCVP.pdf,6c4580193576f61582d924e873a824b451f7ca92a5ee360c3597e2dc34926053,machine_extracted_official_pdf,pending_independent_review,,,
1e67390acc68696e4a257db53e10cd9fb623b3e792d4412f8fe04533be2d5879,phase4_distributions,508018,,2023-06-09,distribution_per_unit,0.09339,RMB_per_unit,https://www.sse.com.cn/disclosure/fund/announcement/c/new/2023-06-09/508018_20230609_XQZA.pdf,1840cedf4a2f0c153ddb96f93cf56b96bdc9cfead487e59ea36d172bc450b78b,machine_extracted_official_pdf,pending_independent_review,,,
44a9f6e3ab52f2204a6fe5f0aa70f0f6bb9c70e9fd9eb4451bb55569243686a9,phase4_distributions,508018,,2023-08-24,distribution_per_unit,0.07046,RMB_per_unit,https://www.sse.com.cn/disclosure/fund/announcement/c/new/2023-08-24/508018_20230824_HDVG.pdf,e68395b40d27f91715f0d8fe489993c3957ad733553b7e427831ab00d9c363b5,machine_extracted_official_pdf,pending_independent_review,,,
d2c8fb8c545538cd5774076072cfa05e1ced160d2d39050623e21b43a5b1e38f,phase4_distributions,508018,,2023-11-22,distribution_per_unit,0.07889,RMB_per_unit,https://www.sse.com.cn/disclosure/fund/announcement/c/new/2023-11-22/508018_20231122_ZLH1.pdf,93039a931040b50a6f67890639c11518d514b7b547508590f3988661f6c871f6,machine_extracted_official_pdf,pending_independent_review,,,
77ebfeae175e2ec2f9535d4b50e33bfb27b8bbbee00458d008083d7a130a2712,phase4_distributions,508018,,2024-04-24,distribution_per_unit,0.07763,RMB_per_unit,https://www.sse.com.cn/disclosure/fund/announcement/c/new/2024-04-24/508018_20240424_QU80.pdf,09059fd199fb7dcf7eea5f3898cd02ff0c1f74833ff77439a4b2932fba269dd4,machine_extracted_official_pdf,pending_independent_review,,,
aad717e413a7ba0b28624498728de8c63e95313a8ddf530088ee3c9862c4cb65,phase4_distributions,508018,,2024-05-30,distribution_per_unit,0.072,RMB_per_unit,https://www.sse.com.cn/disclosure/fund/announcement/c/new/2024-05-30/508018_20240530_YUCW.pdf,6f4e3ba7bf1cf40acdc344dac7373bc40792d84745c146d12e493e5e6a5af8e9,machine_extracted_official_pdf,pending_independent_review,,,
ddc4338f99c148265a5216c43121704cd2a2c2e26a2feedf601a2b39b3a6e996,phase4_distributions,508018,,2024-08-15,distribution_per_unit,0.06085,RMB_per_unit,https://www.sse.com.cn/disclosure/fund/announcement/c/new/2024-08-15/508018_20240815_8X0A.pdf,2390dc1e15971130ad265c7b1def73e368549531e5f9dcc4d052c19bb0735012,machine_extracted_official_pdf,pending_independent_review,,,
0c86ad69a45842f354c90df29a123e2792dd8ed78bf115003f64200c6e59206b,phase4_distributions,508018,,2024-11-26,distribution_per_unit,0.0784,RMB_per_unit,https://www.sse.com.cn/disclosure/fund/announcement/c/new/2024-11-26/508018_20241126_M1DS.pdf,434822f12e3a7044769853da3db95037a4b2c5d44df81e5743b52b055aab05f7,machine_extracted_official_pdf,pending_independent_review,,,
45b893236b47c2a126bcd3ad439376ea30043308b3a269c32d83aed90f253f4d,phase4_distributions,508018,,2025-04-30,distribution_per_unit,0.05413,RMB_per_unit,https://www.sse.com.cn/disclosure/fund/announcement/c/new/2025-04-30/508018_20250430_2EDN.pdf,8b8430d4352842c2f6b173509fe6c5b10e11ea43eb0bb8707263a84f2d03a72c,machine_extracted_official_pdf,pending_independent_review,,,
e678e1e075f2dfbb232e9401349799e0a775773b539defbc5d925b904992fe39,phase4_distributions,508018,,2025-05-23,distribution_per_unit,0.07264,RMB_per_unit,https://www.sse.com.cn/disclosure/fund/announcement/c/new/2025-05-23/508018_20250523_WTUP.pdf,8be6c72f4a42badf54eb6127d42fd2adc5f0990194a29a43dc4f5fd0ec039460,machine_extracted_official_pdf,pending_independent_review,,,
3a290ec7192f3c4f514490dae157a5689d8998a6ea9c53b0496ebaea57587b15,phase4_distributions,508018,,2025-08-15,distribution_per_unit,0.0593,RMB_per_unit,https://www.sse.com.cn/disclosure/fund/announcement/c/new/2025-08-15/508018_20250815_1Y9R.pdf,57a11bda00ab23cc604a0eff6f0d4455554bb08ad54d0be5c2d261b940951ebc,machine_extracted_official_pdf,pending_independent_review,,,
7d8e1921e7019883b49c4de63052205eeae85f41fc9deec2c91016f7d43813fb,phase4_distributions,508018,,2025-11-27,distribution_per_unit,0.06972,RMB_per_unit,https://www.sse.com.cn/disclosure/fund/announcement/c/new/2025-11-27/508018_20251127_97P0.pdf,8eb1f3c4ba744322f433b81bb97d15bfe5f7f5698ed028a5a36cdf27118df1da,machine_extracted_official_pdf,pending_independent_review,,,
eea98042b01a4a114508d1024053f629290b442a3ac86c2848e73b9fbadf0109,phase4_distributions,508018,,2026-04-24,distribution_per_unit,0.06078,RMB_per_unit,https://www.sse.com.cn/disclosure/fund/announcement/c/new/2026-04-24/508018_20260424_P47X.pdf,e51514237cf80c877756cc8047bfa024783a6f47b9eb9f18ead0d6fa08092324,machine_extracted_official_pdf,pending_independent_review,,,
42a4978e3c1933ce6eaba22bb4fa2ad9c052a6d2e5b5012a80bff075057769f3,phase4_distributions,508018,,2026-05-22,distribution_per_unit,0.08656,RMB_per_unit,https://www.sse.com.cn/disclosure/fund/announcement/c/new/2026-05-22/508018_20260522_4ZNX.pdf,47130a97e1ebcf2f8d952d22937805ff9fbfc5a31e2d7c5105b61debed7822f5,machine_extracted_official_pdf,pending_independent_review,,,
e60f68ad96be2bd5808201d47847da751e936728539d53479b28e9c283299bcb,phase4_distributions,508018,,2026-08-14,distribution_per_unit,0.07618,RMB_per_unit,https://www.sse.com.cn/disclosure/fund/announcement/c/new/2026-08-14/508018_20260814_WQYB.pdf,394e05fe8644551c8cee0c29ca71bcda2dc214c3e3fe66e1de6f40830b2ede17,machine_extracted_official_pdf,pending_independent_review,,,
008d58bc22ed9431b89ebddbcd69b90b3c9c9c103e2abb751912b3080ceb2790,phase4_distributions,508026,,2025-03-04,distribution_per_unit,0.0946999999999999,RMB_per_unit,https://www.sse.com.cn/disclosure/fund/announcement/c/new/2025-03-04/508026_20250304_CESI.pdf,be90d232e6569425e8dd31aa17bb4c1092736750f6d207f513158d57b749d6d9,machine_extracted_official_pdf,pending_independent_review,,,
c5df58f3f730eeea7e63a3da4c1db0a690d022e171c4a9a99a68011bb84ee418,phase4_distributions,508026,,2025-04-30,distribution_per_unit,0.09,RMB_per_unit,https://www.sse.com.cn/disclosure/fund/announcement/c/new/2025-04-30/508026_20250430_D7UC.pdf,932d2e440d6e7d45fb3c204dd82a3bc030ceaf9b7d03b1b52ba3ffb2f608ff26,machine_extracted_official_pdf,pending_independent_review,,,
d0e9b3d362ad6930ac23249073b29c504cc97bc9782df6728953e13d36fed316,phase4_distributions,508026,,2025-09-29,distribution_per_unit,0.08,RMB_per_unit,https://www.sse.com.cn/disclosure/fund/announcement/c/new/2025-09-29/508026_20250929_7N76.pdf,8a056e3e1bbb40ef7374f70bb72fc183f19e6522947f098ce4621236511010e4,machine_extracted_official_pdf,pending_independent_review,,,
f13f4da4c14c8a05b1f2bafc58a83668cbd0a32d0713ee24a88a4e2901e0d261,phase4_distributions,508026,,2026-04-22,distribution_per_unit,0.129,RMB_per_unit,https://www.sse.com.cn/disclosure/fund/announcement/c/new/2026-04-22/508026_20260422_7LYZ.pdf,00f40222c9ae4936453bfddc8308e1a9153c91eaa3305587a92b8b34153cbcba,machine_extracted_official_pdf,pending_independent_review,,,
721432b3d10c5c9346d4aad6929bab6743e5c1c653891209ee83443d07cef5b7,phase4_distributions,508028,,2023-09-19,distribution_per_unit,0.28738,RMB_per_unit,https://www.sse.com.cn/disclosure/fund/announcement/c/new/2023-09-19/508028_20230919_V4W7.pdf,1a72c2d5376c793d207f08a47d819c4e0cbbf9b2773bbdca28a22bd44684248d,machine_extracted_official_pdf,pending_independent_review,,,
2e4886874dcc209e8f0f3dfa9209fc727df206fa63d4ccaff1897c121be5340f,phase4_distributions,508028,,2023-12-18,distribution_per_unit,0.369,RMB_per_unit,https://www.sse.com.cn/disclosure/fund/announcement/c/new/2023-12-18/508028_20231218_XZXX.pdf,81fe5050358b7f1436c738186d1b8eab578c228e93ac1ba7af5ecef10bd38d5a,machine_extracted_official_pdf,pending_independent_review,,,
b3dd1dc3e975e7b1efa425a4f34bc34428b9f3f2ebc2bdeebd1fdff8e1c226fc,phase4_distributions,508028,,2024-04-18,distribution_per_unit,0.392,RMB_per_unit,https://www.sse.com.cn/disclosure/fund/announcement/c/new/2024-04-18/508028_20240418_41LE.pdf,ccd81a06827094dfd40d7554a56f41816d604ab9bb8544c49d30e62c1d4c8504,visual_verified_official_pdf,pending_independent_review,,,
a86aaf35e227bf333e4d3cd66966bbb59997b55fd67f2734ba1fd81c1d425561,phase4_distributions,508028,,2024-09-19,distribution_per_unit,0.1179,RMB_per_unit,https://www.sse.com.cn/disclosure/fund/announcement/c/new/2024-09-19/508028_20240919_GV5X.pdf,7ace5ea25ad98caa7b3d3fc6b76e4737407f24c4bbc5872d4468fcccec08a4e6,visual_verified_official_pdf,pending_independent_review,,,
7605b22890fdbfda72edd15f5dbdf1221e1ec75a84d6836ecaf72f6121b86064,phase4_distributions,508028,,2024-12-16,distribution_per_unit,0.3358,RMB_per_unit,https://www.sse.com.cn/disclosure/fund/announcement/c/new/2024-12-16/508028_20241216_OA5R.pdf,c0770d5a25366b70c0927bd70be57c34a3d0127a757322ce4cff9d7ea6e9887e,visual_verified_official_pdf,pending_independent_review,,,
c6151c52c893ac16c228dfbf9d70280eb2bf77c3aa5538f49ccd32a4b605d7d0,phase4_distributions,508028,,2025-03-31,distribution_per_unit,0.5201,RMB_per_unit,https://www.sse.com.cn/disclosure/fund/announcement/c/new/2025-03-31/508028_20250331_2T48.pdf,3b0a5e21296d37dc31276cb520d3b0c167cbef80c19e33ea4e1573868c931a0a,visual_verified_official_pdf,pending_independent_review,,,
d4f27c580845a377fb2b29f3050c591814bbfa682d33e4a6e9cf18fe190fdc5d,phase4_distributions,508028,,2025-12-26,distribution_per_unit,0.1587,RMB_per_unit,https://www.sse.com.cn/disclosure/fund/announcement/c/new/2025-12-26/508028_20251226_LP3G.pdf,4c1ce9c43ce03fac865dd7c93217791d81e2f16136380504c311fbf69c73b3b2,visual_verified_official_pdf,pending_independent_review,,,
cdd6cece40a44d38c868c3ebdac67a6ac8ed913484a3ad6b1e647b70acc6897e,phase4_distributions,508028,,2026-05-22,distribution_per_unit,0.6437,RMB_per_unit,https://www.sse.com.cn/disclosure/fund/announcement/c/new/2026-05-22/508028_20260522_N2EU.pdf,a4269c8b9a1f5c524becf8478bd7ccdb3f1a4f0415c0ba5205f85a4a8cc548c0,visual_verified_official_pdf,pending_independent_review,,,
ffd45def5f08f30b43bcf367a198d0a086061fda89334e6b4eaefcd689a67491,phase4_distributions,508056,,2023-03-31,distribution_per_unit,0.08801,RMB_per_unit,https://www.sse.com.cn/disclosure/fund/announcement/c/new/2023-03-31/508056_20230331_RFK6.pdf,317004d432627df6b91d034ada501639abeb1ca4385ecb12cef09600577573cc,machine_extracted_official_pdf,pending_independent_review,,,
f9d408659f41e700737b2d92a9f59a89cd79e0a7964fde0e8d49f689ab7c66ab,phase4_distributions,508056,,2023-08-31,distribution_per_unit,0.08423,RMB_per_unit,https://www.sse.com.cn/disclosure/fund/announcement/c/new/2023-08-31/508056_20230831_JRL5.pdf,d18bda88196b310ff5ce03e1699ecb392451ac84814b9b5a2ebfe91e3ddb643a,machine_extracted_official_pdf,pending_independent_review,,,
a0fccdd6d1d0b470768988bbc4ba1008ea50a248264cbaa88bfc30b7df6e6466,phase4_distributions,508056,,2023-12-16,distribution_per_unit,0.0424999999999999,RMB_per_unit,https://www.sse.com.cn/disclosure/fund/announcement/c/new/2023-12-16/508056_20231216_CYQ6.pdf,abe6ed5c4ad864ff729269942809cec874ff987c999e47fc19e06c7b2eecbac9,machine_extracted_official_pdf,pending_independent_review,,,
98ac037b7ea2fcddeeca00c8def93c596f09398c9b9b05238f66cd2710bc488f,phase4_distributions,508056,,2024-03-29,distribution_per_unit,0.05405,RMB_per_unit,https://www.sse.com.cn/disclosure/fund/announcement/c/new/2024-03-29/508056_20240329_O7ZA.pdf,4824c5fe059bcbb97620ab1e979bfbb6a356938573d43d698071df806d91c67e,machine_extracted_official_pdf,pending_independent_review,,,
e7a7e8e6efd2f8673aeca3fed20adc5db084256ce5ec736130a2a4baf4c83ee4,phase4_distributions,508056,,2024-07-30,distribution_per_unit,0.0458299999999999,RMB_per_unit,https://www.sse.com.cn/disclosure/fund/announcement/c/new/2024-07-30/508056_20240730_U2YM.pdf,74bee08923d3800c00fefa087fbd6a1ac6e82a68a33bdc371b07066274355de4,machine_extracted_official_pdf,pending_independent_review,,,
922b0a8b9b6054f0984530e3fe0308c79d1bdcff580a90cbdf781d6e1c04ee34,phase4_distributions,508056,,2024-10-25,distribution_per_unit,0.04413,RMB_per_unit,https://www.sse.com.cn/disclosure/fund/announcement/c/new/2024-10-25/508056_20241025_0X9Z.pdf,ed8e124a294df023566de3ff0b8d31f7a4c171214d6c91dc4c33333c54ce9ca5,machine_extracted_official_pdf,pending_independent_review,,,
2e43e44b49eef2ecea204829890e159ac5d0316fe9de316579f7b4a30b0e532f,phase4_distributions,508056,,2024-12-27,distribution_per_unit,0.04547,RMB_per_unit,https://www.sse.com.cn/disclosure/fund/announcement/c/new/2024-12-27/508056_20241227_W6VY.pdf,3080619b369ac78b2741dfd5aec9e36b4f9a4be0bff37613ceb56ba6a3be107f,machine_extracted_official_pdf,pending_independent_review,,,
d6019a08978e7822a12a14bfe1e31499be597862725e2a421be2b1d8f04a61ff,phase4_distributions,508056,,2025-03-28,distribution_per_unit,0.0495,RMB_per_unit,https://www.sse.com.cn/disclosure/fund/announcement/c/new/2025-03-28/508056_20250328_VHCG.pdf,7afd0314e19d700d42974f2eb7e2b5a1715f04db45345832508e54cec7b629f5,machine_extracted_official_pdf,pending_independent_review,,,
37798add299141742280aa83a5b206d2b4e4d6e1e54c86bd668d6aebfd62773d,phase4_distributions,508056,,2025-07-18,distribution_per_unit,0.04059,RMB_per_unit,https://www.sse.com.cn/disclosure/fund/announcement/c/new/2025-07-18/508056_20250718_L4HD.pdf,7b408ab0263d671376c8eb061517fd30c159a2d84c3e422851e287cfefda5098,machine_extracted_official_pdf,pending_independent_review,,,
0acc31383ba8071096facb505ef4f0b1cb929c49fd5ea3cfb56bb0fe6fbefcd5,phase4_distributions,508056,,2025-10-28,distribution_per_unit,0.04318,RMB_per_unit,https://www.sse.com.cn/disclosure/fund/announcement/c/new/2025-10-28/508056_20251028_S8A9.pdf,b64dd55f3401f102cae2e61afdb48d521fb4df6e2685ef1ac9753479c9247495,machine_extracted_official_pdf,pending_independent_review,,,
73d9e78ac09832fd079b2a2ac88b84c7716a54a126e6e62587bfa0a319922167,phase4_distributions,508056,,2025-12-25,distribution_per_unit,0.04335,RMB_per_unit,https://www.sse.com.cn/disclosure/fund/announcement/c/new/2025-12-25/508056_20251225_7W42.pdf,3657a6c8d8749e4ae601cc7d9949170df8fbfccd4022834436fa94ab31303808,machine_extracted_official_pdf,pending_independent_review,,,
b78a43ada31dc1b7696a163bf61a60d6835b20b680ba445f682060d8b7581eb1,phase4_distributions,508056,,2026-04-01,distribution_per_unit,0.0458,RMB_per_unit,https://www.sse.com.cn/disclosure/fund/announcement/c/new/2026-04-01/508056_20260401_FZUJ.pdf,3d3adc32c3d5934b8b2cd74762c58854f63c306af0140043122e0de00fd2d988,machine_extracted_official_pdf,pending_independent_review,,,
51ec4be5b25ba302b3e1f190ddb0b4fad5c37f035e69a921164d8a62f0c5ab79,phase4_distributions,508056,,2026-06-30,distribution_per_unit,0.03376,RMB_per_unit,https://www.sse.com.cn/disclosure/fund/announcement/c/new/2026-06-30/508056_20260630_ODX8.pdf,7f9b2e0416a14ab5b08988ffafd7e373f037b01212dffca8125e966c293d8649,machine_extracted_official_pdf,pending_independent_review,,,
dd67516cfffa20c78c113162c65b024b63b5d219676f18aafc025044aea523ed,phase4_distributions,508096,,2023-11-08,distribution_per_unit,1.072,RMB_per_unit,https://www.sse.com.cn/disclosure/fund/announcement/c/new/2023-11-08/508096_20231108_HIFS.pdf,c11de0af65e163ad8efaf3e2567d534a0c097b45716595235908535bd59c123c,machine_extracted_official_pdf,pending_independent_review,,,
e5abe306297d64929aba4a094ecb9cee7e74015102ec1f0a680d9ea6667bd7c6,phase4_distributions,508096,,2024-04-22,distribution_per_unit,0.5498,RMB_per_unit,https://www.sse.com.cn/disclosure/fund/announcement/c/new/2024-04-22/508096_20240422_BO0L.pdf,5486daf5f0d27bb5adf4e080eff32d32c9f5ad9e2c0ae4db9f36745c0c74f07a,machine_extracted_official_pdf,pending_independent_review,,,
b148c097342a937a13f15bae0dd76630202c13901fd6f06c0072382bcf2aaaa2,phase4_distributions,508096,,2024-10-30,distribution_per_unit,0.622,RMB_per_unit,https://www.sse.com.cn/disclosure/fund/announcement/c/new/2024-10-30/508096_20241030_93GZ.pdf,42ffff2c77fe73346a1d433de2cc2fdc67edb57bd8a15aad733fa8cb07df63a3,machine_extracted_official_pdf,pending_independent_review,,,
940e3eace1ce50d06e67fbbfa5a8cc7801fa89c4d4ff127694ca04d335dd8c55,phase4_distributions,508096,,2025-08-12,distribution_per_unit,0.23716,RMB_per_unit,https://www.sse.com.cn/disclosure/fund/announcement/c/new/2025-08-12/508096_20250812_R0TX.pdf,2cde832e8ee842903ce74f9083b2349bbdda2164287222c3ec84814d6a3cd207,machine_extracted_official_pdf,pending_independent_review,,,
78d60dc09423a08172d00e5d4775e089b64449a4453830173be4d656ee2f9e53,phase4_distributions,508096,,2026-01-15,distribution_per_unit,0.33178,RMB_per_unit,https://www.sse.com.cn/disclosure/fund/announcement/c/new/2026-01-15/508096_20260115_35W8.pdf,5d46ebd019d41d29a295758e5324c43e173f3ef921274cd0705d9f51e2e46006,machine_extracted_official_pdf,pending_independent_review,,,
6848da4bfca69fa10875c4fd30eaf9e7b4dd2dc2a67d5c143723dc447bb2852e,phase4_distributions,508096,,2026-05-13,distribution_per_unit,0.34961,RMB_per_unit,https://www.sse.com.cn/disclosure/fund/announcement/c/new/2026-05-13/508096_20260513_2FB2.pdf,64f674eabefae452d3dac055e8c354be1730eb8ec162bf1d0de24ca11498030a,machine_extracted_official_pdf,pending_independent_review,,,
2b7d669e0864df173e47667454988adce832b5bf021ca26bf79446167bdc7bf1,phase4_distributions,508096,,2026-08-06,distribution_per_unit,0.209,RMB_per_unit,https://www.sse.com.cn/disclosure/fund/announcement/c/new/2026-08-06/508096_20260806_FZ2N.pdf,44fcbb718fa2c4c5d99515614a65e59bfe440888dd0b2bb82ca8b050bb9a2735,machine_extracted_official_pdf,pending_independent_review,,,
a7dca4b0c7ab9c5d181e625c8176120890cad0ab2cb29299963f3bbb4b9f558a,phase4_fund_fundamentals,180201,2022-12-31,2023-03-30,nav_per_unit,12.2867,RMB_per_unit,https://disc.static.szse.cn/disc/disk03/finalpage/2023-03-29/9e79bd0c-a4db-41b3-92ee-24aff9d77978.PDF,b5b78a2d7fbb849b3b91040853822fc6c8cb2582e15de3868c5faf616743e588,machine_extracted_official_pdf,pending_independent_review,,,
521d5737cf0f6039b2cf7de2ba0989ec1ce736d2f46605c312bc3d57d9ba4ef7,phase4_fund_fundamentals,180201,2023-03-31,2023-04-22,distributable_amount_per_unit_quarter,0.2115,RMB_per_unit,https://disc.static.szse.cn/disc/disk03/finalpage/2023-04-21/f9b820c3-c724-4c34-9156-08ebc237a313.PDF,e3a8096711b580f01eead6fdb739538af6d0221084487ba428b2cfd738f12eb2,machine_extracted_official_pdf,pending_independent_review,,,
1958d4a6737f7aa839be37785f37d67e8e192a6982ca5fcd6d02edf73d9dd27b,phase4_fund_fundamentals,180201,2023-03-31,2023-04-22,distributable_amount_quarter,148030554.31,RMB,https://disc.static.szse.cn/disc/disk03/finalpage/2023-04-21/f9b820c3-c724-4c34-9156-08ebc237a313.PDF,e3a8096711b580f01eead6fdb739538af6d0221084487ba428b2cfd738f12eb2,machine_extracted_official_pdf,pending_independent_review,,,
b97d2f26751c57334955253c8d7848494d034e0352face4635e983c3114c860a,phase4_fund_fundamentals,180201,2023-03-31,2023-04-22,fund_shares,700000000,shares,https://disc.static.szse.cn/disc/disk03/finalpage/2023-04-21/f9b820c3-c724-4c34-9156-08ebc237a313.PDF,e3a8096711b580f01eead6fdb739538af6d0221084487ba428b2cfd738f12eb2,machine_extracted_official_pdf,pending_independent_review,,,
9d461975066c2fc5ae127ca7440abbec4203042ecce1f5c52038e928b9e38e6a,phase4_fund_fundamentals,180201,2023-06-30,2023-07-21,distributable_amount_per_unit_quarter,0.1523,RMB_per_unit,https://disc.static.szse.cn/disc/disk03/finalpage/2023-07-20/c06c87b0-093d-438a-a9af-b4e33d5542ac.PDF,8130aac6c9f0a6a3a6c4444839f7c72d15c103aa8b43160ec7b674ee954164d6,machine_extracted_official_pdf,pending_independent_review,,,
ee3bba5bd729821c5067c0eb454d9d976a253bb46750988722b66da70329d37e,phase4_fund_fundamentals,180201,2023-06-30,2023-07-21,distributable_amount_quarter,106641242.72,RMB,https://disc.static.szse.cn/disc/disk03/finalpage/2023-07-20/c06c87b0-093d-438a-a9af-b4e33d5542ac.PDF,8130aac6c9f0a6a3a6c4444839f7c72d15c103aa8b43160ec7b674ee954164d6,machine_extracted_official_pdf,pending_independent_review,,,
26cce6c331470b94263e0862878cd25759fcfe8f2abe2e9fa0cc1bcd62b66354,phase4_fund_fundamentals,180201,2023-06-30,2023-07-21,fund_shares,700000000,shares,https://disc.static.szse.cn/disc/disk03/finalpage/2023-07-20/c06c87b0-093d-438a-a9af-b4e33d5542ac.PDF,8130aac6c9f0a6a3a6c4444839f7c72d15c103aa8b43160ec7b674ee954164d6,machine_extracted_official_pdf,pending_independent_review,,,
ddcc6ab1be180112e6a10fcc4acb2fd5160dffd4dfa2ff1115ad1d214b915890,phase4_fund_fundamentals,180201,2023-09-30,2023-10-25,distributable_amount_per_unit_quarter,0.2429,RMB_per_unit,https://disc.static.szse.cn/disc/disk03/finalpage/2023-10-24/f8ffdd8e-fb6f-43d4-ab2a-990b5ea38f1d.PDF,33bc474273efcbc97ccaf2dd383e31587f03f8b12336807d6e0cdee8fff2c237,machine_extracted_official_pdf,pending_independent_review,,,
c4bdf2fdda04cfb94f818ec91125159172beff4d1b60811eebeb67a30d040c28,phase4_fund_fundamentals,180201,2023-09-30,2023-10-25,distributable_amount_quarter,170054729.1,RMB,https://disc.static.szse.cn/disc/disk03/finalpage/2023-10-24/f8ffdd8e-fb6f-43d4-ab2a-990b5ea38f1d.PDF,33bc474273efcbc97ccaf2dd383e31587f03f8b12336807d6e0cdee8fff2c237,machine_extracted_official_pdf,pending_independent_review,,,
8fa32e628c69bbe442099b81792be858cef30eccffeb6e3cf60c82cff489f972,phase4_fund_fundamentals,180201,2023-09-30,2023-10-25,fund_shares,700000000,shares,https://disc.static.szse.cn/disc/disk03/finalpage/2023-10-24/f8ffdd8e-fb6f-43d4-ab2a-990b5ea38f1d.PDF,33bc474273efcbc97ccaf2dd383e31587f03f8b12336807d6e0cdee8fff2c237,machine_extracted_official_pdf,pending_independent_review,,,
96056fc2f0bbe5f09cb094216d23a51e79c27185b7fd49f2c60faff135462bfb,phase4_fund_fundamentals,180201,2023-12-31,2024-01-22,distributable_amount_per_unit_quarter,0.17,RMB_per_unit,https://disc.static.szse.cn/disc/disk03/finalpage/2024-01-19/23ba2d9e-ff24-42ea-8320-4e6dd3d3c9be.PDF,820126952d4968d515d9358f371666fdbe9c8605ad7f107df36b184b411893a8,machine_extracted_official_pdf,pending_independent_review,,,
3967855df943e081a54468648b207d2f21d2a0300b19630e966d0d6397b2ddc8,phase4_fund_fundamentals,180201,2023-12-31,2024-01-22,distributable_amount_quarter,118995532.79,RMB,https://disc.static.szse.cn/disc/disk03/finalpage/2024-01-19/23ba2d9e-ff24-42ea-8320-4e6dd3d3c9be.PDF,820126952d4968d515d9358f371666fdbe9c8605ad7f107df36b184b411893a8,machine_extracted_official_pdf,pending_independent_review,,,
9d5868b21d2124406acc13d869a8ee689e6f6bd9255ce22ebde3d078c21e6ffa,phase4_fund_fundamentals,180201,2023-12-31,2024-01-22,fund_shares,700000000,shares,https://disc.static.szse.cn/disc/disk03/finalpage/2024-01-19/23ba2d9e-ff24-42ea-8320-4e6dd3d3c9be.PDF,820126952d4968d515d9358f371666fdbe9c8605ad7f107df36b184b411893a8,machine_extracted_official_pdf,pending_independent_review,,,
203d3aa1d89f259b63c4e31ffc92429c0efa175b1fe23969447368497ffae1e9,phase4_fund_fundamentals,180201,2023-12-31,2024-03-29,nav_per_unit,11.6782,RMB_per_unit,https://disc.static.szse.cn/disc/disk03/finalpage/2024-03-29/bfe0b65b-97e5-4b1f-b517-43bf45ffa475.PDF,059c7aa3d35418b1e15d228504b29d5b460eb6a4fb7e0cfac93fa33ebf0194e3,machine_extracted_official_pdf,pending_independent_review,,,
d7912d879120e4ac528b3e4fbb9641ddf4cb465d3e16722c57ef5715dc25334b,phase4_fund_fundamentals,180201,2024-03-31,2024-04-22,distributable_amount_per_unit_quarter,0.2159,RMB_per_unit,https://disc.static.szse.cn/disc/disk03/finalpage/2024-04-19/617910a5-d264-4041-91c3-e721d71f5a6d.PDF,f4814e98feec19f53a4420d617757957fa0c20361a4638628f3ced77e1a3fa3c,machine_extracted_official_pdf,pending_independent_review,,,
2d4c84874e1fe84bf572083d351201c911a8c188b3623435e97b8c748f42429c,phase4_fund_fundamentals,180201,2024-03-31,2024-04-22,distributable_amount_quarter,151107642.98,RMB,https://disc.static.szse.cn/disc/disk03/finalpage/2024-04-19/617910a5-d264-4041-91c3-e721d71f5a6d.PDF,f4814e98feec19f53a4420d617757957fa0c20361a4638628f3ced77e1a3fa3c,machine_extracted_official_pdf,pending_independent_review,,,
d2a4725a424bebeaad1e8d4be081a71bf99ba7912c8e9e886204ca9a160f5368,phase4_fund_fundamentals,180201,2024-03-31,2024-04-22,fund_shares,700000000,shares,https://disc.static.szse.cn/disc/disk03/finalpage/2024-04-19/617910a5-d264-4041-91c3-e721d71f5a6d.PDF,f4814e98feec19f53a4420d617757957fa0c20361a4638628f3ced77e1a3fa3c,machine_extracted_official_pdf,pending_independent_review,,,
71311e975e6d6e4d6eafe521efc1a18f3e5b5e89a58503e3be1d63c11b3c5829,phase4_fund_fundamentals,180201,2024-06-30,2024-07-19,distributable_amount_per_unit_quarter,0.1521,RMB_per_unit,https://disc.static.szse.cn/disc/disk03/finalpage/2024-07-18/132ceba0-2e96-4c29-8c9c-a91976cccb7a.PDF,eb2b0ce8fcfb1ec313f1cc8dc7d010d8aa72978636675b36683b7134622e393d,machine_extracted_official_pdf,pending_independent_review,,,
53422cc9ddb8155809911e680d7dc19040ff75cd034d150cbfde14684f225dd3,phase4_fund_fundamentals,180201,2024-06-30,2024-07-19,distributable_amount_quarter,106488338.38,RMB,https://disc.static.szse.cn/disc/disk03/finalpage/2024-07-18/132ceba0-2e96-4c29-8c9c-a91976cccb7a.PDF,eb2b0ce8fcfb1ec313f1cc8dc7d010d8aa72978636675b36683b7134622e393d,machine_extracted_official_pdf,pending_independent_review,,,
459356407c8f6c649579134114a5bbe44beacc98cf2d58d98b277a92694c4b47,phase4_fund_fundamentals,180201,2024-06-30,2024-07-19,fund_shares,700000000,shares,https://disc.static.szse.cn/disc/disk03/finalpage/2024-07-18/132ceba0-2e96-4c29-8c9c-a91976cccb7a.PDF,eb2b0ce8fcfb1ec313f1cc8dc7d010d8aa72978636675b36683b7134622e393d,machine_extracted_official_pdf,pending_independent_review,,,
2243235d5f854b85ca605bd7573cd599dcd9b910beb144fb32fc26a4ca12bfa0,phase4_fund_fundamentals,180201,2024-09-30,2024-10-25,distributable_amount_per_unit_quarter,0.2467,RMB_per_unit,https://disc.static.szse.cn/disc/disk03/finalpage/2024-10-24/bc9dd1c2-216a-4bc0-81d5-a16ae59c000b.PDF,c03d012c213cb608ea4aff15dc33c538a80009e940f627e504c17b4aa851dcee,machine_extracted_official_pdf,pending_independent_review,,,
c3cb3ed3d01680661f7e3598fe392be1a53cf806cf6e4eeb2a7648d7f64898ab,phase4_fund_fundamentals,180201,2024-09-30,2024-10-25,distributable_amount_quarter,172717141.74,RMB,https://disc.static.szse.cn/disc/disk03/finalpage/2024-10-24/bc9dd1c2-216a-4bc0-81d5-a16ae59c000b.PDF,c03d012c213cb608ea4aff15dc33c538a80009e940f627e504c17b4aa851dcee,machine_extracted_official_pdf,pending_independent_review,,,
805362d538df7b3f731c5f85f03ac8cb07f1242b2dbd46ca2a2fa09f6eb9ab07,phase4_fund_fundamentals,180201,2024-09-30,2024-10-25,fund_shares,700000000,shares,https://disc.static.szse.cn/disc/disk03/finalpage/2024-10-24/bc9dd1c2-216a-4bc0-81d5-a16ae59c000b.PDF,c03d012c213cb608ea4aff15dc33c538a80009e940f627e504c17b4aa851dcee,machine_extracted_official_pdf,pending_independent_review,,,
7208c26550d05988a82e43dfd1a0345944c5756acee647d1ac0da8039ed91359,phase4_fund_fundamentals,180201,2024-12-31,2025-01-22,distributable_amount_per_unit_quarter,0.1372,RMB_per_unit,https://disc.static.szse.cn/disc/disk03/finalpage/2025-01-21/20d4c982-7bfa-4832-90b7-389cddd154b1.PDF,3ecf1cf2319c84c5eda59405e30d6dbc9f54633f8dfbe61c152e855b6442e1eb,machine_extracted_official_pdf,pending_independent_review,,,
3ea6be80140701619164011825ae106268b30c310bf026e13cf5ab58472b20ef,phase4_fund_fundamentals,180201,2024-12-31,2025-01-22,distributable_amount_quarter,96010594.72,RMB,https://disc.static.szse.cn/disc/disk03/finalpage/2025-01-21/20d4c982-7bfa-4832-90b7-389cddd154b1.PDF,3ecf1cf2319c84c5eda59405e30d6dbc9f54633f8dfbe61c152e855b6442e1eb,machine_extracted_official_pdf,pending_independent_review,,,
555bc3a3faee15411ded4121b01646c5bb9c3e7cc89863e914e7915080a790f6,phase4_fund_fundamentals,180201,2024-12-31,2025-01-22,fund_shares,700000000,shares,https://disc.static.szse.cn/disc/disk03/finalpage/2025-01-21/20d4c982-7bfa-4832-90b7-389cddd154b1.PDF,3ecf1cf2319c84c5eda59405e30d6dbc9f54633f8dfbe61c152e855b6442e1eb,machine_extracted_official_pdf,pending_independent_review,,,
085a957a7b7b235995b9d7ce08678f60de032816c4b005e00c0eedeac0acc18d,phase4_fund_fundamentals,180201,2024-12-31,2025-03-29,nav_per_unit,10.4979,RMB_per_unit,https://disc.static.szse.cn/disc/disk03/finalpage/2025-03-28/3e1ed818-77b7-478e-b086-afbbca8fe2b1.PDF,860c59367e1e49941148f64bf26ec7a1ce9343d76938d778d6906672e4b82cac,machine_extracted_official_pdf,pending_independent_review,,,
f2243095b0b42cbc76f18da6991adb795f85c9e986b5612624925ad0e4a9746d,phase4_fund_fundamentals,180201,2025-03-31,2025-04-22,distributable_amount_per_unit_quarter,0.2158,RMB_per_unit,https://disc.static.szse.cn/disc/disk03/finalpage/2025-04-21/82d28f6c-5509-4872-b707-09c0d9b0b078.PDF,848273215d3e06ea139cda08170e5def59202f3113c2419d6683ca44e0612ffc,machine_extracted_official_pdf,pending_independent_review,,,
93e4f2c41a6d51c20445e8c70100c1d86783bdbd72325614152635bceb67cd82,phase4_fund_fundamentals,180201,2025-03-31,2025-04-22,distributable_amount_quarter,151036363.89,RMB,https://disc.static.szse.cn/disc/disk03/finalpage/2025-04-21/82d28f6c-5509-4872-b707-09c0d9b0b078.PDF,848273215d3e06ea139cda08170e5def59202f3113c2419d6683ca44e0612ffc,machine_extracted_official_pdf,pending_independent_review,,,
01f38898384c042d554e37e6201421dbadde8dfb5761a280f25ee74de603db85,phase4_fund_fundamentals,180201,2025-03-31,2025-04-22,fund_shares,700000000,shares,https://disc.static.szse.cn/disc/disk03/finalpage/2025-04-21/82d28f6c-5509-4872-b707-09c0d9b0b078.PDF,848273215d3e06ea139cda08170e5def59202f3113c2419d6683ca44e0612ffc,machine_extracted_official_pdf,pending_independent_review,,,
961aa384c074444c5ddee0ab2ad7badbea6abe17eadb9947cdb64ea1fb2e7e43,phase4_fund_fundamentals,180201,2025-06-30,2025-07-21,distributable_amount_per_unit_quarter,0.1486,RMB_per_unit,https://disc.static.szse.cn/disc/disk03/finalpage/2025-07-18/4168d84a-8053-469f-95cf-d43588cdbb8d.PDF,2b3201c521901d898383c27dd948c07fa2e9ced7183d114645669e5984f9ca24,machine_extracted_official_pdf,pending_independent_review,,,
c772ff01b785ce22ec5c271f34b0e12432a8ccc36d87d3a0eeec3cfaf6ce4810,phase4_fund_fundamentals,180201,2025-06-30,2025-07-21,distributable_amount_quarter,104015845.26,RMB,https://disc.static.szse.cn/disc/disk03/finalpage/2025-07-18/4168d84a-8053-469f-95cf-d43588cdbb8d.PDF,2b3201c521901d898383c27dd948c07fa2e9ced7183d114645669e5984f9ca24,machine_extracted_official_pdf,pending_independent_review,,,
da6f8e6a3c42444a2b2e5c4bef59b474b62ddabd1d814fe608387175fb75ad6c,phase4_fund_fundamentals,180201,2025-06-30,2025-07-21,fund_shares,700000000,shares,https://disc.static.szse.cn/disc/disk03/finalpage/2025-07-18/4168d84a-8053-469f-95cf-d43588cdbb8d.PDF,2b3201c521901d898383c27dd948c07fa2e9ced7183d114645669e5984f9ca24,machine_extracted_official_pdf,pending_independent_review,,,
d96064c99550c6bd8974bef06fbeec465e260e26c96dc27426d83e35d45996b0,phase4_fund_fundamentals,180201,2025-09-30,2025-10-28,distributable_amount_per_unit_quarter,0.2272,RMB_per_unit,https://disc.static.szse.cn/disc/disk03/finalpage/2025-10-28/551605d8-7a7f-4799-bebe-b3f0a6c1a744.PDF,5df4c84753375067f435beca6b6233b0ca64b511a7484249f0efcb03c9c022bc,machine_extracted_official_pdf,pending_independent_review,,,
74b7e4255f725a910ac369f1fe51cecbfa41af3e136b3c0990cf8b790694050c,phase4_fund_fundamentals,180201,2025-09-30,2025-10-28,distributable_amount_quarter,159010052.15,RMB,https://disc.static.szse.cn/disc/disk03/finalpage/2025-10-28/551605d8-7a7f-4799-bebe-b3f0a6c1a744.PDF,5df4c84753375067f435beca6b6233b0ca64b511a7484249f0efcb03c9c022bc,machine_extracted_official_pdf,pending_independent_review,,,
25ccedf534d0e2ab7aa3f471cfac9f7078ab7d567a32589393c0b51ef2ec4053,phase4_fund_fundamentals,180201,2025-09-30,2025-10-28,fund_shares,700000000,shares,https://disc.static.szse.cn/disc/disk03/finalpage/2025-10-28/551605d8-7a7f-4799-bebe-b3f0a6c1a744.PDF,5df4c84753375067f435beca6b6233b0ca64b511a7484249f0efcb03c9c022bc,machine_extracted_official_pdf,pending_independent_review,,,
87a3297f0ce3c15d43aaaa92ededeea89c70c5991cd7503cd50520f1bad415b4,phase4_fund_fundamentals,180201,2025-12-31,2026-01-22,distributable_amount_per_unit_quarter,0.1426,RMB_per_unit,https://disc.static.szse.cn/disc/disk03/finalpage/2026-01-22/92edb498-85ef-4a58-bf5e-13c6b07b00c0.PDF,45eff36ceb1b956710b9c36229e653f7b9cf0892941afb830908619f4d757bc2,machine_extracted_official_pdf,pending_independent_review,,,
3b0b68c34be4bc9532c2fa8a2c0f9eb65934cb603f7da454927295fd52f395a1,phase4_fund_fundamentals,180201,2025-12-31,2026-01-22,distributable_amount_quarter,99812867.27,RMB,https://disc.static.szse.cn/disc/disk03/finalpage/2026-01-22/92edb498-85ef-4a58-bf5e-13c6b07b00c0.PDF,45eff36ceb1b956710b9c36229e653f7b9cf0892941afb830908619f4d757bc2,machine_extracted_official_pdf,pending_independent_review,,,
f76155ebc5fea41cd786285e44833fae1558113c8ffcb9812c7185904a672861,phase4_fund_fundamentals,180201,2025-12-31,2026-01-22,fund_shares,700000000,shares,https://disc.static.szse.cn/disc/disk03/finalpage/2026-01-22/92edb498-85ef-4a58-bf5e-13c6b07b00c0.PDF,45eff36ceb1b956710b9c36229e653f7b9cf0892941afb830908619f4d757bc2,machine_extracted_official_pdf,pending_independent_review,,,
810141d6e869f6c0412dd432eb017b1326b5284fd9e835aa82f85fa24d579754,phase4_fund_fundamentals,180201,2025-12-31,2026-03-28,nav_per_unit,10.0063,RMB_per_unit,https://disc.static.szse.cn/disc/disk03/finalpage/2026-03-28/662cc970-bbcc-475f-8595-8ee75a0165af.PDF,778ee6333468bb8d352098ec6a1627478b752c610304b1a3ec84108e7fdd0e62,machine_extracted_official_pdf,pending_independent_review,,,
8165db7cd69bb15226d2baec8fea18ee9b10ea122c2be250d47302d4ecb86d8a,phase4_fund_fundamentals,180201,2026-03-31,2026-04-22,distributable_amount_per_unit_quarter,0.2148,RMB_per_unit,https://disc.static.szse.cn/disc/disk03/finalpage/2026-04-22/fea51f0b-eace-471b-83f1-471ee5f0291a.PDF,9574b9eab9d6244cf9e17ea09459ef3f4ab32f95c3826f1c12db34acf3fdccf2,machine_extracted_official_pdf,pending_independent_review,,,
4edb028c1d1a7fb51b91ff05d2504f3134a647251f9d01e9e8c29072f069ca3e,phase4_fund_fundamentals,180201,2026-03-31,2026-04-22,distributable_amount_quarter,150366555.85,RMB,https://disc.static.szse.cn/disc/disk03/finalpage/2026-04-22/fea51f0b-eace-471b-83f1-471ee5f0291a.PDF,9574b9eab9d6244cf9e17ea09459ef3f4ab32f95c3826f1c12db34acf3fdccf2,machine_extracted_official_pdf,pending_independent_review,,,
97964de2964164f93de455f5d234b1494623a278314bb8344a27e28e65a0aa11,phase4_fund_fundamentals,180201,2026-03-31,2026-04-22,fund_shares,700000000,shares,https://disc.static.szse.cn/disc/disk03/finalpage/2026-04-22/fea51f0b-eace-471b-83f1-471ee5f0291a.PDF,9574b9eab9d6244cf9e17ea09459ef3f4ab32f95c3826f1c12db34acf3fdccf2,machine_extracted_official_pdf,pending_independent_review,,,
4c9d0b3ca8288eb584395699ff3bbe52f2f088e640904e2bb4f585ca442c15bc,phase4_fund_fundamentals,180201,2026-06-30,2026-07-21,distributable_amount_per_unit_quarter,0.1417,RMB_per_unit,https://disc.static.szse.cn/disc/disk03/finalpage/2026-07-21/e98b1e02-6b71-4e0c-8200-c51a13b7b40c.PDF,8bc3f3b348360e213442ac07113b048b3685022fd95ec26784286925164577b1,machine_extracted_official_pdf,pending_independent_review,,,
d3525103ee49a333c6e2c2c94a975f4d29fdde7589b9a49c4b62901316fb5837,phase4_fund_fundamentals,180201,2026-06-30,2026-07-21,distributable_amount_quarter,99170151.59,RMB,https://disc.static.szse.cn/disc/disk03/finalpage/2026-07-21/e98b1e02-6b71-4e0c-8200-c51a13b7b40c.PDF,8bc3f3b348360e213442ac07113b048b3685022fd95ec26784286925164577b1,machine_extracted_official_pdf,pending_independent_review,,,
e3ad3e690437222a388ffff76ce4d9d8dbab4343bc8bd8c8458c74b61198f1c0,phase4_fund_fundamentals,180201,2026-06-30,2026-07-21,fund_shares,700000000,shares,https://disc.static.szse.cn/disc/disk03/finalpage/2026-07-21/e98b1e02-6b71-4e0c-8200-c51a13b7b40c.PDF,8bc3f3b348360e213442ac07113b048b3685022fd95ec26784286925164577b1,machine_extracted_official_pdf,pending_independent_review,,,
4b43e43eaaf092a0ffdb305fc0d046221e00da4d5ccfecbd2f3dfa4b8da2ace2,phase4_fund_fundamentals,180301,2022-12-31,2023-03-31,nav_per_unit,2.3213,RMB_per_unit,https://disc.static.szse.cn/disc/disk03/finalpage/2023-03-30/4203d96c-4082-4593-9439-d84c3fc8d5a2.PDF,8bb9ae883b0536dcdf4fc40ce3d7adfb66c387ee13affa13550072192ca6d0a0,machine_extracted_official_pdf,pending_independent_review,,,
1aadc63a66ce427a4cd4e074ca72819e6a167be227886cce699a8555f9e4c1d5,phase4_fund_fundamentals,180301,2023-03-31,2023-04-21,distributable_amount_per_unit_quarter,0.0294,RMB_per_unit,https://disc.static.szse.cn/disc/disk03/finalpage/2023-04-20/d012845b-857c-47d0-b9f5-226a06534aa5.PDF,f121e838116296a18dd66cb95f7a59dc7a8bcde7709bc4c55e1bb574f6f80924,machine_extracted_official_pdf,pending_independent_review,,,
3b6bf1b1ea71f1b1d9063b118bc64c8a567245d224a3dc653fa92e50eeddb912,phase4_fund_fundamentals,180301,2023-03-31,2023-04-21,distributable_amount_quarter,23482463.89,RMB,https://disc.static.szse.cn/disc/disk03/finalpage/2023-04-20/d012845b-857c-47d0-b9f5-226a06534aa5.PDF,f121e838116296a18dd66cb95f7a59dc7a8bcde7709bc4c55e1bb574f6f80924,machine_extracted_official_pdf,pending_independent_review,,,
c50fb5208ea4c39ff6aa15b898e6de90aa992d0298cf88038c39bbdf46d9fbeb,phase4_fund_fundamentals,180301,2023-03-31,2023-04-21,fund_shares,800000000,shares,https://disc.static.szse.cn/disc/disk03/finalpage/2023-04-20/d012845b-857c-47d0-b9f5-226a06534aa5.PDF,f121e838116296a18dd66cb95f7a59dc7a8bcde7709bc4c55e1bb574f6f80924,machine_extracted_official_pdf,pending_independent_review,,,
8b21891e9c813c6e5fb245987ddb22bec84e1d2f6b348bec26fb99246376931b,phase4_fund_fundamentals,180301,2023-06-30,2023-07-21,distributable_amount_per_unit_quarter,0.0239,RMB_per_unit,https://disc.static.szse.cn/disc/disk03/finalpage/2023-07-20/6f9150b7-6284-4d7d-a7b7-e5b1aaf2d4db.PDF,328e52622741f5fedacf979f6ea0e5fba221ec20a80b9b5831799af0f52a0883,machine_extracted_official_pdf,pending_independent_review,,,
24d603f2f06fd062d97a720872cfb4a26568586c99d23b2da340b7ee06b7c84c,phase4_fund_fundamentals,180301,2023-06-30,2023-07-21,distributable_amount_quarter,22802079.94,RMB,https://disc.static.szse.cn/disc/disk03/finalpage/2023-07-20/6f9150b7-6284-4d7d-a7b7-e5b1aaf2d4db.PDF,328e52622741f5fedacf979f6ea0e5fba221ec20a80b9b5831799af0f52a0883,machine_extracted_official_pdf,pending_independent_review,,,
42709b57f610acbe31829f2ae5b8c51851c382d9dd8f08d2ba12822c633aff20,phase4_fund_fundamentals,180301,2023-06-30,2023-07-21,fund_shares,953629628,shares,https://disc.static.szse.cn/disc/disk03/finalpage/2023-07-20/6f9150b7-6284-4d7d-a7b7-e5b1aaf2d4db.PDF,328e52622741f5fedacf979f6ea0e5fba221ec20a80b9b5831799af0f52a0883,machine_extracted_official_pdf,pending_independent_review,,,
33ba81ea09729286d5efc0f1add5a69579ad58041b829010b923bdebf94ea269,phase4_fund_fundamentals,180301,2023-09-30,2023-10-25,distributable_amount_per_unit_quarter,0.0282,RMB_per_unit,https://disc.static.szse.cn/disc/disk03/finalpage/2023-10-24/1acd47f8-9d1a-4493-b524-0f3d6db28751.PDF,ff5bdfcec972a510083a6f4bef7536ece96006b511c72ec2bedfb5f8417a5c0e,machine_extracted_official_pdf,pending_independent_review,,,
56aecd97512c236a057bc4dba65c3b5aa79a0d05c36999413ac22da7ce4ec936,phase4_fund_fundamentals,180301,2023-09-30,2023-10-25,distributable_amount_quarter,26858458.32,RMB,https://disc.static.szse.cn/disc/disk03/finalpage/2023-10-24/1acd47f8-9d1a-4493-b524-0f3d6db28751.PDF,ff5bdfcec972a510083a6f4bef7536ece96006b511c72ec2bedfb5f8417a5c0e,machine_extracted_official_pdf,pending_independent_review,,,
a6fe00ea7122d59272c5f3a3db26c1f08cd9a5d204c60c8553216b800238dbc3,phase4_fund_fundamentals,180301,2023-09-30,2023-10-25,fund_shares,953629628,shares,https://disc.static.szse.cn/disc/disk03/finalpage/2023-10-24/1acd47f8-9d1a-4493-b524-0f3d6db28751.PDF,ff5bdfcec972a510083a6f4bef7536ece96006b511c72ec2bedfb5f8417a5c0e,machine_extracted_official_pdf,pending_independent_review,,,
eca61ce4cb5ddb500969eb6214b6352b542df5a61bac2b83d98448246bf92b9a,phase4_fund_fundamentals,180301,2023-12-31,2024-01-20,distributable_amount_per_unit_quarter,0.024,RMB_per_unit,https://disc.static.szse.cn/disc/disk03/finalpage/2024-01-19/0d4f700b-f6e8-464d-a2f9-33fa66600ac7.PDF,bd4c73b5eb43bd4da7299c4b71e37d259080269a1c8a4ab148b8a5336be44b3f,machine_extracted_official_pdf,pending_independent_review,,,
c6afc7140632e2bfaadab99f587fd289b86337bd0f48b8386341faea7002d382,phase4_fund_fundamentals,180301,2023-12-31,2024-01-20,distributable_amount_quarter,22891517.34,RMB,https://disc.static.szse.cn/disc/disk03/finalpage/2024-01-19/0d4f700b-f6e8-464d-a2f9-33fa66600ac7.PDF,bd4c73b5eb43bd4da7299c4b71e37d259080269a1c8a4ab148b8a5336be44b3f,machine_extracted_official_pdf,pending_independent_review,,,
1c1f597febb688d5064853d63d950b022c75ac5d1dd14bb9d681ebfbe9180695,phase4_fund_fundamentals,180301,2023-12-31,2024-01-20,fund_shares,953629628,shares,https://disc.static.szse.cn/disc/disk03/finalpage/2024-01-19/0d4f700b-f6e8-464d-a2f9-33fa66600ac7.PDF,bd4c73b5eb43bd4da7299c4b71e37d259080269a1c8a4ab148b8a5336be44b3f,machine_extracted_official_pdf,pending_independent_review,,,
449a6db411f46f953ffb79c5a9227e88934d50807fa922b5881f9194d7bcae27,phase4_fund_fundamentals,180301,2023-12-31,2024-03-30,nav_per_unit,2.2931,RMB_per_unit,https://disc.static.szse.cn/disc/disk03/finalpage/2024-03-30/3cbbbcb9-addc-4866-b181-ec8018385cdc.PDF,44d41951eec509944b0c84895684f519d89507c7d1ea91365c2c6280505031e0,machine_extracted_official_pdf,pending_independent_review,,,
9071fe297f36f5e8ed2c791877a7d6ef82c5057e6a594b8a0f792c7229b42d62,phase4_fund_fundamentals,180301,2024-03-31,2024-04-20,distributable_amount_per_unit_quarter,0.0265,RMB_per_unit,https://disc.static.szse.cn/disc/disk03/finalpage/2024-04-19/08686eb4-8cd8-4c56-9f85-a9844caa0f99.PDF,14c5051b1c6eea2c891f55464b5078f6e354a5eeb92f8845e4a6c7292d2845be,machine_extracted_official_pdf,pending_independent_review,,,
27315124f1c1d327201a5b796a6aef250f5d1b826bd47f2344c8d2c2499b3d9d,phase4_fund_fundamentals,180301,2024-03-31,2024-04-20,distributable_amount_quarter,25266118.2,RMB,https://disc.static.szse.cn/disc/disk03/finalpage/2024-04-19/08686eb4-8cd8-4c56-9f85-a9844caa0f99.PDF,14c5051b1c6eea2c891f55464b5078f6e354a5eeb92f8845e4a6c7292d2845be,machine_extracted_official_pdf,pending_independent_review,,,
83fb787cc6fc87063d3f67ad796a51e9ad9613b382512870ef865652c64a099e,phase4_fund_fundamentals,180301,2024-03-31,2024-04-20,fund_shares,953629628,shares,https://disc.static.szse.cn/disc/disk03/finalpage/2024-04-19/08686eb4-8cd8-4c56-9f85-a9844caa0f99.PDF,14c5051b1c6eea2c891f55464b5078f6e354a5eeb92f8845e4a6c7292d2845be,machine_extracted_official_pdf,pending_independent_review,,,
eaf8132fb575a7cb459fb2fb7665ccf1def1a747aff69c8a6676b0e72b3c4c38,phase4_fund_fundamentals,180301,2024-06-30,2024-07-19,distributable_amount_per_unit_quarter,0.0237,RMB_per_unit,https://disc.static.szse.cn/disc/disk03/finalpage/2024-07-18/bafd41bf-16ad-4a51-a0e3-0715b4a8fd7f.PDF,570fa4369f6308c39acfc03bff17d7fe5d48b7a86c656558aec94d59fb639974,machine_extracted_official_pdf,pending_independent_review,,,
f7b35bc7b7d8b5f0c4c605523c1cff90271c132884fd52c29b2fd04e8b37c5d7,phase4_fund_fundamentals,180301,2024-06-30,2024-07-19,distributable_amount_quarter,22582801.56,RMB,https://disc.static.szse.cn/disc/disk03/finalpage/2024-07-18/bafd41bf-16ad-4a51-a0e3-0715b4a8fd7f.PDF,570fa4369f6308c39acfc03bff17d7fe5d48b7a86c656558aec94d59fb639974,machine_extracted_official_pdf,pending_independent_review,,,
761a26e1394b534ad6a789ea190c03e6109897db5bb47e00d581f342ed8a24ae,phase4_fund_fundamentals,180301,2024-06-30,2024-07-19,fund_shares,953629628,shares,https://disc.static.szse.cn/disc/disk03/finalpage/2024-07-18/bafd41bf-16ad-4a51-a0e3-0715b4a8fd7f.PDF,570fa4369f6308c39acfc03bff17d7fe5d48b7a86c656558aec94d59fb639974,machine_extracted_official_pdf,pending_independent_review,,,
81f64f67dfd378ca22b780f28139cab4d8ba4240da380feca000f77d9211b272,phase4_fund_fundamentals,180301,2024-09-30,2024-10-25,distributable_amount_per_unit_quarter,0.0254,RMB_per_unit,https://disc.static.szse.cn/disc/disk03/finalpage/2024-10-24/3b3b6375-766a-4574-899b-27ee0abc5ce7.PDF,4a27d7dce1fb02c6ec695d735f4e2e2c008aeae21ef591157fcaddb2e4aa45ab,machine_extracted_official_pdf,pending_independent_review,,,
5042ba02d8a6ac55ce433f35d7738dbc386e5aafce054b4519b030207c65795c,phase4_fund_fundamentals,180301,2024-09-30,2024-10-25,distributable_amount_quarter,24261215.04,RMB,https://disc.static.szse.cn/disc/disk03/finalpage/2024-10-24/3b3b6375-766a-4574-899b-27ee0abc5ce7.PDF,4a27d7dce1fb02c6ec695d735f4e2e2c008aeae21ef591157fcaddb2e4aa45ab,machine_extracted_official_pdf,pending_independent_review,,,
08033ea96e02f20ea445ca3a24fecdbf2fe2fba80b81c9db8973f25ecbf3c266,phase4_fund_fundamentals,180301,2024-09-30,2024-10-25,fund_shares,953629628,shares,https://disc.static.szse.cn/disc/disk03/finalpage/2024-10-24/3b3b6375-766a-4574-899b-27ee0abc5ce7.PDF,4a27d7dce1fb02c6ec695d735f4e2e2c008aeae21ef591157fcaddb2e4aa45ab,machine_extracted_official_pdf,pending_independent_review,,,
78a3209054f0ee34939cf7a7b6ddfaa563e143c765d45466b80681676fa71594,phase4_fund_fundamentals,180301,2024-12-31,2025-01-22,distributable_amount_per_unit_quarter,0.0238,RMB_per_unit,https://disc.static.szse.cn/disc/disk03/finalpage/2025-01-21/9e9775f1-dd8e-4700-9128-69bf453d3bef.PDF,545316bb9e095c9eb9942c1edfe8d5a65bdfd5be70b8e60a3cbaa582dd82cfd8,machine_extracted_official_pdf,pending_independent_review,,,
d82077066eebdeb6c2eafe9dc67a7a6bc6ab866df8d42c065703d3965a6d9491,phase4_fund_fundamentals,180301,2024-12-31,2025-01-22,distributable_amount_quarter,22664719.16,RMB,https://disc.static.szse.cn/disc/disk03/finalpage/2025-01-21/9e9775f1-dd8e-4700-9128-69bf453d3bef.PDF,545316bb9e095c9eb9942c1edfe8d5a65bdfd5be70b8e60a3cbaa582dd82cfd8,machine_extracted_official_pdf,pending_independent_review,,,
de263ea36b84f5a9dc91889932b7d63e908396b131fbfcb77d521582727f2d60,phase4_fund_fundamentals,180301,2024-12-31,2025-01-22,fund_shares,953629628,shares,https://disc.static.szse.cn/disc/disk03/finalpage/2025-01-21/9e9775f1-dd8e-4700-9128-69bf453d3bef.PDF,545316bb9e095c9eb9942c1edfe8d5a65bdfd5be70b8e60a3cbaa582dd82cfd8,machine_extracted_official_pdf,pending_independent_review,,,
ac7c90b1866e0480325324e64fdb1c5aa971fafa81e29596522fc61244c7db1a,phase4_fund_fundamentals,180301,2024-12-31,2025-03-31,nav_per_unit,2.1883,RMB_per_unit,https://disc.static.szse.cn/disc/disk03/finalpage/2025-03-28/06728b42-8055-4b0a-a360-0cb7f5c868d3.PDF,046f02d3b759593746088121685145024c04a89606cff2f089930fdf2c4f6b4d,machine_extracted_official_pdf,pending_independent_review,,,
1f61ff3371cd93d98b2181f639e78a599121364481c506b03dbe7de3beb2f028,phase4_fund_fundamentals,180301,2025-03-31,2025-04-22,distributable_amount_per_unit_quarter,0.0247,RMB_per_unit,https://disc.static.szse.cn/disc/disk03/finalpage/2025-04-21/b0bcddad-a269-4ab9-a273-2455ebc55a5b.PDF,21dfac279df1c3528378dccec6324e773b0d6504483c98e8d75dfa7a09268668,machine_extracted_official_pdf,pending_independent_review,,,
00b61eac142a95246acc87122e86c2a26fadc51fd907f28cfe4bf99326e5251c,phase4_fund_fundamentals,180301,2025-03-31,2025-04-22,distributable_amount_quarter,23601388.35,RMB,https://disc.static.szse.cn/disc/disk03/finalpage/2025-04-21/b0bcddad-a269-4ab9-a273-2455ebc55a5b.PDF,21dfac279df1c3528378dccec6324e773b0d6504483c98e8d75dfa7a09268668,machine_extracted_official_pdf,pending_independent_review,,,
3b86b5525ba171a6eb8af0c1ef8845caaa1736db978bbed5fad6c3df6428be89,phase4_fund_fundamentals,180301,2025-03-31,2025-04-22,fund_shares,953629628,shares,https://disc.static.szse.cn/disc/disk03/finalpage/2025-04-21/b0bcddad-a269-4ab9-a273-2455ebc55a5b.PDF,21dfac279df1c3528378dccec6324e773b0d6504483c98e8d75dfa7a09268668,machine_extracted_official_pdf,pending_independent_review,,,
8e68b647ba3e36859b9439faffef55bad9301d36910d2b0c7b4e9b674909cfec,phase4_fund_fundamentals,180301,2025-06-30,2025-07-18,distributable_amount_per_unit_quarter,0.0254,RMB_per_unit,https://disc.static.szse.cn/disc/disk03/finalpage/2025-07-17/f7053c53-862d-4cf8-af8f-f86772dc8b42.PDF,8a8e634c99c6b9871b124d80ad4d2d196c0768e35923dbab44c118d5ca631b86,machine_extracted_official_pdf,pending_independent_review,,,
9d2c31934d5794252e5c38bd7ce0d0ca106eac09bae7b7cb11a2a53cef876b65,phase4_fund_fundamentals,180301,2025-06-30,2025-07-18,distributable_amount_quarter,24199646.89,RMB,https://disc.static.szse.cn/disc/disk03/finalpage/2025-07-17/f7053c53-862d-4cf8-af8f-f86772dc8b42.PDF,8a8e634c99c6b9871b124d80ad4d2d196c0768e35923dbab44c118d5ca631b86,machine_extracted_official_pdf,pending_independent_review,,,
dc56a537434767baea584b1564043e094dee71bd91d6b7dc9fd15e3ba6f2c2e4,phase4_fund_fundamentals,180301,2025-06-30,2025-07-18,fund_shares,953629628,shares,https://disc.static.szse.cn/disc/disk03/finalpage/2025-07-17/f7053c53-862d-4cf8-af8f-f86772dc8b42.PDF,8a8e634c99c6b9871b124d80ad4d2d196c0768e35923dbab44c118d5ca631b86,machine_extracted_official_pdf,pending_independent_review,,,
3f1496e773f3e17a490d6de82c8143d855b2c905181e59d8e481c5582e168a29,phase4_fund_fundamentals,180301,2025-09-30,2025-10-28,distributable_amount_per_unit_quarter,0.0248,RMB_per_unit,https://disc.static.szse.cn/disc/disk03/finalpage/2025-10-28/24c3b580-8ad4-4227-9b7f-b7226f67687b.PDF,e5b8941c2b01b384610d25140cb84b1daa36eeff168382f80ab75f904e716fc0,machine_extracted_official_pdf,pending_independent_review,,,
48e5fb813f96ac4b8b1aea6e9fb6727892b07c06f8a7bfce20b0fffb23220fa2,phase4_fund_fundamentals,180301,2025-09-30,2025-10-28,distributable_amount_quarter,23623246.94,RMB,https://disc.static.szse.cn/disc/disk03/finalpage/2025-10-28/24c3b580-8ad4-4227-9b7f-b7226f67687b.PDF,e5b8941c2b01b384610d25140cb84b1daa36eeff168382f80ab75f904e716fc0,machine_extracted_official_pdf,pending_independent_review,,,
520cadb1a8e666dc02a9a49d82efbb8b1f4bdb16f24c629f9964a4843ad35be7,phase4_fund_fundamentals,180301,2025-09-30,2025-10-28,fund_shares,953629628,shares,https://disc.static.szse.cn/disc/disk03/finalpage/2025-10-28/24c3b580-8ad4-4227-9b7f-b7226f67687b.PDF,e5b8941c2b01b384610d25140cb84b1daa36eeff168382f80ab75f904e716fc0,machine_extracted_official_pdf,pending_independent_review,,,
40a9c205e97b86610b386e36e10c8c70b8c24f622577ddc97920a446c92b50fd,phase4_fund_fundamentals,180301,2025-12-31,2026-01-22,distributable_amount_per_unit_quarter,0.0222,RMB_per_unit,https://disc.static.szse.cn/disc/disk03/finalpage/2026-01-22/0c6409cd-e594-4ccf-8eab-4725545f9759.PDF,bad13b5f562961bdb88f01ed7dec914c296f67b34b2744927e6b0edbd21c78c3,machine_extracted_official_pdf,pending_independent_review,,,
9045d0964d9c0ca2879f411520e8e49dac74b76f497816ecdef87cf8ed26d5d2,phase4_fund_fundamentals,180301,2025-12-31,2026-01-22,distributable_amount_quarter,21161865.05,RMB,https://disc.static.szse.cn/disc/disk03/finalpage/2026-01-22/0c6409cd-e594-4ccf-8eab-4725545f9759.PDF,bad13b5f562961bdb88f01ed7dec914c296f67b34b2744927e6b0edbd21c78c3,machine_extracted_official_pdf,pending_independent_review,,,
1de77e9ea84f995c5119e7a83470a9a6f0c552d6f05b50ca536ec4186f526fbd,phase4_fund_fundamentals,180301,2025-12-31,2026-01-22,fund_shares,953629628,shares,https://disc.static.szse.cn/disc/disk03/finalpage/2026-01-22/0c6409cd-e594-4ccf-8eab-4725545f9759.PDF,bad13b5f562961bdb88f01ed7dec914c296f67b34b2744927e6b0edbd21c78c3,machine_extracted_official_pdf,pending_independent_review,,,
1214917a4b8241a62346e312bd4234db3361d3ef428b9f4574e912a8c2776089,phase4_fund_fundamentals,180301,2025-12-31,2026-03-31,nav_per_unit,2.0835,RMB_per_unit,https://disc.static.szse.cn/disc/disk03/finalpage/2026-03-31/67a77f9f-3c13-4e1c-b803-15acecd1912a.PDF,01d9d56e702dcd4f1aba767e668a7ef8eafcf70f17daf5e98ac90f5117769957,machine_extracted_official_pdf,pending_independent_review,,,
8ec624d60a37c8257bb0edaaecdb91c5e9f4d818cbaaf34c7b033ce143ac9f62,phase4_fund_fundamentals,180301,2026-03-31,2026-04-21,distributable_amount_per_unit_quarter,0.0226,RMB_per_unit,https://disc.static.szse.cn/disc/disk03/finalpage/2026-04-21/33b4e72c-3e28-4b27-866b-b9ea97a1ecb7.PDF,7fe0811a6f650dd07bb578a8b4154c789d827c34859095fb6325b4c6b2fb4778,machine_extracted_official_pdf,pending_independent_review,,,
8aee761f4b076d0cb85e06aca62f95cedce7ae3bff7a74aa9a5088f91f3bfc96,phase4_fund_fundamentals,180301,2026-03-31,2026-04-21,distributable_amount_quarter,21550260.77,RMB,https://disc.static.szse.cn/disc/disk03/finalpage/2026-04-21/33b4e72c-3e28-4b27-866b-b9ea97a1ecb7.PDF,7fe0811a6f650dd07bb578a8b4154c789d827c34859095fb6325b4c6b2fb4778,machine_extracted_official_pdf,pending_independent_review,,,
c64f857800d26b2555beddcf329c3de97632f426cb0b5eddb444dbc3b5ea8476,phase4_fund_fundamentals,180301,2026-03-31,2026-04-21,fund_shares,953629628,shares,https://disc.static.szse.cn/disc/disk03/finalpage/2026-04-21/33b4e72c-3e28-4b27-866b-b9ea97a1ecb7.PDF,7fe0811a6f650dd07bb578a8b4154c789d827c34859095fb6325b4c6b2fb4778,machine_extracted_official_pdf,pending_independent_review,,,
90729f619c175751dbdb58bf21dea0f50a242248ec780a367ad3d737faf6db6a,phase4_fund_fundamentals,180301,2026-06-30,2026-07-21,distributable_amount_per_unit_quarter,0.0216,RMB_per_unit,https://disc.static.szse.cn/disc/disk03/finalpage/2026-07-21/07522a94-dc7a-46f6-b694-51f76af36494.PDF,a90daaf9619ebe8e4bcb6538120db52582159dc07e7e1fa79e09b238a5278753,machine_extracted_official_pdf,pending_independent_review,,,
6c92e61a1d4547ac3b386a19e6fc0baf984e67371bf213e6070fabdb6a571f51,phase4_fund_fundamentals,180301,2026-06-30,2026-07-21,distributable_amount_quarter,20612970.04,RMB,https://disc.static.szse.cn/disc/disk03/finalpage/2026-07-21/07522a94-dc7a-46f6-b694-51f76af36494.PDF,a90daaf9619ebe8e4bcb6538120db52582159dc07e7e1fa79e09b238a5278753,machine_extracted_official_pdf,pending_independent_review,,,
364197cf3d2f16ef706622a83e60f2a10467784a46e560c43729446de9a4f29a,phase4_fund_fundamentals,180301,2026-06-30,2026-07-21,fund_shares,953629628,shares,https://disc.static.szse.cn/disc/disk03/finalpage/2026-07-21/07522a94-dc7a-46f6-b694-51f76af36494.PDF,a90daaf9619ebe8e4bcb6538120db52582159dc07e7e1fa79e09b238a5278753,machine_extracted_official_pdf,pending_independent_review,,,
f1fe11af253db5bd7bbcb2fc88a3d0286f0c392fd5a7f2665ca214853234d23e,phase4_fund_fundamentals,180401,2022-12-31,2023-03-30,nav_per_unit,6.4801,RMB_per_unit,https://disc.static.szse.cn/disc/disk03/finalpage/2023-03-29/7d9113f0-8374-47dd-a63d-815c82857ccb.PDF,e0b966818e951d067cc28e65c8250459ae83ebd8a82a60382958a1a96097f8b0,machine_extracted_official_pdf,pending_independent_review,,,
7b527982866ff6bdf4fa02d0098768100daf536f220b6f8df978a69f270ddfb0,phase4_fund_fundamentals,180401,2023-03-31,2023-04-21,distributable_amount_per_unit_quarter,0.0631,RMB_per_unit,https://disc.static.szse.cn/disc/disk03/finalpage/2023-04-20/13cffc1a-2278-4c52-a96f-f275cf7c2436.PDF,14e925c2ba18af6973d895e102e53343a61b1f8031bc1ff81bbc27093d4ef5be,machine_extracted_official_pdf,pending_independent_review,,,
b6e0a263ce8e6a926d19135207f004a739ef6e7fc88f953373c1ab2a5c6849e9,phase4_fund_fundamentals,180401,2023-03-31,2023-04-21,distributable_amount_quarter,37832746.33,RMB,https://disc.static.szse.cn/disc/disk03/finalpage/2023-04-20/13cffc1a-2278-4c52-a96f-f275cf7c2436.PDF,14e925c2ba18af6973d895e102e53343a61b1f8031bc1ff81bbc27093d4ef5be,machine_extracted_official_pdf,pending_independent_review,,,
a727b5035fc4c621dd777ed2feb7354799e1575edc01fc0cf817fe5fe6aa7cfa,phase4_fund_fundamentals,180401,2023-03-31,2023-04-21,fund_shares,600000000,shares,https://disc.static.szse.cn/disc/disk03/finalpage/2023-04-20/13cffc1a-2278-4c52-a96f-f275cf7c2436.PDF,14e925c2ba18af6973d895e102e53343a61b1f8031bc1ff81bbc27093d4ef5be,machine_extracted_official_pdf,pending_independent_review,,,
5f77387e1043cb0d5dfdce51f361e91a3c018f5126552428300f6c1378353d13,phase4_fund_fundamentals,180401,2023-06-30,2023-07-18,distributable_amount_per_unit_quarter,0.2786,RMB_per_unit,https://disc.static.szse.cn/disc/disk03/finalpage/2023-07-17/1304168a-0af3-4740-a354-1267a8446ddc.PDF,8182993e2d8b96d36fe0b255a162818a7983f66572b397333483a415947387cc,machine_extracted_official_pdf,pending_independent_review,,,
52e408ba62f68e6ca01dc35c6f81a195eed3c70852531213e313695a37f3f134,phase4_fund_fundamentals,180401,2023-06-30,2023-07-18,distributable_amount_quarter,167153472.9,RMB,https://disc.static.szse.cn/disc/disk03/finalpage/2023-07-17/1304168a-0af3-4740-a354-1267a8446ddc.PDF,8182993e2d8b96d36fe0b255a162818a7983f66572b397333483a415947387cc,machine_extracted_official_pdf,pending_independent_review,,,
1040e95fab8eecf3b8224e2c2adf9bbb127b70f848be8f8687d88deb99927b2e,phase4_fund_fundamentals,180401,2023-06-30,2023-07-18,fund_shares,600000000,shares,https://disc.static.szse.cn/disc/disk03/finalpage/2023-07-17/1304168a-0af3-4740-a354-1267a8446ddc.PDF,8182993e2d8b96d36fe0b255a162818a7983f66572b397333483a415947387cc,machine_extracted_official_pdf,pending_independent_review,,,
33caa9576c14cd24e510edcf90131a0c89adb204de07c88d9773f965a0c0082b,phase4_fund_fundamentals,180401,2023-09-30,2023-10-24,distributable_amount_per_unit_quarter,0.2553,RMB_per_unit,https://disc.static.szse.cn/disc/disk03/finalpage/2023-10-23/10bee5dc-eb05-4395-9d1f-a2929d19c174.PDF,d3f9e4fb5d19d1993cd099809a875cb0ceb9c06a4aefcd3cdfc4933d02fe7122,machine_extracted_official_pdf,pending_independent_review,,,
a4c6d4314d114c1633b2707ada3b6044c50ba2d7e6ee1b37ca96b36de0874bc0,phase4_fund_fundamentals,180401,2023-09-30,2023-10-24,distributable_amount_quarter,153201120.16,RMB,https://disc.static.szse.cn/disc/disk03/finalpage/2023-10-23/10bee5dc-eb05-4395-9d1f-a2929d19c174.PDF,d3f9e4fb5d19d1993cd099809a875cb0ceb9c06a4aefcd3cdfc4933d02fe7122,machine_extracted_official_pdf,pending_independent_review,,,
1e30e0dd01b3c47998d9bdf9542db167bf718def6d047241cf3033215bd83cc6,phase4_fund_fundamentals,180401,2023-09-30,2023-10-24,fund_shares,600000000,shares,https://disc.static.szse.cn/disc/disk03/finalpage/2023-10-23/10bee5dc-eb05-4395-9d1f-a2929d19c174.PDF,d3f9e4fb5d19d1993cd099809a875cb0ceb9c06a4aefcd3cdfc4933d02fe7122,machine_extracted_official_pdf,pending_independent_review,,,
fe59569c6fa17e770d4e541bf850f23ef8629d217c720ace46f3c024161e1b68,phase4_fund_fundamentals,180401,2023-12-31,2024-01-19,distributable_amount_per_unit_quarter,0.1031,RMB_per_unit,https://disc.static.szse.cn/disc/disk03/finalpage/2024-01-18/bb6b1af8-332a-4a35-8b21-34944279e5f1.PDF,ed9676fc3aaad4e10dfac373272b235e425ac9a8fc7ce62114cd807ad02044de,machine_extracted_official_pdf,pending_independent_review,,,
934e63eb568898d792729a677d3e943970f753e8615f0094f96c2c7ece994da9,phase4_fund_fundamentals,180401,2023-12-31,2024-01-19,distributable_amount_quarter,61870473.35,RMB,https://disc.static.szse.cn/disc/disk03/finalpage/2024-01-18/bb6b1af8-332a-4a35-8b21-34944279e5f1.PDF,ed9676fc3aaad4e10dfac373272b235e425ac9a8fc7ce62114cd807ad02044de,machine_extracted_official_pdf,pending_independent_review,,,
689c48449fa789501e5a779fc33fb3ebebdc410b9a4d15b86be938a7951da43b,phase4_fund_fundamentals,180401,2023-12-31,2024-01-19,fund_shares,600000000,shares,https://disc.static.szse.cn/disc/disk03/finalpage/2024-01-18/bb6b1af8-332a-4a35-8b21-34944279e5f1.PDF,ed9676fc3aaad4e10dfac373272b235e425ac9a8fc7ce62114cd807ad02044de,machine_extracted_official_pdf,pending_independent_review,,,
0bcce77eb8688f274bfc8be61a866e0a3c934aba1bd3ed7af99f289fc6dfeb77,phase4_fund_fundamentals,180401,2023-12-31,2024-03-28,nav_per_unit,5.9093,RMB_per_unit,https://disc.static.szse.cn/disc/disk03/finalpage/2024-03-27/b4403890-772f-47e9-a2a1-f4d4ac48e550.PDF,7e8c99377b97b9b1079611ae126d8bb26365fff09bf8b1418f0d7882de5764ae,machine_extracted_official_pdf,pending_independent_review,,,
fe53ba39eef6bbbf806c63e0195f24ddfd94690bff821d6c6e96e88ad1d2f177,phase4_fund_fundamentals,180401,2024-03-31,2024-04-19,distributable_amount_per_unit_quarter,0.0855,RMB_per_unit,https://disc.static.szse.cn/disc/disk03/finalpage/2024-04-18/a468ab7e-8986-42ec-9ac4-85ce5a665359.PDF,8cdaa697ee4329bc759be4024981612dfd8660eeb812b3e0f72c4bf19c3a0cd3,machine_extracted_official_pdf,pending_independent_review,,,
a9e440221632e2e9241c7fa5ac3bb92e60d61ff330ced1d0fd295e62a5e3478d,phase4_fund_fundamentals,180401,2024-03-31,2024-04-19,distributable_amount_quarter,51279922.62,RMB,https://disc.static.szse.cn/disc/disk03/finalpage/2024-04-18/a468ab7e-8986-42ec-9ac4-85ce5a665359.PDF,8cdaa697ee4329bc759be4024981612dfd8660eeb812b3e0f72c4bf19c3a0cd3,machine_extracted_official_pdf,pending_independent_review,,,
361e46c23eb4e48db4415551d5297f15e98cd86283b223f5336688a5341b0b4d,phase4_fund_fundamentals,180401,2024-03-31,2024-04-19,fund_shares,600000000,shares,https://disc.static.szse.cn/disc/disk03/finalpage/2024-04-18/a468ab7e-8986-42ec-9ac4-85ce5a665359.PDF,8cdaa697ee4329bc759be4024981612dfd8660eeb812b3e0f72c4bf19c3a0cd3,machine_extracted_official_pdf,pending_independent_review,,,
8df4764fc33b91eccf0808868283a40fa15e771cfdc0774c0362f7918a07d4d0,phase4_fund_fundamentals,180401,2024-06-30,2024-07-18,distributable_amount_per_unit_quarter,0.1647,RMB_per_unit,https://disc.static.szse.cn/disc/disk03/finalpage/2024-07-17/16f58f15-98f2-48de-ba9d-f29f6a5bb097.PDF,89fb8912a5308ecff75486a6d97f3baa07355e563c7a6394d1601ae145e708c5,machine_extracted_official_pdf,pending_independent_review,,,
6c07b67d15360f1a113d066c6e8b2046380a917a702c2265987ee73fc5eaaa59,phase4_fund_fundamentals,180401,2024-06-30,2024-07-18,distributable_amount_quarter,98804676.9,RMB,https://disc.static.szse.cn/disc/disk03/finalpage/2024-07-17/16f58f15-98f2-48de-ba9d-f29f6a5bb097.PDF,89fb8912a5308ecff75486a6d97f3baa07355e563c7a6394d1601ae145e708c5,machine_extracted_official_pdf,pending_independent_review,,,
954fc293906de7715d99e7af421fbaa60355693c54921449b350cfd9084c3f7b,phase4_fund_fundamentals,180401,2024-06-30,2024-07-18,fund_shares,600000000,shares,https://disc.static.szse.cn/disc/disk03/finalpage/2024-07-17/16f58f15-98f2-48de-ba9d-f29f6a5bb097.PDF,89fb8912a5308ecff75486a6d97f3baa07355e563c7a6394d1601ae145e708c5,machine_extracted_official_pdf,pending_independent_review,,,
f50a9ce0279c61027d8c43c6ca6dc72b8ef5bd4b4a44457a0147925d92e3dcce,phase4_fund_fundamentals,180401,2024-09-30,2024-10-24,distributable_amount_per_unit_quarter,0.2391,RMB_per_unit,https://disc.static.szse.cn/disc/disk03/finalpage/2024-10-23/9dff127f-75a0-4233-9b40-ec24c253f08d.PDF,f0f736c59154ce9406ab373d9b477060e11ddda8f968a23716a3ac3c88a12340,machine_extracted_official_pdf,pending_independent_review,,,
34dd82b5a32c5a016f56afb180c49c907b0768e5bcee9d67768ebcb4e6b24d5b,phase4_fund_fundamentals,180401,2024-09-30,2024-10-24,distributable_amount_quarter,143452937.78,RMB,https://disc.static.szse.cn/disc/disk03/finalpage/2024-10-23/9dff127f-75a0-4233-9b40-ec24c253f08d.PDF,f0f736c59154ce9406ab373d9b477060e11ddda8f968a23716a3ac3c88a12340,machine_extracted_official_pdf,pending_independent_review,,,
a0ff49fd6c427f14f9f026b6fd3e5edc30157850835fbe0e86f297b1552307c4,phase4_fund_fundamentals,180401,2024-09-30,2024-10-24,fund_shares,600000000,shares,https://disc.static.szse.cn/disc/disk03/finalpage/2024-10-23/9dff127f-75a0-4233-9b40-ec24c253f08d.PDF,f0f736c59154ce9406ab373d9b477060e11ddda8f968a23716a3ac3c88a12340,machine_extracted_official_pdf,pending_independent_review,,,
dfabd5c761b8f8f38724b23d8e4f1602849cffc15f596c69161b734597b8a700,phase4_fund_fundamentals,180401,2024-12-31,2025-01-21,distributable_amount_per_unit_quarter,0.1034,RMB_per_unit,https://disc.static.szse.cn/disc/disk03/finalpage/2025-01-20/094f84e1-4ec9-4a37-851d-585d2aac731a.PDF,a0e854abc31383d26693389c6bf48ff37815af1c8e9479d86477b47b5e999145,machine_extracted_official_pdf,pending_independent_review,,,
133f757894815c312cd432d8b55297ba2096d0e33225f0a92163d9e107196f69,phase4_fund_fundamentals,180401,2024-12-31,2025-01-21,distributable_amount_quarter,62066202.1,RMB,https://disc.static.szse.cn/disc/disk03/finalpage/2025-01-20/094f84e1-4ec9-4a37-851d-585d2aac731a.PDF,a0e854abc31383d26693389c6bf48ff37815af1c8e9479d86477b47b5e999145,machine_extracted_official_pdf,pending_independent_review,,,
f13b854dda1b47653a717f73295b51594b74bd099b70dfd797854372baa93a09,phase4_fund_fundamentals,180401,2024-12-31,2025-01-21,fund_shares,600000000,shares,https://disc.static.szse.cn/disc/disk03/finalpage/2025-01-20/094f84e1-4ec9-4a37-851d-585d2aac731a.PDF,a0e854abc31383d26693389c6bf48ff37815af1c8e9479d86477b47b5e999145,machine_extracted_official_pdf,pending_independent_review,,,
6b8b4f0d521455419a79caf30fb77746d5ef05ebf4af3ee4baa2cb66ffa66189,phase4_fund_fundamentals,180401,2024-12-31,2025-03-28,nav_per_unit,5.3503,RMB_per_unit,https://disc.static.szse.cn/disc/disk03/finalpage/2025-03-27/1567e1f7-87c3-4e46-abda-786728b3aa63.PDF,46eb31608eaa3ab0aec092b91ee0925762c13ecc52248e8bbd792c1e9062a06f,machine_extracted_official_pdf,pending_independent_review,,,
f806ece650d71b27981463e3720ac01976f948eb8e0840e978be2541c3268f5f,phase4_fund_fundamentals,180401,2025-03-31,2025-04-21,distributable_amount_per_unit_quarter,0.0804,RMB_per_unit,https://disc.static.szse.cn/disc/disk03/finalpage/2025-04-18/6d497abf-37fc-4e01-a6c1-b5e859ebfe21.PDF,e6dec84c5d992d80a2622842e4ba3f92bbaf53f603768667780ad635e3cd4b85,machine_extracted_official_pdf,pending_independent_review,,,
c3f61a04b1d5229377a178869b373a2447f2155eaded086d47d5f83f3daa94e6,phase4_fund_fundamentals,180401,2025-03-31,2025-04-21,distributable_amount_quarter,48265648.49,RMB,https://disc.static.szse.cn/disc/disk03/finalpage/2025-04-18/6d497abf-37fc-4e01-a6c1-b5e859ebfe21.PDF,e6dec84c5d992d80a2622842e4ba3f92bbaf53f603768667780ad635e3cd4b85,machine_extracted_official_pdf,pending_independent_review,,,
45d635c314fc8a6c3ad33bbbd1682578c41dbaa14301b0d491a367bacfb09f82,phase4_fund_fundamentals,180401,2025-03-31,2025-04-21,fund_shares,600000000,shares,https://disc.static.szse.cn/disc/disk03/finalpage/2025-04-18/6d497abf-37fc-4e01-a6c1-b5e859ebfe21.PDF,e6dec84c5d992d80a2622842e4ba3f92bbaf53f603768667780ad635e3cd4b85,machine_extracted_official_pdf,pending_independent_review,,,
3059baac220bfbf9be01ed9f0b7ebe92be10b68db10371b0b39f28be034d9fdc,phase4_fund_fundamentals,180401,2025-06-30,2025-07-18,distributable_amount_per_unit_quarter,0.0746,RMB_per_unit,https://disc.static.szse.cn/disc/disk03/finalpage/2025-07-17/5f893010-a64b-4ac3-b990-b80ef285ec9c.PDF,678d3a209fd75045d1f3ace3a2ddac7a65e4ef47c1da09edc89d4b06b03ac002,machine_extracted_official_pdf,pending_independent_review,,,
d9da7b72ad6ae332db6a2a72fc265ee02db262819a1e1c4636dc9a05d15ac060,phase4_fund_fundamentals,180401,2025-06-30,2025-07-18,distributable_amount_quarter,44775313.32,RMB,https://disc.static.szse.cn/disc/disk03/finalpage/2025-07-17/5f893010-a64b-4ac3-b990-b80ef285ec9c.PDF,678d3a209fd75045d1f3ace3a2ddac7a65e4ef47c1da09edc89d4b06b03ac002,machine_extracted_official_pdf,pending_independent_review,,,
33e83f3758e80698578c491c6bc5f8a1a81c8bbb5c8de748c042b76a8384352f,phase4_fund_fundamentals,180401,2025-06-30,2025-07-18,fund_shares,600000000,shares,https://disc.static.szse.cn/disc/disk03/finalpage/2025-07-17/5f893010-a64b-4ac3-b990-b80ef285ec9c.PDF,678d3a209fd75045d1f3ace3a2ddac7a65e4ef47c1da09edc89d4b06b03ac002,machine_extracted_official_pdf,pending_independent_review,,,
dadf378c2312ab1d568a328000bbea8959b637ec3f0ac22073cb7aa38bc6ee31,phase4_fund_fundamentals,180401,2025-09-30,2025-10-27,distributable_amount_per_unit_quarter,0.1312,RMB_per_unit,https://disc.static.szse.cn/disc/disk03/finalpage/2025-10-27/bb0b9a6a-1228-4a02-96f7-0b5a23d8e7a7.PDF,6ca9aa57b57ab9234aa776c99f24f71c8094b1587a463dc080df9755157a2317,machine_extracted_official_pdf,pending_independent_review,,,
70722ec5294f6f8ce1a0197ad0cde71a88411af03a14898dabe7048dc6631b09,phase4_fund_fundamentals,180401,2025-09-30,2025-10-27,distributable_amount_quarter,78706953.46,RMB,https://disc.static.szse.cn/disc/disk03/finalpage/2025-10-27/bb0b9a6a-1228-4a02-96f7-0b5a23d8e7a7.PDF,6ca9aa57b57ab9234aa776c99f24f71c8094b1587a463dc080df9755157a2317,machine_extracted_official_pdf,pending_independent_review,,,
834c021cfccbe0c8f473dd19ed2311ea69cf2465c08ef3ff0392155706c99f1a,phase4_fund_fundamentals,180401,2025-09-30,2025-10-27,fund_shares,600000000,shares,https://disc.static.szse.cn/disc/disk03/finalpage/2025-10-27/bb0b9a6a-1228-4a02-96f7-0b5a23d8e7a7.PDF,6ca9aa57b57ab9234aa776c99f24f71c8094b1587a463dc080df9755157a2317,machine_extracted_official_pdf,pending_independent_review,,,
f69269f33da24e097498e86534f3bc5a20d498823003346d4866d900249f984a,phase4_fund_fundamentals,180401,2025-12-31,2026-01-21,distributable_amount_per_unit_quarter,0.1293,RMB_per_unit,https://disc.static.szse.cn/disc/disk03/finalpage/2026-01-21/95ed212e-3ff7-4718-a48c-dee16c231de9.PDF,42b45c84b419d68ace26da302c0e52af0ae7caf22dd63236b96d27e2adbaa924,machine_extracted_official_pdf,pending_independent_review,,,
2e2cdf4e92b50a2fdc4a02017be418815aca7d329985beaabb91ca20a8ded664,phase4_fund_fundamentals,180401,2025-12-31,2026-01-21,distributable_amount_quarter,77607896.49,RMB,https://disc.static.szse.cn/disc/disk03/finalpage/2026-01-21/95ed212e-3ff7-4718-a48c-dee16c231de9.PDF,42b45c84b419d68ace26da302c0e52af0ae7caf22dd63236b96d27e2adbaa924,machine_extracted_official_pdf,pending_independent_review,,,
c80d1c460073a371814b060485623e3854962cac7ea7808e538986b1175d623a,phase4_fund_fundamentals,180401,2025-12-31,2026-01-21,fund_shares,600000000,shares,https://disc.static.szse.cn/disc/disk03/finalpage/2026-01-21/95ed212e-3ff7-4718-a48c-dee16c231de9.PDF,42b45c84b419d68ace26da302c0e52af0ae7caf22dd63236b96d27e2adbaa924,machine_extracted_official_pdf,pending_independent_review,,,
6c990dc675e9f4204f5f2492a2f5841baa5a1b281a37467ec92cde9c48b3bea5,phase4_fund_fundamentals,180401,2025-12-31,2026-03-30,nav_per_unit,5.0233,RMB_per_unit,https://disc.static.szse.cn/disc/disk03/finalpage/2026-03-30/4de4f136-5cde-4042-aebf-c8e001fde756.PDF,3dcb3818e94760a553aebe5c5db8f8fd893a5f79c28561f9d4677677768fc88b,machine_extracted_official_pdf,pending_independent_review,,,
b80a68c77c420906e890f1ab2463988f6917a823508b68b8e6aa4e7e9b8fcf7a,phase4_fund_fundamentals,180401,2026-03-31,2026-04-21,distributable_amount_per_unit_quarter,0.0736,RMB_per_unit,https://disc.static.szse.cn/disc/disk03/finalpage/2026-04-21/4cb49125-59bf-4589-ad82-3a34cce102ea.PDF,ce1f9a01624dc96def41b0e6c70bd9cfd213768ca0639f4b37d2386bd7aee96c,machine_extracted_official_pdf,pending_independent_review,,,
d040c41a36329dcba00088ee97b60a1fc1ccd8e1076604d2b638716ab29986f2,phase4_fund_fundamentals,180401,2026-03-31,2026-04-21,distributable_amount_quarter,44178712.34,RMB,https://disc.static.szse.cn/disc/disk03/finalpage/2026-04-21/4cb49125-59bf-4589-ad82-3a34cce102ea.PDF,ce1f9a01624dc96def41b0e6c70bd9cfd213768ca0639f4b37d2386bd7aee96c,machine_extracted_official_pdf,pending_independent_review,,,
f7326082eddc8adf28901ca34e20fe7da35dd681da7e969c8fdffe4e7f34f82a,phase4_fund_fundamentals,180401,2026-03-31,2026-04-21,fund_shares,600000000,shares,https://disc.static.szse.cn/disc/disk03/finalpage/2026-04-21/4cb49125-59bf-4589-ad82-3a34cce102ea.PDF,ce1f9a01624dc96def41b0e6c70bd9cfd213768ca0639f4b37d2386bd7aee96c,machine_extracted_official_pdf,pending_independent_review,,,
9ab771d01559e370a8fa123d6ace93b5098459516be4af4db843d68ea679c0c2,phase4_fund_fundamentals,180401,2026-06-30,2026-07-20,distributable_amount_per_unit_quarter,0.0535,RMB_per_unit,https://disc.static.szse.cn/disc/disk03/finalpage/2026-07-20/62427907-8e2e-4a82-94bd-dd38d7f9998d.PDF,92358a9dba84b1d9b9f128f6b15014c0a19cc3e521b134a4c897842a31274db0,machine_extracted_official_pdf,pending_independent_review,,,
51afc01ab0e22752ddce1e69f26f0feb15db3176cd9e3cec1c201ebc09c0827e,phase4_fund_fundamentals,180401,2026-06-30,2026-07-20,distributable_amount_quarter,32108731.78,RMB,https://disc.static.szse.cn/disc/disk03/finalpage/2026-07-20/62427907-8e2e-4a82-94bd-dd38d7f9998d.PDF,92358a9dba84b1d9b9f128f6b15014c0a19cc3e521b134a4c897842a31274db0,machine_extracted_official_pdf,pending_independent_review,,,
5e656f0a90c8096ee086cdf91409a0c0c85a9648bf90e30ec1b8863d05b9c660,phase4_fund_fundamentals,180401,2026-06-30,2026-07-20,fund_shares,600000000,shares,https://disc.static.szse.cn/disc/disk03/finalpage/2026-07-20/62427907-8e2e-4a82-94bd-dd38d7f9998d.PDF,92358a9dba84b1d9b9f128f6b15014c0a19cc3e521b134a4c897842a31274db0,machine_extracted_official_pdf,pending_independent_review,,,
e1f000087cba4a4f01a7a0f39fa3380ad5a1ad6c17acce09777a007eb623e0cc,phase4_fund_fundamentals,508018,2022-12-31,2023-03-30,nav_per_unit,9.2751,RMB_per_unit,https://www.sse.com.cn/disclosure/fund/announcement/c/new/2023-03-30/508018_20230330_QTP8.pdf,14862b387dc21e4ff3aef427457c2f944c524be7e49ede5a74029f0099694061,machine_extracted_official_pdf,pending_independent_review,,,
b34a1f568c5e3a6d33005e9f2ce7bcba4d356ce29a3d481069ec2d28b79835d0,phase4_fund_fundamentals,508018,2023-03-31,2023-04-21,distributable_amount_per_unit_quarter,0.0934,RMB_per_unit,https://www.sse.com.cn/disclosure/fund/announcement/c/new/2023-04-21/508018_20230421_ZA7D.pdf,964ecfd67e47d1e754b406a22d8903ffdab5c452e7084cd36652825674796058,machine_extracted_official_pdf,pending_independent_review,,,
eb2528184c11786fed76f8bc05887274a788382e9a82ae341a88ac73f2d88e26,phase4_fund_fundamentals,508018,2023-03-31,2023-04-21,distributable_amount_quarter,93398509.9,RMB,https://www.sse.com.cn/disclosure/fund/announcement/c/new/2023-04-21/508018_20230421_ZA7D.pdf,964ecfd67e47d1e754b406a22d8903ffdab5c452e7084cd36652825674796058,machine_extracted_official_pdf,pending_independent_review,,,
14bcb2782599cc06352a495c357ebcb91d2135e8f39acb0143b3d54cd11870f9,phase4_fund_fundamentals,508018,2023-03-31,2023-04-21,fund_shares,1000000000,shares,https://www.sse.com.cn/disclosure/fund/announcement/c/new/2023-04-21/508018_20230421_ZA7D.pdf,964ecfd67e47d1e754b406a22d8903ffdab5c452e7084cd36652825674796058,machine_extracted_official_pdf,pending_independent_review,,,
83203fc0e6e68c58f41f02b98b845c18f1a2399d54ab7af4a4b8873f85e7ea4a,phase4_fund_fundamentals,508018,2023-06-30,2023-07-20,distributable_amount_per_unit_quarter,0.0704,RMB_per_unit,https://www.sse.com.cn/disclosure/fund/announcement/c/new/2023-07-20/508018_20230720_3TGU.pdf,04b54baa0508186d987257d6864e0f17b94c342c8c3d3d0ec54caebe06a4eadf,machine_extracted_official_pdf,pending_independent_review,,,
3a896529759846e6aba933d339700b70e498b766dc71173cfff99d5b52b95328,phase4_fund_fundamentals,508018,2023-06-30,2023-07-20,distributable_amount_quarter,70440468.15,RMB,https://www.sse.com.cn/disclosure/fund/announcement/c/new/2023-07-20/508018_20230720_3TGU.pdf,04b54baa0508186d987257d6864e0f17b94c342c8c3d3d0ec54caebe06a4eadf,machine_extracted_official_pdf,pending_independent_review,,,
2fd9e529680a7af24c76267e363044df67127d73634a78b3243d1a83caaed758,phase4_fund_fundamentals,508018,2023-06-30,2023-07-20,fund_shares,1000000000,shares,https://www.sse.com.cn/disclosure/fund/announcement/c/new/2023-07-20/508018_20230720_3TGU.pdf,04b54baa0508186d987257d6864e0f17b94c342c8c3d3d0ec54caebe06a4eadf,machine_extracted_official_pdf,pending_independent_review,,,
df9f95442dfb6b76a2e935cbc9b3413dfcd6cf14baf4c8ea9f8ac626eb542988,phase4_fund_fundamentals,508018,2023-09-30,2023-10-24,distributable_amount_per_unit_quarter,0.0789,RMB_per_unit,https://www.sse.com.cn/disclosure/fund/announcement/c/new/2023-10-24/508018_20231024_PTGV.pdf,2f5ec3f48d4cea461124d0abb4cea1cd4c9d2f5c7652fe97f7e9451b43b3901c,machine_extracted_official_pdf,pending_independent_review,,,
71a32e730d541148ff607c666c7e2104722a7c21643c1b1cd9f51d43a7816ee2,phase4_fund_fundamentals,508018,2023-09-30,2023-10-24,distributable_amount_quarter,78882742.92,RMB,https://www.sse.com.cn/disclosure/fund/announcement/c/new/2023-10-24/508018_20231024_PTGV.pdf,2f5ec3f48d4cea461124d0abb4cea1cd4c9d2f5c7652fe97f7e9451b43b3901c,machine_extracted_official_pdf,pending_independent_review,,,
2221653b4b298b8cd538ea4a40da8b8707881572cb0ce4e9e836f11e6726c5cf,phase4_fund_fundamentals,508018,2023-09-30,2023-10-24,fund_shares,1000000000,shares,https://www.sse.com.cn/disclosure/fund/announcement/c/new/2023-10-24/508018_20231024_PTGV.pdf,2f5ec3f48d4cea461124d0abb4cea1cd4c9d2f5c7652fe97f7e9451b43b3901c,machine_extracted_official_pdf,pending_independent_review,,,
3c8e63828f9e77e96a5ca812209d471ea28d18fef558339a1a30859db8190a5d,phase4_fund_fundamentals,508018,2023-12-31,2024-01-19,distributable_amount_per_unit_quarter,0.0776,RMB_per_unit,https://www.sse.com.cn/disclosure/fund/announcement/c/new/2024-01-19/508018_20240119_T5TG.pdf,5c5f14994cbad08ee98dabf8d843ebdd3dc067cb99b192a181afebe46b7c3507,machine_extracted_official_pdf,pending_independent_review,,,
71dab29492faffc2c787a0ff56e0e81ec975758bdd679381574b2f2b4bd4962c,phase4_fund_fundamentals,508018,2023-12-31,2024-01-19,distributable_amount_quarter,77636355.64,RMB,https://www.sse.com.cn/disclosure/fund/announcement/c/new/2024-01-19/508018_20240119_T5TG.pdf,5c5f14994cbad08ee98dabf8d843ebdd3dc067cb99b192a181afebe46b7c3507,machine_extracted_official_pdf,pending_independent_review,,,
52523ca04c8b51f2e82bfab815b558ab2a36a6569470a29fa06206e188f224e5,phase4_fund_fundamentals,508018,2023-12-31,2024-01-19,fund_shares,1000000000,shares,https://www.sse.com.cn/disclosure/fund/announcement/c/new/2024-01-19/508018_20240119_T5TG.pdf,5c5f14994cbad08ee98dabf8d843ebdd3dc067cb99b192a181afebe46b7c3507,machine_extracted_official_pdf,pending_independent_review,,,
449fb7ec3a5d50a17fe87dec3e3747fd05b114551e129c709cf5c9dcf8a0032b,phase4_fund_fundamentals,508018,2023-12-31,2024-03-30,nav_per_unit,9.0603,RMB_per_unit,https://www.sse.com.cn/disclosure/fund/announcement/c/new/2024-03-30/508018_20240330_68ZQ.pdf,9abd51064f3bee5d850f6b5584bef5e67f6006747e35a758b9fbc23d52d61aef,machine_extracted_official_pdf,pending_independent_review,,,
5cd8be2a3f1f38a523bd94a559fc352cc446144c4dd0405a6c621edd57084997,phase4_fund_fundamentals,508018,2024-03-31,2024-04-19,distributable_amount_per_unit_quarter,0.072,RMB_per_unit,https://www.sse.com.cn/disclosure/fund/announcement/c/new/2024-04-19/508018_20240419_UIX1.pdf,8047ec4e2c4355427da002a751137b0abf072d9ca89826ffc547cd15f91a1fe5,machine_extracted_official_pdf,pending_independent_review,,,
c8ca0c4b7574d128a7b402beffa56e45a85727fecada6fbb45c622606abc109b,phase4_fund_fundamentals,508018,2024-03-31,2024-04-19,distributable_amount_quarter,72003426.46,RMB,https://www.sse.com.cn/disclosure/fund/announcement/c/new/2024-04-19/508018_20240419_UIX1.pdf,8047ec4e2c4355427da002a751137b0abf072d9ca89826ffc547cd15f91a1fe5,machine_extracted_official_pdf,pending_independent_review,,,
331327266bea1135bd36b6997eb52d5c81f94f92bbcb19db36c77c93ca31f89c,phase4_fund_fundamentals,508018,2024-03-31,2024-04-19,fund_shares,1000000000,shares,https://www.sse.com.cn/disclosure/fund/announcement/c/new/2024-04-19/508018_20240419_UIX1.pdf,8047ec4e2c4355427da002a751137b0abf072d9ca89826ffc547cd15f91a1fe5,machine_extracted_official_pdf,pending_independent_review,,,
bbd530a7c13c236022f4a9445da94ecab8aa37bdc57ec372ff811ffb375b00ec,phase4_fund_fundamentals,508018,2024-06-30,2024-07-18,distributable_amount_per_unit_quarter,0.0608,RMB_per_unit,https://www.sse.com.cn/disclosure/fund/announcement/c/new/2024-07-18/508018_20240718_B4R7.pdf,90d4c04589e207be7390255cd84739bf2511e09fd68f7e99b8f3fe4129da5f7d,machine_extracted_official_pdf,pending_independent_review,,,
b499ad594582c41299287ed2a5cf84f056fba0a6981ed7b65dcb416632fa7ca9,phase4_fund_fundamentals,508018,2024-06-30,2024-07-18,distributable_amount_quarter,60848438.03,RMB,https://www.sse.com.cn/disclosure/fund/announcement/c/new/2024-07-18/508018_20240718_B4R7.pdf,90d4c04589e207be7390255cd84739bf2511e09fd68f7e99b8f3fe4129da5f7d,machine_extracted_official_pdf,pending_independent_review,,,
c8565821cae511c283cf6d451b9e8c9fafda091c66132cc8e07e4acedd33096f,phase4_fund_fundamentals,508018,2024-06-30,2024-07-18,fund_shares,1000000000,shares,https://www.sse.com.cn/disclosure/fund/announcement/c/new/2024-07-18/508018_20240718_B4R7.pdf,90d4c04589e207be7390255cd84739bf2511e09fd68f7e99b8f3fe4129da5f7d,machine_extracted_official_pdf,pending_independent_review,,,
e9bee79f84c7e3944fba23cc56123b60ed2d2102e9a9b428a6b6ee6bee61dab4,phase4_fund_fundamentals,508018,2024-09-30,2024-10-25,distributable_amount_per_unit_quarter,0.0784,RMB_per_unit,https://www.sse.com.cn/disclosure/fund/announcement/c/new/2024-10-25/508018_20241025_3E0F.pdf,2f7d5b7d4a59b7d91f767d04e3a4c2ac4e76603c798c512e7db87807b3fb2641,machine_extracted_official_pdf,pending_independent_review,,,
5d9bf85decfb9f20795d05a5e97d68136ef42196e1bff0e1fbfd81526d4136d0,phase4_fund_fundamentals,508018,2024-09-30,2024-10-25,distributable_amount_quarter,78398516.37,RMB,https://www.sse.com.cn/disclosure/fund/announcement/c/new/2024-10-25/508018_20241025_3E0F.pdf,2f7d5b7d4a59b7d91f767d04e3a4c2ac4e76603c798c512e7db87807b3fb2641,machine_extracted_official_pdf,pending_independent_review,,,
39d4980dbbe84578112a316de174b54a14ffab10f23f6c7a6e85e91bf1af2c99,phase4_fund_fundamentals,508018,2024-09-30,2024-10-25,fund_shares,1000000000,shares,https://www.sse.com.cn/disclosure/fund/announcement/c/new/2024-10-25/508018_20241025_3E0F.pdf,2f7d5b7d4a59b7d91f767d04e3a4c2ac4e76603c798c512e7db87807b3fb2641,machine_extracted_official_pdf,pending_independent_review,,,
e903a798c3b4e123c38c621da94b14e6e0ee4c36bcbccec52bb81a44f257f052,phase4_fund_fundamentals,508018,2024-12-31,2025-01-22,distributable_amount_per_unit_quarter,0.0535,RMB_per_unit,https://www.sse.com.cn/disclosure/fund/announcement/c/new/2025-01-22/508018_20250122_8BLC.pdf,dd070e6f0113208836e9c8342fef1da166f07108477e2b9fd3f41dc7fea1557c,machine_extracted_official_pdf,pending_independent_review,,,
f4f29197f738355a407f28dcf2d3a4516d01c7bec5f8132f6347c257708a402d,phase4_fund_fundamentals,508018,2024-12-31,2025-01-22,distributable_amount_quarter,53518727.16,RMB,https://www.sse.com.cn/disclosure/fund/announcement/c/new/2025-01-22/508018_20250122_8BLC.pdf,dd070e6f0113208836e9c8342fef1da166f07108477e2b9fd3f41dc7fea1557c,machine_extracted_official_pdf,pending_independent_review,,,
f8193a8cb804965898f88398186f2808ce784d420865d25bb01d4162a0e3b31b,phase4_fund_fundamentals,508018,2024-12-31,2025-01-22,fund_shares,1000000000,shares,https://www.sse.com.cn/disclosure/fund/announcement/c/new/2025-01-22/508018_20250122_8BLC.pdf,dd070e6f0113208836e9c8342fef1da166f07108477e2b9fd3f41dc7fea1557c,machine_extracted_official_pdf,pending_independent_review,,,
edf02e8fd5301a55b4e27710a29cecc6403d248721f95d392bb43368b4f45c96,phase4_fund_fundamentals,508018,2024-12-31,2025-03-29,nav_per_unit,7.5997,RMB_per_unit,https://www.sse.com.cn/disclosure/fund/announcement/c/new/2025-03-29/508018_20250329_2AXB.pdf,fa09db15350e7a1e4171cf5791e1c7d40b677ee2c1ec7244ac6e88009002ff0a,machine_extracted_official_pdf,pending_independent_review,,,
7e7f84be7792f2b9c6f6692b12cde2d9fd5c6524c1a3bcd68f0271dd2a6bb8d8,phase4_fund_fundamentals,508018,2025-03-31,2025-04-22,distributable_amount_per_unit_quarter,0.0726,RMB_per_unit,https://www.sse.com.cn/disclosure/fund/announcement/c/new/2025-04-22/508018_20250422_PA2W.pdf,4e8f441763ac3873ea3ceaee8e899c73e4b23eaf37276c451eb32d4955cf6e31,machine_extracted_official_pdf,pending_independent_review,,,
feef63f3076676eced2804d0e49fa52afc7e00ab27a8d88c7155355844a09b5f,phase4_fund_fundamentals,508018,2025-03-31,2025-04-22,distributable_amount_quarter,72638822.55,RMB,https://www.sse.com.cn/disclosure/fund/announcement/c/new/2025-04-22/508018_20250422_PA2W.pdf,4e8f441763ac3873ea3ceaee8e899c73e4b23eaf37276c451eb32d4955cf6e31,machine_extracted_official_pdf,pending_independent_review,,,
62a3223201a5e6d6c33020b7a81ae35bc1050c33d3d8a3ac6d896d715348bb9c,phase4_fund_fundamentals,508018,2025-03-31,2025-04-22,fund_shares,1000000000,shares,https://www.sse.com.cn/disclosure/fund/announcement/c/new/2025-04-22/508018_20250422_PA2W.pdf,4e8f441763ac3873ea3ceaee8e899c73e4b23eaf37276c451eb32d4955cf6e31,machine_extracted_official_pdf,pending_independent_review,,,
4805203633a66463e66563e25da507a619f5991184053f48e689d92ce845d613,phase4_fund_fundamentals,508018,2025-06-30,2025-07-21,distributable_amount_per_unit_quarter,0.0593,RMB_per_unit,https://www.sse.com.cn/disclosure/fund/announcement/c/new/2025-07-21/508018_20250721_QGWH.pdf,42dfed630671ef465221e1a37e7d1b330a84f21b40811ce5f36d9524326f6a24,machine_extracted_official_pdf,pending_independent_review,,,
ca1adf5c73e87e565a11e34d4de9499d9ef88c9fbd62ad6c5c408ff2f70db094,phase4_fund_fundamentals,508018,2025-06-30,2025-07-21,distributable_amount_quarter,59300483.12,RMB,https://www.sse.com.cn/disclosure/fund/announcement/c/new/2025-07-21/508018_20250721_QGWH.pdf,42dfed630671ef465221e1a37e7d1b330a84f21b40811ce5f36d9524326f6a24,machine_extracted_official_pdf,pending_independent_review,,,
88cc816faf32f1611fc5d9682347197cbe4bccc8e00245782d42196cf7cd1a08,phase4_fund_fundamentals,508018,2025-06-30,2025-07-21,fund_shares,1000000000,shares,https://www.sse.com.cn/disclosure/fund/announcement/c/new/2025-07-21/508018_20250721_QGWH.pdf,42dfed630671ef465221e1a37e7d1b330a84f21b40811ce5f36d9524326f6a24,machine_extracted_official_pdf,pending_independent_review,,,
ef8edf08e7652f97084586085a6a9964dee648572a138b2f72f6ad25524ba551,phase4_fund_fundamentals,508018,2025-09-30,2025-10-28,distributable_amount_per_unit_quarter,0.0697,RMB_per_unit,https://www.sse.com.cn/disclosure/fund/announcement/c/new/2025-10-28/508018_20251028_TOR5.pdf,8610d753e9e2cca8db5f3b72a3171dc1b7aebb80dbff4b5ad7e937cf82588da9,machine_extracted_official_pdf,pending_independent_review,,,
89c5549e5e6cd12a248af08ca5f9589f47ab0eee497e824ac55a0dc1cc28d803,phase4_fund_fundamentals,508018,2025-09-30,2025-10-28,distributable_amount_quarter,69714529.72,RMB,https://www.sse.com.cn/disclosure/fund/announcement/c/new/2025-10-28/508018_20251028_TOR5.pdf,8610d753e9e2cca8db5f3b72a3171dc1b7aebb80dbff4b5ad7e937cf82588da9,machine_extracted_official_pdf,pending_independent_review,,,
b1c07a9cc21f843b1956b08c1e9f7d1903aedd029a23c5296c108ccde638d602,phase4_fund_fundamentals,508018,2025-09-30,2025-10-28,fund_shares,1000000000,shares,https://www.sse.com.cn/disclosure/fund/announcement/c/new/2025-10-28/508018_20251028_TOR5.pdf,8610d753e9e2cca8db5f3b72a3171dc1b7aebb80dbff4b5ad7e937cf82588da9,machine_extracted_official_pdf,pending_independent_review,,,
1016bf65ee2210bed0d529ead9826a101dd26c7efa76447d0f8364464693e1e9,phase4_fund_fundamentals,508018,2025-12-31,2026-01-22,distributable_amount_per_unit_quarter,0.0608,RMB_per_unit,https://www.sse.com.cn/disclosure/fund/announcement/c/new/2026-01-22/508018_20260122_1JOC.pdf,701d2a5a418da860df777ac744fc0879d3f7d70ee865c1e934263eadbc8a4cfc,machine_extracted_official_pdf,pending_independent_review,,,
5744fd731677a3b0baed9f0a7e9481c35ac185bcdd0f2f9b88a0fe4e7fe2ca7d,phase4_fund_fundamentals,508018,2025-12-31,2026-01-22,distributable_amount_quarter,60785043.4,RMB,https://www.sse.com.cn/disclosure/fund/announcement/c/new/2026-01-22/508018_20260122_1JOC.pdf,701d2a5a418da860df777ac744fc0879d3f7d70ee865c1e934263eadbc8a4cfc,machine_extracted_official_pdf,pending_independent_review,,,
8c2612bce75f8e0978cdc08806d3cad7aa9461c68d4d047680882d25a70cf81c,phase4_fund_fundamentals,508018,2025-12-31,2026-01-22,fund_shares,1000000000,shares,https://www.sse.com.cn/disclosure/fund/announcement/c/new/2026-01-22/508018_20260122_1JOC.pdf,701d2a5a418da860df777ac744fc0879d3f7d70ee865c1e934263eadbc8a4cfc,machine_extracted_official_pdf,pending_independent_review,,,
302d3b01166ccbc80060700ca4e5da7166f0998f997da41a5d36153f7ab3f42c,phase4_fund_fundamentals,508018,2025-12-31,2026-03-31,nav_per_unit,7.4036,RMB_per_unit,https://www.sse.com.cn/disclosure/fund/announcement/c/new/2026-03-31/508018_20260331_JTPR.pdf,820ad060f44dc77198e30372aee6778778521a3629118803f172a934109443bc,machine_extracted_official_pdf,pending_independent_review,,,
41a1b997c58996fd1cb96a569301df029b4fc2ebbbd0a7cbfd50b2d4dd36f9b6,phase4_fund_fundamentals,508018,2026-03-31,2026-04-22,distributable_amount_per_unit_quarter,0.0866,RMB_per_unit,https://www.sse.com.cn/disclosure/fund/announcement/c/new/2026-04-22/508018_20260422_LXZD.pdf,ef026c1ba42d253bf92a1b501e860419422dd900d688ced5d58117d9b5a6e020,machine_extracted_official_pdf,pending_independent_review,,,
033d4d15399c89c88347caa8228dc070420a2bc5e51f44f13bd1c7e93aca13bf,phase4_fund_fundamentals,508018,2026-03-31,2026-04-22,distributable_amount_quarter,86556810.71,RMB,https://www.sse.com.cn/disclosure/fund/announcement/c/new/2026-04-22/508018_20260422_LXZD.pdf,ef026c1ba42d253bf92a1b501e860419422dd900d688ced5d58117d9b5a6e020,machine_extracted_official_pdf,pending_independent_review,,,
10fae47ed84e02dc4c5992d727163d2a96c2098c37c2342ab4e0f83eb342683f,phase4_fund_fundamentals,508018,2026-03-31,2026-04-22,fund_shares,1000000000,shares,https://www.sse.com.cn/disclosure/fund/announcement/c/new/2026-04-22/508018_20260422_LXZD.pdf,ef026c1ba42d253bf92a1b501e860419422dd900d688ced5d58117d9b5a6e020,machine_extracted_official_pdf,pending_independent_review,,,
df738b4e295dfec3485fc36838c832c51a86e220703ee8c1fec8bdb73d30f6a2,phase4_fund_fundamentals,508018,2026-06-30,2026-07-21,distributable_amount_per_unit_quarter,0.0762,RMB_per_unit,https://www.sse.com.cn/disclosure/fund/announcement/c/new/2026-07-21/508018_20260721_VWHG.pdf,eed9f8508f6ab7998de49a62879dc40dccfccd272c2f04ddb9685b326a9f2a69,machine_extracted_official_pdf,pending_independent_review,,,
bbadc22517e75b2176cda8ca8e345a1b8cc5c2d4d6673a6d1ae21ed540b76a5e,phase4_fund_fundamentals,508018,2026-06-30,2026-07-21,distributable_amount_quarter,76179140.51,RMB,https://www.sse.com.cn/disclosure/fund/announcement/c/new/2026-07-21/508018_20260721_VWHG.pdf,eed9f8508f6ab7998de49a62879dc40dccfccd272c2f04ddb9685b326a9f2a69,machine_extracted_official_pdf,pending_independent_review,,,
8ef2a0d7adef6b84dd4b3d1b499a3ab3e54dd161b842482e5db9b565a1aef2e3,phase4_fund_fundamentals,508018,2026-06-30,2026-07-21,fund_shares,1000000000,shares,https://www.sse.com.cn/disclosure/fund/announcement/c/new/2026-07-21/508018_20260721_VWHG.pdf,eed9f8508f6ab7998de49a62879dc40dccfccd272c2f04ddb9685b326a9f2a69,machine_extracted_official_pdf,pending_independent_review,,,
7f518cb0c56311ee94fad5eb61ef11f154cc46148708663a0e064e172ccc89ca,phase4_fund_fundamentals,508026,2024-06-30,2024-07-18,distributable_amount_per_unit_quarter,0.0347,RMB_per_unit,https://www.sse.com.cn/disclosure/fund/announcement/c/new/2024-07-18/508026_20240718_8ONG.pdf,450bdae29afe82af292367b4a6f93cccf3fe3b565ffa54246cfd72fb75ea8a4a,machine_extracted_official_pdf,pending_independent_review,,,
01946e73b0f1d58b781576138cba9593d4fed836763b0579a74a338f4f55dfed,phase4_fund_fundamentals,508026,2024-06-30,2024-07-18,distributable_amount_quarter,13883305.18,RMB,https://www.sse.com.cn/disclosure/fund/announcement/c/new/2024-07-18/508026_20240718_8ONG.pdf,450bdae29afe82af292367b4a6f93cccf3fe3b565ffa54246cfd72fb75ea8a4a,machine_extracted_official_pdf,pending_independent_review,,,
428690b7a44693aec1b5f79232122a8f23d15c439bfb8dc1fd798cec17cbecac,phase4_fund_fundamentals,508026,2024-06-30,2024-07-18,fund_shares,400000000,shares,https://www.sse.com.cn/disclosure/fund/announcement/c/new/2024-07-18/508026_20240718_8ONG.pdf,450bdae29afe82af292367b4a6f93cccf3fe3b565ffa54246cfd72fb75ea8a4a,machine_extracted_official_pdf,pending_independent_review,,,
4bda04bd6264a979b0ebedd6276083cdceeda9a0aa2c3b424283b3d6e5f69897,phase4_fund_fundamentals,508026,2024-09-30,2024-10-25,distributable_amount_per_unit_quarter,0.0592,RMB_per_unit,https://www.sse.com.cn/disclosure/fund/announcement/c/new/2024-10-25/508026_20241025_47Z6.pdf,419de34640ee6e24cbdce99efa248205efe1f8d6b4637b5e54fe52e64c5061cd,machine_extracted_official_pdf,pending_independent_review,,,
bf9216d039493e952bb0a005972223003afd1908aab05cf02bc90eb9cb6ecf67,phase4_fund_fundamentals,508026,2024-09-30,2024-10-25,distributable_amount_quarter,23695439.98,RMB,https://www.sse.com.cn/disclosure/fund/announcement/c/new/2024-10-25/508026_20241025_47Z6.pdf,419de34640ee6e24cbdce99efa248205efe1f8d6b4637b5e54fe52e64c5061cd,machine_extracted_official_pdf,pending_independent_review,,,
10429a81456dda5ef367c90fd25066b35d54b8aecc8b63a8adf9fee224216578,phase4_fund_fundamentals,508026,2024-09-30,2024-10-25,fund_shares,400000000,shares,https://www.sse.com.cn/disclosure/fund/announcement/c/new/2024-10-25/508026_20241025_47Z6.pdf,419de34640ee6e24cbdce99efa248205efe1f8d6b4637b5e54fe52e64c5061cd,machine_extracted_official_pdf,pending_independent_review,,,
2484dd496eaebfb5cf8f5d8f813b730ace8168ec1af322b28c7ce71f55266dc3,phase4_fund_fundamentals,508026,2024-12-31,2025-01-22,distributable_amount_per_unit_quarter,0.0909,RMB_per_unit,https://www.sse.com.cn/disclosure/fund/announcement/c/new/2025-01-22/508026_20250122_3O29.pdf,d2a28e46a8093ea2a1b35e19def3c606e9bebd61cfd5291002fe9fd863123c54,machine_extracted_official_pdf,pending_independent_review,,,
e9238992a284681f4d487d62b8172335da17b43063e8ca63066c7166c247f32c,phase4_fund_fundamentals,508026,2024-12-31,2025-01-22,distributable_amount_quarter,36349349.99,RMB,https://www.sse.com.cn/disclosure/fund/announcement/c/new/2025-01-22/508026_20250122_3O29.pdf,d2a28e46a8093ea2a1b35e19def3c606e9bebd61cfd5291002fe9fd863123c54,machine_extracted_official_pdf,pending_independent_review,,,
6efcb7d030f76646f1ee455a4f3df3ab0e24c365ac257605d7441f7c88d8e5ab,phase4_fund_fundamentals,508026,2024-12-31,2025-01-22,fund_shares,400000000,shares,https://www.sse.com.cn/disclosure/fund/announcement/c/new/2025-01-22/508026_20250122_3O29.pdf,d2a28e46a8093ea2a1b35e19def3c606e9bebd61cfd5291002fe9fd863123c54,machine_extracted_official_pdf,pending_independent_review,,,
ea997856ea81cba76948c20c85a53ba33a42bea4c0c68bd16180ffb19e05100f,phase4_fund_fundamentals,508026,2024-12-31,2025-03-28,nav_per_unit,2.5561,RMB_per_unit,https://www.sse.com.cn/disclosure/fund/announcement/c/new/2025-03-28/508026_20250328_T61T.pdf,4a9727e470e9344e6a9780fd6c2f8cf83a605191cae8dd8fd8f1e2be095518dd,machine_extracted_official_pdf,pending_independent_review,,,
c31b564a03cae5f7935dd30c02f41b5fd0050d2da4530e142a40d05beaf9e551,phase4_fund_fundamentals,508026,2025-03-31,2025-04-22,distributable_amount_per_unit_quarter,0.0513,RMB_per_unit,https://www.sse.com.cn/disclosure/fund/announcement/c/new/2025-04-22/508026_20250422_FNF9.pdf,1468c4c168920e003532d0c6e6a874e30902d114600e65e429bd2bce1ef17992,machine_extracted_official_pdf,pending_independent_review,,,
22989c03b6fcade6e933e8aecb09235dc87875f699a49416d29956c531e31b6a,phase4_fund_fundamentals,508026,2025-03-31,2025-04-22,distributable_amount_quarter,20509088.23,RMB,https://www.sse.com.cn/disclosure/fund/announcement/c/new/2025-04-22/508026_20250422_FNF9.pdf,1468c4c168920e003532d0c6e6a874e30902d114600e65e429bd2bce1ef17992,machine_extracted_official_pdf,pending_independent_review,,,
bbd9662aea42ed31e402b53824d3cf62bd0d36c5ff51e4eaad3d37b2ac66682a,phase4_fund_fundamentals,508026,2025-03-31,2025-04-22,fund_shares,400000000,shares,https://www.sse.com.cn/disclosure/fund/announcement/c/new/2025-04-22/508026_20250422_FNF9.pdf,1468c4c168920e003532d0c6e6a874e30902d114600e65e429bd2bce1ef17992,machine_extracted_official_pdf,pending_independent_review,,,
87145caabaea091b6ae2029b8b31db591db5ed55cd553a292a8387345c0e3bd8,phase4_fund_fundamentals,508026,2025-06-30,2025-07-21,distributable_amount_per_unit_quarter,0.025,RMB_per_unit,https://www.sse.com.cn/disclosure/fund/announcement/c/new/2025-07-21/508026_20250721_N3IB.pdf,49371bfad73ff839a5e0a1481d1edd873d73f69bb47f6c9b4e6975a367a53c03,machine_extracted_official_pdf,pending_independent_review,,,
657a488db4a6c07ad4bc68b7559c0bd5eaa44625e83f5861db56f30c724e0924,phase4_fund_fundamentals,508026,2025-06-30,2025-07-21,distributable_amount_quarter,10006135.09,RMB,https://www.sse.com.cn/disclosure/fund/announcement/c/new/2025-07-21/508026_20250721_N3IB.pdf,49371bfad73ff839a5e0a1481d1edd873d73f69bb47f6c9b4e6975a367a53c03,machine_extracted_official_pdf,pending_independent_review,,,
3b5ef6413cd15a32192f43ab1dd521ac00919755e20bde8f8786ee4daf9c004c,phase4_fund_fundamentals,508026,2025-06-30,2025-07-21,fund_shares,400000000,shares,https://www.sse.com.cn/disclosure/fund/announcement/c/new/2025-07-21/508026_20250721_N3IB.pdf,49371bfad73ff839a5e0a1481d1edd873d73f69bb47f6c9b4e6975a367a53c03,machine_extracted_official_pdf,pending_independent_review,,,
11ffbfddbe668c2ee5cbb9d7d6afc3b07c82bec3579a00e326dceb97ba23c8c4,phase4_fund_fundamentals,508026,2025-09-30,2025-10-28,distributable_amount_per_unit_quarter,0.0639,RMB_per_unit,https://www.sse.com.cn/disclosure/fund/announcement/c/new/2025-10-28/508026_20251028_EZQC.pdf,ca39367cccc4b8df21a4fc296665f6e5d449152ba0c24c870e156c5f66d4ba89,machine_extracted_official_pdf,pending_independent_review,,,
5c2044b687cd9fe624a958beb330d6aae4faf04d21418f703cf4ad098f10d7ca,phase4_fund_fundamentals,508026,2025-09-30,2025-10-28,distributable_amount_quarter,25563376.5,RMB,https://www.sse.com.cn/disclosure/fund/announcement/c/new/2025-10-28/508026_20251028_EZQC.pdf,ca39367cccc4b8df21a4fc296665f6e5d449152ba0c24c870e156c5f66d4ba89,machine_extracted_official_pdf,pending_independent_review,,,
07091ce575c3b781836864b38e6c740b61e880e9f98ee150e33627b82c91df75,phase4_fund_fundamentals,508026,2025-09-30,2025-10-28,fund_shares,400000000,shares,https://www.sse.com.cn/disclosure/fund/announcement/c/new/2025-10-28/508026_20251028_EZQC.pdf,ca39367cccc4b8df21a4fc296665f6e5d449152ba0c24c870e156c5f66d4ba89,machine_extracted_official_pdf,pending_independent_review,,,
bb9f6c1d67afe850c415a4288950d407319dd9c474205cdc2e269db633aacf6d,phase4_fund_fundamentals,508026,2025-12-31,2026-01-22,distributable_amount_per_unit_quarter,0.0648,RMB_per_unit,https://www.sse.com.cn/disclosure/fund/announcement/c/new/2026-01-22/508026_20260122_LA91.pdf,41a98cea742c30a42a6acc54124cef63fa70746a99dbb44e3929c0bc3b84cea0,machine_extracted_official_pdf,pending_independent_review,,,
2d89a3563855d1377b1f8906394f93d75e1b237a0b1d3237a559634d685b3382,phase4_fund_fundamentals,508026,2025-12-31,2026-01-22,distributable_amount_quarter,25911619.82,RMB,https://www.sse.com.cn/disclosure/fund/announcement/c/new/2026-01-22/508026_20260122_LA91.pdf,41a98cea742c30a42a6acc54124cef63fa70746a99dbb44e3929c0bc3b84cea0,machine_extracted_official_pdf,pending_independent_review,,,
9420819371839ee4da8e4290aace00d9b48735b75387d9ab8dba4e9b33d246da,phase4_fund_fundamentals,508026,2025-12-31,2026-01-22,fund_shares,400000000,shares,https://www.sse.com.cn/disclosure/fund/announcement/c/new/2026-01-22/508026_20260122_LA91.pdf,41a98cea742c30a42a6acc54124cef63fa70746a99dbb44e3929c0bc3b84cea0,machine_extracted_official_pdf,pending_independent_review,,,
48f15be2c78df668f7f254b731ea4f763ee2922d3a70dcbc03c603ac5ceae5bd,phase4_fund_fundamentals,508026,2025-12-31,2026-03-30,nav_per_unit,2.3024,RMB_per_unit,https://www.sse.com.cn/disclosure/fund/announcement/c/new/2026-03-30/508026_20260330_J2W7.pdf,871c8ba1bf3f95abb7a78091534da32c7cf8cc4a3e18c68afca4f01450f35f5d,machine_extracted_official_pdf,pending_independent_review,,,
82caf8389904bbd9b9064d100593178206e324dd1f578f42188d5d665c27fe47,phase4_fund_fundamentals,508026,2026-03-31,2026-04-22,distributable_amount_per_unit_quarter,0.0614,RMB_per_unit,https://www.sse.com.cn/disclosure/fund/announcement/c/new/2026-04-22/508026_20260422_21XV.pdf,132f3df3a999f01660e369b069afac721b565d13a77307c30457e1f76283825d,machine_extracted_official_pdf,pending_independent_review,,,
82014a4b1c6a2b6a9601e2630277abbd003590063255bc8e1e869c58f3b58507,phase4_fund_fundamentals,508026,2026-03-31,2026-04-22,distributable_amount_quarter,24579787.88,RMB,https://www.sse.com.cn/disclosure/fund/announcement/c/new/2026-04-22/508026_20260422_21XV.pdf,132f3df3a999f01660e369b069afac721b565d13a77307c30457e1f76283825d,machine_extracted_official_pdf,pending_independent_review,,,
8a933671c5fcc9263df2e613e7e9bd33c6356c06fd1ff33fb5514737a8c54f93,phase4_fund_fundamentals,508026,2026-03-31,2026-04-22,fund_shares,400000000,shares,https://www.sse.com.cn/disclosure/fund/announcement/c/new/2026-04-22/508026_20260422_21XV.pdf,132f3df3a999f01660e369b069afac721b565d13a77307c30457e1f76283825d,machine_extracted_official_pdf,pending_independent_review,,,
08e03ea5a5675680f59d2d817afca4b4bb9e0858eb5d9f300a355cbc491ef1bd,phase4_fund_fundamentals,508026,2026-06-30,2026-07-21,distributable_amount_per_unit_quarter,0.0153,RMB_per_unit,https://www.sse.com.cn/disclosure/fund/announcement/c/new/2026-07-21/508026_20260721_JI1N.pdf,a1be55fba343b9e7ef035745679ab7819209462cff9bbe627db1541236078f07,machine_extracted_official_pdf,pending_independent_review,,,
e9a7aaba3c8037afb3c102670d187e80eab16d47e1c23e3056a78614d7eb755c,phase4_fund_fundamentals,508026,2026-06-30,2026-07-21,distributable_amount_quarter,6104611.97,RMB,https://www.sse.com.cn/disclosure/fund/announcement/c/new/2026-07-21/508026_20260721_JI1N.pdf,a1be55fba343b9e7ef035745679ab7819209462cff9bbe627db1541236078f07,machine_extracted_official_pdf,pending_independent_review,,,
a31fa38c06b7e51e38e09e719b5773bf777afccc4fef6bfb0fdd1843889c0db0,phase4_fund_fundamentals,508026,2026-06-30,2026-07-21,fund_shares,400000000,shares,https://www.sse.com.cn/disclosure/fund/announcement/c/new/2026-07-21/508026_20260721_JI1N.pdf,a1be55fba343b9e7ef035745679ab7819209462cff9bbe627db1541236078f07,machine_extracted_official_pdf,pending_independent_review,,,
57c3fec9889c17d6b698b7b8abefd59f8fee54a05f8bb5a4ba1210ff468e639d,phase4_fund_fundamentals,508028,2023-06-30,2023-07-21,distributable_amount_per_unit_quarter,0.2866,RMB_per_unit,https://www.sse.com.cn/disclosure/fund/announcement/c/new/2023-07-21/508028_20230721_85FM.pdf,9550f925b3ec9072893cb107d1bfe45ff57c7a4e06a9208e5cd49df49907702a,machine_extracted_official_pdf,pending_independent_review,,,
5474047b7c6612056d614349682f3e8bec1ce5b301655b79df5da7b75e81779d,phase4_fund_fundamentals,508028,2023-06-30,2023-07-21,distributable_amount_quarter,229304121.42,RMB,https://www.sse.com.cn/disclosure/fund/announcement/c/new/2023-07-21/508028_20230721_85FM.pdf,9550f925b3ec9072893cb107d1bfe45ff57c7a4e06a9208e5cd49df49907702a,machine_extracted_official_pdf,pending_independent_review,,,
58d23a2055f60c19ea0b6fdcd4f6aa3ea1019af05deb6939358c4bb05955ef10,phase4_fund_fundamentals,508028,2023-06-30,2023-07-21,fund_shares,800000000,shares,https://www.sse.com.cn/disclosure/fund/announcement/c/new/2023-07-21/508028_20230721_85FM.pdf,9550f925b3ec9072893cb107d1bfe45ff57c7a4e06a9208e5cd49df49907702a,machine_extracted_official_pdf,pending_independent_review,,,
8ffef6f121921ce04e82ccaa54a5e08c99bf9d22ab84253f4534589a4e64d88d,phase4_fund_fundamentals,508028,2023-09-30,2023-10-25,distributable_amount_per_unit_quarter,0.2564,RMB_per_unit,https://www.sse.com.cn/disclosure/fund/announcement/c/new/2023-10-25/508028_20231025_AA5D.pdf,a6856ba981d3fe864e3939bbad5608496e022c37b7b000d64b45d31f2aaf11df,machine_extracted_official_pdf,pending_independent_review,,,
a175535e89bd3a0e9cbb63945f1d98620e3b29eea0001c5140a0f6b69dc14f28,phase4_fund_fundamentals,508028,2023-09-30,2023-10-25,distributable_amount_quarter,205120911.44,RMB,https://www.sse.com.cn/disclosure/fund/announcement/c/new/2023-10-25/508028_20231025_AA5D.pdf,a6856ba981d3fe864e3939bbad5608496e022c37b7b000d64b45d31f2aaf11df,machine_extracted_official_pdf,pending_independent_review,,,
cac4a34c21a64d7f8368487a51e0cb646384eeb34e989b3001044f081dfb748b,phase4_fund_fundamentals,508028,2023-09-30,2023-10-25,fund_shares,800000000,shares,https://www.sse.com.cn/disclosure/fund/announcement/c/new/2023-10-25/508028_20231025_AA5D.pdf,a6856ba981d3fe864e3939bbad5608496e022c37b7b000d64b45d31f2aaf11df,machine_extracted_official_pdf,pending_independent_review,,,
7e63c1eff8f4ce81b793c10b56afee7a930b1d861c071967095c8cb67112ff05,phase4_fund_fundamentals,508028,2023-12-31,2024-01-22,distributable_amount_per_unit_quarter,0.2714,RMB_per_unit,https://www.sse.com.cn/disclosure/fund/announcement/c/new/2024-01-22/508028_20240122_M73M.pdf,074925bf7bfb7cd4c0c9d230d3a02a79bea14119503603962ecd60d790190fee,machine_extracted_official_pdf,pending_independent_review,,,
22bebfd082a71eea886c4da56fd425951203fbe9ca6037c43814d4e363bf3f63,phase4_fund_fundamentals,508028,2023-12-31,2024-01-22,distributable_amount_quarter,217124591.43,RMB,https://www.sse.com.cn/disclosure/fund/announcement/c/new/2024-01-22/508028_20240122_M73M.pdf,074925bf7bfb7cd4c0c9d230d3a02a79bea14119503603962ecd60d790190fee,machine_extracted_official_pdf,pending_independent_review,,,
91dc55650fa47c75cda8ddb0ffdf05009e37c2862d050748ef7e5ea6701d9e81,phase4_fund_fundamentals,508028,2023-12-31,2024-01-22,fund_shares,800000000,shares,https://www.sse.com.cn/disclosure/fund/announcement/c/new/2024-01-22/508028_20240122_M73M.pdf,074925bf7bfb7cd4c0c9d230d3a02a79bea14119503603962ecd60d790190fee,machine_extracted_official_pdf,pending_independent_review,,,
882dc8a90c4325bb29a108307d1cac442dda7bd5ac6d9832a2d3fc1378cbb0ec,phase4_fund_fundamentals,508028,2023-12-31,2024-03-29,nav_per_unit,9.4069,RMB_per_unit,https://www.sse.com.cn/disclosure/fund/announcement/c/new/2024-03-29/508028_20240329_KQI8.pdf,a9c08486046dc884b9858d348708cce1126b9cc58e7ca8aef66aa2c9558ebadf,machine_extracted_official_pdf,pending_independent_review,,,
19d8e416dd711fe4ab5d46a5c99b500975ea6b689ba91cdcb2867a0ff07b846d,phase4_fund_fundamentals,508028,2024-03-31,2024-04-22,distributable_amount_per_unit_quarter,0.1706,RMB_per_unit,https://www.sse.com.cn/disclosure/fund/announcement/c/new/2024-04-22/508028_20240422_NS1X.pdf,c6814283e1d459fccc481b0f5e7d9122000f3a1595da5eb78df46711f250a437,machine_extracted_official_pdf,pending_independent_review,,,
01f5351801ee453b657fb53e0f0ebfdffbd42bb49f95c9714c3230233b6702a2,phase4_fund_fundamentals,508028,2024-03-31,2024-04-22,distributable_amount_quarter,136490376.56,RMB,https://www.sse.com.cn/disclosure/fund/announcement/c/new/2024-04-22/508028_20240422_NS1X.pdf,c6814283e1d459fccc481b0f5e7d9122000f3a1595da5eb78df46711f250a437,machine_extracted_official_pdf,pending_independent_review,,,
b0d679d26fdf4a61fea72047aa6c6ee10df32793e3fb9d178cea0489dfeb2a4e,phase4_fund_fundamentals,508028,2024-03-31,2024-04-22,fund_shares,800000000,shares,https://www.sse.com.cn/disclosure/fund/announcement/c/new/2024-04-22/508028_20240422_NS1X.pdf,c6814283e1d459fccc481b0f5e7d9122000f3a1595da5eb78df46711f250a437,machine_extracted_official_pdf,pending_independent_review,,,
f94945ff1cded6afae6364862e419b433309b18213403673646cc30b65084e28,phase4_fund_fundamentals,508028,2024-06-30,2024-07-19,distributable_amount_per_unit_quarter,-0.0527,RMB_per_unit,https://www.sse.com.cn/disclosure/fund/announcement/c/new/2024-07-19/508028_20240719_95R7.pdf,3399c4a02ef734c9c5dfbe241c606f9e4b7c69daa9fa9aed37d2249ede875a1a,machine_extracted_official_pdf,pending_independent_review,,,
c51b7fad75a14416cfd5bb24c6938e8309d229abc3698a6ea7de4ab66a59fbc6,phase4_fund_fundamentals,508028,2024-06-30,2024-07-19,distributable_amount_quarter,-42121401.86,RMB,https://www.sse.com.cn/disclosure/fund/announcement/c/new/2024-07-19/508028_20240719_95R7.pdf,3399c4a02ef734c9c5dfbe241c606f9e4b7c69daa9fa9aed37d2249ede875a1a,machine_extracted_official_pdf,pending_independent_review,,,
2a45647aefefd259cd024b67855b119e094f7b1869f233be143fc1d235b86455,phase4_fund_fundamentals,508028,2024-06-30,2024-07-19,fund_shares,800000000,shares,https://www.sse.com.cn/disclosure/fund/announcement/c/new/2024-07-19/508028_20240719_95R7.pdf,3399c4a02ef734c9c5dfbe241c606f9e4b7c69daa9fa9aed37d2249ede875a1a,machine_extracted_official_pdf,pending_independent_review,,,
e851863f5ab033c2bd5f0d2fa2bae740b6c90c35c6df5d05442aef4a72cddcaa,phase4_fund_fundamentals,508028,2024-09-30,2024-10-25,distributable_amount_per_unit_quarter,0.1203,RMB_per_unit,https://www.sse.com.cn/disclosure/fund/announcement/c/new/2024-10-25/508028_20241025_2Z9V.pdf,2e8a6aa60301491efe0b5ecb7c142cae73faf7db55cafda28b1d52d3b62d94f4,machine_extracted_official_pdf,pending_independent_review,,,
075214e8c861a70b066b3d720c462d08c7294f8011f908835c69e4b6f2d3cbf9,phase4_fund_fundamentals,508028,2024-09-30,2024-10-25,distributable_amount_quarter,96232913.2,RMB,https://www.sse.com.cn/disclosure/fund/announcement/c/new/2024-10-25/508028_20241025_2Z9V.pdf,2e8a6aa60301491efe0b5ecb7c142cae73faf7db55cafda28b1d52d3b62d94f4,machine_extracted_official_pdf,pending_independent_review,,,
f9fdcb337f8a33879ca09ba2a3b60a589b0a64ef702709ebd2e7c75676a8efbc,phase4_fund_fundamentals,508028,2024-09-30,2024-10-25,fund_shares,800000000,shares,https://www.sse.com.cn/disclosure/fund/announcement/c/new/2024-10-25/508028_20241025_2Z9V.pdf,2e8a6aa60301491efe0b5ecb7c142cae73faf7db55cafda28b1d52d3b62d94f4,machine_extracted_official_pdf,pending_independent_review,,,
6b5a6496a804c158fc63e87b345405839c07af6ca22ea6cf9750b27d5c294e2a,phase4_fund_fundamentals,508028,2024-12-31,2025-01-22,distributable_amount_per_unit_quarter,0.2971,RMB_per_unit,https://www.sse.com.cn/disclosure/fund/announcement/c/new/2025-01-22/508028_20250122_36A6.pdf,3c622f840e46f1a32ec662e0b42e94a8c496bfdf5553a455f79cb68c9665af0d,machine_extracted_official_pdf,pending_independent_review,,,
ed8d6322479c302da4ca3813f613cc8ed681500bed5a610843e1d6c3e329ee16,phase4_fund_fundamentals,508028,2024-12-31,2025-01-22,distributable_amount_quarter,237692017.56,RMB,https://www.sse.com.cn/disclosure/fund/announcement/c/new/2025-01-22/508028_20250122_36A6.pdf,3c622f840e46f1a32ec662e0b42e94a8c496bfdf5553a455f79cb68c9665af0d,machine_extracted_official_pdf,pending_independent_review,,,
cb36b55256781675206a00cc1a53529db8a530fcadad8da6e5c29ffef50ffeee,phase4_fund_fundamentals,508028,2024-12-31,2025-01-22,fund_shares,800000000,shares,https://www.sse.com.cn/disclosure/fund/announcement/c/new/2025-01-22/508028_20250122_36A6.pdf,3c622f840e46f1a32ec662e0b42e94a8c496bfdf5553a455f79cb68c9665af0d,machine_extracted_official_pdf,pending_independent_review,,,
cd0708b0b7e789029b9a506f4d220902a81e419596a1c02d5240ed2de17bf715,phase4_fund_fundamentals,508028,2024-12-31,2025-03-31,nav_per_unit,8.9243,RMB_per_unit,https://www.sse.com.cn/disclosure/fund/announcement/c/new/2025-03-31/508028_20250331_6H6Q.pdf,68f3ce1e036d7b796af6f42cf81dea1ae8d4c5f42388626c907671a3f08488df,machine_extracted_official_pdf,pending_independent_review,,,
f628df0cccf6d75be5a1bfc59641eef2e4162e7e645ed799a5578b1101a31ab3,phase4_fund_fundamentals,508028,2025-03-31,2025-04-22,distributable_amount_per_unit_quarter,0.0878,RMB_per_unit,https://www.sse.com.cn/disclosure/fund/announcement/c/new/2025-04-22/508028_20250422_YHMC.pdf,3a4c31fae24f4a2e8350ee8d2b9298ea1f30c44b586f67ca26c5be73e12b7af2,machine_extracted_official_pdf,pending_independent_review,,,
4b5357879ed34dc460f434bfc8ddea3dc5812ccfbc25a3424b2c1ce5a3013481,phase4_fund_fundamentals,508028,2025-03-31,2025-04-22,distributable_amount_quarter,70230449,RMB,https://www.sse.com.cn/disclosure/fund/announcement/c/new/2025-04-22/508028_20250422_YHMC.pdf,3a4c31fae24f4a2e8350ee8d2b9298ea1f30c44b586f67ca26c5be73e12b7af2,machine_extracted_official_pdf,pending_independent_review,,,
6052c99e2e1e447375e3d8bc859766feb94cc169f7d237ce493d32ba7ade7ffc,phase4_fund_fundamentals,508028,2025-03-31,2025-04-22,fund_shares,800000000,shares,https://www.sse.com.cn/disclosure/fund/announcement/c/new/2025-04-22/508028_20250422_YHMC.pdf,3a4c31fae24f4a2e8350ee8d2b9298ea1f30c44b586f67ca26c5be73e12b7af2,machine_extracted_official_pdf,pending_independent_review,,,
8954cfad888f24de079364cf1be8ffbd181347ad6614c419d2df82aaf029dcd8,phase4_fund_fundamentals,508028,2025-06-30,2025-07-21,distributable_amount_per_unit_quarter,0.0832,RMB_per_unit,https://www.sse.com.cn/disclosure/fund/announcement/c/new/2025-07-21/508028_20250721_TBZ8.pdf,0bf6f619fe4095953056fa42e528d806d10c8220b721399438730d21813f154d,machine_extracted_official_pdf,pending_independent_review,,,
88819d18620c17970e0f6d3de95bad65d2ff9d3f39e74916a0af395534446a33,phase4_fund_fundamentals,508028,2025-06-30,2025-07-21,distributable_amount_quarter,66569026.38,RMB,https://www.sse.com.cn/disclosure/fund/announcement/c/new/2025-07-21/508028_20250721_TBZ8.pdf,0bf6f619fe4095953056fa42e528d806d10c8220b721399438730d21813f154d,machine_extracted_official_pdf,pending_independent_review,,,
f0c5a86f0e2fabab4aa759758234e2622549c480884b4875196ee095a210b66a,phase4_fund_fundamentals,508028,2025-06-30,2025-07-21,fund_shares,800000000,shares,https://www.sse.com.cn/disclosure/fund/announcement/c/new/2025-07-21/508028_20250721_TBZ8.pdf,0bf6f619fe4095953056fa42e528d806d10c8220b721399438730d21813f154d,machine_extracted_official_pdf,pending_independent_review,,,
92fc398f9f870919f903b6447d3a27fca83212ec78bdfc8c87562a605f58b4ab,phase4_fund_fundamentals,508028,2025-09-30,2025-10-28,distributable_amount_per_unit_quarter,-0.0122,RMB_per_unit,https://www.sse.com.cn/disclosure/fund/announcement/c/new/2025-10-28/508028_20251028_036Z.pdf,14f86c9ac5658bad06d28c13a66c81ba0b538229da64e87b0e043496b236fb15,machine_extracted_official_pdf,pending_independent_review,,,
95fa169ffd94d9aad6ef823d9322b9b89440c8a1e59979a92c7a71b9d45612dc,phase4_fund_fundamentals,508028,2025-09-30,2025-10-28,distributable_amount_quarter,-9791578.68,RMB,https://www.sse.com.cn/disclosure/fund/announcement/c/new/2025-10-28/508028_20251028_036Z.pdf,14f86c9ac5658bad06d28c13a66c81ba0b538229da64e87b0e043496b236fb15,machine_extracted_official_pdf,pending_independent_review,,,
94af421325fd17198f09cfeee75f07a59b5a09de751199b113d76c44ce3544db,phase4_fund_fundamentals,508028,2025-09-30,2025-10-28,fund_shares,800000000,shares,https://www.sse.com.cn/disclosure/fund/announcement/c/new/2025-10-28/508028_20251028_036Z.pdf,14f86c9ac5658bad06d28c13a66c81ba0b538229da64e87b0e043496b236fb15,machine_extracted_official_pdf,pending_independent_review,,,
27bf6a5867f68535ee2d1aec67d95f1b16c33d49b362d253817183d9f6696f93,phase4_fund_fundamentals,508028,2025-12-31,2026-01-22,distributable_amount_per_unit_quarter,0.2004,RMB_per_unit,https://www.sse.com.cn/disclosure/fund/announcement/c/new/2026-01-22/508028_20260122_8WBS.pdf,ca1a5c34a452da7c3147d44f6dc96a4f6ec23694d23993e9a788c51a2a21350b,machine_extracted_official_pdf,pending_independent_review,,,
1615037d1fd2db97844743332a3d6278ed21742c0d401319eb4048e2596224ad,phase4_fund_fundamentals,508028,2025-12-31,2026-01-22,distributable_amount_quarter,160315523.99,RMB,https://www.sse.com.cn/disclosure/fund/announcement/c/new/2026-01-22/508028_20260122_8WBS.pdf,ca1a5c34a452da7c3147d44f6dc96a4f6ec23694d23993e9a788c51a2a21350b,machine_extracted_official_pdf,pending_independent_review,,,
f920a72d5b21a5e762e53450eb3ccd8532ff798e39f796f8c05c9ed89375ac88,phase4_fund_fundamentals,508028,2025-12-31,2026-01-22,fund_shares,800000000,shares,https://www.sse.com.cn/disclosure/fund/announcement/c/new/2026-01-22/508028_20260122_8WBS.pdf,ca1a5c34a452da7c3147d44f6dc96a4f6ec23694d23993e9a788c51a2a21350b,machine_extracted_official_pdf,pending_independent_review,,,
dceea462535aad17d47f27a3cbbb19f42ea4376d7e8cf2b45e5ffe2516533051,phase4_fund_fundamentals,508028,2025-12-31,2026-03-31,nav_per_unit,8.5982,RMB_per_unit,https://www.sse.com.cn/disclosure/fund/announcement/c/new/2026-03-31/508028_20260331_M9ZP.pdf,4108a8fb04c035fe8d6a261b7eac07dd505c2a391edbc4b147e64f3864a566df,machine_extracted_official_pdf,pending_independent_review,,,
bd20c631fae642d9630fd85af047fbf630423c216cbcd98366d186121f5c719a,phase4_fund_fundamentals,508028,2026-03-31,2026-04-22,distributable_amount_per_unit_quarter,0.1035,RMB_per_unit,https://www.sse.com.cn/disclosure/fund/announcement/c/new/2026-04-22/508028_20260422_YR89.pdf,cd26a152bffb08fd39dc355f401592796bc1a3ddc376c3c30d0374abd64ce6f0,machine_extracted_official_pdf,pending_independent_review,,,
aed3078c4d87e6936414e1c005e31fd4e7e0c047c6dcc7a54c077f93a9c34ea1,phase4_fund_fundamentals,508028,2026-03-31,2026-04-22,distributable_amount_quarter,82796394.83,RMB,https://www.sse.com.cn/disclosure/fund/announcement/c/new/2026-04-22/508028_20260422_YR89.pdf,cd26a152bffb08fd39dc355f401592796bc1a3ddc376c3c30d0374abd64ce6f0,machine_extracted_official_pdf,pending_independent_review,,,
260fd562570f762da321366f8a0020d79a37b7716d7a36ba552d5faf5c2f2978,phase4_fund_fundamentals,508028,2026-03-31,2026-04-22,fund_shares,800000000,shares,https://www.sse.com.cn/disclosure/fund/announcement/c/new/2026-04-22/508028_20260422_YR89.pdf,cd26a152bffb08fd39dc355f401592796bc1a3ddc376c3c30d0374abd64ce6f0,machine_extracted_official_pdf,pending_independent_review,,,
290a93128a9bb93ee1f7fd58d218c5b80771548876ac0c34ef6868ba1f933b0d,phase4_fund_fundamentals,508028,2026-06-30,2026-07-21,distributable_amount_per_unit_quarter,-0.014,RMB_per_unit,https://www.sse.com.cn/disclosure/fund/announcement/c/new/2026-07-21/508028_20260721_W0FA.pdf,3fbeac40421e2aa7dcc1e4ed6ca27bd90db6eaccb762c80056ec3c73d29f9871,machine_extracted_official_pdf,pending_independent_review,,,
e01bc22ef44a464943e32325e3e66e4cd81538244d39464ffc1579a5a43e1a28,phase4_fund_fundamentals,508028,2026-06-30,2026-07-21,distributable_amount_quarter,-11212394.48,RMB,https://www.sse.com.cn/disclosure/fund/announcement/c/new/2026-07-21/508028_20260721_W0FA.pdf,3fbeac40421e2aa7dcc1e4ed6ca27bd90db6eaccb762c80056ec3c73d29f9871,machine_extracted_official_pdf,pending_independent_review,,,
64ce855736ad449abe888affc711540b68a192c10959b66d137c1b744b034423,phase4_fund_fundamentals,508028,2026-06-30,2026-07-21,fund_shares,800000000,shares,https://www.sse.com.cn/disclosure/fund/announcement/c/new/2026-07-21/508028_20260721_W0FA.pdf,3fbeac40421e2aa7dcc1e4ed6ca27bd90db6eaccb762c80056ec3c73d29f9871,machine_extracted_official_pdf,pending_independent_review,,,
b51e25942ba45681f846847e457a947f26af287eb54eb098f204488d0c6d3e08,phase4_fund_fundamentals,508056,2022-12-31,2023-03-31,nav_per_unit,3.7301,RMB_per_unit,https://www.sse.com.cn/disclosure/fund/announcement/c/new/2023-03-31/508056_20230331_L49D.pdf,fbc3c62348eccec86419fbfa95c97575e2674bc20f96349f5a818d98f8daab68,machine_extracted_official_pdf,pending_independent_review,,,
603dd487533705237b697ad13839880199db186b2b32fe42c4138a92c36c7101,phase4_fund_fundamentals,508056,2023-03-31,2023-04-21,distributable_amount_per_unit_quarter,0.0446,RMB_per_unit,https://www.sse.com.cn/disclosure/fund/announcement/c/new/2023-04-21/508056_20230421_Y6LQ.pdf,c4aaec0b647bcf3fe66000a2b1af89e0855c0d794c563cf6067f5bfc50b2e41d,machine_extracted_official_pdf,pending_independent_review,,,
4b83afd1e3d7e646bd310c76e56f3bd87e1be7bfe5f87a2bafdf4140701d60dc,phase4_fund_fundamentals,508056,2023-03-31,2023-04-21,distributable_amount_quarter,66850864.57,RMB,https://www.sse.com.cn/disclosure/fund/announcement/c/new/2023-04-21/508056_20230421_Y6LQ.pdf,c4aaec0b647bcf3fe66000a2b1af89e0855c0d794c563cf6067f5bfc50b2e41d,machine_extracted_official_pdf,pending_independent_review,,,
c3e6cf064229892b211c41df5b9bdd702f97b4b0f1f754bbf12d18c517603868,phase4_fund_fundamentals,508056,2023-03-31,2023-04-21,fund_shares,1500000000,shares,https://www.sse.com.cn/disclosure/fund/announcement/c/new/2023-04-21/508056_20230421_Y6LQ.pdf,c4aaec0b647bcf3fe66000a2b1af89e0855c0d794c563cf6067f5bfc50b2e41d,machine_extracted_official_pdf,pending_independent_review,,,
6a644ed53651406a5e480932ff31645842d69ff0eee01b71dc932f96393cee16,phase4_fund_fundamentals,508056,2023-06-30,2023-07-21,distributable_amount_per_unit_quarter,0.0542,RMB_per_unit,https://www.sse.com.cn/disclosure/fund/announcement/c/new/2023-07-21/508056_20230721_9HWW.pdf,e1e4fd6cef67baa4300e5a96c19e5942f601377ad75169059d368ab7bf4618fb,machine_extracted_official_pdf,pending_independent_review,,,
dea307443f071e55c6a426ed9778547c1ecbdf65d928754a16ddd609ec49897e,phase4_fund_fundamentals,508056,2023-06-30,2023-07-21,distributable_amount_quarter,105006339.54,RMB,https://www.sse.com.cn/disclosure/fund/announcement/c/new/2023-07-21/508056_20230721_9HWW.pdf,e1e4fd6cef67baa4300e5a96c19e5942f601377ad75169059d368ab7bf4618fb,machine_extracted_official_pdf,pending_independent_review,,,
42beb15156872d2ecf7f9299679cfd973474e6a4cfdfc6ff074c213ac308791d,phase4_fund_fundamentals,508056,2023-06-30,2023-07-21,fund_shares,1938268684,shares,https://www.sse.com.cn/disclosure/fund/announcement/c/new/2023-07-21/508056_20230721_9HWW.pdf,e1e4fd6cef67baa4300e5a96c19e5942f601377ad75169059d368ab7bf4618fb,machine_extracted_official_pdf,pending_independent_review,,,
9318359ce82084ab860e08f0786db3b36c1940600f63110aa89662d77c87ff67,phase4_fund_fundamentals,508056,2023-09-30,2023-10-25,distributable_amount_per_unit_quarter,0.0447,RMB_per_unit,https://www.sse.com.cn/disclosure/fund/announcement/c/new/2023-10-25/508056_20231025_2K5G.pdf,157c61942b9c1aec2ea05cd0f33e159092231eda230a86334d4d9288ed3b4882,machine_extracted_official_pdf,pending_independent_review,,,
72c5ba6e24bfb753a6ba4780e72938086c5baee44ab226a6a562e876567cf509,phase4_fund_fundamentals,508056,2023-09-30,2023-10-25,distributable_amount_quarter,86727663,RMB,https://www.sse.com.cn/disclosure/fund/announcement/c/new/2023-10-25/508056_20231025_2K5G.pdf,157c61942b9c1aec2ea05cd0f33e159092231eda230a86334d4d9288ed3b4882,machine_extracted_official_pdf,pending_independent_review,,,
203c72f50b250dc92bc1b91af7dbee475899a02e022c021e70ffe19d92801de2,phase4_fund_fundamentals,508056,2023-09-30,2023-10-25,fund_shares,1938268684,shares,https://www.sse.com.cn/disclosure/fund/announcement/c/new/2023-10-25/508056_20231025_2K5G.pdf,157c61942b9c1aec2ea05cd0f33e159092231eda230a86334d4d9288ed3b4882,machine_extracted_official_pdf,pending_independent_review,,,
cef826dab2006f154d69849746bbf7d474ed8ed86cb0a82f6a0e6ecdcbfd9d07,phase4_fund_fundamentals,508056,2023-12-31,2024-01-19,distributable_amount_per_unit_quarter,0.0477,RMB_per_unit,https://www.sse.com.cn/disclosure/fund/announcement/c/new/2024-01-19/508056_20240119_QBOC.pdf,4fdafab9f07459ef9f1b092ee457eb77b5ace550f66650b308e38fc38262ee83,machine_extracted_official_pdf,pending_independent_review,,,
785dd642061864df16d443cfc44b3b898203e680c252f0da4f6011c0b4fd1e2d,phase4_fund_fundamentals,508056,2023-12-31,2024-01-19,distributable_amount_quarter,92525556.53,RMB,https://www.sse.com.cn/disclosure/fund/announcement/c/new/2024-01-19/508056_20240119_QBOC.pdf,4fdafab9f07459ef9f1b092ee457eb77b5ace550f66650b308e38fc38262ee83,machine_extracted_official_pdf,pending_independent_review,,,
5120d01ed5fd10ee473093b2fcced317713c306c2836dbf395b44accba8227cb,phase4_fund_fundamentals,508056,2023-12-31,2024-01-19,fund_shares,1938268684,shares,https://www.sse.com.cn/disclosure/fund/announcement/c/new/2024-01-19/508056_20240119_QBOC.pdf,4fdafab9f07459ef9f1b092ee457eb77b5ace550f66650b308e38fc38262ee83,machine_extracted_official_pdf,pending_independent_review,,,
4f5acb5073e09331165840ced29715fd4042025ce683e9fa1d998e9ebbf7dbf8,phase4_fund_fundamentals,508056,2023-12-31,2024-03-29,nav_per_unit,3.6602,RMB_per_unit,https://www.sse.com.cn/disclosure/fund/announcement/c/new/2024-03-29/508056_20240329_OLPR.pdf,d944f7df5082e2be3e2a25d7c02294645de750d0a9c7701981683910bc95b545,machine_extracted_official_pdf,pending_independent_review,,,
b11c466aa722f90cbf430db01163bc8c98ec2da2a2646638172d11c5c5ff3fd1,phase4_fund_fundamentals,508056,2024-03-31,2024-04-20,distributable_amount_per_unit_quarter,0.0458,RMB_per_unit,https://www.sse.com.cn/disclosure/fund/announcement/c/new/2024-04-20/508056_20240420_HAND.pdf,30d15aa02dfa5e2b650a77a8fbcfd0a52656cfebe24d3b2aeb807fd96d1b12fc,machine_extracted_official_pdf,pending_independent_review,,,
4e7edebad1f37f9781207aa4ea0bda9ccb76547c0c5b0a84d73a5f1abb24135a,phase4_fund_fundamentals,508056,2024-03-31,2024-04-20,distributable_amount_quarter,88840122.68,RMB,https://www.sse.com.cn/disclosure/fund/announcement/c/new/2024-04-20/508056_20240420_HAND.pdf,30d15aa02dfa5e2b650a77a8fbcfd0a52656cfebe24d3b2aeb807fd96d1b12fc,machine_extracted_official_pdf,pending_independent_review,,,
53717f603c030a4e9eae8f124e27ce73a1372adb24ccc9cbb77c04bcf7ec9383,phase4_fund_fundamentals,508056,2024-03-31,2024-04-20,fund_shares,1938268684,shares,https://www.sse.com.cn/disclosure/fund/announcement/c/new/2024-04-20/508056_20240420_HAND.pdf,30d15aa02dfa5e2b650a77a8fbcfd0a52656cfebe24d3b2aeb807fd96d1b12fc,machine_extracted_official_pdf,pending_independent_review,,,
3c8a6ff2fb323e7f6449f65a5623c5bb7a30cd9fb8a4374d74268cc348dc6613,phase4_fund_fundamentals,508056,2024-06-30,2024-07-19,distributable_amount_per_unit_quarter,0.0465,RMB_per_unit,https://www.sse.com.cn/disclosure/fund/announcement/c/new/2024-07-19/508056_20240719_ZXZK.pdf,53d65e42af85cd420de87a84296063f12d96cf40805a0b4db1dde4bc2e44cf7f,machine_extracted_official_pdf,pending_independent_review,,,
49d83bbb80f7fa5ef27cc35c2fd90fe641ac744618a80ca991aaae07f61eb24c,phase4_fund_fundamentals,508056,2024-06-30,2024-07-19,distributable_amount_quarter,90043692.89,RMB,https://www.sse.com.cn/disclosure/fund/announcement/c/new/2024-07-19/508056_20240719_ZXZK.pdf,53d65e42af85cd420de87a84296063f12d96cf40805a0b4db1dde4bc2e44cf7f,machine_extracted_official_pdf,pending_independent_review,,,
d05a00eeaf8a15471d5f4e993a9f8539245e6dbb8c0ecdcb809e1034a6547342,phase4_fund_fundamentals,508056,2024-06-30,2024-07-19,fund_shares,1938268684,shares,https://www.sse.com.cn/disclosure/fund/announcement/c/new/2024-07-19/508056_20240719_ZXZK.pdf,53d65e42af85cd420de87a84296063f12d96cf40805a0b4db1dde4bc2e44cf7f,machine_extracted_official_pdf,pending_independent_review,,,
d96fd0139ba0e21110987383f68ed2bb805f525361ad056ee2d76e098d0e31f1,phase4_fund_fundamentals,508056,2024-09-30,2024-10-25,distributable_amount_per_unit_quarter,0.0455,RMB_per_unit,https://www.sse.com.cn/disclosure/fund/announcement/c/new/2024-10-25/508056_20241025_Y07L.pdf,7f96118d511da3f8dbcc23a6c9b9a8985099f2d9d1c6ab747f0eb3ae6fd545d0,machine_extracted_official_pdf,pending_independent_review,,,
d691d211cdf7b92546d76b63b4fdc7861986c197c072dbaae9d26d5927fb4dd1,phase4_fund_fundamentals,508056,2024-09-30,2024-10-25,distributable_amount_quarter,88259083.11,RMB,https://www.sse.com.cn/disclosure/fund/announcement/c/new/2024-10-25/508056_20241025_Y07L.pdf,7f96118d511da3f8dbcc23a6c9b9a8985099f2d9d1c6ab747f0eb3ae6fd545d0,machine_extracted_official_pdf,pending_independent_review,,,
c60d36c94a1e003b83ac3a2e88fa3d749246bae0a3411b3aa475d5d157f459b5,phase4_fund_fundamentals,508056,2024-09-30,2024-10-25,fund_shares,1938268684,shares,https://www.sse.com.cn/disclosure/fund/announcement/c/new/2024-10-25/508056_20241025_Y07L.pdf,7f96118d511da3f8dbcc23a6c9b9a8985099f2d9d1c6ab747f0eb3ae6fd545d0,machine_extracted_official_pdf,pending_independent_review,,,
87bcdb3eb473bd1ab86c146ff2d35b6f64f95818a92f7434960f467702f7329d,phase4_fund_fundamentals,508056,2024-12-31,2025-01-22,distributable_amount_per_unit_quarter,0.0479,RMB_per_unit,https://www.sse.com.cn/disclosure/fund/announcement/c/new/2025-01-22/508056_20250122_9XL0.pdf,f859322350171054a0e5060a81d78742425f6e2c55b8bc31d0d7e976bad3ff93,machine_extracted_official_pdf,pending_independent_review,,,
5846529e63f5d6d25e665a34e0c4078f3bdf3b29e2689c215142cc5fcfb5151d,phase4_fund_fundamentals,508056,2024-12-31,2025-01-22,distributable_amount_quarter,92790449.67,RMB,https://www.sse.com.cn/disclosure/fund/announcement/c/new/2025-01-22/508056_20250122_9XL0.pdf,f859322350171054a0e5060a81d78742425f6e2c55b8bc31d0d7e976bad3ff93,machine_extracted_official_pdf,pending_independent_review,,,
68dc7bfc5c03aed5b8b53728f19ce5fc9434d2838d0fb37daba22c8d24d2f48b,phase4_fund_fundamentals,508056,2024-12-31,2025-01-22,fund_shares,1938268684,shares,https://www.sse.com.cn/disclosure/fund/announcement/c/new/2025-01-22/508056_20250122_9XL0.pdf,f859322350171054a0e5060a81d78742425f6e2c55b8bc31d0d7e976bad3ff93,machine_extracted_official_pdf,pending_independent_review,,,
df9d4b55132ceadc637851e1992e61f102826b1791ecfcc6c2c22f5af633ec40,phase4_fund_fundamentals,508056,2024-12-31,2025-03-28,nav_per_unit,3.4197,RMB_per_unit,https://www.sse.com.cn/disclosure/fund/announcement/c/new/2025-03-28/508056_20250328_6KQ4.pdf,26d458279835973520ec7266a9381eda5852510e71105236a630e451becb0b5d,machine_extracted_official_pdf,pending_independent_review,,,
3659079ff15d1544ef58db84d69d3d8520902c1f581b3fac132701ef27e28d30,phase4_fund_fundamentals,508056,2025-03-31,2025-04-22,distributable_amount_per_unit_quarter,0.0427,RMB_per_unit,https://www.sse.com.cn/disclosure/fund/announcement/c/new/2025-04-22/508056_20250422_C26F.pdf,2e72b37866f9730edb9141257b027fff03bfb049ec236f52ef82ffb05dd1ba9c,machine_extracted_official_pdf,pending_independent_review,,,
5e1f3c7d8febd9421da488ee070c5dd106f6aa65cfcf4cf9cec6d191eabcf54e,phase4_fund_fundamentals,508056,2025-03-31,2025-04-22,distributable_amount_quarter,82825928.95,RMB,https://www.sse.com.cn/disclosure/fund/announcement/c/new/2025-04-22/508056_20250422_C26F.pdf,2e72b37866f9730edb9141257b027fff03bfb049ec236f52ef82ffb05dd1ba9c,machine_extracted_official_pdf,pending_independent_review,,,
1b0ea82cf211c96ab03e1167a32acd9dfd9616ba416ef3b99c1aab4ecf5e91e7,phase4_fund_fundamentals,508056,2025-03-31,2025-04-22,fund_shares,1938268684,shares,https://www.sse.com.cn/disclosure/fund/announcement/c/new/2025-04-22/508056_20250422_C26F.pdf,2e72b37866f9730edb9141257b027fff03bfb049ec236f52ef82ffb05dd1ba9c,machine_extracted_official_pdf,pending_independent_review,,,
7bd61b1dff0325c67389fee33b732d7a88db3e69319cf5244cf951d1e22e04c7,phase4_fund_fundamentals,508056,2025-06-30,2025-07-21,distributable_amount_per_unit_quarter,0.0433,RMB_per_unit,https://www.sse.com.cn/disclosure/fund/announcement/c/new/2025-07-21/508056_20250721_ICAX.pdf,8e1fff2100ff5ff542002a1a8d61ed3f8f8274e662603debfd17847aff353dff,machine_extracted_official_pdf,pending_independent_review,,,
a7a9610fcaa2563feb45e497b315bd9607c12d096acaab14332a74fb18609661,phase4_fund_fundamentals,508056,2025-06-30,2025-07-21,distributable_amount_quarter,83962570.66,RMB,https://www.sse.com.cn/disclosure/fund/announcement/c/new/2025-07-21/508056_20250721_ICAX.pdf,8e1fff2100ff5ff542002a1a8d61ed3f8f8274e662603debfd17847aff353dff,machine_extracted_official_pdf,pending_independent_review,,,
ed9ba29fc29c508eccd4bf0dcf659da496fdb93751ddb9901f778da28e8dd82c,phase4_fund_fundamentals,508056,2025-06-30,2025-07-21,fund_shares,1938268684,shares,https://www.sse.com.cn/disclosure/fund/announcement/c/new/2025-07-21/508056_20250721_ICAX.pdf,8e1fff2100ff5ff542002a1a8d61ed3f8f8274e662603debfd17847aff353dff,machine_extracted_official_pdf,pending_independent_review,,,
f75733d4457e854e847968ea87aa8df8963ea5eb9975cdd4cfe77905842ee5a3,phase4_fund_fundamentals,508056,2025-09-30,2025-10-28,distributable_amount_per_unit_quarter,0.0434,RMB_per_unit,https://www.sse.com.cn/disclosure/fund/announcement/c/new/2025-10-28/508056_20251028_WX10.pdf,c3cdbc147beca2bf5f8cab03c77b141ba11e19b49d6a2e5fdb220ddb95fb4003,machine_extracted_official_pdf,pending_independent_review,,,
e6b082c8ec9f1021a78dc7b2c09d6cf7681512427514fbfaa7f2c7efce2474d4,phase4_fund_fundamentals,508056,2025-09-30,2025-10-28,distributable_amount_quarter,84035109.6,RMB,https://www.sse.com.cn/disclosure/fund/announcement/c/new/2025-10-28/508056_20251028_WX10.pdf,c3cdbc147beca2bf5f8cab03c77b141ba11e19b49d6a2e5fdb220ddb95fb4003,machine_extracted_official_pdf,pending_independent_review,,,
dcc301504374088e170ed266bc0f881cfe18ca2c0ac1dfc3903d67fa079259bd,phase4_fund_fundamentals,508056,2025-09-30,2025-10-28,fund_shares,1938268684,shares,https://www.sse.com.cn/disclosure/fund/announcement/c/new/2025-10-28/508056_20251028_WX10.pdf,c3cdbc147beca2bf5f8cab03c77b141ba11e19b49d6a2e5fdb220ddb95fb4003,machine_extracted_official_pdf,pending_independent_review,,,
8d5ebdc15817b662e33d8e8aa5cf1a7904af3b3b47caad24eea4df7aa5d41598,phase4_fund_fundamentals,508056,2025-12-31,2026-01-22,distributable_amount_per_unit_quarter,0.0447,RMB_per_unit,https://www.sse.com.cn/disclosure/fund/announcement/c/new/2026-01-22/508056_20260122_3U4R.pdf,cb7a77868c789c4c159549c11b55265e5081c17e651c11c5a1d2da85c48a2173,machine_extracted_official_pdf,pending_independent_review,,,
8f3d54d59c00737aeb9ef22c0d45ee5506df1803ea326cd35955757069012690,phase4_fund_fundamentals,508056,2025-12-31,2026-01-22,distributable_amount_quarter,86649219.38,RMB,https://www.sse.com.cn/disclosure/fund/announcement/c/new/2026-01-22/508056_20260122_3U4R.pdf,cb7a77868c789c4c159549c11b55265e5081c17e651c11c5a1d2da85c48a2173,machine_extracted_official_pdf,pending_independent_review,,,
a9fc55012eafb82ddb80fa107688bfb768bdaea021d62d1a3825ce7467c7b76e,phase4_fund_fundamentals,508056,2025-12-31,2026-01-22,fund_shares,1938268684,shares,https://www.sse.com.cn/disclosure/fund/announcement/c/new/2026-01-22/508056_20260122_3U4R.pdf,cb7a77868c789c4c159549c11b55265e5081c17e651c11c5a1d2da85c48a2173,machine_extracted_official_pdf,pending_independent_review,,,
135b3f8786ba5bd4a04b8cd8dacd4c162d5ea9fb296bdfdebfa09f71f0656b93,phase4_fund_fundamentals,508056,2025-12-31,2026-03-31,nav_per_unit,3.2017,RMB_per_unit,https://www.sse.com.cn/disclosure/fund/announcement/c/new/2026-03-31/508056_20260331_3FF2.pdf,a90f8315c32828642f7497f9eb92018f5881f4e59bc9026496073068caa98c7a,machine_extracted_official_pdf,pending_independent_review,,,
51b4444f4efb287c37382a45c4c1cef0f5875d049ae3dbe5c1b5a98775f16003,phase4_fund_fundamentals,508056,2026-03-31,2026-04-22,distributable_amount_per_unit_quarter,0.0355,RMB_per_unit,https://www.sse.com.cn/disclosure/fund/announcement/c/new/2026-04-22/508056_20260422_YTZD.pdf,fc15a530c0b779b90bbb0d624bc5074a6bf4edb53d3e692b2795c7d9a468ed5b,machine_extracted_official_pdf,pending_independent_review,,,
1de0bd22b3b07c1751a060b3c967b7d72e8f42ac3ecf39450296d73ce7ff1d21,phase4_fund_fundamentals,508056,2026-03-31,2026-04-22,distributable_amount_quarter,68888717.81,RMB,https://www.sse.com.cn/disclosure/fund/announcement/c/new/2026-04-22/508056_20260422_YTZD.pdf,fc15a530c0b779b90bbb0d624bc5074a6bf4edb53d3e692b2795c7d9a468ed5b,machine_extracted_official_pdf,pending_independent_review,,,
642fb092c4a8d2e632fb16c72b9ef11ebc8976af07e4acae091325e43b75727e,phase4_fund_fundamentals,508056,2026-03-31,2026-04-22,fund_shares,1938268684,shares,https://www.sse.com.cn/disclosure/fund/announcement/c/new/2026-04-22/508056_20260422_YTZD.pdf,fc15a530c0b779b90bbb0d624bc5074a6bf4edb53d3e692b2795c7d9a468ed5b,machine_extracted_official_pdf,pending_independent_review,,,
af327522cb3cb80b4c412c901d7b1ef1af680ca403859e63dc0a76e471fcf3ea,phase4_fund_fundamentals,508056,2026-06-30,2026-07-21,distributable_amount_per_unit_quarter,0.0374,RMB_per_unit,https://www.sse.com.cn/disclosure/fund/announcement/c/new/2026-07-21/508056_20260721_IU7O.pdf,b12567a9a2615b016d5762a14d3a2e4a6f75738828bc5ecbe0446a678aa9b310,machine_extracted_official_pdf,pending_independent_review,,,
91b157fd6519b2b1c9340ee98ce9d4d6491a1ff901302af6334fd69eba86cc4f,phase4_fund_fundamentals,508056,2026-06-30,2026-07-21,distributable_amount_quarter,72445290.41,RMB,https://www.sse.com.cn/disclosure/fund/announcement/c/new/2026-07-21/508056_20260721_IU7O.pdf,b12567a9a2615b016d5762a14d3a2e4a6f75738828bc5ecbe0446a678aa9b310,machine_extracted_official_pdf,pending_independent_review,,,
3eee324ee0c6ff4ab20ecd32c70845e82b2a3e9bfffe2da4445195711a79d414,phase4_fund_fundamentals,508056,2026-06-30,2026-07-21,fund_shares,1938268684,shares,https://www.sse.com.cn/disclosure/fund/announcement/c/new/2026-07-21/508056_20260721_IU7O.pdf,b12567a9a2615b016d5762a14d3a2e4a6f75738828bc5ecbe0446a678aa9b310,machine_extracted_official_pdf,pending_independent_review,,,
8aed88ba0af0832dcb793f7480a68c31a0403c573dcdc370e3c789da9096f074,phase4_fund_fundamentals,508096,2023-06-30,2023-07-20,distributable_amount_per_unit_quarter,0.1302,RMB_per_unit,https://www.sse.com.cn/disclosure/fund/announcement/c/new/2023-07-20/508096_20230720_A0O6.pdf,02798f2bb6cc1b9f65296bff2e4f513996161959db16d37759473f90b7fe3d0c,machine_extracted_official_pdf,pending_independent_review,,,
e6ed1c8a6bc777a91c8df706a98c54236c296041e36bb42309b8f945c18c31c4,phase4_fund_fundamentals,508096,2023-06-30,2023-07-20,distributable_amount_quarter,39062586.72,RMB,https://www.sse.com.cn/disclosure/fund/announcement/c/new/2023-07-20/508096_20230720_A0O6.pdf,02798f2bb6cc1b9f65296bff2e4f513996161959db16d37759473f90b7fe3d0c,machine_extracted_official_pdf,pending_independent_review,,,
5f2b340d08490a75eb743730b025b080691c2b9b89b43fccd7f1a1bae36c9eba,phase4_fund_fundamentals,508096,2023-06-30,2023-07-20,fund_shares,300000000,shares,https://www.sse.com.cn/disclosure/fund/announcement/c/new/2023-07-20/508096_20230720_A0O6.pdf,02798f2bb6cc1b9f65296bff2e4f513996161959db16d37759473f90b7fe3d0c,machine_extracted_official_pdf,pending_independent_review,,,
5521f13d5c01115129994c653701c693cc5c6f321357c04b9c76916d9f2d1858,phase4_fund_fundamentals,508096,2023-09-30,2023-10-24,distributable_amount_per_unit_quarter,0.9424,RMB_per_unit,https://www.sse.com.cn/disclosure/fund/announcement/c/new/2023-10-24/508096_20231024_ZVCR.pdf,4989930ac5900b40166bfbf70030b0db2f36b061221827b4cd78743dd28c32c5,machine_extracted_official_pdf,pending_independent_review,,,
1e961887c70d7976b090b1559fabc8c7b2de04c37111731244446c7cd86a979b,phase4_fund_fundamentals,508096,2023-09-30,2023-10-24,distributable_amount_quarter,282717063.48,RMB,https://www.sse.com.cn/disclosure/fund/announcement/c/new/2023-10-24/508096_20231024_ZVCR.pdf,4989930ac5900b40166bfbf70030b0db2f36b061221827b4cd78743dd28c32c5,machine_extracted_official_pdf,pending_independent_review,,,
c253d273a40636bd60ab9e1f482e9ba6b7611c8abd6b9c1137654d4780991c9d,phase4_fund_fundamentals,508096,2023-09-30,2023-10-24,fund_shares,300000000,shares,https://www.sse.com.cn/disclosure/fund/announcement/c/new/2023-10-24/508096_20231024_ZVCR.pdf,4989930ac5900b40166bfbf70030b0db2f36b061221827b4cd78743dd28c32c5,machine_extracted_official_pdf,pending_independent_review,,,
22b8d9586afbd9b582fa0a5ce463a1784bc92eb91402d0181ea7c87bbec638d4,phase4_fund_fundamentals,508096,2023-12-31,2024-01-19,distributable_amount_per_unit_quarter,0.0219,RMB_per_unit,https://www.sse.com.cn/disclosure/fund/announcement/c/new/2024-01-19/508096_20240119_MPWQ.pdf,ac5dd4b7459920f0c8d2ae768cd522027715a1089d3aa54562f33e971de1cb9b,machine_extracted_official_pdf,pending_independent_review,,,
dbf851040b8fab32c041fec6ad8ce36f71fba125033961e26263f0fff35225ff,phase4_fund_fundamentals,508096,2023-12-31,2024-01-19,distributable_amount_quarter,6568454.25,RMB,https://www.sse.com.cn/disclosure/fund/announcement/c/new/2024-01-19/508096_20240119_MPWQ.pdf,ac5dd4b7459920f0c8d2ae768cd522027715a1089d3aa54562f33e971de1cb9b,machine_extracted_official_pdf,pending_independent_review,,,
f2bbb4a89d8082f6133d8c32be478368819bc4961c18e5f61bd3a7b5a6888944,phase4_fund_fundamentals,508096,2023-12-31,2024-01-19,fund_shares,300000000,shares,https://www.sse.com.cn/disclosure/fund/announcement/c/new/2024-01-19/508096_20240119_MPWQ.pdf,ac5dd4b7459920f0c8d2ae768cd522027715a1089d3aa54562f33e971de1cb9b,machine_extracted_official_pdf,pending_independent_review,,,
6e089eab520f3b4804cc9bb3f58181234a48f806bf6daaa9d1221e934a626338,phase4_fund_fundamentals,508096,2023-12-31,2024-03-29,nav_per_unit,9.1272,RMB_per_unit,https://www.sse.com.cn/disclosure/fund/announcement/c/new/2024-03-29/508096_20240329_JKFX.pdf,14432273b468e2b4adfbc4a27cb73a295dc8366d7bd3991c0cd4c6e12ccc3822,machine_extracted_official_pdf,pending_independent_review,,,
1264161400731f2a6955e790a0f22292e58d6bad888e2eae438988a75bfcfc22,phase4_fund_fundamentals,508096,2024-03-31,2024-04-20,distributable_amount_per_unit_quarter,0.5279,RMB_per_unit,https://www.sse.com.cn/disclosure/fund/announcement/c/new/2024-04-20/508096_20240420_VD9G.pdf,f5bc600bc27a8020734b4aba0475610187eaf681113761169d13e243e85b02d6,machine_extracted_official_pdf,pending_independent_review,,,
72f9eca4bad21b8a50f419005f537c75dd37cfdc47c3e23181ccfd98154820cf,phase4_fund_fundamentals,508096,2024-03-31,2024-04-20,distributable_amount_quarter,158380966.85,RMB,https://www.sse.com.cn/disclosure/fund/announcement/c/new/2024-04-20/508096_20240420_VD9G.pdf,f5bc600bc27a8020734b4aba0475610187eaf681113761169d13e243e85b02d6,machine_extracted_official_pdf,pending_independent_review,,,
c3f5ced3978f4d36733ac98178423362e27651457c8eb6076f45cd823ae2e307,phase4_fund_fundamentals,508096,2024-03-31,2024-04-20,fund_shares,300000000,shares,https://www.sse.com.cn/disclosure/fund/announcement/c/new/2024-04-20/508096_20240420_VD9G.pdf,f5bc600bc27a8020734b4aba0475610187eaf681113761169d13e243e85b02d6,machine_extracted_official_pdf,pending_independent_review,,,
eb60e5add865cd5efc1ff24991314ea2920f173cf1fb2b1e65c3d24d1e2b1896,phase4_fund_fundamentals,508096,2024-06-30,2024-07-18,distributable_amount_per_unit_quarter,0.1499,RMB_per_unit,https://www.sse.com.cn/disclosure/fund/announcement/c/new/2024-07-18/508096_20240718_M0BE.pdf,5fd0af78cff65212d1812b140035df7236afb8f3b01f08fa28a53b9d103608e0,machine_extracted_official_pdf,pending_independent_review,,,
4e32b2df565f503bc252fdb94e4b74e72103bb6c28477fc4f89bb4c1ccf6f58a,phase4_fund_fundamentals,508096,2024-06-30,2024-07-18,distributable_amount_quarter,44967194.48,RMB,https://www.sse.com.cn/disclosure/fund/announcement/c/new/2024-07-18/508096_20240718_M0BE.pdf,5fd0af78cff65212d1812b140035df7236afb8f3b01f08fa28a53b9d103608e0,machine_extracted_official_pdf,pending_independent_review,,,
da965cf2e7695ca8e05a02932a82458d367f99bf935112844ebdc368e26f1052,phase4_fund_fundamentals,508096,2024-06-30,2024-07-18,fund_shares,300000000,shares,https://www.sse.com.cn/disclosure/fund/announcement/c/new/2024-07-18/508096_20240718_M0BE.pdf,5fd0af78cff65212d1812b140035df7236afb8f3b01f08fa28a53b9d103608e0,machine_extracted_official_pdf,pending_independent_review,,,
74fb8cf0c08b04c9893caabcc7aae2d98bab8d77ad3d905da8b6978002266e13,phase4_fund_fundamentals,508096,2024-09-30,2024-10-24,distributable_amount_per_unit_quarter,0.4728,RMB_per_unit,https://www.sse.com.cn/disclosure/fund/announcement/c/new/2024-10-24/508096_20241024_4OB1.pdf,daa580102af6f7e1a097a15de48944e15109b1cd95f5ba85fd8b1128549f017a,machine_extracted_official_pdf,pending_independent_review,,,
a731de8e926583c0b96df4bcd41b2ce800cd5d4c3482692dbbde4499311371ea,phase4_fund_fundamentals,508096,2024-09-30,2024-10-24,distributable_amount_quarter,141833506.27,RMB,https://www.sse.com.cn/disclosure/fund/announcement/c/new/2024-10-24/508096_20241024_4OB1.pdf,daa580102af6f7e1a097a15de48944e15109b1cd95f5ba85fd8b1128549f017a,machine_extracted_official_pdf,pending_independent_review,,,
957544b465d4b72ab4fdfbb3008db81975cab21792763db1244834535573dd15,phase4_fund_fundamentals,508096,2024-09-30,2024-10-24,fund_shares,300000000,shares,https://www.sse.com.cn/disclosure/fund/announcement/c/new/2024-10-24/508096_20241024_4OB1.pdf,daa580102af6f7e1a097a15de48944e15109b1cd95f5ba85fd8b1128549f017a,machine_extracted_official_pdf,pending_independent_review,,,
47da0b91db52c0284abafe437d7356f7021a8d3471e5ca84f6da9307b7de5e54,phase4_fund_fundamentals,508096,2024-12-31,2025-01-21,distributable_amount_per_unit_quarter,0.0101,RMB_per_unit,https://www.sse.com.cn/disclosure/fund/announcement/c/new/2025-01-21/508096_20250121_E6TE.pdf,ae5372eb8965f69efdb5738c68391ec58d9006e09eff313a596efa4dcfab1111,machine_extracted_official_pdf,pending_independent_review,,,
2bac623df9f85c0b0de99b97b46854e3ed9b27bf4dbe2ad365283ab1f7ce18e3,phase4_fund_fundamentals,508096,2024-12-31,2025-01-21,distributable_amount_quarter,3031452.67,RMB,https://www.sse.com.cn/disclosure/fund/announcement/c/new/2025-01-21/508096_20250121_E6TE.pdf,ae5372eb8965f69efdb5738c68391ec58d9006e09eff313a596efa4dcfab1111,machine_extracted_official_pdf,pending_independent_review,,,
8adbbc2dcc3f5338291d4faf7becac244ac2b5867b15a0faf9f38b6c38781b70,phase4_fund_fundamentals,508096,2024-12-31,2025-01-21,fund_shares,300000000,shares,https://www.sse.com.cn/disclosure/fund/announcement/c/new/2025-01-21/508096_20250121_E6TE.pdf,ae5372eb8965f69efdb5738c68391ec58d9006e09eff313a596efa4dcfab1111,machine_extracted_official_pdf,pending_independent_review,,,
8fbb9a8546376408c06b4f8160029e1121851da26a7f31cebf990cfd939aec8e,phase4_fund_fundamentals,508096,2024-12-31,2025-03-31,nav_per_unit,8.5312,RMB_per_unit,https://www.sse.com.cn/disclosure/fund/announcement/c/new/2025-03-31/508096_20250331_JKSV.pdf,3abd4a3b609403f418df2ef492622412d471593beda4b3be3439e18def243ce1,machine_extracted_official_pdf,pending_independent_review,,,
98dfae48a10709e4578ef15658adbd9e384f588d8aae920ec0cb3d3367069c62,phase4_fund_fundamentals,508096,2025-03-31,2025-04-22,distributable_amount_per_unit_quarter,0.01,RMB_per_unit,https://www.sse.com.cn/disclosure/fund/announcement/c/new/2025-04-22/508096_20250422_WDVS.pdf,03298294ddbdb46b9adc4ccd7bf50884bc9ede74f50f1d1289ade0e3eafb385d,machine_extracted_official_pdf,pending_independent_review,,,
1643792257ee6d00287e2cb47a959ec4431fb9ff21531aad73ce63101171ddb4,phase4_fund_fundamentals,508096,2025-03-31,2025-04-22,distributable_amount_quarter,2643885.25,RMB,https://www.sse.com.cn/disclosure/fund/announcement/c/new/2025-04-22/508096_20250422_WDVS.pdf,03298294ddbdb46b9adc4ccd7bf50884bc9ede74f50f1d1289ade0e3eafb385d,machine_extracted_official_pdf,pending_independent_review,,,
3c368f18fcb6cf8af51d432798bd0ff0fe8cc4fecb92b477872ee47a6eaaf36a,phase4_fund_fundamentals,508096,2025-03-31,2025-04-22,fund_shares,300000000,shares,https://www.sse.com.cn/disclosure/fund/announcement/c/new/2025-04-22/508096_20250422_WDVS.pdf,03298294ddbdb46b9adc4ccd7bf50884bc9ede74f50f1d1289ade0e3eafb385d,machine_extracted_official_pdf,pending_independent_review,,,
0d21a01922c565982fd5ae4c92aa29f823c1f4b43456b4bda94b8d2f9cdbb800,phase4_fund_fundamentals,508096,2025-06-30,2025-07-21,distributable_amount_per_unit_quarter,0.2182,RMB_per_unit,https://www.sse.com.cn/disclosure/fund/announcement/c/new/2025-07-21/508096_20250721_YPD3.pdf,8e2dce74a3ec20771c70516c34d12427d74fec3ed0f0c6181d48c15be9db7b0e,machine_extracted_official_pdf,pending_independent_review,,,
800e06f4f21c0a5928774cfbae7c95b3e8938259a4930fa01bcb248f662c58dc,phase4_fund_fundamentals,508096,2025-06-30,2025-07-21,distributable_amount_quarter,65474826.13,RMB,https://www.sse.com.cn/disclosure/fund/announcement/c/new/2025-07-21/508096_20250721_YPD3.pdf,8e2dce74a3ec20771c70516c34d12427d74fec3ed0f0c6181d48c15be9db7b0e,machine_extracted_official_pdf,pending_independent_review,,,
bf9241103ba2755311d7bb9de492979569cb28ee0fb7b790a04cbecdcd2e4d70,phase4_fund_fundamentals,508096,2025-06-30,2025-07-21,fund_shares,300000000,shares,https://www.sse.com.cn/disclosure/fund/announcement/c/new/2025-07-21/508096_20250721_YPD3.pdf,8e2dce74a3ec20771c70516c34d12427d74fec3ed0f0c6181d48c15be9db7b0e,machine_extracted_official_pdf,pending_independent_review,,,
ac488d786245839b3efc2f8e03e68fb9b11b4ae49231cfe3407d8d65aef11812,phase4_fund_fundamentals,508096,2025-09-30,2025-10-27,distributable_amount_per_unit_quarter,0.6645,RMB_per_unit,https://www.sse.com.cn/disclosure/fund/announcement/c/new/2025-10-27/508096_20251027_34QT.pdf,4c93a7c41f2b41180f8eadb3b4f55895c7e1c77920aa177ab7a5e42667584762,machine_extracted_official_pdf,pending_independent_review,,,
5e314e0d95aa38a03bb8f5587d1a6a8f7af2588fdf7148c937fae53d8125820f,phase4_fund_fundamentals,508096,2025-09-30,2025-10-27,distributable_amount_quarter,199364595.5,RMB,https://www.sse.com.cn/disclosure/fund/announcement/c/new/2025-10-27/508096_20251027_34QT.pdf,4c93a7c41f2b41180f8eadb3b4f55895c7e1c77920aa177ab7a5e42667584762,machine_extracted_official_pdf,pending_independent_review,,,
bfc41c22b820c495a6a2dc12b9709c919c2c280c8abb1c7290a23ac9b7f0c35c,phase4_fund_fundamentals,508096,2025-09-30,2025-10-27,fund_shares,300000000,shares,https://www.sse.com.cn/disclosure/fund/announcement/c/new/2025-10-27/508096_20251027_34QT.pdf,4c93a7c41f2b41180f8eadb3b4f55895c7e1c77920aa177ab7a5e42667584762,machine_extracted_official_pdf,pending_independent_review,,,
6a82bc9959d9764c68bc1e16a5a0a8d4ef9d339b8cb4181b65cb710c514ff2a8,phase4_fund_fundamentals,508096,2025-12-31,2026-01-22,distributable_amount_per_unit_quarter,0.0933,RMB_per_unit,https://www.sse.com.cn/disclosure/fund/announcement/c/new/2026-01-22/508096_20260122_2ECJ.pdf,9b70ac39def212b0a8fc5f3c6d5849f283528224cde8582fb8b9484a6d757aee,machine_extracted_official_pdf,pending_independent_review,,,
d9101da3696eaa28180abaea646f3a3032a603aa1cfdd1d321b080db11c61043,phase4_fund_fundamentals,508096,2025-12-31,2026-01-22,distributable_amount_quarter,56034244.04,RMB,https://www.sse.com.cn/disclosure/fund/announcement/c/new/2026-01-22/508096_20260122_2ECJ.pdf,9b70ac39def212b0a8fc5f3c6d5849f283528224cde8582fb8b9484a6d757aee,machine_extracted_official_pdf,pending_independent_review,,,
4c7fe6510677456956a47a524be6c135213cfe93c9787e9d5231e8c0b09ba533,phase4_fund_fundamentals,508096,2025-12-31,2026-01-22,fund_shares,600880354,shares,https://www.sse.com.cn/disclosure/fund/announcement/c/new/2026-01-22/508096_20260122_2ECJ.pdf,9b70ac39def212b0a8fc5f3c6d5849f283528224cde8582fb8b9484a6d757aee,machine_extracted_official_pdf,pending_independent_review,,,
6563fea62dd0d28626b47a2c6f1b018ba28e06f39fa27332eb4817aa47516629,phase4_fund_fundamentals,508096,2025-12-31,2026-03-31,nav_per_unit,8.8388,RMB_per_unit,https://www.sse.com.cn/disclosure/fund/announcement/c/new/2026-03-31/508096_20260331_UYPB.pdf,325753e551cf36ac6fc8851ff6ca3bbd48e4c3f9c8df9488dff23670e24913e7,machine_extracted_official_pdf,pending_independent_review,,,
8a7749607159094161a7ae7a3b61e111bb97c11cf1cbfe3a479d78456b9072c7,phase4_fund_fundamentals,508096,2026-03-31,2026-04-22,distributable_amount_per_unit_quarter,0.2566,RMB_per_unit,https://www.sse.com.cn/disclosure/fund/announcement/c/new/2026-04-22/508096_20260422_A83Y.pdf,704f51d2343b7d468c2a8f61f418060c7732b8d859feb8e7ea94d1331166d0ce,machine_extracted_official_pdf,pending_independent_review,,,
0dc7220ce5fcab9b06a0515d3cf8818c40c9882f89a712023414d0cad089e9fa,phase4_fund_fundamentals,508096,2026-03-31,2026-04-22,distributable_amount_quarter,154189680.61,RMB,https://www.sse.com.cn/disclosure/fund/announcement/c/new/2026-04-22/508096_20260422_A83Y.pdf,704f51d2343b7d468c2a8f61f418060c7732b8d859feb8e7ea94d1331166d0ce,machine_extracted_official_pdf,pending_independent_review,,,
39837bde55960e808c077f60a598b227db3d11dd57890cd06e9cfbace071c85b,phase4_fund_fundamentals,508096,2026-03-31,2026-04-22,fund_shares,600880354,shares,https://www.sse.com.cn/disclosure/fund/announcement/c/new/2026-04-22/508096_20260422_A83Y.pdf,704f51d2343b7d468c2a8f61f418060c7732b8d859feb8e7ea94d1331166d0ce,machine_extracted_official_pdf,pending_independent_review,,,
1862c845b3ca587d4cd744e1a43954022d113b7359468f2f6981828d1547bd69,phase4_fund_fundamentals,508096,2026-06-30,2026-07-21,distributable_amount_per_unit_quarter,0.2091,RMB_per_unit,https://www.sse.com.cn/disclosure/fund/announcement/c/new/2026-07-21/508096_20260721_BTD8.pdf,5d25f9262514760ac48208e59034c5da898ddbe72b0c49b61b99dd5a6e336100,machine_extracted_official_pdf,pending_independent_review,,,
eba11b3623d46fb29ff5dcc7dca11da70e33bd33c72fcccc6800902ff0c6640d,phase4_fund_fundamentals,508096,2026-06-30,2026-07-21,distributable_amount_quarter,125623212.41,RMB,https://www.sse.com.cn/disclosure/fund/announcement/c/new/2026-07-21/508096_20260721_BTD8.pdf,5d25f9262514760ac48208e59034c5da898ddbe72b0c49b61b99dd5a6e336100,machine_extracted_official_pdf,pending_independent_review,,,
a3139ac10911e8cc7a37d1cc01ca81e40e8dbd829792362d063dd0ca7b0da47f,phase4_fund_fundamentals,508096,2026-06-30,2026-07-21,fund_shares,600880354,shares,https://www.sse.com.cn/disclosure/fund/announcement/c/new/2026-07-21/508096_20260721_BTD8.pdf,5d25f9262514760ac48208e59034c5da898ddbe72b0c49b61b99dd5a6e336100,machine_extracted_official_pdf,pending_independent_review,,,
