announcement_id,symbol,publication_date,period_end_candidate,document_type,is_corrected,asset_type,classification_status,source_url,extraction_status
SZSE_1211393469,180101,2021-10-27,2021-09-30,quarterly_report,False,industrial_park,official_title_evidence,https://disc.static.szse.cn/disc/disk02/finalpage/2021-10-27/9930ff4e-ed5d-4a45-b147-17344e8eb12a.PDF,pending_extraction
SZSE_1211704165,180101,2021-11-26,,distribution_announcement,False,industrial_park,official_title_evidence,https://disc.static.szse.cn/disc/disk02/finalpage/2021-11-26/a275f84e-c50f-4968-a64c-b259ee041bf5.PDF,machine_extracted_document
SZSE_1212239392,180101,2022-01-24,2021-12-31,quarterly_report,False,industrial_park,official_title_evidence,https://disc.static.szse.cn/disc/disk03/finalpage/2022-01-24/a50c9018-5cd3-4c8b-8d97-e3f3d9de2b1e.PDF,pending_extraction
SZSE_1212581549,180101,2022-03-16,2021-12-31,annual_report,False,industrial_park,official_title_evidence,https://disc.static.szse.cn/disc/disk03/finalpage/2022-03-16/569d10f5-9abb-41ef-a385-592a4e813d7a.PDF,pending_extraction
SZSE_1212762159,180101,2022-04-01,,distribution_announcement,False,industrial_park,official_title_evidence,https://disc.static.szse.cn/disc/disk03/finalpage/2022-04-01/c75f25ba-0f1d-4c28-bd69-bcd6d3a39a34.PDF,machine_extracted_document
SZSE_1213014882,180101,2022-04-22,2022-03-31,quarterly_report,False,industrial_park,official_title_evidence,https://disc.static.szse.cn/disc/disk03/finalpage/2022-04-21/9b45fe03-210b-431a-afed-210cbe7ad1f9.PDF,pending_extraction
SZSE_1214093978,180101,2022-07-21,2022-06-30,quarterly_report,False,industrial_park,official_title_evidence,https://disc.static.szse.cn/disc/disk03/finalpage/2022-07-20/a27b7594-afd8-41cd-ac64-74193ab6cec3.PDF,pending_extraction
SZSE_1214418531,180101,2022-08-29,2022-06-30,semiannual_report,False,industrial_park,official_title_evidence,https://disc.static.szse.cn/disc/disk03/finalpage/2022-08-26/e16390a9-b4f5-4a6a-a014-8dc861e3f837.PDF,pending_extraction
SZSE_1214897761,180101,2022-10-26,2022-09-30,quarterly_report,False,industrial_park,official_title_evidence,https://disc.static.szse.cn/disc/disk03/finalpage/2022-10-25/4eefe41d-e2a3-4d33-8990-31b176f2e2ea.PDF,pending_extraction
SZSE_1215355753,180101,2022-12-15,,distribution_announcement,False,industrial_park,official_title_evidence,https://disc.static.szse.cn/disc/disk03/finalpage/2022-12-14/9364b9fe-1684-420e-ac0e-c19c649b80f0.PDF,machine_extracted_document
SZSE_1215665039,180101,2023-01-20,2022-12-31,quarterly_report,False,industrial_park,official_title_evidence,https://disc.static.szse.cn/disc/disk03/finalpage/2023-01-19/5a1dce81-e6d6-4cb4-a728-3a59c1566f37.PDF,pending_extraction
SZSE_1216146979,180101,2023-03-20,2022-12-31,annual_report,False,industrial_park,official_title_evidence,https://disc.static.szse.cn/disc/disk03/finalpage/2023-03-17/6eb3f77a-e98e-44e0-8d45-5d9c5598f289.PDF,pending_extraction
SZSE_1216257317,180101,2023-03-30,2022-12-31,annual_report,False,industrial_park,official_title_evidence,https://disc.static.szse.cn/disc/disk03/finalpage/2023-03-29/a78d1c6c-5a9b-418a-84db-ad4c6ce7f1d9.PDF,pending_extraction
SZSE_1216269883,180101,2023-03-31,,distribution_announcement,False,industrial_park,official_title_evidence,https://disc.static.szse.cn/disc/disk03/finalpage/2023-03-30/b280998e-de28-4cec-98b7-82355d441362.PDF,machine_extracted_document
SZSE_1216486942,180101,2023-04-21,2023-03-31,quarterly_report,False,industrial_park,official_title_evidence,https://disc.static.szse.cn/disc/disk03/finalpage/2023-04-20/915ccecc-98f0-4889-b42d-6094bb4e5a3e.PDF,pending_extraction
SZSE_1217345144,180101,2023-07-21,2023-06-30,quarterly_report,False,industrial_park,official_title_evidence,https://disc.static.szse.cn/disc/disk03/finalpage/2023-07-20/5f390904-1f21-4391-ac0a-6c85a9eb9079.PDF,pending_extraction
SZSE_1217647769,180101,2023-08-28,2023-06-30,semiannual_report,False,industrial_park,official_title_evidence,https://disc.static.szse.cn/disc/disk03/finalpage/2023-08-25/540de4fb-e568-4bf0-b317-c7fd04689003.PDF,pending_extraction
SZSE_1218133998,180101,2023-10-25,2023-09-30,quarterly_report,False,industrial_park,official_title_evidence,https://disc.static.szse.cn/disc/disk03/finalpage/2023-10-24/6d2bef77-fe04-4533-8d2f-153703b78a37.PDF,pending_extraction
SZSE_1218164332,180101,2023-10-27,,distribution_announcement,False,industrial_park,official_title_evidence,https://disc.static.szse.cn/disc/disk03/finalpage/2023-10-26/34fb290f-7a16-412d-9d30-a60c0e7ac8f5.PDF,machine_extracted_document
SZSE_1218949797,180101,2024-01-22,2023-12-31,quarterly_report,False,industrial_park,official_title_evidence,https://disc.static.szse.cn/disc/disk03/finalpage/2024-01-19/65ce71b0-ad41-445d-9aa2-943026b99b92.PDF,pending_extraction
SZSE_1219304539,180101,2024-03-14,2023-12-31,annual_report,False,industrial_park,official_title_evidence,https://disc.static.szse.cn/disc/disk03/finalpage/2024-03-14/34349ae8-d6cf-4fb4-8115-448385cfb480.PDF,pending_extraction
SZSE_1219549913,180101,2024-04-10,,distribution_announcement,False,industrial_park,official_title_evidence,https://disc.static.szse.cn/disc/disk03/finalpage/2024-04-09/2d287743-d53e-4573-94b9-a7a3b194de12.PDF,machine_extracted_document
SZSE_1219688026,180101,2024-04-22,2024-03-31,quarterly_report,False,industrial_park,official_title_evidence,https://disc.static.szse.cn/disc/disk03/finalpage/2024-04-19/10e99dbe-3c45-410b-ba2c-17684785a11b.PDF,pending_extraction
SZSE_1220674668,180101,2024-07-19,2024-06-30,quarterly_report,False,industrial_park,official_title_evidence,https://disc.static.szse.cn/disc/disk03/finalpage/2024-07-18/32605e36-01b9-46fc-88f5-8a6d6b72eaa9.PDF,pending_extraction
SZSE_1220907200,180101,2024-08-20,,distribution_announcement,False,industrial_park,official_title_evidence,https://disc.static.szse.cn/disc/disk03/finalpage/2024-08-19/d28a7b90-3b38-460b-86b4-fadf86225b6f.PDF,machine_extracted_document
SZSE_1221050311,180101,2024-08-30,2024-06-30,semiannual_report,False,industrial_park,official_title_evidence,https://disc.static.szse.cn/disc/disk03/finalpage/2024-08-29/6d02fdf0-e5ed-447b-8f68-a0c084aee4ad.PDF,pending_extraction
SZSE_1221111389,180101,2024-09-03,2024-06-30,semiannual_report,False,industrial_park,official_title_evidence,https://disc.static.szse.cn/disc/disk03/finalpage/2024-09-02/3e891b0e-ec9f-4aff-88df-0a922160014f.PDF,pending_extraction
SZSE_1221505918,180101,2024-10-25,2024-09-30,quarterly_report,False,industrial_park,official_title_evidence,https://disc.static.szse.cn/disc/disk03/finalpage/2024-10-24/9bbb030c-6c1a-478e-ace3-872d5a4e6f32.PDF,pending_extraction
SZSE_1222004707,180101,2024-12-13,,distribution_announcement,False,industrial_park,official_title_evidence,https://disc.static.szse.cn/disc/disk03/finalpage/2024-12-12/907bf2a8-593d-419b-b7d1-3f2ed0ecfab0.PDF,fetch_or_parse_failed
SZSE_1222387318,180101,2025-01-22,2024-12-31,quarterly_report,False,industrial_park,official_title_evidence,https://disc.static.szse.cn/disc/disk03/finalpage/2025-01-21/1003d894-a537-4e49-af07-cd504f32129b.PDF,pending_extraction
SZSE_1222786719,180101,2025-03-14,2024-12-31,annual_report,False,industrial_park,official_title_evidence,https://disc.static.szse.cn/disc/disk03/finalpage/2025-03-13/95dd58af-cef3-4607-9991-4f43afe0fbde.PDF,pending_extraction
SZSE_1223184082,180101,2025-04-22,,distribution_announcement,False,industrial_park,official_title_evidence,https://disc.static.szse.cn/disc/disk03/finalpage/2025-04-21/705fb88d-5ed1-434d-8752-2831f7c2df65.PDF,fetch_or_parse_failed
SZSE_1223187120,180101,2025-04-22,2025-03-31,quarterly_report,False,industrial_park,official_title_evidence,https://disc.static.szse.cn/disc/disk03/finalpage/2025-04-21/efd94342-49aa-42c0-8e88-e8a29e44be24.PDF,pending_extraction
SZSE_1224214198,180101,2025-07-21,2025-06-30,quarterly_report,False,industrial_park,official_title_evidence,https://disc.static.szse.cn/disc/disk03/finalpage/2025-07-18/131a2b09-3651-4e32-8306-8e91ff488834.PDF,pending_extraction
SZSE_1224574254,180101,2025-08-27,2025-06-30,semiannual_report,False,industrial_park,official_title_evidence,https://disc.static.szse.cn/disc/disk03/finalpage/2025-08-27/e1592c0e-65b1-475b-aaee-e7b765d595ee.PDF,pending_extraction
SZSE_1224644600,180101,2025-09-09,,distribution_announcement,False,industrial_park,official_title_evidence,https://disc.static.szse.cn/disc/disk03/finalpage/2025-09-09/3ce92b69-6ae8-45a1-b53f-c277db5e4c6f.PDF,fetch_or_parse_failed
SZSE_1224739913,180101,2025-10-28,2025-09-30,quarterly_report,False,industrial_park,official_title_evidence,https://disc.static.szse.cn/disc/disk03/finalpage/2025-10-28/b7d16ecd-2200-4ab1-a9c8-6e6c5ca6cab3.PDF,pending_extraction
SZSE_1224846173,180101,2025-12-04,,distribution_announcement,False,industrial_park,official_title_evidence,https://disc.static.szse.cn/disc/disk03/finalpage/2025-12-04/79e358e1-3bdf-417e-8d80-05531603d5fb.PDF,fetch_or_parse_failed
SZSE_1224944195,180101,2026-01-22,2025-12-31,quarterly_report,False,industrial_park,official_title_evidence,https://disc.static.szse.cn/disc/disk03/finalpage/2026-01-22/1f78f675-8695-4271-8a34-1de68e950b21.PDF,pending_extraction
SZSE_1225008519,180101,2026-03-14,2025-12-31,annual_report,False,industrial_park,official_title_evidence,https://disc.static.szse.cn/disc/disk03/finalpage/2026-03-14/35bb8f1b-dee9-4ef5-98dc-9df496202c5f.PDF,pending_extraction
SZSE_1225100230,180101,2026-04-15,,distribution_announcement,False,industrial_park,official_title_evidence,https://disc.static.szse.cn/disc/disk03/finalpage/2026-04-15/892d9148-1781-4b84-b2ff-7a32fb4efa8c.PDF,machine_extracted_document
SZSE_1225136711,180101,2026-04-22,2026-03-31,quarterly_report,False,industrial_park,official_title_evidence,https://disc.static.szse.cn/disc/disk03/finalpage/2026-04-22/3c35e190-6352-41d4-b055-cb4ac63db37c.PDF,pending_extraction
SZSE_1225433699,180101,2026-07-21,2026-06-30,quarterly_report,False,industrial_park,official_title_evidence,https://disc.static.szse.cn/disc/disk03/finalpage/2026-07-21/91ad45f0-754f-429d-a23d-d750d53e4ed3.PDF,pending_extraction
SZSE_1225514622,180101,2026-08-27,2026-06-30,semiannual_report,False,industrial_park,official_title_evidence,https://disc.static.szse.cn/disc/disk03/finalpage/2026-08-27/6b8c7b56-88ba-42ca-8aa5-34a5e81431ef.PDF,pending_extraction
SZSE_1215669113,180102,2023-01-20,2022-12-31,quarterly_report,False,industrial_park,official_title_evidence,https://disc.static.szse.cn/disc/disk03/finalpage/2023-01-19/70e57bfd-1ca6-4be5-85e9-1346cc9a30f2.PDF,pending_extraction
SZSE_1216259923,180102,2023-03-30,2022-12-31,annual_report,False,industrial_park,official_title_evidence,https://disc.static.szse.cn/disc/disk03/finalpage/2023-03-29/0883f207-bcb7-4741-9289-709e7b91d928.PDF,pending_extraction
SZSE_1216435272,180102,2023-04-18,,distribution_announcement,False,industrial_park,official_title_evidence,https://disc.static.szse.cn/disc/disk03/finalpage/2023-04-17/a0aca26e-95e6-45d0-b0f3-ba01341a242e.PDF,fetch_or_parse_failed
SZSE_1216489558,180102,2023-04-21,2023-03-31,quarterly_report,False,industrial_park,official_title_evidence,https://disc.static.szse.cn/disc/disk03/finalpage/2023-04-20/777f0148-28cc-4db3-991a-c082406e3f8f.PDF,pending_extraction
SZSE_1217333933,180102,2023-07-20,2023-06-30,quarterly_report,False,industrial_park,official_title_evidence,https://disc.static.szse.cn/disc/disk03/finalpage/2023-07-19/abbf687f-870a-4bf6-ab72-99cdd30bbf04.PDF,pending_extraction
SZSE_1217647898,180102,2023-08-28,,distribution_announcement,False,industrial_park,official_title_evidence,https://disc.static.szse.cn/disc/disk03/finalpage/2023-08-25/b9dd3cb0-c812-42e5-9c64-76c89d3c02bd.PDF,fetch_or_parse_failed
SZSE_1217695171,180102,2023-08-30,2023-06-30,semiannual_report,False,industrial_park,official_title_evidence,https://disc.static.szse.cn/disc/disk03/finalpage/2023-08-29/260313f3-b9e3-4578-a0d6-7e8fa62f5388.PDF,pending_extraction
SZSE_1218124099,180102,2023-10-24,2023-09-30,quarterly_report,False,industrial_park,official_title_evidence,https://disc.static.szse.cn/disc/disk03/finalpage/2023-10-23/d0f51128-e06a-4003-a646-1cb096cc46ae.PDF,pending_extraction
SZSE_1218867607,180102,2024-01-15,,distribution_announcement,False,industrial_park,official_title_evidence,https://disc.static.szse.cn/disc/disk03/finalpage/2024-01-12/b16e73ef-ef0a-4f4d-b2ce-6442f01c6690.PDF,fetch_or_parse_failed
SZSE_1218944025,180102,2024-01-19,2023-12-31,quarterly_report,False,industrial_park,official_title_evidence,https://disc.static.szse.cn/disc/disk03/finalpage/2024-01-18/1e50b5b8-6d03-4559-8bac-674f1d72dc2c.PDF,pending_extraction
SZSE_1219424784,180102,2024-03-28,2023-12-31,annual_report,False,industrial_park,official_title_evidence,https://disc.static.szse.cn/disc/disk03/finalpage/2024-03-27/c14956bd-016f-41b6-8a02-9c1ead46ba41.PDF,pending_extraction
SZSE_1219440649,180102,2024-03-29,,distribution_announcement,False,industrial_park,official_title_evidence,https://disc.static.szse.cn/disc/disk03/finalpage/2024-03-28/98349afc-a338-4425-af0d-30be706ae3a0.PDF,fetch_or_parse_failed
SZSE_1219663879,180102,2024-04-19,2024-03-31,quarterly_report,False,industrial_park,official_title_evidence,https://disc.static.szse.cn/disc/disk03/finalpage/2024-04-18/e0688147-ef20-4096-8c33-acfefe4646fe.PDF,pending_extraction
SZSE_1220222079,180102,2024-06-03,,distribution_announcement,False,industrial_park,official_title_evidence,https://disc.static.szse.cn/disc/disk03/finalpage/2024-05-31/9faefb2d-e433-4d3f-bce1-34bf1c8f9432.PDF,fetch_or_parse_failed
SZSE_1220663160,180102,2024-07-18,2024-06-30,quarterly_report,False,industrial_park,official_title_evidence,https://disc.static.szse.cn/disc/disk03/finalpage/2024-07-17/c4d32f6b-d323-40de-a83e-554b8dab476c.PDF,pending_extraction
SZSE_1220822332,180102,2024-08-09,,distribution_announcement,False,industrial_park,official_title_evidence,https://disc.static.szse.cn/disc/disk03/finalpage/2024-08-08/30a96df3-281d-4f21-b3c9-313785e1fcfe.PDF,fetch_or_parse_failed
SZSE_1221046789,180102,2024-08-30,2024-06-30,semiannual_report,False,industrial_park,official_title_evidence,https://disc.static.szse.cn/disc/disk03/finalpage/2024-08-29/c38c1845-f684-480c-96e3-04cc12a104ae.PDF,pending_extraction
SZSE_1221505080,180102,2024-10-25,2024-09-30,quarterly_report,False,industrial_park,official_title_evidence,https://disc.static.szse.cn/disc/disk03/finalpage/2024-10-24/677d6e51-7a1d-4ba0-ad5a-3d6a27eea7c4.PDF,pending_extraction
SZSE_1221635867,180102,2024-11-06,,distribution_announcement,False,industrial_park,official_title_evidence,https://disc.static.szse.cn/disc/disk03/finalpage/2024-11-05/36d62c5d-beac-4464-9c7e-e74333916cf9.PDF,fetch_or_parse_failed
SZSE_1222387378,180102,2025-01-22,,distribution_announcement,False,industrial_park,official_title_evidence,https://disc.static.szse.cn/disc/disk03/finalpage/2025-01-21/ead0a455-70e4-4826-bdba-1a560398fd75.PDF,fetch_or_parse_failed
SZSE_1222389979,180102,2025-01-22,2024-12-31,quarterly_report,False,industrial_park,official_title_evidence,https://disc.static.szse.cn/disc/disk03/finalpage/2025-01-21/a30a39c9-572d-45ab-99d2-3554e395b710.PDF,pending_extraction
SZSE_1222939660,180102,2025-03-31,2024-12-31,annual_report,False,industrial_park,official_title_evidence,https://disc.static.szse.cn/disc/disk03/finalpage/2025-03-28/fa60ea6c-d55d-4477-a151-81ca2ce87755.PDF,pending_extraction
SZSE_1223193936,180102,2025-04-22,2025-03-31,quarterly_report,False,industrial_park,official_title_evidence,https://disc.static.szse.cn/disc/disk03/finalpage/2025-04-21/b2215604-2625-4d49-b453-4ad355bac0d2.PDF,pending_extraction
SZSE_1223694085,180102,2025-05-28,,distribution_announcement,False,industrial_park,official_title_evidence,https://disc.static.szse.cn/disc/disk03/finalpage/2025-05-27/9eb7d0ce-ab4a-4644-a7d7-809e3f23906c.PDF,fetch_or_parse_failed
SZSE_1224214617,180102,2025-07-21,2025-06-30,quarterly_report,False,industrial_park,official_title_evidence,https://disc.static.szse.cn/disc/disk03/finalpage/2025-07-18/f7a8ecae-6860-4ad1-993e-d5775ad8e737.PDF,pending_extraction
SZSE_1224424785,180102,2025-08-08,,distribution_announcement,False,industrial_park,official_title_evidence,https://disc.static.szse.cn/disc/disk03/finalpage/2025-08-07/ad6ec83f-5a2c-4d63-87e9-82f98f78d36f.PDF,machine_extracted_document
SZSE_1224618925,180102,2025-08-30,2025-06-30,semiannual_report,False,industrial_park,official_title_evidence,https://disc.static.szse.cn/disc/disk03/finalpage/2025-08-30/475dc8d9-8c76-405d-91b8-368fcdfe3612.PDF,pending_extraction
SZSE_1224743432,180102,2025-10-28,2025-09-30,quarterly_report,False,industrial_park,official_title_evidence,https://disc.static.szse.cn/disc/disk03/finalpage/2025-10-28/31878517-a780-421f-8ddd-92751dc6abbb.PDF,pending_extraction
SZSE_1224944745,180102,2026-01-22,2025-12-31,quarterly_report,False,industrial_park,official_title_evidence,https://disc.static.szse.cn/disc/disk03/finalpage/2026-01-22/55921da9-8f98-4ef0-96d7-1be9c3fe3707.PDF,pending_extraction
SZSE_1225052587,180102,2026-03-31,2025-12-31,annual_report,False,industrial_park,official_title_evidence,https://disc.static.szse.cn/disc/disk03/finalpage/2026-03-31/b2d4943e-53fd-4bbc-9c2e-e216a7728474.PDF,pending_extraction
SZSE_1225100229,180102,2026-04-15,,distribution_announcement,False,industrial_park,official_title_evidence,https://disc.static.szse.cn/disc/disk03/finalpage/2026-04-15/da1093a1-a031-4b67-ae66-4f3aa63c6abd.PDF,fetch_or_parse_failed
SZSE_1225138050,180102,2026-04-22,2026-03-31,quarterly_report,False,industrial_park,official_title_evidence,https://disc.static.szse.cn/disc/disk03/finalpage/2026-04-22/36b37e69-c5a4-41ce-8ebe-079691fa5416.PDF,pending_extraction
SZSE_1225434063,180102,2026-07-21,2026-06-30,quarterly_report,False,industrial_park,official_title_evidence,https://disc.static.szse.cn/disc/disk03/finalpage/2026-07-21/aa5b6b15-d762-461d-9d78-c969c6db34b1.PDF,pending_extraction
SZSE_1216489557,180103,2023-04-21,2023-03-31,quarterly_report,False,industrial_park,official_title_evidence,https://disc.static.szse.cn/disc/disk03/finalpage/2023-04-20/a89c6493-bd8c-46c4-8523-a6ed76f9e662.PDF,pending_extraction
SZSE_1217333932,180103,2023-07-20,2023-06-30,quarterly_report,False,industrial_park,official_title_evidence,https://disc.static.szse.cn/disc/disk03/finalpage/2023-07-19/90ed99b5-c7d6-4eef-87d4-6d5d9050bdb4.PDF,pending_extraction
SZSE_1217573877,180103,2023-08-21,,distribution_announcement,False,industrial_park,official_title_evidence,https://disc.static.szse.cn/disc/disk03/finalpage/2023-08-18/7bb487a7-5a11-48ec-9be2-1866ebf601b6.PDF,fetch_or_parse_failed
SZSE_1217695170,180103,2023-08-30,2023-06-30,semiannual_report,False,industrial_park,official_title_evidence,https://disc.static.szse.cn/disc/disk03/finalpage/2023-08-29/64f55f02-fb44-4203-87d2-e917b882ddd2.PDF,pending_extraction
SZSE_1218124077,180103,2023-10-24,2023-09-30,quarterly_report,False,industrial_park,official_title_evidence,https://disc.static.szse.cn/disc/disk03/finalpage/2023-10-23/294e3995-aaed-4f4a-8a96-bcd74750c917.PDF,pending_extraction
SZSE_1218944031,180103,2024-01-19,2023-12-31,quarterly_report,False,industrial_park,official_title_evidence,https://disc.static.szse.cn/disc/disk03/finalpage/2024-01-18/3176f721-be65-44eb-86a6-62c3e66315da.PDF,pending_extraction
SZSE_1218949759,180103,2024-01-22,,distribution_announcement,False,industrial_park,official_title_evidence,https://disc.static.szse.cn/disc/disk03/finalpage/2024-01-19/50fef120-5d68-400d-a4d0-234fc80e71c2.PDF,fetch_or_parse_failed
SZSE_1219424746,180103,2024-03-28,2023-12-31,annual_report,False,industrial_park,official_title_evidence,https://disc.static.szse.cn/disc/disk03/finalpage/2024-03-27/f5c5ac2a-a8f1-4287-be61-49fbcb577505.PDF,pending_extraction
SZSE_1219662111,180103,2024-04-19,,distribution_announcement,False,industrial_park,official_title_evidence,https://disc.static.szse.cn/disc/disk03/finalpage/2024-04-18/2b0307af-8d2b-47af-8c29-6c23dc822455.PDF,fetch_or_parse_failed
SZSE_1219663946,180103,2024-04-19,2024-03-31,quarterly_report,False,industrial_park,official_title_evidence,https://disc.static.szse.cn/disc/disk03/finalpage/2024-04-18/869c046b-dd1f-4fd1-94f6-19e2410d2db0.PDF,pending_extraction
SZSE_1220243606,180103,2024-06-04,,distribution_announcement,False,industrial_park,official_title_evidence,https://disc.static.szse.cn/disc/disk03/finalpage/2024-06-03/3e50632e-50c5-4a5c-a422-9904a44d8869.PDF,fetch_or_parse_failed
SZSE_1220663158,180103,2024-07-18,2024-06-30,quarterly_report,False,industrial_park,official_title_evidence,https://disc.static.szse.cn/disc/disk03/finalpage/2024-07-17/71dff2b0-58c5-4c38-995a-e292736b24ef.PDF,pending_extraction
SZSE_1220848377,180103,2024-08-13,,distribution_announcement,False,industrial_park,official_title_evidence,https://disc.static.szse.cn/disc/disk03/finalpage/2024-08-12/5fd2d9ca-3b04-4ac2-bf07-ad044f4398e8.PDF,fetch_or_parse_failed
SZSE_1221046645,180103,2024-08-30,2024-06-30,semiannual_report,False,industrial_park,official_title_evidence,https://disc.static.szse.cn/disc/disk03/finalpage/2024-08-29/f831fdf1-d50a-4ea9-82ad-60c2c80c539e.PDF,pending_extraction
SZSE_1221505055,180103,2024-10-25,2024-09-30,quarterly_report,False,industrial_park,official_title_evidence,https://disc.static.szse.cn/disc/disk03/finalpage/2024-10-24/561e64d5-fb4e-417d-9499-ad597ad1acb3.PDF,pending_extraction
SZSE_1221814631,180103,2024-11-25,,distribution_announcement,False,industrial_park,official_title_evidence,https://disc.static.szse.cn/disc/disk03/finalpage/2024-11-22/84d5650e-4b61-479b-b9e2-2e0d508626a0.PDF,fetch_or_parse_failed
SZSE_1222389983,180103,2025-01-22,2024-12-31,quarterly_report,False,industrial_park,official_title_evidence,https://disc.static.szse.cn/disc/disk03/finalpage/2025-01-21/3dabe448-fadb-4657-8822-00c519adde8b.PDF,pending_extraction
SZSE_1222939939,180103,2025-03-31,2024-12-31,annual_report,False,industrial_park,official_title_evidence,https://disc.static.szse.cn/disc/disk03/finalpage/2025-03-28/674fdebd-8dd8-4b88-948f-9bf6e3abd1c5.PDF,pending_extraction
SZSE_1223097700,180103,2025-04-16,,distribution_announcement,False,industrial_park,official_title_evidence,https://disc.static.szse.cn/disc/disk03/finalpage/2025-04-15/773e6595-798d-45da-b8df-83184a192425.PDF,fetch_or_parse_failed
SZSE_1223193924,180103,2025-04-22,2025-03-31,quarterly_report,False,industrial_park,official_title_evidence,https://disc.static.szse.cn/disc/disk03/finalpage/2025-04-21/91ff7dd7-0e7d-4893-a951-1cc632e71eb2.PDF,pending_extraction
SZSE_1223834133,180103,2025-06-11,,distribution_announcement,False,industrial_park,official_title_evidence,https://disc.static.szse.cn/disc/disk03/finalpage/2025-06-10/90a37588-335a-4402-999c-6c0108e60e36.PDF,fetch_or_parse_failed
SZSE_1224214605,180103,2025-07-21,2025-06-30,quarterly_report,False,industrial_park,official_title_evidence,https://disc.static.szse.cn/disc/disk03/finalpage/2025-07-18/0ecb31ce-ef26-4a82-aa26-1a5c8921bd8a.PDF,pending_extraction
SZSE_1224618781,180103,2025-08-30,2025-06-30,semiannual_report,False,industrial_park,official_title_evidence,https://disc.static.szse.cn/disc/disk03/finalpage/2025-08-30/52b22a85-a938-437c-a3a2-6e786d0bb9e4.PDF,pending_extraction
SZSE_1224743429,180103,2025-10-28,2025-09-30,quarterly_report,False,industrial_park,official_title_evidence,https://disc.static.szse.cn/disc/disk03/finalpage/2025-10-28/975b7754-d9cd-4434-81e4-125e1a7a41a4.PDF,pending_extraction
SZSE_1224829837,180103,2025-11-28,,distribution_announcement,False,industrial_park,official_title_evidence,https://disc.static.szse.cn/disc/disk03/finalpage/2025-11-28/3611bea7-8d29-4951-ba8a-308cee4b27cf.PDF,fetch_or_parse_failed
SZSE_1224944727,180103,2026-01-22,2025-12-31,quarterly_report,False,industrial_park,official_title_evidence,https://disc.static.szse.cn/disc/disk03/finalpage/2026-01-22/38ccf0e8-0f52-48ee-9b9b-10254932ac7b.PDF,pending_extraction
SZSE_1225052561,180103,2026-03-31,2025-12-31,annual_report,False,industrial_park,official_title_evidence,https://disc.static.szse.cn/disc/disk03/finalpage/2026-03-31/d85880de-8460-4f9d-8167-d306e8657002.PDF,pending_extraction
SZSE_1225138213,180103,2026-04-22,2026-03-31,quarterly_report,False,industrial_park,official_title_evidence,https://disc.static.szse.cn/disc/disk03/finalpage/2026-04-22/628f1919-16ed-4ab5-b489-21c1d3a010cd.PDF,pending_extraction
SZSE_1225281039,180103,2026-05-08,,distribution_announcement,False,industrial_park,official_title_evidence,https://disc.static.szse.cn/disc/disk03/finalpage/2026-05-08/29dc6bd2-e265-4d30-a2f6-d3df764fdfae.PDF,fetch_or_parse_failed
SZSE_1225359439,180103,2026-06-10,,distribution_announcement,False,industrial_park,official_title_evidence,https://disc.static.szse.cn/disc/disk03/finalpage/2026-06-10/1adbb540-5efe-42b3-bd85-f77b967fc138.PDF,fetch_or_parse_failed
SZSE_1225434056,180103,2026-07-21,2026-06-30,quarterly_report,False,industrial_park,official_title_evidence,https://disc.static.szse.cn/disc/disk03/finalpage/2026-07-21/865cb1e9-fb4f-4166-abfc-be6b3975de34.PDF,pending_extraction
SZSE_1222380815,180105,2025-01-21,2024-12-31,quarterly_report,False,industrial_park,official_title_evidence,https://disc.static.szse.cn/disc/disk03/finalpage/2025-01-20/b3889f99-fcb6-460e-9bc3-0e2ae0e7bc02.PDF,pending_extraction
SZSE_1222961529,180105,2025-03-31,2024-12-31,annual_report,False,industrial_park,official_title_evidence,https://disc.static.szse.cn/disc/disk03/finalpage/2025-03-30/0199c26f-3a19-4087-aeea-db82e29cdd72.PDF,pending_extraction
SZSE_1223041661,180105,2025-04-10,,distribution_announcement,False,industrial_park,official_title_evidence,https://disc.static.szse.cn/disc/disk03/finalpage/2025-04-09/ee2bba7c-d2ac-43d1-9c76-4c5412301eb7.PDF,machine_extracted_document
SZSE_1223191490,180105,2025-04-22,2025-03-31,quarterly_report,False,industrial_park,official_title_evidence,https://disc.static.szse.cn/disc/disk03/finalpage/2025-04-21/3e731eb2-da69-4d2d-a2d4-94001e267bbd.PDF,pending_extraction
SZSE_1224216439,180105,2025-07-21,2025-06-30,quarterly_report,False,industrial_park,official_title_evidence,https://disc.static.szse.cn/disc/disk03/finalpage/2025-07-18/b3113374-bd84-42c7-8529-1f33a3ed2ee3.PDF,pending_extraction
SZSE_1224601217,180105,2025-08-29,,distribution_announcement,False,industrial_park,official_title_evidence,https://disc.static.szse.cn/disc/disk03/finalpage/2025-08-29/5d62c25e-4820-4292-b946-7caf4af1471b.PDF,machine_extracted_document
SZSE_1224626572,180105,2025-08-30,2025-06-30,semiannual_report,False,industrial_park,official_title_evidence,https://disc.static.szse.cn/disc/disk03/finalpage/2025-08-30/0dd07e5e-86ab-483c-a483-717e071b969c.PDF,pending_extraction
SZSE_1224743994,180105,2025-10-28,2025-09-30,quarterly_report,False,industrial_park,official_title_evidence,https://disc.static.szse.cn/disc/disk03/finalpage/2025-10-28/cb15d951-e0af-4fc5-86a1-767c778e1532.PDF,pending_extraction
SZSE_1224943841,180105,2026-01-22,2025-12-31,quarterly_report,False,industrial_park,official_title_evidence,https://disc.static.szse.cn/disc/disk03/finalpage/2026-01-22/0a86b2a0-a72a-4bc3-a2d3-38e2c88d1363.PDF,pending_extraction
SZSE_1225051140,180105,2026-03-31,2025-12-31,annual_report,False,industrial_park,official_title_evidence,https://disc.static.szse.cn/disc/disk03/finalpage/2026-03-31/67531214-f81d-4767-a39f-8c10f5bef80d.PDF,pending_extraction
SZSE_1225074322,180105,2026-04-03,,distribution_announcement,False,industrial_park,official_title_evidence,https://disc.static.szse.cn/disc/disk03/finalpage/2026-04-03/c31f3e6d-ac85-4a64-a8df-89df505a7342.PDF,machine_extracted_document
SZSE_1225136082,180105,2026-04-22,2026-03-31,quarterly_report,False,industrial_park,official_title_evidence,https://disc.static.szse.cn/disc/disk03/finalpage/2026-04-22/d4fcaab6-856f-48f9-901a-7752bb5b8e52.PDF,pending_extraction
SZSE_1225432584,180105,2026-07-21,2026-06-30,quarterly_report,False,industrial_park,official_title_evidence,https://disc.static.szse.cn/disc/disk03/finalpage/2026-07-21/e19df923-e274-43c9-85d2-61f6d8e2fc7f.PDF,pending_extraction
SZSE_1223143166,180106,2025-04-21,2025-03-31,quarterly_report,False,industrial_park,official_title_evidence,https://disc.static.szse.cn/disc/disk03/finalpage/2025-04-18/2adfa5a0-8703-43f8-b825-8ec3fbcac8b0.PDF,pending_extraction
SZSE_1224103186,180106,2025-07-09,,distribution_announcement,False,industrial_park,official_title_evidence,https://disc.static.szse.cn/disc/disk03/finalpage/2025-07-08/f9ab006c-bfe3-45bb-a2ed-cc9f4d3796be.PDF,machine_extracted_document
SZSE_1224202303,180106,2025-07-18,2025-06-30,quarterly_report,False,industrial_park,official_title_evidence,https://disc.static.szse.cn/disc/disk03/finalpage/2025-07-17/d185642b-6bdf-4836-9607-e4745e24d4df.PDF,pending_extraction
SZSE_1224618340,180106,2025-08-30,2025-06-30,semiannual_report,False,industrial_park,official_title_evidence,https://disc.static.szse.cn/disc/disk03/finalpage/2025-08-30/8af7a8b1-af4b-457a-ae18-8cba14490b52.PDF,pending_extraction
SZSE_1224667461,180106,2025-09-19,,distribution_announcement,False,industrial_park,official_title_evidence,https://disc.static.szse.cn/disc/disk03/finalpage/2025-09-19/506a6824-a733-45fe-9905-0806d1561d05.PDF,fetch_or_parse_failed
SZSE_1224739726,180106,2025-10-28,2025-09-30,quarterly_report,False,industrial_park,official_title_evidence,https://disc.static.szse.cn/disc/disk03/finalpage/2025-10-28/9eba6586-b3de-45a9-a33d-a081836a4c48.PDF,pending_extraction
SZSE_1224884460,180106,2025-12-19,,distribution_announcement,False,industrial_park,official_title_evidence,https://disc.static.szse.cn/disc/disk03/finalpage/2025-12-19/c7b339ba-c360-4223-adae-1439da5f1cb1.PDF,fetch_or_parse_failed
SZSE_1224943051,180106,2026-01-22,2025-12-31,quarterly_report,False,industrial_park,official_title_evidence,https://disc.static.szse.cn/disc/disk03/finalpage/2026-01-22/8e5dd8f2-7172-4a6a-b8c5-cb3cf88e1450.PDF,pending_extraction
SZSE_1225042580,180106,2026-03-30,2025-12-31,annual_report,False,industrial_park,official_title_evidence,https://disc.static.szse.cn/disc/disk03/finalpage/2026-03-30/139043c1-3bce-4a27-b50c-8655447a62bf.PDF,pending_extraction
SZSE_1225135595,180106,2026-04-22,2026-03-31,quarterly_report,False,industrial_park,official_title_evidence,https://disc.static.szse.cn/disc/disk03/finalpage/2026-04-22/0409128f-f152-479e-b515-e19749bdfd3d.PDF,pending_extraction
SZSE_1225330051,180106,2026-05-27,,distribution_announcement,False,industrial_park,official_title_evidence,https://disc.static.szse.cn/disc/disk03/finalpage/2026-05-27/265e25b5-dad9-4cea-ad00-9051f29d3f3e.PDF,fetch_or_parse_failed
SZSE_1225429666,180106,2026-07-20,2026-06-30,quarterly_report,False,industrial_park,official_title_evidence,https://disc.static.szse.cn/disc/disk03/finalpage/2026-07-20/5b83f095-463f-4aac-9dcb-7728ec421096.PDF,pending_extraction
SZSE_1225485162,180106,2026-08-21,,distribution_announcement,False,industrial_park,official_title_evidence,https://disc.static.szse.cn/disc/disk03/finalpage/2026-08-21/36c94eb7-ba8c-4076-a87f-284b17062d56.PDF,fetch_or_parse_failed
SZSE_1211383854,180201,2021-10-27,2021-09-30,quarterly_report,False,toll_road,human_verified,https://disc.static.szse.cn/disc/disk02/finalpage/2021-10-27/29d14559-fd7d-427e-87f6-7bf264218f26.PDF,pending_extraction
SZSE_1211968862,180201,2021-12-21,,distribution_announcement,False,toll_road,human_verified,https://disc.static.szse.cn/disc/disk02/finalpage/2021-12-21/1774464b-543f-47da-81bb-cc807666841d.PDF,machine_extracted_document
SZSE_1212240010,180201,2022-01-24,2021-12-31,quarterly_report,False,toll_road,human_verified,https://disc.static.szse.cn/disc/disk03/finalpage/2022-01-24/5ac16474-ab64-4a31-965c-c01495e80fbf.PDF,pending_extraction
SZSE_1212745951,180201,2022-03-31,2021-12-31,annual_report,False,toll_road,human_verified,https://disc.static.szse.cn/disc/disk03/finalpage/2022-03-31/4f80ba7a-6bb9-4fae-bb8e-cadda5b829c0.PDF,pending_extraction
SZSE_1213017940,180201,2022-04-22,2022-03-31,quarterly_report,False,toll_road,human_verified,https://disc.static.szse.cn/disc/disk03/finalpage/2022-04-21/504f85db-bbd9-4835-b8ab-6f7165eddc2d.PDF,pending_extraction
SZSE_1213022418,180201,2022-04-22,,distribution_announcement,False,toll_road,human_verified,https://disc.static.szse.cn/disc/disk03/finalpage/2022-04-21/47aa09b9-1eab-4aaa-87c3-6728c563d6e7.PDF,machine_extracted_document
SZSE_1214096108,180201,2022-07-21,2022-06-30,quarterly_report,False,toll_road,human_verified,https://disc.static.szse.cn/disc/disk03/finalpage/2022-07-20/d0ede893-7d9e-4e08-9c22-fa6d582d85ca.PDF,pending_extraction
SZSE_1214446103,180201,2022-08-30,2022-06-30,semiannual_report,False,toll_road,human_verified,https://disc.static.szse.cn/disc/disk03/finalpage/2022-08-29/d5e54394-04a0-42b9-8930-677fd70d1ea3.PDF,pending_extraction
SZSE_1214634363,180201,2022-09-21,,distribution_announcement,False,toll_road,human_verified,https://disc.static.szse.cn/disc/disk03/finalpage/2022-09-20/8160df67-b912-4568-9778-815e34582421.PDF,machine_extracted_document
SZSE_1214900690,180201,2022-10-26,2022-09-30,quarterly_report,False,toll_road,human_verified,https://disc.static.szse.cn/disc/disk03/finalpage/2022-10-25/a2372fdb-27e4-47df-8cf3-5176390b3426.PDF,pending_extraction
SZSE_1215666363,180201,2023-01-20,2022-12-31,quarterly_report,False,toll_road,human_verified,https://disc.static.szse.cn/disc/disk03/finalpage/2023-01-19/c838e08d-6211-42f0-b8a3-b903ae8e7f2d.PDF,pending_extraction
SZSE_1216259643,180201,2023-03-30,2022-12-31,annual_report,False,toll_road,human_verified,https://disc.static.szse.cn/disc/disk03/finalpage/2023-03-29/9e79bd0c-a4db-41b3-92ee-24aff9d77978.PDF,observation_source_registered
SZSE_1216378308,180201,2023-04-12,,distribution_announcement,False,toll_road,human_verified,https://disc.static.szse.cn/disc/disk03/finalpage/2023-04-11/a0074a69-ff1b-4c98-b1ac-847c709b5cce.PDF,observation_source_registered
SZSE_1216514338,180201,2023-04-22,2023-03-31,quarterly_report,False,toll_road,human_verified,https://disc.static.szse.cn/disc/disk03/finalpage/2023-04-21/f9b820c3-c724-4c34-9156-08ebc237a313.PDF,observation_source_registered
SZSE_1217347107,180201,2023-07-21,2023-06-30,quarterly_report,False,toll_road,human_verified,https://disc.static.szse.cn/disc/disk03/finalpage/2023-07-20/c06c87b0-093d-438a-a9af-b4e33d5542ac.PDF,observation_source_registered
SZSE_1217490961,180201,2023-08-09,,distribution_announcement,False,toll_road,human_verified,https://disc.static.szse.cn/disc/disk03/finalpage/2023-08-08/690497ce-cbb6-46c5-ae3c-da40765ae52c.PDF,observation_source_registered
SZSE_1217700598,180201,2023-08-30,2023-06-30,semiannual_report,False,toll_road,human_verified,https://disc.static.szse.cn/disc/disk03/finalpage/2023-08-29/4d023a15-0d95-44f5-ac3f-adb254452555.PDF,pending_extraction
SZSE_1218137901,180201,2023-10-25,2023-09-30,quarterly_report,False,toll_road,human_verified,https://disc.static.szse.cn/disc/disk03/finalpage/2023-10-24/f8ffdd8e-fb6f-43d4-ab2a-990b5ea38f1d.PDF,observation_source_registered
SZSE_1218664465,180201,2023-12-20,,distribution_announcement,False,toll_road,human_verified,https://disc.static.szse.cn/disc/disk03/finalpage/2023-12-19/b4cb4645-a2ae-403f-960a-72f2e147239b.PDF,observation_source_registered
SZSE_1218956497,180201,2024-01-22,2023-12-31,quarterly_report,False,toll_road,human_verified,https://disc.static.szse.cn/disc/disk03/finalpage/2024-01-19/23ba2d9e-ff24-42ea-8320-4e6dd3d3c9be.PDF,observation_source_registered
SZSE_1219488985,180201,2024-03-29,2023-12-31,annual_report,False,toll_road,human_verified,https://disc.static.szse.cn/disc/disk03/finalpage/2024-03-29/bfe0b65b-97e5-4b1f-b517-43bf45ffa475.PDF,observation_source_registered
SZSE_1219689355,180201,2024-04-22,,distribution_announcement,False,toll_road,human_verified,https://disc.static.szse.cn/disc/disk03/finalpage/2024-04-19/0da2b2c3-f28a-427e-8562-fb8e50c375ac.PDF,observation_source_registered
SZSE_1219694895,180201,2024-04-22,2024-03-31,quarterly_report,False,toll_road,human_verified,https://disc.static.szse.cn/disc/disk03/finalpage/2024-04-19/617910a5-d264-4041-91c3-e721d71f5a6d.PDF,observation_source_registered
SZSE_1220676362,180201,2024-07-19,2024-06-30,quarterly_report,False,toll_road,human_verified,https://disc.static.szse.cn/disc/disk03/finalpage/2024-07-18/132ceba0-2e96-4c29-8c9c-a91976cccb7a.PDF,observation_source_registered
SZSE_1220753934,180201,2024-07-31,,distribution_announcement,False,toll_road,human_verified,https://disc.static.szse.cn/disc/disk03/finalpage/2024-07-30/52c39005-5f4d-4599-b783-9efdef1dfdce.PDF,observation_source_registered
SZSE_1221055852,180201,2024-08-30,2024-06-30,semiannual_report,False,toll_road,human_verified,https://disc.static.szse.cn/disc/disk03/finalpage/2024-08-29/02d03610-53b5-40d3-bb0e-ec6bf45dcdd4.PDF,pending_extraction
SZSE_1221508383,180201,2024-10-25,2024-09-30,quarterly_report,False,toll_road,human_verified,https://disc.static.szse.cn/disc/disk03/finalpage/2024-10-24/bc9dd1c2-216a-4bc0-81d5-a16ae59c000b.PDF,observation_source_registered
SZSE_1221981385,180201,2024-12-11,,distribution_announcement,False,toll_road,human_verified,https://disc.static.szse.cn/disc/disk03/finalpage/2024-12-10/428cc948-0335-48b4-97c2-cf8e912126b0.PDF,observation_source_registered
SZSE_1222390047,180201,2025-01-22,2024-12-31,quarterly_report,False,toll_road,human_verified,https://disc.static.szse.cn/disc/disk03/finalpage/2025-01-21/20d4c982-7bfa-4832-90b7-389cddd154b1.PDF,observation_source_registered
SZSE_1222940807,180201,2025-03-29,,distribution_announcement,False,toll_road,human_verified,https://disc.static.szse.cn/disc/disk03/finalpage/2025-03-28/4c421aed-f8cc-4804-853b-992526541c19.PDF,observation_source_registered
SZSE_1222945036,180201,2025-03-29,2024-12-31,annual_report,False,toll_road,human_verified,https://disc.static.szse.cn/disc/disk03/finalpage/2025-03-28/3e1ed818-77b7-478e-b086-afbbca8fe2b1.PDF,observation_source_registered
SZSE_1223191935,180201,2025-04-22,2025-03-31,quarterly_report,False,toll_road,human_verified,https://disc.static.szse.cn/disc/disk03/finalpage/2025-04-21/82d28f6c-5509-4872-b707-09c0d9b0b078.PDF,observation_source_registered
SZSE_1224215339,180201,2025-07-21,2025-06-30,quarterly_report,False,toll_road,human_verified,https://disc.static.szse.cn/disc/disk03/finalpage/2025-07-18/4168d84a-8053-469f-95cf-d43588cdbb8d.PDF,observation_source_registered
SZSE_1224601213,180201,2025-08-29,,distribution_announcement,False,toll_road,human_verified,https://disc.static.szse.cn/disc/disk03/finalpage/2025-08-29/27b34ddf-bbe5-48da-bc2e-55fe891eda5c.PDF,observation_source_registered
SZSE_1224608841,180201,2025-08-29,2025-06-30,semiannual_report,False,toll_road,human_verified,https://disc.static.szse.cn/disc/disk03/finalpage/2025-08-29/c1bc7cba-b1ed-468b-ad92-8b59c9124437.PDF,pending_extraction
SZSE_1224744609,180201,2025-10-28,2025-09-30,quarterly_report,False,toll_road,human_verified,https://disc.static.szse.cn/disc/disk03/finalpage/2025-10-28/551605d8-7a7f-4799-bebe-b3f0a6c1a744.PDF,observation_source_registered
SZSE_1224884663,180201,2025-12-19,,distribution_announcement,False,toll_road,human_verified,https://disc.static.szse.cn/disc/disk03/finalpage/2025-12-19/943c1631-8c23-4934-92c8-22d690d8a01a.PDF,observation_source_registered
SZSE_1224944344,180201,2026-01-22,2025-12-31,quarterly_report,False,toll_road,human_verified,https://disc.static.szse.cn/disc/disk03/finalpage/2026-01-22/92edb498-85ef-4a58-bf5e-13c6b07b00c0.PDF,observation_source_registered
SZSE_1225044536,180201,2026-03-28,2025-12-31,annual_report,False,toll_road,human_verified,https://disc.static.szse.cn/disc/disk03/finalpage/2026-03-28/662cc970-bbcc-475f-8595-8ee75a0165af.PDF,observation_source_registered
SZSE_1225086788,180201,2026-04-10,,distribution_announcement,False,toll_road,human_verified,https://disc.static.szse.cn/disc/disk03/finalpage/2026-04-10/513bd77d-ffcd-4214-9056-a7e8dcd91699.PDF,observation_source_registered
SZSE_1225140159,180201,2026-04-22,2026-03-31,quarterly_report,False,toll_road,human_verified,https://disc.static.szse.cn/disc/disk03/finalpage/2026-04-22/fea51f0b-eace-471b-83f1-471ee5f0291a.PDF,observation_source_registered
SZSE_1225433696,180201,2026-07-21,2026-06-30,quarterly_report,False,toll_road,human_verified,https://disc.static.szse.cn/disc/disk03/finalpage/2026-07-21/e98b1e02-6b71-4e0c-8200-c51a13b7b40c.PDF,observation_source_registered
SZSE_1225518343,180201,2026-08-28,,distribution_announcement,False,toll_road,human_verified,https://disc.static.szse.cn/disc/disk03/finalpage/2026-08-28/976f5cee-0945-44be-9af0-54b8686ae8af.PDF,observation_source_registered
SZSE_1225521135,180201,2026-08-28,2026-06-30,semiannual_report,False,toll_road,human_verified,https://disc.static.szse.cn/disc/disk03/finalpage/2026-08-28/ddc97a46-5a47-4c61-bcfd-8a1b2aea3f8d.PDF,pending_extraction
SZSE_1213003663,180202,2022-04-21,2022-03-31,quarterly_report,False,toll_road,official_title_evidence,https://disc.static.szse.cn/disc/disk03/finalpage/2022-04-20/4c22ee7b-6c5e-4afe-b5d6-675af541d4c7.PDF,pending_extraction
SZSE_1214054353,180202,2022-07-18,,distribution_announcement,False,toll_road,official_title_evidence,https://disc.static.szse.cn/disc/disk03/finalpage/2022-07-15/3947cedd-164b-4853-b7fd-abefdd3a4b4d.PDF,fetch_or_parse_failed
SZSE_1214083464,180202,2022-07-20,2022-06-30,quarterly_report,False,toll_road,official_title_evidence,https://disc.static.szse.cn/disc/disk03/finalpage/2022-07-19/4c37559a-a0d8-4138-a073-cd25d057dd6b.PDF,pending_extraction
SZSE_1214448346,180202,2022-08-30,2022-06-30,semiannual_report,False,toll_road,official_title_evidence,https://disc.static.szse.cn/disc/disk03/finalpage/2022-08-29/1194cd17-cb60-4aaf-a4b4-0b716fb54484.PDF,pending_extraction
SZSE_1214647216,180202,2022-09-23,,distribution_announcement,False,toll_road,official_title_evidence,https://disc.static.szse.cn/disc/disk03/finalpage/2022-09-22/5051df14-ee39-46fc-b54b-9590f4125c8c.PDF,fetch_or_parse_failed
SZSE_1214883446,180202,2022-10-25,2022-09-30,quarterly_report,False,toll_road,official_title_evidence,https://disc.static.szse.cn/disc/disk03/finalpage/2022-10-24/6a123d0c-11bb-43d4-a0ad-fbe7ff83f48a.PDF,pending_extraction
SZSE_1215468255,180202,2022-12-29,,distribution_announcement,False,toll_road,official_title_evidence,https://disc.static.szse.cn/disc/disk03/finalpage/2022-12-28/b91f2418-dc91-4ba2-8181-f05472984283.PDF,fetch_or_parse_failed
SZSE_1215669107,180202,2023-01-20,2022-12-31,quarterly_report,False,toll_road,official_title_evidence,https://disc.static.szse.cn/disc/disk03/finalpage/2023-01-19/3bf72004-8bca-4bd0-88da-a4a5f93da416.PDF,pending_extraction
SZSE_1216260706,180202,2023-03-30,2022-12-31,annual_report,False,toll_road,official_title_evidence,https://disc.static.szse.cn/disc/disk03/finalpage/2023-03-29/289a15e9-3c5f-4c08-b04c-e9871f35bc7e.PDF,pending_extraction
SZSE_1216489439,180202,2023-04-21,2023-03-31,quarterly_report,False,toll_road,official_title_evidence,https://disc.static.szse.cn/disc/disk03/finalpage/2023-04-20/26258f16-7486-4310-9da4-022840287f3f.PDF,pending_extraction
SZSE_1216850277,180202,2023-05-19,,distribution_announcement,False,toll_road,official_title_evidence,https://disc.static.szse.cn/disc/disk03/finalpage/2023-05-18/c63c9b93-a5a9-409c-8c9a-e674e2232c3b.PDF,fetch_or_parse_failed
SZSE_1217333911,180202,2023-07-20,2023-06-30,quarterly_report,False,toll_road,official_title_evidence,https://disc.static.szse.cn/disc/disk03/finalpage/2023-07-19/e8eb4e90-aa67-4c35-9a1c-3096cfa8f1db.PDF,pending_extraction
SZSE_1217573802,180202,2023-08-21,,distribution_announcement,False,toll_road,official_title_evidence,https://disc.static.szse.cn/disc/disk03/finalpage/2023-08-18/b930d88f-85e8-463e-8679-d57d975cbae8.PDF,fetch_or_parse_failed
SZSE_1217695111,180202,2023-08-30,2023-06-30,semiannual_report,False,toll_road,official_title_evidence,https://disc.static.szse.cn/disc/disk03/finalpage/2023-08-29/9808c129-e4e1-43fd-bc2c-d1549b2b0824.PDF,pending_extraction
SZSE_1218124016,180202,2023-10-24,2023-09-30,quarterly_report,False,toll_road,official_title_evidence,https://disc.static.szse.cn/disc/disk03/finalpage/2023-10-23/230005e5-6194-48ed-8191-15b26d1aa6b4.PDF,pending_extraction
SZSE_1218477152,180202,2023-11-30,,distribution_announcement,False,toll_road,official_title_evidence,https://disc.static.szse.cn/disc/disk03/finalpage/2023-11-29/d6be45ad-1463-4d05-9bac-0ea638e323dc.PDF,fetch_or_parse_failed
SZSE_1218944057,180202,2024-01-19,2023-12-31,quarterly_report,False,toll_road,official_title_evidence,https://disc.static.szse.cn/disc/disk03/finalpage/2024-01-18/d171741c-9fef-4659-9eed-2158f7ad3ee7.PDF,pending_extraction
SZSE_1219424770,180202,2024-03-28,2023-12-31,annual_report,False,toll_road,official_title_evidence,https://disc.static.szse.cn/disc/disk03/finalpage/2024-03-27/9157ee33-14f9-4c88-8aeb-1313c4e5a0a4.PDF,pending_extraction
SZSE_1219535054,180202,2024-04-09,,distribution_announcement,False,toll_road,official_title_evidence,https://disc.static.szse.cn/disc/disk03/finalpage/2024-04-08/0e43dab4-eff7-4f3a-bdbf-c242cc9dabe9.PDF,machine_extracted_document
SZSE_1219663821,180202,2024-04-19,2024-03-31,quarterly_report,False,toll_road,official_title_evidence,https://disc.static.szse.cn/disc/disk03/finalpage/2024-04-18/ca417b58-a99b-4115-8006-36af656ab0a4.PDF,pending_extraction
SZSE_1220255951,180202,2024-06-05,,distribution_announcement,False,toll_road,official_title_evidence,https://disc.static.szse.cn/disc/disk03/finalpage/2024-06-04/622fea2c-30f9-4a72-b18e-4b10859dfa58.PDF,fetch_or_parse_failed
SZSE_1220663154,180202,2024-07-18,2024-06-30,quarterly_report,False,toll_road,official_title_evidence,https://disc.static.szse.cn/disc/disk03/finalpage/2024-07-17/95b466a1-eb58-4161-b1ae-d6c091c0fed5.PDF,pending_extraction
SZSE_1220998212,180202,2024-08-28,,distribution_announcement,False,toll_road,official_title_evidence,https://disc.static.szse.cn/disc/disk03/finalpage/2024-08-27/bf56909c-208b-4d3d-b412-d58a4fd1e161.PDF,fetch_or_parse_failed
SZSE_1221046594,180202,2024-08-30,2024-06-30,semiannual_report,False,toll_road,official_title_evidence,https://disc.static.szse.cn/disc/disk03/finalpage/2024-08-29/d270519a-b126-49ea-8eca-c885fd7d126a.PDF,pending_extraction
SZSE_1221505014,180202,2024-10-25,2024-09-30,quarterly_report,False,toll_road,official_title_evidence,https://disc.static.szse.cn/disc/disk03/finalpage/2024-10-24/c09ea07a-34e3-48f8-bc55-a78259b020f7.PDF,pending_extraction
SZSE_1221916707,180202,2024-12-04,,distribution_announcement,False,toll_road,official_title_evidence,https://disc.static.szse.cn/disc/disk03/finalpage/2024-12-03/e6d6e4fb-fe48-43fb-88a9-bafe98d8e513.PDF,fetch_or_parse_failed
SZSE_1222390050,180202,2025-01-22,2024-12-31,quarterly_report,False,toll_road,official_title_evidence,https://disc.static.szse.cn/disc/disk03/finalpage/2025-01-21/ece93205-611d-445d-a81b-3679f79c6b04.PDF,pending_extraction
SZSE_1222942692,180202,2025-03-31,2024-12-31,annual_report,False,toll_road,official_title_evidence,https://disc.static.szse.cn/disc/disk03/finalpage/2025-03-28/eb3b9c11-d6d8-4735-890b-8e9c54ca891b.PDF,pending_extraction
SZSE_1223193943,180202,2025-04-22,2025-03-31,quarterly_report,False,toll_road,official_title_evidence,https://disc.static.szse.cn/disc/disk03/finalpage/2025-04-21/7a325edf-e9b3-4dee-970f-4c081e966c9e.PDF,pending_extraction
SZSE_1223487831,180202,2025-05-08,,distribution_announcement,False,toll_road,official_title_evidence,https://disc.static.szse.cn/disc/disk03/finalpage/2025-05-07/2c586898-79a1-40a6-9ab1-bee31803a59c.PDF,fetch_or_parse_failed
SZSE_1224102826,180202,2025-07-09,,distribution_announcement,False,toll_road,official_title_evidence,https://disc.static.szse.cn/disc/disk03/finalpage/2025-07-08/07c07eba-cb89-40fd-b161-3167e5b707f9.PDF,fetch_or_parse_failed
SZSE_1224214604,180202,2025-07-21,2025-06-30,quarterly_report,False,toll_road,official_title_evidence,https://disc.static.szse.cn/disc/disk03/finalpage/2025-07-18/32858ca9-70e9-4a57-8beb-418948500dc9.PDF,pending_extraction
SZSE_1224618637,180202,2025-08-30,2025-06-30,semiannual_report,False,toll_road,official_title_evidence,https://disc.static.szse.cn/disc/disk03/finalpage/2025-08-30/b51eef9e-d981-4d44-9fab-b273462021f0.PDF,pending_extraction
SZSE_1224646623,180202,2025-09-10,,distribution_announcement,False,toll_road,official_title_evidence,https://disc.static.szse.cn/disc/disk03/finalpage/2025-09-10/92dbfb44-0aa8-4b23-96d9-04d8484b65bf.PDF,fetch_or_parse_failed
SZSE_1224743426,180202,2025-10-28,2025-09-30,quarterly_report,False,toll_road,official_title_evidence,https://disc.static.szse.cn/disc/disk03/finalpage/2025-10-28/1bf029a3-6381-484f-ad1c-3b79cc26db68.PDF,pending_extraction
SZSE_1224849801,180202,2025-12-05,,distribution_announcement,False,toll_road,official_title_evidence,https://disc.static.szse.cn/disc/disk03/finalpage/2025-12-05/9ad1c774-598f-4b5c-8b9b-ee9dbcaf6fb4.PDF,fetch_or_parse_failed
SZSE_1224944724,180202,2026-01-22,2025-12-31,quarterly_report,False,toll_road,official_title_evidence,https://disc.static.szse.cn/disc/disk03/finalpage/2026-01-22/b8466fa7-fb62-41d6-8d95-58d2ee753f82.PDF,pending_extraction
SZSE_1225052454,180202,2026-03-31,2025-12-31,annual_report,False,toll_road,official_title_evidence,https://disc.static.szse.cn/disc/disk03/finalpage/2026-03-31/fd245a16-3308-4a67-b610-74a0047f9d55.PDF,pending_extraction
SZSE_1225137718,180202,2026-04-22,2026-03-31,quarterly_report,False,toll_road,official_title_evidence,https://disc.static.szse.cn/disc/disk03/finalpage/2026-04-22/d8a361a5-cfc5-4b71-9fcf-946c7330bb55.PDF,pending_extraction
SZSE_1225315278,180202,2026-05-20,,distribution_announcement,False,toll_road,official_title_evidence,https://disc.static.szse.cn/disc/disk03/finalpage/2026-05-20/6ac4a6cf-ed89-456b-8504-86b50b1f34a8.PDF,fetch_or_parse_failed
SZSE_1225434059,180202,2026-07-21,2026-06-30,quarterly_report,False,toll_road,official_title_evidence,https://disc.static.szse.cn/disc/disk03/finalpage/2026-07-21/be267523-b8eb-4c32-9ba4-083e4bd7f0be.PDF,pending_extraction
SZSE_1222141787,180203,2024-12-26,,distribution_announcement,False,toll_road,official_title_evidence,https://disc.static.szse.cn/disc/disk03/finalpage/2024-12-25/ab041434-5163-440c-b809-383b1c75a0aa.PDF,machine_extracted_document
SZSE_1222380101,180203,2025-01-21,2024-12-31,quarterly_report,False,toll_road,official_title_evidence,https://disc.static.szse.cn/disc/disk03/finalpage/2025-01-20/5129f929-f87a-4c05-b036-e5ea5b7b7450.PDF,pending_extraction
SZSE_1222925749,180203,2025-03-28,2024-12-31,annual_report,False,toll_road,official_title_evidence,https://disc.static.szse.cn/disc/disk03/finalpage/2025-03-27/0d44875d-7e91-466e-a528-ce87443cd88a.PDF,pending_extraction
SZSE_1223149525,180203,2025-04-21,2025-03-31,quarterly_report,False,toll_road,official_title_evidence,https://disc.static.szse.cn/disc/disk03/finalpage/2025-04-18/71837f59-81c6-4f7c-9e01-2e98be2576f2.PDF,pending_extraction
SZSE_1223624610,180203,2025-05-22,,distribution_announcement,False,toll_road,official_title_evidence,https://disc.static.szse.cn/disc/disk03/finalpage/2025-05-21/3da0848e-b551-46a7-b406-23a8cb2d2c79.PDF,machine_extracted_document
SZSE_1224203277,180203,2025-07-18,2025-06-30,quarterly_report,False,toll_road,official_title_evidence,https://disc.static.szse.cn/disc/disk03/finalpage/2025-07-17/03fffc5e-ca67-4cce-ab82-0977d1238cdc.PDF,pending_extraction
SZSE_1224595486,180203,2025-08-28,2025-06-30,semiannual_report,False,toll_road,official_title_evidence,https://disc.static.szse.cn/disc/disk03/finalpage/2025-08-28/a8f43258-c5e6-41bf-b835-df9d05de4dc5.PDF,pending_extraction
SZSE_1224735390,180203,2025-10-27,2025-09-30,quarterly_report,False,toll_road,official_title_evidence,https://disc.static.szse.cn/disc/disk03/finalpage/2025-10-27/9b4325ca-a197-4daa-82eb-7c7661263bb1.PDF,pending_extraction
SZSE_1224814300,180203,2025-11-20,,distribution_announcement,False,toll_road,official_title_evidence,https://disc.static.szse.cn/disc/disk03/finalpage/2025-11-20/316c06b2-1a19-4a0a-94c3-07001b3baaa4.PDF,machine_extracted_document
SZSE_1224943433,180203,2026-01-22,2025-12-31,quarterly_report,False,toll_road,official_title_evidence,https://disc.static.szse.cn/disc/disk03/finalpage/2026-01-22/99df7e8f-0f09-487a-8a5e-5f5d3eac5429.PDF,pending_extraction
SZSE_1225052090,180203,2026-03-31,2025-12-31,annual_report,False,toll_road,official_title_evidence,https://disc.static.szse.cn/disc/disk03/finalpage/2026-03-31/74c7f6c6-b7da-47ef-b024-30c6e9e45545.PDF,pending_extraction
SZSE_1225139944,180203,2026-04-22,2026-03-31,quarterly_report,False,toll_road,official_title_evidence,https://disc.static.szse.cn/disc/disk03/finalpage/2026-04-22/67fec293-c9c8-49cd-888a-48ecf404a6b1.PDF,pending_extraction
SZSE_1225288054,180203,2026-05-12,,distribution_announcement,False,toll_road,official_title_evidence,https://disc.static.szse.cn/disc/disk03/finalpage/2026-05-12/c8d1764c-eb70-4494-b155-93bf023ce78d.PDF,machine_extracted_document
SZSE_1225433657,180203,2026-07-21,2026-06-30,quarterly_report,False,toll_road,official_title_evidence,https://disc.static.szse.cn/disc/disk03/finalpage/2026-07-21/a8e96566-0853-4555-a8c5-1f4ec4fc4543.PDF,pending_extraction
SZSE_1225461475,180203,2026-08-07,,distribution_announcement,False,toll_road,official_title_evidence,https://disc.static.szse.cn/disc/disk03/finalpage/2026-08-07/a03430cd-983f-42b2-9a79-c254b0b9199b.PDF,machine_extracted_document
SZSE_1211387334,180301,2021-10-27,2021-09-30,quarterly_report,False,logistics,human_verified,https://disc.static.szse.cn/disc/disk02/finalpage/2021-10-27/027a4858-a2f8-4632-ad16-fb1e201f4ffb.PDF,pending_extraction
SZSE_1212240186,180301,2022-01-22,2021-12-31,quarterly_report,False,logistics,human_verified,https://disc.static.szse.cn/disc/disk03/finalpage/2022-01-22/8988da0d-22cc-43f5-98fe-9638c4ec113d.PDF,pending_extraction
SZSE_1212727534,180301,2022-03-30,2021-12-31,annual_report,False,logistics,human_verified,https://disc.static.szse.cn/disc/disk03/finalpage/2022-03-30/bb4467a7-fbf3-4ffb-9883-bc6667674b8c.PDF,pending_extraction
SZSE_1212739209,180301,2022-03-31,,distribution_announcement,False,logistics,human_verified,https://disc.static.szse.cn/disc/disk03/finalpage/2022-03-31/b7bbb71a-df2e-45eb-98ec-005fc1527c42.PDF,fetch_or_parse_failed
SZSE_1213042017,180301,2022-04-23,2022-03-31,quarterly_report,False,logistics,human_verified,https://disc.static.szse.cn/disc/disk03/finalpage/2022-04-22/2fa72b99-e2b5-41c4-95b8-25a771fad666.PDF,pending_extraction
SZSE_1214095884,180301,2022-07-21,2022-06-30,quarterly_report,False,logistics,human_verified,https://disc.static.szse.cn/disc/disk03/finalpage/2022-07-20/c9a57c4c-d09e-41af-bb86-a0b5b1c0e5ac.PDF,pending_extraction
SZSE_1214471662,180301,2022-08-31,2022-06-30,semiannual_report,False,logistics,human_verified,https://disc.static.szse.cn/disc/disk03/finalpage/2022-08-30/ff36bcbc-92ef-4d96-92bf-ad290d4c8205.PDF,pending_extraction
SZSE_1214899953,180301,2022-10-26,2022-09-30,quarterly_report,False,logistics,human_verified,https://disc.static.szse.cn/disc/disk03/finalpage/2022-10-25/63068e30-bffb-4972-aeb4-0bef014bd74a.PDF,pending_extraction
SZSE_1215663339,180301,2023-01-20,2022-12-31,quarterly_report,False,logistics,human_verified,https://disc.static.szse.cn/disc/disk03/finalpage/2023-01-19/41405f5e-00d8-4e18-8c90-5eaae33d4799.PDF,pending_extraction
SZSE_1216277581,180301,2023-03-31,2022-12-31,annual_report,False,logistics,human_verified,https://disc.static.szse.cn/disc/disk03/finalpage/2023-03-30/4203d96c-4082-4593-9439-d84c3fc8d5a2.PDF,observation_source_registered
SZSE_1216486968,180301,2023-04-21,,distribution_announcement,False,logistics,human_verified,https://disc.static.szse.cn/disc/disk03/finalpage/2023-04-21/610c4861-afaa-46b3-bdf2-a748e2bbfff6.PDF,observation_source_registered
SZSE_1216486984,180301,2023-04-21,2023-03-31,quarterly_report,False,logistics,human_verified,https://disc.static.szse.cn/disc/disk03/finalpage/2023-04-20/d012845b-857c-47d0-b9f5-226a06534aa5.PDF,observation_source_registered
SZSE_1217345739,180301,2023-07-21,2023-06-30,quarterly_report,False,logistics,human_verified,https://disc.static.szse.cn/disc/disk03/finalpage/2023-07-20/6f9150b7-6284-4d7d-a7b7-e5b1aaf2d4db.PDF,observation_source_registered
SZSE_1217709422,180301,2023-08-31,2023-06-30,semiannual_report,False,logistics,human_verified,https://disc.static.szse.cn/disc/disk03/finalpage/2023-08-30/2b46c18c-f6c8-424d-b2bd-9ed901396362.PDF,pending_extraction
SZSE_1217884543,180301,2023-09-19,,distribution_announcement,False,logistics,human_verified,https://disc.static.szse.cn/disc/disk03/finalpage/2023-09-19/46992379-7fe4-471e-885e-66f38c493769.PDF,observation_source_registered
SZSE_1218133516,180301,2023-10-25,2023-09-30,quarterly_report,False,logistics,human_verified,https://disc.static.szse.cn/disc/disk03/finalpage/2023-10-24/1acd47f8-9d1a-4493-b524-0f3d6db28751.PDF,observation_source_registered
SZSE_1218956679,180301,2024-01-20,2023-12-31,quarterly_report,False,logistics,human_verified,https://disc.static.szse.cn/disc/disk03/finalpage/2024-01-19/0d4f700b-f6e8-464d-a2f9-33fa66600ac7.PDF,observation_source_registered
SZSE_1219460292,180301,2024-03-30,2023-12-31,annual_report,False,logistics,human_verified,https://disc.static.szse.cn/disc/disk03/finalpage/2024-03-30/3cbbbcb9-addc-4866-b181-ec8018385cdc.PDF,observation_source_registered
SZSE_1219463314,180301,2024-03-30,,distribution_announcement,False,logistics,human_verified,https://disc.static.szse.cn/disc/disk03/finalpage/2024-03-30/a9e6a863-5214-41aa-9e35-5c0708dff784.PDF,observation_source_registered
SZSE_1219689585,180301,2024-04-20,2024-03-31,quarterly_report,False,logistics,human_verified,https://disc.static.szse.cn/disc/disk03/finalpage/2024-04-19/08686eb4-8cd8-4c56-9f85-a9844caa0f99.PDF,observation_source_registered
SZSE_1220674820,180301,2024-07-19,2024-06-30,quarterly_report,False,logistics,human_verified,https://disc.static.szse.cn/disc/disk03/finalpage/2024-07-18/bafd41bf-16ad-4a51-a0e3-0715b4a8fd7f.PDF,observation_source_registered
SZSE_1220805556,180301,2024-08-07,,distribution_announcement,False,logistics,human_verified,https://disc.static.szse.cn/disc/disk03/finalpage/2024-08-07/0c53abc6-0d63-4791-b441-48255bc6e72d.PDF,observation_source_registered
SZSE_1221105386,180301,2024-08-30,2024-06-30,semiannual_report,False,logistics,human_verified,https://disc.static.szse.cn/disc/disk03/finalpage/2024-08-30/298f7a48-0c0d-45d6-85dc-944ea7ee5a59.PDF,pending_extraction
SZSE_1221505102,180301,2024-10-25,2024-09-30,quarterly_report,False,logistics,human_verified,https://disc.static.szse.cn/disc/disk03/finalpage/2024-10-24/3b3b6375-766a-4574-899b-27ee0abc5ce7.PDF,observation_source_registered
SZSE_1221601818,180301,2024-11-04,,distribution_announcement,False,logistics,human_verified,https://disc.static.szse.cn/disc/disk03/finalpage/2024-11-04/ba0148a0-ea94-4934-a810-b326dbfd0cb8.PDF,observation_source_registered
SZSE_1222389148,180301,2025-01-22,2024-12-31,quarterly_report,False,logistics,human_verified,https://disc.static.szse.cn/disc/disk03/finalpage/2025-01-21/9e9775f1-dd8e-4700-9128-69bf453d3bef.PDF,observation_source_registered
SZSE_1222923225,180301,2025-03-28,,distribution_announcement,False,logistics,human_verified,https://disc.static.szse.cn/disc/disk03/finalpage/2025-03-28/6a290137-5615-4734-8d78-86c12ef0c1ce.PDF,observation_source_registered
SZSE_1222939816,180301,2025-03-31,2024-12-31,annual_report,False,logistics,human_verified,https://disc.static.szse.cn/disc/disk03/finalpage/2025-03-28/06728b42-8055-4b0a-a360-0cb7f5c868d3.PDF,observation_source_registered
SZSE_1223185276,180301,2025-04-22,2025-03-31,quarterly_report,False,logistics,human_verified,https://disc.static.szse.cn/disc/disk03/finalpage/2025-04-21/b0bcddad-a269-4ab9-a273-2455ebc55a5b.PDF,observation_source_registered
SZSE_1224202354,180301,2025-07-18,2025-06-30,quarterly_report,False,logistics,human_verified,https://disc.static.szse.cn/disc/disk03/finalpage/2025-07-17/f7053c53-862d-4cf8-af8f-f86772dc8b42.PDF,observation_source_registered
SZSE_1224601207,180301,2025-08-29,,distribution_announcement,False,logistics,human_verified,https://disc.static.szse.cn/disc/disk03/finalpage/2025-08-29/25ab9279-d564-4975-95f5-3fe3c6f2eea2.PDF,observation_source_registered
SZSE_1224606925,180301,2025-08-29,2025-06-30,semiannual_report,False,logistics,human_verified,https://disc.static.szse.cn/disc/disk03/finalpage/2025-08-29/87fc2770-387b-4af1-8765-d479e1c7a9a3.PDF,pending_extraction
SZSE_1224738313,180301,2025-10-28,2025-09-30,quarterly_report,False,logistics,human_verified,https://disc.static.szse.cn/disc/disk03/finalpage/2025-10-28/24c3b580-8ad4-4227-9b7f-b7226f67687b.PDF,observation_source_registered
SZSE_1224791748,180301,2025-11-10,,distribution_announcement,False,logistics,human_verified,https://disc.static.szse.cn/disc/disk03/finalpage/2025-11-10/25c21dfa-29b8-481b-93a3-888844e63f33.PDF,observation_source_registered
SZSE_1224943596,180301,2026-01-22,2025-12-31,quarterly_report,False,logistics,human_verified,https://disc.static.szse.cn/disc/disk03/finalpage/2026-01-22/0c6409cd-e594-4ccf-8eab-4725545f9759.PDF,observation_source_registered
SZSE_1225050870,180301,2026-03-31,2025-12-31,annual_report,False,logistics,human_verified,https://disc.static.szse.cn/disc/disk03/finalpage/2026-03-31/67a77f9f-3c13-4e1c-b803-15acecd1912a.PDF,observation_source_registered
SZSE_1225081551,180301,2026-04-08,,distribution_announcement,False,logistics,human_verified,https://disc.static.szse.cn/disc/disk03/finalpage/2026-04-08/0f723a38-0ee4-4105-9b7b-c4113741cbbd.PDF,observation_source_registered
SZSE_1225127044,180301,2026-04-21,2026-03-31,quarterly_report,False,logistics,human_verified,https://disc.static.szse.cn/disc/disk03/finalpage/2026-04-21/33b4e72c-3e28-4b27-866b-b9ea97a1ecb7.PDF,observation_source_registered
SZSE_1225432330,180301,2026-07-21,2026-06-30,quarterly_report,False,logistics,human_verified,https://disc.static.szse.cn/disc/disk03/finalpage/2026-07-21/07522a94-dc7a-46f6-b694-51f76af36494.PDF,observation_source_registered
SZSE_1221505081,180302,2024-10-25,2024-09-30,quarterly_report,False,logistics,official_title_evidence,https://disc.static.szse.cn/disc/disk03/finalpage/2024-10-24/761bd1ae-020b-4675-a59e-e092691280cf.PDF,pending_extraction
SZSE_1221639507,180302,2024-11-07,,distribution_announcement,False,logistics,official_title_evidence,https://disc.static.szse.cn/disc/disk03/finalpage/2024-11-06/9bc95885-14f2-4391-bd52-1177237d8fe7.PDF,machine_extracted_document
SZSE_1222389974,180302,2025-01-22,2024-12-31,quarterly_report,False,logistics,official_title_evidence,https://disc.static.szse.cn/disc/disk03/finalpage/2025-01-21/42f2447d-fc1e-4345-92aa-c385f8abc469.PDF,pending_extraction
SZSE_1222472269,180302,2025-02-07,,distribution_announcement,False,logistics,official_title_evidence,https://disc.static.szse.cn/disc/disk03/finalpage/2025-02-06/0c315ea7-1493-4067-ab4f-a2915142cf96.PDF,fetch_or_parse_failed
SZSE_1222939758,180302,2025-03-31,2024-12-31,annual_report,False,logistics,official_title_evidence,https://disc.static.szse.cn/disc/disk03/finalpage/2025-03-28/748be56e-3ea9-485c-a813-1b5ee73fe22c.PDF,pending_extraction
SZSE_1223193825,180302,2025-04-22,2025-03-31,quarterly_report,False,logistics,official_title_evidence,https://disc.static.szse.cn/disc/disk03/finalpage/2025-04-21/e528ad04-7708-47d3-b574-752392ff2a85.PDF,pending_extraction
SZSE_1223834134,180302,2025-06-11,,distribution_announcement,False,logistics,official_title_evidence,https://disc.static.szse.cn/disc/disk03/finalpage/2025-06-10/2dc0da22-2208-4570-9a38-81279d62ab7d.PDF,fetch_or_parse_failed
SZSE_1224214571,180302,2025-07-21,2025-06-30,quarterly_report,False,logistics,official_title_evidence,https://disc.static.szse.cn/disc/disk03/finalpage/2025-07-18/6b5fbc97-3a44-40c0-b599-4a70ba0c6180.PDF,pending_extraction
SZSE_1224516802,180302,2025-08-20,,distribution_announcement,False,logistics,official_title_evidence,https://disc.static.szse.cn/disc/disk03/finalpage/2025-08-20/2c414772-ed9b-4d40-b916-0dd3715c861e.pdf,fetch_or_parse_failed
SZSE_1224618927,180302,2025-08-30,2025-06-30,semiannual_report,False,logistics,official_title_evidence,https://disc.static.szse.cn/disc/disk03/finalpage/2025-08-30/7316e665-f7a3-43b7-a8ee-5e654ca9d9b6.PDF,pending_extraction
SZSE_1224743439,180302,2025-10-28,2025-09-30,quarterly_report,False,logistics,official_title_evidence,https://disc.static.szse.cn/disc/disk03/finalpage/2025-10-28/7b90e0d5-bd0b-4974-9d48-0c4c3b3adabd.PDF,pending_extraction
SZSE_1224811778,180302,2025-11-19,,distribution_announcement,False,logistics,official_title_evidence,https://disc.static.szse.cn/disc/disk03/finalpage/2025-11-19/37476459-e9cf-4daa-8181-a555cf1ad112.PDF,fetch_or_parse_failed
SZSE_1224944752,180302,2026-01-22,2025-12-31,quarterly_report,False,logistics,official_title_evidence,https://disc.static.szse.cn/disc/disk03/finalpage/2026-01-22/ab964bcc-f1fb-412e-95b3-2b84408e118e.PDF,pending_extraction
SZSE_1225052557,180302,2026-03-31,2025-12-31,annual_report,False,logistics,official_title_evidence,https://disc.static.szse.cn/disc/disk03/finalpage/2026-03-31/842c4648-3697-46f4-b64a-6c23aac00f86.PDF,pending_extraction
SZSE_1225083700,180302,2026-04-09,,distribution_announcement,False,logistics,official_title_evidence,https://disc.static.szse.cn/disc/disk03/finalpage/2026-04-09/2cdce838-2e83-4944-a2a0-a9f19b3db4e5.PDF,fetch_or_parse_failed
SZSE_1225138176,180302,2026-04-22,2026-03-31,quarterly_report,False,logistics,official_title_evidence,https://disc.static.szse.cn/disc/disk03/finalpage/2026-04-22/6170e77a-8410-4c55-8612-26e0eb3b3e36.PDF,pending_extraction
SZSE_1225386788,180302,2026-06-26,,distribution_announcement,False,logistics,official_title_evidence,https://disc.static.szse.cn/disc/disk03/finalpage/2026-06-26/a95b6791-6458-4f77-816e-0e9957aaf4e4.PDF,fetch_or_parse_failed
SZSE_1225434097,180302,2026-07-21,2026-06-30,quarterly_report,False,logistics,official_title_evidence,https://disc.static.szse.cn/disc/disk03/finalpage/2026-07-21/372c364d-09b0-4fff-bc61-5c04a2b4b991.PDF,pending_extraction
SZSE_1222379168,180303,2025-01-21,2024-12-31,quarterly_report,False,logistics,official_title_evidence,https://disc.static.szse.cn/disc/disk03/finalpage/2025-01-20/022723ba-e381-4be5-a57e-87a042555c54.PDF,pending_extraction
SZSE_1222921125,180303,2025-03-28,,distribution_announcement,False,logistics,official_title_evidence,https://disc.static.szse.cn/disc/disk03/finalpage/2025-03-28/c46681f8-9812-4fb5-a65c-0e220a0f1d65.PDF,fetch_or_parse_failed
SZSE_1222945475,180303,2025-03-31,2024-12-31,annual_report,False,logistics,official_title_evidence,https://disc.static.szse.cn/disc/disk03/finalpage/2025-03-28/fb003587-f7e7-41d8-aa81-0a8ef7385d8e.PDF,pending_extraction
SZSE_1223191415,180303,2025-04-22,2025-03-31,quarterly_report,False,logistics,official_title_evidence,https://disc.static.szse.cn/disc/disk03/finalpage/2025-04-21/296c9fbc-677b-488e-a34f-fee60b5c406f.PDF,pending_extraction
SZSE_1224215185,180303,2025-07-21,2025-06-30,quarterly_report,False,logistics,official_title_evidence,https://disc.static.szse.cn/disc/disk03/finalpage/2025-07-18/0b1b7832-6b61-48ec-b029-01eaa5bdec54.PDF,pending_extraction
SZSE_1224574244,180303,2025-08-27,,distribution_announcement,False,logistics,official_title_evidence,https://disc.static.szse.cn/disc/disk03/finalpage/2025-08-27/8c206697-4b9f-4458-8523-afd0efa188db.PDF,machine_extracted_document
SZSE_1224614174,180303,2025-08-29,2025-06-30,semiannual_report,False,logistics,official_title_evidence,https://disc.static.szse.cn/disc/disk03/finalpage/2025-08-29/425f8f50-1b4b-480c-b222-b00ed36fecfc.PDF,pending_extraction
SZSE_1224746833,180303,2025-10-28,2025-09-30,quarterly_report,False,logistics,official_title_evidence,https://disc.static.szse.cn/disc/disk03/finalpage/2025-10-28/f669d922-8814-4b73-b846-dbd591f22f66.PDF,pending_extraction
SZSE_1224880570,180303,2025-12-17,,distribution_announcement,False,logistics,official_title_evidence,https://disc.static.szse.cn/disc/disk03/finalpage/2025-12-17/59cd2e14-9af0-497d-bbbe-76543b17f4d6.PDF,machine_extracted_document
SZSE_1224943842,180303,2026-01-22,2025-12-31,quarterly_report,False,logistics,official_title_evidence,https://disc.static.szse.cn/disc/disk03/finalpage/2026-01-22/7e6f70b7-f855-4971-ad28-722e3a9fed62.PDF,pending_extraction
SZSE_1225059620,180303,2026-03-31,2025-12-31,annual_report,False,logistics,official_title_evidence,https://disc.static.szse.cn/disc/disk03/finalpage/2026-03-31/668a6e3a-1b03-4f1f-840c-7b014699f2dd.PDF,pending_extraction
SZSE_1225124399,180303,2026-04-21,,distribution_announcement,False,logistics,official_title_evidence,https://disc.static.szse.cn/disc/disk03/finalpage/2026-04-21/80f779cb-9f89-499d-8e61-3311984267a5.PDF,machine_extracted_document
SZSE_1225136074,180303,2026-04-22,2026-03-31,quarterly_report,False,logistics,official_title_evidence,https://disc.static.szse.cn/disc/disk03/finalpage/2026-04-22/c302fa2a-3836-478b-8c49-036454a9eb89.PDF,pending_extraction
SZSE_1225432460,180303,2026-07-21,2026-06-30,quarterly_report,False,logistics,official_title_evidence,https://disc.static.szse.cn/disc/disk03/finalpage/2026-07-21/0e9cfb17-615f-435a-bd63-3504bf81d6e8.PDF,pending_extraction
SZSE_1225481941,180303,2026-08-20,,distribution_announcement,False,logistics,official_title_evidence,https://disc.static.szse.cn/disc/disk03/finalpage/2026-08-20/1f5d676e-92c6-4d63-ab06-437fcabe38c8.PDF,machine_extracted_document
SZSE_1224216672,180305,2025-07-21,2025-06-30,quarterly_report,False,logistics,official_title_evidence,https://disc.static.szse.cn/disc/disk03/finalpage/2025-07-18/36455de1-4f5d-4dd3-8f83-ceed4acb98f0.PDF,pending_extraction
SZSE_1224628872,180305,2025-08-30,2025-06-30,semiannual_report,False,logistics,official_title_evidence,https://disc.static.szse.cn/disc/disk03/finalpage/2025-08-30/4781db99-9851-49b3-967e-20f88e35cfb1.PDF,pending_extraction
SZSE_1224745332,180305,2025-10-28,2025-09-30,quarterly_report,False,logistics,official_title_evidence,https://disc.static.szse.cn/disc/disk03/finalpage/2025-10-28/1b129f08-9010-46f1-99d1-0fdafd6c3a9a.PDF,pending_extraction
SZSE_1224944649,180305,2026-01-22,2025-12-31,quarterly_report,False,logistics,official_title_evidence,https://disc.static.szse.cn/disc/disk03/finalpage/2026-01-22/9f07fcd0-9dd0-463d-a3e9-317ad2f513ac.PDF,pending_extraction
SZSE_1225063399,180305,2026-03-31,2025-12-31,annual_report,False,logistics,official_title_evidence,https://disc.static.szse.cn/disc/disk03/finalpage/2026-03-31/eca64187-3e83-4c25-bebc-27ff1f33730f.PDF,pending_extraction
SZSE_1225138231,180305,2026-04-22,2026-03-31,quarterly_report,False,logistics,official_title_evidence,https://disc.static.szse.cn/disc/disk03/finalpage/2026-04-22/5a7b88b5-cbac-437f-b48c-94944ba45d10.PDF,pending_extraction
SZSE_1225434192,180305,2026-07-21,2026-06-30,quarterly_report,False,logistics,official_title_evidence,https://disc.static.szse.cn/disc/disk03/finalpage/2026-07-21/02292f89-fbb6-48d2-ace9-4d3ef573683f.PDF,pending_extraction
SZSE_1225138007,180306,2026-04-22,2026-03-31,quarterly_report,False,logistics,official_title_evidence,https://disc.static.szse.cn/disc/disk03/finalpage/2026-04-22/b567cae5-0b9f-4845-b0c8-02a30c7f11ae.PDF,pending_extraction
SZSE_1225330050,180306,2026-05-27,,distribution_announcement,False,logistics,official_title_evidence,https://disc.static.szse.cn/disc/disk03/finalpage/2026-05-27/73ca5ccc-def6-4de0-8005-d9b734f147f8.PDF,fetch_or_parse_failed
SZSE_1225434061,180306,2026-07-21,2026-06-30,quarterly_report,False,logistics,official_title_evidence,https://disc.static.szse.cn/disc/disk03/finalpage/2026-07-21/e915fd62-2eff-4f0e-b980-8d7bfaf982a9.PDF,pending_extraction
SZSE_1225485149,180306,2026-08-21,,distribution_announcement,False,logistics,official_title_evidence,https://disc.static.szse.cn/disc/disk03/finalpage/2026-08-21/f8d486ff-13dd-49da-add1-1e5093d2db9b.PDF,fetch_or_parse_failed
SZSE_1214884507,180401,2022-10-25,2022-09-30,quarterly_report,False,gas_power,human_verified,https://disc.static.szse.cn/disc/disk03/finalpage/2022-10-24/d4bb7e2c-f4c9-48c4-a120-1ad88a90ba05.PDF,pending_extraction
SZSE_1215668650,180401,2023-01-20,2022-12-31,quarterly_report,False,gas_power,human_verified,https://disc.static.szse.cn/disc/disk03/finalpage/2023-01-19/10a67980-bf7f-4580-b039-3ac8fd5905c3.PDF,pending_extraction
SZSE_1216263202,180401,2023-03-30,2022-12-31,annual_report,False,gas_power,human_verified,https://disc.static.szse.cn/disc/disk03/finalpage/2023-03-29/7d9113f0-8374-47dd-a63d-815c82857ccb.PDF,observation_source_registered
SZSE_1216496666,180401,2023-04-21,2023-03-31,quarterly_report,False,gas_power,human_verified,https://disc.static.szse.cn/disc/disk03/finalpage/2023-04-20/13cffc1a-2278-4c52-a96f-f275cf7c2436.PDF,observation_source_registered
SZSE_1216806898,180401,2023-05-15,,distribution_announcement,False,gas_power,human_verified,https://disc.static.szse.cn/disc/disk03/finalpage/2023-05-12/c205cd28-649c-4263-8af8-2440e02cc2e1.PDF,observation_source_registered
SZSE_1217315893,180401,2023-07-18,2023-06-30,quarterly_report,False,gas_power,human_verified,https://disc.static.szse.cn/disc/disk03/finalpage/2023-07-17/1304168a-0af3-4740-a354-1267a8446ddc.PDF,observation_source_registered
SZSE_1217699697,180401,2023-08-30,2023-06-30,semiannual_report,False,gas_power,human_verified,https://disc.static.szse.cn/disc/disk03/finalpage/2023-08-29/f4563988-ca37-4558-9750-06fd629803c2.PDF,pending_extraction
SZSE_1218124391,180401,2023-10-24,2023-09-30,quarterly_report,False,gas_power,human_verified,https://disc.static.szse.cn/disc/disk03/finalpage/2023-10-23/10bee5dc-eb05-4395-9d1f-a2929d19c174.PDF,observation_source_registered
SZSE_1218533668,180401,2023-12-07,,distribution_announcement,False,gas_power,human_verified,https://disc.static.szse.cn/disc/disk03/finalpage/2023-12-06/15c60f49-33d8-4502-89c1-e0244a7f9d2c.PDF,observation_source_registered
SZSE_1218945900,180401,2024-01-19,2023-12-31,quarterly_report,False,gas_power,human_verified,https://disc.static.szse.cn/disc/disk03/finalpage/2024-01-18/bb6b1af8-332a-4a35-8b21-34944279e5f1.PDF,observation_source_registered
SZSE_1219429741,180401,2024-03-28,2023-12-31,annual_report,False,gas_power,human_verified,https://disc.static.szse.cn/disc/disk03/finalpage/2024-03-27/b4403890-772f-47e9-a2a1-f4d4ac48e550.PDF,observation_source_registered
SZSE_1219663184,180401,2024-04-19,2024-03-31,quarterly_report,False,gas_power,human_verified,https://disc.static.szse.cn/disc/disk03/finalpage/2024-04-18/a468ab7e-8986-42ec-9ac4-85ce5a665359.PDF,observation_source_registered
SZSE_1219736612,180401,2024-04-23,,distribution_announcement,False,gas_power,human_verified,https://disc.static.szse.cn/disc/disk03/finalpage/2024-04-22/853371eb-9cd9-449e-8119-7c70b9af4392.PDF,observation_source_registered
SZSE_1220664855,180401,2024-07-18,2024-06-30,quarterly_report,False,gas_power,human_verified,https://disc.static.szse.cn/disc/disk03/finalpage/2024-07-17/16f58f15-98f2-48de-ba9d-f29f6a5bb097.PDF,observation_source_registered
SZSE_1220729916,180401,2024-07-26,,distribution_announcement,False,gas_power,human_verified,https://disc.static.szse.cn/disc/disk03/finalpage/2024-07-25/ff672933-b79a-4253-a60c-b05941d17208.PDF,observation_source_registered
SZSE_1221031835,180401,2024-08-29,2024-06-30,semiannual_report,False,gas_power,human_verified,https://disc.static.szse.cn/disc/disk03/finalpage/2024-08-28/77c3ba90-c273-4d1e-918a-20e390b72ec1.PDF,pending_extraction
SZSE_1221490500,180401,2024-10-24,2024-09-30,quarterly_report,False,gas_power,human_verified,https://disc.static.szse.cn/disc/disk03/finalpage/2024-10-23/9dff127f-75a0-4233-9b40-ec24c253f08d.PDF,observation_source_registered
SZSE_1221660530,180401,2024-11-11,,distribution_announcement,False,gas_power,human_verified,https://disc.static.szse.cn/disc/disk03/finalpage/2024-11-08/e9f3291f-c187-4810-8457-52834cf451c7.PDF,observation_source_registered
SZSE_1222380727,180401,2025-01-21,2024-12-31,quarterly_report,False,gas_power,human_verified,https://disc.static.szse.cn/disc/disk03/finalpage/2025-01-20/094f84e1-4ec9-4a37-851d-585d2aac731a.PDF,observation_source_registered
SZSE_1222926205,180401,2025-03-28,2024-12-31,annual_report,False,gas_power,human_verified,https://disc.static.szse.cn/disc/disk03/finalpage/2025-03-27/1567e1f7-87c3-4e46-abda-786728b3aa63.PDF,observation_source_registered
SZSE_1223155851,180401,2025-04-21,2025-03-31,quarterly_report,False,gas_power,human_verified,https://disc.static.szse.cn/disc/disk03/finalpage/2025-04-18/6d497abf-37fc-4e01-a6c1-b5e859ebfe21.PDF,observation_source_registered
SZSE_1223509921,180401,2025-05-12,,distribution_announcement,False,gas_power,human_verified,https://disc.static.szse.cn/disc/disk03/finalpage/2025-05-09/543bf6c7-1a9e-44d3-837a-9b696436ed0a.PDF,observation_source_registered
SZSE_1224203482,180401,2025-07-18,2025-06-30,quarterly_report,False,gas_power,human_verified,https://disc.static.szse.cn/disc/disk03/finalpage/2025-07-17/5f893010-a64b-4ac3-b990-b80ef285ec9c.PDF,observation_source_registered
SZSE_1224586678,180401,2025-08-28,,distribution_announcement,False,gas_power,human_verified,https://disc.static.szse.cn/disc/disk03/finalpage/2025-08-28/cba83903-ad74-4dce-bd76-0ced89e2bd75.PDF,observation_source_registered
SZSE_1224598109,180401,2025-08-28,2025-06-30,semiannual_report,False,gas_power,human_verified,https://disc.static.szse.cn/disc/disk03/finalpage/2025-08-28/e96ffab4-41b0-40c4-a67e-00e65ea8a191.PDF,pending_extraction
SZSE_1224738150,180401,2025-10-27,2025-09-30,quarterly_report,False,gas_power,human_verified,https://disc.static.szse.cn/disc/disk03/finalpage/2025-10-27/bb0b9a6a-1228-4a02-96f7-0b5a23d8e7a7.PDF,observation_source_registered
SZSE_1224849802,180401,2025-12-05,,distribution_announcement,False,gas_power,human_verified,https://disc.static.szse.cn/disc/disk03/finalpage/2025-12-05/71f20e8e-8caa-4805-90b8-94ad1bad3fa7.PDF,observation_source_registered
SZSE_1224942753,180401,2026-01-21,2025-12-31,quarterly_report,False,gas_power,human_verified,https://disc.static.szse.cn/disc/disk03/finalpage/2026-01-21/95ed212e-3ff7-4718-a48c-dee16c231de9.PDF,observation_source_registered
SZSE_1225039890,180401,2026-03-30,2025-12-31,annual_report,False,gas_power,human_verified,https://disc.static.szse.cn/disc/disk03/finalpage/2026-03-30/4de4f136-5cde-4042-aebf-c8e001fde756.PDF,observation_source_registered
SZSE_1225132017,180401,2026-04-21,2026-03-31,quarterly_report,False,gas_power,human_verified,https://disc.static.szse.cn/disc/disk03/finalpage/2026-04-21/4cb49125-59bf-4589-ad82-3a34cce102ea.PDF,observation_source_registered
SZSE_1225198187,180401,2026-04-28,,distribution_announcement,False,gas_power,human_verified,https://disc.static.szse.cn/disc/disk03/finalpage/2026-04-28/608d76a0-efc3-460f-b7ed-eecb3dce70eb.PDF,observation_source_registered
SZSE_1225431331,180401,2026-07-20,2026-06-30,quarterly_report,False,gas_power,human_verified,https://disc.static.szse.cn/disc/disk03/finalpage/2026-07-20/62427907-8e2e-4a82-94bd-dd38d7f9998d.PDF,observation_source_registered
SZSE_1223192658,180402,2025-04-22,2025-03-31,quarterly_report,False,renewable,official_title_evidence,https://disc.static.szse.cn/disc/disk03/finalpage/2025-04-21/3a6bdfe8-7d1d-4a3a-8ae6-31374b453595.PDF,pending_extraction
SZSE_1224216284,180402,2025-07-21,2025-06-30,quarterly_report,False,renewable,official_title_evidence,https://disc.static.szse.cn/disc/disk03/finalpage/2025-07-18/8c09eac0-f027-48a5-8494-80f8d21def9d.PDF,pending_extraction
SZSE_1224400239,180402,2025-08-06,,distribution_announcement,False,renewable,official_title_evidence,https://disc.static.szse.cn/disc/disk03/finalpage/2025-08-06/70164639-1245-4d15-9044-714ba0bdf682.PDF,machine_extracted_document
SZSE_1224613222,180402,2025-08-29,2025-06-30,semiannual_report,False,renewable,official_title_evidence,https://disc.static.szse.cn/disc/disk03/finalpage/2025-08-29/5dcdee34-5729-48da-abcc-d921641157c8.PDF,pending_extraction
SZSE_1224747452,180402,2025-10-28,2025-09-30,quarterly_report,False,renewable,official_title_evidence,https://disc.static.szse.cn/disc/disk03/finalpage/2025-10-28/831c6667-d399-48d8-9f75-b635809a602a.PDF,pending_extraction
SZSE_1224945063,180402,2026-01-22,2025-12-31,quarterly_report,False,renewable,official_title_evidence,https://disc.static.szse.cn/disc/disk03/finalpage/2026-01-22/35f7e746-6524-49a4-8d23-f44cf5fb8f4e.PDF,pending_extraction
SZSE_1225055675,180402,2026-03-31,2025-12-31,annual_report,False,renewable,official_title_evidence,https://disc.static.szse.cn/disc/disk03/finalpage/2026-03-31/1fdd666e-858a-4a26-89f3-5a7c2986e39b.PDF,pending_extraction
SZSE_1225141955,180402,2026-04-22,2026-03-31,quarterly_report,False,renewable,official_title_evidence,https://disc.static.szse.cn/disc/disk03/finalpage/2026-04-22/224432e2-8cc1-437a-a502-093d6540a94c.PDF,pending_extraction
SZSE_1225356453,180402,2026-06-09,,distribution_announcement,False,renewable,official_title_evidence,https://disc.static.szse.cn/disc/disk03/finalpage/2026-06-09/4c7b8af4-c4c0-4caa-a56d-ba7c0ff3a1f3.PDF,machine_extracted_document
SZSE_1225433287,180402,2026-07-21,2026-06-30,quarterly_report,False,renewable,official_title_evidence,https://disc.static.szse.cn/disc/disk03/finalpage/2026-07-21/5e92280c-2d77-4774-a060-a19382c1f6ee.PDF,pending_extraction
SZSE_1215663344,180501,2023-01-20,2022-12-31,quarterly_report,False,rental_housing,official_title_evidence,https://disc.static.szse.cn/disc/disk03/finalpage/2023-01-19/2159bac9-ebd9-4275-ae4f-1c1d5980ff81.PDF,pending_extraction
SZSE_1216278177,180501,2023-03-31,2022-12-31,annual_report,False,rental_housing,official_title_evidence,https://disc.static.szse.cn/disc/disk03/finalpage/2023-03-30/d12740fa-e520-4f42-8ff4-0eb480a87dbc.PDF,pending_extraction
SZSE_1216486967,180501,2023-04-21,,distribution_announcement,False,rental_housing,official_title_evidence,https://disc.static.szse.cn/disc/disk03/finalpage/2023-04-20/16961ced-d811-4e4b-b589-c49e9b67853b.PDF,machine_extracted_document
SZSE_1216486985,180501,2023-04-21,2023-03-31,quarterly_report,False,rental_housing,official_title_evidence,https://disc.static.szse.cn/disc/disk03/finalpage/2023-04-20/7507b5ae-df3c-4d97-90b9-49be66077db4.PDF,pending_extraction
SZSE_1217345725,180501,2023-07-21,2023-06-30,quarterly_report,False,rental_housing,official_title_evidence,https://disc.static.szse.cn/disc/disk03/finalpage/2023-07-20/341bcae8-ae67-4e00-adfc-b1192dc54b9a.PDF,pending_extraction
SZSE_1217708796,180501,2023-08-31,2023-06-30,semiannual_report,False,rental_housing,official_title_evidence,https://disc.static.szse.cn/disc/disk03/finalpage/2023-08-30/f40e3b04-2dcc-49df-bb00-b8f9e228cf6c.PDF,pending_extraction
SZSE_1217884545,180501,2023-09-19,,distribution_announcement,False,rental_housing,official_title_evidence,https://disc.static.szse.cn/disc/disk03/finalpage/2023-09-18/534f81fb-b02c-4ee8-be27-8e688cf068c6.PDF,machine_extracted_document
SZSE_1218133517,180501,2023-10-25,2023-09-30,quarterly_report,False,rental_housing,official_title_evidence,https://disc.static.szse.cn/disc/disk03/finalpage/2023-10-24/3b956f88-adb0-4a9e-87fa-64aea2cd6856.PDF,pending_extraction
SZSE_1218956678,180501,2024-01-20,2023-12-31,quarterly_report,False,rental_housing,official_title_evidence,https://disc.static.szse.cn/disc/disk03/finalpage/2024-01-19/5f565c75-2e4a-4db6-9f9c-195db8b1ea58.PDF,pending_extraction
SZSE_1219460301,180501,2024-03-30,2023-12-31,annual_report,False,rental_housing,official_title_evidence,https://disc.static.szse.cn/disc/disk03/finalpage/2024-03-29/75601daa-4a2c-4900-ae19-1c409c83f801.PDF,pending_extraction
SZSE_1219464203,180501,2024-03-30,,distribution_announcement,False,rental_housing,official_title_evidence,https://disc.static.szse.cn/disc/disk03/finalpage/2024-03-29/58418ed3-dea9-4be7-bb0f-c9189edc3872.PDF,machine_extracted_document
SZSE_1219689588,180501,2024-04-20,2024-03-31,quarterly_report,False,rental_housing,official_title_evidence,https://disc.static.szse.cn/disc/disk03/finalpage/2024-04-19/bc551d76-d519-4591-9545-c280e55639ae.PDF,pending_extraction
SZSE_1220674851,180501,2024-07-19,2024-06-30,quarterly_report,False,rental_housing,official_title_evidence,https://disc.static.szse.cn/disc/disk03/finalpage/2024-07-18/14a1082c-3239-4a9b-8e67-ee45cfb27ace.PDF,pending_extraction
SZSE_1220805557,180501,2024-08-07,,distribution_announcement,False,rental_housing,official_title_evidence,https://disc.static.szse.cn/disc/disk03/finalpage/2024-08-06/74bbfa8b-d1a1-4ddb-ad4f-d244dd861ae6.PDF,machine_extracted_document
SZSE_1221053279,180501,2024-08-30,2024-06-30,semiannual_report,False,rental_housing,official_title_evidence,https://disc.static.szse.cn/disc/disk03/finalpage/2024-08-29/aa69db76-1c5c-4e4e-b9e4-73c5e3305a80.PDF,pending_extraction
SZSE_1221507267,180501,2024-10-25,2024-09-30,quarterly_report,False,rental_housing,official_title_evidence,https://disc.static.szse.cn/disc/disk03/finalpage/2024-10-24/b3e4175d-8fa1-458e-a1bb-6b1508dc09ca.PDF,pending_extraction
SZSE_1221601817,180501,2024-11-04,,distribution_announcement,False,rental_housing,official_title_evidence,https://disc.static.szse.cn/disc/disk03/finalpage/2024-11-01/107fd03c-db03-4c78-b557-f53e63cc67c7.PDF,machine_extracted_document
SZSE_1222389155,180501,2025-01-22,2024-12-31,quarterly_report,False,rental_housing,official_title_evidence,https://disc.static.szse.cn/disc/disk03/finalpage/2025-01-21/3c55545f-5e2b-4a24-9a7a-9b8f485a3c88.PDF,pending_extraction
SZSE_1222921133,180501,2025-03-28,,distribution_announcement,False,rental_housing,official_title_evidence,https://disc.static.szse.cn/disc/disk03/finalpage/2025-03-27/bffc35fe-5d73-47fb-87d2-4f01d2a034bd.PDF,machine_extracted_document
SZSE_1222939918,180501,2025-03-31,2024-12-31,annual_report,False,rental_housing,official_title_evidence,https://disc.static.szse.cn/disc/disk03/finalpage/2025-03-28/f34d8e61-c0ef-4c0a-86b9-f126a1c2eabe.PDF,pending_extraction
SZSE_1223185507,180501,2025-04-22,2025-03-31,quarterly_report,False,rental_housing,official_title_evidence,https://disc.static.szse.cn/disc/disk03/finalpage/2025-04-21/35e2fc46-64c4-4d83-99b0-96445b65bfe9.PDF,pending_extraction
SZSE_1224202375,180501,2025-07-18,2025-06-30,quarterly_report,False,rental_housing,official_title_evidence,https://disc.static.szse.cn/disc/disk03/finalpage/2025-07-17/e4febf56-f214-4b26-97f5-0c2c6a46171f.PDF,pending_extraction
SZSE_1224601214,180501,2025-08-29,,distribution_announcement,False,rental_housing,official_title_evidence,https://disc.static.szse.cn/disc/disk03/finalpage/2025-08-29/0428edf0-442c-4e98-92d7-75faa53e069c.PDF,machine_extracted_document
SZSE_1224607079,180501,2025-08-29,2025-06-30,semiannual_report,False,rental_housing,official_title_evidence,https://disc.static.szse.cn/disc/disk03/finalpage/2025-08-29/ae22d3e6-35ae-4749-9e69-93c8a182da8a.PDF,pending_extraction
SZSE_1224738330,180501,2025-10-28,2025-09-30,quarterly_report,False,rental_housing,official_title_evidence,https://disc.static.szse.cn/disc/disk03/finalpage/2025-10-28/ca850241-43a5-4327-9ba5-0f3a0815f5ae.PDF,pending_extraction
SZSE_1224795136,180501,2025-11-11,,distribution_announcement,False,rental_housing,official_title_evidence,https://disc.static.szse.cn/disc/disk03/finalpage/2025-11-11/94fb7775-aea7-4673-907d-d9ac5336e910.PDF,machine_extracted_document
SZSE_1224943601,180501,2026-01-22,2025-12-31,quarterly_report,False,rental_housing,official_title_evidence,https://disc.static.szse.cn/disc/disk03/finalpage/2026-01-22/8062c65b-ee47-468e-89cc-b6e3dbec8405.PDF,pending_extraction
SZSE_1225050959,180501,2026-03-31,2025-12-31,annual_report,False,rental_housing,official_title_evidence,https://disc.static.szse.cn/disc/disk03/finalpage/2026-03-31/ca4f6cab-57e9-4427-b896-6ece266009bf.PDF,pending_extraction
SZSE_1225081580,180501,2026-04-08,,distribution_announcement,False,rental_housing,official_title_evidence,https://disc.static.szse.cn/disc/disk03/finalpage/2026-04-08/34e916d6-0bae-4da5-b640-f9dafb618aae.PDF,machine_extracted_document
SZSE_1225126919,180501,2026-04-21,2026-03-31,quarterly_report,False,rental_housing,official_title_evidence,https://disc.static.szse.cn/disc/disk03/finalpage/2026-04-21/020ad07a-9f61-44bb-a2c1-9c6b97e66a26.PDF,pending_extraction
SZSE_1225315311,180501,2026-05-20,,distribution_announcement,False,rental_housing,official_title_evidence,https://disc.static.szse.cn/disc/disk03/finalpage/2026-05-20/bf8c7d0e-906b-44f0-8fd8-75a12a1cafb4.PDF,machine_extracted_document
SZSE_1225432331,180501,2026-07-21,2026-06-30,quarterly_report,False,rental_housing,official_title_evidence,https://disc.static.szse.cn/disc/disk03/finalpage/2026-07-21/51f3655b-c769-4903-a7d3-b43bf8b89ea5.PDF,pending_extraction
SZSE_1222380113,180502,2025-01-21,2024-12-31,quarterly_report,False,rental_housing,official_title_evidence,https://disc.static.szse.cn/disc/disk03/finalpage/2025-01-20/eea0d53a-9d3f-4ad8-87d8-58598fa68337.PDF,pending_extraction
SZSE_1222788922,180502,2025-03-14,2024-12-31,annual_report,False,rental_housing,official_title_evidence,https://disc.static.szse.cn/disc/disk03/finalpage/2025-03-14/c29b4cb6-aeb1-46de-9bdb-330d74a0826e.PDF,pending_extraction
SZSE_1222979520,180502,2025-04-02,,distribution_announcement,False,rental_housing,official_title_evidence,https://disc.static.szse.cn/disc/disk03/finalpage/2025-04-01/de3127a9-ed7a-473c-94a4-88fab223d29e.PDF,machine_extracted_document
SZSE_1223149596,180502,2025-04-21,2025-03-31,quarterly_report,False,rental_housing,official_title_evidence,https://disc.static.szse.cn/disc/disk03/finalpage/2025-04-18/3ce5aae4-1d86-4bd7-86b7-a967c955f748.PDF,pending_extraction
SZSE_1224203292,180502,2025-07-18,2025-06-30,quarterly_report,False,rental_housing,official_title_evidence,https://disc.static.szse.cn/disc/disk03/finalpage/2025-07-17/10b08109-7fb3-45e8-9c0e-a531ed4919a4.PDF,pending_extraction
SZSE_1224460750,180502,2025-08-13,,distribution_announcement,False,rental_housing,official_title_evidence,https://disc.static.szse.cn/disc/disk03/finalpage/2025-08-12/eabe2941-7198-4547-bac3-ead940845d7d.PDF,machine_extracted_document
SZSE_1224595561,180502,2025-08-28,2025-06-30,semiannual_report,False,rental_housing,official_title_evidence,https://disc.static.szse.cn/disc/disk03/finalpage/2025-08-28/e5d1be83-1866-47f3-9bdb-70d045979bbe.PDF,pending_extraction
SZSE_1224735397,180502,2025-10-27,2025-09-30,quarterly_report,False,rental_housing,official_title_evidence,https://disc.static.szse.cn/disc/disk03/finalpage/2025-10-27/5fae4a27-97d9-4250-a6c4-1d411e5f858b.PDF,pending_extraction
SZSE_1224814299,180502,2025-11-20,,distribution_announcement,False,rental_housing,official_title_evidence,https://disc.static.szse.cn/disc/disk03/finalpage/2025-11-20/65144e21-1ecb-48b7-8375-5a84512b5276.PDF,fetch_or_parse_failed
SZSE_1224943440,180502,2026-01-22,2025-12-31,quarterly_report,False,rental_housing,official_title_evidence,https://disc.static.szse.cn/disc/disk03/finalpage/2026-01-22/c8a22499-3676-47cb-a944-6adbeee31a0f.PDF,pending_extraction
SZSE_1225008517,180502,2026-03-14,2025-12-31,annual_report,False,rental_housing,official_title_evidence,https://disc.static.szse.cn/disc/disk03/finalpage/2026-03-14/08e24acf-2e7e-4095-91e4-ea0a0d3ef082.PDF,pending_extraction
SZSE_1225140008,180502,2026-04-22,2026-03-31,quarterly_report,False,rental_housing,official_title_evidence,https://disc.static.szse.cn/disc/disk03/finalpage/2026-04-22/b681e725-f37b-44ff-8c21-54b4ea95168d.PDF,pending_extraction
SZSE_1225288510,180502,2026-05-12,,distribution_announcement,False,rental_housing,official_title_evidence,https://disc.static.szse.cn/disc/disk03/finalpage/2026-05-12/a486cbbc-41ea-49fd-a59c-aa845be1b169.PDF,machine_extracted_document
SZSE_1225433661,180502,2026-07-21,2026-06-30,quarterly_report,False,rental_housing,official_title_evidence,https://disc.static.szse.cn/disc/disk03/finalpage/2026-07-21/34186256-0bbb-4475-b8cb-fce31087aa9c.PDF,pending_extraction
SZSE_1225461472,180502,2026-08-07,,distribution_announcement,False,rental_housing,official_title_evidence,https://disc.static.szse.cn/disc/disk03/finalpage/2026-08-07/40236ff9-6699-4ef7-bf86-089322cf7e8a.PDF,machine_extracted_document
SZSE_1225518374,180502,2026-08-28,2026-06-30,semiannual_report,False,rental_housing,official_title_evidence,https://disc.static.szse.cn/disc/disk03/finalpage/2026-08-28/2049126a-a693-4172-b2b8-09ddcbe1696c.PDF,pending_extraction
SZSE_1225432895,180503,2026-07-21,2026-06-30,quarterly_report,False,rental_housing,official_title_evidence,https://disc.static.szse.cn/disc/disk03/finalpage/2026-07-21/94438251-4a8d-46a0-86cb-75010a2664c0.PDF,pending_extraction
SZSE_1219671445,180601,2024-04-19,2024-03-31,quarterly_report,False,retail,official_title_evidence,https://disc.static.szse.cn/disc/disk03/finalpage/2024-04-18/c29acf71-c45b-4b4d-a309-a6c480e4fd7b.PDF,pending_extraction
SZSE_1220033869,180601,2024-05-13,,distribution_announcement,False,retail,official_title_evidence,https://disc.static.szse.cn/disc/disk03/finalpage/2024-05-10/71f0842c-baab-4835-845d-e1ec53afc5f4.PDF,fetch_or_parse_failed
SZSE_1220663908,180601,2024-07-18,2024-06-30,quarterly_report,False,retail,official_title_evidence,https://disc.static.szse.cn/disc/disk03/finalpage/2024-07-17/b310775e-465d-4814-a63b-d4a1df0d11f8.PDF,pending_extraction
SZSE_1220764242,180601,2024-08-01,,distribution_announcement,False,retail,official_title_evidence,https://disc.static.szse.cn/disc/disk03/finalpage/2024-08-01/77f3807d-e124-41f7-9f84-223a5764d3f3.PDF,fetch_or_parse_failed
SZSE_1221046673,180601,2024-08-30,2024-06-30,semiannual_report,False,retail,official_title_evidence,https://disc.static.szse.cn/disc/disk03/finalpage/2024-08-29/175515d0-0d03-47c3-9a0c-dca1782224e6.PDF,pending_extraction
SZSE_1221504991,180601,2024-10-25,2024-09-30,quarterly_report,False,retail,official_title_evidence,https://disc.static.szse.cn/disc/disk03/finalpage/2024-10-24/b19db790-5636-4e39-a276-8df2dc4cf332.PDF,pending_extraction
SZSE_1221723594,180601,2024-11-15,,distribution_announcement,False,retail,official_title_evidence,https://disc.static.szse.cn/disc/disk03/finalpage/2024-11-14/a035dd4f-97ea-4b88-a8d5-e0947e1fe795.PDF,fetch_or_parse_failed
SZSE_1222389980,180601,2025-01-22,2024-12-31,quarterly_report,False,retail,official_title_evidence,https://disc.static.szse.cn/disc/disk03/finalpage/2025-01-21/f43c4fb1-cf1a-4ab3-9f98-ec13b37cc660.PDF,pending_extraction
SZSE_1222638363,180601,2025-02-26,,distribution_announcement,False,retail,official_title_evidence,https://disc.static.szse.cn/disc/disk03/finalpage/2025-02-25/b7231051-77ea-41a5-9f98-b246373ef856.PDF,fetch_or_parse_failed
SZSE_1222939708,180601,2025-03-31,2024-12-31,annual_report,False,retail,official_title_evidence,https://disc.static.szse.cn/disc/disk03/finalpage/2025-03-28/3b9a48f0-cd57-4d19-a858-a3a45e93da2c.PDF,pending_extraction
SZSE_1223193845,180601,2025-04-22,2025-03-31,quarterly_report,False,retail,official_title_evidence,https://disc.static.szse.cn/disc/disk03/finalpage/2025-04-21/e6ced322-1185-48b7-85a3-2f6b59c693b9.PDF,pending_extraction
SZSE_1223605311,180601,2025-05-21,,distribution_announcement,False,retail,official_title_evidence,https://disc.static.szse.cn/disc/disk03/finalpage/2025-05-20/a182e1e3-20be-4d83-8143-10f7c821251c.PDF,fetch_or_parse_failed
SZSE_1224214673,180601,2025-07-21,2025-06-30,quarterly_report,False,retail,official_title_evidence,https://disc.static.szse.cn/disc/disk03/finalpage/2025-07-18/9edecc1d-5524-4aab-9877-eece7160ad2a.PDF,pending_extraction
SZSE_1224460751,180601,2025-08-13,,distribution_announcement,False,retail,official_title_evidence,https://disc.static.szse.cn/disc/disk03/finalpage/2025-08-12/0a055108-34bd-4ce5-a459-742226828917.PDF,fetch_or_parse_failed
SZSE_1224618937,180601,2025-08-30,2025-06-30,semiannual_report,False,retail,official_title_evidence,https://disc.static.szse.cn/disc/disk03/finalpage/2025-08-30/eb68a9c9-a37c-4dc8-81f5-0d71ba50d1c6.PDF,pending_extraction
SZSE_1224743436,180601,2025-10-28,2025-09-30,quarterly_report,False,retail,official_title_evidence,https://disc.static.szse.cn/disc/disk03/finalpage/2025-10-28/b9b76dda-a7a6-4cf0-8c04-7238866af9f5.PDF,pending_extraction
SZSE_1224802850,180601,2025-11-14,,distribution_announcement,False,retail,official_title_evidence,https://disc.static.szse.cn/disc/disk03/finalpage/2025-11-14/3f249004-b11b-407f-9a6c-57adbdf9df86.PDF,fetch_or_parse_failed
SZSE_1224944722,180601,2026-01-22,2025-12-31,quarterly_report,False,retail,official_title_evidence,https://disc.static.szse.cn/disc/disk03/finalpage/2026-01-22/43bb2b79-0014-464c-bf89-d7166f7c9952.PDF,pending_extraction
SZSE_1224967865,180601,2026-02-06,,distribution_announcement,False,retail,official_title_evidence,https://disc.static.szse.cn/disc/disk03/finalpage/2026-02-06/48539892-9036-4897-b6a2-0e138e77039f.PDF,fetch_or_parse_failed
SZSE_1225052591,180601,2026-03-31,2025-12-31,annual_report,False,retail,official_title_evidence,https://disc.static.szse.cn/disc/disk03/finalpage/2026-03-31/1259a7f6-2e00-4480-9979-15c96bd71753.PDF,pending_extraction
SZSE_1225138179,180601,2026-04-22,2026-03-31,quarterly_report,False,retail,official_title_evidence,https://disc.static.szse.cn/disc/disk03/finalpage/2026-04-22/e7692c5b-0abd-409b-a0a7-881742528b9b.PDF,pending_extraction
SZSE_1225350591,180601,2026-06-05,,distribution_announcement,False,retail,official_title_evidence,https://disc.static.szse.cn/disc/disk03/finalpage/2026-06-05/78719a2b-707c-419f-bf7a-1e4e04c3ddb0.PDF,fetch_or_parse_failed
SZSE_1225434098,180601,2026-07-21,2026-06-30,quarterly_report,False,retail,official_title_evidence,https://disc.static.szse.cn/disc/disk03/finalpage/2026-07-21/27e4f1fe-e491-4acc-ae1e-483b62d192be.PDF,pending_extraction
SZSE_1225502652,180601,2026-08-26,,distribution_announcement,False,retail,official_title_evidence,https://disc.static.szse.cn/disc/disk03/finalpage/2026-08-26/c788c823-7212-4b42-a598-f8aeb055bbc4.PDF,fetch_or_parse_failed
SZSE_1220674464,180602,2024-07-19,2024-06-30,quarterly_report,False,retail,official_title_evidence,https://disc.static.szse.cn/disc/disk03/finalpage/2024-07-18/82bb5af8-e7d6-4397-b01d-db0941e65286.PDF,pending_extraction
SZSE_1221079883,180602,2024-08-31,2024-06-30,semiannual_report,False,retail,official_title_evidence,https://disc.static.szse.cn/disc/disk03/finalpage/2024-08-30/25960ef9-d8d2-4767-9860-f8ab97237332.PDF,pending_extraction
SZSE_1221145743,180602,2024-09-06,,distribution_announcement,False,retail,official_title_evidence,https://disc.static.szse.cn/disc/disk03/finalpage/2024-09-05/4c27b405-025c-4ee0-a8e9-2e6b80c0c550.PDF,machine_extracted_document
SZSE_1221503805,180602,2024-10-25,2024-09-30,quarterly_report,False,retail,official_title_evidence,https://disc.static.szse.cn/disc/disk03/finalpage/2024-10-24/6121d0ad-9f90-4fe9-a02c-a82da49c142f.PDF,pending_extraction
SZSE_1221938650,180602,2024-12-06,,distribution_announcement,False,retail,official_title_evidence,https://disc.static.szse.cn/disc/disk03/finalpage/2024-12-05/a44feb7b-e6c7-42db-87bf-2ede8b0604ef.PDF,machine_extracted_document
SZSE_1222387269,180602,2025-01-22,2024-12-31,quarterly_report,False,retail,official_title_evidence,https://disc.static.szse.cn/disc/disk03/finalpage/2025-01-21/4dae83ac-e2a6-4a39-a4d1-e2658ba0fccb.PDF,pending_extraction
SZSE_1222921126,180602,2025-03-28,,distribution_announcement,False,retail,official_title_evidence,https://disc.static.szse.cn/disc/disk03/finalpage/2025-03-28/222e3622-e540-4daa-87ef-a91e955b771a.PDF,machine_extracted_document
SZSE_1222923229,180602,2025-03-28,2024-12-31,annual_report,False,retail,official_title_evidence,https://disc.static.szse.cn/disc/disk03/finalpage/2025-03-27/e3442fc3-1851-4482-9fcc-5a08925ad9e4.PDF,pending_extraction
SZSE_1223186064,180602,2025-04-22,2025-03-31,quarterly_report,False,retail,official_title_evidence,https://disc.static.szse.cn/disc/disk03/finalpage/2025-04-21/42cb9b54-30eb-4bf2-a303-8d2daac3daee.PDF,pending_extraction
SZSE_1223409883,180602,2025-04-30,,distribution_announcement,False,retail,official_title_evidence,https://disc.static.szse.cn/disc/disk03/finalpage/2025-04-29/81c6e549-ab61-451f-99fd-295e0b660ae9.PDF,machine_extracted_document
SZSE_1224214254,180602,2025-07-21,2025-06-30,quarterly_report,False,retail,official_title_evidence,https://disc.static.szse.cn/disc/disk03/finalpage/2025-07-18/b4176484-a217-4a00-b3d7-269488dc685c.PDF,pending_extraction
SZSE_1224472930,180602,2025-08-14,,distribution_announcement,False,retail,official_title_evidence,https://disc.static.szse.cn/disc/disk03/finalpage/2025-08-14/16c94f01-5e57-4fdb-9fcc-c04a729a2095.PDF,machine_extracted_document
SZSE_1224608190,180602,2025-08-29,2025-06-30,semiannual_report,False,retail,official_title_evidence,https://disc.static.szse.cn/disc/disk03/finalpage/2025-08-29/54c52729-4b93-47f8-9028-971d8bf14360.PDF,pending_extraction
SZSE_1224740216,180602,2025-10-28,2025-09-30,quarterly_report,False,retail,official_title_evidence,https://disc.static.szse.cn/disc/disk03/finalpage/2025-10-28/7ee79c69-c91b-4a9e-9455-12697732f325.PDF,pending_extraction
SZSE_1224882493,180602,2025-12-18,,distribution_announcement,False,retail,official_title_evidence,https://disc.static.szse.cn/disc/disk03/finalpage/2025-12-18/f0a8be7e-c37d-4bef-b082-b6529610b9e1.PDF,machine_extracted_document
SZSE_1224942878,180602,2026-01-22,2025-12-31,quarterly_report,False,retail,official_title_evidence,https://disc.static.szse.cn/disc/disk03/finalpage/2026-01-22/dbf73e30-679d-4006-b930-8790aded1640.PDF,pending_extraction
SZSE_1225054022,180602,2026-03-31,2025-12-31,annual_report,False,retail,official_title_evidence,https://disc.static.szse.cn/disc/disk03/finalpage/2026-03-31/6d5cf1de-a6c3-413c-a1b3-f6d200e9ac81.PDF,pending_extraction
SZSE_1225069850,180602,2026-04-02,,distribution_announcement,False,retail,official_title_evidence,https://disc.static.szse.cn/disc/disk03/finalpage/2026-04-02/52a15ce0-2344-4949-9715-c191fdd975a1.PDF,machine_extracted_document
SZSE_1225135166,180602,2026-04-22,2026-03-31,quarterly_report,False,retail,official_title_evidence,https://disc.static.szse.cn/disc/disk03/finalpage/2026-04-22/5a1bba96-33bf-4a3f-8bba-c9f46a1c2635.PDF,pending_extraction
SZSE_1225394564,180602,2026-06-30,,distribution_announcement,False,retail,official_title_evidence,https://disc.static.szse.cn/disc/disk03/finalpage/2026-06-30/7b0db435-6b5c-467e-ab6e-8454e532ab16.PDF,machine_extracted_document
SZSE_1225432366,180602,2026-07-21,2026-06-30,quarterly_report,False,retail,official_title_evidence,https://disc.static.szse.cn/disc/disk03/finalpage/2026-07-21/b06d4fab-39fa-4e64-b986-4a5e8e9ce982.PDF,pending_extraction
SZSE_1225518300,180602,2026-08-28,2026-06-30,semiannual_report,False,retail,official_title_evidence,https://disc.static.szse.cn/disc/disk03/finalpage/2026-08-28/b0765aea-1e1c-4299-8b57-9f2568e14ca7.PDF,pending_extraction
SZSE_1222256762,180603,2025-01-08,,distribution_announcement,False,retail,official_title_evidence,https://disc.static.szse.cn/disc/disk03/finalpage/2025-01-07/ae102993-b01d-4c1a-aa33-4e01ed746205.PDF,machine_extracted_document
SZSE_1222389982,180603,2025-01-22,2024-12-31,quarterly_report,False,retail,official_title_evidence,https://disc.static.szse.cn/disc/disk03/finalpage/2025-01-21/db543f29-d230-4670-aae5-e3b1c71f7bb1.PDF,pending_extraction
SZSE_1222963114,180603,2025-03-31,2024-12-31,annual_report,False,retail,official_title_evidence,https://disc.static.szse.cn/disc/disk03/finalpage/2025-03-30/858d0725-3e67-4e1f-805a-9bdb1d12dd3b.PDF,pending_extraction
SZSE_1223193817,180603,2025-04-22,2025-03-31,quarterly_report,False,retail,official_title_evidence,https://disc.static.szse.cn/disc/disk03/finalpage/2025-04-21/9dba8fd6-0a0d-4d05-aa56-5d051448fa17.PDF,pending_extraction
SZSE_1223209855,180603,2025-04-23,,distribution_announcement,False,retail,official_title_evidence,https://disc.static.szse.cn/disc/disk03/finalpage/2025-04-22/9e98d8f1-b03b-471f-9df1-41bf996e2526.PDF,fetch_or_parse_failed
SZSE_1224214594,180603,2025-07-21,2025-06-30,quarterly_report,False,retail,official_title_evidence,https://disc.static.szse.cn/disc/disk03/finalpage/2025-07-18/55b70375-8591-4d0b-87c9-f9d2fd17a7ee.PDF,pending_extraction
SZSE_1224618630,180603,2025-08-30,2025-06-30,semiannual_report,False,retail,official_title_evidence,https://disc.static.szse.cn/disc/disk03/finalpage/2025-08-30/3a0feaf2-2c74-48ee-90f3-8c20c4d51745.PDF,pending_extraction
SZSE_1224710297,180603,2025-10-15,,distribution_announcement,False,retail,official_title_evidence,https://disc.static.szse.cn/disc/disk03/finalpage/2025-10-15/acf6f896-7d87-4851-9df6-314ce9a1aa6c.PDF,fetch_or_parse_failed
SZSE_1224743562,180603,2025-10-28,2025-09-30,quarterly_report,False,retail,official_title_evidence,https://disc.static.szse.cn/disc/disk03/finalpage/2025-10-28/150017e6-67a0-44ee-b6fb-8af1c7516956.PDF,pending_extraction
SZSE_1224880572,180603,2025-12-17,,distribution_announcement,False,retail,official_title_evidence,https://disc.static.szse.cn/disc/disk03/finalpage/2025-12-17/898f5876-291b-46d9-ae26-378b0237520f.PDF,fetch_or_parse_failed
SZSE_1224944723,180603,2026-01-22,2025-12-31,quarterly_report,False,retail,official_title_evidence,https://disc.static.szse.cn/disc/disk03/finalpage/2026-01-22/5c648ca8-e06e-40d3-a764-5435ac806a7f.PDF,pending_extraction
SZSE_1224974250,180603,2026-02-11,,distribution_announcement,False,retail,official_title_evidence,https://disc.static.szse.cn/disc/disk03/finalpage/2026-02-11/3906c8f8-8d13-4be0-a983-6e708ed97b14.PDF,fetch_or_parse_failed
SZSE_1225052625,180603,2026-03-31,2025-12-31,annual_report,False,retail,official_title_evidence,https://disc.static.szse.cn/disc/disk03/finalpage/2026-03-31/181fd51c-5b2a-4e69-905d-544a8502de05.PDF,pending_extraction
SZSE_1225137908,180603,2026-04-22,2026-03-31,quarterly_report,False,retail,official_title_evidence,https://disc.static.szse.cn/disc/disk03/finalpage/2026-04-22/6d2b80af-c8c1-4770-a41f-dd12703cf7ca.PDF,pending_extraction
SZSE_1225300051,180603,2026-05-13,,distribution_announcement,False,retail,official_title_evidence,https://disc.static.szse.cn/disc/disk03/finalpage/2026-05-13/2ca5839d-e587-4565-8aad-59a4db113623.PDF,fetch_or_parse_failed
SZSE_1225434095,180603,2026-07-21,2026-06-30,quarterly_report,False,retail,official_title_evidence,https://disc.static.szse.cn/disc/disk03/finalpage/2026-07-21/6a722e72-95f5-4a14-b0b1-14f415b7c14a.PDF,pending_extraction
SZSE_1225479616,180603,2026-08-19,,distribution_announcement,False,retail,official_title_evidence,https://disc.static.szse.cn/disc/disk03/finalpage/2026-08-19/7ad4a5d5-66a9-4bc9-8995-432fce060a03.PDF,fetch_or_parse_failed
SZSE_1223192035,180605,2025-04-22,2025-03-31,quarterly_report,False,retail,official_title_evidence,https://disc.static.szse.cn/disc/disk03/finalpage/2025-04-21/72dfd458-333e-4a1a-8cd7-d76f24d132c3.PDF,pending_extraction
SZSE_1223474782,180605,2025-05-07,,distribution_announcement,False,retail,official_title_evidence,https://disc.static.szse.cn/disc/disk03/finalpage/2025-05-07/cfa0899c-0ef3-4075-964f-35ad9d16973b.PDF,fetch_or_parse_failed
SZSE_1224216466,180605,2025-07-21,2025-06-30,quarterly_report,False,retail,official_title_evidence,https://disc.static.szse.cn/disc/disk03/finalpage/2025-07-18/736520de-ee2f-49a9-b6e9-891edba65737.PDF,pending_extraction
SZSE_1224626496,180605,2025-08-30,2025-06-30,semiannual_report,False,retail,official_title_evidence,https://disc.static.szse.cn/disc/disk03/finalpage/2025-08-30/15e6571a-aedd-4a43-acc4-eb00beb4e574.PDF,pending_extraction
SZSE_1224678217,180605,2025-09-25,,distribution_announcement,False,retail,official_title_evidence,https://disc.static.szse.cn/disc/disk03/finalpage/2025-09-25/a2001e0a-f669-4cff-8606-2c471946bd86.PDF,fetch_or_parse_failed
SZSE_1224744032,180605,2025-10-28,2025-09-30,quarterly_report,False,retail,official_title_evidence,https://disc.static.szse.cn/disc/disk03/finalpage/2025-10-28/bb57826e-4754-43d8-8570-318333f5fc30.PDF,pending_extraction
SZSE_1224943839,180605,2026-01-22,2025-12-31,quarterly_report,False,retail,official_title_evidence,https://disc.static.szse.cn/disc/disk03/finalpage/2026-01-22/6b951052-d477-4386-a1e9-005d2fde35ef.PDF,pending_extraction
SZSE_1225051213,180605,2026-03-31,2025-12-31,annual_report,False,retail,official_title_evidence,https://disc.static.szse.cn/disc/disk03/finalpage/2026-03-31/7ac90053-66b2-43cb-bf57-a8d8a4ff4d81.PDF,pending_extraction
SZSE_1225074309,180605,2026-04-03,,distribution_announcement,False,retail,official_title_evidence,https://disc.static.szse.cn/disc/disk03/finalpage/2026-04-03/4789a2ed-44d2-4b89-a6fc-a76ff993e3af.PDF,fetch_or_parse_failed
SZSE_1225136112,180605,2026-04-22,2026-03-31,quarterly_report,False,retail,official_title_evidence,https://disc.static.szse.cn/disc/disk03/finalpage/2026-04-22/d85166e2-66a5-4b8e-8b1d-e0127a55133a.PDF,pending_extraction
SZSE_1225432585,180605,2026-07-21,2026-06-30,quarterly_report,False,retail,official_title_evidence,https://disc.static.szse.cn/disc/disk03/finalpage/2026-07-21/aa82d639-0bc0-4ebc-97fd-9540ab86eae7.PDF,pending_extraction
SZSE_1224738924,180606,2025-10-28,2025-09-30,quarterly_report,False,retail,official_title_evidence,https://disc.static.szse.cn/disc/disk03/finalpage/2025-10-28/79695b8c-b568-4148-b6a5-bc7a7394bcc2.PDF,pending_extraction
SZSE_1224943035,180606,2026-01-22,2025-12-31,quarterly_report,False,retail,official_title_evidence,https://disc.static.szse.cn/disc/disk03/finalpage/2026-01-22/8b43b2e8-3ab1-4a2f-a651-73c1702f2e2e.PDF,pending_extraction
SZSE_1225029789,180606,2026-03-26,,distribution_announcement,False,retail,official_title_evidence,https://disc.static.szse.cn/disc/disk03/finalpage/2026-03-26/b41a4417-82db-43ed-a059-0b5ffe71e524.PDF,fetch_or_parse_failed
SZSE_1225050241,180606,2026-03-31,2025-12-31,annual_report,False,retail,official_title_evidence,https://disc.static.szse.cn/disc/disk03/finalpage/2026-03-31/c429fcd4-31a4-4bc1-b6c3-7f030ac4afed.PDF,pending_extraction
SZSE_1225134417,180606,2026-04-22,2026-03-31,quarterly_report,False,retail,official_title_evidence,https://disc.static.szse.cn/disc/disk03/finalpage/2026-04-22/18a58cb1-9c39-46a1-81ff-0b3ac4007089.PDF,pending_extraction
SZSE_1225387202,180606,2026-06-26,,distribution_announcement,False,retail,official_title_evidence,https://disc.static.szse.cn/disc/disk03/finalpage/2026-06-26/c0f5a3ed-3191-4459-9253-f1b75e6a9b0f.PDF,fetch_or_parse_failed
SZSE_1225432252,180606,2026-07-21,2026-06-30,quarterly_report,False,retail,official_title_evidence,https://disc.static.szse.cn/disc/disk03/finalpage/2026-07-21/8cd136a2-8d9a-4203-a394-72acc8d2814d.PDF,pending_extraction
SZSE_1225518284,180606,2026-08-28,2026-06-30,semiannual_report,False,retail,official_title_evidence,https://disc.static.szse.cn/disc/disk03/finalpage/2026-08-28/02b8ee16-4565-4bf7-8cd8-1ef8cb6ba5ad.PDF,pending_extraction
SZSE_1224944747,180607,2026-01-22,2025-12-31,quarterly_report,False,retail,official_title_evidence,https://disc.static.szse.cn/disc/disk03/finalpage/2026-01-22/af374682-0094-498e-8da3-820eab2d68f1.PDF,pending_extraction
SZSE_1224984961,180607,2026-02-27,,distribution_announcement,False,retail,official_title_evidence,https://disc.static.szse.cn/disc/disk03/finalpage/2026-02-27/fe42b9e5-f175-4769-9f7d-1b10ec395f0f.PDF,fetch_or_parse_failed
SZSE_1225052622,180607,2026-03-31,2025-12-31,annual_report,False,retail,official_title_evidence,https://disc.static.szse.cn/disc/disk03/finalpage/2026-03-31/2a5eebdd-c6ad-4814-a3f7-51cf07418278.PDF,pending_extraction
SZSE_1225138135,180607,2026-04-22,2026-03-31,quarterly_report,False,retail,official_title_evidence,https://disc.static.szse.cn/disc/disk03/finalpage/2026-04-22/5968918e-485c-48c5-a9fb-303878c06a39.PDF,pending_extraction
SZSE_1225315277,180607,2026-05-20,,distribution_announcement,False,retail,official_title_evidence,https://disc.static.szse.cn/disc/disk03/finalpage/2026-05-20/c47c348f-a080-478b-a507-df5104fa7703.PDF,fetch_or_parse_failed
SZSE_1225434092,180607,2026-07-21,2026-06-30,quarterly_report,False,retail,official_title_evidence,https://disc.static.szse.cn/disc/disk03/finalpage/2026-07-21/ded52326-d314-4f13-83f6-ed6410a8fd22.PDF,pending_extraction
SZSE_1225502647,180607,2026-08-26,,distribution_announcement,False,retail,official_title_evidence,https://disc.static.szse.cn/disc/disk03/finalpage/2026-08-26/87ce51c2-17c5-4178-8a25-27fdbf4b26ab.PDF,fetch_or_parse_failed
SZSE_1222381090,180701,2025-01-21,2024-12-31,quarterly_report,False,water,official_title_evidence,https://disc.static.szse.cn/disc/disk03/finalpage/2025-01-20/edef6923-03b9-4bfe-b18d-30b9375d8638.PDF,pending_extraction
SZSE_1222928653,180701,2025-03-28,2024-12-31,annual_report,False,water,official_title_evidence,https://disc.static.szse.cn/disc/disk03/finalpage/2025-03-27/17711bae-cd4f-4705-a1d5-bad51561746b.PDF,pending_extraction
SZSE_1223148602,180701,2025-04-21,2025-03-31,quarterly_report,False,water,official_title_evidence,https://disc.static.szse.cn/disc/disk03/finalpage/2025-04-18/aaac362d-00ea-4ec6-bf25-faf70f0ef5e6.PDF,pending_extraction
SZSE_1223933101,180701,2025-06-20,,distribution_announcement,False,water,official_title_evidence,https://disc.static.szse.cn/disc/disk03/finalpage/2025-06-20/c3af4f42-88f1-4cc7-bd69-56b700cfb408.PDF,fetch_or_parse_failed
SZSE_1224215608,180701,2025-07-19,2025-06-30,quarterly_report,False,water,official_title_evidence,https://disc.static.szse.cn/disc/disk03/finalpage/2025-07-18/669b9a75-ab44-4ea7-8ce8-49dec654bfb1.PDF,pending_extraction
SZSE_1224614696,180701,2025-08-29,2025-06-30,semiannual_report,False,water,official_title_evidence,https://disc.static.szse.cn/disc/disk03/finalpage/2025-08-29/c8c23a52-66ce-4a61-be75-aca63cc0a52e.PDF,pending_extraction
SZSE_1224701290,180701,2025-10-10,,distribution_announcement,False,water,official_title_evidence,https://disc.static.szse.cn/disc/disk03/finalpage/2025-10-10/f889b309-e6d3-4d08-ac07-ac4c4f99a9b0.PDF,fetch_or_parse_failed
SZSE_1224737171,180701,2025-10-27,2025-09-30,quarterly_report,False,water,official_title_evidence,https://disc.static.szse.cn/disc/disk03/finalpage/2025-10-27/0b67f358-eaf9-4231-9e4e-af10017a4a0a.PDF,pending_extraction
SZSE_1224868034,180701,2025-12-12,,distribution_announcement,False,water,official_title_evidence,https://disc.static.szse.cn/disc/disk03/finalpage/2025-12-12/89eb1421-e32f-4f95-8d2c-f1b0dde42c07.PDF,fetch_or_parse_failed
SZSE_1224942641,180701,2026-01-21,2025-12-31,quarterly_report,False,water,official_title_evidence,https://disc.static.szse.cn/disc/disk03/finalpage/2026-01-21/00aa9ef4-7c07-468c-9236-87bf6e7b4532.PDF,pending_extraction
SZSE_1225045279,180701,2026-03-28,2025-12-31,annual_report,False,water,official_title_evidence,https://disc.static.szse.cn/disc/disk03/finalpage/2026-03-28/453dee77-95ae-4839-b19c-f7ad13150c5e.PDF,pending_extraction
SZSE_1225129686,180701,2026-04-21,2026-03-31,quarterly_report,False,water,official_title_evidence,https://disc.static.szse.cn/disc/disk03/finalpage/2026-04-21/586d1e32-be84-4474-80fb-4941c066f85b.PDF,pending_extraction
SZSE_1225359277,180701,2026-06-10,,distribution_announcement,False,water,official_title_evidence,https://disc.static.szse.cn/disc/disk03/finalpage/2026-06-10/e6f75626-776e-4264-9016-a3f699dd3b71.PDF,fetch_or_parse_failed
SZSE_1225431044,180701,2026-07-20,2026-06-30,quarterly_report,False,water,official_title_evidence,https://disc.static.szse.cn/disc/disk03/finalpage/2026-07-20/621f9955-18ab-4c70-8f7f-945a15dd22f0.PDF,pending_extraction
SZSE_1211399501,180801,2021-10-27,2021-09-30,quarterly_report,False,waste_to_energy,official_title_evidence,https://disc.static.szse.cn/disc/disk02/finalpage/2021-10-27/d730bf2f-0ece-4455-a8eb-1f8b87596671.PDF,pending_extraction
SZSE_1212239475,180801,2022-01-22,2021-12-31,quarterly_report,False,waste_to_energy,official_title_evidence,https://disc.static.szse.cn/disc/disk03/finalpage/2022-01-22/d896fdc1-15bb-4390-acd9-07ba15c710d3.PDF,pending_extraction
SZSE_1212744572,180801,2022-03-31,2021-12-31,annual_report,False,waste_to_energy,official_title_evidence,https://disc.static.szse.cn/disc/disk03/finalpage/2022-03-31/a716e060-08ea-433b-8bc0-202843cbc60f.PDF,pending_extraction
SZSE_1212763743,180801,2022-04-01,,distribution_announcement,False,waste_to_energy,official_title_evidence,https://disc.static.szse.cn/disc/disk03/finalpage/2022-04-01/19f2406b-c18a-40ee-9865-4a5cda8d72b8.PDF,fetch_or_parse_failed
SZSE_1213002654,180801,2022-04-21,2022-03-31,quarterly_report,False,waste_to_energy,official_title_evidence,https://disc.static.szse.cn/disc/disk03/finalpage/2022-04-20/237b5f08-8b73-4973-ab1c-e6140c43a1e0.PDF,pending_extraction
SZSE_1214094462,180801,2022-07-21,2022-06-30,quarterly_report,False,waste_to_energy,official_title_evidence,https://disc.static.szse.cn/disc/disk03/finalpage/2022-07-20/3d2746f9-fceb-4541-b4ef-cc5392ceb214.PDF,pending_extraction
SZSE_1214440620,180801,2022-08-30,2022-06-30,semiannual_report,False,waste_to_energy,official_title_evidence,https://disc.static.szse.cn/disc/disk03/finalpage/2022-08-29/92fd1ac1-c5bb-41df-b735-ef84e991e9dc.PDF,pending_extraction
SZSE_1214879233,180801,2022-10-25,2022-09-30,quarterly_report,False,waste_to_energy,official_title_evidence,https://disc.static.szse.cn/disc/disk03/finalpage/2022-10-24/ad444c39-ff9b-49e2-92e1-d5576645cf10.PDF,pending_extraction
SZSE_1215482083,180801,2022-12-30,,distribution_announcement,False,waste_to_energy,official_title_evidence,https://disc.static.szse.cn/disc/disk03/finalpage/2022-12-29/f6ce5a8c-6c7d-4c52-adeb-bed3ff44a94f.PDF,fetch_or_parse_failed
SZSE_1215663575,180801,2023-01-20,2022-12-31,quarterly_report,False,waste_to_energy,official_title_evidence,https://disc.static.szse.cn/disc/disk03/finalpage/2023-01-19/ff0bd328-b8e9-43a8-9f19-ee5c53cfa0a9.PDF,pending_extraction
SZSE_1216257378,180801,2023-03-30,2022-12-31,annual_report,False,waste_to_energy,official_title_evidence,https://disc.static.szse.cn/disc/disk03/finalpage/2023-03-29/aac3f8ae-a9bb-4a18-83e1-ef35f1dee387.PDF,pending_extraction
SZSE_1216388557,180801,2023-04-13,,distribution_announcement,False,waste_to_energy,official_title_evidence,https://disc.static.szse.cn/disc/disk03/finalpage/2023-04-12/2253f8f6-8d62-4cc5-8fe7-9208337d1941.PDF,fetch_or_parse_failed
SZSE_1216486943,180801,2023-04-21,2023-03-31,quarterly_report,False,waste_to_energy,official_title_evidence,https://disc.static.szse.cn/disc/disk03/finalpage/2023-04-20/279780a1-6e99-4e90-8360-d190b42ed679.PDF,pending_extraction
SZSE_1217331605,180801,2023-07-20,2023-06-30,quarterly_report,False,waste_to_energy,official_title_evidence,https://disc.static.szse.cn/disc/disk03/finalpage/2023-07-19/a054d271-4afa-4f68-9b4b-804e6aa3f30c.PDF,pending_extraction
SZSE_1217670457,180801,2023-08-29,2023-06-30,semiannual_report,False,waste_to_energy,official_title_evidence,https://disc.static.szse.cn/disc/disk03/finalpage/2023-08-28/17a15081-f041-42f0-ada3-1f068be7fbcb.PDF,pending_extraction
SZSE_1218121683,180801,2023-10-24,2023-09-30,quarterly_report,False,waste_to_energy,official_title_evidence,https://disc.static.szse.cn/disc/disk03/finalpage/2023-10-24/1f10bcae-ef39-44c7-81d0-6d0dbb1be7fd.PDF,pending_extraction
SZSE_1218545324,180801,2023-12-08,,distribution_announcement,False,waste_to_energy,official_title_evidence,https://disc.static.szse.cn/disc/disk03/finalpage/2023-12-07/38971be8-ffe0-46e8-9ecc-0d9688c67dce.PDF,fetch_or_parse_failed
SZSE_1218943063,180801,2024-01-19,2023-12-31,quarterly_report,False,waste_to_energy,official_title_evidence,https://disc.static.szse.cn/disc/disk03/finalpage/2024-01-18/e04699f3-2d17-4561-acfb-bf8d794dc7cd.PDF,pending_extraction
SZSE_1219437679,180801,2024-03-29,2023-12-31,annual_report,False,waste_to_energy,official_title_evidence,https://disc.static.szse.cn/disc/disk03/finalpage/2024-03-28/b02ca48e-58c6-42f4-bf4b-c648c445657c.PDF,pending_extraction
SZSE_1219663024,180801,2024-04-19,,distribution_announcement,False,waste_to_energy,official_title_evidence,https://disc.static.szse.cn/disc/disk03/finalpage/2024-04-18/e5d8fc71-a7a6-4e2c-9f46-f718192a8e70.PDF,fetch_or_parse_failed
SZSE_1219689248,180801,2024-04-20,2024-03-31,quarterly_report,False,waste_to_energy,official_title_evidence,https://disc.static.szse.cn/disc/disk03/finalpage/2024-04-19/39fb8988-f797-46f7-bbec-b773325d39fa.PDF,pending_extraction
SZSE_1220663053,180801,2024-07-18,2024-06-30,quarterly_report,False,waste_to_energy,official_title_evidence,https://disc.static.szse.cn/disc/disk03/finalpage/2024-07-17/81b398f2-6346-41e3-a229-0f076ff557de.PDF,pending_extraction
SZSE_1220870216,180801,2024-08-15,,distribution_announcement,False,waste_to_energy,official_title_evidence,https://disc.static.szse.cn/disc/disk03/finalpage/2024-08-14/c6ada04a-adfe-4f52-9706-4292ed649153.PDF,fetch_or_parse_failed
SZSE_1221050234,180801,2024-08-30,2024-06-30,semiannual_report,False,waste_to_energy,official_title_evidence,https://disc.static.szse.cn/disc/disk03/finalpage/2024-08-29/fc8b1456-5120-41d8-bef1-d454dbb06f8c.PDF,pending_extraction
SZSE_1221486926,180801,2024-10-24,2024-09-30,quarterly_report,False,waste_to_energy,official_title_evidence,https://disc.static.szse.cn/disc/disk03/finalpage/2024-10-23/01824b87-dde6-4426-a18a-4278767075d7.PDF,pending_extraction
SZSE_1221683566,180801,2024-11-12,,distribution_announcement,False,waste_to_energy,official_title_evidence,https://disc.static.szse.cn/disc/disk03/finalpage/2024-11-11/952f606c-de81-452f-9dff-3b66f631b130.PDF,fetch_or_parse_failed
SZSE_1222379166,180801,2025-01-21,2024-12-31,quarterly_report,False,waste_to_energy,official_title_evidence,https://disc.static.szse.cn/disc/disk03/finalpage/2025-01-20/4000f504-4146-424c-8eb9-df899a242113.PDF,pending_extraction
SZSE_1222942620,180801,2025-03-31,2024-12-31,annual_report,False,waste_to_energy,official_title_evidence,https://disc.static.szse.cn/disc/disk03/finalpage/2025-03-28/4c20f127-1cdd-41ff-b671-9aacc510510f.PDF,pending_extraction
SZSE_1223053659,180801,2025-04-11,,distribution_announcement,False,waste_to_energy,official_title_evidence,https://disc.static.szse.cn/disc/disk03/finalpage/2025-04-10/b5eb3638-8f8a-4edc-a8bb-6cd3d8b0e890.PDF,fetch_or_parse_failed
SZSE_1223185196,180801,2025-04-22,2025-03-31,quarterly_report,False,waste_to_energy,official_title_evidence,https://disc.static.szse.cn/disc/disk03/finalpage/2025-04-21/cda518ed-53d0-4864-b790-0aebb485d0a5.PDF,pending_extraction
SZSE_1224214988,180801,2025-07-21,2025-06-30,quarterly_report,False,waste_to_energy,official_title_evidence,https://disc.static.szse.cn/disc/disk03/finalpage/2025-07-18/f0136e74-e9e2-4e8f-87a3-9ae9e4ba1992.PDF,pending_extraction
SZSE_1224624987,180801,2025-08-30,2025-06-30,semiannual_report,False,waste_to_energy,official_title_evidence,https://disc.static.szse.cn/disc/disk03/finalpage/2025-08-30/7ec2ecee-1a6c-4c10-854f-e8432c3dac75.PDF,pending_extraction
SZSE_1224651933,180801,2025-09-12,,distribution_announcement,False,waste_to_energy,official_title_evidence,https://disc.static.szse.cn/disc/disk03/finalpage/2025-09-12/475ec169-fcda-4c0b-8d10-49c2967cd15b.PDF,fetch_or_parse_failed
SZSE_1224737245,180801,2025-10-27,2025-09-30,quarterly_report,False,waste_to_energy,official_title_evidence,https://disc.static.szse.cn/disc/disk03/finalpage/2025-10-27/13b8e3fd-c8be-440d-9d8b-386662968974.PDF,pending_extraction
SZSE_1224797337,180801,2025-11-12,,distribution_announcement,False,waste_to_energy,official_title_evidence,https://disc.static.szse.cn/disc/disk03/finalpage/2025-11-12/9c428674-c067-4ca2-afde-af9f97715ec6.PDF,fetch_or_parse_failed
SZSE_1224944446,180801,2026-01-22,2025-12-31,quarterly_report,False,waste_to_energy,official_title_evidence,https://disc.static.szse.cn/disc/disk03/finalpage/2026-01-22/cb16587d-41f0-4931-bb83-70e9bab2718b.PDF,pending_extraction
SZSE_1225055540,180801,2026-03-31,2025-12-31,annual_report,False,waste_to_energy,official_title_evidence,https://disc.static.szse.cn/disc/disk03/finalpage/2026-03-31/28907a9e-3184-4dc8-b492-217d96f798a8.PDF,pending_extraction
SZSE_1225124846,180801,2026-04-21,,distribution_announcement,False,waste_to_energy,official_title_evidence,https://disc.static.szse.cn/disc/disk03/finalpage/2026-04-21/a9dd298c-e95d-456c-8311-c512eaad4f5a.PDF,fetch_or_parse_failed
SZSE_1225141038,180801,2026-04-22,2026-03-31,quarterly_report,False,waste_to_energy,official_title_evidence,https://disc.static.szse.cn/disc/disk03/finalpage/2026-04-22/425d9c79-9241-4ec8-9ad3-1264f06cea4f.PDF,pending_extraction
SZSE_1225432899,180801,2026-07-21,2026-06-30,quarterly_report,False,waste_to_energy,official_title_evidence,https://disc.static.szse.cn/disc/disk03/finalpage/2026-07-21/744c9eac-ece8-4e3d-a03d-3542098aee62.PDF,pending_extraction
SZSE_1224745378,180901,2025-10-28,2025-09-30,quarterly_report,False,data_center,official_title_evidence,https://disc.static.szse.cn/disc/disk03/finalpage/2025-10-28/ebd62d86-dbe8-4379-b685-1c2a267d2296.PDF,pending_extraction
SZSE_1224944646,180901,2026-01-22,2025-12-31,quarterly_report,False,data_center,official_title_evidence,https://disc.static.szse.cn/disc/disk03/finalpage/2026-01-22/16aca671-d92b-4cb5-ad09-9bce88eea123.PDF,pending_extraction
SZSE_1225063253,180901,2026-03-31,2025-12-31,annual_report,False,data_center,official_title_evidence,https://disc.static.szse.cn/disc/disk03/finalpage/2026-03-31/65f369af-ef98-4deb-96e8-3098194bcf04.PDF,pending_extraction
SZSE_1225138235,180901,2026-04-22,2026-03-31,quarterly_report,False,data_center,official_title_evidence,https://disc.static.szse.cn/disc/disk03/finalpage/2026-04-22/8539213f-0df0-4dc3-a17a-1af1324f5ed8.PDF,pending_extraction
SZSE_1225434193,180901,2026-07-21,2026-06-30,quarterly_report,False,data_center,official_title_evidence,https://disc.static.szse.cn/disc/disk03/finalpage/2026-07-21/0fce6b0b-a3f4-411e-878c-1115d6ca504f.PDF,pending_extraction
SSE_508000_20211027_1_7CQIhwR3,508000,2021-10-27,2021-09-30,quarterly_report,False,industrial_park,official_title_evidence,https://www.sse.com.cn/disclosure/fund/announcement/c/new/2021-10-27/508000_20211027_1_7CQIhwR3.pdf,pending_extraction
SSE_508000_20220121_1_oqOxAXhH,508000,2022-01-21,2021-12-31,quarterly_report,False,industrial_park,official_title_evidence,https://www.sse.com.cn/disclosure/fund/announcement/c/new/2022-01-21/508000_20220121_1_oqOxAXhH.pdf,pending_extraction
SSE_508000_20220330_1_9Qr8Y4nN,508000,2022-03-30,2021-12-31,annual_report,False,industrial_park,official_title_evidence,https://www.sse.com.cn/disclosure/fund/announcement/c/new/2022-03-30/508000_20220330_1_9Qr8Y4nN.pdf,pending_extraction
SSE_508000_20220408_1_5pl6Jesi,508000,2022-04-08,,distribution_announcement,False,industrial_park,official_title_evidence,https://www.sse.com.cn/disclosure/fund/announcement/c/new/2022-04-08/508000_20220408_1_5pl6Jesi.pdf,machine_extracted_document
SSE_508000_20220421_1_M2cxZBX8,508000,2022-04-21,2022-03-31,quarterly_report,False,industrial_park,official_title_evidence,https://www.sse.com.cn/disclosure/fund/announcement/c/new/2022-04-21/508000_20220421_1_M2cxZBX8.pdf,pending_extraction
SSE_508000_20220720_1_0cdnOdej,508000,2022-07-20,2022-06-30,quarterly_report,False,industrial_park,official_title_evidence,https://www.sse.com.cn/disclosure/fund/announcement/c/new/2022-07-20/508000_20220720_1_0cdnOdej.pdf,pending_extraction
SSE_508000_20220830_1_7aA537Y3,508000,2022-08-30,2022-06-30,semiannual_report,False,industrial_park,official_title_evidence,https://www.sse.com.cn/disclosure/fund/announcement/c/new/2022-08-30/508000_20220830_1_7aA537Y3.pdf,pending_extraction
SSE_508000_20220922_1_eH2h2pGo,508000,2022-09-22,,distribution_announcement,False,industrial_park,official_title_evidence,https://www.sse.com.cn/disclosure/fund/announcement/c/new/2022-09-22/508000_20220922_1_eH2h2pGo.pdf,machine_extracted_document
SSE_508000_20221025_1_27IWah4O,508000,2022-10-25,2022-09-30,quarterly_report,False,industrial_park,official_title_evidence,https://www.sse.com.cn/disclosure/fund/announcement/c/new/2022-10-25/508000_20221025_1_27IWah4O.pdf,pending_extraction
SSE_508000_20230120_N00T,508000,2023-01-20,2022-12-31,quarterly_report,False,industrial_park,official_title_evidence,https://www.sse.com.cn/disclosure/fund/announcement/c/new/2023-01-20/508000_20230120_N00T.pdf,pending_extraction
SSE_508000_20230330_62SA,508000,2023-03-30,2022-12-31,annual_report,False,industrial_park,official_title_evidence,https://www.sse.com.cn/disclosure/fund/announcement/c/new/2023-03-30/508000_20230330_62SA.pdf,pending_extraction
SSE_508000_20230410_QX8Y,508000,2023-04-10,,distribution_announcement,False,industrial_park,official_title_evidence,https://www.sse.com.cn/disclosure/fund/announcement/c/new/2023-04-10/508000_20230410_QX8Y.pdf,machine_extracted_document
SSE_508000_20230421_6JCG,508000,2023-04-21,2023-03-31,quarterly_report,False,industrial_park,official_title_evidence,https://www.sse.com.cn/disclosure/fund/announcement/c/new/2023-04-21/508000_20230421_6JCG.pdf,pending_extraction
SSE_508000_20230508_1ET6,508000,2023-05-08,,distribution_announcement,False,industrial_park,official_title_evidence,https://www.sse.com.cn/disclosure/fund/announcement/c/new/2023-05-08/508000_20230508_1ET6.pdf,machine_extracted_document
SSE_508000_20230720_DGZB,508000,2023-07-20,2023-06-30,quarterly_report,False,industrial_park,official_title_evidence,https://www.sse.com.cn/disclosure/fund/announcement/c/new/2023-07-20/508000_20230720_DGZB.pdf,pending_extraction
SSE_508000_20230830_PBGO,508000,2023-08-30,2023-06-30,semiannual_report,False,industrial_park,official_title_evidence,https://www.sse.com.cn/disclosure/fund/announcement/c/new/2023-08-30/508000_20230830_PBGO.pdf,pending_extraction
SSE_508000_20231024_O5V7,508000,2023-10-24,2023-09-30,quarterly_report,False,industrial_park,official_title_evidence,https://www.sse.com.cn/disclosure/fund/announcement/c/new/2023-10-24/508000_20231024_O5V7.pdf,pending_extraction
SSE_508000_20240119_TP32,508000,2024-01-19,2023-12-31,quarterly_report,False,industrial_park,official_title_evidence,https://www.sse.com.cn/disclosure/fund/announcement/c/new/2024-01-19/508000_20240119_TP32.pdf,pending_extraction
SSE_508000_20240330_0OY1,508000,2024-03-30,2023-12-31,annual_report,False,industrial_park,official_title_evidence,https://www.sse.com.cn/disclosure/fund/announcement/c/new/2024-03-30/508000_20240330_0OY1.pdf,pending_extraction
SSE_508000_20240416_G2TQ,508000,2024-04-16,,distribution_announcement,False,industrial_park,official_title_evidence,https://www.sse.com.cn/disclosure/fund/announcement/c/new/2024-04-16/508000_20240416_G2TQ.pdf,machine_extracted_document
SSE_508000_20240422_X63Y,508000,2024-04-22,2024-03-31,quarterly_report,False,industrial_park,official_title_evidence,https://www.sse.com.cn/disclosure/fund/announcement/c/new/2024-04-22/508000_20240422_X63Y.pdf,pending_extraction
SSE_508000_20240719_K7J6,508000,2024-07-19,2024-06-30,quarterly_report,False,industrial_park,official_title_evidence,https://www.sse.com.cn/disclosure/fund/announcement/c/new/2024-07-19/508000_20240719_K7J6.pdf,pending_extraction
SSE_508000_20240831_7WKP,508000,2024-08-31,2024-06-30,semiannual_report,False,industrial_park,official_title_evidence,https://www.sse.com.cn/disclosure/fund/announcement/c/new/2024-08-31/508000_20240831_7WKP.pdf,pending_extraction
SSE_508000_20241025_0UBY,508000,2024-10-25,2024-09-30,quarterly_report,False,industrial_park,official_title_evidence,https://www.sse.com.cn/disclosure/fund/announcement/c/new/2024-10-25/508000_20241025_0UBY.pdf,pending_extraction
SSE_508000_20241217_QH28,508000,2024-12-17,,distribution_announcement,False,industrial_park,official_title_evidence,https://www.sse.com.cn/disclosure/fund/announcement/c/new/2024-12-17/508000_20241217_QH28.pdf,machine_extracted_document
SSE_508000_20250122_JIDJ,508000,2025-01-22,2024-12-31,quarterly_report,False,industrial_park,official_title_evidence,https://www.sse.com.cn/disclosure/fund/announcement/c/new/2025-01-22/508000_20250122_JIDJ.pdf,pending_extraction
SSE_508000_20250331_FEF5,508000,2025-03-31,2024-12-31,annual_report,False,industrial_park,official_title_evidence,https://www.sse.com.cn/disclosure/fund/announcement/c/new/2025-03-31/508000_20250331_FEF5.pdf,pending_extraction
SSE_508000_20250415_ATW2,508000,2025-04-15,,distribution_announcement,False,industrial_park,official_title_evidence,https://www.sse.com.cn/disclosure/fund/announcement/c/new/2025-04-15/508000_20250415_ATW2.pdf,machine_extracted_document
SSE_508000_20250422_T6JV,508000,2025-04-22,2025-03-31,quarterly_report,False,industrial_park,official_title_evidence,https://www.sse.com.cn/disclosure/fund/announcement/c/new/2025-04-22/508000_20250422_T6JV.pdf,pending_extraction
SSE_508000_20250721_5YJU,508000,2025-07-21,2025-06-30,quarterly_report,False,industrial_park,official_title_evidence,https://www.sse.com.cn/disclosure/fund/announcement/c/new/2025-07-21/508000_20250721_5YJU.pdf,pending_extraction
SSE_508000_20250830_ZSUN,508000,2025-08-30,2025-06-30,semiannual_report,False,industrial_park,official_title_evidence,https://www.sse.com.cn/disclosure/fund/announcement/c/new/2025-08-30/508000_20250830_ZSUN.pdf,pending_extraction
SSE_508000_20250916_DJS4,508000,2025-09-16,,distribution_announcement,False,industrial_park,official_title_evidence,https://www.sse.com.cn/disclosure/fund/announcement/c/new/2025-09-16/508000_20250916_DJS4.pdf,machine_extracted_document
SSE_508000_20251028_D08D,508000,2025-10-28,2025-09-30,quarterly_report,False,industrial_park,official_title_evidence,https://www.sse.com.cn/disclosure/fund/announcement/c/new/2025-10-28/508000_20251028_D08D.pdf,pending_extraction
SSE_508000_20260122_1UIN,508000,2026-01-22,2025-12-31,quarterly_report,False,industrial_park,official_title_evidence,https://www.sse.com.cn/disclosure/fund/announcement/c/new/2026-01-22/508000_20260122_1UIN.pdf,pending_extraction
SSE_508000_20260327_HFJ9,508000,2026-03-27,2025-12-31,annual_report,False,industrial_park,official_title_evidence,https://www.sse.com.cn/disclosure/fund/announcement/c/new/2026-03-27/508000_20260327_HFJ9.pdf,pending_extraction
SSE_508000_20260414_41KN,508000,2026-04-14,,distribution_announcement,False,industrial_park,official_title_evidence,https://www.sse.com.cn/disclosure/fund/announcement/c/new/2026-04-14/508000_20260414_41KN.pdf,machine_extracted_document
SSE_508000_20260422_IFUQ,508000,2026-04-22,2026-03-31,quarterly_report,False,industrial_park,official_title_evidence,https://www.sse.com.cn/disclosure/fund/announcement/c/new/2026-04-22/508000_20260422_IFUQ.pdf,pending_extraction
SSE_508000_20260721_YU5C,508000,2026-07-21,2026-06-30,quarterly_report,False,industrial_park,official_title_evidence,https://www.sse.com.cn/disclosure/fund/announcement/c/new/2026-07-21/508000_20260721_YU5C.pdf,pending_extraction
SSE_508001_20211027_1_o2JpSRan,508001,2021-10-27,2021-09-30,quarterly_report,False,toll_road,official_title_evidence,https://www.sse.com.cn/disclosure/fund/announcement/c/new/2021-10-27/508001_20211027_1_o2JpSRan.pdf,pending_extraction
SSE_508001_20211228_1_k7cZs3pt,508001,2021-12-28,,distribution_announcement,False,toll_road,official_title_evidence,https://www.sse.com.cn/disclosure/fund/announcement/c/new/2021-12-28/508001_20211228_1_k7cZs3pt.pdf,machine_extracted_document
SSE_508001_20220124_2_jXvs6ZSd,508001,2022-01-24,2021-12-31,quarterly_report,False,toll_road,official_title_evidence,https://www.sse.com.cn/disclosure/fund/announcement/c/new/2022-01-24/508001_20220124_2_jXvs6ZSd.pdf,pending_extraction
SSE_508001_20220330_1_D2At7Pbj,508001,2022-03-30,2021-12-31,annual_report,False,toll_road,official_title_evidence,https://www.sse.com.cn/disclosure/fund/announcement/c/new/2022-03-30/508001_20220330_1_D2At7Pbj.pdf,pending_extraction
SSE_508001_20220422_1_g6IhJKMN,508001,2022-04-22,2022-03-31,quarterly_report,False,toll_road,official_title_evidence,https://www.sse.com.cn/disclosure/fund/announcement/c/new/2022-04-22/508001_20220422_1_g6IhJKMN.pdf,pending_extraction
SSE_508001_20220602_1_KJxXyHvj,508001,2022-06-02,,distribution_announcement,False,toll_road,official_title_evidence,https://www.sse.com.cn/disclosure/fund/announcement/c/new/2022-06-02/508001_20220602_1_KJxXyHvj.pdf,machine_extracted_document
SSE_508001_20220721_1_APUtYZBh,508001,2022-07-21,2022-06-30,quarterly_report,False,toll_road,official_title_evidence,https://www.sse.com.cn/disclosure/fund/announcement/c/new/2022-07-21/508001_20220721_1_APUtYZBh.pdf,pending_extraction
SSE_508001_20220830_1_E3unT2AM,508001,2022-08-30,2022-06-30,semiannual_report,False,toll_road,official_title_evidence,https://www.sse.com.cn/disclosure/fund/announcement/c/new/2022-08-30/508001_20220830_1_E3unT2AM.pdf,pending_extraction
SSE_508001_20221026_1_9NZWdkEZ,508001,2022-10-26,2022-09-30,quarterly_report,False,toll_road,official_title_evidence,https://www.sse.com.cn/disclosure/fund/announcement/c/new/2022-10-26/508001_20221026_1_9NZWdkEZ.pdf,pending_extraction
SSE_508001_20230120_D5ZD,508001,2023-01-20,2022-12-31,quarterly_report,False,toll_road,official_title_evidence,https://www.sse.com.cn/disclosure/fund/announcement/c/new/2023-01-20/508001_20230120_D5ZD.pdf,pending_extraction
SSE_508001_20230331_Y43L,508001,2023-03-31,2022-12-31,annual_report,False,toll_road,official_title_evidence,https://www.sse.com.cn/disclosure/fund/announcement/c/new/2023-03-31/508001_20230331_Y43L.pdf,pending_extraction
SSE_508001_20230421_9XG5,508001,2023-04-21,2023-03-31,quarterly_report,False,toll_road,official_title_evidence,https://www.sse.com.cn/disclosure/fund/announcement/c/new/2023-04-21/508001_20230421_9XG5.pdf,pending_extraction
SSE_508001_20230613_Q5ZE,508001,2023-06-13,,distribution_announcement,False,toll_road,official_title_evidence,https://www.sse.com.cn/disclosure/fund/announcement/c/new/2023-06-13/508001_20230613_Q5ZE.pdf,machine_extracted_document
SSE_508001_20230720_HIF4,508001,2023-07-20,2023-06-30,quarterly_report,False,toll_road,official_title_evidence,https://www.sse.com.cn/disclosure/fund/announcement/c/new/2023-07-20/508001_20230720_HIF4.pdf,pending_extraction
SSE_508001_20230830_RT6I,508001,2023-08-30,2023-06-30,semiannual_report,False,toll_road,official_title_evidence,https://www.sse.com.cn/disclosure/fund/announcement/c/new/2023-08-30/508001_20230830_RT6I.pdf,pending_extraction
SSE_508001_20231025_D5SA,508001,2023-10-25,2023-09-30,quarterly_report,False,toll_road,official_title_evidence,https://www.sse.com.cn/disclosure/fund/announcement/c/new/2023-10-25/508001_20231025_D5SA.pdf,pending_extraction
SSE_508001_20240120_HA7T,508001,2024-01-20,2023-12-31,quarterly_report,False,toll_road,official_title_evidence,https://www.sse.com.cn/disclosure/fund/announcement/c/new/2024-01-20/508001_20240120_HA7T.pdf,pending_extraction
SSE_508001_20240330_4IVC,508001,2024-03-30,2023-12-31,annual_report,False,toll_road,official_title_evidence,https://www.sse.com.cn/disclosure/fund/announcement/c/new/2024-03-30/508001_20240330_4IVC.pdf,pending_extraction
SSE_508001_20240420_94LD,508001,2024-04-20,2024-03-31,quarterly_report,False,toll_road,official_title_evidence,https://www.sse.com.cn/disclosure/fund/announcement/c/new/2024-04-20/508001_20240420_94LD.pdf,pending_extraction
SSE_508001_20240625_U6PY,508001,2024-06-25,,distribution_announcement,False,toll_road,official_title_evidence,https://www.sse.com.cn/disclosure/fund/announcement/c/new/2024-06-25/508001_20240625_U6PY.pdf,machine_extracted_document
SSE_508001_20240718_S11Z,508001,2024-07-18,2024-06-30,quarterly_report,False,toll_road,official_title_evidence,https://www.sse.com.cn/disclosure/fund/announcement/c/new/2024-07-18/508001_20240718_S11Z.pdf,pending_extraction
SSE_508001_20240830_0IAB,508001,2024-08-30,2024-06-30,semiannual_report,False,toll_road,official_title_evidence,https://www.sse.com.cn/disclosure/fund/announcement/c/new/2024-08-30/508001_20240830_0IAB.pdf,pending_extraction
SSE_508001_20241025_V9XX,508001,2024-10-25,2024-09-30,quarterly_report,False,toll_road,official_title_evidence,https://www.sse.com.cn/disclosure/fund/announcement/c/new/2024-10-25/508001_20241025_V9XX.pdf,pending_extraction
SSE_508001_20241127_WMJJ,508001,2024-11-27,,distribution_announcement,False,toll_road,official_title_evidence,https://www.sse.com.cn/disclosure/fund/announcement/c/new/2024-11-27/508001_20241127_WMJJ.pdf,machine_extracted_document
SSE_508001_20250122_NNMW,508001,2025-01-22,2024-12-31,quarterly_report,False,toll_road,official_title_evidence,https://www.sse.com.cn/disclosure/fund/announcement/c/new/2025-01-22/508001_20250122_NNMW.pdf,pending_extraction
SSE_508001_20250328_P6P4,508001,2025-03-28,2024-12-31,annual_report,False,toll_road,official_title_evidence,https://www.sse.com.cn/disclosure/fund/announcement/c/new/2025-03-28/508001_20250328_P6P4.pdf,pending_extraction
SSE_508001_20250422_CN0A,508001,2025-04-22,2025-03-31,quarterly_report,False,toll_road,official_title_evidence,https://www.sse.com.cn/disclosure/fund/announcement/c/new/2025-04-22/508001_20250422_CN0A.pdf,pending_extraction
SSE_508001_20250610_P4SA,508001,2025-06-10,,distribution_announcement,False,toll_road,official_title_evidence,https://www.sse.com.cn/disclosure/fund/announcement/c/new/2025-06-10/508001_20250610_P4SA.pdf,machine_extracted_document
SSE_508001_20250719_P704,508001,2025-07-19,2025-06-30,quarterly_report,False,toll_road,official_title_evidence,https://www.sse.com.cn/disclosure/fund/announcement/c/new/2025-07-19/508001_20250719_P704.pdf,pending_extraction
SSE_508001_20250830_ILR0,508001,2025-08-30,2025-06-30,semiannual_report,False,toll_road,official_title_evidence,https://www.sse.com.cn/disclosure/fund/announcement/c/new/2025-08-30/508001_20250830_ILR0.pdf,pending_extraction
SSE_508001_20251028_Z3BS,508001,2025-10-28,2025-09-30,quarterly_report,False,toll_road,official_title_evidence,https://www.sse.com.cn/disclosure/fund/announcement/c/new/2025-10-28/508001_20251028_Z3BS.pdf,pending_extraction
SSE_508001_20251216_NBRI,508001,2025-12-16,,distribution_announcement,False,toll_road,official_title_evidence,https://www.sse.com.cn/disclosure/fund/announcement/c/new/2025-12-16/508001_20251216_NBRI.pdf,machine_extracted_document
SSE_508001_20260122_WHL5,508001,2026-01-22,2025-12-31,quarterly_report,False,toll_road,official_title_evidence,https://www.sse.com.cn/disclosure/fund/announcement/c/new/2026-01-22/508001_20260122_WHL5.pdf,pending_extraction
SSE_508001_20260331_AW50,508001,2026-03-31,2025-12-31,annual_report,False,toll_road,official_title_evidence,https://www.sse.com.cn/disclosure/fund/announcement/c/new/2026-03-31/508001_20260331_AW50.pdf,pending_extraction
SSE_508001_20260422_KS1D,508001,2026-04-22,2026-03-31,quarterly_report,False,toll_road,official_title_evidence,https://www.sse.com.cn/disclosure/fund/announcement/c/new/2026-04-22/508001_20260422_KS1D.pdf,pending_extraction
SSE_508001_20260721_8C22,508001,2026-07-21,2026-06-30,quarterly_report,False,toll_road,official_title_evidence,https://www.sse.com.cn/disclosure/fund/announcement/c/new/2026-07-21/508001_20260721_8C22.pdf,pending_extraction
SSE_508001_20260721_8J1G,508001,2026-07-21,,distribution_announcement,False,toll_road,official_title_evidence,https://www.sse.com.cn/disclosure/fund/announcement/c/new/2026-07-21/508001_20260721_8J1G.pdf,machine_extracted_document
SSE_508002_20241025_44Q2,508002,2024-10-25,2024-09-30,quarterly_report,False,retail,official_title_evidence,https://www.sse.com.cn/disclosure/fund/announcement/c/new/2024-10-25/508002_20241025_44Q2.pdf,pending_extraction
SSE_508002_20241217_KHN0,508002,2024-12-17,,distribution_announcement,False,retail,official_title_evidence,https://www.sse.com.cn/disclosure/fund/announcement/c/new/2024-12-17/508002_20241217_KHN0.pdf,machine_extracted_document
SSE_508002_20250122_JD1A,508002,2025-01-22,2024-12-31,quarterly_report,False,retail,official_title_evidence,https://www.sse.com.cn/disclosure/fund/announcement/c/new/2025-01-22/508002_20250122_JD1A.pdf,pending_extraction
SSE_508002_20250331_E18Q,508002,2025-03-31,,distribution_announcement,False,retail,official_title_evidence,https://www.sse.com.cn/disclosure/fund/announcement/c/new/2025-03-31/508002_20250331_E18Q.pdf,machine_extracted_document
SSE_508002_20250331_VL0L,508002,2025-03-31,2024-12-31,annual_report,False,retail,official_title_evidence,https://www.sse.com.cn/disclosure/fund/announcement/c/new/2025-03-31/508002_20250331_VL0L.pdf,pending_extraction
SSE_508002_20250422_ZDR8,508002,2025-04-22,2025-03-31,quarterly_report,False,retail,official_title_evidence,https://www.sse.com.cn/disclosure/fund/announcement/c/new/2025-04-22/508002_20250422_ZDR8.pdf,pending_extraction
SSE_508002_20250721_OSAR,508002,2025-07-21,2025-06-30,quarterly_report,False,retail,official_title_evidence,https://www.sse.com.cn/disclosure/fund/announcement/c/new/2025-07-21/508002_20250721_OSAR.pdf,pending_extraction
SSE_508002_20250808_U7KB,508002,2025-08-08,,distribution_announcement,False,retail,official_title_evidence,https://www.sse.com.cn/disclosure/fund/announcement/c/new/2025-08-08/508002_20250808_U7KB.pdf,machine_extracted_document
SSE_508002_20250830_EPRM,508002,2025-08-30,2025-06-30,semiannual_report,False,retail,official_title_evidence,https://www.sse.com.cn/disclosure/fund/announcement/c/new/2025-08-30/508002_20250830_EPRM.pdf,pending_extraction
SSE_508002_20251028_EX8G,508002,2025-10-28,2025-09-30,quarterly_report,False,retail,official_title_evidence,https://www.sse.com.cn/disclosure/fund/announcement/c/new/2025-10-28/508002_20251028_EX8G.pdf,pending_extraction
SSE_508002_20251223_HYTC,508002,2025-12-23,,distribution_announcement,False,retail,official_title_evidence,https://www.sse.com.cn/disclosure/fund/announcement/c/new/2025-12-23/508002_20251223_HYTC.pdf,machine_extracted_document
SSE_508002_20260122_UH7K,508002,2026-01-22,2025-12-31,quarterly_report,False,retail,official_title_evidence,https://www.sse.com.cn/disclosure/fund/announcement/c/new/2026-01-22/508002_20260122_UH7K.pdf,pending_extraction
SSE_508002_20260331_UH7T,508002,2026-03-31,2025-12-31,annual_report,False,retail,official_title_evidence,https://www.sse.com.cn/disclosure/fund/announcement/c/new/2026-03-31/508002_20260331_UH7T.pdf,pending_extraction
SSE_508002_20260422_M5K9,508002,2026-04-22,2026-03-31,quarterly_report,False,retail,official_title_evidence,https://www.sse.com.cn/disclosure/fund/announcement/c/new/2026-04-22/508002_20260422_M5K9.pdf,pending_extraction
SSE_508002_20260519_MCWO,508002,2026-05-19,,distribution_announcement,False,retail,official_title_evidence,https://www.sse.com.cn/disclosure/fund/announcement/c/new/2026-05-19/508002_20260519_MCWO.pdf,machine_extracted_document
SSE_508002_20260721_3EWO,508002,2026-07-21,2026-06-30,quarterly_report,False,retail,official_title_evidence,https://www.sse.com.cn/disclosure/fund/announcement/c/new/2026-07-21/508002_20260721_3EWO.pdf,pending_extraction
SSE_508003_20250122_WLUA,508003,2025-01-22,2024-12-31,quarterly_report,False,industrial_park,official_title_evidence,https://www.sse.com.cn/disclosure/fund/announcement/c/new/2025-01-22/508003_20250122_WLUA.pdf,pending_extraction
SSE_508003_20250328_9096,508003,2025-03-28,2024-12-31,annual_report,False,industrial_park,official_title_evidence,https://www.sse.com.cn/disclosure/fund/announcement/c/new/2025-03-28/508003_20250328_9096.pdf,pending_extraction
SSE_508003_20250422_HKQO,508003,2025-04-22,2025-03-31,quarterly_report,False,industrial_park,official_title_evidence,https://www.sse.com.cn/disclosure/fund/announcement/c/new/2025-04-22/508003_20250422_HKQO.pdf,pending_extraction
SSE_508003_20250423_Z4C8,508003,2025-04-23,,distribution_announcement,False,industrial_park,official_title_evidence,https://www.sse.com.cn/disclosure/fund/announcement/c/new/2025-04-23/508003_20250423_Z4C8.pdf,machine_extracted_document
SSE_508003_20250718_BBF9,508003,2025-07-18,,distribution_announcement,False,industrial_park,official_title_evidence,https://www.sse.com.cn/disclosure/fund/announcement/c/new/2025-07-18/508003_20250718_BBF9.pdf,machine_extracted_document
SSE_508003_20250721_KOT2,508003,2025-07-21,2025-06-30,quarterly_report,False,industrial_park,official_title_evidence,https://www.sse.com.cn/disclosure/fund/announcement/c/new/2025-07-21/508003_20250721_KOT2.pdf,pending_extraction
SSE_508003_20250829_WXK5,508003,2025-08-29,2025-06-30,semiannual_report,False,industrial_park,official_title_evidence,https://www.sse.com.cn/disclosure/fund/announcement/c/new/2025-08-29/508003_20250829_WXK5.pdf,pending_extraction
SSE_508003_20251028_S7BD,508003,2025-10-28,2025-09-30,quarterly_report,False,industrial_park,official_title_evidence,https://www.sse.com.cn/disclosure/fund/announcement/c/new/2025-10-28/508003_20251028_S7BD.pdf,pending_extraction
SSE_508003_20251105_RQT4,508003,2025-11-05,,distribution_announcement,False,industrial_park,official_title_evidence,https://www.sse.com.cn/disclosure/fund/announcement/c/new/2025-11-05/508003_20251105_RQT4.pdf,machine_extracted_document
SSE_508003_20260122_VH0L,508003,2026-01-22,2025-12-31,quarterly_report,False,industrial_park,official_title_evidence,https://www.sse.com.cn/disclosure/fund/announcement/c/new/2026-01-22/508003_20260122_VH0L.pdf,pending_extraction
SSE_508003_20260204_GXBQ,508003,2026-02-04,,distribution_announcement,False,industrial_park,official_title_evidence,https://www.sse.com.cn/disclosure/fund/announcement/c/new/2026-02-04/508003_20260204_GXBQ.pdf,machine_extracted_document
SSE_508003_20260331_3B0V,508003,2026-03-31,2025-12-31,annual_report,False,industrial_park,official_title_evidence,https://www.sse.com.cn/disclosure/fund/announcement/c/new/2026-03-31/508003_20260331_3B0V.pdf,pending_extraction
SSE_508003_20260422_QS6X,508003,2026-04-22,2026-03-31,quarterly_report,False,industrial_park,official_title_evidence,https://www.sse.com.cn/disclosure/fund/announcement/c/new/2026-04-22/508003_20260422_QS6X.pdf,pending_extraction
SSE_508003_20260430_SY92,508003,2026-04-30,,distribution_announcement,False,industrial_park,official_title_evidence,https://www.sse.com.cn/disclosure/fund/announcement/c/new/2026-04-30/508003_20260430_SY92.pdf,machine_extracted_document
SSE_508003_20260721_M9MH,508003,2026-07-21,2026-06-30,quarterly_report,False,industrial_park,official_title_evidence,https://www.sse.com.cn/disclosure/fund/announcement/c/new/2026-07-21/508003_20260721_M9MH.pdf,pending_extraction
SSE_508003_20260805_6O1L,508003,2026-08-05,,distribution_announcement,False,industrial_park,official_title_evidence,https://www.sse.com.cn/disclosure/fund/announcement/c/new/2026-08-05/508003_20260805_6O1L.pdf,machine_extracted_document
SSE_508003_20260828_EDDH,508003,2026-08-28,2026-06-30,semiannual_report,False,industrial_park,official_title_evidence,https://www.sse.com.cn/disclosure/fund/announcement/c/new/2026-08-28/508003_20260828_EDDH.pdf,pending_extraction
SSE_508005_20241217_ZNT4,508005,2024-12-17,,distribution_announcement,False,retail,official_title_evidence,https://www.sse.com.cn/disclosure/fund/announcement/c/new/2024-12-17/508005_20241217_ZNT4.pdf,machine_extracted_document
SSE_508005_20250122_22P5,508005,2025-01-22,2024-12-31,quarterly_report,False,retail,official_title_evidence,https://www.sse.com.cn/disclosure/fund/announcement/c/new/2025-01-22/508005_20250122_22P5.pdf,pending_extraction
SSE_508005_20250331_KQ1I,508005,2025-03-31,2024-12-31,annual_report,False,retail,official_title_evidence,https://www.sse.com.cn/disclosure/fund/announcement/c/new/2025-03-31/508005_20250331_KQ1I.pdf,pending_extraction
SSE_508005_20250422_HM6F,508005,2025-04-22,2025-03-31,quarterly_report,False,retail,official_title_evidence,https://www.sse.com.cn/disclosure/fund/announcement/c/new/2025-04-22/508005_20250422_HM6F.pdf,pending_extraction
SSE_508005_20250430_9EYQ,508005,2025-04-30,,distribution_announcement,False,retail,official_title_evidence,https://www.sse.com.cn/disclosure/fund/announcement/c/new/2025-04-30/508005_20250430_9EYQ.pdf,machine_extracted_document
SSE_508005_20250721_7HLD,508005,2025-07-21,2025-06-30,quarterly_report,False,retail,official_title_evidence,https://www.sse.com.cn/disclosure/fund/announcement/c/new/2025-07-21/508005_20250721_7HLD.pdf,pending_extraction
SSE_508005_20250829_ZLR2,508005,2025-08-29,,distribution_announcement,False,retail,official_title_evidence,https://www.sse.com.cn/disclosure/fund/announcement/c/new/2025-08-29/508005_20250829_ZLR2.pdf,machine_extracted_document
SSE_508005_20250830_ZLJS,508005,2025-08-30,2025-06-30,semiannual_report,False,retail,official_title_evidence,https://www.sse.com.cn/disclosure/fund/announcement/c/new/2025-08-30/508005_20250830_ZLJS.pdf,pending_extraction
SSE_508005_20251028_ASS3,508005,2025-10-28,2025-09-30,quarterly_report,False,retail,official_title_evidence,https://www.sse.com.cn/disclosure/fund/announcement/c/new/2025-10-28/508005_20251028_ASS3.pdf,pending_extraction
SSE_508005_20260122_WRDS,508005,2026-01-22,2025-12-31,quarterly_report,False,retail,official_title_evidence,https://www.sse.com.cn/disclosure/fund/announcement/c/new/2026-01-22/508005_20260122_WRDS.pdf,pending_extraction
SSE_508005_20260304_E1L9,508005,2026-03-04,,distribution_announcement,False,retail,official_title_evidence,https://www.sse.com.cn/disclosure/fund/announcement/c/new/2026-03-04/508005_20260304_E1L9.pdf,machine_extracted_document
SSE_508005_20260327_D6U8,508005,2026-03-27,2025-12-31,annual_report,False,retail,official_title_evidence,https://www.sse.com.cn/disclosure/fund/announcement/c/new/2026-03-27/508005_20260327_D6U8.pdf,pending_extraction
SSE_508005_20260422_ZGZ7,508005,2026-04-22,2026-03-31,quarterly_report,False,retail,official_title_evidence,https://www.sse.com.cn/disclosure/fund/announcement/c/new/2026-04-22/508005_20260422_ZGZ7.pdf,pending_extraction
SSE_508005_20260721_VAGA,508005,2026-07-21,2026-06-30,quarterly_report,False,retail,official_title_evidence,https://www.sse.com.cn/disclosure/fund/announcement/c/new/2026-07-21/508005_20260721_VAGA.pdf,pending_extraction
SSE_508005_20260821_LRA2,508005,2026-08-21,,distribution_announcement,False,retail,official_title_evidence,https://www.sse.com.cn/disclosure/fund/announcement/c/new/2026-08-21/508005_20260821_LRA2.pdf,machine_extracted_document
SSE_508006_20211027_1_lnEO1D4B,508006,2021-10-27,2021-09-30,quarterly_report,False,water,official_title_evidence,https://www.sse.com.cn/disclosure/fund/announcement/c/new/2021-10-27/508006_20211027_1_lnEO1D4B.pdf,pending_extraction
SSE_508006_20220120_1_E09OYRmy,508006,2022-01-20,,distribution_announcement,False,water,official_title_evidence,https://www.sse.com.cn/disclosure/fund/announcement/c/new/2022-01-20/508006_20220120_1_E09OYRmy.pdf,needs_ocr_or_visual_review
SSE_508006_20220120_2_PBjXvUv6,508006,2022-01-20,,distribution_announcement,False,water,official_title_evidence,https://www.sse.com.cn/disclosure/fund/announcement/c/new/2022-01-20/508006_20220120_2_PBjXvUv6.pdf,machine_extracted_document
SSE_508006_20220124_2_K4NLAzx1,508006,2022-01-24,2021-12-31,quarterly_report,False,water,official_title_evidence,https://www.sse.com.cn/disclosure/fund/announcement/c/new/2022-01-24/508006_20220124_2_K4NLAzx1.pdf,pending_extraction
SSE_508006_20220331_1_yzIZgOAh,508006,2022-03-31,2021-12-31,annual_report,False,water,official_title_evidence,https://www.sse.com.cn/disclosure/fund/announcement/c/new/2022-03-31/508006_20220331_1_yzIZgOAh.pdf,pending_extraction
SSE_508006_20220422_1_HglDxaPw,508006,2022-04-22,2022-03-31,quarterly_report,False,water,official_title_evidence,https://www.sse.com.cn/disclosure/fund/announcement/c/new/2022-04-22/508006_20220422_1_HglDxaPw.pdf,pending_extraction
SSE_508006_20220721_1_IMuWv5Y2,508006,2022-07-21,2022-06-30,quarterly_report,False,water,official_title_evidence,https://www.sse.com.cn/disclosure/fund/announcement/c/new/2022-07-21/508006_20220721_1_IMuWv5Y2.pdf,pending_extraction
SSE_508006_20220831_2_U26O8S9i,508006,2022-08-31,2022-06-30,semiannual_report,False,water,official_title_evidence,https://www.sse.com.cn/disclosure/fund/announcement/c/new/2022-08-31/508006_20220831_2_U26O8S9i.pdf,pending_extraction
SSE_508006_20220916_1_imFL17Gd,508006,2022-09-16,,distribution_announcement,False,water,official_title_evidence,https://www.sse.com.cn/disclosure/fund/announcement/c/new/2022-09-16/508006_20220916_1_imFL17Gd.pdf,needs_ocr_or_visual_review
SSE_508006_20221026_1_U2745whM,508006,2022-10-26,2022-09-30,quarterly_report,False,water,official_title_evidence,https://www.sse.com.cn/disclosure/fund/announcement/c/new/2022-10-26/508006_20221026_1_U2745whM.pdf,pending_extraction
SSE_508006_20230120_NXXP,508006,2023-01-20,2022-12-31,quarterly_report,False,water,official_title_evidence,https://www.sse.com.cn/disclosure/fund/announcement/c/new/2023-01-20/508006_20230120_NXXP.pdf,pending_extraction
SSE_508006_20230331_I9VM,508006,2023-03-31,2022-12-31,annual_report,False,water,official_title_evidence,https://www.sse.com.cn/disclosure/fund/announcement/c/new/2023-03-31/508006_20230331_I9VM.pdf,pending_extraction
SSE_508006_20230403_8LMB,508006,2023-04-03,,distribution_announcement,False,water,official_title_evidence,https://www.sse.com.cn/disclosure/fund/announcement/c/new/2023-04-03/508006_20230403_8LMB.pdf,needs_ocr_or_visual_review
SSE_508006_20230421_6P2E,508006,2023-04-21,2023-03-31,quarterly_report,False,water,official_title_evidence,https://www.sse.com.cn/disclosure/fund/announcement/c/new/2023-04-21/508006_20230421_6P2E.pdf,pending_extraction
SSE_508006_20230721_XPLG,508006,2023-07-21,2023-06-30,quarterly_report,False,water,official_title_evidence,https://www.sse.com.cn/disclosure/fund/announcement/c/new/2023-07-21/508006_20230721_XPLG.pdf,pending_extraction
SSE_508006_20230831_QOUP,508006,2023-08-31,2023-06-30,semiannual_report,False,water,official_title_evidence,https://www.sse.com.cn/disclosure/fund/announcement/c/new/2023-08-31/508006_20230831_QOUP.pdf,pending_extraction
SSE_508006_20230907_CZ0V,508006,2023-09-07,,distribution_announcement,False,water,official_title_evidence,https://www.sse.com.cn/disclosure/fund/announcement/c/new/2023-09-07/508006_20230907_CZ0V.pdf,needs_ocr_or_visual_review
SSE_508006_20231025_3Y30,508006,2023-10-25,2023-09-30,quarterly_report,False,water,official_title_evidence,https://www.sse.com.cn/disclosure/fund/announcement/c/new/2023-10-25/508006_20231025_3Y30.pdf,pending_extraction
SSE_508006_20240122_0RBU,508006,2024-01-22,2023-12-31,quarterly_report,False,water,official_title_evidence,https://www.sse.com.cn/disclosure/fund/announcement/c/new/2024-01-22/508006_20240122_0RBU.pdf,pending_extraction
SSE_508006_20240330_C6WA,508006,2024-03-30,2023-12-31,annual_report,False,water,official_title_evidence,https://www.sse.com.cn/disclosure/fund/announcement/c/new/2024-03-30/508006_20240330_C6WA.pdf,pending_extraction
SSE_508006_20240402_TJ39,508006,2024-04-02,,distribution_announcement,False,water,official_title_evidence,https://www.sse.com.cn/disclosure/fund/announcement/c/new/2024-04-02/508006_20240402_TJ39.pdf,machine_extracted_document
SSE_508006_20240402_YVOY,508006,2024-04-02,,distribution_announcement,False,water,official_title_evidence,https://www.sse.com.cn/disclosure/fund/announcement/c/new/2024-04-02/508006_20240402_YVOY.pdf,needs_ocr_or_visual_review
SSE_508006_20240422_JE1W,508006,2024-04-22,2024-03-31,quarterly_report,False,water,official_title_evidence,https://www.sse.com.cn/disclosure/fund/announcement/c/new/2024-04-22/508006_20240422_JE1W.pdf,pending_extraction
SSE_508006_20240719_43EY,508006,2024-07-19,2024-06-30,quarterly_report,False,water,official_title_evidence,https://www.sse.com.cn/disclosure/fund/announcement/c/new/2024-07-19/508006_20240719_43EY.pdf,pending_extraction
SSE_508006_20240831_42N0,508006,2024-08-31,2024-06-30,semiannual_report,False,water,official_title_evidence,https://www.sse.com.cn/disclosure/fund/announcement/c/new/2024-08-31/508006_20240831_42N0.pdf,pending_extraction
SSE_508006_20240906_9VH0,508006,2024-09-06,,distribution_announcement,False,water,official_title_evidence,https://www.sse.com.cn/disclosure/fund/announcement/c/new/2024-09-06/508006_20240906_9VH0.pdf,needs_ocr_or_visual_review
SSE_508006_20240906_O324,508006,2024-09-06,,distribution_announcement,False,water,official_title_evidence,https://www.sse.com.cn/disclosure/fund/announcement/c/new/2024-09-06/508006_20240906_O324.pdf,machine_extracted_document
SSE_508006_20241025_QUY4,508006,2024-10-25,2024-09-30,quarterly_report,False,water,official_title_evidence,https://www.sse.com.cn/disclosure/fund/announcement/c/new/2024-10-25/508006_20241025_QUY4.pdf,pending_extraction
SSE_508006_20250122_PAAI,508006,2025-01-22,2024-12-31,quarterly_report,False,water,official_title_evidence,https://www.sse.com.cn/disclosure/fund/announcement/c/new/2025-01-22/508006_20250122_PAAI.pdf,pending_extraction
SSE_508006_20250331_NJSS,508006,2025-03-31,2024-12-31,annual_report,False,water,official_title_evidence,https://www.sse.com.cn/disclosure/fund/announcement/c/new/2025-03-31/508006_20250331_NJSS.pdf,pending_extraction
SSE_508006_20250407_UD17,508006,2025-04-07,,distribution_announcement,False,water,official_title_evidence,https://www.sse.com.cn/disclosure/fund/announcement/c/new/2025-04-07/508006_20250407_UD17.pdf,needs_ocr_or_visual_review
SSE_508006_20250422_R3N1,508006,2025-04-22,2025-03-31,quarterly_report,False,water,official_title_evidence,https://www.sse.com.cn/disclosure/fund/announcement/c/new/2025-04-22/508006_20250422_R3N1.pdf,pending_extraction
SSE_508006_20250721_9BVM,508006,2025-07-21,2025-06-30,quarterly_report,False,water,official_title_evidence,https://www.sse.com.cn/disclosure/fund/announcement/c/new/2025-07-21/508006_20250721_9BVM.pdf,pending_extraction
SSE_508006_20250830_45P3,508006,2025-08-30,2025-06-30,semiannual_report,False,water,official_title_evidence,https://www.sse.com.cn/disclosure/fund/announcement/c/new/2025-08-30/508006_20250830_45P3.pdf,pending_extraction
SSE_508006_20250911_KJ1G,508006,2025-09-11,,distribution_announcement,False,water,official_title_evidence,https://www.sse.com.cn/disclosure/fund/announcement/c/new/2025-09-11/508006_20250911_KJ1G.pdf,needs_ocr_or_visual_review
SSE_508006_20251028_8JWY,508006,2025-10-28,2025-09-30,quarterly_report,False,water,official_title_evidence,https://www.sse.com.cn/disclosure/fund/announcement/c/new/2025-10-28/508006_20251028_8JWY.pdf,pending_extraction
SSE_508006_20260122_6V6D,508006,2026-01-22,2025-12-31,quarterly_report,False,water,official_title_evidence,https://www.sse.com.cn/disclosure/fund/announcement/c/new/2026-01-22/508006_20260122_6V6D.pdf,pending_extraction
SSE_508006_20260331_TBP1,508006,2026-03-31,2025-12-31,annual_report,False,water,official_title_evidence,https://www.sse.com.cn/disclosure/fund/announcement/c/new/2026-03-31/508006_20260331_TBP1.pdf,pending_extraction
SSE_508006_20260401_9RZB,508006,2026-04-01,,distribution_announcement,False,water,official_title_evidence,https://www.sse.com.cn/disclosure/fund/announcement/c/new/2026-04-01/508006_20260401_9RZB.pdf,needs_ocr_or_visual_review
SSE_508006_20260422_2NG4,508006,2026-04-22,2026-03-31,quarterly_report,False,water,official_title_evidence,https://www.sse.com.cn/disclosure/fund/announcement/c/new/2026-04-22/508006_20260422_2NG4.pdf,pending_extraction
SSE_508006_20260721_1ULD,508006,2026-07-21,2026-06-30,quarterly_report,False,water,official_title_evidence,https://www.sse.com.cn/disclosure/fund/announcement/c/new/2026-07-21/508006_20260721_1ULD.pdf,pending_extraction
SSE_508007_20231221_N2O4,508007,2023-12-21,,distribution_announcement,False,toll_road,official_title_evidence,https://www.sse.com.cn/disclosure/fund/announcement/c/new/2023-12-21/508007_20231221_N2O4.pdf,machine_extracted_document
SSE_508007_20240119_72DK,508007,2024-01-19,2023-12-31,quarterly_report,False,toll_road,official_title_evidence,https://www.sse.com.cn/disclosure/fund/announcement/c/new/2024-01-19/508007_20240119_72DK.pdf,pending_extraction
SSE_508007_20240329_UKVI,508007,2024-03-29,2023-12-31,annual_report,False,toll_road,official_title_evidence,https://www.sse.com.cn/disclosure/fund/announcement/c/new/2024-03-29/508007_20240329_UKVI.pdf,pending_extraction
SSE_508007_20240420_EZEA,508007,2024-04-20,2024-03-31,quarterly_report,False,toll_road,official_title_evidence,https://www.sse.com.cn/disclosure/fund/announcement/c/new/2024-04-20/508007_20240420_EZEA.pdf,pending_extraction
SSE_508007_20240423_1XRU,508007,2024-04-23,,distribution_announcement,False,toll_road,official_title_evidence,https://www.sse.com.cn/disclosure/fund/announcement/c/new/2024-04-23/508007_20240423_1XRU.pdf,machine_extracted_document
SSE_508007_20240621_T36Z,508007,2024-06-21,,distribution_announcement,False,toll_road,official_title_evidence,https://www.sse.com.cn/disclosure/fund/announcement/c/new/2024-06-21/508007_20240621_T36Z.pdf,machine_extracted_document
SSE_508007_20240719_RAVO,508007,2024-07-19,2024-06-30,quarterly_report,False,toll_road,official_title_evidence,https://www.sse.com.cn/disclosure/fund/announcement/c/new/2024-07-19/508007_20240719_RAVO.pdf,pending_extraction
SSE_508007_20240830_FTM4,508007,2024-08-30,,distribution_announcement,False,toll_road,official_title_evidence,https://www.sse.com.cn/disclosure/fund/announcement/c/new/2024-08-30/508007_20240830_FTM4.pdf,machine_extracted_document
SSE_508007_20240831_4QYL,508007,2024-08-31,2024-06-30,semiannual_report,False,toll_road,official_title_evidence,https://www.sse.com.cn/disclosure/fund/announcement/c/new/2024-08-31/508007_20240831_4QYL.pdf,pending_extraction
SSE_508007_20241025_5ZWQ,508007,2024-10-25,,distribution_announcement,False,toll_road,official_title_evidence,https://www.sse.com.cn/disclosure/fund/announcement/c/new/2024-10-25/508007_20241025_5ZWQ.pdf,machine_extracted_document
SSE_508007_20241025_9MTZ,508007,2024-10-25,2024-09-30,quarterly_report,False,toll_road,official_title_evidence,https://www.sse.com.cn/disclosure/fund/announcement/c/new/2024-10-25/508007_20241025_9MTZ.pdf,pending_extraction
SSE_508007_20250122_3BQK,508007,2025-01-22,2024-12-31,quarterly_report,False,toll_road,official_title_evidence,https://www.sse.com.cn/disclosure/fund/announcement/c/new/2025-01-22/508007_20250122_3BQK.pdf,pending_extraction
SSE_508007_20250328_D111,508007,2025-03-28,2024-12-31,annual_report,False,toll_road,official_title_evidence,https://www.sse.com.cn/disclosure/fund/announcement/c/new/2025-03-28/508007_20250328_D111.pdf,pending_extraction
SSE_508007_20250328_U7HE,508007,2025-03-28,,distribution_announcement,False,toll_road,official_title_evidence,https://www.sse.com.cn/disclosure/fund/announcement/c/new/2025-03-28/508007_20250328_U7HE.pdf,machine_extracted_document
SSE_508007_20250422_X28E,508007,2025-04-22,2025-03-31,quarterly_report,False,toll_road,official_title_evidence,https://www.sse.com.cn/disclosure/fund/announcement/c/new/2025-04-22/508007_20250422_X28E.pdf,pending_extraction
SSE_508007_20250619_7K9B,508007,2025-06-19,,distribution_announcement,False,toll_road,official_title_evidence,https://www.sse.com.cn/disclosure/fund/announcement/c/new/2025-06-19/508007_20250619_7K9B.pdf,machine_extracted_document
SSE_508007_20250721_DVOD,508007,2025-07-21,2025-06-30,quarterly_report,False,toll_road,official_title_evidence,https://www.sse.com.cn/disclosure/fund/announcement/c/new/2025-07-21/508007_20250721_DVOD.pdf,pending_extraction
SSE_508007_20250829_QC4L,508007,2025-08-29,2025-06-30,semiannual_report,False,toll_road,official_title_evidence,https://www.sse.com.cn/disclosure/fund/announcement/c/new/2025-08-29/508007_20250829_QC4L.pdf,pending_extraction
SSE_508007_20250919_H1S9,508007,2025-09-19,,distribution_announcement,False,toll_road,official_title_evidence,https://www.sse.com.cn/disclosure/fund/announcement/c/new/2025-09-19/508007_20250919_H1S9.pdf,machine_extracted_document
SSE_508007_20251028_02FG,508007,2025-10-28,2025-09-30,quarterly_report,False,toll_road,official_title_evidence,https://www.sse.com.cn/disclosure/fund/announcement/c/new/2025-10-28/508007_20251028_02FG.pdf,pending_extraction
SSE_508007_20251231_UPH4,508007,2025-12-31,,distribution_announcement,False,toll_road,official_title_evidence,https://www.sse.com.cn/disclosure/fund/announcement/c/new/2025-12-31/508007_20251231_UPH4.pdf,machine_extracted_document
SSE_508007_20260122_JZX6,508007,2026-01-22,2025-12-31,quarterly_report,False,toll_road,official_title_evidence,https://www.sse.com.cn/disclosure/fund/announcement/c/new/2026-01-22/508007_20260122_JZX6.pdf,pending_extraction
SSE_508007_20260331_0J09,508007,2026-03-31,2025-12-31,annual_report,False,toll_road,official_title_evidence,https://www.sse.com.cn/disclosure/fund/announcement/c/new/2026-03-31/508007_20260331_0J09.pdf,pending_extraction
SSE_508007_20260402_RMMX,508007,2026-04-02,,distribution_announcement,False,toll_road,official_title_evidence,https://www.sse.com.cn/disclosure/fund/announcement/c/new/2026-04-02/508007_20260402_RMMX.pdf,machine_extracted_document
SSE_508007_20260422_WECP,508007,2026-04-22,2026-03-31,quarterly_report,False,toll_road,official_title_evidence,https://www.sse.com.cn/disclosure/fund/announcement/c/new/2026-04-22/508007_20260422_WECP.pdf,pending_extraction
SSE_508007_20260610_YFGJ,508007,2026-06-10,,distribution_announcement,False,toll_road,official_title_evidence,https://www.sse.com.cn/disclosure/fund/announcement/c/new/2026-06-10/508007_20260610_YFGJ.pdf,machine_extracted_document
SSE_508007_20260721_8SKW,508007,2026-07-21,2026-06-30,quarterly_report,False,toll_road,official_title_evidence,https://www.sse.com.cn/disclosure/fund/announcement/c/new/2026-07-21/508007_20260721_8SKW.pdf,pending_extraction
SSE_508007_20260828_OPCI,508007,2026-08-28,2026-06-30,semiannual_report,False,toll_road,official_title_evidence,https://www.sse.com.cn/disclosure/fund/announcement/c/new/2026-08-28/508007_20260828_OPCI.pdf,pending_extraction
SSE_508008_20221026_1_SGiXotyT,508008,2022-10-26,2022-09-30,quarterly_report,False,toll_road,official_title_evidence,https://www.sse.com.cn/disclosure/fund/announcement/c/new/2022-10-26/508008_20221026_1_SGiXotyT.pdf,pending_extraction
SSE_508008_20230119_P38P,508008,2023-01-19,2022-12-31,quarterly_report,False,toll_road,official_title_evidence,https://www.sse.com.cn/disclosure/fund/announcement/c/new/2023-01-19/508008_20230119_P38P.pdf,pending_extraction
SSE_508008_20230330_IYV3,508008,2023-03-30,2022-12-31,annual_report,False,toll_road,official_title_evidence,https://www.sse.com.cn/disclosure/fund/announcement/c/new/2023-03-30/508008_20230330_IYV3.pdf,pending_extraction
SSE_508008_20230404_QT0A,508008,2023-04-04,,distribution_announcement,False,toll_road,official_title_evidence,https://www.sse.com.cn/disclosure/fund/announcement/c/new/2023-04-04/508008_20230404_QT0A.pdf,needs_ocr_or_visual_review
SSE_508008_20230421_YYHA,508008,2023-04-21,2023-03-31,quarterly_report,False,toll_road,official_title_evidence,https://www.sse.com.cn/disclosure/fund/announcement/c/new/2023-04-21/508008_20230421_YYHA.pdf,pending_extraction
SSE_508008_20230721_K1SO,508008,2023-07-21,2023-06-30,quarterly_report,False,toll_road,official_title_evidence,https://www.sse.com.cn/disclosure/fund/announcement/c/new/2023-07-21/508008_20230721_K1SO.pdf,pending_extraction
SSE_508008_20230830_OHIT,508008,2023-08-30,2023-06-30,semiannual_report,False,toll_road,official_title_evidence,https://www.sse.com.cn/disclosure/fund/announcement/c/new/2023-08-30/508008_20230830_OHIT.pdf,pending_extraction
SSE_508008_20231025_9JJO,508008,2023-10-25,2023-09-30,quarterly_report,False,toll_road,official_title_evidence,https://www.sse.com.cn/disclosure/fund/announcement/c/new/2023-10-25/508008_20231025_9JJO.pdf,pending_extraction
SSE_508008_20240120_N406,508008,2024-01-20,2023-12-31,quarterly_report,False,toll_road,official_title_evidence,https://www.sse.com.cn/disclosure/fund/announcement/c/new/2024-01-20/508008_20240120_N406.pdf,pending_extraction
SSE_508008_20240329_B5PC,508008,2024-03-29,2023-12-31,annual_report,False,toll_road,official_title_evidence,https://www.sse.com.cn/disclosure/fund/announcement/c/new/2024-03-29/508008_20240329_B5PC.pdf,pending_extraction
SSE_508008_20240330_5REI,508008,2024-03-30,,distribution_announcement,False,toll_road,official_title_evidence,https://www.sse.com.cn/disclosure/fund/announcement/c/new/2024-03-30/508008_20240330_5REI.pdf,machine_extracted_document
SSE_508008_20240420_0UTJ,508008,2024-04-20,2024-03-31,quarterly_report,False,toll_road,official_title_evidence,https://www.sse.com.cn/disclosure/fund/announcement/c/new/2024-04-20/508008_20240420_0UTJ.pdf,pending_extraction
SSE_508008_20240719_GAW3,508008,2024-07-19,2024-06-30,quarterly_report,False,toll_road,official_title_evidence,https://www.sse.com.cn/disclosure/fund/announcement/c/new/2024-07-19/508008_20240719_GAW3.pdf,pending_extraction
SSE_508008_20240831_30ET,508008,2024-08-31,2024-06-30,semiannual_report,False,toll_road,official_title_evidence,https://www.sse.com.cn/disclosure/fund/announcement/c/new/2024-08-31/508008_20240831_30ET.pdf,pending_extraction
SSE_508008_20240921_R9JG,508008,2024-09-21,,distribution_announcement,False,toll_road,official_title_evidence,https://www.sse.com.cn/disclosure/fund/announcement/c/new/2024-09-21/508008_20240921_R9JG.pdf,machine_extracted_document
SSE_508008_20241025_H49P,508008,2024-10-25,2024-09-30,quarterly_report,False,toll_road,official_title_evidence,https://www.sse.com.cn/disclosure/fund/announcement/c/new/2024-10-25/508008_20241025_H49P.pdf,pending_extraction
SSE_508008_20250122_S7ZF,508008,2025-01-22,2024-12-31,quarterly_report,False,toll_road,official_title_evidence,https://www.sse.com.cn/disclosure/fund/announcement/c/new/2025-01-22/508008_20250122_S7ZF.pdf,pending_extraction
SSE_508008_20250328_WP1M,508008,2025-03-28,2024-12-31,annual_report,False,toll_road,official_title_evidence,https://www.sse.com.cn/disclosure/fund/announcement/c/new/2025-03-28/508008_20250328_WP1M.pdf,pending_extraction
SSE_508008_20250403_VW1K,508008,2025-04-03,,distribution_announcement,False,toll_road,official_title_evidence,https://www.sse.com.cn/disclosure/fund/announcement/c/new/2025-04-03/508008_20250403_VW1K.pdf,machine_extracted_document
SSE_508008_20250422_5BKR,508008,2025-04-22,2025-03-31,quarterly_report,False,toll_road,official_title_evidence,https://www.sse.com.cn/disclosure/fund/announcement/c/new/2025-04-22/508008_20250422_5BKR.pdf,pending_extraction
SSE_508008_20250719_MP8M,508008,2025-07-19,2025-06-30,quarterly_report,False,toll_road,official_title_evidence,https://www.sse.com.cn/disclosure/fund/announcement/c/new/2025-07-19/508008_20250719_MP8M.pdf,pending_extraction
SSE_508008_20250830_2LOD,508008,2025-08-30,2025-06-30,semiannual_report,False,toll_road,official_title_evidence,https://www.sse.com.cn/disclosure/fund/announcement/c/new/2025-08-30/508008_20250830_2LOD.pdf,pending_extraction
SSE_508008_20250909_YXOK,508008,2025-09-09,,distribution_announcement,False,toll_road,official_title_evidence,https://www.sse.com.cn/disclosure/fund/announcement/c/new/2025-09-09/508008_20250909_YXOK.pdf,machine_extracted_document
SSE_508008_20251028_WTOZ,508008,2025-10-28,2025-09-30,quarterly_report,False,toll_road,official_title_evidence,https://www.sse.com.cn/disclosure/fund/announcement/c/new/2025-10-28/508008_20251028_WTOZ.pdf,pending_extraction
SSE_508008_20260122_S51R,508008,2026-01-22,2025-12-31,quarterly_report,False,toll_road,official_title_evidence,https://www.sse.com.cn/disclosure/fund/announcement/c/new/2026-01-22/508008_20260122_S51R.pdf,pending_extraction
SSE_508008_20260331_00P0,508008,2026-03-31,2025-12-31,annual_report,False,toll_road,official_title_evidence,https://www.sse.com.cn/disclosure/fund/announcement/c/new/2026-03-31/508008_20260331_00P0.pdf,pending_extraction
SSE_508008_20260415_SZ7X,508008,2026-04-15,,distribution_announcement,False,toll_road,official_title_evidence,https://www.sse.com.cn/disclosure/fund/announcement/c/new/2026-04-15/508008_20260415_SZ7X.pdf,machine_extracted_document
SSE_508008_20260422_83OZ,508008,2026-04-22,2026-03-31,quarterly_report,False,toll_road,official_title_evidence,https://www.sse.com.cn/disclosure/fund/announcement/c/new/2026-04-22/508008_20260422_83OZ.pdf,pending_extraction
SSE_508008_20260721_0FU4,508008,2026-07-21,2026-06-30,quarterly_report,False,toll_road,official_title_evidence,https://www.sse.com.cn/disclosure/fund/announcement/c/new/2026-07-21/508008_20260721_0FU4.pdf,pending_extraction
SSE_508009_20230421_IQ7X,508009,2023-04-21,2023-03-31,quarterly_report,False,toll_road,official_title_evidence,https://www.sse.com.cn/disclosure/fund/announcement/c/new/2023-04-21/508009_20230421_IQ7X.pdf,pending_extraction
SSE_508009_20230621_SQID,508009,2023-06-21,,distribution_announcement,False,toll_road,official_title_evidence,https://www.sse.com.cn/disclosure/fund/announcement/c/new/2023-06-21/508009_20230621_SQID.pdf,machine_extracted_document
SSE_508009_20230721_GA3X,508009,2023-07-21,2023-06-30,quarterly_report,False,toll_road,official_title_evidence,https://www.sse.com.cn/disclosure/fund/announcement/c/new/2023-07-21/508009_20230721_GA3X.pdf,pending_extraction
SSE_508009_20230831_DP9X,508009,2023-08-31,,distribution_announcement,False,toll_road,official_title_evidence,https://www.sse.com.cn/disclosure/fund/announcement/c/new/2023-08-31/508009_20230831_DP9X.pdf,machine_extracted_document
SSE_508009_20230831_INBY,508009,2023-08-31,2023-06-30,semiannual_report,False,toll_road,official_title_evidence,https://www.sse.com.cn/disclosure/fund/announcement/c/new/2023-08-31/508009_20230831_INBY.pdf,pending_extraction
SSE_508009_20231025_4KLK,508009,2023-10-25,2023-09-30,quarterly_report,False,toll_road,official_title_evidence,https://www.sse.com.cn/disclosure/fund/announcement/c/new/2023-10-25/508009_20231025_4KLK.pdf,pending_extraction
SSE_508009_20231025_GKSU,508009,2023-10-25,,distribution_announcement,False,toll_road,official_title_evidence,https://www.sse.com.cn/disclosure/fund/announcement/c/new/2023-10-25/508009_20231025_GKSU.pdf,machine_extracted_document
SSE_508009_20240119_C7O8,508009,2024-01-19,,distribution_announcement,False,toll_road,official_title_evidence,https://www.sse.com.cn/disclosure/fund/announcement/c/new/2024-01-19/508009_20240119_C7O8.pdf,machine_extracted_document
SSE_508009_20240119_T777,508009,2024-01-19,2023-12-31,quarterly_report,False,toll_road,official_title_evidence,https://www.sse.com.cn/disclosure/fund/announcement/c/new/2024-01-19/508009_20240119_T777.pdf,pending_extraction
SSE_508009_20240329_SIVN,508009,2024-03-29,,distribution_announcement,False,toll_road,official_title_evidence,https://www.sse.com.cn/disclosure/fund/announcement/c/new/2024-03-29/508009_20240329_SIVN.pdf,machine_extracted_document
SSE_508009_20240330_AET2,508009,2024-03-30,2023-12-31,annual_report,False,toll_road,official_title_evidence,https://www.sse.com.cn/disclosure/fund/announcement/c/new/2024-03-30/508009_20240330_AET2.pdf,pending_extraction
SSE_508009_20240420_RW5X,508009,2024-04-20,2024-03-31,quarterly_report,False,toll_road,official_title_evidence,https://www.sse.com.cn/disclosure/fund/announcement/c/new/2024-04-20/508009_20240420_RW5X.pdf,pending_extraction
SSE_508009_20240719_FS4N,508009,2024-07-19,,distribution_announcement,False,toll_road,official_title_evidence,https://www.sse.com.cn/disclosure/fund/announcement/c/new/2024-07-19/508009_20240719_FS4N.pdf,machine_extracted_document
SSE_508009_20240719_L6HZ,508009,2024-07-19,2024-06-30,quarterly_report,False,toll_road,official_title_evidence,https://www.sse.com.cn/disclosure/fund/announcement/c/new/2024-07-19/508009_20240719_L6HZ.pdf,pending_extraction
SSE_508009_20240831_GM16,508009,2024-08-31,2024-06-30,semiannual_report,False,toll_road,official_title_evidence,https://www.sse.com.cn/disclosure/fund/announcement/c/new/2024-08-31/508009_20240831_GM16.pdf,pending_extraction
SSE_508009_20241025_PRTT,508009,2024-10-25,,distribution_announcement,False,toll_road,official_title_evidence,https://www.sse.com.cn/disclosure/fund/announcement/c/new/2024-10-25/508009_20241025_PRTT.pdf,machine_extracted_document
SSE_508009_20241025_SGPM,508009,2024-10-25,2024-09-30,quarterly_report,False,toll_road,official_title_evidence,https://www.sse.com.cn/disclosure/fund/announcement/c/new/2024-10-25/508009_20241025_SGPM.pdf,pending_extraction
SSE_508009_20250115_AWE8,508009,2025-01-15,,distribution_announcement,False,toll_road,official_title_evidence,https://www.sse.com.cn/disclosure/fund/announcement/c/new/2025-01-15/508009_20250115_AWE8.pdf,machine_extracted_document
SSE_508009_20250122_B8BA,508009,2025-01-22,2024-12-31,quarterly_report,False,toll_road,official_title_evidence,https://www.sse.com.cn/disclosure/fund/announcement/c/new/2025-01-22/508009_20250122_B8BA.pdf,pending_extraction
SSE_508009_20250329_5DTM,508009,2025-03-29,,distribution_announcement,False,toll_road,official_title_evidence,https://www.sse.com.cn/disclosure/fund/announcement/c/new/2025-03-29/508009_20250329_5DTM.pdf,machine_extracted_document
SSE_508009_20250329_I20J,508009,2025-03-29,2024-12-31,annual_report,False,toll_road,official_title_evidence,https://www.sse.com.cn/disclosure/fund/announcement/c/new/2025-03-29/508009_20250329_I20J.pdf,pending_extraction
SSE_508009_20250422_Q4WK,508009,2025-04-22,2025-03-31,quarterly_report,False,toll_road,official_title_evidence,https://www.sse.com.cn/disclosure/fund/announcement/c/new/2025-04-22/508009_20250422_Q4WK.pdf,pending_extraction
SSE_508009_20250718_N6KZ,508009,2025-07-18,,distribution_announcement,False,toll_road,official_title_evidence,https://www.sse.com.cn/disclosure/fund/announcement/c/new/2025-07-18/508009_20250718_N6KZ.pdf,machine_extracted_document
SSE_508009_20250721_1DUL,508009,2025-07-21,2025-06-30,quarterly_report,False,toll_road,official_title_evidence,https://www.sse.com.cn/disclosure/fund/announcement/c/new/2025-07-21/508009_20250721_1DUL.pdf,pending_extraction
SSE_508009_20250829_AX4M,508009,2025-08-29,2025-06-30,semiannual_report,False,toll_road,official_title_evidence,https://www.sse.com.cn/disclosure/fund/announcement/c/new/2025-08-29/508009_20250829_AX4M.pdf,pending_extraction
SSE_508009_20251028_7MTZ,508009,2025-10-28,2025-09-30,quarterly_report,False,toll_road,official_title_evidence,https://www.sse.com.cn/disclosure/fund/announcement/c/new/2025-10-28/508009_20251028_7MTZ.pdf,pending_extraction
SSE_508009_20251028_P4NY,508009,2025-10-28,,distribution_announcement,False,toll_road,official_title_evidence,https://www.sse.com.cn/disclosure/fund/announcement/c/new/2025-10-28/508009_20251028_P4NY.pdf,machine_extracted_document
SSE_508009_20260122_5SXE,508009,2026-01-22,,distribution_announcement,False,toll_road,official_title_evidence,https://www.sse.com.cn/disclosure/fund/announcement/c/new/2026-01-22/508009_20260122_5SXE.pdf,machine_extracted_document
SSE_508009_20260122_O61Q,508009,2026-01-22,2025-12-31,quarterly_report,False,toll_road,official_title_evidence,https://www.sse.com.cn/disclosure/fund/announcement/c/new/2026-01-22/508009_20260122_O61Q.pdf,pending_extraction
SSE_508009_20260328_A2BZ,508009,2026-03-28,,distribution_announcement,False,toll_road,official_title_evidence,https://www.sse.com.cn/disclosure/fund/announcement/c/new/2026-03-28/508009_20260328_A2BZ.pdf,machine_extracted_document
SSE_508009_20260331_8F6K,508009,2026-03-31,2025-12-31,annual_report,False,toll_road,official_title_evidence,https://www.sse.com.cn/disclosure/fund/announcement/c/new/2026-03-31/508009_20260331_8F6K.pdf,pending_extraction
SSE_508009_20260422_FEFM,508009,2026-04-22,2026-03-31,quarterly_report,False,toll_road,official_title_evidence,https://www.sse.com.cn/disclosure/fund/announcement/c/new/2026-04-22/508009_20260422_FEFM.pdf,pending_extraction
SSE_508009_20260721_AMLB,508009,2026-07-21,2026-06-30,quarterly_report,False,toll_road,official_title_evidence,https://www.sse.com.cn/disclosure/fund/announcement/c/new/2026-07-21/508009_20260721_AMLB.pdf,pending_extraction
SSE_508009_20260722_OMBE,508009,2026-07-22,,distribution_announcement,False,toll_road,official_title_evidence,https://www.sse.com.cn/disclosure/fund/announcement/c/new/2026-07-22/508009_20260722_OMBE.pdf,machine_extracted_document
SSE_508009_20260828_24B0,508009,2026-08-28,2026-06-30,semiannual_report,False,toll_road,official_title_evidence,https://www.sse.com.cn/disclosure/fund/announcement/c/new/2026-08-28/508009_20260828_24B0.pdf,pending_extraction
SSE_508010_20250422_T9KQ,508010,2025-04-22,2025-03-31,quarterly_report,False,industrial_park,official_title_evidence,https://www.sse.com.cn/disclosure/fund/announcement/c/new/2025-04-22/508010_20250422_T9KQ.pdf,pending_extraction
SSE_508010_20250423_5YJ6,508010,2025-04-23,,distribution_announcement,False,industrial_park,official_title_evidence,https://www.sse.com.cn/disclosure/fund/announcement/c/new/2025-04-23/508010_20250423_5YJ6.pdf,machine_extracted_document
SSE_508010_20250721_E47G,508010,2025-07-21,2025-06-30,quarterly_report,False,industrial_park,official_title_evidence,https://www.sse.com.cn/disclosure/fund/announcement/c/new/2025-07-21/508010_20250721_E47G.pdf,pending_extraction
SSE_508010_20250820_I6RD,508010,2025-08-20,,distribution_announcement,False,industrial_park,official_title_evidence,https://www.sse.com.cn/disclosure/fund/announcement/c/new/2025-08-20/508010_20250820_I6RD.pdf,machine_extracted_document
SSE_508010_20250829_MD4O,508010,2025-08-29,2025-06-30,semiannual_report,False,industrial_park,official_title_evidence,https://www.sse.com.cn/disclosure/fund/announcement/c/new/2025-08-29/508010_20250829_MD4O.pdf,pending_extraction
SSE_508010_20251028_DXQC,508010,2025-10-28,2025-09-30,quarterly_report,False,industrial_park,official_title_evidence,https://www.sse.com.cn/disclosure/fund/announcement/c/new/2025-10-28/508010_20251028_DXQC.pdf,pending_extraction
SSE_508010_20251211_FV5N,508010,2025-12-11,,distribution_announcement,False,industrial_park,official_title_evidence,https://www.sse.com.cn/disclosure/fund/announcement/c/new/2025-12-11/508010_20251211_FV5N.pdf,machine_extracted_document
SSE_508010_20260122_OMQ7,508010,2026-01-22,2025-12-31,quarterly_report,False,industrial_park,official_title_evidence,https://www.sse.com.cn/disclosure/fund/announcement/c/new/2026-01-22/508010_20260122_OMQ7.pdf,pending_extraction
SSE_508010_20260331_I52R,508010,2026-03-31,2025-12-31,annual_report,False,industrial_park,official_title_evidence,https://www.sse.com.cn/disclosure/fund/announcement/c/new/2026-03-31/508010_20260331_I52R.pdf,pending_extraction
SSE_508010_20260401_ILEO,508010,2026-04-01,,distribution_announcement,False,industrial_park,official_title_evidence,https://www.sse.com.cn/disclosure/fund/announcement/c/new/2026-04-01/508010_20260401_ILEO.pdf,machine_extracted_document
SSE_508010_20260422_K4L6,508010,2026-04-22,2026-03-31,quarterly_report,False,industrial_park,official_title_evidence,https://www.sse.com.cn/disclosure/fund/announcement/c/new/2026-04-22/508010_20260422_K4L6.pdf,pending_extraction
SSE_508010_20260721_IIIZ,508010,2026-07-21,2026-06-30,quarterly_report,False,industrial_park,official_title_evidence,https://www.sse.com.cn/disclosure/fund/announcement/c/new/2026-07-21/508010_20260721_IIIZ.pdf,pending_extraction
SSE_508010_20260828_5R0R,508010,2026-08-28,,distribution_announcement,False,industrial_park,official_title_evidence,https://www.sse.com.cn/disclosure/fund/announcement/c/new/2026-08-28/508010_20260828_5R0R.pdf,machine_extracted_document
SSE_508010_20260828_A19U,508010,2026-08-28,2026-06-30,semiannual_report,False,industrial_park,official_title_evidence,https://www.sse.com.cn/disclosure/fund/announcement/c/new/2026-08-28/508010_20260828_A19U.pdf,pending_extraction
SSE_508011_20240419_Y864,508011,2024-04-19,2024-03-31,quarterly_report,False,retail,official_title_evidence,https://www.sse.com.cn/disclosure/fund/announcement/c/new/2024-04-19/508011_20240419_Y864.pdf,pending_extraction
SSE_508011_20240718_TH33,508011,2024-07-18,2024-06-30,quarterly_report,False,retail,official_title_evidence,https://www.sse.com.cn/disclosure/fund/announcement/c/new/2024-07-18/508011_20240718_TH33.pdf,pending_extraction
SSE_508011_20240830_AE5P,508011,2024-08-30,2024-06-30,semiannual_report,False,retail,official_title_evidence,https://www.sse.com.cn/disclosure/fund/announcement/c/new/2024-08-30/508011_20240830_AE5P.pdf,pending_extraction
SSE_508011_20240905_ULKD,508011,2024-09-05,,distribution_announcement,False,retail,official_title_evidence,https://www.sse.com.cn/disclosure/fund/announcement/c/new/2024-09-05/508011_20240905_ULKD.pdf,machine_extracted_document
SSE_508011_20241025_J6U3,508011,2024-10-25,2024-09-30,quarterly_report,False,retail,official_title_evidence,https://www.sse.com.cn/disclosure/fund/announcement/c/new/2024-10-25/508011_20241025_J6U3.pdf,pending_extraction
SSE_508011_20250122_LR4Z,508011,2025-01-22,2024-12-31,quarterly_report,False,retail,official_title_evidence,https://www.sse.com.cn/disclosure/fund/announcement/c/new/2025-01-22/508011_20250122_LR4Z.pdf,pending_extraction
SSE_508011_20250311_MSRZ,508011,2025-03-11,,distribution_announcement,False,retail,official_title_evidence,https://www.sse.com.cn/disclosure/fund/announcement/c/new/2025-03-11/508011_20250311_MSRZ.pdf,machine_extracted_document
SSE_508011_20250328_G35O,508011,2025-03-28,2024-12-31,annual_report,False,retail,official_title_evidence,https://www.sse.com.cn/disclosure/fund/announcement/c/new/2025-03-28/508011_20250328_G35O.pdf,pending_extraction
SSE_508011_20250422_CFBA,508011,2025-04-22,2025-03-31,quarterly_report,False,retail,official_title_evidence,https://www.sse.com.cn/disclosure/fund/announcement/c/new/2025-04-22/508011_20250422_CFBA.pdf,pending_extraction
SSE_508011_20250721_J101,508011,2025-07-21,2025-06-30,quarterly_report,False,retail,official_title_evidence,https://www.sse.com.cn/disclosure/fund/announcement/c/new/2025-07-21/508011_20250721_J101.pdf,pending_extraction
SSE_508011_20250829_4LEC,508011,2025-08-29,2025-06-30,semiannual_report,False,retail,official_title_evidence,https://www.sse.com.cn/disclosure/fund/announcement/c/new/2025-08-29/508011_20250829_4LEC.pdf,pending_extraction
SSE_508011_20250910_77J4,508011,2025-09-10,,distribution_announcement,False,retail,official_title_evidence,https://www.sse.com.cn/disclosure/fund/announcement/c/new/2025-09-10/508011_20250910_77J4.pdf,machine_extracted_document
SSE_508011_20251028_403I,508011,2025-10-28,2025-09-30,quarterly_report,False,retail,official_title_evidence,https://www.sse.com.cn/disclosure/fund/announcement/c/new/2025-10-28/508011_20251028_403I.pdf,pending_extraction
SSE_508011_20260122_SAQU,508011,2026-01-22,2025-12-31,quarterly_report,False,retail,official_title_evidence,https://www.sse.com.cn/disclosure/fund/announcement/c/new/2026-01-22/508011_20260122_SAQU.pdf,pending_extraction
SSE_508011_20260330_7532,508011,2026-03-30,2025-12-31,annual_report,False,retail,official_title_evidence,https://www.sse.com.cn/disclosure/fund/announcement/c/new/2026-03-30/508011_20260330_7532.pdf,pending_extraction
SSE_508011_20260408_88YZ,508011,2026-04-08,,distribution_announcement,False,retail,official_title_evidence,https://www.sse.com.cn/disclosure/fund/announcement/c/new/2026-04-08/508011_20260408_88YZ.pdf,machine_extracted_document
SSE_508011_20260422_SLV7,508011,2026-04-22,2026-03-31,quarterly_report,False,retail,official_title_evidence,https://www.sse.com.cn/disclosure/fund/announcement/c/new/2026-04-22/508011_20260422_SLV7.pdf,pending_extraction
SSE_508011_20260721_IKC5,508011,2026-07-21,2026-06-30,quarterly_report,False,retail,official_title_evidence,https://www.sse.com.cn/disclosure/fund/announcement/c/new/2026-07-21/508011_20260721_IKC5.pdf,pending_extraction
SSE_508011_20260731_3WH7,508011,2026-07-31,,distribution_announcement,False,retail,official_title_evidence,https://www.sse.com.cn/disclosure/fund/announcement/c/new/2026-07-31/508011_20260731_3WH7.pdf,machine_extracted_document
SSE_508012_20250421_7TB1,508012,2025-04-21,2025-03-31,quarterly_report,False,industrial_park,official_title_evidence,https://www.sse.com.cn/disclosure/fund/announcement/c/new/2025-04-21/508012_20250421_7TB1.pdf,pending_extraction
SSE_508012_20250521_S58G,508012,2025-05-21,,distribution_announcement,False,industrial_park,official_title_evidence,https://www.sse.com.cn/disclosure/fund/announcement/c/new/2025-05-21/508012_20250521_S58G.pdf,machine_extracted_document
SSE_508012_20250718_6W5E,508012,2025-07-18,2025-06-30,quarterly_report,False,industrial_park,official_title_evidence,https://www.sse.com.cn/disclosure/fund/announcement/c/new/2025-07-18/508012_20250718_6W5E.pdf,pending_extraction
SSE_508012_20250828_RSQ2,508012,2025-08-28,2025-06-30,semiannual_report,False,industrial_park,official_title_evidence,https://www.sse.com.cn/disclosure/fund/announcement/c/new/2025-08-28/508012_20250828_RSQ2.pdf,pending_extraction
SSE_508012_20251027_9LJ2,508012,2025-10-27,2025-09-30,quarterly_report,False,industrial_park,official_title_evidence,https://www.sse.com.cn/disclosure/fund/announcement/c/new/2025-10-27/508012_20251027_9LJ2.pdf,pending_extraction
SSE_508012_20251121_LBOC,508012,2025-11-21,,distribution_announcement,False,industrial_park,official_title_evidence,https://www.sse.com.cn/disclosure/fund/announcement/c/new/2025-11-21/508012_20251121_LBOC.pdf,machine_extracted_document
SSE_508012_20260122_FHO1,508012,2026-01-22,2025-12-31,quarterly_report,False,industrial_park,official_title_evidence,https://www.sse.com.cn/disclosure/fund/announcement/c/new/2026-01-22/508012_20260122_FHO1.pdf,pending_extraction
SSE_508012_20260331_BWV3,508012,2026-03-31,2025-12-31,annual_report,False,industrial_park,official_title_evidence,https://www.sse.com.cn/disclosure/fund/announcement/c/new/2026-03-31/508012_20260331_BWV3.pdf,pending_extraction
SSE_508012_20260422_R0SC,508012,2026-04-22,2026-03-31,quarterly_report,False,industrial_park,official_title_evidence,https://www.sse.com.cn/disclosure/fund/announcement/c/new/2026-04-22/508012_20260422_R0SC.pdf,pending_extraction
SSE_508012_20260529_URCT,508012,2026-05-29,,distribution_announcement,False,industrial_park,official_title_evidence,https://www.sse.com.cn/disclosure/fund/announcement/c/new/2026-05-29/508012_20260529_URCT.pdf,machine_extracted_document
SSE_508012_20260721_OH0W,508012,2026-07-21,2026-06-30,quarterly_report,False,industrial_park,official_title_evidence,https://www.sse.com.cn/disclosure/fund/announcement/c/new/2026-07-21/508012_20260721_OH0W.pdf,pending_extraction
SSE_508015_20241025_R084,508015,2024-10-25,2024-09-30,quarterly_report,False,renewable,official_title_evidence,https://www.sse.com.cn/disclosure/fund/announcement/c/new/2024-10-25/508015_20241025_R084.pdf,pending_extraction
SSE_508015_20241216_79R4,508015,2024-12-16,,distribution_announcement,False,renewable,official_title_evidence,https://www.sse.com.cn/disclosure/fund/announcement/c/new/2024-12-16/508015_20241216_79R4.pdf,needs_ocr_or_visual_review
SSE_508015_20250122_D96V,508015,2025-01-22,2024-12-31,quarterly_report,False,renewable,official_title_evidence,https://www.sse.com.cn/disclosure/fund/announcement/c/new/2025-01-22/508015_20250122_D96V.pdf,pending_extraction
SSE_508015_20250331_9EKP,508015,2025-03-31,2024-12-31,annual_report,False,renewable,official_title_evidence,https://www.sse.com.cn/disclosure/fund/announcement/c/new/2025-03-31/508015_20250331_9EKP.pdf,pending_extraction
SSE_508015_20250331_VOH7,508015,2025-03-31,,distribution_announcement,False,renewable,official_title_evidence,https://www.sse.com.cn/disclosure/fund/announcement/c/new/2025-03-31/508015_20250331_VOH7.pdf,needs_ocr_or_visual_review
SSE_508015_20250422_BBLN,508015,2025-04-22,2025-03-31,quarterly_report,False,renewable,official_title_evidence,https://www.sse.com.cn/disclosure/fund/announcement/c/new/2025-04-22/508015_20250422_BBLN.pdf,pending_extraction
SSE_508015_20250721_8UKV,508015,2025-07-21,2025-06-30,quarterly_report,False,renewable,official_title_evidence,https://www.sse.com.cn/disclosure/fund/announcement/c/new/2025-07-21/508015_20250721_8UKV.pdf,pending_extraction
SSE_508015_20250829_DHPK,508015,2025-08-29,2025-06-30,semiannual_report,False,renewable,official_title_evidence,https://www.sse.com.cn/disclosure/fund/announcement/c/new/2025-08-29/508015_20250829_DHPK.pdf,pending_extraction
SSE_508015_20250829_SD32,508015,2025-08-29,2025-06-30,semiannual_report,True,renewable,official_title_evidence,https://www.sse.com.cn/disclosure/fund/announcement/c/new/2025-08-29/508015_20250829_SD32.pdf,pending_extraction
SSE_508015_20250919_QNBU,508015,2025-09-19,,distribution_announcement,False,renewable,official_title_evidence,https://www.sse.com.cn/disclosure/fund/announcement/c/new/2025-09-19/508015_20250919_QNBU.pdf,needs_ocr_or_visual_review
SSE_508015_20251028_9PBN,508015,2025-10-28,2025-09-30,quarterly_report,False,renewable,official_title_evidence,https://www.sse.com.cn/disclosure/fund/announcement/c/new/2025-10-28/508015_20251028_9PBN.pdf,pending_extraction
SSE_508015_20260105_SQYW,508015,2026-01-05,,distribution_announcement,False,renewable,official_title_evidence,https://www.sse.com.cn/disclosure/fund/announcement/c/new/2026-01-05/508015_20260105_SQYW.pdf,needs_ocr_or_visual_review
SSE_508015_20260122_OSDV,508015,2026-01-22,2025-12-31,quarterly_report,False,renewable,official_title_evidence,https://www.sse.com.cn/disclosure/fund/announcement/c/new/2026-01-22/508015_20260122_OSDV.pdf,pending_extraction
SSE_508015_20260331_Y9M1,508015,2026-03-31,2025-12-31,annual_report,False,renewable,official_title_evidence,https://www.sse.com.cn/disclosure/fund/announcement/c/new/2026-03-31/508015_20260331_Y9M1.pdf,pending_extraction
SSE_508015_20260422_XVO2,508015,2026-04-22,2026-03-31,quarterly_report,False,renewable,official_title_evidence,https://www.sse.com.cn/disclosure/fund/announcement/c/new/2026-04-22/508015_20260422_XVO2.pdf,pending_extraction
SSE_508015_20260515_GCOV,508015,2026-05-15,,distribution_announcement,False,renewable,official_title_evidence,https://www.sse.com.cn/disclosure/fund/announcement/c/new/2026-05-15/508015_20260515_GCOV.pdf,needs_ocr_or_visual_review
SSE_508015_20260721_ICJD,508015,2026-07-21,2026-06-30,quarterly_report,False,renewable,official_title_evidence,https://www.sse.com.cn/disclosure/fund/announcement/c/new/2026-07-21/508015_20260721_ICJD.pdf,pending_extraction
SSE_508016_20251028_4QLP,508016,2025-10-28,2025-09-30,quarterly_report,False,renewable,official_title_evidence,https://www.sse.com.cn/disclosure/fund/announcement/c/new/2025-10-28/508016_20251028_4QLP.pdf,pending_extraction
SSE_508016_20260122_AGE1,508016,2026-01-22,2025-12-31,quarterly_report,False,renewable,official_title_evidence,https://www.sse.com.cn/disclosure/fund/announcement/c/new/2026-01-22/508016_20260122_AGE1.pdf,pending_extraction
SSE_508016_20260327_6N6J,508016,2026-03-27,2025-12-31,annual_report,False,renewable,official_title_evidence,https://www.sse.com.cn/disclosure/fund/announcement/c/new/2026-03-27/508016_20260327_6N6J.pdf,pending_extraction
SSE_508016_20260422_02CC,508016,2026-04-22,2026-03-31,quarterly_report,False,renewable,official_title_evidence,https://www.sse.com.cn/disclosure/fund/announcement/c/new/2026-04-22/508016_20260422_02CC.pdf,pending_extraction
SSE_508016_20260422_PLIO,508016,2026-04-22,,distribution_announcement,False,renewable,official_title_evidence,https://www.sse.com.cn/disclosure/fund/announcement/c/new/2026-04-22/508016_20260422_PLIO.pdf,machine_extracted_document
SSE_508016_20260721_0CI6,508016,2026-07-21,2026-06-30,quarterly_report,False,renewable,official_title_evidence,https://www.sse.com.cn/disclosure/fund/announcement/c/new/2026-07-21/508016_20260721_0CI6.pdf,pending_extraction
SSE_508017_20240419_330P,508017,2024-04-19,2024-03-31,quarterly_report,False,retail,official_title_evidence,https://www.sse.com.cn/disclosure/fund/announcement/c/new/2024-04-19/508017_20240419_330P.pdf,pending_extraction
SSE_508017_20240528_TIIH,508017,2024-05-28,,distribution_announcement,False,retail,official_title_evidence,https://www.sse.com.cn/disclosure/fund/announcement/c/new/2024-05-28/508017_20240528_TIIH.pdf,machine_extracted_document
SSE_508017_20240718_ZWX6,508017,2024-07-18,2024-06-30,quarterly_report,False,retail,official_title_evidence,https://www.sse.com.cn/disclosure/fund/announcement/c/new/2024-07-18/508017_20240718_ZWX6.pdf,pending_extraction
SSE_508017_20240809_DZL8,508017,2024-08-09,,distribution_announcement,False,retail,official_title_evidence,https://www.sse.com.cn/disclosure/fund/announcement/c/new/2024-08-09/508017_20240809_DZL8.pdf,machine_extracted_document
SSE_508017_20240830_COVA,508017,2024-08-30,2024-06-30,semiannual_report,False,retail,official_title_evidence,https://www.sse.com.cn/disclosure/fund/announcement/c/new/2024-08-30/508017_20240830_COVA.pdf,pending_extraction
SSE_508017_20241025_6ICY,508017,2024-10-25,2024-09-30,quarterly_report,False,retail,official_title_evidence,https://www.sse.com.cn/disclosure/fund/announcement/c/new/2024-10-25/508017_20241025_6ICY.pdf,pending_extraction
SSE_508017_20241115_1E10,508017,2024-11-15,,distribution_announcement,False,retail,official_title_evidence,https://www.sse.com.cn/disclosure/fund/announcement/c/new/2024-11-15/508017_20241115_1E10.pdf,machine_extracted_document
SSE_508017_20250122_K275,508017,2025-01-22,2024-12-31,quarterly_report,False,retail,official_title_evidence,https://www.sse.com.cn/disclosure/fund/announcement/c/new/2025-01-22/508017_20250122_K275.pdf,pending_extraction
SSE_508017_20250331_O326,508017,2025-03-31,2024-12-31,annual_report,False,retail,official_title_evidence,https://www.sse.com.cn/disclosure/fund/announcement/c/new/2025-03-31/508017_20250331_O326.pdf,pending_extraction
SSE_508017_20250409_DBEN,508017,2025-04-09,,distribution_announcement,False,retail,official_title_evidence,https://www.sse.com.cn/disclosure/fund/announcement/c/new/2025-04-09/508017_20250409_DBEN.pdf,machine_extracted_document
SSE_508017_20250422_DRG3,508017,2025-04-22,2025-03-31,quarterly_report,False,retail,official_title_evidence,https://www.sse.com.cn/disclosure/fund/announcement/c/new/2025-04-22/508017_20250422_DRG3.pdf,pending_extraction
SSE_508017_20250514_O442,508017,2025-05-14,,distribution_announcement,False,retail,official_title_evidence,https://www.sse.com.cn/disclosure/fund/announcement/c/new/2025-05-14/508017_20250514_O442.pdf,machine_extracted_document
SSE_508017_20250721_EODK,508017,2025-07-21,2025-06-30,quarterly_report,False,retail,official_title_evidence,https://www.sse.com.cn/disclosure/fund/announcement/c/new/2025-07-21/508017_20250721_EODK.pdf,pending_extraction
SSE_508017_20250820_90IR,508017,2025-08-20,,distribution_announcement,False,retail,official_title_evidence,https://www.sse.com.cn/disclosure/fund/announcement/c/new/2025-08-20/508017_20250820_90IR.pdf,machine_extracted_document
SSE_508017_20250830_JSS6,508017,2025-08-30,2025-06-30,semiannual_report,False,retail,official_title_evidence,https://www.sse.com.cn/disclosure/fund/announcement/c/new/2025-08-30/508017_20250830_JSS6.pdf,pending_extraction
SSE_508017_20251028_5438,508017,2025-10-28,2025-09-30,quarterly_report,False,retail,official_title_evidence,https://www.sse.com.cn/disclosure/fund/announcement/c/new/2025-10-28/508017_20251028_5438.pdf,pending_extraction
SSE_508017_20251120_YVQI,508017,2025-11-20,,distribution_announcement,False,retail,official_title_evidence,https://www.sse.com.cn/disclosure/fund/announcement/c/new/2025-11-20/508017_20251120_YVQI.pdf,machine_extracted_document
SSE_508017_20260122_7JTS,508017,2026-01-22,2025-12-31,quarterly_report,False,retail,official_title_evidence,https://www.sse.com.cn/disclosure/fund/announcement/c/new/2026-01-22/508017_20260122_7JTS.pdf,pending_extraction
SSE_508017_20260327_UJBW,508017,2026-03-27,2025-12-31,annual_report,False,retail,official_title_evidence,https://www.sse.com.cn/disclosure/fund/announcement/c/new/2026-03-27/508017_20260327_UJBW.pdf,pending_extraction
SSE_508017_20260409_6RXB,508017,2026-04-09,,distribution_announcement,False,retail,official_title_evidence,https://www.sse.com.cn/disclosure/fund/announcement/c/new/2026-04-09/508017_20260409_6RXB.pdf,machine_extracted_document
SSE_508017_20260422_0PUD,508017,2026-04-22,2026-03-31,quarterly_report,False,retail,official_title_evidence,https://www.sse.com.cn/disclosure/fund/announcement/c/new/2026-04-22/508017_20260422_0PUD.pdf,pending_extraction
SSE_508017_20260522_DV5O,508017,2026-05-22,,distribution_announcement,False,retail,official_title_evidence,https://www.sse.com.cn/disclosure/fund/announcement/c/new/2026-05-22/508017_20260522_DV5O.pdf,machine_extracted_document
SSE_508017_20260721_GLNA,508017,2026-07-21,2026-06-30,quarterly_report,False,retail,official_title_evidence,https://www.sse.com.cn/disclosure/fund/announcement/c/new/2026-07-21/508017_20260721_GLNA.pdf,pending_extraction
SSE_508017_20260814_Y5CG,508017,2026-08-14,,distribution_announcement,False,retail,official_title_evidence,https://www.sse.com.cn/disclosure/fund/announcement/c/new/2026-08-14/508017_20260814_Y5CG.pdf,machine_extracted_document
SSE_508018_20220720_1_SKpD2qgu,508018,2022-07-20,2022-06-30,quarterly_report,False,toll_road,human_verified,https://www.sse.com.cn/disclosure/fund/announcement/c/new/2022-07-20/508018_20220720_1_SKpD2qgu.pdf,pending_extraction
SSE_508018_20220830_1_A1xgkEF5,508018,2022-08-30,2022-06-30,semiannual_report,False,toll_road,human_verified,https://www.sse.com.cn/disclosure/fund/announcement/c/new/2022-08-30/508018_20220830_1_A1xgkEF5.pdf,pending_extraction
SSE_508018_20220929_1_6PyH83aZ,508018,2022-09-29,,distribution_announcement,False,toll_road,human_verified,https://www.sse.com.cn/disclosure/fund/announcement/c/new/2022-09-29/508018_20220929_1_6PyH83aZ.pdf,machine_extracted_document
SSE_508018_20221025_1_G26c2WFE,508018,2022-10-25,2022-09-30,quarterly_report,False,toll_road,human_verified,https://www.sse.com.cn/disclosure/fund/announcement/c/new/2022-10-25/508018_20221025_1_G26c2WFE.pdf,pending_extraction
SSE_508018_20221128_31LR,508018,2022-11-28,,distribution_announcement,False,toll_road,human_verified,https://www.sse.com.cn/disclosure/fund/announcement/c/new/2022-11-28/508018_20221128_31LR.pdf,machine_extracted_document
SSE_508018_20230120_7AUZ,508018,2023-01-20,2022-12-31,quarterly_report,False,toll_road,human_verified,https://www.sse.com.cn/disclosure/fund/announcement/c/new/2023-01-20/508018_20230120_7AUZ.pdf,pending_extraction
SSE_508018_20230330_QTP8,508018,2023-03-30,2022-12-31,annual_report,False,toll_road,human_verified,https://www.sse.com.cn/disclosure/fund/announcement/c/new/2023-03-30/508018_20230330_QTP8.pdf,observation_source_registered
SSE_508018_20230421_ZA7D,508018,2023-04-21,2023-03-31,quarterly_report,False,toll_road,human_verified,https://www.sse.com.cn/disclosure/fund/announcement/c/new/2023-04-21/508018_20230421_ZA7D.pdf,observation_source_registered
SSE_508018_20230505_OCVP,508018,2023-05-05,,distribution_announcement,False,toll_road,human_verified,https://www.sse.com.cn/disclosure/fund/announcement/c/new/2023-05-05/508018_20230505_OCVP.pdf,observation_source_registered
SSE_508018_20230609_XQZA,508018,2023-06-09,,distribution_announcement,False,toll_road,human_verified,https://www.sse.com.cn/disclosure/fund/announcement/c/new/2023-06-09/508018_20230609_XQZA.pdf,observation_source_registered
SSE_508018_20230720_3TGU,508018,2023-07-20,2023-06-30,quarterly_report,False,toll_road,human_verified,https://www.sse.com.cn/disclosure/fund/announcement/c/new/2023-07-20/508018_20230720_3TGU.pdf,observation_source_registered
SSE_508018_20230824_HDVG,508018,2023-08-24,,distribution_announcement,False,toll_road,human_verified,https://www.sse.com.cn/disclosure/fund/announcement/c/new/2023-08-24/508018_20230824_HDVG.pdf,observation_source_registered
SSE_508018_20230830_YCFQ,508018,2023-08-30,2023-06-30,semiannual_report,False,toll_road,human_verified,https://www.sse.com.cn/disclosure/fund/announcement/c/new/2023-08-30/508018_20230830_YCFQ.pdf,pending_extraction
SSE_508018_20231024_PTGV,508018,2023-10-24,2023-09-30,quarterly_report,False,toll_road,human_verified,https://www.sse.com.cn/disclosure/fund/announcement/c/new/2023-10-24/508018_20231024_PTGV.pdf,observation_source_registered
SSE_508018_20231122_ZLH1,508018,2023-11-22,,distribution_announcement,False,toll_road,human_verified,https://www.sse.com.cn/disclosure/fund/announcement/c/new/2023-11-22/508018_20231122_ZLH1.pdf,observation_source_registered
SSE_508018_20240119_T5TG,508018,2024-01-19,2023-12-31,quarterly_report,False,toll_road,human_verified,https://www.sse.com.cn/disclosure/fund/announcement/c/new/2024-01-19/508018_20240119_T5TG.pdf,observation_source_registered
SSE_508018_20240330_68ZQ,508018,2024-03-30,2023-12-31,annual_report,False,toll_road,human_verified,https://www.sse.com.cn/disclosure/fund/announcement/c/new/2024-03-30/508018_20240330_68ZQ.pdf,observation_source_registered
SSE_508018_20240419_UIX1,508018,2024-04-19,2024-03-31,quarterly_report,False,toll_road,human_verified,https://www.sse.com.cn/disclosure/fund/announcement/c/new/2024-04-19/508018_20240419_UIX1.pdf,observation_source_registered
SSE_508018_20240424_QU80,508018,2024-04-24,,distribution_announcement,False,toll_road,human_verified,https://www.sse.com.cn/disclosure/fund/announcement/c/new/2024-04-24/508018_20240424_QU80.pdf,observation_source_registered
SSE_508018_20240530_YUCW,508018,2024-05-30,,distribution_announcement,False,toll_road,human_verified,https://www.sse.com.cn/disclosure/fund/announcement/c/new/2024-05-30/508018_20240530_YUCW.pdf,observation_source_registered
SSE_508018_20240718_B4R7,508018,2024-07-18,2024-06-30,quarterly_report,False,toll_road,human_verified,https://www.sse.com.cn/disclosure/fund/announcement/c/new/2024-07-18/508018_20240718_B4R7.pdf,observation_source_registered
SSE_508018_20240815_8X0A,508018,2024-08-15,,distribution_announcement,False,toll_road,human_verified,https://www.sse.com.cn/disclosure/fund/announcement/c/new/2024-08-15/508018_20240815_8X0A.pdf,observation_source_registered
SSE_508018_20240830_DJQY,508018,2024-08-30,2024-06-30,semiannual_report,False,toll_road,human_verified,https://www.sse.com.cn/disclosure/fund/announcement/c/new/2024-08-30/508018_20240830_DJQY.pdf,pending_extraction
SSE_508018_20241025_3E0F,508018,2024-10-25,2024-09-30,quarterly_report,False,toll_road,human_verified,https://www.sse.com.cn/disclosure/fund/announcement/c/new/2024-10-25/508018_20241025_3E0F.pdf,observation_source_registered
SSE_508018_20241126_M1DS,508018,2024-11-26,,distribution_announcement,False,toll_road,human_verified,https://www.sse.com.cn/disclosure/fund/announcement/c/new/2024-11-26/508018_20241126_M1DS.pdf,observation_source_registered
SSE_508018_20250122_8BLC,508018,2025-01-22,2024-12-31,quarterly_report,False,toll_road,human_verified,https://www.sse.com.cn/disclosure/fund/announcement/c/new/2025-01-22/508018_20250122_8BLC.pdf,observation_source_registered
SSE_508018_20250329_2AXB,508018,2025-03-29,2024-12-31,annual_report,False,toll_road,human_verified,https://www.sse.com.cn/disclosure/fund/announcement/c/new/2025-03-29/508018_20250329_2AXB.pdf,observation_source_registered
SSE_508018_20250422_PA2W,508018,2025-04-22,2025-03-31,quarterly_report,False,toll_road,human_verified,https://www.sse.com.cn/disclosure/fund/announcement/c/new/2025-04-22/508018_20250422_PA2W.pdf,observation_source_registered
SSE_508018_20250430_2EDN,508018,2025-04-30,,distribution_announcement,False,toll_road,human_verified,https://www.sse.com.cn/disclosure/fund/announcement/c/new/2025-04-30/508018_20250430_2EDN.pdf,observation_source_registered
SSE_508018_20250523_WTUP,508018,2025-05-23,,distribution_announcement,False,toll_road,human_verified,https://www.sse.com.cn/disclosure/fund/announcement/c/new/2025-05-23/508018_20250523_WTUP.pdf,observation_source_registered
SSE_508018_20250721_QGWH,508018,2025-07-21,2025-06-30,quarterly_report,False,toll_road,human_verified,https://www.sse.com.cn/disclosure/fund/announcement/c/new/2025-07-21/508018_20250721_QGWH.pdf,observation_source_registered
SSE_508018_20250815_1Y9R,508018,2025-08-15,,distribution_announcement,False,toll_road,human_verified,https://www.sse.com.cn/disclosure/fund/announcement/c/new/2025-08-15/508018_20250815_1Y9R.pdf,observation_source_registered
SSE_508018_20250830_9EWV,508018,2025-08-30,2025-06-30,semiannual_report,False,toll_road,human_verified,https://www.sse.com.cn/disclosure/fund/announcement/c/new/2025-08-30/508018_20250830_9EWV.pdf,pending_extraction
SSE_508018_20251028_TOR5,508018,2025-10-28,2025-09-30,quarterly_report,False,toll_road,human_verified,https://www.sse.com.cn/disclosure/fund/announcement/c/new/2025-10-28/508018_20251028_TOR5.pdf,observation_source_registered
SSE_508018_20251127_97P0,508018,2025-11-27,,distribution_announcement,False,toll_road,human_verified,https://www.sse.com.cn/disclosure/fund/announcement/c/new/2025-11-27/508018_20251127_97P0.pdf,observation_source_registered
SSE_508018_20260122_1JOC,508018,2026-01-22,2025-12-31,quarterly_report,False,toll_road,human_verified,https://www.sse.com.cn/disclosure/fund/announcement/c/new/2026-01-22/508018_20260122_1JOC.pdf,observation_source_registered
SSE_508018_20260331_JTPR,508018,2026-03-31,2025-12-31,annual_report,False,toll_road,human_verified,https://www.sse.com.cn/disclosure/fund/announcement/c/new/2026-03-31/508018_20260331_JTPR.pdf,observation_source_registered
SSE_508018_20260422_LXZD,508018,2026-04-22,2026-03-31,quarterly_report,False,toll_road,human_verified,https://www.sse.com.cn/disclosure/fund/announcement/c/new/2026-04-22/508018_20260422_LXZD.pdf,observation_source_registered
SSE_508018_20260424_P47X,508018,2026-04-24,,distribution_announcement,False,toll_road,human_verified,https://www.sse.com.cn/disclosure/fund/announcement/c/new/2026-04-24/508018_20260424_P47X.pdf,observation_source_registered
SSE_508018_20260522_4ZNX,508018,2026-05-22,,distribution_announcement,False,toll_road,human_verified,https://www.sse.com.cn/disclosure/fund/announcement/c/new/2026-05-22/508018_20260522_4ZNX.pdf,observation_source_registered
SSE_508018_20260721_VWHG,508018,2026-07-21,2026-06-30,quarterly_report,False,toll_road,human_verified,https://www.sse.com.cn/disclosure/fund/announcement/c/new/2026-07-21/508018_20260721_VWHG.pdf,observation_source_registered
SSE_508018_20260814_WQYB,508018,2026-08-14,,distribution_announcement,False,toll_road,human_verified,https://www.sse.com.cn/disclosure/fund/announcement/c/new/2026-08-14/508018_20260814_WQYB.pdf,observation_source_registered
SSE_508019_20231025_DVVL,508019,2023-10-25,2023-09-30,quarterly_report,False,industrial_park,official_title_evidence,https://www.sse.com.cn/disclosure/fund/announcement/c/new/2023-10-25/508019_20231025_DVVL.pdf,pending_extraction
SSE_508019_20240119_W7GC,508019,2024-01-19,2023-12-31,quarterly_report,False,industrial_park,official_title_evidence,https://www.sse.com.cn/disclosure/fund/announcement/c/new/2024-01-19/508019_20240119_W7GC.pdf,pending_extraction
SSE_508019_20240329_4LRE,508019,2024-03-29,2023-12-31,annual_report,False,industrial_park,official_title_evidence,https://www.sse.com.cn/disclosure/fund/announcement/c/new/2024-03-29/508019_20240329_4LRE.pdf,pending_extraction
SSE_508019_20240411_WU37,508019,2024-04-11,,distribution_announcement,False,industrial_park,official_title_evidence,https://www.sse.com.cn/disclosure/fund/announcement/c/new/2024-04-11/508019_20240411_WU37.pdf,machine_extracted_document
SSE_508019_20240420_LDEG,508019,2024-04-20,2024-03-31,quarterly_report,False,industrial_park,official_title_evidence,https://www.sse.com.cn/disclosure/fund/announcement/c/new/2024-04-20/508019_20240420_LDEG.pdf,pending_extraction
SSE_508019_20240629_HN3L,508019,2024-06-29,,distribution_announcement,False,industrial_park,official_title_evidence,https://www.sse.com.cn/disclosure/fund/announcement/c/new/2024-06-29/508019_20240629_HN3L.pdf,machine_extracted_document
SSE_508019_20240719_QLKL,508019,2024-07-19,2024-06-30,quarterly_report,False,industrial_park,official_title_evidence,https://www.sse.com.cn/disclosure/fund/announcement/c/new/2024-07-19/508019_20240719_QLKL.pdf,pending_extraction
SSE_508019_20240831_FQ1Z,508019,2024-08-31,2024-06-30,semiannual_report,False,industrial_park,official_title_evidence,https://www.sse.com.cn/disclosure/fund/announcement/c/new/2024-08-31/508019_20240831_FQ1Z.pdf,pending_extraction
SSE_508019_20241025_0JUC,508019,2024-10-25,,distribution_announcement,False,industrial_park,official_title_evidence,https://www.sse.com.cn/disclosure/fund/announcement/c/new/2024-10-25/508019_20241025_0JUC.pdf,machine_extracted_document
SSE_508019_20241025_CDXS,508019,2024-10-25,2024-09-30,quarterly_report,False,industrial_park,official_title_evidence,https://www.sse.com.cn/disclosure/fund/announcement/c/new/2024-10-25/508019_20241025_CDXS.pdf,pending_extraction
SSE_508019_20241227_46H1,508019,2024-12-27,,distribution_announcement,False,industrial_park,official_title_evidence,https://www.sse.com.cn/disclosure/fund/announcement/c/new/2024-12-27/508019_20241227_46H1.pdf,machine_extracted_document
SSE_508019_20250122_BT99,508019,2025-01-22,2024-12-31,quarterly_report,False,industrial_park,official_title_evidence,https://www.sse.com.cn/disclosure/fund/announcement/c/new/2025-01-22/508019_20250122_BT99.pdf,pending_extraction
SSE_508019_20250331_84DI,508019,2025-03-31,2024-12-31,annual_report,False,industrial_park,official_title_evidence,https://www.sse.com.cn/disclosure/fund/announcement/c/new/2025-03-31/508019_20250331_84DI.pdf,pending_extraction
SSE_508019_20250411_1ONM,508019,2025-04-11,,distribution_announcement,False,industrial_park,official_title_evidence,https://www.sse.com.cn/disclosure/fund/announcement/c/new/2025-04-11/508019_20250411_1ONM.pdf,machine_extracted_document
SSE_508019_20250422_70HT,508019,2025-04-22,2025-03-31,quarterly_report,False,industrial_park,official_title_evidence,https://www.sse.com.cn/disclosure/fund/announcement/c/new/2025-04-22/508019_20250422_70HT.pdf,pending_extraction
SSE_508019_20250718_85JG,508019,2025-07-18,,distribution_announcement,False,industrial_park,official_title_evidence,https://www.sse.com.cn/disclosure/fund/announcement/c/new/2025-07-18/508019_20250718_85JG.pdf,machine_extracted_document
SSE_508019_20250721_ALJC,508019,2025-07-21,2025-06-30,quarterly_report,False,industrial_park,official_title_evidence,https://www.sse.com.cn/disclosure/fund/announcement/c/new/2025-07-21/508019_20250721_ALJC.pdf,pending_extraction
SSE_508019_20250829_9GCZ,508019,2025-08-29,2025-06-30,semiannual_report,False,industrial_park,official_title_evidence,https://www.sse.com.cn/disclosure/fund/announcement/c/new/2025-08-29/508019_20250829_9GCZ.pdf,pending_extraction
SSE_508019_20251028_BOAU,508019,2025-10-28,2025-09-30,quarterly_report,False,industrial_park,official_title_evidence,https://www.sse.com.cn/disclosure/fund/announcement/c/new/2025-10-28/508019_20251028_BOAU.pdf,pending_extraction
SSE_508019_20251031_BB37,508019,2025-10-31,,distribution_announcement,False,industrial_park,official_title_evidence,https://www.sse.com.cn/disclosure/fund/announcement/c/new/2025-10-31/508019_20251031_BB37.pdf,machine_extracted_document
SSE_508019_20260122_BYLJ,508019,2026-01-22,2025-12-31,quarterly_report,False,industrial_park,official_title_evidence,https://www.sse.com.cn/disclosure/fund/announcement/c/new/2026-01-22/508019_20260122_BYLJ.pdf,pending_extraction
SSE_508019_20260123_Z6YC,508019,2026-01-23,,distribution_announcement,False,industrial_park,official_title_evidence,https://www.sse.com.cn/disclosure/fund/announcement/c/new/2026-01-23/508019_20260123_Z6YC.pdf,machine_extracted_document
SSE_508019_20260331_LDT1,508019,2026-03-31,2025-12-31,annual_report,False,industrial_park,official_title_evidence,https://www.sse.com.cn/disclosure/fund/announcement/c/new/2026-03-31/508019_20260331_LDT1.pdf,pending_extraction
SSE_508019_20260402_DEGT,508019,2026-04-02,,distribution_announcement,False,industrial_park,official_title_evidence,https://www.sse.com.cn/disclosure/fund/announcement/c/new/2026-04-02/508019_20260402_DEGT.pdf,machine_extracted_document
SSE_508019_20260422_D9B5,508019,2026-04-22,2026-03-31,quarterly_report,False,industrial_park,official_title_evidence,https://www.sse.com.cn/disclosure/fund/announcement/c/new/2026-04-22/508019_20260422_D9B5.pdf,pending_extraction
SSE_508019_20260721_V7CZ,508019,2026-07-21,2026-06-30,quarterly_report,False,industrial_park,official_title_evidence,https://www.sse.com.cn/disclosure/fund/announcement/c/new/2026-07-21/508019_20260721_V7CZ.pdf,pending_extraction
SSE_508019_20260724_9H51,508019,2026-07-24,,distribution_announcement,False,industrial_park,official_title_evidence,https://www.sse.com.cn/disclosure/fund/announcement/c/new/2026-07-24/508019_20260724_9H51.pdf,machine_extracted_document
SSE_508019_20260828_N6SY,508019,2026-08-28,2026-06-30,semiannual_report,False,industrial_park,official_title_evidence,https://www.sse.com.cn/disclosure/fund/announcement/c/new/2026-08-28/508019_20260828_N6SY.pdf,pending_extraction
SSE_508020_20260721_02RB,508020,2026-07-21,2026-06-30,quarterly_report,False,toll_road,official_title_evidence,https://www.sse.com.cn/disclosure/fund/announcement/c/new/2026-07-21/508020_20260721_02RB.pdf,pending_extraction
SSE_508021_20230120_COQV,508021,2023-01-20,2022-12-31,quarterly_report,False,industrial_park,official_title_evidence,https://www.sse.com.cn/disclosure/fund/announcement/c/new/2023-01-20/508021_20230120_COQV.pdf,pending_extraction
SSE_508021_20230331_8LU9,508021,2023-03-31,2022-12-31,annual_report,False,industrial_park,official_title_evidence,https://www.sse.com.cn/disclosure/fund/announcement/c/new/2023-03-31/508021_20230331_8LU9.pdf,pending_extraction
SSE_508021_20230413_1YQC,508021,2023-04-13,,distribution_announcement,False,industrial_park,official_title_evidence,https://www.sse.com.cn/disclosure/fund/announcement/c/new/2023-04-13/508021_20230413_1YQC.pdf,machine_extracted_document
SSE_508021_20230423_9NCX,508021,2023-04-23,2023-03-31,quarterly_report,False,industrial_park,official_title_evidence,https://www.sse.com.cn/disclosure/fund/announcement/c/new/2023-04-23/508021_20230423_9NCX.pdf,pending_extraction
SSE_508021_20230721_S6VS,508021,2023-07-21,2023-06-30,quarterly_report,False,industrial_park,official_title_evidence,https://www.sse.com.cn/disclosure/fund/announcement/c/new/2023-07-21/508021_20230721_S6VS.pdf,pending_extraction
SSE_508021_20230831_91IV,508021,2023-08-31,2023-06-30,semiannual_report,False,industrial_park,official_title_evidence,https://www.sse.com.cn/disclosure/fund/announcement/c/new/2023-08-31/508021_20230831_91IV.pdf,pending_extraction
SSE_508021_20231021_P911,508021,2023-10-21,2023-09-30,quarterly_report,False,industrial_park,official_title_evidence,https://www.sse.com.cn/disclosure/fund/announcement/c/new/2023-10-21/508021_20231021_P911.pdf,pending_extraction
SSE_508021_20240122_Y9G0,508021,2024-01-22,2023-12-31,quarterly_report,False,industrial_park,official_title_evidence,https://www.sse.com.cn/disclosure/fund/announcement/c/new/2024-01-22/508021_20240122_Y9G0.pdf,pending_extraction
SSE_508021_20240329_MD7S,508021,2024-03-29,2023-12-31,annual_report,False,industrial_park,official_title_evidence,https://www.sse.com.cn/disclosure/fund/announcement/c/new/2024-03-29/508021_20240329_MD7S.pdf,pending_extraction
SSE_508021_20240418_58F7,508021,2024-04-18,,distribution_announcement,False,industrial_park,official_title_evidence,https://www.sse.com.cn/disclosure/fund/announcement/c/new/2024-04-18/508021_20240418_58F7.pdf,machine_extracted_document
SSE_508021_20240422_13IF,508021,2024-04-22,2024-03-31,quarterly_report,False,industrial_park,official_title_evidence,https://www.sse.com.cn/disclosure/fund/announcement/c/new/2024-04-22/508021_20240422_13IF.pdf,pending_extraction
SSE_508021_20240719_RF97,508021,2024-07-19,2024-06-30,quarterly_report,False,industrial_park,official_title_evidence,https://www.sse.com.cn/disclosure/fund/announcement/c/new/2024-07-19/508021_20240719_RF97.pdf,pending_extraction
SSE_508021_20240831_8BC7,508021,2024-08-31,2024-06-30,semiannual_report,False,industrial_park,official_title_evidence,https://www.sse.com.cn/disclosure/fund/announcement/c/new/2024-08-31/508021_20240831_8BC7.pdf,pending_extraction
SSE_508021_20241025_QJPB,508021,2024-10-25,2024-09-30,quarterly_report,False,industrial_park,official_title_evidence,https://www.sse.com.cn/disclosure/fund/announcement/c/new/2024-10-25/508021_20241025_QJPB.pdf,pending_extraction
SSE_508021_20250122_VAM1,508021,2025-01-22,2024-12-31,quarterly_report,False,industrial_park,official_title_evidence,https://www.sse.com.cn/disclosure/fund/announcement/c/new/2025-01-22/508021_20250122_VAM1.pdf,pending_extraction
SSE_508021_20250331_3S6G,508021,2025-03-31,2024-12-31,annual_report,False,industrial_park,official_title_evidence,https://www.sse.com.cn/disclosure/fund/announcement/c/new/2025-03-31/508021_20250331_3S6G.pdf,pending_extraction
SSE_508021_20250422_ACM3,508021,2025-04-22,,distribution_announcement,False,industrial_park,official_title_evidence,https://www.sse.com.cn/disclosure/fund/announcement/c/new/2025-04-22/508021_20250422_ACM3.pdf,machine_extracted_document
SSE_508021_20250422_H5CM,508021,2025-04-22,2025-03-31,quarterly_report,False,industrial_park,official_title_evidence,https://www.sse.com.cn/disclosure/fund/announcement/c/new/2025-04-22/508021_20250422_H5CM.pdf,pending_extraction
SSE_508021_20250719_L7H2,508021,2025-07-19,2025-06-30,quarterly_report,False,industrial_park,official_title_evidence,https://www.sse.com.cn/disclosure/fund/announcement/c/new/2025-07-19/508021_20250719_L7H2.pdf,pending_extraction
SSE_508021_20250829_32NY,508021,2025-08-29,2025-06-30,semiannual_report,False,industrial_park,official_title_evidence,https://www.sse.com.cn/disclosure/fund/announcement/c/new/2025-08-29/508021_20250829_32NY.pdf,pending_extraction
SSE_508021_20251028_K6RC,508021,2025-10-28,2025-09-30,quarterly_report,False,industrial_park,official_title_evidence,https://www.sse.com.cn/disclosure/fund/announcement/c/new/2025-10-28/508021_20251028_K6RC.pdf,pending_extraction
SSE_508021_20260122_B064,508021,2026-01-22,2025-12-31,quarterly_report,False,industrial_park,official_title_evidence,https://www.sse.com.cn/disclosure/fund/announcement/c/new/2026-01-22/508021_20260122_B064.pdf,pending_extraction
SSE_508021_20260331_D3YQ,508021,2026-03-31,2025-12-31,annual_report,False,industrial_park,official_title_evidence,https://www.sse.com.cn/disclosure/fund/announcement/c/new/2026-03-31/508021_20260331_D3YQ.pdf,pending_extraction
SSE_508021_20260422_KWUZ,508021,2026-04-22,,distribution_announcement,False,industrial_park,official_title_evidence,https://www.sse.com.cn/disclosure/fund/announcement/c/new/2026-04-22/508021_20260422_KWUZ.pdf,machine_extracted_document
SSE_508021_20260422_QFLS,508021,2026-04-22,2026-03-31,quarterly_report,False,industrial_park,official_title_evidence,https://www.sse.com.cn/disclosure/fund/announcement/c/new/2026-04-22/508021_20260422_QFLS.pdf,pending_extraction
SSE_508021_20260721_RD21,508021,2026-07-21,2026-06-30,quarterly_report,False,industrial_park,official_title_evidence,https://www.sse.com.cn/disclosure/fund/announcement/c/new/2026-07-21/508021_20260721_RD21.pdf,pending_extraction
SSE_508022_20250122_KK0O,508022,2025-01-22,2024-12-31,quarterly_report,False,industrial_park,official_title_evidence,https://www.sse.com.cn/disclosure/fund/announcement/c/new/2025-01-22/508022_20250122_KK0O.pdf,pending_extraction
SSE_508022_20250331_VMI9,508022,2025-03-31,2024-12-31,annual_report,False,industrial_park,official_title_evidence,https://www.sse.com.cn/disclosure/fund/announcement/c/new/2025-03-31/508022_20250331_VMI9.pdf,pending_extraction
SSE_508022_20250422_HEKZ,508022,2025-04-22,2025-03-31,quarterly_report,False,industrial_park,official_title_evidence,https://www.sse.com.cn/disclosure/fund/announcement/c/new/2025-04-22/508022_20250422_HEKZ.pdf,pending_extraction
SSE_508022_20250422_YERW,508022,2025-04-22,,distribution_announcement,False,industrial_park,official_title_evidence,https://www.sse.com.cn/disclosure/fund/announcement/c/new/2025-04-22/508022_20250422_YERW.pdf,machine_extracted_document
SSE_508022_20250721_Z3W2,508022,2025-07-21,2025-06-30,quarterly_report,False,industrial_park,official_title_evidence,https://www.sse.com.cn/disclosure/fund/announcement/c/new/2025-07-21/508022_20250721_Z3W2.pdf,pending_extraction
SSE_508022_20250829_UU73,508022,2025-08-29,2025-06-30,semiannual_report,False,industrial_park,official_title_evidence,https://www.sse.com.cn/disclosure/fund/announcement/c/new/2025-08-29/508022_20250829_UU73.pdf,pending_extraction
SSE_508022_20250919_ICWR,508022,2025-09-19,,distribution_announcement,False,industrial_park,official_title_evidence,https://www.sse.com.cn/disclosure/fund/announcement/c/new/2025-09-19/508022_20250919_ICWR.pdf,machine_extracted_document
SSE_508022_20251028_V94N,508022,2025-10-28,2025-09-30,quarterly_report,False,industrial_park,official_title_evidence,https://www.sse.com.cn/disclosure/fund/announcement/c/new/2025-10-28/508022_20251028_V94N.pdf,pending_extraction
SSE_508022_20251212_F7T5,508022,2025-12-12,,distribution_announcement,False,industrial_park,official_title_evidence,https://www.sse.com.cn/disclosure/fund/announcement/c/new/2025-12-12/508022_20251212_F7T5.pdf,machine_extracted_document
SSE_508022_20260122_432I,508022,2026-01-22,2025-12-31,quarterly_report,False,industrial_park,official_title_evidence,https://www.sse.com.cn/disclosure/fund/announcement/c/new/2026-01-22/508022_20260122_432I.pdf,pending_extraction
SSE_508022_20260331_KH82,508022,2026-03-31,2025-12-31,annual_report,False,industrial_park,official_title_evidence,https://www.sse.com.cn/disclosure/fund/announcement/c/new/2026-03-31/508022_20260331_KH82.pdf,pending_extraction
SSE_508022_20260422_C183,508022,2026-04-22,,distribution_announcement,False,industrial_park,official_title_evidence,https://www.sse.com.cn/disclosure/fund/announcement/c/new/2026-04-22/508022_20260422_C183.pdf,machine_extracted_document
SSE_508022_20260422_IJIS,508022,2026-04-22,2026-03-31,quarterly_report,False,industrial_park,official_title_evidence,https://www.sse.com.cn/disclosure/fund/announcement/c/new/2026-04-22/508022_20260422_IJIS.pdf,pending_extraction
SSE_508022_20260721_0HX9,508022,2026-07-21,2026-06-30,quarterly_report,False,industrial_park,official_title_evidence,https://www.sse.com.cn/disclosure/fund/announcement/c/new/2026-07-21/508022_20260721_0HX9.pdf,pending_extraction
SSE_508022_20260821_4N00,508022,2026-08-21,,distribution_announcement,False,industrial_park,official_title_evidence,https://www.sse.com.cn/disclosure/fund/announcement/c/new/2026-08-21/508022_20260821_4N00.pdf,machine_extracted_document
SSE_508026_20240718_8ONG,508026,2024-07-18,2024-06-30,quarterly_report,False,hydropower,human_verified,https://www.sse.com.cn/disclosure/fund/announcement/c/new/2024-07-18/508026_20240718_8ONG.pdf,observation_source_registered
SSE_508026_20240803_OEDE,508026,2024-08-03,2024-06-30,quarterly_report,True,hydropower,human_verified,https://www.sse.com.cn/disclosure/fund/announcement/c/new/2024-08-03/508026_20240803_OEDE.pdf,pending_extraction
SSE_508026_20240830_0W3D,508026,2024-08-30,2024-06-30,semiannual_report,False,hydropower,human_verified,https://www.sse.com.cn/disclosure/fund/announcement/c/new/2024-08-30/508026_20240830_0W3D.pdf,pending_extraction
SSE_508026_20241025_47Z6,508026,2024-10-25,2024-09-30,quarterly_report,False,hydropower,human_verified,https://www.sse.com.cn/disclosure/fund/announcement/c/new/2024-10-25/508026_20241025_47Z6.pdf,observation_source_registered
SSE_508026_20250122_3O29,508026,2025-01-22,2024-12-31,quarterly_report,False,hydropower,human_verified,https://www.sse.com.cn/disclosure/fund/announcement/c/new/2025-01-22/508026_20250122_3O29.pdf,observation_source_registered
SSE_508026_20250304_CESI,508026,2025-03-04,,distribution_announcement,False,hydropower,human_verified,https://www.sse.com.cn/disclosure/fund/announcement/c/new/2025-03-04/508026_20250304_CESI.pdf,observation_source_registered
SSE_508026_20250328_T61T,508026,2025-03-28,2024-12-31,annual_report,False,hydropower,human_verified,https://www.sse.com.cn/disclosure/fund/announcement/c/new/2025-03-28/508026_20250328_T61T.pdf,observation_source_registered
SSE_508026_20250422_FNF9,508026,2025-04-22,2025-03-31,quarterly_report,False,hydropower,human_verified,https://www.sse.com.cn/disclosure/fund/announcement/c/new/2025-04-22/508026_20250422_FNF9.pdf,observation_source_registered
SSE_508026_20250430_D7UC,508026,2025-04-30,,distribution_announcement,False,hydropower,human_verified,https://www.sse.com.cn/disclosure/fund/announcement/c/new/2025-04-30/508026_20250430_D7UC.pdf,observation_source_registered
SSE_508026_20250721_N3IB,508026,2025-07-21,2025-06-30,quarterly_report,False,hydropower,human_verified,https://www.sse.com.cn/disclosure/fund/announcement/c/new/2025-07-21/508026_20250721_N3IB.pdf,observation_source_registered
SSE_508026_20250829_1KYP,508026,2025-08-29,2025-06-30,semiannual_report,False,hydropower,human_verified,https://www.sse.com.cn/disclosure/fund/announcement/c/new/2025-08-29/508026_20250829_1KYP.pdf,pending_extraction
SSE_508026_20250929_7N76,508026,2025-09-29,,distribution_announcement,False,hydropower,human_verified,https://www.sse.com.cn/disclosure/fund/announcement/c/new/2025-09-29/508026_20250929_7N76.pdf,observation_source_registered
SSE_508026_20251028_EZQC,508026,2025-10-28,2025-09-30,quarterly_report,False,hydropower,human_verified,https://www.sse.com.cn/disclosure/fund/announcement/c/new/2025-10-28/508026_20251028_EZQC.pdf,observation_source_registered
SSE_508026_20260122_LA91,508026,2026-01-22,2025-12-31,quarterly_report,False,hydropower,human_verified,https://www.sse.com.cn/disclosure/fund/announcement/c/new/2026-01-22/508026_20260122_LA91.pdf,observation_source_registered
SSE_508026_20260330_J2W7,508026,2026-03-30,2025-12-31,annual_report,False,hydropower,human_verified,https://www.sse.com.cn/disclosure/fund/announcement/c/new/2026-03-30/508026_20260330_J2W7.pdf,observation_source_registered
SSE_508026_20260422_21XV,508026,2026-04-22,2026-03-31,quarterly_report,False,hydropower,human_verified,https://www.sse.com.cn/disclosure/fund/announcement/c/new/2026-04-22/508026_20260422_21XV.pdf,observation_source_registered
SSE_508026_20260422_7LYZ,508026,2026-04-22,,distribution_announcement,False,hydropower,human_verified,https://www.sse.com.cn/disclosure/fund/announcement/c/new/2026-04-22/508026_20260422_7LYZ.pdf,observation_source_registered
SSE_508026_20260721_JI1N,508026,2026-07-21,2026-06-30,quarterly_report,False,hydropower,human_verified,https://www.sse.com.cn/disclosure/fund/announcement/c/new/2026-07-21/508026_20260721_JI1N.pdf,observation_source_registered
SSE_508027_20211027_1_aqwsWj4X,508027,2021-10-27,2021-09-30,quarterly_report,False,industrial_park,official_title_evidence,https://www.sse.com.cn/disclosure/fund/announcement/c/new/2021-10-27/508027_20211027_1_aqwsWj4X.pdf,pending_extraction
SSE_508027_20220124_1_2p7V2Me1,508027,2022-01-24,2021-12-31,quarterly_report,False,industrial_park,official_title_evidence,https://www.sse.com.cn/disclosure/fund/announcement/c/new/2022-01-24/508027_20220124_1_2p7V2Me1.pdf,pending_extraction
SSE_508027_20220331_1_8VmFABCX,508027,2022-03-31,2021-12-31,annual_report,False,industrial_park,official_title_evidence,https://www.sse.com.cn/disclosure/fund/announcement/c/new/2022-03-31/508027_20220331_1_8VmFABCX.pdf,pending_extraction
SSE_508027_20220414_1_8ElzpIhK,508027,2022-04-14,,distribution_announcement,False,industrial_park,official_title_evidence,https://www.sse.com.cn/disclosure/fund/announcement/c/new/2022-04-14/508027_20220414_1_8ElzpIhK.pdf,machine_extracted_document
SSE_508027_20220422_1_da6iKdGw,508027,2022-04-22,2022-03-31,quarterly_report,False,industrial_park,official_title_evidence,https://www.sse.com.cn/disclosure/fund/announcement/c/new/2022-04-22/508027_20220422_1_da6iKdGw.pdf,pending_extraction
SSE_508027_20220721_1_r3Peufy0,508027,2022-07-21,2022-06-30,quarterly_report,False,industrial_park,official_title_evidence,https://www.sse.com.cn/disclosure/fund/announcement/c/new/2022-07-21/508027_20220721_1_r3Peufy0.pdf,pending_extraction
SSE_508027_20220831_1_a8CX4CYx,508027,2022-08-31,2022-06-30,semiannual_report,False,industrial_park,official_title_evidence,https://www.sse.com.cn/disclosure/fund/announcement/c/new/2022-08-31/508027_20220831_1_a8CX4CYx.pdf,pending_extraction
SSE_508027_20221026_1_tRqxF2xg,508027,2022-10-26,2022-09-30,quarterly_report,False,industrial_park,official_title_evidence,https://www.sse.com.cn/disclosure/fund/announcement/c/new/2022-10-26/508027_20221026_1_tRqxF2xg.pdf,pending_extraction
SSE_508027_20230120_2LC9,508027,2023-01-20,2022-12-31,quarterly_report,False,industrial_park,official_title_evidence,https://www.sse.com.cn/disclosure/fund/announcement/c/new/2023-01-20/508027_20230120_2LC9.pdf,pending_extraction
SSE_508027_20230331_92Y5,508027,2023-03-31,2022-12-31,annual_report,False,industrial_park,official_title_evidence,https://www.sse.com.cn/disclosure/fund/announcement/c/new/2023-03-31/508027_20230331_92Y5.pdf,pending_extraction
SSE_508027_20230413_QYFN,508027,2023-04-13,,distribution_announcement,False,industrial_park,official_title_evidence,https://www.sse.com.cn/disclosure/fund/announcement/c/new/2023-04-13/508027_20230413_QYFN.pdf,machine_extracted_document
SSE_508027_20230421_52DE,508027,2023-04-21,2023-03-31,quarterly_report,False,industrial_park,official_title_evidence,https://www.sse.com.cn/disclosure/fund/announcement/c/new/2023-04-21/508027_20230421_52DE.pdf,pending_extraction
SSE_508027_20230721_642W,508027,2023-07-21,2023-06-30,quarterly_report,False,industrial_park,official_title_evidence,https://www.sse.com.cn/disclosure/fund/announcement/c/new/2023-07-21/508027_20230721_642W.pdf,pending_extraction
SSE_508027_20230831_M0XB,508027,2023-08-31,2023-06-30,semiannual_report,False,industrial_park,official_title_evidence,https://www.sse.com.cn/disclosure/fund/announcement/c/new/2023-08-31/508027_20230831_M0XB.pdf,pending_extraction
SSE_508027_20231023_76HZ,508027,2023-10-23,2023-09-30,quarterly_report,False,industrial_park,official_title_evidence,https://www.sse.com.cn/disclosure/fund/announcement/c/new/2023-10-23/508027_20231023_76HZ.pdf,pending_extraction
SSE_508027_20240122_XK8S,508027,2024-01-22,2023-12-31,quarterly_report,False,industrial_park,official_title_evidence,https://www.sse.com.cn/disclosure/fund/announcement/c/new/2024-01-22/508027_20240122_XK8S.pdf,pending_extraction
SSE_508027_20240329_2Q4M,508027,2024-03-29,2023-12-31,annual_report,False,industrial_park,official_title_evidence,https://www.sse.com.cn/disclosure/fund/announcement/c/new/2024-03-29/508027_20240329_2Q4M.pdf,pending_extraction
SSE_508027_20240411_93SD,508027,2024-04-11,,distribution_announcement,False,industrial_park,official_title_evidence,https://www.sse.com.cn/disclosure/fund/announcement/c/new/2024-04-11/508027_20240411_93SD.pdf,needs_ocr_or_visual_review
SSE_508027_20240422_Q9V8,508027,2024-04-22,2024-03-31,quarterly_report,False,industrial_park,official_title_evidence,https://www.sse.com.cn/disclosure/fund/announcement/c/new/2024-04-22/508027_20240422_Q9V8.pdf,pending_extraction
SSE_508027_20240719_A5VH,508027,2024-07-19,2024-06-30,quarterly_report,False,industrial_park,official_title_evidence,https://www.sse.com.cn/disclosure/fund/announcement/c/new/2024-07-19/508027_20240719_A5VH.pdf,pending_extraction
SSE_508027_20240830_VDFV,508027,2024-08-30,2024-06-30,semiannual_report,False,industrial_park,official_title_evidence,https://www.sse.com.cn/disclosure/fund/announcement/c/new/2024-08-30/508027_20240830_VDFV.pdf,pending_extraction
SSE_508027_20241025_JE37,508027,2024-10-25,2024-09-30,quarterly_report,False,industrial_park,official_title_evidence,https://www.sse.com.cn/disclosure/fund/announcement/c/new/2024-10-25/508027_20241025_JE37.pdf,pending_extraction
SSE_508027_20250122_2PIU,508027,2025-01-22,2024-12-31,quarterly_report,False,industrial_park,official_title_evidence,https://www.sse.com.cn/disclosure/fund/announcement/c/new/2025-01-22/508027_20250122_2PIU.pdf,pending_extraction
SSE_508027_20250331_X5Z7,508027,2025-03-31,2024-12-31,annual_report,False,industrial_park,official_title_evidence,https://www.sse.com.cn/disclosure/fund/announcement/c/new/2025-03-31/508027_20250331_X5Z7.pdf,pending_extraction
SSE_508027_20250417_JEIZ,508027,2025-04-17,,distribution_announcement,False,industrial_park,official_title_evidence,https://www.sse.com.cn/disclosure/fund/announcement/c/new/2025-04-17/508027_20250417_JEIZ.pdf,needs_ocr_or_visual_review
SSE_508027_20250422_5GRH,508027,2025-04-22,2025-03-31,quarterly_report,False,industrial_park,official_title_evidence,https://www.sse.com.cn/disclosure/fund/announcement/c/new/2025-04-22/508027_20250422_5GRH.pdf,pending_extraction
SSE_508027_20250721_P7Q6,508027,2025-07-21,2025-06-30,quarterly_report,False,industrial_park,official_title_evidence,https://www.sse.com.cn/disclosure/fund/announcement/c/new/2025-07-21/508027_20250721_P7Q6.pdf,pending_extraction
SSE_508027_20250829_TKOI,508027,2025-08-29,2025-06-30,semiannual_report,False,industrial_park,official_title_evidence,https://www.sse.com.cn/disclosure/fund/announcement/c/new/2025-08-29/508027_20250829_TKOI.pdf,pending_extraction
SSE_508027_20251028_39X7,508027,2025-10-28,2025-09-30,quarterly_report,False,industrial_park,official_title_evidence,https://www.sse.com.cn/disclosure/fund/announcement/c/new/2025-10-28/508027_20251028_39X7.pdf,pending_extraction
SSE_508027_20260122_BAXO,508027,2026-01-22,2025-12-31,quarterly_report,False,industrial_park,official_title_evidence,https://www.sse.com.cn/disclosure/fund/announcement/c/new/2026-01-22/508027_20260122_BAXO.pdf,pending_extraction
SSE_508027_20260331_VJCP,508027,2026-03-31,2025-12-31,annual_report,False,industrial_park,official_title_evidence,https://www.sse.com.cn/disclosure/fund/announcement/c/new/2026-03-31/508027_20260331_VJCP.pdf,pending_extraction
SSE_508027_20260421_BMMF,508027,2026-04-21,,distribution_announcement,False,industrial_park,official_title_evidence,https://www.sse.com.cn/disclosure/fund/announcement/c/new/2026-04-21/508027_20260421_BMMF.pdf,needs_ocr_or_visual_review
SSE_508027_20260422_URUX,508027,2026-04-22,2026-03-31,quarterly_report,False,industrial_park,official_title_evidence,https://www.sse.com.cn/disclosure/fund/announcement/c/new/2026-04-22/508027_20260422_URUX.pdf,pending_extraction
SSE_508027_20260721_8PEF,508027,2026-07-21,2026-06-30,quarterly_report,False,industrial_park,official_title_evidence,https://www.sse.com.cn/disclosure/fund/announcement/c/new/2026-07-21/508027_20260721_8PEF.pdf,pending_extraction
SSE_508028_20230721_85FM,508028,2023-07-21,2023-06-30,quarterly_report,False,wind,human_verified,https://www.sse.com.cn/disclosure/fund/announcement/c/new/2023-07-21/508028_20230721_85FM.pdf,observation_source_registered
SSE_508028_20230831_QDGE,508028,2023-08-31,2023-06-30,semiannual_report,False,wind,human_verified,https://www.sse.com.cn/disclosure/fund/announcement/c/new/2023-08-31/508028_20230831_QDGE.pdf,pending_extraction
SSE_508028_20230919_V4W7,508028,2023-09-19,,distribution_announcement,False,wind,human_verified,https://www.sse.com.cn/disclosure/fund/announcement/c/new/2023-09-19/508028_20230919_V4W7.pdf,observation_source_registered
SSE_508028_20231025_AA5D,508028,2023-10-25,2023-09-30,quarterly_report,False,wind,human_verified,https://www.sse.com.cn/disclosure/fund/announcement/c/new/2023-10-25/508028_20231025_AA5D.pdf,observation_source_registered
SSE_508028_20231218_XZXX,508028,2023-12-18,,distribution_announcement,False,wind,human_verified,https://www.sse.com.cn/disclosure/fund/announcement/c/new/2023-12-18/508028_20231218_XZXX.pdf,observation_source_registered
SSE_508028_20240122_M73M,508028,2024-01-22,2023-12-31,quarterly_report,False,wind,human_verified,https://www.sse.com.cn/disclosure/fund/announcement/c/new/2024-01-22/508028_20240122_M73M.pdf,observation_source_registered
SSE_508028_20240329_KQI8,508028,2024-03-29,2023-12-31,annual_report,False,wind,human_verified,https://www.sse.com.cn/disclosure/fund/announcement/c/new/2024-03-29/508028_20240329_KQI8.pdf,observation_source_registered
SSE_508028_20240418_41LE,508028,2024-04-18,,distribution_announcement,False,wind,human_verified,https://www.sse.com.cn/disclosure/fund/announcement/c/new/2024-04-18/508028_20240418_41LE.pdf,observation_source_registered
SSE_508028_20240422_NS1X,508028,2024-04-22,2024-03-31,quarterly_report,False,wind,human_verified,https://www.sse.com.cn/disclosure/fund/announcement/c/new/2024-04-22/508028_20240422_NS1X.pdf,observation_source_registered
SSE_508028_20240719_95R7,508028,2024-07-19,2024-06-30,quarterly_report,False,wind,human_verified,https://www.sse.com.cn/disclosure/fund/announcement/c/new/2024-07-19/508028_20240719_95R7.pdf,observation_source_registered
SSE_508028_20240830_OCHY,508028,2024-08-30,2024-06-30,semiannual_report,False,wind,human_verified,https://www.sse.com.cn/disclosure/fund/announcement/c/new/2024-08-30/508028_20240830_OCHY.pdf,pending_extraction
SSE_508028_20240919_GV5X,508028,2024-09-19,,distribution_announcement,False,wind,human_verified,https://www.sse.com.cn/disclosure/fund/announcement/c/new/2024-09-19/508028_20240919_GV5X.pdf,observation_source_registered
SSE_508028_20241025_2Z9V,508028,2024-10-25,2024-09-30,quarterly_report,False,wind,human_verified,https://www.sse.com.cn/disclosure/fund/announcement/c/new/2024-10-25/508028_20241025_2Z9V.pdf,observation_source_registered
SSE_508028_20241216_OA5R,508028,2024-12-16,,distribution_announcement,False,wind,human_verified,https://www.sse.com.cn/disclosure/fund/announcement/c/new/2024-12-16/508028_20241216_OA5R.pdf,observation_source_registered
SSE_508028_20250122_36A6,508028,2025-01-22,2024-12-31,quarterly_report,False,wind,human_verified,https://www.sse.com.cn/disclosure/fund/announcement/c/new/2025-01-22/508028_20250122_36A6.pdf,observation_source_registered
SSE_508028_20250331_2T48,508028,2025-03-31,,distribution_announcement,False,wind,human_verified,https://www.sse.com.cn/disclosure/fund/announcement/c/new/2025-03-31/508028_20250331_2T48.pdf,observation_source_registered
SSE_508028_20250331_6H6Q,508028,2025-03-31,2024-12-31,annual_report,False,wind,human_verified,https://www.sse.com.cn/disclosure/fund/announcement/c/new/2025-03-31/508028_20250331_6H6Q.pdf,observation_source_registered
SSE_508028_20250422_YHMC,508028,2025-04-22,2025-03-31,quarterly_report,False,wind,human_verified,https://www.sse.com.cn/disclosure/fund/announcement/c/new/2025-04-22/508028_20250422_YHMC.pdf,observation_source_registered
SSE_508028_20250721_TBZ8,508028,2025-07-21,2025-06-30,quarterly_report,False,wind,human_verified,https://www.sse.com.cn/disclosure/fund/announcement/c/new/2025-07-21/508028_20250721_TBZ8.pdf,observation_source_registered
SSE_508028_20250829_AAAI,508028,2025-08-29,2025-06-30,semiannual_report,False,wind,human_verified,https://www.sse.com.cn/disclosure/fund/announcement/c/new/2025-08-29/508028_20250829_AAAI.pdf,pending_extraction
SSE_508028_20251028_036Z,508028,2025-10-28,2025-09-30,quarterly_report,False,wind,human_verified,https://www.sse.com.cn/disclosure/fund/announcement/c/new/2025-10-28/508028_20251028_036Z.pdf,observation_source_registered
SSE_508028_20251226_LP3G,508028,2025-12-26,,distribution_announcement,False,wind,human_verified,https://www.sse.com.cn/disclosure/fund/announcement/c/new/2025-12-26/508028_20251226_LP3G.pdf,observation_source_registered
SSE_508028_20260122_8WBS,508028,2026-01-22,2025-12-31,quarterly_report,False,wind,human_verified,https://www.sse.com.cn/disclosure/fund/announcement/c/new/2026-01-22/508028_20260122_8WBS.pdf,observation_source_registered
SSE_508028_20260331_M9ZP,508028,2026-03-31,2025-12-31,annual_report,False,wind,human_verified,https://www.sse.com.cn/disclosure/fund/announcement/c/new/2026-03-31/508028_20260331_M9ZP.pdf,observation_source_registered
SSE_508028_20260422_YR89,508028,2026-04-22,2026-03-31,quarterly_report,False,wind,human_verified,https://www.sse.com.cn/disclosure/fund/announcement/c/new/2026-04-22/508028_20260422_YR89.pdf,observation_source_registered
SSE_508028_20260522_N2EU,508028,2026-05-22,,distribution_announcement,False,wind,human_verified,https://www.sse.com.cn/disclosure/fund/announcement/c/new/2026-05-22/508028_20260522_N2EU.pdf,observation_source_registered
SSE_508028_20260721_W0FA,508028,2026-07-21,2026-06-30,quarterly_report,False,wind,human_verified,https://www.sse.com.cn/disclosure/fund/announcement/c/new/2026-07-21/508028_20260721_W0FA.pdf,observation_source_registered
SSE_508029_20260122_8S9J,508029,2026-01-22,,distribution_announcement,False,industrial_park,official_title_evidence,https://www.sse.com.cn/disclosure/fund/announcement/c/new/2026-01-22/508029_20260122_8S9J.pdf,needs_ocr_or_visual_review
SSE_508029_20260122_F3QA,508029,2026-01-22,2025-12-31,quarterly_report,False,industrial_park,official_title_evidence,https://www.sse.com.cn/disclosure/fund/announcement/c/new/2026-01-22/508029_20260122_F3QA.pdf,pending_extraction
SSE_508029_20260331_KBXK,508029,2026-03-31,2025-12-31,annual_report,False,industrial_park,official_title_evidence,https://www.sse.com.cn/disclosure/fund/announcement/c/new/2026-03-31/508029_20260331_KBXK.pdf,pending_extraction
SSE_508029_20260422_VJL4,508029,2026-04-22,2026-03-31,quarterly_report,False,industrial_park,official_title_evidence,https://www.sse.com.cn/disclosure/fund/announcement/c/new/2026-04-22/508029_20260422_VJL4.pdf,pending_extraction
SSE_508029_20260630_WFQP,508029,2026-06-30,,distribution_announcement,False,industrial_park,official_title_evidence,https://www.sse.com.cn/disclosure/fund/announcement/c/new/2026-06-30/508029_20260630_WFQP.pdf,needs_ocr_or_visual_review
SSE_508029_20260721_W4R4,508029,2026-07-21,2026-06-30,quarterly_report,False,industrial_park,official_title_evidence,https://www.sse.com.cn/disclosure/fund/announcement/c/new/2026-07-21/508029_20260721_W4R4.pdf,pending_extraction
SSE_508031_20240422_EL2U,508031,2024-04-22,2024-03-31,quarterly_report,False,rental_housing,official_title_evidence,https://www.sse.com.cn/disclosure/fund/announcement/c/new/2024-04-22/508031_20240422_EL2U.pdf,pending_extraction
SSE_508031_20240719_TS0P,508031,2024-07-19,2024-06-30,quarterly_report,False,rental_housing,official_title_evidence,https://www.sse.com.cn/disclosure/fund/announcement/c/new/2024-07-19/508031_20240719_TS0P.pdf,pending_extraction
SSE_508031_20240831_3Q6E,508031,2024-08-31,2024-06-30,semiannual_report,False,rental_housing,official_title_evidence,https://www.sse.com.cn/disclosure/fund/announcement/c/new/2024-08-31/508031_20240831_3Q6E.pdf,pending_extraction
SSE_508031_20240912_FL3W,508031,2024-09-12,,distribution_announcement,False,rental_housing,official_title_evidence,https://www.sse.com.cn/disclosure/fund/announcement/c/new/2024-09-12/508031_20240912_FL3W.pdf,machine_extracted_document
SSE_508031_20241025_SH19,508031,2024-10-25,2024-09-30,quarterly_report,False,rental_housing,official_title_evidence,https://www.sse.com.cn/disclosure/fund/announcement/c/new/2024-10-25/508031_20241025_SH19.pdf,pending_extraction
SSE_508031_20250122_QR7N,508031,2025-01-22,2024-12-31,quarterly_report,False,rental_housing,official_title_evidence,https://www.sse.com.cn/disclosure/fund/announcement/c/new/2025-01-22/508031_20250122_QR7N.pdf,pending_extraction
SSE_508031_20250331_QRBK,508031,2025-03-31,2024-12-31,annual_report,False,rental_housing,official_title_evidence,https://www.sse.com.cn/disclosure/fund/announcement/c/new/2025-03-31/508031_20250331_QRBK.pdf,pending_extraction
SSE_508031_20250422_LRPW,508031,2025-04-22,2025-03-31,quarterly_report,False,rental_housing,official_title_evidence,https://www.sse.com.cn/disclosure/fund/announcement/c/new/2025-04-22/508031_20250422_LRPW.pdf,pending_extraction
SSE_508031_20250422_NNQU,508031,2025-04-22,,distribution_announcement,False,rental_housing,official_title_evidence,https://www.sse.com.cn/disclosure/fund/announcement/c/new/2025-04-22/508031_20250422_NNQU.pdf,machine_extracted_document
SSE_508031_20250719_Y7F9,508031,2025-07-19,2025-06-30,quarterly_report,False,rental_housing,official_title_evidence,https://www.sse.com.cn/disclosure/fund/announcement/c/new/2025-07-19/508031_20250719_Y7F9.pdf,pending_extraction
SSE_508031_20250829_I3CK,508031,2025-08-29,2025-06-30,semiannual_report,False,rental_housing,official_title_evidence,https://www.sse.com.cn/disclosure/fund/announcement/c/new/2025-08-29/508031_20250829_I3CK.pdf,pending_extraction
SSE_508031_20250918_SKDN,508031,2025-09-18,,distribution_announcement,False,rental_housing,official_title_evidence,https://www.sse.com.cn/disclosure/fund/announcement/c/new/2025-09-18/508031_20250918_SKDN.pdf,machine_extracted_document
SSE_508031_20251028_CBJN,508031,2025-10-28,2025-09-30,quarterly_report,False,rental_housing,official_title_evidence,https://www.sse.com.cn/disclosure/fund/announcement/c/new/2025-10-28/508031_20251028_CBJN.pdf,pending_extraction
SSE_508031_20260122_PB9S,508031,2026-01-22,2025-12-31,quarterly_report,False,rental_housing,official_title_evidence,https://www.sse.com.cn/disclosure/fund/announcement/c/new/2026-01-22/508031_20260122_PB9S.pdf,pending_extraction
SSE_508031_20260331_5YIM,508031,2026-03-31,2025-12-31,annual_report,False,rental_housing,official_title_evidence,https://www.sse.com.cn/disclosure/fund/announcement/c/new/2026-03-31/508031_20260331_5YIM.pdf,pending_extraction
SSE_508031_20260422_AAM4,508031,2026-04-22,2026-03-31,quarterly_report,False,rental_housing,official_title_evidence,https://www.sse.com.cn/disclosure/fund/announcement/c/new/2026-04-22/508031_20260422_AAM4.pdf,pending_extraction
SSE_508031_20260422_RSWK,508031,2026-04-22,,distribution_announcement,False,rental_housing,official_title_evidence,https://www.sse.com.cn/disclosure/fund/announcement/c/new/2026-04-22/508031_20260422_RSWK.pdf,machine_extracted_document
SSE_508031_20260721_2T7R,508031,2026-07-21,2026-06-30,quarterly_report,False,rental_housing,official_title_evidence,https://www.sse.com.cn/disclosure/fund/announcement/c/new/2026-07-21/508031_20260721_2T7R.pdf,pending_extraction
SSE_508033_20240425_8YR8,508033,2024-04-25,,distribution_announcement,False,toll_road,official_title_evidence,https://www.sse.com.cn/disclosure/fund/announcement/c/new/2024-04-25/508033_20240425_8YR8.pdf,machine_extracted_document
SSE_508033_20240718_R3KQ,508033,2024-07-18,2024-06-30,quarterly_report,False,toll_road,official_title_evidence,https://www.sse.com.cn/disclosure/fund/announcement/c/new/2024-07-18/508033_20240718_R3KQ.pdf,pending_extraction
SSE_508033_20240830_38SS,508033,2024-08-30,2024-06-30,semiannual_report,False,toll_road,official_title_evidence,https://www.sse.com.cn/disclosure/fund/announcement/c/new/2024-08-30/508033_20240830_38SS.pdf,pending_extraction
SSE_508033_20240912_0UNM,508033,2024-09-12,,distribution_announcement,False,toll_road,official_title_evidence,https://www.sse.com.cn/disclosure/fund/announcement/c/new/2024-09-12/508033_20240912_0UNM.pdf,machine_extracted_document
SSE_508033_20241025_7508,508033,2024-10-25,2024-09-30,quarterly_report,False,toll_road,official_title_evidence,https://www.sse.com.cn/disclosure/fund/announcement/c/new/2024-10-25/508033_20241025_7508.pdf,pending_extraction
SSE_508033_20241210_0TG1,508033,2024-12-10,,distribution_announcement,False,toll_road,official_title_evidence,https://www.sse.com.cn/disclosure/fund/announcement/c/new/2024-12-10/508033_20241210_0TG1.pdf,machine_extracted_document
SSE_508033_20250121_JNYV,508033,2025-01-21,2024-12-31,quarterly_report,False,toll_road,official_title_evidence,https://www.sse.com.cn/disclosure/fund/announcement/c/new/2025-01-21/508033_20250121_JNYV.pdf,pending_extraction
SSE_508033_20250331_VNN1,508033,2025-03-31,2024-12-31,annual_report,False,toll_road,official_title_evidence,https://www.sse.com.cn/disclosure/fund/announcement/c/new/2025-03-31/508033_20250331_VNN1.pdf,pending_extraction
SSE_508033_20250422_GVCK,508033,2025-04-22,,distribution_announcement,False,toll_road,official_title_evidence,https://www.sse.com.cn/disclosure/fund/announcement/c/new/2025-04-22/508033_20250422_GVCK.pdf,machine_extracted_document
SSE_508033_20250422_ODR0,508033,2025-04-22,2025-03-31,quarterly_report,False,toll_road,official_title_evidence,https://www.sse.com.cn/disclosure/fund/announcement/c/new/2025-04-22/508033_20250422_ODR0.pdf,pending_extraction
SSE_508033_20250721_104H,508033,2025-07-21,2025-06-30,quarterly_report,False,toll_road,official_title_evidence,https://www.sse.com.cn/disclosure/fund/announcement/c/new/2025-07-21/508033_20250721_104H.pdf,pending_extraction
SSE_508033_20250722_OEBK,508033,2025-07-22,,distribution_announcement,False,toll_road,official_title_evidence,https://www.sse.com.cn/disclosure/fund/announcement/c/new/2025-07-22/508033_20250722_OEBK.pdf,machine_extracted_document
SSE_508033_20250830_38BS,508033,2025-08-30,2025-06-30,semiannual_report,False,toll_road,official_title_evidence,https://www.sse.com.cn/disclosure/fund/announcement/c/new/2025-08-30/508033_20250830_38BS.pdf,pending_extraction
SSE_508033_20250919_BBV5,508033,2025-09-19,,distribution_announcement,False,toll_road,official_title_evidence,https://www.sse.com.cn/disclosure/fund/announcement/c/new/2025-09-19/508033_20250919_BBV5.pdf,machine_extracted_document
SSE_508033_20251028_6EQD,508033,2025-10-28,2025-09-30,quarterly_report,False,toll_road,official_title_evidence,https://www.sse.com.cn/disclosure/fund/announcement/c/new/2025-10-28/508033_20251028_6EQD.pdf,pending_extraction
SSE_508033_20251205_B8GH,508033,2025-12-05,,distribution_announcement,False,toll_road,official_title_evidence,https://www.sse.com.cn/disclosure/fund/announcement/c/new/2025-12-05/508033_20251205_B8GH.pdf,machine_extracted_document
SSE_508033_20260122_XKT4,508033,2026-01-22,2025-12-31,quarterly_report,False,toll_road,official_title_evidence,https://www.sse.com.cn/disclosure/fund/announcement/c/new/2026-01-22/508033_20260122_XKT4.pdf,pending_extraction
SSE_508033_20260331_GBCC,508033,2026-03-31,2025-12-31,annual_report,False,toll_road,official_title_evidence,https://www.sse.com.cn/disclosure/fund/announcement/c/new/2026-03-31/508033_20260331_GBCC.pdf,pending_extraction
SSE_508033_20260422_D25M,508033,2026-04-22,2026-03-31,quarterly_report,False,toll_road,official_title_evidence,https://www.sse.com.cn/disclosure/fund/announcement/c/new/2026-04-22/508033_20260422_D25M.pdf,pending_extraction
SSE_508033_20260428_PTCP,508033,2026-04-28,,distribution_announcement,False,toll_road,official_title_evidence,https://www.sse.com.cn/disclosure/fund/announcement/c/new/2026-04-28/508033_20260428_PTCP.pdf,machine_extracted_document
SSE_508033_20260721_M1OB,508033,2026-07-21,2026-06-30,quarterly_report,False,toll_road,official_title_evidence,https://www.sse.com.cn/disclosure/fund/announcement/c/new/2026-07-21/508033_20260721_M1OB.pdf,pending_extraction
SSE_508036_20250416_B93D,508036,2025-04-16,,distribution_announcement,False,toll_road,official_title_evidence,https://www.sse.com.cn/disclosure/fund/announcement/c/new/2025-04-16/508036_20250416_B93D.pdf,needs_ocr_or_visual_review
SSE_508036_20250422_1EY5,508036,2025-04-22,2025-03-31,quarterly_report,False,toll_road,official_title_evidence,https://www.sse.com.cn/disclosure/fund/announcement/c/new/2025-04-22/508036_20250422_1EY5.pdf,pending_extraction
SSE_508036_20250710_2H83,508036,2025-07-10,,distribution_announcement,False,toll_road,official_title_evidence,https://www.sse.com.cn/disclosure/fund/announcement/c/new/2025-07-10/508036_20250710_2H83.pdf,machine_extracted_document
SSE_508036_20250721_H45M,508036,2025-07-21,2025-06-30,quarterly_report,False,toll_road,official_title_evidence,https://www.sse.com.cn/disclosure/fund/announcement/c/new/2025-07-21/508036_20250721_H45M.pdf,pending_extraction
SSE_508036_20250829_ANCL,508036,2025-08-29,2025-06-30,semiannual_report,False,toll_road,official_title_evidence,https://www.sse.com.cn/disclosure/fund/announcement/c/new/2025-08-29/508036_20250829_ANCL.pdf,pending_extraction
SSE_508036_20250917_1012,508036,2025-09-17,,distribution_announcement,False,toll_road,official_title_evidence,https://www.sse.com.cn/disclosure/fund/announcement/c/new/2025-09-17/508036_20250917_1012.pdf,machine_extracted_document
SSE_508036_20251028_TJQX,508036,2025-10-28,2025-09-30,quarterly_report,False,toll_road,official_title_evidence,https://www.sse.com.cn/disclosure/fund/announcement/c/new/2025-10-28/508036_20251028_TJQX.pdf,pending_extraction
SSE_508036_20251211_YNC8,508036,2025-12-11,,distribution_announcement,False,toll_road,official_title_evidence,https://www.sse.com.cn/disclosure/fund/announcement/c/new/2025-12-11/508036_20251211_YNC8.pdf,machine_extracted_document
SSE_508036_20260122_OEID,508036,2026-01-22,2025-12-31,quarterly_report,False,toll_road,official_title_evidence,https://www.sse.com.cn/disclosure/fund/announcement/c/new/2026-01-22/508036_20260122_OEID.pdf,pending_extraction
SSE_508036_20260328_0XWW,508036,2026-03-28,2025-12-31,annual_report,False,toll_road,official_title_evidence,https://www.sse.com.cn/disclosure/fund/announcement/c/new/2026-03-28/508036_20260328_0XWW.pdf,pending_extraction
SSE_508036_20260416_S7L6,508036,2026-04-16,,distribution_announcement,False,toll_road,official_title_evidence,https://www.sse.com.cn/disclosure/fund/announcement/c/new/2026-04-16/508036_20260416_S7L6.pdf,machine_extracted_document
SSE_508036_20260422_XYNT,508036,2026-04-22,2026-03-31,quarterly_report,False,toll_road,official_title_evidence,https://www.sse.com.cn/disclosure/fund/announcement/c/new/2026-04-22/508036_20260422_XYNT.pdf,pending_extraction
SSE_508036_20260716_YZ3T,508036,2026-07-16,,distribution_announcement,False,toll_road,official_title_evidence,https://www.sse.com.cn/disclosure/fund/announcement/c/new/2026-07-16/508036_20260716_YZ3T.pdf,machine_extracted_document
SSE_508036_20260721_T4RP,508036,2026-07-21,2026-06-30,quarterly_report,False,toll_road,official_title_evidence,https://www.sse.com.cn/disclosure/fund/announcement/c/new/2026-07-21/508036_20260721_T4RP.pdf,pending_extraction
SSE_508036_20260828_64F8,508036,2026-08-28,2026-06-30,semiannual_report,False,toll_road,official_title_evidence,https://www.sse.com.cn/disclosure/fund/announcement/c/new/2026-08-28/508036_20260828_64F8.pdf,pending_extraction
SSE_508039_20251027_7GW0,508039,2025-10-27,2025-09-30,quarterly_report,False,industrial_park,official_title_evidence,https://www.sse.com.cn/disclosure/fund/announcement/c/new/2025-10-27/508039_20251027_7GW0.pdf,pending_extraction
SSE_508039_20260121_ZUR8,508039,2026-01-21,2025-12-31,quarterly_report,False,industrial_park,official_title_evidence,https://www.sse.com.cn/disclosure/fund/announcement/c/new/2026-01-21/508039_20260121_ZUR8.pdf,pending_extraction
SSE_508039_20260330_4QZI,508039,2026-03-30,2025-12-31,annual_report,False,industrial_park,official_title_evidence,https://www.sse.com.cn/disclosure/fund/announcement/c/new/2026-03-30/508039_20260330_4QZI.pdf,pending_extraction
SSE_508039_20260410_T9O3,508039,2026-04-10,,distribution_announcement,False,industrial_park,official_title_evidence,https://www.sse.com.cn/disclosure/fund/announcement/c/new/2026-04-10/508039_20260410_T9O3.pdf,machine_extracted_document
SSE_508039_20260420_NZ7G,508039,2026-04-20,2026-03-31,quarterly_report,False,industrial_park,official_title_evidence,https://www.sse.com.cn/disclosure/fund/announcement/c/new/2026-04-20/508039_20260420_NZ7G.pdf,pending_extraction
SSE_508039_20260720_EWU6,508039,2026-07-20,2026-06-30,quarterly_report,False,industrial_park,official_title_evidence,https://www.sse.com.cn/disclosure/fund/announcement/c/new/2026-07-20/508039_20260720_EWU6.pdf,pending_extraction
SSE_508039_20260723_KPN5,508039,2026-07-23,2026-06-30,quarterly_report,True,industrial_park,official_title_evidence,https://www.sse.com.cn/disclosure/fund/announcement/c/new/2026-07-23/508039_20260723_KPN5.pdf,pending_extraction
SSE_508039_20260730_J9S7,508039,2026-07-30,,distribution_announcement,False,industrial_park,official_title_evidence,https://www.sse.com.cn/disclosure/fund/announcement/c/new/2026-07-30/508039_20260730_J9S7.pdf,machine_extracted_document
SSE_508039_20260828_49GQ,508039,2026-08-28,2026-06-30,semiannual_report,False,industrial_park,official_title_evidence,https://www.sse.com.cn/disclosure/fund/announcement/c/new/2026-08-28/508039_20260828_49GQ.pdf,pending_extraction
SSE_508048_20250422_7JKK,508048,2025-04-22,2025-03-31,quarterly_report,False,logistics,official_title_evidence,https://www.sse.com.cn/disclosure/fund/announcement/c/new/2025-04-22/508048_20250422_7JKK.pdf,pending_extraction
SSE_508048_20250721_CFE7,508048,2025-07-21,2025-06-30,quarterly_report,False,logistics,official_title_evidence,https://www.sse.com.cn/disclosure/fund/announcement/c/new/2025-07-21/508048_20250721_CFE7.pdf,pending_extraction
SSE_508048_20250830_7GS4,508048,2025-08-30,2025-06-30,semiannual_report,False,logistics,official_title_evidence,https://www.sse.com.cn/disclosure/fund/announcement/c/new/2025-08-30/508048_20250830_7GS4.pdf,pending_extraction
SSE_508048_20250905_Z3DM,508048,2025-09-05,,distribution_announcement,False,logistics,official_title_evidence,https://www.sse.com.cn/disclosure/fund/announcement/c/new/2025-09-05/508048_20250905_Z3DM.pdf,machine_extracted_document
SSE_508048_20251028_K2RT,508048,2025-10-28,2025-09-30,quarterly_report,False,logistics,official_title_evidence,https://www.sse.com.cn/disclosure/fund/announcement/c/new/2025-10-28/508048_20251028_K2RT.pdf,pending_extraction
SSE_508048_20260122_QF3K,508048,2026-01-22,2025-12-31,quarterly_report,False,logistics,official_title_evidence,https://www.sse.com.cn/disclosure/fund/announcement/c/new/2026-01-22/508048_20260122_QF3K.pdf,pending_extraction
SSE_508048_20260331_KXAP,508048,2026-03-31,2025-12-31,annual_report,False,logistics,official_title_evidence,https://www.sse.com.cn/disclosure/fund/announcement/c/new/2026-03-31/508048_20260331_KXAP.pdf,pending_extraction
SSE_508048_20260422_DMY2,508048,2026-04-22,2026-03-31,quarterly_report,False,logistics,official_title_evidence,https://www.sse.com.cn/disclosure/fund/announcement/c/new/2026-04-22/508048_20260422_DMY2.pdf,pending_extraction
SSE_508048_20260424_LFX4,508048,2026-04-24,,distribution_announcement,False,logistics,official_title_evidence,https://www.sse.com.cn/disclosure/fund/announcement/c/new/2026-04-24/508048_20260424_LFX4.pdf,machine_extracted_document
SSE_508048_20260721_1SPC,508048,2026-07-21,2026-06-30,quarterly_report,False,logistics,official_title_evidence,https://www.sse.com.cn/disclosure/fund/announcement/c/new/2026-07-21/508048_20260721_1SPC.pdf,pending_extraction
SSE_508050_20260422_8BHF,508050,2026-04-22,2026-03-31,quarterly_report,False,renewable,official_title_evidence,https://www.sse.com.cn/disclosure/fund/announcement/c/new/2026-04-22/508050_20260422_8BHF.pdf,pending_extraction
SSE_508050_20260721_D13H,508050,2026-07-21,2026-06-30,quarterly_report,False,renewable,official_title_evidence,https://www.sse.com.cn/disclosure/fund/announcement/c/new/2026-07-21/508050_20260721_D13H.pdf,pending_extraction
SSE_508055_20250721_HNUR,508055,2025-07-21,2025-06-30,quarterly_report,False,rental_housing,official_title_evidence,https://www.sse.com.cn/disclosure/fund/announcement/c/new/2025-07-21/508055_20250721_HNUR.pdf,pending_extraction
SSE_508055_20250829_Y4FU,508055,2025-08-29,2025-06-30,semiannual_report,False,rental_housing,official_title_evidence,https://www.sse.com.cn/disclosure/fund/announcement/c/new/2025-08-29/508055_20250829_Y4FU.pdf,pending_extraction
SSE_508055_20251028_L3F5,508055,2025-10-28,2025-09-30,quarterly_report,False,rental_housing,official_title_evidence,https://www.sse.com.cn/disclosure/fund/announcement/c/new/2025-10-28/508055_20251028_L3F5.pdf,pending_extraction
SSE_508055_20251217_RHZ0,508055,2025-12-17,,distribution_announcement,False,rental_housing,official_title_evidence,https://www.sse.com.cn/disclosure/fund/announcement/c/new/2025-12-17/508055_20251217_RHZ0.pdf,machine_extracted_document
SSE_508055_20260122_JE7P,508055,2026-01-22,2025-12-31,quarterly_report,False,rental_housing,official_title_evidence,https://www.sse.com.cn/disclosure/fund/announcement/c/new/2026-01-22/508055_20260122_JE7P.pdf,pending_extraction
SSE_508055_20260331_Z7RT,508055,2026-03-31,2025-12-31,annual_report,False,rental_housing,official_title_evidence,https://www.sse.com.cn/disclosure/fund/announcement/c/new/2026-03-31/508055_20260331_Z7RT.pdf,pending_extraction
SSE_508055_20260422_XTZL,508055,2026-04-22,2026-03-31,quarterly_report,False,rental_housing,official_title_evidence,https://www.sse.com.cn/disclosure/fund/announcement/c/new/2026-04-22/508055_20260422_XTZL.pdf,pending_extraction
SSE_508055_20260527_3FXA,508055,2026-05-27,,distribution_announcement,False,rental_housing,official_title_evidence,https://www.sse.com.cn/disclosure/fund/announcement/c/new/2026-05-27/508055_20260527_3FXA.pdf,machine_extracted_document
SSE_508055_20260717_NDL7,508055,2026-07-17,2026-06-30,quarterly_report,False,rental_housing,official_title_evidence,https://www.sse.com.cn/disclosure/fund/announcement/c/new/2026-07-17/508055_20260717_NDL7.pdf,pending_extraction
SSE_508055_20260804_A0L8,508055,2026-08-04,,distribution_announcement,False,rental_housing,official_title_evidence,https://www.sse.com.cn/disclosure/fund/announcement/c/new/2026-08-04/508055_20260804_A0L8.pdf,machine_extracted_document
SSE_508056_20211027_1_FOemqj8I,508056,2021-10-27,2021-09-30,quarterly_report,False,logistics,human_verified,https://www.sse.com.cn/disclosure/fund/announcement/c/new/2021-10-27/508056_20211027_1_FOemqj8I.pdf,pending_extraction
SSE_508056_20211112_1_onnVVo6j,508056,2021-11-12,,distribution_announcement,False,logistics,human_verified,https://www.sse.com.cn/disclosure/fund/announcement/c/new/2021-11-12/508056_20211112_1_onnVVo6j.pdf,machine_extracted_document
SSE_508056_20220124_1_HHbMrZMa,508056,2022-01-24,2021-12-31,quarterly_report,False,logistics,human_verified,https://www.sse.com.cn/disclosure/fund/announcement/c/new/2022-01-24/508056_20220124_1_HHbMrZMa.pdf,pending_extraction
SSE_508056_20220331_1_Vg3OTwYO,508056,2022-03-31,2021-12-31,annual_report,False,logistics,human_verified,https://www.sse.com.cn/disclosure/fund/announcement/c/new/2022-03-31/508056_20220331_1_Vg3OTwYO.pdf,pending_extraction
SSE_508056_20220331_4_CJNwHfu0,508056,2022-03-31,,distribution_announcement,False,logistics,human_verified,https://www.sse.com.cn/disclosure/fund/announcement/c/new/2022-03-31/508056_20220331_4_CJNwHfu0.pdf,machine_extracted_document
SSE_508056_20220422_1_29QMCRK7,508056,2022-04-22,2022-03-31,quarterly_report,False,logistics,human_verified,https://www.sse.com.cn/disclosure/fund/announcement/c/new/2022-04-22/508056_20220422_1_29QMCRK7.pdf,pending_extraction
SSE_508056_20220721_2_JHtCTVJ6,508056,2022-07-21,2022-06-30,quarterly_report,False,logistics,human_verified,https://www.sse.com.cn/disclosure/fund/announcement/c/new/2022-07-21/508056_20220721_2_JHtCTVJ6.pdf,pending_extraction
SSE_508056_20220831_1_oDKBAnMw,508056,2022-08-31,2022-06-30,semiannual_report,False,logistics,human_verified,https://www.sse.com.cn/disclosure/fund/announcement/c/new/2022-08-31/508056_20220831_1_oDKBAnMw.pdf,pending_extraction
SSE_508056_20220901_1_DeWP0Zr8,508056,2022-09-01,,distribution_announcement,False,logistics,human_verified,https://www.sse.com.cn/disclosure/fund/announcement/c/new/2022-09-01/508056_20220901_1_DeWP0Zr8.pdf,machine_extracted_document
SSE_508056_20221026_1_9gr5e2dU,508056,2022-10-26,2022-09-30,quarterly_report,False,logistics,human_verified,https://www.sse.com.cn/disclosure/fund/announcement/c/new/2022-10-26/508056_20221026_1_9gr5e2dU.pdf,pending_extraction
SSE_508056_20230120_GCCY,508056,2023-01-20,2022-12-31,quarterly_report,False,logistics,human_verified,https://www.sse.com.cn/disclosure/fund/announcement/c/new/2023-01-20/508056_20230120_GCCY.pdf,pending_extraction
SSE_508056_20230331_L49D,508056,2023-03-31,2022-12-31,annual_report,False,logistics,human_verified,https://www.sse.com.cn/disclosure/fund/announcement/c/new/2023-03-31/508056_20230331_L49D.pdf,observation_source_registered
SSE_508056_20230331_RFK6,508056,2023-03-31,,distribution_announcement,False,logistics,human_verified,https://www.sse.com.cn/disclosure/fund/announcement/c/new/2023-03-31/508056_20230331_RFK6.pdf,observation_source_registered
SSE_508056_20230421_Y6LQ,508056,2023-04-21,2023-03-31,quarterly_report,False,logistics,human_verified,https://www.sse.com.cn/disclosure/fund/announcement/c/new/2023-04-21/508056_20230421_Y6LQ.pdf,observation_source_registered
SSE_508056_20230721_9HWW,508056,2023-07-21,2023-06-30,quarterly_report,False,logistics,human_verified,https://www.sse.com.cn/disclosure/fund/announcement/c/new/2023-07-21/508056_20230721_9HWW.pdf,observation_source_registered
SSE_508056_20230831_JRL5,508056,2023-08-31,,distribution_announcement,False,logistics,human_verified,https://www.sse.com.cn/disclosure/fund/announcement/c/new/2023-08-31/508056_20230831_JRL5.pdf,observation_source_registered
SSE_508056_20230831_VDKI,508056,2023-08-31,2023-06-30,semiannual_report,False,logistics,human_verified,https://www.sse.com.cn/disclosure/fund/announcement/c/new/2023-08-31/508056_20230831_VDKI.pdf,pending_extraction
SSE_508056_20231025_2K5G,508056,2023-10-25,2023-09-30,quarterly_report,False,logistics,human_verified,https://www.sse.com.cn/disclosure/fund/announcement/c/new/2023-10-25/508056_20231025_2K5G.pdf,observation_source_registered
SSE_508056_20231216_CYQ6,508056,2023-12-16,,distribution_announcement,False,logistics,human_verified,https://www.sse.com.cn/disclosure/fund/announcement/c/new/2023-12-16/508056_20231216_CYQ6.pdf,observation_source_registered
SSE_508056_20240119_QBOC,508056,2024-01-19,2023-12-31,quarterly_report,False,logistics,human_verified,https://www.sse.com.cn/disclosure/fund/announcement/c/new/2024-01-19/508056_20240119_QBOC.pdf,observation_source_registered
SSE_508056_20240329_O7ZA,508056,2024-03-29,,distribution_announcement,False,logistics,human_verified,https://www.sse.com.cn/disclosure/fund/announcement/c/new/2024-03-29/508056_20240329_O7ZA.pdf,observation_source_registered
SSE_508056_20240329_OLPR,508056,2024-03-29,2023-12-31,annual_report,False,logistics,human_verified,https://www.sse.com.cn/disclosure/fund/announcement/c/new/2024-03-29/508056_20240329_OLPR.pdf,observation_source_registered
SSE_508056_20240420_HAND,508056,2024-04-20,2024-03-31,quarterly_report,False,logistics,human_verified,https://www.sse.com.cn/disclosure/fund/announcement/c/new/2024-04-20/508056_20240420_HAND.pdf,observation_source_registered
SSE_508056_20240719_ZXZK,508056,2024-07-19,2024-06-30,quarterly_report,False,logistics,human_verified,https://www.sse.com.cn/disclosure/fund/announcement/c/new/2024-07-19/508056_20240719_ZXZK.pdf,observation_source_registered
SSE_508056_20240730_U2YM,508056,2024-07-30,,distribution_announcement,False,logistics,human_verified,https://www.sse.com.cn/disclosure/fund/announcement/c/new/2024-07-30/508056_20240730_U2YM.pdf,observation_source_registered
SSE_508056_20240831_POMM,508056,2024-08-31,2024-06-30,semiannual_report,False,logistics,human_verified,https://www.sse.com.cn/disclosure/fund/announcement/c/new/2024-08-31/508056_20240831_POMM.pdf,pending_extraction
SSE_508056_20241025_0X9Z,508056,2024-10-25,,distribution_announcement,False,logistics,human_verified,https://www.sse.com.cn/disclosure/fund/announcement/c/new/2024-10-25/508056_20241025_0X9Z.pdf,observation_source_registered
SSE_508056_20241025_Y07L,508056,2024-10-25,2024-09-30,quarterly_report,False,logistics,human_verified,https://www.sse.com.cn/disclosure/fund/announcement/c/new/2024-10-25/508056_20241025_Y07L.pdf,observation_source_registered
SSE_508056_20241227_W6VY,508056,2024-12-27,,distribution_announcement,False,logistics,human_verified,https://www.sse.com.cn/disclosure/fund/announcement/c/new/2024-12-27/508056_20241227_W6VY.pdf,observation_source_registered
SSE_508056_20250122_9XL0,508056,2025-01-22,2024-12-31,quarterly_report,False,logistics,human_verified,https://www.sse.com.cn/disclosure/fund/announcement/c/new/2025-01-22/508056_20250122_9XL0.pdf,observation_source_registered
SSE_508056_20250328_6KQ4,508056,2025-03-28,2024-12-31,annual_report,False,logistics,human_verified,https://www.sse.com.cn/disclosure/fund/announcement/c/new/2025-03-28/508056_20250328_6KQ4.pdf,observation_source_registered
SSE_508056_20250328_VHCG,508056,2025-03-28,,distribution_announcement,False,logistics,human_verified,https://www.sse.com.cn/disclosure/fund/announcement/c/new/2025-03-28/508056_20250328_VHCG.pdf,observation_source_registered
SSE_508056_20250422_C26F,508056,2025-04-22,2025-03-31,quarterly_report,False,logistics,human_verified,https://www.sse.com.cn/disclosure/fund/announcement/c/new/2025-04-22/508056_20250422_C26F.pdf,observation_source_registered
SSE_508056_20250718_L4HD,508056,2025-07-18,,distribution_announcement,False,logistics,human_verified,https://www.sse.com.cn/disclosure/fund/announcement/c/new/2025-07-18/508056_20250718_L4HD.pdf,observation_source_registered
SSE_508056_20250721_ICAX,508056,2025-07-21,2025-06-30,quarterly_report,False,logistics,human_verified,https://www.sse.com.cn/disclosure/fund/announcement/c/new/2025-07-21/508056_20250721_ICAX.pdf,observation_source_registered
SSE_508056_20250829_BI1C,508056,2025-08-29,2025-06-30,semiannual_report,False,logistics,human_verified,https://www.sse.com.cn/disclosure/fund/announcement/c/new/2025-08-29/508056_20250829_BI1C.pdf,pending_extraction
SSE_508056_20251028_S8A9,508056,2025-10-28,,distribution_announcement,False,logistics,human_verified,https://www.sse.com.cn/disclosure/fund/announcement/c/new/2025-10-28/508056_20251028_S8A9.pdf,observation_source_registered
SSE_508056_20251028_WX10,508056,2025-10-28,2025-09-30,quarterly_report,False,logistics,human_verified,https://www.sse.com.cn/disclosure/fund/announcement/c/new/2025-10-28/508056_20251028_WX10.pdf,observation_source_registered
SSE_508056_20251225_7W42,508056,2025-12-25,,distribution_announcement,False,logistics,human_verified,https://www.sse.com.cn/disclosure/fund/announcement/c/new/2025-12-25/508056_20251225_7W42.pdf,observation_source_registered
SSE_508056_20260122_3U4R,508056,2026-01-22,2025-12-31,quarterly_report,False,logistics,human_verified,https://www.sse.com.cn/disclosure/fund/announcement/c/new/2026-01-22/508056_20260122_3U4R.pdf,observation_source_registered
SSE_508056_20260331_3FF2,508056,2026-03-31,2025-12-31,annual_report,False,logistics,human_verified,https://www.sse.com.cn/disclosure/fund/announcement/c/new/2026-03-31/508056_20260331_3FF2.pdf,observation_source_registered
SSE_508056_20260401_FZUJ,508056,2026-04-01,,distribution_announcement,False,logistics,human_verified,https://www.sse.com.cn/disclosure/fund/announcement/c/new/2026-04-01/508056_20260401_FZUJ.pdf,observation_source_registered
SSE_508056_20260422_YTZD,508056,2026-04-22,2026-03-31,quarterly_report,False,logistics,human_verified,https://www.sse.com.cn/disclosure/fund/announcement/c/new/2026-04-22/508056_20260422_YTZD.pdf,observation_source_registered
SSE_508056_20260630_ODX8,508056,2026-06-30,,distribution_announcement,False,logistics,human_verified,https://www.sse.com.cn/disclosure/fund/announcement/c/new/2026-06-30/508056_20260630_ODX8.pdf,observation_source_registered
SSE_508056_20260721_IU7O,508056,2026-07-21,2026-06-30,quarterly_report,False,logistics,human_verified,https://www.sse.com.cn/disclosure/fund/announcement/c/new/2026-07-21/508056_20260721_IU7O.pdf,observation_source_registered
SSE_508056_20260828_MT9F,508056,2026-08-28,2026-06-30,semiannual_report,False,logistics,human_verified,https://www.sse.com.cn/disclosure/fund/announcement/c/new/2026-08-28/508056_20260828_MT9F.pdf,pending_extraction
SSE_508058_20230120_0DS5,508058,2023-01-20,2022-12-31,quarterly_report,False,rental_housing,official_title_evidence,https://www.sse.com.cn/disclosure/fund/announcement/c/new/2023-01-20/508058_20230120_0DS5.pdf,pending_extraction
SSE_508058_20230331_K74W,508058,2023-03-31,,distribution_announcement,False,rental_housing,official_title_evidence,https://www.sse.com.cn/disclosure/fund/announcement/c/new/2023-03-31/508058_20230331_K74W.pdf,machine_extracted_document
SSE_508058_20230331_KB57,508058,2023-03-31,2022-12-31,annual_report,False,rental_housing,official_title_evidence,https://www.sse.com.cn/disclosure/fund/announcement/c/new/2023-03-31/508058_20230331_KB57.pdf,pending_extraction
SSE_508058_20230421_GMQ8,508058,2023-04-21,2023-03-31,quarterly_report,False,rental_housing,official_title_evidence,https://www.sse.com.cn/disclosure/fund/announcement/c/new/2023-04-21/508058_20230421_GMQ8.pdf,pending_extraction
SSE_508058_20230721_6HYK,508058,2023-07-21,2023-06-30,quarterly_report,False,rental_housing,official_title_evidence,https://www.sse.com.cn/disclosure/fund/announcement/c/new/2023-07-21/508058_20230721_6HYK.pdf,pending_extraction
SSE_508058_20230831_G3QS,508058,2023-08-31,,distribution_announcement,False,rental_housing,official_title_evidence,https://www.sse.com.cn/disclosure/fund/announcement/c/new/2023-08-31/508058_20230831_G3QS.pdf,machine_extracted_document
SSE_508058_20230831_SX00,508058,2023-08-31,2023-06-30,semiannual_report,False,rental_housing,official_title_evidence,https://www.sse.com.cn/disclosure/fund/announcement/c/new/2023-08-31/508058_20230831_SX00.pdf,pending_extraction
SSE_508058_20231025_KLIQ,508058,2023-10-25,2023-09-30,quarterly_report,False,rental_housing,official_title_evidence,https://www.sse.com.cn/disclosure/fund/announcement/c/new/2023-10-25/508058_20231025_KLIQ.pdf,pending_extraction
SSE_508058_20240119_EEMV,508058,2024-01-19,2023-12-31,quarterly_report,False,rental_housing,official_title_evidence,https://www.sse.com.cn/disclosure/fund/announcement/c/new/2024-01-19/508058_20240119_EEMV.pdf,pending_extraction
SSE_508058_20240329_U61C,508058,2024-03-29,,distribution_announcement,False,rental_housing,official_title_evidence,https://www.sse.com.cn/disclosure/fund/announcement/c/new/2024-03-29/508058_20240329_U61C.pdf,machine_extracted_document
SSE_508058_20240329_YMDN,508058,2024-03-29,2023-12-31,annual_report,False,rental_housing,official_title_evidence,https://www.sse.com.cn/disclosure/fund/announcement/c/new/2024-03-29/508058_20240329_YMDN.pdf,pending_extraction
SSE_508058_20240420_M3UY,508058,2024-04-20,2024-03-31,quarterly_report,False,rental_housing,official_title_evidence,https://www.sse.com.cn/disclosure/fund/announcement/c/new/2024-04-20/508058_20240420_M3UY.pdf,pending_extraction
SSE_508058_20240719_MWK2,508058,2024-07-19,2024-06-30,quarterly_report,False,rental_housing,official_title_evidence,https://www.sse.com.cn/disclosure/fund/announcement/c/new/2024-07-19/508058_20240719_MWK2.pdf,pending_extraction
SSE_508058_20240830_QIMV,508058,2024-08-30,,distribution_announcement,False,rental_housing,official_title_evidence,https://www.sse.com.cn/disclosure/fund/announcement/c/new/2024-08-30/508058_20240830_QIMV.pdf,machine_extracted_document
SSE_508058_20240831_S1M0,508058,2024-08-31,2024-06-30,semiannual_report,False,rental_housing,official_title_evidence,https://www.sse.com.cn/disclosure/fund/announcement/c/new/2024-08-31/508058_20240831_S1M0.pdf,pending_extraction
SSE_508058_20241025_EENO,508058,2024-10-25,2024-09-30,quarterly_report,False,rental_housing,official_title_evidence,https://www.sse.com.cn/disclosure/fund/announcement/c/new/2024-10-25/508058_20241025_EENO.pdf,pending_extraction
SSE_508058_20250122_PMIV,508058,2025-01-22,2024-12-31,quarterly_report,False,rental_housing,official_title_evidence,https://www.sse.com.cn/disclosure/fund/announcement/c/new/2025-01-22/508058_20250122_PMIV.pdf,pending_extraction
SSE_508058_20250328_FQCM,508058,2025-03-28,2024-12-31,annual_report,False,rental_housing,official_title_evidence,https://www.sse.com.cn/disclosure/fund/announcement/c/new/2025-03-28/508058_20250328_FQCM.pdf,pending_extraction
SSE_508058_20250328_Z0YI,508058,2025-03-28,,distribution_announcement,False,rental_housing,official_title_evidence,https://www.sse.com.cn/disclosure/fund/announcement/c/new/2025-03-28/508058_20250328_Z0YI.pdf,machine_extracted_document
SSE_508058_20250422_ODI3,508058,2025-04-22,2025-03-31,quarterly_report,False,rental_housing,official_title_evidence,https://www.sse.com.cn/disclosure/fund/announcement/c/new/2025-04-22/508058_20250422_ODI3.pdf,pending_extraction
SSE_508058_20250721_B4TR,508058,2025-07-21,2025-06-30,quarterly_report,False,rental_housing,official_title_evidence,https://www.sse.com.cn/disclosure/fund/announcement/c/new/2025-07-21/508058_20250721_B4TR.pdf,pending_extraction
SSE_508058_20250829_ML4M,508058,2025-08-29,,distribution_announcement,False,rental_housing,official_title_evidence,https://www.sse.com.cn/disclosure/fund/announcement/c/new/2025-08-29/508058_20250829_ML4M.pdf,machine_extracted_document
SSE_508058_20250829_NI8U,508058,2025-08-29,2025-06-30,semiannual_report,False,rental_housing,official_title_evidence,https://www.sse.com.cn/disclosure/fund/announcement/c/new/2025-08-29/508058_20250829_NI8U.pdf,pending_extraction
SSE_508058_20251028_WVU6,508058,2025-10-28,2025-09-30,quarterly_report,False,rental_housing,official_title_evidence,https://www.sse.com.cn/disclosure/fund/announcement/c/new/2025-10-28/508058_20251028_WVU6.pdf,pending_extraction
SSE_508058_20260122_CZQK,508058,2026-01-22,2025-12-31,quarterly_report,False,rental_housing,official_title_evidence,https://www.sse.com.cn/disclosure/fund/announcement/c/new/2026-01-22/508058_20260122_CZQK.pdf,pending_extraction
SSE_508058_20260331_0JID,508058,2026-03-31,2025-12-31,annual_report,False,rental_housing,official_title_evidence,https://www.sse.com.cn/disclosure/fund/announcement/c/new/2026-03-31/508058_20260331_0JID.pdf,pending_extraction
SSE_508058_20260402_1TNO,508058,2026-04-02,,distribution_announcement,False,rental_housing,official_title_evidence,https://www.sse.com.cn/disclosure/fund/announcement/c/new/2026-04-02/508058_20260402_1TNO.pdf,machine_extracted_document
SSE_508058_20260422_WGO1,508058,2026-04-22,2026-03-31,quarterly_report,False,rental_housing,official_title_evidence,https://www.sse.com.cn/disclosure/fund/announcement/c/new/2026-04-22/508058_20260422_WGO1.pdf,pending_extraction
SSE_508058_20260721_OF4V,508058,2026-07-21,2026-06-30,quarterly_report,False,rental_housing,official_title_evidence,https://www.sse.com.cn/disclosure/fund/announcement/c/new/2026-07-21/508058_20260721_OF4V.pdf,pending_extraction
SSE_508058_20260828_B0UA,508058,2026-08-28,,distribution_announcement,False,rental_housing,official_title_evidence,https://www.sse.com.cn/disclosure/fund/announcement/c/new/2026-08-28/508058_20260828_B0UA.pdf,machine_extracted_document
SSE_508058_20260828_PKB5,508058,2026-08-28,2026-06-30,semiannual_report,False,rental_housing,official_title_evidence,https://www.sse.com.cn/disclosure/fund/announcement/c/new/2026-08-28/508058_20260828_PKB5.pdf,pending_extraction
SSE_508060_20251028_FTMQ,508060,2025-10-28,2025-09-30,quarterly_report,False,data_center,official_title_evidence,https://www.sse.com.cn/disclosure/fund/announcement/c/new/2025-10-28/508060_20251028_FTMQ.pdf,pending_extraction
SSE_508060_20260122_V3KR,508060,2026-01-22,2025-12-31,quarterly_report,False,data_center,official_title_evidence,https://www.sse.com.cn/disclosure/fund/announcement/c/new/2026-01-22/508060_20260122_V3KR.pdf,pending_extraction
SSE_508060_20260331_2IEL,508060,2026-03-31,2025-12-31,annual_report,False,data_center,official_title_evidence,https://www.sse.com.cn/disclosure/fund/announcement/c/new/2026-03-31/508060_20260331_2IEL.pdf,pending_extraction
SSE_508060_20260422_PP9U,508060,2026-04-22,2026-03-31,quarterly_report,False,data_center,official_title_evidence,https://www.sse.com.cn/disclosure/fund/announcement/c/new/2026-04-22/508060_20260422_PP9U.pdf,pending_extraction
SSE_508060_20260514_3ST4,508060,2026-05-14,,distribution_announcement,False,data_center,official_title_evidence,https://www.sse.com.cn/disclosure/fund/announcement/c/new/2026-05-14/508060_20260514_3ST4.pdf,machine_extracted_document
SSE_508060_20260721_THW6,508060,2026-07-21,2026-06-30,quarterly_report,False,data_center,official_title_evidence,https://www.sse.com.cn/disclosure/fund/announcement/c/new/2026-07-21/508060_20260721_THW6.pdf,pending_extraction
SSE_508060_20260807_WTSA,508060,2026-08-07,,distribution_announcement,False,data_center,official_title_evidence,https://www.sse.com.cn/disclosure/fund/announcement/c/new/2026-08-07/508060_20260807_WTSA.pdf,machine_extracted_document
SSE_508066_20230422_Y9TT,508066,2023-04-22,2023-03-31,quarterly_report,False,toll_road,official_title_evidence,https://www.sse.com.cn/disclosure/fund/announcement/c/new/2023-04-22/508066_20230422_Y9TT.pdf,pending_extraction
SSE_508066_20230424_SSQD,508066,2023-04-24,,distribution_announcement,False,toll_road,official_title_evidence,https://www.sse.com.cn/disclosure/fund/announcement/c/new/2023-04-24/508066_20230424_SSQD.pdf,needs_ocr_or_visual_review
SSE_508066_20230720_ZLGX,508066,2023-07-20,2023-06-30,quarterly_report,False,toll_road,official_title_evidence,https://www.sse.com.cn/disclosure/fund/announcement/c/new/2023-07-20/508066_20230720_ZLGX.pdf,pending_extraction
SSE_508066_20230830_7DPF,508066,2023-08-30,2023-06-30,semiannual_report,False,toll_road,official_title_evidence,https://www.sse.com.cn/disclosure/fund/announcement/c/new/2023-08-30/508066_20230830_7DPF.pdf,pending_extraction
SSE_508066_20231024_KWWQ,508066,2023-10-24,,distribution_announcement,False,toll_road,official_title_evidence,https://www.sse.com.cn/disclosure/fund/announcement/c/new/2023-10-24/508066_20231024_KWWQ.pdf,machine_extracted_document
SSE_508066_20231025_KR42,508066,2023-10-25,2023-09-30,quarterly_report,False,toll_road,official_title_evidence,https://www.sse.com.cn/disclosure/fund/announcement/c/new/2023-10-25/508066_20231025_KR42.pdf,pending_extraction
SSE_508066_20240119_J8NH,508066,2024-01-19,2023-12-31,quarterly_report,False,toll_road,official_title_evidence,https://www.sse.com.cn/disclosure/fund/announcement/c/new/2024-01-19/508066_20240119_J8NH.pdf,pending_extraction
SSE_508066_20240328_EBEM,508066,2024-03-28,2023-12-31,annual_report,False,toll_road,official_title_evidence,https://www.sse.com.cn/disclosure/fund/announcement/c/new/2024-03-28/508066_20240328_EBEM.pdf,pending_extraction
SSE_508066_20240419_0QRN,508066,2024-04-19,2024-03-31,quarterly_report,False,toll_road,official_title_evidence,https://www.sse.com.cn/disclosure/fund/announcement/c/new/2024-04-19/508066_20240419_0QRN.pdf,pending_extraction
SSE_508066_20240516_B1A2,508066,2024-05-16,,distribution_announcement,False,toll_road,official_title_evidence,https://www.sse.com.cn/disclosure/fund/announcement/c/new/2024-05-16/508066_20240516_B1A2.pdf,needs_ocr_or_visual_review
SSE_508066_20240718_8UA3,508066,2024-07-18,2024-06-30,quarterly_report,False,toll_road,official_title_evidence,https://www.sse.com.cn/disclosure/fund/announcement/c/new/2024-07-18/508066_20240718_8UA3.pdf,pending_extraction
SSE_508066_20240822_3QSZ,508066,2024-08-22,,distribution_announcement,False,toll_road,official_title_evidence,https://www.sse.com.cn/disclosure/fund/announcement/c/new/2024-08-22/508066_20240822_3QSZ.pdf,machine_extracted_document
SSE_508066_20240829_BD4Z,508066,2024-08-29,2024-06-30,semiannual_report,False,toll_road,official_title_evidence,https://www.sse.com.cn/disclosure/fund/announcement/c/new/2024-08-29/508066_20240829_BD4Z.pdf,pending_extraction
SSE_508066_20241024_YN9P,508066,2024-10-24,2024-09-30,quarterly_report,False,toll_road,official_title_evidence,https://www.sse.com.cn/disclosure/fund/announcement/c/new/2024-10-24/508066_20241024_YN9P.pdf,pending_extraction
SSE_508066_20241122_QL7U,508066,2024-11-22,,distribution_announcement,False,toll_road,official_title_evidence,https://www.sse.com.cn/disclosure/fund/announcement/c/new/2024-11-22/508066_20241122_QL7U.pdf,needs_ocr_or_visual_review
SSE_508066_20250121_Z9BX,508066,2025-01-21,2024-12-31,quarterly_report,False,toll_road,official_title_evidence,https://www.sse.com.cn/disclosure/fund/announcement/c/new/2025-01-21/508066_20250121_Z9BX.pdf,pending_extraction
SSE_508066_20250331_7WRB,508066,2025-03-31,2024-12-31,annual_report,False,toll_road,official_title_evidence,https://www.sse.com.cn/disclosure/fund/announcement/c/new/2025-03-31/508066_20250331_7WRB.pdf,pending_extraction
SSE_508066_20250422_8PV1,508066,2025-04-22,2025-03-31,quarterly_report,False,toll_road,official_title_evidence,https://www.sse.com.cn/disclosure/fund/announcement/c/new/2025-04-22/508066_20250422_8PV1.pdf,pending_extraction
SSE_508066_20250425_OW3E,508066,2025-04-25,,distribution_announcement,False,toll_road,official_title_evidence,https://www.sse.com.cn/disclosure/fund/announcement/c/new/2025-04-25/508066_20250425_OW3E.pdf,machine_extracted_document
SSE_508066_20250721_0WD0,508066,2025-07-21,2025-06-30,quarterly_report,False,toll_road,official_title_evidence,https://www.sse.com.cn/disclosure/fund/announcement/c/new/2025-07-21/508066_20250721_0WD0.pdf,pending_extraction
SSE_508066_20250827_ETQG,508066,2025-08-27,,distribution_announcement,False,toll_road,official_title_evidence,https://www.sse.com.cn/disclosure/fund/announcement/c/new/2025-08-27/508066_20250827_ETQG.pdf,machine_extracted_document
SSE_508066_20250829_J5R6,508066,2025-08-29,2025-06-30,semiannual_report,False,toll_road,official_title_evidence,https://www.sse.com.cn/disclosure/fund/announcement/c/new/2025-08-29/508066_20250829_J5R6.pdf,pending_extraction
SSE_508066_20251028_R937,508066,2025-10-28,2025-09-30,quarterly_report,False,toll_road,official_title_evidence,https://www.sse.com.cn/disclosure/fund/announcement/c/new/2025-10-28/508066_20251028_R937.pdf,pending_extraction
SSE_508066_20251217_C59Y,508066,2025-12-17,,distribution_announcement,False,toll_road,official_title_evidence,https://www.sse.com.cn/disclosure/fund/announcement/c/new/2025-12-17/508066_20251217_C59Y.pdf,machine_extracted_document
SSE_508066_20260122_W3ET,508066,2026-01-22,2025-12-31,quarterly_report,False,toll_road,official_title_evidence,https://www.sse.com.cn/disclosure/fund/announcement/c/new/2026-01-22/508066_20260122_W3ET.pdf,pending_extraction
SSE_508066_20260331_7D77,508066,2026-03-31,2025-12-31,annual_report,False,toll_road,official_title_evidence,https://www.sse.com.cn/disclosure/fund/announcement/c/new/2026-03-31/508066_20260331_7D77.pdf,pending_extraction
SSE_508066_20260421_VTWZ,508066,2026-04-21,,distribution_announcement,False,toll_road,official_title_evidence,https://www.sse.com.cn/disclosure/fund/announcement/c/new/2026-04-21/508066_20260421_VTWZ.pdf,machine_extracted_document
SSE_508066_20260422_5ZZJ,508066,2026-04-22,2026-03-31,quarterly_report,False,toll_road,official_title_evidence,https://www.sse.com.cn/disclosure/fund/announcement/c/new/2026-04-22/508066_20260422_5ZZJ.pdf,pending_extraction
SSE_508066_20260721_G7KR,508066,2026-07-21,2026-06-30,quarterly_report,False,toll_road,official_title_evidence,https://www.sse.com.cn/disclosure/fund/announcement/c/new/2026-07-21/508066_20260721_G7KR.pdf,pending_extraction
SSE_508066_20260820_REZ9,508066,2026-08-20,,distribution_announcement,False,toll_road,official_title_evidence,https://www.sse.com.cn/disclosure/fund/announcement/c/new/2026-08-20/508066_20260820_REZ9.pdf,machine_extracted_document
SSE_508068_20230120_WH2P,508068,2023-01-20,2022-12-31,quarterly_report,False,rental_housing,official_title_evidence,https://www.sse.com.cn/disclosure/fund/announcement/c/new/2023-01-20/508068_20230120_WH2P.pdf,pending_extraction
SSE_508068_20230330_QPD6,508068,2023-03-30,2022-12-31,annual_report,False,rental_housing,official_title_evidence,https://www.sse.com.cn/disclosure/fund/announcement/c/new/2023-03-30/508068_20230330_QPD6.pdf,pending_extraction
SSE_508068_20230413_3N23,508068,2023-04-13,,distribution_announcement,False,rental_housing,official_title_evidence,https://www.sse.com.cn/disclosure/fund/announcement/c/new/2023-04-13/508068_20230413_3N23.pdf,machine_extracted_document
SSE_508068_20230421_MRVO,508068,2023-04-21,2023-03-31,quarterly_report,False,rental_housing,official_title_evidence,https://www.sse.com.cn/disclosure/fund/announcement/c/new/2023-04-21/508068_20230421_MRVO.pdf,pending_extraction
SSE_508068_20230720_24UW,508068,2023-07-20,2023-06-30,quarterly_report,False,rental_housing,official_title_evidence,https://www.sse.com.cn/disclosure/fund/announcement/c/new/2023-07-20/508068_20230720_24UW.pdf,pending_extraction
SSE_508068_20230830_OI5X,508068,2023-08-30,2023-06-30,semiannual_report,False,rental_housing,official_title_evidence,https://www.sse.com.cn/disclosure/fund/announcement/c/new/2023-08-30/508068_20230830_OI5X.pdf,pending_extraction
SSE_508068_20231011_TS8P,508068,2023-10-11,,distribution_announcement,False,rental_housing,official_title_evidence,https://www.sse.com.cn/disclosure/fund/announcement/c/new/2023-10-11/508068_20231011_TS8P.pdf,machine_extracted_document
SSE_508068_20231024_YQ3H,508068,2023-10-24,2023-09-30,quarterly_report,False,rental_housing,official_title_evidence,https://www.sse.com.cn/disclosure/fund/announcement/c/new/2023-10-24/508068_20231024_YQ3H.pdf,pending_extraction
SSE_508068_20240119_1VYG,508068,2024-01-19,2023-12-31,quarterly_report,False,rental_housing,official_title_evidence,https://www.sse.com.cn/disclosure/fund/announcement/c/new/2024-01-19/508068_20240119_1VYG.pdf,pending_extraction
SSE_508068_20240328_4EZD,508068,2024-03-28,2023-12-31,annual_report,False,rental_housing,official_title_evidence,https://www.sse.com.cn/disclosure/fund/announcement/c/new/2024-03-28/508068_20240328_4EZD.pdf,pending_extraction
SSE_508068_20240419_9GY9,508068,2024-04-19,,distribution_announcement,False,rental_housing,official_title_evidence,https://www.sse.com.cn/disclosure/fund/announcement/c/new/2024-04-19/508068_20240419_9GY9.pdf,machine_extracted_document
SSE_508068_20240419_TSUF,508068,2024-04-19,2024-03-31,quarterly_report,False,rental_housing,official_title_evidence,https://www.sse.com.cn/disclosure/fund/announcement/c/new/2024-04-19/508068_20240419_TSUF.pdf,pending_extraction
SSE_508068_20240718_0ZLY,508068,2024-07-18,2024-06-30,quarterly_report,False,rental_housing,official_title_evidence,https://www.sse.com.cn/disclosure/fund/announcement/c/new/2024-07-18/508068_20240718_0ZLY.pdf,pending_extraction
SSE_508068_20240830_ACHU,508068,2024-08-30,2024-06-30,semiannual_report,False,rental_housing,official_title_evidence,https://www.sse.com.cn/disclosure/fund/announcement/c/new/2024-08-30/508068_20240830_ACHU.pdf,pending_extraction
SSE_508068_20240910_GOJS,508068,2024-09-10,,distribution_announcement,False,rental_housing,official_title_evidence,https://www.sse.com.cn/disclosure/fund/announcement/c/new/2024-09-10/508068_20240910_GOJS.pdf,machine_extracted_document
SSE_508068_20241025_KUEH,508068,2024-10-25,2024-09-30,quarterly_report,False,rental_housing,official_title_evidence,https://www.sse.com.cn/disclosure/fund/announcement/c/new/2024-10-25/508068_20241025_KUEH.pdf,pending_extraction
SSE_508068_20250122_VTT1,508068,2025-01-22,2024-12-31,quarterly_report,False,rental_housing,official_title_evidence,https://www.sse.com.cn/disclosure/fund/announcement/c/new/2025-01-22/508068_20250122_VTT1.pdf,pending_extraction
SSE_508068_20250331_IXIQ,508068,2025-03-31,2024-12-31,annual_report,False,rental_housing,official_title_evidence,https://www.sse.com.cn/disclosure/fund/announcement/c/new/2025-03-31/508068_20250331_IXIQ.pdf,pending_extraction
SSE_508068_20250422_PIE7,508068,2025-04-22,2025-03-31,quarterly_report,False,rental_housing,official_title_evidence,https://www.sse.com.cn/disclosure/fund/announcement/c/new/2025-04-22/508068_20250422_PIE7.pdf,pending_extraction
SSE_508068_20250508_G13O,508068,2025-05-08,,distribution_announcement,False,rental_housing,official_title_evidence,https://www.sse.com.cn/disclosure/fund/announcement/c/new/2025-05-08/508068_20250508_G13O.pdf,machine_extracted_document
SSE_508068_20250721_DGIL,508068,2025-07-21,2025-06-30,quarterly_report,False,rental_housing,official_title_evidence,https://www.sse.com.cn/disclosure/fund/announcement/c/new/2025-07-21/508068_20250721_DGIL.pdf,pending_extraction
SSE_508068_20250830_GSM5,508068,2025-08-30,2025-06-30,semiannual_report,False,rental_housing,official_title_evidence,https://www.sse.com.cn/disclosure/fund/announcement/c/new/2025-08-30/508068_20250830_GSM5.pdf,pending_extraction
SSE_508068_20251028_CGK3,508068,2025-10-28,2025-09-30,quarterly_report,False,rental_housing,official_title_evidence,https://www.sse.com.cn/disclosure/fund/announcement/c/new/2025-10-28/508068_20251028_CGK3.pdf,pending_extraction
SSE_508068_20251126_X8TI,508068,2025-11-26,,distribution_announcement,False,rental_housing,official_title_evidence,https://www.sse.com.cn/disclosure/fund/announcement/c/new/2025-11-26/508068_20251126_X8TI.pdf,machine_extracted_document
SSE_508068_20260122_21CC,508068,2026-01-22,2025-12-31,quarterly_report,False,rental_housing,official_title_evidence,https://www.sse.com.cn/disclosure/fund/announcement/c/new/2026-01-22/508068_20260122_21CC.pdf,pending_extraction
SSE_508068_20260327_QEYG,508068,2026-03-27,2025-12-31,annual_report,False,rental_housing,official_title_evidence,https://www.sse.com.cn/disclosure/fund/announcement/c/new/2026-03-27/508068_20260327_QEYG.pdf,pending_extraction
SSE_508068_20260422_IP9X,508068,2026-04-22,2026-03-31,quarterly_report,False,rental_housing,official_title_evidence,https://www.sse.com.cn/disclosure/fund/announcement/c/new/2026-04-22/508068_20260422_IP9X.pdf,pending_extraction
SSE_508068_20260513_2QMJ,508068,2026-05-13,,distribution_announcement,False,rental_housing,official_title_evidence,https://www.sse.com.cn/disclosure/fund/announcement/c/new/2026-05-13/508068_20260513_2QMJ.pdf,machine_extracted_document
SSE_508068_20260721_FCT4,508068,2026-07-21,2026-06-30,quarterly_report,False,rental_housing,official_title_evidence,https://www.sse.com.cn/disclosure/fund/announcement/c/new/2026-07-21/508068_20260721_FCT4.pdf,pending_extraction
SSE_508069_20250122_5CT3,508069,2025-01-22,2024-12-31,quarterly_report,False,toll_road,official_title_evidence,https://www.sse.com.cn/disclosure/fund/announcement/c/new/2025-01-22/508069_20250122_5CT3.pdf,pending_extraction
SSE_508069_20250331_G40V,508069,2025-03-31,2024-12-31,annual_report,False,toll_road,official_title_evidence,https://www.sse.com.cn/disclosure/fund/announcement/c/new/2025-03-31/508069_20250331_G40V.pdf,pending_extraction
SSE_508069_20250422_US4S,508069,2025-04-22,2025-03-31,quarterly_report,False,toll_road,official_title_evidence,https://www.sse.com.cn/disclosure/fund/announcement/c/new/2025-04-22/508069_20250422_US4S.pdf,pending_extraction
SSE_508069_20250514_ZKE3,508069,2025-05-14,,distribution_announcement,False,toll_road,official_title_evidence,https://www.sse.com.cn/disclosure/fund/announcement/c/new/2025-05-14/508069_20250514_ZKE3.pdf,machine_extracted_document
SSE_508069_20250709_01QL,508069,2025-07-09,,distribution_announcement,False,toll_road,official_title_evidence,https://www.sse.com.cn/disclosure/fund/announcement/c/new/2025-07-09/508069_20250709_01QL.pdf,machine_extracted_document
SSE_508069_20250721_7G2U,508069,2025-07-21,2025-06-30,quarterly_report,False,toll_road,official_title_evidence,https://www.sse.com.cn/disclosure/fund/announcement/c/new/2025-07-21/508069_20250721_7G2U.pdf,pending_extraction
SSE_508069_20250830_FFI8,508069,2025-08-30,2025-06-30,semiannual_report,False,toll_road,official_title_evidence,https://www.sse.com.cn/disclosure/fund/announcement/c/new/2025-08-30/508069_20250830_FFI8.pdf,pending_extraction
SSE_508069_20250910_TPVJ,508069,2025-09-10,,distribution_announcement,False,toll_road,official_title_evidence,https://www.sse.com.cn/disclosure/fund/announcement/c/new/2025-09-10/508069_20250910_TPVJ.pdf,machine_extracted_document
SSE_508069_20251028_AIZ7,508069,2025-10-28,2025-09-30,quarterly_report,False,toll_road,official_title_evidence,https://www.sse.com.cn/disclosure/fund/announcement/c/new/2025-10-28/508069_20251028_AIZ7.pdf,pending_extraction
SSE_508069_20251126_1OO1,508069,2025-11-26,,distribution_announcement,False,toll_road,official_title_evidence,https://www.sse.com.cn/disclosure/fund/announcement/c/new/2025-11-26/508069_20251126_1OO1.pdf,machine_extracted_document
SSE_508069_20260122_MB7R,508069,2026-01-22,2025-12-31,quarterly_report,False,toll_road,official_title_evidence,https://www.sse.com.cn/disclosure/fund/announcement/c/new/2026-01-22/508069_20260122_MB7R.pdf,pending_extraction
SSE_508069_20260327_816L,508069,2026-03-27,2025-12-31,annual_report,False,toll_road,official_title_evidence,https://www.sse.com.cn/disclosure/fund/announcement/c/new/2026-03-27/508069_20260327_816L.pdf,pending_extraction
SSE_508069_20260422_D7AY,508069,2026-04-22,2026-03-31,quarterly_report,False,toll_road,official_title_evidence,https://www.sse.com.cn/disclosure/fund/announcement/c/new/2026-04-22/508069_20260422_D7AY.pdf,pending_extraction
SSE_508069_20260513_2KIQ,508069,2026-05-13,,distribution_announcement,False,toll_road,official_title_evidence,https://www.sse.com.cn/disclosure/fund/announcement/c/new/2026-05-13/508069_20260513_2KIQ.pdf,machine_extracted_document
SSE_508069_20260610_JCQ1,508069,2026-06-10,,distribution_announcement,False,toll_road,official_title_evidence,https://www.sse.com.cn/disclosure/fund/announcement/c/new/2026-06-10/508069_20260610_JCQ1.pdf,machine_extracted_document
SSE_508069_20260721_WTSN,508069,2026-07-21,2026-06-30,quarterly_report,False,toll_road,official_title_evidence,https://www.sse.com.cn/disclosure/fund/announcement/c/new/2026-07-21/508069_20260721_WTSN.pdf,pending_extraction
SSE_508077_20230421_A0QP,508077,2023-04-21,2023-03-31,quarterly_report,False,rental_housing,official_title_evidence,https://www.sse.com.cn/disclosure/fund/announcement/c/new/2023-04-21/508077_20230421_A0QP.pdf,pending_extraction
SSE_508077_20230720_NB7X,508077,2023-07-20,2023-06-30,quarterly_report,False,rental_housing,official_title_evidence,https://www.sse.com.cn/disclosure/fund/announcement/c/new/2023-07-20/508077_20230720_NB7X.pdf,pending_extraction
SSE_508077_20230817_04KP,508077,2023-08-17,,distribution_announcement,False,rental_housing,official_title_evidence,https://www.sse.com.cn/disclosure/fund/announcement/c/new/2023-08-17/508077_20230817_04KP.pdf,machine_extracted_document
SSE_508077_20230830_5YZZ,508077,2023-08-30,2023-06-30,semiannual_report,False,rental_housing,official_title_evidence,https://www.sse.com.cn/disclosure/fund/announcement/c/new/2023-08-30/508077_20230830_5YZZ.pdf,pending_extraction
SSE_508077_20231024_G9M5,508077,2023-10-24,2023-09-30,quarterly_report,False,rental_housing,official_title_evidence,https://www.sse.com.cn/disclosure/fund/announcement/c/new/2023-10-24/508077_20231024_G9M5.pdf,pending_extraction
SSE_508077_20240119_G20O,508077,2024-01-19,2023-12-31,quarterly_report,False,rental_housing,official_title_evidence,https://www.sse.com.cn/disclosure/fund/announcement/c/new/2024-01-19/508077_20240119_G20O.pdf,pending_extraction
SSE_508077_20240328_XCTY,508077,2024-03-28,2023-12-31,annual_report,False,rental_housing,official_title_evidence,https://www.sse.com.cn/disclosure/fund/announcement/c/new/2024-03-28/508077_20240328_XCTY.pdf,pending_extraction
SSE_508077_20240403_JKRL,508077,2024-04-03,,distribution_announcement,False,rental_housing,official_title_evidence,https://www.sse.com.cn/disclosure/fund/announcement/c/new/2024-04-03/508077_20240403_JKRL.pdf,machine_extracted_document
SSE_508077_20240419_WG6N,508077,2024-04-19,2024-03-31,quarterly_report,False,rental_housing,official_title_evidence,https://www.sse.com.cn/disclosure/fund/announcement/c/new/2024-04-19/508077_20240419_WG6N.pdf,pending_extraction
SSE_508077_20240515_I90S,508077,2024-05-15,,distribution_announcement,False,rental_housing,official_title_evidence,https://www.sse.com.cn/disclosure/fund/announcement/c/new/2024-05-15/508077_20240515_I90S.pdf,machine_extracted_document
SSE_508077_20240718_IX4Y,508077,2024-07-18,2024-06-30,quarterly_report,False,rental_housing,official_title_evidence,https://www.sse.com.cn/disclosure/fund/announcement/c/new/2024-07-18/508077_20240718_IX4Y.pdf,pending_extraction
SSE_508077_20240801_R4VA,508077,2024-08-01,,distribution_announcement,False,rental_housing,official_title_evidence,https://www.sse.com.cn/disclosure/fund/announcement/c/new/2024-08-01/508077_20240801_R4VA.pdf,machine_extracted_document
SSE_508077_20240830_2U3L,508077,2024-08-30,2024-06-30,semiannual_report,False,rental_housing,official_title_evidence,https://www.sse.com.cn/disclosure/fund/announcement/c/new/2024-08-30/508077_20240830_2U3L.pdf,pending_extraction
SSE_508077_20241025_I3IJ,508077,2024-10-25,2024-09-30,quarterly_report,False,rental_housing,official_title_evidence,https://www.sse.com.cn/disclosure/fund/announcement/c/new/2024-10-25/508077_20241025_I3IJ.pdf,pending_extraction
SSE_508077_20241114_092W,508077,2024-11-14,,distribution_announcement,False,rental_housing,official_title_evidence,https://www.sse.com.cn/disclosure/fund/announcement/c/new/2024-11-14/508077_20241114_092W.pdf,machine_extracted_document
SSE_508077_20250122_PPGO,508077,2025-01-22,2024-12-31,quarterly_report,False,rental_housing,official_title_evidence,https://www.sse.com.cn/disclosure/fund/announcement/c/new/2025-01-22/508077_20250122_PPGO.pdf,pending_extraction
SSE_508077_20250220_13Q4,508077,2025-02-20,,distribution_announcement,False,rental_housing,official_title_evidence,https://www.sse.com.cn/disclosure/fund/announcement/c/new/2025-02-20/508077_20250220_13Q4.pdf,machine_extracted_document
SSE_508077_20250331_BNDQ,508077,2025-03-31,2024-12-31,annual_report,False,rental_housing,official_title_evidence,https://www.sse.com.cn/disclosure/fund/announcement/c/new/2025-03-31/508077_20250331_BNDQ.pdf,pending_extraction
SSE_508077_20250422_FZYL,508077,2025-04-22,2025-03-31,quarterly_report,False,rental_housing,official_title_evidence,https://www.sse.com.cn/disclosure/fund/announcement/c/new/2025-04-22/508077_20250422_FZYL.pdf,pending_extraction
SSE_508077_20250516_23FW,508077,2025-05-16,,distribution_announcement,False,rental_housing,official_title_evidence,https://www.sse.com.cn/disclosure/fund/announcement/c/new/2025-05-16/508077_20250516_23FW.pdf,machine_extracted_document
SSE_508077_20250721_67B5,508077,2025-07-21,2025-06-30,quarterly_report,False,rental_housing,official_title_evidence,https://www.sse.com.cn/disclosure/fund/announcement/c/new/2025-07-21/508077_20250721_67B5.pdf,pending_extraction
SSE_508077_20250808_8T9R,508077,2025-08-08,,distribution_announcement,False,rental_housing,official_title_evidence,https://www.sse.com.cn/disclosure/fund/announcement/c/new/2025-08-08/508077_20250808_8T9R.pdf,machine_extracted_document
SSE_508077_20250830_5PS8,508077,2025-08-30,2025-06-30,semiannual_report,False,rental_housing,official_title_evidence,https://www.sse.com.cn/disclosure/fund/announcement/c/new/2025-08-30/508077_20250830_5PS8.pdf,pending_extraction
SSE_508077_20251028_SLBC,508077,2025-10-28,2025-09-30,quarterly_report,False,rental_housing,official_title_evidence,https://www.sse.com.cn/disclosure/fund/announcement/c/new/2025-10-28/508077_20251028_SLBC.pdf,pending_extraction
SSE_508077_20251112_B5V3,508077,2025-11-12,,distribution_announcement,False,rental_housing,official_title_evidence,https://www.sse.com.cn/disclosure/fund/announcement/c/new/2025-11-12/508077_20251112_B5V3.pdf,machine_extracted_document
SSE_508077_20260122_NBHC,508077,2026-01-22,2025-12-31,quarterly_report,False,rental_housing,official_title_evidence,https://www.sse.com.cn/disclosure/fund/announcement/c/new/2026-01-22/508077_20260122_NBHC.pdf,pending_extraction
SSE_508077_20260311_1I6A,508077,2026-03-11,,distribution_announcement,False,rental_housing,official_title_evidence,https://www.sse.com.cn/disclosure/fund/announcement/c/new/2026-03-11/508077_20260311_1I6A.pdf,machine_extracted_document
SSE_508077_20260327_MC28,508077,2026-03-27,2025-12-31,annual_report,False,rental_housing,official_title_evidence,https://www.sse.com.cn/disclosure/fund/announcement/c/new/2026-03-27/508077_20260327_MC28.pdf,pending_extraction
SSE_508077_20260422_Z6BN,508077,2026-04-22,2026-03-31,quarterly_report,False,rental_housing,official_title_evidence,https://www.sse.com.cn/disclosure/fund/announcement/c/new/2026-04-22/508077_20260422_Z6BN.pdf,pending_extraction
SSE_508077_20260520_19BV,508077,2026-05-20,,distribution_announcement,False,rental_housing,official_title_evidence,https://www.sse.com.cn/disclosure/fund/announcement/c/new/2026-05-20/508077_20260520_19BV.pdf,machine_extracted_document
SSE_508077_20260721_RA5T,508077,2026-07-21,2026-06-30,quarterly_report,False,rental_housing,official_title_evidence,https://www.sse.com.cn/disclosure/fund/announcement/c/new/2026-07-21/508077_20260721_RA5T.pdf,pending_extraction
SSE_508077_20260819_59D6,508077,2026-08-19,,distribution_announcement,False,rental_housing,official_title_evidence,https://www.sse.com.cn/disclosure/fund/announcement/c/new/2026-08-19/508077_20260819_59D6.pdf,machine_extracted_document
SSE_508078_20250422_AOVE,508078,2025-04-22,2025-03-31,quarterly_report,False,logistics,official_title_evidence,https://www.sse.com.cn/disclosure/fund/announcement/c/new/2025-04-22/508078_20250422_AOVE.pdf,pending_extraction
SSE_508078_20250530_EBST,508078,2025-05-30,,distribution_announcement,False,logistics,official_title_evidence,https://www.sse.com.cn/disclosure/fund/announcement/c/new/2025-05-30/508078_20250530_EBST.pdf,machine_extracted_document
SSE_508078_20250721_1S72,508078,2025-07-21,2025-06-30,quarterly_report,False,logistics,official_title_evidence,https://www.sse.com.cn/disclosure/fund/announcement/c/new/2025-07-21/508078_20250721_1S72.pdf,pending_extraction
SSE_508078_20250830_BKKL,508078,2025-08-30,2025-06-30,semiannual_report,False,logistics,official_title_evidence,https://www.sse.com.cn/disclosure/fund/announcement/c/new/2025-08-30/508078_20250830_BKKL.pdf,pending_extraction
SSE_508078_20251027_7Z2B,508078,2025-10-27,2025-09-30,quarterly_report,False,logistics,official_title_evidence,https://www.sse.com.cn/disclosure/fund/announcement/c/new/2025-10-27/508078_20251027_7Z2B.pdf,pending_extraction
SSE_508078_20251112_7H6Z,508078,2025-11-12,,distribution_announcement,False,logistics,official_title_evidence,https://www.sse.com.cn/disclosure/fund/announcement/c/new/2025-11-12/508078_20251112_7H6Z.pdf,machine_extracted_document
SSE_508078_20260122_26L6,508078,2026-01-22,2025-12-31,quarterly_report,False,logistics,official_title_evidence,https://www.sse.com.cn/disclosure/fund/announcement/c/new/2026-01-22/508078_20260122_26L6.pdf,pending_extraction
SSE_508078_20260331_EPCH,508078,2026-03-31,2025-12-31,annual_report,False,logistics,official_title_evidence,https://www.sse.com.cn/disclosure/fund/announcement/c/new/2026-03-31/508078_20260331_EPCH.pdf,pending_extraction
SSE_508078_20260422_M1K8,508078,2026-04-22,2026-03-31,quarterly_report,False,logistics,official_title_evidence,https://www.sse.com.cn/disclosure/fund/announcement/c/new/2026-04-22/508078_20260422_M1K8.pdf,pending_extraction
SSE_508078_20260527_S6J1,508078,2026-05-27,,distribution_announcement,False,logistics,official_title_evidence,https://www.sse.com.cn/disclosure/fund/announcement/c/new/2026-05-27/508078_20260527_S6J1.pdf,machine_extracted_document
SSE_508078_20260721_2E36,508078,2026-07-21,2026-06-30,quarterly_report,False,logistics,official_title_evidence,https://www.sse.com.cn/disclosure/fund/announcement/c/new/2026-07-21/508078_20260721_2E36.pdf,pending_extraction
SSE_508080_20251028_9QN0,508080,2025-10-28,2025-09-30,quarterly_report,False,industrial_park,official_title_evidence,https://www.sse.com.cn/disclosure/fund/announcement/c/new/2025-10-28/508080_20251028_9QN0.pdf,pending_extraction
SSE_508080_20260122_NM9C,508080,2026-01-22,2025-12-31,quarterly_report,False,industrial_park,official_title_evidence,https://www.sse.com.cn/disclosure/fund/announcement/c/new/2026-01-22/508080_20260122_NM9C.pdf,pending_extraction
SSE_508080_20260331_P3CX,508080,2026-03-31,2025-12-31,annual_report,False,industrial_park,official_title_evidence,https://www.sse.com.cn/disclosure/fund/announcement/c/new/2026-03-31/508080_20260331_P3CX.pdf,pending_extraction
SSE_508080_20260402_0BCD,508080,2026-04-02,,distribution_announcement,False,industrial_park,official_title_evidence,https://www.sse.com.cn/disclosure/fund/announcement/c/new/2026-04-02/508080_20260402_0BCD.pdf,machine_extracted_document
SSE_508080_20260422_ELGX,508080,2026-04-22,2026-03-31,quarterly_report,False,industrial_park,official_title_evidence,https://www.sse.com.cn/disclosure/fund/announcement/c/new/2026-04-22/508080_20260422_ELGX.pdf,pending_extraction
SSE_508080_20260721_FIJE,508080,2026-07-21,2026-06-30,quarterly_report,False,industrial_park,official_title_evidence,https://www.sse.com.cn/disclosure/fund/announcement/c/new/2026-07-21/508080_20260721_FIJE.pdf,pending_extraction
SSE_508080_20260828_1IQ9,508080,2026-08-28,2026-06-30,semiannual_report,False,industrial_park,official_title_evidence,https://www.sse.com.cn/disclosure/fund/announcement/c/new/2026-08-28/508080_20260828_1IQ9.pdf,pending_extraction
SSE_508080_20260828_OSJD,508080,2026-08-28,,distribution_announcement,False,industrial_park,official_title_evidence,https://www.sse.com.cn/disclosure/fund/announcement/c/new/2026-08-28/508080_20260828_OSJD.pdf,machine_extracted_document
SSE_508082_20260122_8QZT,508082,2026-01-22,2025-12-31,quarterly_report,False,retail,official_title_evidence,https://www.sse.com.cn/disclosure/fund/announcement/c/new/2026-01-22/508082_20260122_8QZT.pdf,pending_extraction
SSE_508082_20260331_C4GA,508082,2026-03-31,2025-12-31,annual_report,False,retail,official_title_evidence,https://www.sse.com.cn/disclosure/fund/announcement/c/new/2026-03-31/508082_20260331_C4GA.pdf,pending_extraction
SSE_508082_20260401_LY85,508082,2026-04-01,,distribution_announcement,False,retail,official_title_evidence,https://www.sse.com.cn/disclosure/fund/announcement/c/new/2026-04-01/508082_20260401_LY85.pdf,machine_extracted_document
SSE_508082_20260422_CCRH,508082,2026-04-22,2026-03-31,quarterly_report,False,retail,official_title_evidence,https://www.sse.com.cn/disclosure/fund/announcement/c/new/2026-04-22/508082_20260422_CCRH.pdf,pending_extraction
SSE_508082_20260625_8JWH,508082,2026-06-25,,distribution_announcement,False,retail,official_title_evidence,https://www.sse.com.cn/disclosure/fund/announcement/c/new/2026-06-25/508082_20260625_8JWH.pdf,machine_extracted_document
SSE_508082_20260721_M36V,508082,2026-07-21,2026-06-30,quarterly_report,False,retail,official_title_evidence,https://www.sse.com.cn/disclosure/fund/announcement/c/new/2026-07-21/508082_20260721_M36V.pdf,pending_extraction
SSE_508082_20260828_34H2,508082,2026-08-28,2026-06-30,semiannual_report,False,retail,official_title_evidence,https://www.sse.com.cn/disclosure/fund/announcement/c/new/2026-08-28/508082_20260828_34H2.pdf,pending_extraction
SSE_508084_20250721_YGSB,508084,2025-07-21,2025-06-30,quarterly_report,False,logistics,official_title_evidence,https://www.sse.com.cn/disclosure/fund/announcement/c/new/2025-07-21/508084_20250721_YGSB.pdf,pending_extraction
SSE_508084_20250829_DC5N,508084,2025-08-29,2025-06-30,semiannual_report,False,logistics,official_title_evidence,https://www.sse.com.cn/disclosure/fund/announcement/c/new/2025-08-29/508084_20250829_DC5N.pdf,pending_extraction
SSE_508084_20251028_OIAJ,508084,2025-10-28,2025-09-30,quarterly_report,False,logistics,official_title_evidence,https://www.sse.com.cn/disclosure/fund/announcement/c/new/2025-10-28/508084_20251028_OIAJ.pdf,pending_extraction
SSE_508084_20251209_KMCU,508084,2025-12-09,,distribution_announcement,False,logistics,official_title_evidence,https://www.sse.com.cn/disclosure/fund/announcement/c/new/2025-12-09/508084_20251209_KMCU.pdf,machine_extracted_document
SSE_508084_20260122_GDTM,508084,2026-01-22,2025-12-31,quarterly_report,False,logistics,official_title_evidence,https://www.sse.com.cn/disclosure/fund/announcement/c/new/2026-01-22/508084_20260122_GDTM.pdf,pending_extraction
SSE_508084_20260331_1EMK,508084,2026-03-31,2025-12-31,annual_report,False,logistics,official_title_evidence,https://www.sse.com.cn/disclosure/fund/announcement/c/new/2026-03-31/508084_20260331_1EMK.pdf,pending_extraction
SSE_508084_20260422_97BK,508084,2026-04-22,2026-03-31,quarterly_report,False,logistics,official_title_evidence,https://www.sse.com.cn/disclosure/fund/announcement/c/new/2026-04-22/508084_20260422_97BK.pdf,pending_extraction
SSE_508084_20260604_JWL5,508084,2026-06-04,,distribution_announcement,False,logistics,official_title_evidence,https://www.sse.com.cn/disclosure/fund/announcement/c/new/2026-06-04/508084_20260604_JWL5.pdf,machine_extracted_document
SSE_508084_20260721_4SLM,508084,2026-07-21,2026-06-30,quarterly_report,False,logistics,official_title_evidence,https://www.sse.com.cn/disclosure/fund/announcement/c/new/2026-07-21/508084_20260721_4SLM.pdf,pending_extraction
SSE_508085_20250721_89TO,508085,2025-07-21,2025-06-30,quarterly_report,False,rental_housing,official_title_evidence,https://www.sse.com.cn/disclosure/fund/announcement/c/new/2025-07-21/508085_20250721_89TO.pdf,pending_extraction
SSE_508085_20250829_5JH8,508085,2025-08-29,2025-06-30,semiannual_report,False,rental_housing,official_title_evidence,https://www.sse.com.cn/disclosure/fund/announcement/c/new/2025-08-29/508085_20250829_5JH8.pdf,pending_extraction
SSE_508085_20250930_2ESG,508085,2025-09-30,,distribution_announcement,False,rental_housing,official_title_evidence,https://www.sse.com.cn/disclosure/fund/announcement/c/new/2025-09-30/508085_20250930_2ESG.pdf,machine_extracted_document
SSE_508085_20251028_Q4KS,508085,2025-10-28,2025-09-30,quarterly_report,False,rental_housing,official_title_evidence,https://www.sse.com.cn/disclosure/fund/announcement/c/new/2025-10-28/508085_20251028_Q4KS.pdf,pending_extraction
SSE_508085_20251217_QHB4,508085,2025-12-17,,distribution_announcement,False,rental_housing,official_title_evidence,https://www.sse.com.cn/disclosure/fund/announcement/c/new/2025-12-17/508085_20251217_QHB4.pdf,machine_extracted_document
SSE_508085_20260122_ZFQG,508085,2026-01-22,2025-12-31,quarterly_report,False,rental_housing,official_title_evidence,https://www.sse.com.cn/disclosure/fund/announcement/c/new/2026-01-22/508085_20260122_ZFQG.pdf,pending_extraction
SSE_508085_20260331_W0N2,508085,2026-03-31,2025-12-31,annual_report,False,rental_housing,official_title_evidence,https://www.sse.com.cn/disclosure/fund/announcement/c/new/2026-03-31/508085_20260331_W0N2.pdf,pending_extraction
SSE_508085_20260421_8E6P,508085,2026-04-21,,distribution_announcement,False,rental_housing,official_title_evidence,https://www.sse.com.cn/disclosure/fund/announcement/c/new/2026-04-21/508085_20260421_8E6P.pdf,machine_extracted_document
SSE_508085_20260422_T2PQ,508085,2026-04-22,2026-03-31,quarterly_report,False,rental_housing,official_title_evidence,https://www.sse.com.cn/disclosure/fund/announcement/c/new/2026-04-22/508085_20260422_T2PQ.pdf,pending_extraction
SSE_508085_20260721_QQW0,508085,2026-07-21,2026-06-30,quarterly_report,False,rental_housing,official_title_evidence,https://www.sse.com.cn/disclosure/fund/announcement/c/new/2026-07-21/508085_20260721_QQW0.pdf,pending_extraction
SSE_508085_20260820_9C1N,508085,2026-08-20,,distribution_announcement,False,rental_housing,official_title_evidence,https://www.sse.com.cn/disclosure/fund/announcement/c/new/2026-08-20/508085_20260820_9C1N.pdf,machine_extracted_document
SSE_508086_20240930_6KSC,508086,2024-09-30,,distribution_announcement,False,toll_road,official_title_evidence,https://www.sse.com.cn/disclosure/fund/announcement/c/new/2024-09-30/508086_20240930_6KSC.pdf,machine_extracted_document
SSE_508086_20241025_JMP8,508086,2024-10-25,2024-09-30,quarterly_report,False,toll_road,official_title_evidence,https://www.sse.com.cn/disclosure/fund/announcement/c/new/2024-10-25/508086_20241025_JMP8.pdf,pending_extraction
SSE_508086_20241226_2MGP,508086,2024-12-26,,distribution_announcement,False,toll_road,official_title_evidence,https://www.sse.com.cn/disclosure/fund/announcement/c/new/2024-12-26/508086_20241226_2MGP.pdf,machine_extracted_document
SSE_508086_20250122_K8RU,508086,2025-01-22,2024-12-31,quarterly_report,False,toll_road,official_title_evidence,https://www.sse.com.cn/disclosure/fund/announcement/c/new/2025-01-22/508086_20250122_K8RU.pdf,pending_extraction
SSE_508086_20250331_BPLQ,508086,2025-03-31,2024-12-31,annual_report,False,toll_road,official_title_evidence,https://www.sse.com.cn/disclosure/fund/announcement/c/new/2025-03-31/508086_20250331_BPLQ.pdf,pending_extraction
SSE_508086_20250403_6K0Z,508086,2025-04-03,,distribution_announcement,False,toll_road,official_title_evidence,https://www.sse.com.cn/disclosure/fund/announcement/c/new/2025-04-03/508086_20250403_6K0Z.pdf,machine_extracted_document
SSE_508086_20250422_R8FV,508086,2025-04-22,2025-03-31,quarterly_report,False,toll_road,official_title_evidence,https://www.sse.com.cn/disclosure/fund/announcement/c/new/2025-04-22/508086_20250422_R8FV.pdf,pending_extraction
SSE_508086_20250721_RDYG,508086,2025-07-21,2025-06-30,quarterly_report,False,toll_road,official_title_evidence,https://www.sse.com.cn/disclosure/fund/announcement/c/new/2025-07-21/508086_20250721_RDYG.pdf,pending_extraction
SSE_508086_20250730_YV6R,508086,2025-07-30,,distribution_announcement,False,toll_road,official_title_evidence,https://www.sse.com.cn/disclosure/fund/announcement/c/new/2025-07-30/508086_20250730_YV6R.pdf,machine_extracted_document
SSE_508086_20250829_HGI4,508086,2025-08-29,2025-06-30,semiannual_report,False,toll_road,official_title_evidence,https://www.sse.com.cn/disclosure/fund/announcement/c/new/2025-08-29/508086_20250829_HGI4.pdf,pending_extraction
SSE_508086_20250922_EKGO,508086,2025-09-22,,distribution_announcement,False,toll_road,official_title_evidence,https://www.sse.com.cn/disclosure/fund/announcement/c/new/2025-09-22/508086_20250922_EKGO.pdf,machine_extracted_document
SSE_508086_20251028_S1HV,508086,2025-10-28,2025-09-30,quarterly_report,False,toll_road,official_title_evidence,https://www.sse.com.cn/disclosure/fund/announcement/c/new/2025-10-28/508086_20251028_S1HV.pdf,pending_extraction
SSE_508086_20251222_8W87,508086,2025-12-22,,distribution_announcement,False,toll_road,official_title_evidence,https://www.sse.com.cn/disclosure/fund/announcement/c/new/2025-12-22/508086_20251222_8W87.pdf,machine_extracted_document
SSE_508086_20260122_J62H,508086,2026-01-22,2025-12-31,quarterly_report,False,toll_road,official_title_evidence,https://www.sse.com.cn/disclosure/fund/announcement/c/new/2026-01-22/508086_20260122_J62H.pdf,pending_extraction
SSE_508086_20260331_9UC9,508086,2026-03-31,2025-12-31,annual_report,False,toll_road,official_title_evidence,https://www.sse.com.cn/disclosure/fund/announcement/c/new/2026-03-31/508086_20260331_9UC9.pdf,pending_extraction
SSE_508086_20260422_ES2R,508086,2026-04-22,2026-03-31,quarterly_report,False,toll_road,official_title_evidence,https://www.sse.com.cn/disclosure/fund/announcement/c/new/2026-04-22/508086_20260422_ES2R.pdf,pending_extraction
SSE_508086_20260624_O83J,508086,2026-06-24,,distribution_announcement,False,toll_road,official_title_evidence,https://www.sse.com.cn/disclosure/fund/announcement/c/new/2026-06-24/508086_20260624_O83J.pdf,machine_extracted_document
SSE_508086_20260721_0SH6,508086,2026-07-21,2026-06-30,quarterly_report,False,toll_road,official_title_evidence,https://www.sse.com.cn/disclosure/fund/announcement/c/new/2026-07-21/508086_20260721_0SH6.pdf,pending_extraction
SSE_508086_20260819_U77Q,508086,2026-08-19,,distribution_announcement,False,toll_road,official_title_evidence,https://www.sse.com.cn/disclosure/fund/announcement/c/new/2026-08-19/508086_20260819_U77Q.pdf,machine_extracted_document
SSE_508087_20250422_LB8F,508087,2025-04-22,2025-03-31,quarterly_report,False,heating,official_title_evidence,https://www.sse.com.cn/disclosure/fund/announcement/c/new/2025-04-22/508087_20250422_LB8F.pdf,pending_extraction
SSE_508087_20250719_5KFI,508087,2025-07-19,2025-06-30,quarterly_report,False,heating,official_title_evidence,https://www.sse.com.cn/disclosure/fund/announcement/c/new/2025-07-19/508087_20250719_5KFI.pdf,pending_extraction
SSE_508087_20250805_GIQD,508087,2025-08-05,,distribution_announcement,False,heating,official_title_evidence,https://www.sse.com.cn/disclosure/fund/announcement/c/new/2025-08-05/508087_20250805_GIQD.pdf,machine_extracted_document
SSE_508087_20250829_4C6H,508087,2025-08-29,2025-06-30,semiannual_report,False,heating,official_title_evidence,https://www.sse.com.cn/disclosure/fund/announcement/c/new/2025-08-29/508087_20250829_4C6H.pdf,pending_extraction
SSE_508087_20251028_JQ35,508087,2025-10-28,2025-09-30,quarterly_report,False,heating,official_title_evidence,https://www.sse.com.cn/disclosure/fund/announcement/c/new/2025-10-28/508087_20251028_JQ35.pdf,pending_extraction
SSE_508087_20260122_S5SV,508087,2026-01-22,2025-12-31,quarterly_report,False,heating,official_title_evidence,https://www.sse.com.cn/disclosure/fund/announcement/c/new/2026-01-22/508087_20260122_S5SV.pdf,pending_extraction
SSE_508087_20260327_DW2L,508087,2026-03-27,2025-12-31,annual_report,False,heating,official_title_evidence,https://www.sse.com.cn/disclosure/fund/announcement/c/new/2026-03-27/508087_20260327_DW2L.pdf,pending_extraction
SSE_508087_20260422_HIBD,508087,2026-04-22,2026-03-31,quarterly_report,False,heating,official_title_evidence,https://www.sse.com.cn/disclosure/fund/announcement/c/new/2026-04-22/508087_20260422_HIBD.pdf,pending_extraction
SSE_508087_20260422_J4HK,508087,2026-04-22,,distribution_announcement,False,heating,official_title_evidence,https://www.sse.com.cn/disclosure/fund/announcement/c/new/2026-04-22/508087_20260422_J4HK.pdf,machine_extracted_document
SSE_508087_20260721_PW4Q,508087,2026-07-21,2026-06-30,quarterly_report,False,heating,official_title_evidence,https://www.sse.com.cn/disclosure/fund/announcement/c/new/2026-07-21/508087_20260721_PW4Q.pdf,pending_extraction
SSE_508088_20230120_X9JU,508088,2023-01-20,2022-12-31,quarterly_report,False,industrial_park,official_title_evidence,https://www.sse.com.cn/disclosure/fund/announcement/c/new/2023-01-20/508088_20230120_X9JU.pdf,pending_extraction
SSE_508088_20230331_YTYB,508088,2023-03-31,2022-12-31,annual_report,False,industrial_park,official_title_evidence,https://www.sse.com.cn/disclosure/fund/announcement/c/new/2023-03-31/508088_20230331_YTYB.pdf,pending_extraction
SSE_508088_20230413_F99N,508088,2023-04-13,,distribution_announcement,False,industrial_park,official_title_evidence,https://www.sse.com.cn/disclosure/fund/announcement/c/new/2023-04-13/508088_20230413_F99N.pdf,machine_extracted_document
SSE_508088_20230423_U3HL,508088,2023-04-23,2023-03-31,quarterly_report,False,industrial_park,official_title_evidence,https://www.sse.com.cn/disclosure/fund/announcement/c/new/2023-04-23/508088_20230423_U3HL.pdf,pending_extraction
SSE_508088_20230721_45BC,508088,2023-07-21,2023-06-30,quarterly_report,False,industrial_park,official_title_evidence,https://www.sse.com.cn/disclosure/fund/announcement/c/new/2023-07-21/508088_20230721_45BC.pdf,pending_extraction
SSE_508088_20230831_6F79,508088,2023-08-31,2023-06-30,semiannual_report,False,industrial_park,official_title_evidence,https://www.sse.com.cn/disclosure/fund/announcement/c/new/2023-08-31/508088_20230831_6F79.pdf,pending_extraction
SSE_508088_20231021_YC3M,508088,2023-10-21,2023-09-30,quarterly_report,False,industrial_park,official_title_evidence,https://www.sse.com.cn/disclosure/fund/announcement/c/new/2023-10-21/508088_20231021_YC3M.pdf,pending_extraction
SSE_508088_20231214_M25C,508088,2023-12-14,,distribution_announcement,False,industrial_park,official_title_evidence,https://www.sse.com.cn/disclosure/fund/announcement/c/new/2023-12-14/508088_20231214_M25C.pdf,machine_extracted_document
SSE_508088_20240122_883X,508088,2024-01-22,2023-12-31,quarterly_report,False,industrial_park,official_title_evidence,https://www.sse.com.cn/disclosure/fund/announcement/c/new/2024-01-22/508088_20240122_883X.pdf,pending_extraction
SSE_508088_20240329_LE2W,508088,2024-03-29,2023-12-31,annual_report,False,industrial_park,official_title_evidence,https://www.sse.com.cn/disclosure/fund/announcement/c/new/2024-03-29/508088_20240329_LE2W.pdf,pending_extraction
SSE_508088_20240418_778R,508088,2024-04-18,,distribution_announcement,False,industrial_park,official_title_evidence,https://www.sse.com.cn/disclosure/fund/announcement/c/new/2024-04-18/508088_20240418_778R.pdf,machine_extracted_document
SSE_508088_20240422_AGV6,508088,2024-04-22,2024-03-31,quarterly_report,False,industrial_park,official_title_evidence,https://www.sse.com.cn/disclosure/fund/announcement/c/new/2024-04-22/508088_20240422_AGV6.pdf,pending_extraction
SSE_508088_20240719_YRNQ,508088,2024-07-19,2024-06-30,quarterly_report,False,industrial_park,official_title_evidence,https://www.sse.com.cn/disclosure/fund/announcement/c/new/2024-07-19/508088_20240719_YRNQ.pdf,pending_extraction
SSE_508088_20240831_BGYW,508088,2024-08-31,2024-06-30,semiannual_report,False,industrial_park,official_title_evidence,https://www.sse.com.cn/disclosure/fund/announcement/c/new/2024-08-31/508088_20240831_BGYW.pdf,pending_extraction
SSE_508088_20241025_Y5WK,508088,2024-10-25,2024-09-30,quarterly_report,False,industrial_park,official_title_evidence,https://www.sse.com.cn/disclosure/fund/announcement/c/new/2024-10-25/508088_20241025_Y5WK.pdf,pending_extraction
SSE_508088_20250122_IOTZ,508088,2025-01-22,2024-12-31,quarterly_report,False,industrial_park,official_title_evidence,https://www.sse.com.cn/disclosure/fund/announcement/c/new/2025-01-22/508088_20250122_IOTZ.pdf,pending_extraction
SSE_508088_20250328_YI72,508088,2025-03-28,2024-12-31,annual_report,False,industrial_park,official_title_evidence,https://www.sse.com.cn/disclosure/fund/announcement/c/new/2025-03-28/508088_20250328_YI72.pdf,pending_extraction
SSE_508088_20250422_L72Y,508088,2025-04-22,,distribution_announcement,False,industrial_park,official_title_evidence,https://www.sse.com.cn/disclosure/fund/announcement/c/new/2025-04-22/508088_20250422_L72Y.pdf,machine_extracted_document
SSE_508088_20250422_QKBI,508088,2025-04-22,2025-03-31,quarterly_report,False,industrial_park,official_title_evidence,https://www.sse.com.cn/disclosure/fund/announcement/c/new/2025-04-22/508088_20250422_QKBI.pdf,pending_extraction
SSE_508088_20250719_7949,508088,2025-07-19,2025-06-30,quarterly_report,False,industrial_park,official_title_evidence,https://www.sse.com.cn/disclosure/fund/announcement/c/new/2025-07-19/508088_20250719_7949.pdf,pending_extraction
SSE_508088_20250829_VG9G,508088,2025-08-29,2025-06-30,semiannual_report,False,industrial_park,official_title_evidence,https://www.sse.com.cn/disclosure/fund/announcement/c/new/2025-08-29/508088_20250829_VG9G.pdf,pending_extraction
SSE_508088_20251028_EUZG,508088,2025-10-28,2025-09-30,quarterly_report,False,industrial_park,official_title_evidence,https://www.sse.com.cn/disclosure/fund/announcement/c/new/2025-10-28/508088_20251028_EUZG.pdf,pending_extraction
SSE_508088_20260122_YPAN,508088,2026-01-22,2025-12-31,quarterly_report,False,industrial_park,official_title_evidence,https://www.sse.com.cn/disclosure/fund/announcement/c/new/2026-01-22/508088_20260122_YPAN.pdf,pending_extraction
SSE_508088_20260331_K2ZE,508088,2026-03-31,2025-12-31,annual_report,False,industrial_park,official_title_evidence,https://www.sse.com.cn/disclosure/fund/announcement/c/new/2026-03-31/508088_20260331_K2ZE.pdf,pending_extraction
SSE_508088_20260422_1UPJ,508088,2026-04-22,,distribution_announcement,False,industrial_park,official_title_evidence,https://www.sse.com.cn/disclosure/fund/announcement/c/new/2026-04-22/508088_20260422_1UPJ.pdf,machine_extracted_document
SSE_508088_20260422_W165,508088,2026-04-22,2026-03-31,quarterly_report,False,industrial_park,official_title_evidence,https://www.sse.com.cn/disclosure/fund/announcement/c/new/2026-04-22/508088_20260422_W165.pdf,pending_extraction
SSE_508088_20260721_W6Q7,508088,2026-07-21,2026-06-30,quarterly_report,False,industrial_park,official_title_evidence,https://www.sse.com.cn/disclosure/fund/announcement/c/new/2026-07-21/508088_20260721_W6Q7.pdf,pending_extraction
SSE_508089_20241025_QF1N,508089,2024-10-25,2024-09-30,quarterly_report,False,renewable,official_title_evidence,https://www.sse.com.cn/disclosure/fund/announcement/c/new/2024-10-25/508089_20241025_QF1N.pdf,pending_extraction
SSE_508089_20241210_CUYG,508089,2024-12-10,,distribution_announcement,False,renewable,official_title_evidence,https://www.sse.com.cn/disclosure/fund/announcement/c/new/2024-12-10/508089_20241210_CUYG.pdf,machine_extracted_document
SSE_508089_20250122_KKAX,508089,2025-01-22,2024-12-31,quarterly_report,False,renewable,official_title_evidence,https://www.sse.com.cn/disclosure/fund/announcement/c/new/2025-01-22/508089_20250122_KKAX.pdf,pending_extraction
SSE_508089_20250331_CD7H,508089,2025-03-31,2024-12-31,annual_report,False,renewable,official_title_evidence,https://www.sse.com.cn/disclosure/fund/announcement/c/new/2025-03-31/508089_20250331_CD7H.pdf,pending_extraction
SSE_508089_20250422_5HLF,508089,2025-04-22,2025-03-31,quarterly_report,False,renewable,official_title_evidence,https://www.sse.com.cn/disclosure/fund/announcement/c/new/2025-04-22/508089_20250422_5HLF.pdf,pending_extraction
SSE_508089_20250626_SDHM,508089,2025-06-26,,distribution_announcement,False,renewable,official_title_evidence,https://www.sse.com.cn/disclosure/fund/announcement/c/new/2025-06-26/508089_20250626_SDHM.pdf,machine_extracted_document
SSE_508089_20250721_4GP2,508089,2025-07-21,2025-06-30,quarterly_report,False,renewable,official_title_evidence,https://www.sse.com.cn/disclosure/fund/announcement/c/new/2025-07-21/508089_20250721_4GP2.pdf,pending_extraction
SSE_508089_20250830_E943,508089,2025-08-30,2025-06-30,semiannual_report,False,renewable,official_title_evidence,https://www.sse.com.cn/disclosure/fund/announcement/c/new/2025-08-30/508089_20250830_E943.pdf,pending_extraction
SSE_508089_20250910_WSQI,508089,2025-09-10,,distribution_announcement,False,renewable,official_title_evidence,https://www.sse.com.cn/disclosure/fund/announcement/c/new/2025-09-10/508089_20250910_WSQI.pdf,machine_extracted_document
SSE_508089_20251028_AEA0,508089,2025-10-28,2025-09-30,quarterly_report,False,renewable,official_title_evidence,https://www.sse.com.cn/disclosure/fund/announcement/c/new/2025-10-28/508089_20251028_AEA0.pdf,pending_extraction
SSE_508089_20260122_ZXVC,508089,2026-01-22,2025-12-31,quarterly_report,False,renewable,official_title_evidence,https://www.sse.com.cn/disclosure/fund/announcement/c/new/2026-01-22/508089_20260122_ZXVC.pdf,pending_extraction
SSE_508089_20260327_7KEO,508089,2026-03-27,2025-12-31,annual_report,False,renewable,official_title_evidence,https://www.sse.com.cn/disclosure/fund/announcement/c/new/2026-03-27/508089_20260327_7KEO.pdf,pending_extraction
SSE_508089_20260422_OMDY,508089,2026-04-22,2026-03-31,quarterly_report,False,renewable,official_title_evidence,https://www.sse.com.cn/disclosure/fund/announcement/c/new/2026-04-22/508089_20260422_OMDY.pdf,pending_extraction
SSE_508089_20260423_6ZL7,508089,2026-04-23,,distribution_announcement,False,renewable,official_title_evidence,https://www.sse.com.cn/disclosure/fund/announcement/c/new/2026-04-23/508089_20260423_6ZL7.pdf,machine_extracted_document
SSE_508089_20260603_Q8UC,508089,2026-06-03,,distribution_announcement,False,renewable,official_title_evidence,https://www.sse.com.cn/disclosure/fund/announcement/c/new/2026-06-03/508089_20260603_Q8UC.pdf,machine_extracted_document
SSE_508089_20260721_P5XX,508089,2026-07-21,2026-06-30,quarterly_report,False,renewable,official_title_evidence,https://www.sse.com.cn/disclosure/fund/announcement/c/new/2026-07-21/508089_20260721_P5XX.pdf,pending_extraction
SSE_508090_20251028_W337,508090,2025-10-28,2025-09-30,quarterly_report,False,logistics,official_title_evidence,https://www.sse.com.cn/disclosure/fund/announcement/c/new/2025-10-28/508090_20251028_W337.pdf,pending_extraction
SSE_508090_20260122_X9DE,508090,2026-01-22,2025-12-31,quarterly_report,False,logistics,official_title_evidence,https://www.sse.com.cn/disclosure/fund/announcement/c/new/2026-01-22/508090_20260122_X9DE.pdf,pending_extraction
SSE_508090_20260306_D3OO,508090,2026-03-06,,distribution_announcement,False,logistics,official_title_evidence,https://www.sse.com.cn/disclosure/fund/announcement/c/new/2026-03-06/508090_20260306_D3OO.pdf,machine_extracted_document
SSE_508090_20260331_KWU7,508090,2026-03-31,2025-12-31,annual_report,False,logistics,official_title_evidence,https://www.sse.com.cn/disclosure/fund/announcement/c/new/2026-03-31/508090_20260331_KWU7.pdf,pending_extraction
SSE_508090_20260422_I8CM,508090,2026-04-22,2026-03-31,quarterly_report,False,logistics,official_title_evidence,https://www.sse.com.cn/disclosure/fund/announcement/c/new/2026-04-22/508090_20260422_I8CM.pdf,pending_extraction
SSE_508090_20260721_KE9V,508090,2026-07-21,2026-06-30,quarterly_report,False,logistics,official_title_evidence,https://www.sse.com.cn/disclosure/fund/announcement/c/new/2026-07-21/508090_20260721_KE9V.pdf,pending_extraction
SSE_508090_20260810_2VNS,508090,2026-08-10,,distribution_announcement,False,logistics,official_title_evidence,https://www.sse.com.cn/disclosure/fund/announcement/c/new/2026-08-10/508090_20260810_2VNS.pdf,machine_extracted_document
SSE_508091_20260122_0WE4,508091,2026-01-22,2025-12-31,quarterly_report,False,retail,official_title_evidence,https://www.sse.com.cn/disclosure/fund/announcement/c/new/2026-01-22/508091_20260122_0WE4.pdf,pending_extraction
SSE_508091_20260327_D09K,508091,2026-03-27,2025-12-31,annual_report,False,retail,official_title_evidence,https://www.sse.com.cn/disclosure/fund/announcement/c/new/2026-03-27/508091_20260327_D09K.pdf,pending_extraction
SSE_508091_20260327_VAYL,508091,2026-03-27,,distribution_announcement,False,retail,official_title_evidence,https://www.sse.com.cn/disclosure/fund/announcement/c/new/2026-03-27/508091_20260327_VAYL.pdf,machine_extracted_document
SSE_508091_20260422_VZLN,508091,2026-04-22,2026-03-31,quarterly_report,False,retail,official_title_evidence,https://www.sse.com.cn/disclosure/fund/announcement/c/new/2026-04-22/508091_20260422_VZLN.pdf,pending_extraction
SSE_508091_20260721_BFJ1,508091,2026-07-21,2026-06-30,quarterly_report,False,retail,official_title_evidence,https://www.sse.com.cn/disclosure/fund/announcement/c/new/2026-07-21/508091_20260721_BFJ1.pdf,pending_extraction
SSE_508091_20260821_PZKV,508091,2026-08-21,,distribution_announcement,False,retail,official_title_evidence,https://www.sse.com.cn/disclosure/fund/announcement/c/new/2026-08-21/508091_20260821_PZKV.pdf,machine_extracted_document
SSE_508092_20250422_7OW4,508092,2025-04-22,2025-03-31,quarterly_report,False,industrial_park,official_title_evidence,https://www.sse.com.cn/disclosure/fund/announcement/c/new/2025-04-22/508092_20250422_7OW4.pdf,pending_extraction
SSE_508092_20250721_4FGG,508092,2025-07-21,2025-06-30,quarterly_report,False,industrial_park,official_title_evidence,https://www.sse.com.cn/disclosure/fund/announcement/c/new/2025-07-21/508092_20250721_4FGG.pdf,pending_extraction
SSE_508092_20250830_Z127,508092,2025-08-30,2025-06-30,semiannual_report,False,industrial_park,official_title_evidence,https://www.sse.com.cn/disclosure/fund/announcement/c/new/2025-08-30/508092_20250830_Z127.pdf,pending_extraction
SSE_508092_20250903_CSI0,508092,2025-09-03,,distribution_announcement,False,industrial_park,official_title_evidence,https://www.sse.com.cn/disclosure/fund/announcement/c/new/2025-09-03/508092_20250903_CSI0.pdf,machine_extracted_document
SSE_508092_20251028_6MTF,508092,2025-10-28,2025-09-30,quarterly_report,False,industrial_park,official_title_evidence,https://www.sse.com.cn/disclosure/fund/announcement/c/new/2025-10-28/508092_20251028_6MTF.pdf,pending_extraction
SSE_508092_20251119_RLJA,508092,2025-11-19,,distribution_announcement,False,industrial_park,official_title_evidence,https://www.sse.com.cn/disclosure/fund/announcement/c/new/2025-11-19/508092_20251119_RLJA.pdf,machine_extracted_document
SSE_508092_20260122_5TY5,508092,2026-01-22,2025-12-31,quarterly_report,False,industrial_park,official_title_evidence,https://www.sse.com.cn/disclosure/fund/announcement/c/new/2026-01-22/508092_20260122_5TY5.pdf,pending_extraction
SSE_508092_20260227_VUUG,508092,2026-02-27,,distribution_announcement,False,industrial_park,official_title_evidence,https://www.sse.com.cn/disclosure/fund/announcement/c/new/2026-02-27/508092_20260227_VUUG.pdf,machine_extracted_document
SSE_508092_20260327_3BKZ,508092,2026-03-27,2025-12-31,annual_report,False,industrial_park,official_title_evidence,https://www.sse.com.cn/disclosure/fund/announcement/c/new/2026-03-27/508092_20260327_3BKZ.pdf,pending_extraction
SSE_508092_20260422_70DH,508092,2026-04-22,2026-03-31,quarterly_report,False,industrial_park,official_title_evidence,https://www.sse.com.cn/disclosure/fund/announcement/c/new/2026-04-22/508092_20260422_70DH.pdf,pending_extraction
SSE_508092_20260521_02CY,508092,2026-05-21,,distribution_announcement,False,industrial_park,official_title_evidence,https://www.sse.com.cn/disclosure/fund/announcement/c/new/2026-05-21/508092_20260521_02CY.pdf,machine_extracted_document
SSE_508092_20260721_6OWI,508092,2026-07-21,2026-06-30,quarterly_report,False,industrial_park,official_title_evidence,https://www.sse.com.cn/disclosure/fund/announcement/c/new/2026-07-21/508092_20260721_6OWI.pdf,pending_extraction
SSE_508092_20260820_ZNA2,508092,2026-08-20,,distribution_announcement,False,industrial_park,official_title_evidence,https://www.sse.com.cn/disclosure/fund/announcement/c/new/2026-08-20/508092_20260820_ZNA2.pdf,machine_extracted_document
SSE_508093_20260723_9J9G,508093,2026-07-23,,distribution_announcement,False,toll_road,official_title_evidence,https://www.sse.com.cn/disclosure/fund/announcement/c/new/2026-07-23/508093_20260723_9J9G.pdf,machine_extracted_document
SSE_508096_20230720_A0O6,508096,2023-07-20,2023-06-30,quarterly_report,False,mixed_energy,human_verified,https://www.sse.com.cn/disclosure/fund/announcement/c/new/2023-07-20/508096_20230720_A0O6.pdf,observation_source_registered
SSE_508096_20230829_17E3,508096,2023-08-29,2023-06-30,semiannual_report,False,mixed_energy,human_verified,https://www.sse.com.cn/disclosure/fund/announcement/c/new/2023-08-29/508096_20230829_17E3.pdf,pending_extraction
SSE_508096_20231024_ZVCR,508096,2023-10-24,2023-09-30,quarterly_report,False,mixed_energy,human_verified,https://www.sse.com.cn/disclosure/fund/announcement/c/new/2023-10-24/508096_20231024_ZVCR.pdf,observation_source_registered
SSE_508096_20231108_HIFS,508096,2023-11-08,,distribution_announcement,False,mixed_energy,human_verified,https://www.sse.com.cn/disclosure/fund/announcement/c/new/2023-11-08/508096_20231108_HIFS.pdf,observation_source_registered
SSE_508096_20240119_MPWQ,508096,2024-01-19,2023-12-31,quarterly_report,False,mixed_energy,human_verified,https://www.sse.com.cn/disclosure/fund/announcement/c/new/2024-01-19/508096_20240119_MPWQ.pdf,observation_source_registered
SSE_508096_20240329_JKFX,508096,2024-03-29,2023-12-31,annual_report,False,mixed_energy,human_verified,https://www.sse.com.cn/disclosure/fund/announcement/c/new/2024-03-29/508096_20240329_JKFX.pdf,observation_source_registered
SSE_508096_20240420_VD9G,508096,2024-04-20,2024-03-31,quarterly_report,False,mixed_energy,human_verified,https://www.sse.com.cn/disclosure/fund/announcement/c/new/2024-04-20/508096_20240420_VD9G.pdf,observation_source_registered
SSE_508096_20240422_BO0L,508096,2024-04-22,,distribution_announcement,False,mixed_energy,human_verified,https://www.sse.com.cn/disclosure/fund/announcement/c/new/2024-04-22/508096_20240422_BO0L.pdf,observation_source_registered
SSE_508096_20240718_M0BE,508096,2024-07-18,2024-06-30,quarterly_report,False,mixed_energy,human_verified,https://www.sse.com.cn/disclosure/fund/announcement/c/new/2024-07-18/508096_20240718_M0BE.pdf,observation_source_registered
SSE_508096_20240830_V0CP,508096,2024-08-30,2024-06-30,semiannual_report,False,mixed_energy,human_verified,https://www.sse.com.cn/disclosure/fund/announcement/c/new/2024-08-30/508096_20240830_V0CP.pdf,pending_extraction
SSE_508096_20241024_4OB1,508096,2024-10-24,2024-09-30,quarterly_report,False,mixed_energy,human_verified,https://www.sse.com.cn/disclosure/fund/announcement/c/new/2024-10-24/508096_20241024_4OB1.pdf,observation_source_registered
SSE_508096_20241030_93GZ,508096,2024-10-30,,distribution_announcement,False,mixed_energy,human_verified,https://www.sse.com.cn/disclosure/fund/announcement/c/new/2024-10-30/508096_20241030_93GZ.pdf,observation_source_registered
SSE_508096_20250121_E6TE,508096,2025-01-21,2024-12-31,quarterly_report,False,mixed_energy,human_verified,https://www.sse.com.cn/disclosure/fund/announcement/c/new/2025-01-21/508096_20250121_E6TE.pdf,observation_source_registered
SSE_508096_20250331_JKSV,508096,2025-03-31,2024-12-31,annual_report,False,mixed_energy,human_verified,https://www.sse.com.cn/disclosure/fund/announcement/c/new/2025-03-31/508096_20250331_JKSV.pdf,observation_source_registered
SSE_508096_20250422_WDVS,508096,2025-04-22,2025-03-31,quarterly_report,False,mixed_energy,human_verified,https://www.sse.com.cn/disclosure/fund/announcement/c/new/2025-04-22/508096_20250422_WDVS.pdf,observation_source_registered
SSE_508096_20250721_YPD3,508096,2025-07-21,2025-06-30,quarterly_report,False,mixed_energy,human_verified,https://www.sse.com.cn/disclosure/fund/announcement/c/new/2025-07-21/508096_20250721_YPD3.pdf,observation_source_registered
SSE_508096_20250812_R0TX,508096,2025-08-12,,distribution_announcement,False,mixed_energy,human_verified,https://www.sse.com.cn/disclosure/fund/announcement/c/new/2025-08-12/508096_20250812_R0TX.pdf,observation_source_registered
SSE_508096_20250830_ZX3U,508096,2025-08-30,2025-06-30,semiannual_report,False,mixed_energy,human_verified,https://www.sse.com.cn/disclosure/fund/announcement/c/new/2025-08-30/508096_20250830_ZX3U.pdf,pending_extraction
SSE_508096_20251027_34QT,508096,2025-10-27,2025-09-30,quarterly_report,False,mixed_energy,human_verified,https://www.sse.com.cn/disclosure/fund/announcement/c/new/2025-10-27/508096_20251027_34QT.pdf,observation_source_registered
SSE_508096_20260115_35W8,508096,2026-01-15,,distribution_announcement,False,mixed_energy,human_verified,https://www.sse.com.cn/disclosure/fund/announcement/c/new/2026-01-15/508096_20260115_35W8.pdf,observation_source_registered
SSE_508096_20260122_2ECJ,508096,2026-01-22,2025-12-31,quarterly_report,False,mixed_energy,human_verified,https://www.sse.com.cn/disclosure/fund/announcement/c/new/2026-01-22/508096_20260122_2ECJ.pdf,observation_source_registered
SSE_508096_20260331_UYPB,508096,2026-03-31,2025-12-31,annual_report,False,mixed_energy,human_verified,https://www.sse.com.cn/disclosure/fund/announcement/c/new/2026-03-31/508096_20260331_UYPB.pdf,observation_source_registered
SSE_508096_20260422_A83Y,508096,2026-04-22,2026-03-31,quarterly_report,False,mixed_energy,human_verified,https://www.sse.com.cn/disclosure/fund/announcement/c/new/2026-04-22/508096_20260422_A83Y.pdf,observation_source_registered
SSE_508096_20260513_2FB2,508096,2026-05-13,,distribution_announcement,False,mixed_energy,human_verified,https://www.sse.com.cn/disclosure/fund/announcement/c/new/2026-05-13/508096_20260513_2FB2.pdf,observation_source_registered
SSE_508096_20260721_BTD8,508096,2026-07-21,2026-06-30,quarterly_report,False,mixed_energy,human_verified,https://www.sse.com.cn/disclosure/fund/announcement/c/new/2026-07-21/508096_20260721_BTD8.pdf,observation_source_registered
SSE_508096_20260806_FZ2N,508096,2026-08-06,,distribution_announcement,False,mixed_energy,human_verified,https://www.sse.com.cn/disclosure/fund/announcement/c/new/2026-08-06/508096_20260806_FZ2N.pdf,observation_source_registered
SSE_508097_20250422_0GBO,508097,2025-04-22,2025-03-31,quarterly_report,False,industrial_park,official_title_evidence,https://www.sse.com.cn/disclosure/fund/announcement/c/new/2025-04-22/508097_20250422_0GBO.pdf,pending_extraction
SSE_508097_20250425_5JF8,508097,2025-04-25,,distribution_announcement,False,industrial_park,official_title_evidence,https://www.sse.com.cn/disclosure/fund/announcement/c/new/2025-04-25/508097_20250425_5JF8.pdf,machine_extracted_document
SSE_508097_20250721_D6U8,508097,2025-07-21,2025-06-30,quarterly_report,False,industrial_park,official_title_evidence,https://www.sse.com.cn/disclosure/fund/announcement/c/new/2025-07-21/508097_20250721_D6U8.pdf,pending_extraction
SSE_508097_20250827_Z4CG,508097,2025-08-27,,distribution_announcement,False,industrial_park,official_title_evidence,https://www.sse.com.cn/disclosure/fund/announcement/c/new/2025-08-27/508097_20250827_Z4CG.pdf,machine_extracted_document
SSE_508097_20250829_72JY,508097,2025-08-29,2025-06-30,semiannual_report,False,industrial_park,official_title_evidence,https://www.sse.com.cn/disclosure/fund/announcement/c/new/2025-08-29/508097_20250829_72JY.pdf,pending_extraction
SSE_508097_20251028_3TF9,508097,2025-10-28,2025-09-30,quarterly_report,False,industrial_park,official_title_evidence,https://www.sse.com.cn/disclosure/fund/announcement/c/new/2025-10-28/508097_20251028_3TF9.pdf,pending_extraction
SSE_508097_20251217_ZYNL,508097,2025-12-17,,distribution_announcement,False,industrial_park,official_title_evidence,https://www.sse.com.cn/disclosure/fund/announcement/c/new/2025-12-17/508097_20251217_ZYNL.pdf,machine_extracted_document
SSE_508097_20260122_VLBE,508097,2026-01-22,2025-12-31,quarterly_report,False,industrial_park,official_title_evidence,https://www.sse.com.cn/disclosure/fund/announcement/c/new/2026-01-22/508097_20260122_VLBE.pdf,pending_extraction
SSE_508097_20260331_3JIZ,508097,2026-03-31,2025-12-31,annual_report,False,industrial_park,official_title_evidence,https://www.sse.com.cn/disclosure/fund/announcement/c/new/2026-03-31/508097_20260331_3JIZ.pdf,pending_extraction
SSE_508097_20260421_JX8Z,508097,2026-04-21,,distribution_announcement,False,industrial_park,official_title_evidence,https://www.sse.com.cn/disclosure/fund/announcement/c/new/2026-04-21/508097_20260421_JX8Z.pdf,machine_extracted_document
SSE_508097_20260422_3PT7,508097,2026-04-22,2026-03-31,quarterly_report,False,industrial_park,official_title_evidence,https://www.sse.com.cn/disclosure/fund/announcement/c/new/2026-04-22/508097_20260422_3PT7.pdf,pending_extraction
SSE_508097_20260721_2DPB,508097,2026-07-21,2026-06-30,quarterly_report,False,industrial_park,official_title_evidence,https://www.sse.com.cn/disclosure/fund/announcement/c/new/2026-07-21/508097_20260721_2DPB.pdf,pending_extraction
SSE_508097_20260820_9NQV,508097,2026-08-20,,distribution_announcement,False,industrial_park,official_title_evidence,https://www.sse.com.cn/disclosure/fund/announcement/c/new/2026-08-20/508097_20260820_9NQV.pdf,machine_extracted_document
SSE_508098_20230421_9GS6,508098,2023-04-21,2023-03-31,quarterly_report,False,logistics,official_title_evidence,https://www.sse.com.cn/disclosure/fund/announcement/c/new/2023-04-21/508098_20230421_9GS6.pdf,pending_extraction
SSE_508098_20230720_CLGL,508098,2023-07-20,2023-06-30,quarterly_report,False,logistics,official_title_evidence,https://www.sse.com.cn/disclosure/fund/announcement/c/new/2023-07-20/508098_20230720_CLGL.pdf,pending_extraction
SSE_508098_20230829_E3QW,508098,2023-08-29,2023-06-30,semiannual_report,False,logistics,official_title_evidence,https://www.sse.com.cn/disclosure/fund/announcement/c/new/2023-08-29/508098_20230829_E3QW.pdf,pending_extraction
SSE_508098_20231024_BCK1,508098,2023-10-24,2023-09-30,quarterly_report,False,logistics,official_title_evidence,https://www.sse.com.cn/disclosure/fund/announcement/c/new/2023-10-24/508098_20231024_BCK1.pdf,pending_extraction
SSE_508098_20231124_QBOK,508098,2023-11-24,,distribution_announcement,False,logistics,official_title_evidence,https://www.sse.com.cn/disclosure/fund/announcement/c/new/2023-11-24/508098_20231124_QBOK.pdf,machine_extracted_document
SSE_508098_20240119_NHMA,508098,2024-01-19,2023-12-31,quarterly_report,False,logistics,official_title_evidence,https://www.sse.com.cn/disclosure/fund/announcement/c/new/2024-01-19/508098_20240119_NHMA.pdf,pending_extraction
SSE_508098_20240207_H99Y,508098,2024-02-07,,distribution_announcement,False,logistics,official_title_evidence,https://www.sse.com.cn/disclosure/fund/announcement/c/new/2024-02-07/508098_20240207_H99Y.pdf,machine_extracted_document
SSE_508098_20240330_TEEP,508098,2024-03-30,2023-12-31,annual_report,False,logistics,official_title_evidence,https://www.sse.com.cn/disclosure/fund/announcement/c/new/2024-03-30/508098_20240330_TEEP.pdf,pending_extraction
SSE_508098_20240419_8GSV,508098,2024-04-19,2024-03-31,quarterly_report,False,logistics,official_title_evidence,https://www.sse.com.cn/disclosure/fund/announcement/c/new/2024-04-19/508098_20240419_8GSV.pdf,pending_extraction
SSE_508098_20240429_JEGA,508098,2024-04-29,,distribution_announcement,False,logistics,official_title_evidence,https://www.sse.com.cn/disclosure/fund/announcement/c/new/2024-04-29/508098_20240429_JEGA.pdf,machine_extracted_document
SSE_508098_20240718_BZA6,508098,2024-07-18,2024-06-30,quarterly_report,False,logistics,official_title_evidence,https://www.sse.com.cn/disclosure/fund/announcement/c/new/2024-07-18/508098_20240718_BZA6.pdf,pending_extraction
SSE_508098_20240808_M9NA,508098,2024-08-08,,distribution_announcement,False,logistics,official_title_evidence,https://www.sse.com.cn/disclosure/fund/announcement/c/new/2024-08-08/508098_20240808_M9NA.pdf,machine_extracted_document
SSE_508098_20240830_JFMR,508098,2024-08-30,2024-06-30,semiannual_report,False,logistics,official_title_evidence,https://www.sse.com.cn/disclosure/fund/announcement/c/new/2024-08-30/508098_20240830_JFMR.pdf,pending_extraction
SSE_508098_20241025_5T9D,508098,2024-10-25,2024-09-30,quarterly_report,False,logistics,official_title_evidence,https://www.sse.com.cn/disclosure/fund/announcement/c/new/2024-10-25/508098_20241025_5T9D.pdf,pending_extraction
SSE_508098_20241126_VLR4,508098,2024-11-26,,distribution_announcement,False,logistics,official_title_evidence,https://www.sse.com.cn/disclosure/fund/announcement/c/new/2024-11-26/508098_20241126_VLR4.pdf,machine_extracted_document
SSE_508098_20250122_R6NV,508098,2025-01-22,2024-12-31,quarterly_report,False,logistics,official_title_evidence,https://www.sse.com.cn/disclosure/fund/announcement/c/new/2025-01-22/508098_20250122_R6NV.pdf,pending_extraction
SSE_508098_20250328_S5MT,508098,2025-03-28,2024-12-31,annual_report,False,logistics,official_title_evidence,https://www.sse.com.cn/disclosure/fund/announcement/c/new/2025-03-28/508098_20250328_S5MT.pdf,pending_extraction
SSE_508098_20250422_GWGP,508098,2025-04-22,,distribution_announcement,False,logistics,official_title_evidence,https://www.sse.com.cn/disclosure/fund/announcement/c/new/2025-04-22/508098_20250422_GWGP.pdf,machine_extracted_document
SSE_508098_20250422_YMX6,508098,2025-04-22,2025-03-31,quarterly_report,False,logistics,official_title_evidence,https://www.sse.com.cn/disclosure/fund/announcement/c/new/2025-04-22/508098_20250422_YMX6.pdf,pending_extraction
SSE_508098_20250710_YLD2,508098,2025-07-10,,distribution_announcement,False,logistics,official_title_evidence,https://www.sse.com.cn/disclosure/fund/announcement/c/new/2025-07-10/508098_20250710_YLD2.pdf,machine_extracted_document
SSE_508098_20250721_WAEP,508098,2025-07-21,2025-06-30,quarterly_report,False,logistics,official_title_evidence,https://www.sse.com.cn/disclosure/fund/announcement/c/new/2025-07-21/508098_20250721_WAEP.pdf,pending_extraction
SSE_508098_20250829_I1C8,508098,2025-08-29,2025-06-30,semiannual_report,False,logistics,official_title_evidence,https://www.sse.com.cn/disclosure/fund/announcement/c/new/2025-08-29/508098_20250829_I1C8.pdf,pending_extraction
SSE_508098_20250915_A9Y3,508098,2025-09-15,,distribution_announcement,False,logistics,official_title_evidence,https://www.sse.com.cn/disclosure/fund/announcement/c/new/2025-09-15/508098_20250915_A9Y3.pdf,machine_extracted_document
SSE_508098_20251028_S8I3,508098,2025-10-28,2025-09-30,quarterly_report,False,logistics,official_title_evidence,https://www.sse.com.cn/disclosure/fund/announcement/c/new/2025-10-28/508098_20251028_S8I3.pdf,pending_extraction
SSE_508098_20251209_EKE5,508098,2025-12-09,,distribution_announcement,False,logistics,official_title_evidence,https://www.sse.com.cn/disclosure/fund/announcement/c/new/2025-12-09/508098_20251209_EKE5.pdf,machine_extracted_document
SSE_508098_20260122_5RVK,508098,2026-01-22,2025-12-31,quarterly_report,False,logistics,official_title_evidence,https://www.sse.com.cn/disclosure/fund/announcement/c/new/2026-01-22/508098_20260122_5RVK.pdf,pending_extraction
SSE_508098_20260330_4QPV,508098,2026-03-30,2025-12-31,annual_report,False,logistics,official_title_evidence,https://www.sse.com.cn/disclosure/fund/announcement/c/new/2026-03-30/508098_20260330_4QPV.pdf,pending_extraction
SSE_508098_20260422_J42F,508098,2026-04-22,2026-03-31,quarterly_report,False,logistics,official_title_evidence,https://www.sse.com.cn/disclosure/fund/announcement/c/new/2026-04-22/508098_20260422_J42F.pdf,pending_extraction
SSE_508098_20260508_U9L2,508098,2026-05-08,,distribution_announcement,False,logistics,official_title_evidence,https://www.sse.com.cn/disclosure/fund/announcement/c/new/2026-05-08/508098_20260508_U9L2.pdf,machine_extracted_document
SSE_508098_20260701_W56U,508098,2026-07-01,,distribution_announcement,False,logistics,official_title_evidence,https://www.sse.com.cn/disclosure/fund/announcement/c/new/2026-07-01/508098_20260701_W56U.pdf,machine_extracted_document
SSE_508098_20260721_2EIN,508098,2026-07-21,2026-06-30,quarterly_report,False,logistics,official_title_evidence,https://www.sse.com.cn/disclosure/fund/announcement/c/new/2026-07-21/508098_20260721_2EIN.pdf,pending_extraction
SSE_508099_20220421_1_7yJf07ma,508099,2022-04-21,2022-03-31,quarterly_report,False,industrial_park,official_title_evidence,https://www.sse.com.cn/disclosure/fund/announcement/c/new/2022-04-21/508099_20220421_1_7yJf07ma.pdf,pending_extraction
SSE_508099_20220518_1_YhfsNM7r,508099,2022-05-18,,distribution_announcement,False,industrial_park,official_title_evidence,https://www.sse.com.cn/disclosure/fund/announcement/c/new/2022-05-18/508099_20220518_1_YhfsNM7r.pdf,machine_extracted_document
SSE_508099_20220720_1_88uk5Yh8,508099,2022-07-20,2022-06-30,quarterly_report,False,industrial_park,official_title_evidence,https://www.sse.com.cn/disclosure/fund/announcement/c/new/2022-07-20/508099_20220720_1_88uk5Yh8.pdf,pending_extraction
SSE_508099_20220830_1_hprGWNAq,508099,2022-08-30,2022-06-30,semiannual_report,False,industrial_park,official_title_evidence,https://www.sse.com.cn/disclosure/fund/announcement/c/new/2022-08-30/508099_20220830_1_hprGWNAq.pdf,pending_extraction
SSE_508099_20221025_1_C4SRmU9b,508099,2022-10-25,2022-09-30,quarterly_report,False,industrial_park,official_title_evidence,https://www.sse.com.cn/disclosure/fund/announcement/c/new/2022-10-25/508099_20221025_1_C4SRmU9b.pdf,pending_extraction
SSE_508099_20230120_UPGM,508099,2023-01-20,2022-12-31,quarterly_report,False,industrial_park,official_title_evidence,https://www.sse.com.cn/disclosure/fund/announcement/c/new/2023-01-20/508099_20230120_UPGM.pdf,pending_extraction
SSE_508099_20230330_TB69,508099,2023-03-30,2022-12-31,annual_report,False,industrial_park,official_title_evidence,https://www.sse.com.cn/disclosure/fund/announcement/c/new/2023-03-30/508099_20230330_TB69.pdf,pending_extraction
SSE_508099_20230421_JEC2,508099,2023-04-21,2023-03-31,quarterly_report,False,industrial_park,official_title_evidence,https://www.sse.com.cn/disclosure/fund/announcement/c/new/2023-04-21/508099_20230421_JEC2.pdf,pending_extraction
SSE_508099_20230511_8UPX,508099,2023-05-11,,distribution_announcement,False,industrial_park,official_title_evidence,https://www.sse.com.cn/disclosure/fund/announcement/c/new/2023-05-11/508099_20230511_8UPX.pdf,machine_extracted_document
SSE_508099_20230720_XDZY,508099,2023-07-20,2023-06-30,quarterly_report,False,industrial_park,official_title_evidence,https://www.sse.com.cn/disclosure/fund/announcement/c/new/2023-07-20/508099_20230720_XDZY.pdf,pending_extraction
SSE_508099_20230809_E139,508099,2023-08-09,,distribution_announcement,False,industrial_park,official_title_evidence,https://www.sse.com.cn/disclosure/fund/announcement/c/new/2023-08-09/508099_20230809_E139.pdf,machine_extracted_document
SSE_508099_20230830_TSJ2,508099,2023-08-30,2023-06-30,semiannual_report,False,industrial_park,official_title_evidence,https://www.sse.com.cn/disclosure/fund/announcement/c/new/2023-08-30/508099_20230830_TSJ2.pdf,pending_extraction
SSE_508099_20231024_Q1TT,508099,2023-10-24,2023-09-30,quarterly_report,False,industrial_park,official_title_evidence,https://www.sse.com.cn/disclosure/fund/announcement/c/new/2023-10-24/508099_20231024_Q1TT.pdf,pending_extraction
SSE_508099_20240122_5J9L,508099,2024-01-22,2023-12-31,quarterly_report,False,industrial_park,official_title_evidence,https://www.sse.com.cn/disclosure/fund/announcement/c/new/2024-01-22/508099_20240122_5J9L.pdf,pending_extraction
SSE_508099_20240330_RVW4,508099,2024-03-30,2023-12-31,annual_report,False,industrial_park,official_title_evidence,https://www.sse.com.cn/disclosure/fund/announcement/c/new/2024-03-30/508099_20240330_RVW4.pdf,pending_extraction
SSE_508099_20240420_EEUI,508099,2024-04-20,2024-03-31,quarterly_report,False,industrial_park,official_title_evidence,https://www.sse.com.cn/disclosure/fund/announcement/c/new/2024-04-20/508099_20240420_EEUI.pdf,pending_extraction
SSE_508099_20240508_EZX8,508099,2024-05-08,,distribution_announcement,False,industrial_park,official_title_evidence,https://www.sse.com.cn/disclosure/fund/announcement/c/new/2024-05-08/508099_20240508_EZX8.pdf,machine_extracted_document
SSE_508099_20240719_8W4O,508099,2024-07-19,2024-06-30,quarterly_report,False,industrial_park,official_title_evidence,https://www.sse.com.cn/disclosure/fund/announcement/c/new/2024-07-19/508099_20240719_8W4O.pdf,pending_extraction
SSE_508099_20240829_LABX,508099,2024-08-29,2024-06-30,semiannual_report,False,industrial_park,official_title_evidence,https://www.sse.com.cn/disclosure/fund/announcement/c/new/2024-08-29/508099_20240829_LABX.pdf,pending_extraction
SSE_508099_20240926_C65E,508099,2024-09-26,,distribution_announcement,False,industrial_park,official_title_evidence,https://www.sse.com.cn/disclosure/fund/announcement/c/new/2024-09-26/508099_20240926_C65E.pdf,machine_extracted_document
SSE_508099_20241025_SXVJ,508099,2024-10-25,2024-09-30,quarterly_report,False,industrial_park,official_title_evidence,https://www.sse.com.cn/disclosure/fund/announcement/c/new/2024-10-25/508099_20241025_SXVJ.pdf,pending_extraction
SSE_508099_20250122_XU3Z,508099,2025-01-22,2024-12-31,quarterly_report,False,industrial_park,official_title_evidence,https://www.sse.com.cn/disclosure/fund/announcement/c/new/2025-01-22/508099_20250122_XU3Z.pdf,pending_extraction
SSE_508099_20250331_62GJ,508099,2025-03-31,2024-12-31,annual_report,False,industrial_park,official_title_evidence,https://www.sse.com.cn/disclosure/fund/announcement/c/new/2025-03-31/508099_20250331_62GJ.pdf,pending_extraction
SSE_508099_20250331_FW7N,508099,2025-03-31,,distribution_announcement,False,industrial_park,official_title_evidence,https://www.sse.com.cn/disclosure/fund/announcement/c/new/2025-03-31/508099_20250331_FW7N.pdf,machine_extracted_document
SSE_508099_20250422_MNG2,508099,2025-04-22,2025-03-31,quarterly_report,False,industrial_park,official_title_evidence,https://www.sse.com.cn/disclosure/fund/announcement/c/new/2025-04-22/508099_20250422_MNG2.pdf,pending_extraction
SSE_508099_20250721_KTOK,508099,2025-07-21,2025-06-30,quarterly_report,False,industrial_park,official_title_evidence,https://www.sse.com.cn/disclosure/fund/announcement/c/new/2025-07-21/508099_20250721_KTOK.pdf,pending_extraction
SSE_508099_20250830_EZJE,508099,2025-08-30,,distribution_announcement,False,industrial_park,official_title_evidence,https://www.sse.com.cn/disclosure/fund/announcement/c/new/2025-08-30/508099_20250830_EZJE.pdf,machine_extracted_document
SSE_508099_20250830_M6BA,508099,2025-08-30,2025-06-30,semiannual_report,False,industrial_park,official_title_evidence,https://www.sse.com.cn/disclosure/fund/announcement/c/new/2025-08-30/508099_20250830_M6BA.pdf,pending_extraction
SSE_508099_20251028_B99U,508099,2025-10-28,2025-09-30,quarterly_report,False,industrial_park,official_title_evidence,https://www.sse.com.cn/disclosure/fund/announcement/c/new/2025-10-28/508099_20251028_B99U.pdf,pending_extraction
SSE_508099_20260121_5JNJ,508099,2026-01-21,2025-12-31,quarterly_report,False,industrial_park,official_title_evidence,https://www.sse.com.cn/disclosure/fund/announcement/c/new/2026-01-21/508099_20260121_5JNJ.pdf,pending_extraction
SSE_508099_20260331_VDRH,508099,2026-03-31,2025-12-31,annual_report,False,industrial_park,official_title_evidence,https://www.sse.com.cn/disclosure/fund/announcement/c/new/2026-03-31/508099_20260331_VDRH.pdf,pending_extraction
SSE_508099_20260403_RND5,508099,2026-04-03,,distribution_announcement,False,industrial_park,official_title_evidence,https://www.sse.com.cn/disclosure/fund/announcement/c/new/2026-04-03/508099_20260403_RND5.pdf,machine_extracted_document
SSE_508099_20260422_67AT,508099,2026-04-22,2026-03-31,quarterly_report,False,industrial_park,official_title_evidence,https://www.sse.com.cn/disclosure/fund/announcement/c/new/2026-04-22/508099_20260422_67AT.pdf,pending_extraction
SSE_508099_20260710_JCZO,508099,2026-07-10,,distribution_announcement,False,industrial_park,official_title_evidence,https://www.sse.com.cn/disclosure/fund/announcement/c/new/2026-07-10/508099_20260710_JCZO.pdf,machine_extracted_document
SSE_508099_20260721_R4QU,508099,2026-07-21,2026-06-30,quarterly_report,False,industrial_park,official_title_evidence,https://www.sse.com.cn/disclosure/fund/announcement/c/new/2026-07-21/508099_20260721_R4QU.pdf,pending_extraction
