symbol,date,close,adjustment,source,retrieved_at
508026,2024-03-28,2.769,hfq,东方财富push2his（AKShare包装或直接fallback）,2026-09-03T01:01:38.738585+08:00
508026,2024-03-29,2.848,hfq,东方财富push2his（AKShare包装或直接fallback）,2026-09-03T01:01:38.738585+08:00
508026,2024-04-01,2.861,hfq,东方财富push2his（AKShare包装或直接fallback）,2026-09-03T01:01:38.738585+08:00
508026,2024-04-02,2.86,hfq,东方财富push2his（AKShare包装或直接fallback）,2026-09-03T01:01:38.738585+08:00
508026,2024-04-03,2.87,hfq,东方财富push2his（AKShare包装或直接fallback）,2026-09-03T01:01:38.738585+08:00
508026,2024-04-08,2.907,hfq,东方财富push2his（AKShare包装或直接fallback）,2026-09-03T01:01:38.738585+08:00
508026,2024-04-09,2.92,hfq,东方财富push2his（AKShare包装或直接fallback）,2026-09-03T01:01:38.738585+08:00
508026,2024-04-10,2.93,hfq,东方财富push2his（AKShare包装或直接fallback）,2026-09-03T01:01:38.738585+08:00
508026,2024-04-11,2.976,hfq,东方财富push2his（AKShare包装或直接fallback）,2026-09-03T01:01:38.738585+08:00
508026,2024-04-12,2.995,hfq,东方财富push2his（AKShare包装或直接fallback）,2026-09-03T01:01:38.738585+08:00
508026,2024-04-15,2.951,hfq,东方财富push2his（AKShare包装或直接fallback）,2026-09-03T01:01:38.738585+08:00
508026,2024-04-16,2.979,hfq,东方财富push2his（AKShare包装或直接fallback）,2026-09-03T01:01:38.738585+08:00
508026,2024-04-17,2.993,hfq,东方财富push2his（AKShare包装或直接fallback）,2026-09-03T01:01:38.738585+08:00
508026,2024-04-18,3.001,hfq,东方财富push2his（AKShare包装或直接fallback）,2026-09-03T01:01:38.738585+08:00
508026,2024-04-19,2.994,hfq,东方财富push2his（AKShare包装或直接fallback）,2026-09-03T01:01:38.738585+08:00
508026,2024-04-22,2.991,hfq,东方财富push2his（AKShare包装或直接fallback）,2026-09-03T01:01:38.738585+08:00
508026,2024-04-23,3.032,hfq,东方财富push2his（AKShare包装或直接fallback）,2026-09-03T01:01:38.738585+08:00
508026,2024-04-24,3.033,hfq,东方财富push2his（AKShare包装或直接fallback）,2026-09-03T01:01:38.738585+08:00
508026,2024-04-25,3.095,hfq,东方财富push2his（AKShare包装或直接fallback）,2026-09-03T01:01:38.738585+08:00
508026,2024-04-26,3.166,hfq,东方财富push2his（AKShare包装或直接fallback）,2026-09-03T01:01:38.738585+08:00
508026,2024-04-29,3.177,hfq,东方财富push2his（AKShare包装或直接fallback）,2026-09-03T01:01:38.738585+08:00
508026,2024-04-30,3.208,hfq,东方财富push2his（AKShare包装或直接fallback）,2026-09-03T01:01:38.738585+08:00
508026,2024-05-06,3.205,hfq,东方财富push2his（AKShare包装或直接fallback）,2026-09-03T01:01:38.738585+08:00
508026,2024-05-07,3.195,hfq,东方财富push2his（AKShare包装或直接fallback）,2026-09-03T01:01:38.738585+08:00
508026,2024-05-08,3.178,hfq,东方财富push2his（AKShare包装或直接fallback）,2026-09-03T01:01:38.738585+08:00
508026,2024-05-09,3.174,hfq,东方财富push2his（AKShare包装或直接fallback）,2026-09-03T01:01:38.738585+08:00
508026,2024-05-10,3.179,hfq,东方财富push2his（AKShare包装或直接fallback）,2026-09-03T01:01:38.738585+08:00
508026,2024-05-13,3.187,hfq,东方财富push2his（AKShare包装或直接fallback）,2026-09-03T01:01:38.738585+08:00
508026,2024-05-14,3.2,hfq,东方财富push2his（AKShare包装或直接fallback）,2026-09-03T01:01:38.738585+08:00
508026,2024-05-15,3.249,hfq,东方财富push2his（AKShare包装或直接fallback）,2026-09-03T01:01:38.738585+08:00
508026,2024-05-16,3.262,hfq,东方财富push2his（AKShare包装或直接fallback）,2026-09-03T01:01:38.738585+08:00
508026,2024-05-17,3.276,hfq,东方财富push2his（AKShare包装或直接fallback）,2026-09-03T01:01:38.738585+08:00
508026,2024-05-20,3.244,hfq,东方财富push2his（AKShare包装或直接fallback）,2026-09-03T01:01:38.738585+08:00
508026,2024-05-21,3.19,hfq,东方财富push2his（AKShare包装或直接fallback）,2026-09-03T01:01:38.738585+08:00
508026,2024-05-22,3.117,hfq,东方财富push2his（AKShare包装或直接fallback）,2026-09-03T01:01:38.738585+08:00
508026,2024-05-23,3.096,hfq,东方财富push2his（AKShare包装或直接fallback）,2026-09-03T01:01:38.738585+08:00
508026,2024-05-24,3.119,hfq,东方财富push2his（AKShare包装或直接fallback）,2026-09-03T01:01:38.738585+08:00
508026,2024-05-27,3.116,hfq,东方财富push2his（AKShare包装或直接fallback）,2026-09-03T01:01:38.738585+08:00
508026,2024-05-28,3.14,hfq,东方财富push2his（AKShare包装或直接fallback）,2026-09-03T01:01:38.738585+08:00
508026,2024-05-29,3.139,hfq,东方财富push2his（AKShare包装或直接fallback）,2026-09-03T01:01:38.738585+08:00
508026,2024-05-30,3.139,hfq,东方财富push2his（AKShare包装或直接fallback）,2026-09-03T01:01:38.738585+08:00
508026,2024-05-31,3.164,hfq,东方财富push2his（AKShare包装或直接fallback）,2026-09-03T01:01:38.738585+08:00
508026,2024-06-03,3.17,hfq,东方财富push2his（AKShare包装或直接fallback）,2026-09-03T01:01:38.738585+08:00
508026,2024-06-04,3.165,hfq,东方财富push2his（AKShare包装或直接fallback）,2026-09-03T01:01:38.738585+08:00
508026,2024-06-05,3.203,hfq,东方财富push2his（AKShare包装或直接fallback）,2026-09-03T01:01:38.738585+08:00
508026,2024-06-06,3.21,hfq,东方财富push2his（AKShare包装或直接fallback）,2026-09-03T01:01:38.738585+08:00
508026,2024-06-07,3.198,hfq,东方财富push2his（AKShare包装或直接fallback）,2026-09-03T01:01:38.738585+08:00
508026,2024-06-11,3.175,hfq,东方财富push2his（AKShare包装或直接fallback）,2026-09-03T01:01:38.738585+08:00
508026,2024-06-12,3.16,hfq,东方财富push2his（AKShare包装或直接fallback）,2026-09-03T01:01:38.738585+08:00
508026,2024-06-13,3.161,hfq,东方财富push2his（AKShare包装或直接fallback）,2026-09-03T01:01:38.738585+08:00
508026,2024-06-14,3.163,hfq,东方财富push2his（AKShare包装或直接fallback）,2026-09-03T01:01:38.738585+08:00
508026,2024-06-17,3.184,hfq,东方财富push2his（AKShare包装或直接fallback）,2026-09-03T01:01:38.738585+08:00
508026,2024-06-18,3.184,hfq,东方财富push2his（AKShare包装或直接fallback）,2026-09-03T01:01:38.738585+08:00
508026,2024-06-19,3.177,hfq,东方财富push2his（AKShare包装或直接fallback）,2026-09-03T01:01:38.738585+08:00
508026,2024-06-20,3.176,hfq,东方财富push2his（AKShare包装或直接fallback）,2026-09-03T01:01:38.738585+08:00
508026,2024-06-21,3.179,hfq,东方财富push2his（AKShare包装或直接fallback）,2026-09-03T01:01:38.738585+08:00
508026,2024-06-24,3.236,hfq,东方财富push2his（AKShare包装或直接fallback）,2026-09-03T01:01:38.738585+08:00
508026,2024-06-25,3.264,hfq,东方财富push2his（AKShare包装或直接fallback）,2026-09-03T01:01:38.738585+08:00
508026,2024-06-26,3.27,hfq,东方财富push2his（AKShare包装或直接fallback）,2026-09-03T01:01:38.738585+08:00
508026,2024-06-27,3.373,hfq,东方财富push2his（AKShare包装或直接fallback）,2026-09-03T01:01:38.738585+08:00
508026,2024-06-28,3.407,hfq,东方财富push2his（AKShare包装或直接fallback）,2026-09-03T01:01:38.738585+08:00
508026,2024-07-01,3.399,hfq,东方财富push2his（AKShare包装或直接fallback）,2026-09-03T01:01:38.738585+08:00
508026,2024-07-02,3.397,hfq,东方财富push2his（AKShare包装或直接fallback）,2026-09-03T01:01:38.738585+08:00
508026,2024-07-03,3.4,hfq,东方财富push2his（AKShare包装或直接fallback）,2026-09-03T01:01:38.738585+08:00
508026,2024-07-04,3.34,hfq,东方财富push2his（AKShare包装或直接fallback）,2026-09-03T01:01:38.738585+08:00
508026,2024-07-05,3.3,hfq,东方财富push2his（AKShare包装或直接fallback）,2026-09-03T01:01:38.738585+08:00
508026,2024-07-08,3.326,hfq,东方财富push2his（AKShare包装或直接fallback）,2026-09-03T01:01:38.738585+08:00
508026,2024-07-09,3.324,hfq,东方财富push2his（AKShare包装或直接fallback）,2026-09-03T01:01:38.738585+08:00
508026,2024-07-10,3.324,hfq,东方财富push2his（AKShare包装或直接fallback）,2026-09-03T01:01:38.738585+08:00
508026,2024-07-11,3.311,hfq,东方财富push2his（AKShare包装或直接fallback）,2026-09-03T01:01:38.738585+08:00
508026,2024-07-12,3.325,hfq,东方财富push2his（AKShare包装或直接fallback）,2026-09-03T01:01:38.738585+08:00
508026,2024-07-15,3.405,hfq,东方财富push2his（AKShare包装或直接fallback）,2026-09-03T01:01:38.738585+08:00
508026,2024-07-16,3.409,hfq,东方财富push2his（AKShare包装或直接fallback）,2026-09-03T01:01:38.738585+08:00
508026,2024-07-17,3.404,hfq,东方财富push2his（AKShare包装或直接fallback）,2026-09-03T01:01:38.738585+08:00
508026,2024-07-18,3.453,hfq,东方财富push2his（AKShare包装或直接fallback）,2026-09-03T01:01:38.738585+08:00
508026,2024-07-19,3.453,hfq,东方财富push2his（AKShare包装或直接fallback）,2026-09-03T01:01:38.738585+08:00
508026,2024-07-22,3.455,hfq,东方财富push2his（AKShare包装或直接fallback）,2026-09-03T01:01:38.738585+08:00
508026,2024-07-23,3.441,hfq,东方财富push2his（AKShare包装或直接fallback）,2026-09-03T01:01:38.738585+08:00
508026,2024-07-24,3.429,hfq,东方财富push2his（AKShare包装或直接fallback）,2026-09-03T01:01:38.738585+08:00
508026,2024-07-25,3.429,hfq,东方财富push2his（AKShare包装或直接fallback）,2026-09-03T01:01:38.738585+08:00
508026,2024-07-26,3.44,hfq,东方财富push2his（AKShare包装或直接fallback）,2026-09-03T01:01:38.738585+08:00
508026,2024-07-29,3.426,hfq,东方财富push2his（AKShare包装或直接fallback）,2026-09-03T01:01:38.738585+08:00
508026,2024-07-30,3.422,hfq,东方财富push2his（AKShare包装或直接fallback）,2026-09-03T01:01:38.738585+08:00
508026,2024-07-31,3.422,hfq,东方财富push2his（AKShare包装或直接fallback）,2026-09-03T01:01:38.738585+08:00
508026,2024-08-01,3.422,hfq,东方财富push2his（AKShare包装或直接fallback）,2026-09-03T01:01:38.738585+08:00
508026,2024-08-02,3.434,hfq,东方财富push2his（AKShare包装或直接fallback）,2026-09-03T01:01:38.738585+08:00
508026,2024-08-05,3.54,hfq,东方财富push2his（AKShare包装或直接fallback）,2026-09-03T01:01:38.738585+08:00
508026,2024-08-06,3.545,hfq,东方财富push2his（AKShare包装或直接fallback）,2026-09-03T01:01:38.738585+08:00
508026,2024-08-07,3.554,hfq,东方财富push2his（AKShare包装或直接fallback）,2026-09-03T01:01:38.738585+08:00
508026,2024-08-08,3.54,hfq,东方财富push2his（AKShare包装或直接fallback）,2026-09-03T01:01:38.738585+08:00
508026,2024-08-09,3.511,hfq,东方财富push2his（AKShare包装或直接fallback）,2026-09-03T01:01:38.738585+08:00
508026,2024-08-12,3.483,hfq,东方财富push2his（AKShare包装或直接fallback）,2026-09-03T01:01:38.738585+08:00
508026,2024-08-13,3.462,hfq,东方财富push2his（AKShare包装或直接fallback）,2026-09-03T01:01:38.738585+08:00
508026,2024-08-14,3.513,hfq,东方财富push2his（AKShare包装或直接fallback）,2026-09-03T01:01:38.738585+08:00
508026,2024-08-15,3.526,hfq,东方财富push2his（AKShare包装或直接fallback）,2026-09-03T01:01:38.738585+08:00
508026,2024-08-16,3.518,hfq,东方财富push2his（AKShare包装或直接fallback）,2026-09-03T01:01:38.738585+08:00
508026,2024-08-19,3.52,hfq,东方财富push2his（AKShare包装或直接fallback）,2026-09-03T01:01:38.738585+08:00
508026,2024-08-20,3.579,hfq,东方财富push2his（AKShare包装或直接fallback）,2026-09-03T01:01:38.738585+08:00
508026,2024-08-21,3.542,hfq,东方财富push2his（AKShare包装或直接fallback）,2026-09-03T01:01:38.738585+08:00
508026,2024-08-22,3.537,hfq,东方财富push2his（AKShare包装或直接fallback）,2026-09-03T01:01:38.738585+08:00
508026,2024-08-23,3.539,hfq,东方财富push2his（AKShare包装或直接fallback）,2026-09-03T01:01:38.738585+08:00
508026,2024-08-26,3.54,hfq,东方财富push2his（AKShare包装或直接fallback）,2026-09-03T01:01:38.738585+08:00
508026,2024-08-27,3.526,hfq,东方财富push2his（AKShare包装或直接fallback）,2026-09-03T01:01:38.738585+08:00
508026,2024-08-28,3.536,hfq,东方财富push2his（AKShare包装或直接fallback）,2026-09-03T01:01:38.738585+08:00
508026,2024-08-29,3.532,hfq,东方财富push2his（AKShare包装或直接fallback）,2026-09-03T01:01:38.738585+08:00
508026,2024-08-30,3.526,hfq,东方财富push2his（AKShare包装或直接fallback）,2026-09-03T01:01:38.738585+08:00
508026,2024-09-02,3.514,hfq,东方财富push2his（AKShare包装或直接fallback）,2026-09-03T01:01:38.738585+08:00
508026,2024-09-03,3.493,hfq,东方财富push2his（AKShare包装或直接fallback）,2026-09-03T01:01:38.738585+08:00
508026,2024-09-04,3.494,hfq,东方财富push2his（AKShare包装或直接fallback）,2026-09-03T01:01:38.738585+08:00
508026,2024-09-05,3.494,hfq,东方财富push2his（AKShare包装或直接fallback）,2026-09-03T01:01:38.738585+08:00
508026,2024-09-06,3.466,hfq,东方财富push2his（AKShare包装或直接fallback）,2026-09-03T01:01:38.738585+08:00
508026,2024-09-09,3.493,hfq,东方财富push2his（AKShare包装或直接fallback）,2026-09-03T01:01:38.738585+08:00
508026,2024-09-10,3.482,hfq,东方财富push2his（AKShare包装或直接fallback）,2026-09-03T01:01:38.738585+08:00
508026,2024-09-11,3.453,hfq,东方财富push2his（AKShare包装或直接fallback）,2026-09-03T01:01:38.738585+08:00
508026,2024-09-12,3.425,hfq,东方财富push2his（AKShare包装或直接fallback）,2026-09-03T01:01:38.738585+08:00
508026,2024-09-13,3.484,hfq,东方财富push2his（AKShare包装或直接fallback）,2026-09-03T01:01:38.738585+08:00
508026,2024-09-18,3.5,hfq,东方财富push2his（AKShare包装或直接fallback）,2026-09-03T01:01:38.738585+08:00
508026,2024-09-19,3.498,hfq,东方财富push2his（AKShare包装或直接fallback）,2026-09-03T01:01:38.738585+08:00
508026,2024-09-20,3.509,hfq,东方财富push2his（AKShare包装或直接fallback）,2026-09-03T01:01:38.738585+08:00
508026,2024-09-23,3.479,hfq,东方财富push2his（AKShare包装或直接fallback）,2026-09-03T01:01:38.738585+08:00
508026,2024-09-24,3.483,hfq,东方财富push2his（AKShare包装或直接fallback）,2026-09-03T01:01:38.738585+08:00
508026,2024-09-25,3.483,hfq,东方财富push2his（AKShare包装或直接fallback）,2026-09-03T01:01:38.738585+08:00
508026,2024-09-26,3.473,hfq,东方财富push2his（AKShare包装或直接fallback）,2026-09-03T01:01:38.738585+08:00
508026,2024-09-27,3.452,hfq,东方财富push2his（AKShare包装或直接fallback）,2026-09-03T01:01:38.738585+08:00
508026,2024-09-30,3.417,hfq,东方财富push2his（AKShare包装或直接fallback）,2026-09-03T01:01:38.738585+08:00
508026,2024-10-08,3.401,hfq,东方财富push2his（AKShare包装或直接fallback）,2026-09-03T01:01:38.738585+08:00
508026,2024-10-09,3.381,hfq,东方财富push2his（AKShare包装或直接fallback）,2026-09-03T01:01:38.738585+08:00
508026,2024-10-10,3.383,hfq,东方财富push2his（AKShare包装或直接fallback）,2026-09-03T01:01:38.738585+08:00
508026,2024-10-11,3.4,hfq,东方财富push2his（AKShare包装或直接fallback）,2026-09-03T01:01:38.738585+08:00
508026,2024-10-14,3.399,hfq,东方财富push2his（AKShare包装或直接fallback）,2026-09-03T01:01:38.738585+08:00
508026,2024-10-15,3.38,hfq,东方财富push2his（AKShare包装或直接fallback）,2026-09-03T01:01:38.738585+08:00
508026,2024-10-16,3.376,hfq,东方财富push2his（AKShare包装或直接fallback）,2026-09-03T01:01:38.738585+08:00
508026,2024-10-17,3.373,hfq,东方财富push2his（AKShare包装或直接fallback）,2026-09-03T01:01:38.738585+08:00
508026,2024-10-18,3.376,hfq,东方财富push2his（AKShare包装或直接fallback）,2026-09-03T01:01:38.738585+08:00
508026,2024-10-21,3.38,hfq,东方财富push2his（AKShare包装或直接fallback）,2026-09-03T01:01:38.738585+08:00
508026,2024-10-22,3.379,hfq,东方财富push2his（AKShare包装或直接fallback）,2026-09-03T01:01:38.738585+08:00
508026,2024-10-23,3.36,hfq,东方财富push2his（AKShare包装或直接fallback）,2026-09-03T01:01:38.738585+08:00
508026,2024-10-24,3.332,hfq,东方财富push2his（AKShare包装或直接fallback）,2026-09-03T01:01:38.738585+08:00
508026,2024-10-25,3.333,hfq,东方财富push2his（AKShare包装或直接fallback）,2026-09-03T01:01:38.738585+08:00
508026,2024-10-28,3.33,hfq,东方财富push2his（AKShare包装或直接fallback）,2026-09-03T01:01:38.738585+08:00
508026,2024-10-29,3.356,hfq,东方财富push2his（AKShare包装或直接fallback）,2026-09-03T01:01:38.738585+08:00
508026,2024-10-30,3.417,hfq,东方财富push2his（AKShare包装或直接fallback）,2026-09-03T01:01:38.738585+08:00
508026,2024-10-31,3.439,hfq,东方财富push2his（AKShare包装或直接fallback）,2026-09-03T01:01:38.738585+08:00
508026,2024-11-01,3.441,hfq,东方财富push2his（AKShare包装或直接fallback）,2026-09-03T01:01:38.738585+08:00
508026,2024-11-04,3.442,hfq,东方财富push2his（AKShare包装或直接fallback）,2026-09-03T01:01:38.738585+08:00
508026,2024-11-05,3.433,hfq,东方财富push2his（AKShare包装或直接fallback）,2026-09-03T01:01:38.738585+08:00
508026,2024-11-06,3.455,hfq,东方财富push2his（AKShare包装或直接fallback）,2026-09-03T01:01:38.738585+08:00
508026,2024-11-07,3.457,hfq,东方财富push2his（AKShare包装或直接fallback）,2026-09-03T01:01:38.738585+08:00
508026,2024-11-08,3.46,hfq,东方财富push2his（AKShare包装或直接fallback）,2026-09-03T01:01:38.738585+08:00
508026,2024-11-11,3.485,hfq,东方财富push2his（AKShare包装或直接fallback）,2026-09-03T01:01:38.738585+08:00
508026,2024-11-12,3.555,hfq,东方财富push2his（AKShare包装或直接fallback）,2026-09-03T01:01:38.738585+08:00
508026,2024-11-13,3.595,hfq,东方财富push2his（AKShare包装或直接fallback）,2026-09-03T01:01:38.738585+08:00
508026,2024-11-14,3.532,hfq,东方财富push2his（AKShare包装或直接fallback）,2026-09-03T01:01:38.738585+08:00
508026,2024-11-15,3.497,hfq,东方财富push2his（AKShare包装或直接fallback）,2026-09-03T01:01:38.738585+08:00
508026,2024-11-18,3.487,hfq,东方财富push2his（AKShare包装或直接fallback）,2026-09-03T01:01:38.738585+08:00
508026,2024-11-19,3.471,hfq,东方财富push2his（AKShare包装或直接fallback）,2026-09-03T01:01:38.738585+08:00
508026,2024-11-20,3.523,hfq,东方财富push2his（AKShare包装或直接fallback）,2026-09-03T01:01:38.738585+08:00
508026,2024-11-21,3.554,hfq,东方财富push2his（AKShare包装或直接fallback）,2026-09-03T01:01:38.738585+08:00
508026,2024-11-22,3.525,hfq,东方财富push2his（AKShare包装或直接fallback）,2026-09-03T01:01:38.738585+08:00
508026,2024-11-25,3.513,hfq,东方财富push2his（AKShare包装或直接fallback）,2026-09-03T01:01:38.738585+08:00
508026,2024-11-26,3.506,hfq,东方财富push2his（AKShare包装或直接fallback）,2026-09-03T01:01:38.738585+08:00
508026,2024-11-27,3.502,hfq,东方财富push2his（AKShare包装或直接fallback）,2026-09-03T01:01:38.738585+08:00
508026,2024-11-28,3.541,hfq,东方财富push2his（AKShare包装或直接fallback）,2026-09-03T01:01:38.738585+08:00
508026,2024-11-29,3.561,hfq,东方财富push2his（AKShare包装或直接fallback）,2026-09-03T01:01:38.738585+08:00
508026,2024-12-02,3.583,hfq,东方财富push2his（AKShare包装或直接fallback）,2026-09-03T01:01:38.738585+08:00
508026,2024-12-03,3.596,hfq,东方财富push2his（AKShare包装或直接fallback）,2026-09-03T01:01:38.738585+08:00
508026,2024-12-04,3.584,hfq,东方财富push2his（AKShare包装或直接fallback）,2026-09-03T01:01:38.738585+08:00
508026,2024-12-05,3.59,hfq,东方财富push2his（AKShare包装或直接fallback）,2026-09-03T01:01:38.738585+08:00
508026,2024-12-06,3.576,hfq,东方财富push2his（AKShare包装或直接fallback）,2026-09-03T01:01:38.738585+08:00
508026,2024-12-09,3.577,hfq,东方财富push2his（AKShare包装或直接fallback）,2026-09-03T01:01:38.738585+08:00
508026,2024-12-10,3.627,hfq,东方财富push2his（AKShare包装或直接fallback）,2026-09-03T01:01:38.738585+08:00
508026,2024-12-11,3.697,hfq,东方财富push2his（AKShare包装或直接fallback）,2026-09-03T01:01:38.738585+08:00
508026,2024-12-12,3.711,hfq,东方财富push2his（AKShare包装或直接fallback）,2026-09-03T01:01:38.738585+08:00
508026,2024-12-13,3.79,hfq,东方财富push2his（AKShare包装或直接fallback）,2026-09-03T01:01:38.738585+08:00
508026,2024-12-16,3.96,hfq,东方财富push2his（AKShare包装或直接fallback）,2026-09-03T01:01:38.738585+08:00
508026,2024-12-17,4.0,hfq,东方财富push2his（AKShare包装或直接fallback）,2026-09-03T01:01:38.738585+08:00
508026,2024-12-18,3.979,hfq,东方财富push2his（AKShare包装或直接fallback）,2026-09-03T01:01:38.738585+08:00
508026,2024-12-19,3.907,hfq,东方财富push2his（AKShare包装或直接fallback）,2026-09-03T01:01:38.738585+08:00
508026,2024-12-20,3.911,hfq,东方财富push2his（AKShare包装或直接fallback）,2026-09-03T01:01:38.738585+08:00
508026,2024-12-23,3.928,hfq,东方财富push2his（AKShare包装或直接fallback）,2026-09-03T01:01:38.738585+08:00
508026,2024-12-24,3.928,hfq,东方财富push2his（AKShare包装或直接fallback）,2026-09-03T01:01:38.738585+08:00
508026,2024-12-25,3.923,hfq,东方财富push2his（AKShare包装或直接fallback）,2026-09-03T01:01:38.738585+08:00
508026,2024-12-26,3.926,hfq,东方财富push2his（AKShare包装或直接fallback）,2026-09-03T01:01:38.738585+08:00
508026,2024-12-27,4.025,hfq,东方财富push2his（AKShare包装或直接fallback）,2026-09-03T01:01:38.738585+08:00
508026,2024-12-30,4.01,hfq,东方财富push2his（AKShare包装或直接fallback）,2026-09-03T01:01:38.738585+08:00
508026,2024-12-31,3.988,hfq,东方财富push2his（AKShare包装或直接fallback）,2026-09-03T01:01:38.738585+08:00
508026,2025-01-02,4.044,hfq,东方财富push2his（AKShare包装或直接fallback）,2026-09-03T01:01:38.738585+08:00
508026,2025-01-03,4.157,hfq,东方财富push2his（AKShare包装或直接fallback）,2026-09-03T01:01:38.738585+08:00
508026,2025-01-06,4.269,hfq,东方财富push2his（AKShare包装或直接fallback）,2026-09-03T01:01:38.738585+08:00
508026,2025-01-07,4.21,hfq,东方财富push2his（AKShare包装或直接fallback）,2026-09-03T01:01:38.738585+08:00
508026,2025-01-08,4.179,hfq,东方财富push2his（AKShare包装或直接fallback）,2026-09-03T01:01:38.738585+08:00
508026,2025-01-09,4.173,hfq,东方财富push2his（AKShare包装或直接fallback）,2026-09-03T01:01:38.738585+08:00
508026,2025-01-10,4.135,hfq,东方财富push2his（AKShare包装或直接fallback）,2026-09-03T01:01:38.738585+08:00
508026,2025-01-13,4.035,hfq,东方财富push2his（AKShare包装或直接fallback）,2026-09-03T01:01:38.738585+08:00
508026,2025-01-14,3.989,hfq,东方财富push2his（AKShare包装或直接fallback）,2026-09-03T01:01:38.738585+08:00
508026,2025-01-15,4.039,hfq,东方财富push2his（AKShare包装或直接fallback）,2026-09-03T01:01:38.738585+08:00
508026,2025-01-16,3.969,hfq,东方财富push2his（AKShare包装或直接fallback）,2026-09-03T01:01:38.738585+08:00
508026,2025-01-17,3.95,hfq,东方财富push2his（AKShare包装或直接fallback）,2026-09-03T01:01:38.738585+08:00
508026,2025-01-20,3.939,hfq,东方财富push2his（AKShare包装或直接fallback）,2026-09-03T01:01:38.738585+08:00
508026,2025-01-21,3.943,hfq,东方财富push2his（AKShare包装或直接fallback）,2026-09-03T01:01:38.738585+08:00
508026,2025-01-22,3.971,hfq,东方财富push2his（AKShare包装或直接fallback）,2026-09-03T01:01:38.738585+08:00
508026,2025-01-23,3.997,hfq,东方财富push2his（AKShare包装或直接fallback）,2026-09-03T01:01:38.738585+08:00
508026,2025-01-24,4.163,hfq,东方财富push2his（AKShare包装或直接fallback）,2026-09-03T01:01:38.738585+08:00
508026,2025-01-27,4.084,hfq,东方财富push2his（AKShare包装或直接fallback）,2026-09-03T01:01:38.738585+08:00
508026,2025-02-05,4.05,hfq,东方财富push2his（AKShare包装或直接fallback）,2026-09-03T01:01:38.738585+08:00
508026,2025-02-06,4.082,hfq,东方财富push2his（AKShare包装或直接fallback）,2026-09-03T01:01:38.738585+08:00
508026,2025-02-07,4.087,hfq,东方财富push2his（AKShare包装或直接fallback）,2026-09-03T01:01:38.738585+08:00
508026,2025-02-10,4.167,hfq,东方财富push2his（AKShare包装或直接fallback）,2026-09-03T01:01:38.738585+08:00
508026,2025-02-11,4.186,hfq,东方财富push2his（AKShare包装或直接fallback）,2026-09-03T01:01:38.738585+08:00
508026,2025-02-12,4.143,hfq,东方财富push2his（AKShare包装或直接fallback）,2026-09-03T01:01:38.738585+08:00
508026,2025-02-13,4.074,hfq,东方财富push2his（AKShare包装或直接fallback）,2026-09-03T01:01:38.738585+08:00
508026,2025-02-14,4.078,hfq,东方财富push2his（AKShare包装或直接fallback）,2026-09-03T01:01:38.738585+08:00
508026,2025-02-17,4.069,hfq,东方财富push2his（AKShare包装或直接fallback）,2026-09-03T01:01:38.738585+08:00
508026,2025-02-18,4.038,hfq,东方财富push2his（AKShare包装或直接fallback）,2026-09-03T01:01:38.738585+08:00
508026,2025-02-19,4.075,hfq,东方财富push2his（AKShare包装或直接fallback）,2026-09-03T01:01:38.738585+08:00
508026,2025-02-20,4.09,hfq,东方财富push2his（AKShare包装或直接fallback）,2026-09-03T01:01:38.738585+08:00
508026,2025-02-21,4.15,hfq,东方财富push2his（AKShare包装或直接fallback）,2026-09-03T01:01:38.738585+08:00
508026,2025-02-24,4.18,hfq,东方财富push2his（AKShare包装或直接fallback）,2026-09-03T01:01:38.738585+08:00
508026,2025-02-25,4.238,hfq,东方财富push2his（AKShare包装或直接fallback）,2026-09-03T01:01:38.738585+08:00
508026,2025-02-26,4.173,hfq,东方财富push2his（AKShare包装或直接fallback）,2026-09-03T01:01:38.738585+08:00
508026,2025-02-27,4.177,hfq,东方财富push2his（AKShare包装或直接fallback）,2026-09-03T01:01:38.738585+08:00
508026,2025-02-28,4.162,hfq,东方财富push2his（AKShare包装或直接fallback）,2026-09-03T01:01:38.738585+08:00
508026,2025-03-03,4.264,hfq,东方财富push2his（AKShare包装或直接fallback）,2026-09-03T01:01:38.738585+08:00
508026,2025-03-04,4.399,hfq,东方财富push2his（AKShare包装或直接fallback）,2026-09-03T01:01:38.738585+08:00
508026,2025-03-05,4.328,hfq,东方财富push2his（AKShare包装或直接fallback）,2026-09-03T01:01:38.738585+08:00
508026,2025-03-06,4.323,hfq,东方财富push2his（AKShare包装或直接fallback）,2026-09-03T01:01:38.738585+08:00
508026,2025-03-07,4.25,hfq,东方财富push2his（AKShare包装或直接fallback）,2026-09-03T01:01:38.738585+08:00
508026,2025-03-10,4.254,hfq,东方财富push2his（AKShare包装或直接fallback）,2026-09-03T01:01:38.738585+08:00
508026,2025-03-11,4.266,hfq,东方财富push2his（AKShare包装或直接fallback）,2026-09-03T01:01:38.738585+08:00
508026,2025-03-12,4.257,hfq,东方财富push2his（AKShare包装或直接fallback）,2026-09-03T01:01:38.738585+08:00
508026,2025-03-13,4.224,hfq,东方财富push2his（AKShare包装或直接fallback）,2026-09-03T01:01:38.738585+08:00
508026,2025-03-14,4.269,hfq,东方财富push2his（AKShare包装或直接fallback）,2026-09-03T01:01:38.738585+08:00
508026,2025-03-17,4.272,hfq,东方财富push2his（AKShare包装或直接fallback）,2026-09-03T01:01:38.738585+08:00
508026,2025-03-18,4.265,hfq,东方财富push2his（AKShare包装或直接fallback）,2026-09-03T01:01:38.738585+08:00
508026,2025-03-19,4.275,hfq,东方财富push2his（AKShare包装或直接fallback）,2026-09-03T01:01:38.738585+08:00
508026,2025-03-20,4.34,hfq,东方财富push2his（AKShare包装或直接fallback）,2026-09-03T01:01:38.738585+08:00
508026,2025-03-21,4.36,hfq,东方财富push2his（AKShare包装或直接fallback）,2026-09-03T01:01:38.738585+08:00
508026,2025-03-24,4.358,hfq,东方财富push2his（AKShare包装或直接fallback）,2026-09-03T01:01:38.738585+08:00
508026,2025-03-25,4.315,hfq,东方财富push2his（AKShare包装或直接fallback）,2026-09-03T01:01:38.738585+08:00
508026,2025-03-26,4.293,hfq,东方财富push2his（AKShare包装或直接fallback）,2026-09-03T01:01:38.738585+08:00
508026,2025-03-27,4.314,hfq,东方财富push2his（AKShare包装或直接fallback）,2026-09-03T01:01:38.738585+08:00
508026,2025-03-28,4.318,hfq,东方财富push2his（AKShare包装或直接fallback）,2026-09-03T01:01:38.738585+08:00
508026,2025-03-31,4.37,hfq,东方财富push2his（AKShare包装或直接fallback）,2026-09-03T01:01:38.738585+08:00
508026,2025-04-01,4.395,hfq,东方财富push2his（AKShare包装或直接fallback）,2026-09-03T01:01:38.738585+08:00
508026,2025-04-02,4.391,hfq,东方财富push2his（AKShare包装或直接fallback）,2026-09-03T01:01:38.738585+08:00
508026,2025-04-03,4.415,hfq,东方财富push2his（AKShare包装或直接fallback）,2026-09-03T01:01:38.738585+08:00
508026,2025-04-07,4.335,hfq,东方财富push2his（AKShare包装或直接fallback）,2026-09-03T01:01:38.738585+08:00
508026,2025-04-08,4.4,hfq,东方财富push2his（AKShare包装或直接fallback）,2026-09-03T01:01:38.738585+08:00
508026,2025-04-09,4.397,hfq,东方财富push2his（AKShare包装或直接fallback）,2026-09-03T01:01:38.738585+08:00
508026,2025-04-10,4.396,hfq,东方财富push2his（AKShare包装或直接fallback）,2026-09-03T01:01:38.738585+08:00
508026,2025-04-11,4.405,hfq,东方财富push2his（AKShare包装或直接fallback）,2026-09-03T01:01:38.738585+08:00
508026,2025-04-14,4.406,hfq,东方财富push2his（AKShare包装或直接fallback）,2026-09-03T01:01:38.738585+08:00
508026,2025-04-15,4.44,hfq,东方财富push2his（AKShare包装或直接fallback）,2026-09-03T01:01:38.738585+08:00
508026,2025-04-16,4.5,hfq,东方财富push2his（AKShare包装或直接fallback）,2026-09-03T01:01:38.738585+08:00
508026,2025-04-17,4.563,hfq,东方财富push2his（AKShare包装或直接fallback）,2026-09-03T01:01:38.738585+08:00
508026,2025-04-18,4.567,hfq,东方财富push2his（AKShare包装或直接fallback）,2026-09-03T01:01:38.738585+08:00
508026,2025-04-21,4.537,hfq,东方财富push2his（AKShare包装或直接fallback）,2026-09-03T01:01:38.738585+08:00
508026,2025-04-22,4.545,hfq,东方财富push2his（AKShare包装或直接fallback）,2026-09-03T01:01:38.738585+08:00
508026,2025-04-23,4.545,hfq,东方财富push2his（AKShare包装或直接fallback）,2026-09-03T01:01:38.738585+08:00
508026,2025-04-24,4.562,hfq,东方财富push2his（AKShare包装或直接fallback）,2026-09-03T01:01:38.738585+08:00
508026,2025-04-25,4.571,hfq,东方财富push2his（AKShare包装或直接fallback）,2026-09-03T01:01:38.738585+08:00
508026,2025-04-28,4.589,hfq,东方财富push2his（AKShare包装或直接fallback）,2026-09-03T01:01:38.738585+08:00
508026,2025-04-29,4.55,hfq,东方财富push2his（AKShare包装或直接fallback）,2026-09-03T01:01:38.738585+08:00
508026,2025-04-30,4.577,hfq,东方财富push2his（AKShare包装或直接fallback）,2026-09-03T01:01:38.738585+08:00
508026,2025-05-06,4.523,hfq,东方财富push2his（AKShare包装或直接fallback）,2026-09-03T01:01:38.738585+08:00
508026,2025-05-07,4.557,hfq,东方财富push2his（AKShare包装或直接fallback）,2026-09-03T01:01:38.738585+08:00
508026,2025-05-08,4.573,hfq,东方财富push2his（AKShare包装或直接fallback）,2026-09-03T01:01:38.738585+08:00
508026,2025-05-09,4.566,hfq,东方财富push2his（AKShare包装或直接fallback）,2026-09-03T01:01:38.738585+08:00
508026,2025-05-12,4.571,hfq,东方财富push2his（AKShare包装或直接fallback）,2026-09-03T01:01:38.738585+08:00
508026,2025-05-13,4.59,hfq,东方财富push2his（AKShare包装或直接fallback）,2026-09-03T01:01:38.738585+08:00
508026,2025-05-14,4.572,hfq,东方财富push2his（AKShare包装或直接fallback）,2026-09-03T01:01:38.738585+08:00
508026,2025-05-15,4.57,hfq,东方财富push2his（AKShare包装或直接fallback）,2026-09-03T01:01:38.738585+08:00
508026,2025-05-16,4.565,hfq,东方财富push2his（AKShare包装或直接fallback）,2026-09-03T01:01:38.738585+08:00
508026,2025-05-19,4.563,hfq,东方财富push2his（AKShare包装或直接fallback）,2026-09-03T01:01:38.738585+08:00
508026,2025-05-20,4.61,hfq,东方财富push2his（AKShare包装或直接fallback）,2026-09-03T01:01:38.738585+08:00
508026,2025-05-21,4.65,hfq,东方财富push2his（AKShare包装或直接fallback）,2026-09-03T01:01:38.738585+08:00
508026,2025-05-22,4.65,hfq,东方财富push2his（AKShare包装或直接fallback）,2026-09-03T01:01:38.738585+08:00
508026,2025-05-23,4.673,hfq,东方财富push2his（AKShare包装或直接fallback）,2026-09-03T01:01:38.738585+08:00
508026,2025-05-26,4.694,hfq,东方财富push2his（AKShare包装或直接fallback）,2026-09-03T01:01:38.738585+08:00
508026,2025-05-27,4.663,hfq,东方财富push2his（AKShare包装或直接fallback）,2026-09-03T01:01:38.738585+08:00
508026,2025-05-28,4.666,hfq,东方财富push2his（AKShare包装或直接fallback）,2026-09-03T01:01:38.738585+08:00
508026,2025-05-29,4.649,hfq,东方财富push2his（AKShare包装或直接fallback）,2026-09-03T01:01:38.738585+08:00
508026,2025-05-30,4.648,hfq,东方财富push2his（AKShare包装或直接fallback）,2026-09-03T01:01:38.738585+08:00
508026,2025-06-03,4.628,hfq,东方财富push2his（AKShare包装或直接fallback）,2026-09-03T01:01:38.738585+08:00
508026,2025-06-04,4.623,hfq,东方财富push2his（AKShare包装或直接fallback）,2026-09-03T01:01:38.738585+08:00
508026,2025-06-05,4.626,hfq,东方财富push2his（AKShare包装或直接fallback）,2026-09-03T01:01:38.738585+08:00
508026,2025-06-06,4.629,hfq,东方财富push2his（AKShare包装或直接fallback）,2026-09-03T01:01:38.738585+08:00
508026,2025-06-09,4.63,hfq,东方财富push2his（AKShare包装或直接fallback）,2026-09-03T01:01:38.738585+08:00
508026,2025-06-10,4.639,hfq,东方财富push2his（AKShare包装或直接fallback）,2026-09-03T01:01:38.738585+08:00
508026,2025-06-11,4.644,hfq,东方财富push2his（AKShare包装或直接fallback）,2026-09-03T01:01:38.738585+08:00
508026,2025-06-12,4.627,hfq,东方财富push2his（AKShare包装或直接fallback）,2026-09-03T01:01:38.738585+08:00
508026,2025-06-13,4.625,hfq,东方财富push2his（AKShare包装或直接fallback）,2026-09-03T01:01:38.738585+08:00
508026,2025-06-16,4.65,hfq,东方财富push2his（AKShare包装或直接fallback）,2026-09-03T01:01:38.738585+08:00
508026,2025-06-17,4.645,hfq,东方财富push2his（AKShare包装或直接fallback）,2026-09-03T01:01:38.738585+08:00
508026,2025-06-18,4.64,hfq,东方财富push2his（AKShare包装或直接fallback）,2026-09-03T01:01:38.738585+08:00
508026,2025-06-19,4.632,hfq,东方财富push2his（AKShare包装或直接fallback）,2026-09-03T01:01:38.738585+08:00
508026,2025-06-20,4.633,hfq,东方财富push2his（AKShare包装或直接fallback）,2026-09-03T01:01:38.738585+08:00
508026,2025-06-23,4.635,hfq,东方财富push2his（AKShare包装或直接fallback）,2026-09-03T01:01:38.738585+08:00
508026,2025-06-24,4.629,hfq,东方财富push2his（AKShare包装或直接fallback）,2026-09-03T01:01:38.738585+08:00
508026,2025-06-25,4.639,hfq,东方财富push2his（AKShare包装或直接fallback）,2026-09-03T01:01:38.738585+08:00
508026,2025-06-26,4.625,hfq,东方财富push2his（AKShare包装或直接fallback）,2026-09-03T01:01:38.738585+08:00
508026,2025-06-27,4.604,hfq,东方财富push2his（AKShare包装或直接fallback）,2026-09-03T01:01:38.738585+08:00
508026,2025-06-30,4.586,hfq,东方财富push2his（AKShare包装或直接fallback）,2026-09-03T01:01:38.738585+08:00
508026,2025-07-01,4.582,hfq,东方财富push2his（AKShare包装或直接fallback）,2026-09-03T01:01:38.738585+08:00
508026,2025-07-02,4.6,hfq,东方财富push2his（AKShare包装或直接fallback）,2026-09-03T01:01:38.738585+08:00
508026,2025-07-03,4.61,hfq,东方财富push2his（AKShare包装或直接fallback）,2026-09-03T01:01:38.738585+08:00
508026,2025-07-04,4.634,hfq,东方财富push2his（AKShare包装或直接fallback）,2026-09-03T01:01:38.738585+08:00
508026,2025-07-07,4.629,hfq,东方财富push2his（AKShare包装或直接fallback）,2026-09-03T01:01:38.738585+08:00
508026,2025-07-08,4.61,hfq,东方财富push2his（AKShare包装或直接fallback）,2026-09-03T01:01:38.738585+08:00
508026,2025-07-09,4.606,hfq,东方财富push2his（AKShare包装或直接fallback）,2026-09-03T01:01:38.738585+08:00
508026,2025-07-10,4.579,hfq,东方财富push2his（AKShare包装或直接fallback）,2026-09-03T01:01:38.738585+08:00
508026,2025-07-11,4.553,hfq,东方财富push2his（AKShare包装或直接fallback）,2026-09-03T01:01:38.738585+08:00
508026,2025-07-14,4.485,hfq,东方财富push2his（AKShare包装或直接fallback）,2026-09-03T01:01:38.738585+08:00
508026,2025-07-15,4.505,hfq,东方财富push2his（AKShare包装或直接fallback）,2026-09-03T01:01:38.738585+08:00
508026,2025-07-16,4.505,hfq,东方财富push2his（AKShare包装或直接fallback）,2026-09-03T01:01:38.738585+08:00
508026,2025-07-17,4.5,hfq,东方财富push2his（AKShare包装或直接fallback）,2026-09-03T01:01:38.738585+08:00
508026,2025-07-18,4.493,hfq,东方财富push2his（AKShare包装或直接fallback）,2026-09-03T01:01:38.738585+08:00
508026,2025-07-21,4.545,hfq,东方财富push2his（AKShare包装或直接fallback）,2026-09-03T01:01:38.738585+08:00
508026,2025-07-22,4.478,hfq,东方财富push2his（AKShare包装或直接fallback）,2026-09-03T01:01:38.738585+08:00
508026,2025-07-23,4.445,hfq,东方财富push2his（AKShare包装或直接fallback）,2026-09-03T01:01:38.738585+08:00
508026,2025-07-24,4.435,hfq,东方财富push2his（AKShare包装或直接fallback）,2026-09-03T01:01:38.738585+08:00
508026,2025-07-25,4.411,hfq,东方财富push2his（AKShare包装或直接fallback）,2026-09-03T01:01:38.738585+08:00
508026,2025-07-28,4.425,hfq,东方财富push2his（AKShare包装或直接fallback）,2026-09-03T01:01:38.738585+08:00
508026,2025-07-29,4.413,hfq,东方财富push2his（AKShare包装或直接fallback）,2026-09-03T01:01:38.738585+08:00
508026,2025-07-30,4.438,hfq,东方财富push2his（AKShare包装或直接fallback）,2026-09-03T01:01:38.738585+08:00
508026,2025-07-31,4.474,hfq,东方财富push2his（AKShare包装或直接fallback）,2026-09-03T01:01:38.738585+08:00
508026,2025-08-01,4.534,hfq,东方财富push2his（AKShare包装或直接fallback）,2026-09-03T01:01:38.738585+08:00
508026,2025-08-04,4.555,hfq,东方财富push2his（AKShare包装或直接fallback）,2026-09-03T01:01:38.738585+08:00
508026,2025-08-05,4.564,hfq,东方财富push2his（AKShare包装或直接fallback）,2026-09-03T01:01:38.738585+08:00
508026,2025-08-06,4.532,hfq,东方财富push2his（AKShare包装或直接fallback）,2026-09-03T01:01:38.738585+08:00
508026,2025-08-07,4.526,hfq,东方财富push2his（AKShare包装或直接fallback）,2026-09-03T01:01:38.738585+08:00
508026,2025-08-08,4.513,hfq,东方财富push2his（AKShare包装或直接fallback）,2026-09-03T01:01:38.738585+08:00
508026,2025-08-11,4.516,hfq,东方财富push2his（AKShare包装或直接fallback）,2026-09-03T01:01:38.738585+08:00
508026,2025-08-12,4.514,hfq,东方财富push2his（AKShare包装或直接fallback）,2026-09-03T01:01:38.738585+08:00
508026,2025-08-13,4.515,hfq,东方财富push2his（AKShare包装或直接fallback）,2026-09-03T01:01:38.738585+08:00
508026,2025-08-14,4.467,hfq,东方财富push2his（AKShare包装或直接fallback）,2026-09-03T01:01:38.738585+08:00
508026,2025-08-15,4.464,hfq,东方财富push2his（AKShare包装或直接fallback）,2026-09-03T01:01:38.738585+08:00
508026,2025-08-18,4.408,hfq,东方财富push2his（AKShare包装或直接fallback）,2026-09-03T01:01:38.738585+08:00
508026,2025-08-19,4.349,hfq,东方财富push2his（AKShare包装或直接fallback）,2026-09-03T01:01:38.738585+08:00
508026,2025-08-20,4.365,hfq,东方财富push2his（AKShare包装或直接fallback）,2026-09-03T01:01:38.738585+08:00
508026,2025-08-21,4.358,hfq,东方财富push2his（AKShare包装或直接fallback）,2026-09-03T01:01:38.738585+08:00
508026,2025-08-22,4.347,hfq,东方财富push2his（AKShare包装或直接fallback）,2026-09-03T01:01:38.738585+08:00
508026,2025-08-25,4.351,hfq,东方财富push2his（AKShare包装或直接fallback）,2026-09-03T01:01:38.738585+08:00
508026,2025-08-26,4.378,hfq,东方财富push2his（AKShare包装或直接fallback）,2026-09-03T01:01:38.738585+08:00
508026,2025-08-27,4.446,hfq,东方财富push2his（AKShare包装或直接fallback）,2026-09-03T01:01:38.738585+08:00
508026,2025-08-28,4.451,hfq,东方财富push2his（AKShare包装或直接fallback）,2026-09-03T01:01:38.738585+08:00
508026,2025-08-29,4.438,hfq,东方财富push2his（AKShare包装或直接fallback）,2026-09-03T01:01:38.738585+08:00
508026,2025-09-01,4.402,hfq,东方财富push2his（AKShare包装或直接fallback）,2026-09-03T01:01:38.738585+08:00
508026,2025-09-02,4.479,hfq,东方财富push2his（AKShare包装或直接fallback）,2026-09-03T01:01:38.738585+08:00
508026,2025-09-03,4.485,hfq,东方财富push2his（AKShare包装或直接fallback）,2026-09-03T01:01:38.738585+08:00
508026,2025-09-04,4.493,hfq,东方财富push2his（AKShare包装或直接fallback）,2026-09-03T01:01:38.738585+08:00
508026,2025-09-05,4.431,hfq,东方财富push2his（AKShare包装或直接fallback）,2026-09-03T01:01:38.738585+08:00
508026,2025-09-08,4.383,hfq,东方财富push2his（AKShare包装或直接fallback）,2026-09-03T01:01:38.738585+08:00
508026,2025-09-09,4.394,hfq,东方财富push2his（AKShare包装或直接fallback）,2026-09-03T01:01:38.738585+08:00
508026,2025-09-10,4.439,hfq,东方财富push2his（AKShare包装或直接fallback）,2026-09-03T01:01:38.738585+08:00
508026,2025-09-11,4.46,hfq,东方财富push2his（AKShare包装或直接fallback）,2026-09-03T01:01:38.738585+08:00
508026,2025-09-12,4.445,hfq,东方财富push2his（AKShare包装或直接fallback）,2026-09-03T01:01:38.738585+08:00
508026,2025-09-15,4.444,hfq,东方财富push2his（AKShare包装或直接fallback）,2026-09-03T01:01:38.738585+08:00
508026,2025-09-16,4.417,hfq,东方财富push2his（AKShare包装或直接fallback）,2026-09-03T01:01:38.738585+08:00
508026,2025-09-17,4.604,hfq,东方财富push2his（AKShare包装或直接fallback）,2026-09-03T01:01:38.738585+08:00
508026,2025-09-18,4.506,hfq,东方财富push2his（AKShare包装或直接fallback）,2026-09-03T01:01:38.738585+08:00
508026,2025-09-19,4.449,hfq,东方财富push2his（AKShare包装或直接fallback）,2026-09-03T01:01:38.738585+08:00
508026,2025-09-22,4.425,hfq,东方财富push2his（AKShare包装或直接fallback）,2026-09-03T01:01:38.738585+08:00
508026,2025-09-23,4.453,hfq,东方财富push2his（AKShare包装或直接fallback）,2026-09-03T01:01:38.738585+08:00
508026,2025-09-24,4.458,hfq,东方财富push2his（AKShare包装或直接fallback）,2026-09-03T01:01:38.738585+08:00
508026,2025-09-25,4.422,hfq,东方财富push2his（AKShare包装或直接fallback）,2026-09-03T01:01:38.738585+08:00
508026,2025-09-26,4.437,hfq,东方财富push2his（AKShare包装或直接fallback）,2026-09-03T01:01:38.738585+08:00
508026,2025-09-29,4.442,hfq,东方财富push2his（AKShare包装或直接fallback）,2026-09-03T01:01:38.738585+08:00
508026,2025-09-30,4.408,hfq,东方财富push2his（AKShare包装或直接fallback）,2026-09-03T01:01:38.738585+08:00
508026,2025-10-09,4.405,hfq,东方财富push2his（AKShare包装或直接fallback）,2026-09-03T01:01:38.738585+08:00
508026,2025-10-10,4.376,hfq,东方财富push2his（AKShare包装或直接fallback）,2026-09-03T01:01:38.738585+08:00
508026,2025-10-13,4.457,hfq,东方财富push2his（AKShare包装或直接fallback）,2026-09-03T01:01:38.738585+08:00
508026,2025-10-14,4.465,hfq,东方财富push2his（AKShare包装或直接fallback）,2026-09-03T01:01:38.738585+08:00
508026,2025-10-15,4.466,hfq,东方财富push2his（AKShare包装或直接fallback）,2026-09-03T01:01:38.738585+08:00
508026,2025-10-16,4.425,hfq,东方财富push2his（AKShare包装或直接fallback）,2026-09-03T01:01:38.738585+08:00
508026,2025-10-17,4.405,hfq,东方财富push2his（AKShare包装或直接fallback）,2026-09-03T01:01:38.738585+08:00
508026,2025-10-20,4.391,hfq,东方财富push2his（AKShare包装或直接fallback）,2026-09-03T01:01:38.738585+08:00
508026,2025-10-21,4.383,hfq,东方财富push2his（AKShare包装或直接fallback）,2026-09-03T01:01:38.738585+08:00
508026,2025-10-22,4.459,hfq,东方财富push2his（AKShare包装或直接fallback）,2026-09-03T01:01:38.738585+08:00
508026,2025-10-23,4.495,hfq,东方财富push2his（AKShare包装或直接fallback）,2026-09-03T01:01:38.738585+08:00
508026,2025-10-24,4.505,hfq,东方财富push2his（AKShare包装或直接fallback）,2026-09-03T01:01:38.738585+08:00
508026,2025-10-27,4.545,hfq,东方财富push2his（AKShare包装或直接fallback）,2026-09-03T01:01:38.738585+08:00
508026,2025-10-28,4.53,hfq,东方财富push2his（AKShare包装或直接fallback）,2026-09-03T01:01:38.738585+08:00
508026,2025-10-29,4.525,hfq,东方财富push2his（AKShare包装或直接fallback）,2026-09-03T01:01:38.738585+08:00
508026,2025-10-30,4.545,hfq,东方财富push2his（AKShare包装或直接fallback）,2026-09-03T01:01:38.738585+08:00
508026,2025-10-31,4.535,hfq,东方财富push2his（AKShare包装或直接fallback）,2026-09-03T01:01:38.738585+08:00
508026,2025-11-03,4.5,hfq,东方财富push2his（AKShare包装或直接fallback）,2026-09-03T01:01:38.738585+08:00
508026,2025-11-04,4.496,hfq,东方财富push2his（AKShare包装或直接fallback）,2026-09-03T01:01:38.738585+08:00
508026,2025-11-05,4.489,hfq,东方财富push2his（AKShare包装或直接fallback）,2026-09-03T01:01:38.738585+08:00
508026,2025-11-06,4.482,hfq,东方财富push2his（AKShare包装或直接fallback）,2026-09-03T01:01:38.738585+08:00
508026,2025-11-07,4.532,hfq,东方财富push2his（AKShare包装或直接fallback）,2026-09-03T01:01:38.738585+08:00
508026,2025-11-10,4.506,hfq,东方财富push2his（AKShare包装或直接fallback）,2026-09-03T01:01:38.738585+08:00
508026,2025-11-11,4.525,hfq,东方财富push2his（AKShare包装或直接fallback）,2026-09-03T01:01:38.738585+08:00
508026,2025-11-12,4.565,hfq,东方财富push2his（AKShare包装或直接fallback）,2026-09-03T01:01:38.738585+08:00
508026,2025-11-13,4.552,hfq,东方财富push2his（AKShare包装或直接fallback）,2026-09-03T01:01:38.738585+08:00
508026,2025-11-14,4.546,hfq,东方财富push2his（AKShare包装或直接fallback）,2026-09-03T01:01:38.738585+08:00
508026,2025-11-17,4.555,hfq,东方财富push2his（AKShare包装或直接fallback）,2026-09-03T01:01:38.738585+08:00
508026,2025-11-18,4.553,hfq,东方财富push2his（AKShare包装或直接fallback）,2026-09-03T01:01:38.738585+08:00
508026,2025-11-19,4.565,hfq,东方财富push2his（AKShare包装或直接fallback）,2026-09-03T01:01:38.738585+08:00
508026,2025-11-20,4.55,hfq,东方财富push2his（AKShare包装或直接fallback）,2026-09-03T01:01:38.738585+08:00
508026,2025-11-21,4.514,hfq,东方财富push2his（AKShare包装或直接fallback）,2026-09-03T01:01:38.738585+08:00
508026,2025-11-24,4.499,hfq,东方财富push2his（AKShare包装或直接fallback）,2026-09-03T01:01:38.738585+08:00
508026,2025-11-25,4.564,hfq,东方财富push2his（AKShare包装或直接fallback）,2026-09-03T01:01:38.738585+08:00
508026,2025-11-26,4.591,hfq,东方财富push2his（AKShare包装或直接fallback）,2026-09-03T01:01:38.738585+08:00
508026,2025-11-27,4.554,hfq,东方财富push2his（AKShare包装或直接fallback）,2026-09-03T01:01:38.738585+08:00
508026,2025-11-28,4.545,hfq,东方财富push2his（AKShare包装或直接fallback）,2026-09-03T01:01:38.738585+08:00
508026,2025-12-01,4.52,hfq,东方财富push2his（AKShare包装或直接fallback）,2026-09-03T01:01:38.738585+08:00
508026,2025-12-02,4.545,hfq,东方财富push2his（AKShare包装或直接fallback）,2026-09-03T01:01:38.738585+08:00
508026,2025-12-03,4.54,hfq,东方财富push2his（AKShare包装或直接fallback）,2026-09-03T01:01:38.738585+08:00
508026,2025-12-04,4.542,hfq,东方财富push2his（AKShare包装或直接fallback）,2026-09-03T01:01:38.738585+08:00
508026,2025-12-05,4.552,hfq,东方财富push2his（AKShare包装或直接fallback）,2026-09-03T01:01:38.738585+08:00
508026,2025-12-08,4.547,hfq,东方财富push2his（AKShare包装或直接fallback）,2026-09-03T01:01:38.738585+08:00
508026,2025-12-09,4.553,hfq,东方财富push2his（AKShare包装或直接fallback）,2026-09-03T01:01:38.738585+08:00
508026,2025-12-10,4.577,hfq,东方财富push2his（AKShare包装或直接fallback）,2026-09-03T01:01:38.738585+08:00
508026,2025-12-11,4.584,hfq,东方财富push2his（AKShare包装或直接fallback）,2026-09-03T01:01:38.738585+08:00
508026,2025-12-12,4.615,hfq,东方财富push2his（AKShare包装或直接fallback）,2026-09-03T01:01:38.738585+08:00
508026,2025-12-15,4.614,hfq,东方财富push2his（AKShare包装或直接fallback）,2026-09-03T01:01:38.738585+08:00
508026,2025-12-16,4.598,hfq,东方财富push2his（AKShare包装或直接fallback）,2026-09-03T01:01:38.738585+08:00
508026,2025-12-17,4.602,hfq,东方财富push2his（AKShare包装或直接fallback）,2026-09-03T01:01:38.738585+08:00
508026,2025-12-18,4.527,hfq,东方财富push2his（AKShare包装或直接fallback）,2026-09-03T01:01:38.738585+08:00
508026,2025-12-19,4.43,hfq,东方财富push2his（AKShare包装或直接fallback）,2026-09-03T01:01:38.738585+08:00
508026,2025-12-22,4.349,hfq,东方财富push2his（AKShare包装或直接fallback）,2026-09-03T01:01:38.738585+08:00
508026,2025-12-23,4.2,hfq,东方财富push2his（AKShare包装或直接fallback）,2026-09-03T01:01:38.738585+08:00
508026,2025-12-24,4.238,hfq,东方财富push2his（AKShare包装或直接fallback）,2026-09-03T01:01:38.738585+08:00
508026,2025-12-25,4.269,hfq,东方财富push2his（AKShare包装或直接fallback）,2026-09-03T01:01:38.738585+08:00
508026,2025-12-26,4.269,hfq,东方财富push2his（AKShare包装或直接fallback）,2026-09-03T01:01:38.738585+08:00
508026,2025-12-29,4.267,hfq,东方财富push2his（AKShare包装或直接fallback）,2026-09-03T01:01:38.738585+08:00
508026,2025-12-30,4.248,hfq,东方财富push2his（AKShare包装或直接fallback）,2026-09-03T01:01:38.738585+08:00
508026,2025-12-31,4.277,hfq,东方财富push2his（AKShare包装或直接fallback）,2026-09-03T01:01:38.738585+08:00
508026,2026-01-05,4.295,hfq,东方财富push2his（AKShare包装或直接fallback）,2026-09-03T01:01:38.738585+08:00
508026,2026-01-06,4.3,hfq,东方财富push2his（AKShare包装或直接fallback）,2026-09-03T01:01:38.738585+08:00
508026,2026-01-07,4.357,hfq,东方财富push2his（AKShare包装或直接fallback）,2026-09-03T01:01:38.738585+08:00
508026,2026-01-08,4.418,hfq,东方财富push2his（AKShare包装或直接fallback）,2026-09-03T01:01:38.738585+08:00
508026,2026-01-09,4.465,hfq,东方财富push2his（AKShare包装或直接fallback）,2026-09-03T01:01:38.738585+08:00
508026,2026-01-12,4.472,hfq,东方财富push2his（AKShare包装或直接fallback）,2026-09-03T01:01:38.738585+08:00
508026,2026-01-13,4.446,hfq,东方财富push2his（AKShare包装或直接fallback）,2026-09-03T01:01:38.738585+08:00
508026,2026-01-14,4.419,hfq,东方财富push2his（AKShare包装或直接fallback）,2026-09-03T01:01:38.738585+08:00
508026,2026-01-15,4.43,hfq,东方财富push2his（AKShare包装或直接fallback）,2026-09-03T01:01:38.738585+08:00
508026,2026-01-16,4.417,hfq,东方财富push2his（AKShare包装或直接fallback）,2026-09-03T01:01:38.738585+08:00
508026,2026-01-19,4.334,hfq,东方财富push2his（AKShare包装或直接fallback）,2026-09-03T01:01:38.738585+08:00
508026,2026-01-20,4.304,hfq,东方财富push2his（AKShare包装或直接fallback）,2026-09-03T01:01:38.738585+08:00
508026,2026-01-21,4.35,hfq,东方财富push2his（AKShare包装或直接fallback）,2026-09-03T01:01:38.738585+08:00
508026,2026-01-22,4.363,hfq,东方财富push2his（AKShare包装或直接fallback）,2026-09-03T01:01:38.738585+08:00
508026,2026-01-23,4.353,hfq,东方财富push2his（AKShare包装或直接fallback）,2026-09-03T01:01:38.738585+08:00
508026,2026-01-26,4.334,hfq,东方财富push2his（AKShare包装或直接fallback）,2026-09-03T01:01:38.738585+08:00
508026,2026-01-27,4.331,hfq,东方财富push2his（AKShare包装或直接fallback）,2026-09-03T01:01:38.738585+08:00
508026,2026-01-28,4.33,hfq,东方财富push2his（AKShare包装或直接fallback）,2026-09-03T01:01:38.738585+08:00
508026,2026-01-29,4.371,hfq,东方财富push2his（AKShare包装或直接fallback）,2026-09-03T01:01:38.738585+08:00
508026,2026-01-30,4.387,hfq,东方财富push2his（AKShare包装或直接fallback）,2026-09-03T01:01:38.738585+08:00
508026,2026-02-02,4.34,hfq,东方财富push2his（AKShare包装或直接fallback）,2026-09-03T01:01:38.738585+08:00
508026,2026-02-03,4.343,hfq,东方财富push2his（AKShare包装或直接fallback）,2026-09-03T01:01:38.738585+08:00
508026,2026-02-04,4.345,hfq,东方财富push2his（AKShare包装或直接fallback）,2026-09-03T01:01:38.738585+08:00
508026,2026-02-05,4.347,hfq,东方财富push2his（AKShare包装或直接fallback）,2026-09-03T01:01:38.738585+08:00
508026,2026-02-06,4.346,hfq,东方财富push2his（AKShare包装或直接fallback）,2026-09-03T01:01:38.738585+08:00
508026,2026-02-09,4.359,hfq,东方财富push2his（AKShare包装或直接fallback）,2026-09-03T01:01:38.738585+08:00
508026,2026-02-10,4.375,hfq,东方财富push2his（AKShare包装或直接fallback）,2026-09-03T01:01:38.738585+08:00
508026,2026-02-11,4.372,hfq,东方财富push2his（AKShare包装或直接fallback）,2026-09-03T01:01:38.738585+08:00
508026,2026-02-12,4.376,hfq,东方财富push2his（AKShare包装或直接fallback）,2026-09-03T01:01:38.738585+08:00
508026,2026-02-13,4.375,hfq,东方财富push2his（AKShare包装或直接fallback）,2026-09-03T01:01:38.738585+08:00
508026,2026-02-24,4.377,hfq,东方财富push2his（AKShare包装或直接fallback）,2026-09-03T01:01:38.738585+08:00
508026,2026-02-25,4.391,hfq,东方财富push2his（AKShare包装或直接fallback）,2026-09-03T01:01:38.738585+08:00
508026,2026-02-26,4.366,hfq,东方财富push2his（AKShare包装或直接fallback）,2026-09-03T01:01:38.738585+08:00
508026,2026-02-27,4.344,hfq,东方财富push2his（AKShare包装或直接fallback）,2026-09-03T01:01:38.738585+08:00
508026,2026-03-02,4.34,hfq,东方财富push2his（AKShare包装或直接fallback）,2026-09-03T01:01:38.738585+08:00
508026,2026-03-03,4.378,hfq,东方财富push2his（AKShare包装或直接fallback）,2026-09-03T01:01:38.738585+08:00
508026,2026-03-04,4.376,hfq,东方财富push2his（AKShare包装或直接fallback）,2026-09-03T01:01:38.738585+08:00
508026,2026-03-05,4.375,hfq,东方财富push2his（AKShare包装或直接fallback）,2026-09-03T01:01:38.738585+08:00
508026,2026-03-06,4.346,hfq,东方财富push2his（AKShare包装或直接fallback）,2026-09-03T01:01:38.738585+08:00
508026,2026-03-09,4.361,hfq,东方财富push2his（AKShare包装或直接fallback）,2026-09-03T01:01:38.738585+08:00
508026,2026-03-10,4.372,hfq,东方财富push2his（AKShare包装或直接fallback）,2026-09-03T01:01:38.738585+08:00
508026,2026-03-11,4.396,hfq,东方财富push2his（AKShare包装或直接fallback）,2026-09-03T01:01:38.738585+08:00
508026,2026-03-12,4.348,hfq,东方财富push2his（AKShare包装或直接fallback）,2026-09-03T01:01:38.738585+08:00
508026,2026-03-13,4.365,hfq,东方财富push2his（AKShare包装或直接fallback）,2026-09-03T01:01:38.738585+08:00
508026,2026-03-16,4.378,hfq,东方财富push2his（AKShare包装或直接fallback）,2026-09-03T01:01:38.738585+08:00
508026,2026-03-17,4.393,hfq,东方财富push2his（AKShare包装或直接fallback）,2026-09-03T01:01:38.738585+08:00
508026,2026-03-18,4.393,hfq,东方财富push2his（AKShare包装或直接fallback）,2026-09-03T01:01:38.738585+08:00
508026,2026-03-19,4.395,hfq,东方财富push2his（AKShare包装或直接fallback）,2026-09-03T01:01:38.738585+08:00
508026,2026-03-20,4.376,hfq,东方财富push2his（AKShare包装或直接fallback）,2026-09-03T01:01:38.738585+08:00
508026,2026-03-23,4.368,hfq,东方财富push2his（AKShare包装或直接fallback）,2026-09-03T01:01:38.738585+08:00
508026,2026-03-24,4.395,hfq,东方财富push2his（AKShare包装或直接fallback）,2026-09-03T01:01:38.738585+08:00
508026,2026-03-25,4.427,hfq,东方财富push2his（AKShare包装或直接fallback）,2026-09-03T01:01:38.738585+08:00
508026,2026-03-26,4.419,hfq,东方财富push2his（AKShare包装或直接fallback）,2026-09-03T01:01:38.738585+08:00
508026,2026-03-27,4.407,hfq,东方财富push2his（AKShare包装或直接fallback）,2026-09-03T01:01:38.738585+08:00
508026,2026-03-30,4.415,hfq,东方财富push2his（AKShare包装或直接fallback）,2026-09-03T01:01:38.738585+08:00
508026,2026-03-31,4.415,hfq,东方财富push2his（AKShare包装或直接fallback）,2026-09-03T01:01:38.738585+08:00
508026,2026-04-01,4.409,hfq,东方财富push2his（AKShare包装或直接fallback）,2026-09-03T01:01:38.738585+08:00
508026,2026-04-02,4.405,hfq,东方财富push2his（AKShare包装或直接fallback）,2026-09-03T01:01:38.738585+08:00
508026,2026-04-03,4.405,hfq,东方财富push2his（AKShare包装或直接fallback）,2026-09-03T01:01:38.738585+08:00
508026,2026-04-07,4.397,hfq,东方财富push2his（AKShare包装或直接fallback）,2026-09-03T01:01:38.738585+08:00
508026,2026-04-08,4.438,hfq,东方财富push2his（AKShare包装或直接fallback）,2026-09-03T01:01:38.738585+08:00
508026,2026-04-09,4.435,hfq,东方财富push2his（AKShare包装或直接fallback）,2026-09-03T01:01:38.738585+08:00
508026,2026-04-10,4.428,hfq,东方财富push2his（AKShare包装或直接fallback）,2026-09-03T01:01:38.738585+08:00
508026,2026-04-13,4.408,hfq,东方财富push2his（AKShare包装或直接fallback）,2026-09-03T01:01:38.738585+08:00
508026,2026-04-14,4.408,hfq,东方财富push2his（AKShare包装或直接fallback）,2026-09-03T01:01:38.738585+08:00
508026,2026-04-15,4.383,hfq,东方财富push2his（AKShare包装或直接fallback）,2026-09-03T01:01:38.738585+08:00
508026,2026-04-16,4.425,hfq,东方财富push2his（AKShare包装或直接fallback）,2026-09-03T01:01:38.738585+08:00
508026,2026-04-17,4.465,hfq,东方财富push2his（AKShare包装或直接fallback）,2026-09-03T01:01:38.738585+08:00
508026,2026-04-20,4.482,hfq,东方财富push2his（AKShare包装或直接fallback）,2026-09-03T01:01:38.738585+08:00
508026,2026-04-21,4.462,hfq,东方财富push2his（AKShare包装或直接fallback）,2026-09-03T01:01:38.738585+08:00
508026,2026-04-22,4.491,hfq,东方财富push2his（AKShare包装或直接fallback）,2026-09-03T01:01:38.738585+08:00
508026,2026-04-23,4.506,hfq,东方财富push2his（AKShare包装或直接fallback）,2026-09-03T01:01:38.738585+08:00
508026,2026-04-24,4.513,hfq,东方财富push2his（AKShare包装或直接fallback）,2026-09-03T01:01:38.738585+08:00
508026,2026-04-27,4.527,hfq,东方财富push2his（AKShare包装或直接fallback）,2026-09-03T01:01:38.738585+08:00
508026,2026-04-28,4.569,hfq,东方财富push2his（AKShare包装或直接fallback）,2026-09-03T01:01:38.738585+08:00
508026,2026-04-29,4.534,hfq,东方财富push2his（AKShare包装或直接fallback）,2026-09-03T01:01:38.738585+08:00
508026,2026-04-30,4.547,hfq,东方财富push2his（AKShare包装或直接fallback）,2026-09-03T01:01:38.738585+08:00
508026,2026-05-06,4.549,hfq,东方财富push2his（AKShare包装或直接fallback）,2026-09-03T01:01:38.738585+08:00
508026,2026-05-07,4.612,hfq,东方财富push2his（AKShare包装或直接fallback）,2026-09-03T01:01:38.738585+08:00
508026,2026-05-08,4.589,hfq,东方财富push2his（AKShare包装或直接fallback）,2026-09-03T01:01:38.738585+08:00
508026,2026-05-11,4.593,hfq,东方财富push2his（AKShare包装或直接fallback）,2026-09-03T01:01:38.738585+08:00
508026,2026-05-12,4.613,hfq,东方财富push2his（AKShare包装或直接fallback）,2026-09-03T01:01:38.738585+08:00
508026,2026-05-13,4.578,hfq,东方财富push2his（AKShare包装或直接fallback）,2026-09-03T01:01:38.738585+08:00
508026,2026-05-14,4.544,hfq,东方财富push2his（AKShare包装或直接fallback）,2026-09-03T01:01:38.738585+08:00
508026,2026-05-15,4.419,hfq,东方财富push2his（AKShare包装或直接fallback）,2026-09-03T01:01:38.738585+08:00
508026,2026-05-18,4.421,hfq,东方财富push2his（AKShare包装或直接fallback）,2026-09-03T01:01:38.738585+08:00
508026,2026-05-19,4.502,hfq,东方财富push2his（AKShare包装或直接fallback）,2026-09-03T01:01:38.738585+08:00
508026,2026-05-20,4.457,hfq,东方财富push2his（AKShare包装或直接fallback）,2026-09-03T01:01:38.738585+08:00
508026,2026-05-21,4.457,hfq,东方财富push2his（AKShare包装或直接fallback）,2026-09-03T01:01:38.738585+08:00
508026,2026-05-22,4.477,hfq,东方财富push2his（AKShare包装或直接fallback）,2026-09-03T01:01:38.738585+08:00
508026,2026-05-25,4.493,hfq,东方财富push2his（AKShare包装或直接fallback）,2026-09-03T01:01:38.738585+08:00
508026,2026-05-26,4.48,hfq,东方财富push2his（AKShare包装或直接fallback）,2026-09-03T01:01:38.738585+08:00
508026,2026-05-27,4.426,hfq,东方财富push2his（AKShare包装或直接fallback）,2026-09-03T01:01:38.738585+08:00
508026,2026-05-28,4.439,hfq,东方财富push2his（AKShare包装或直接fallback）,2026-09-03T01:01:38.738585+08:00
508026,2026-05-29,4.441,hfq,东方财富push2his（AKShare包装或直接fallback）,2026-09-03T01:01:38.738585+08:00
508026,2026-06-01,4.494,hfq,东方财富push2his（AKShare包装或直接fallback）,2026-09-03T01:01:38.738585+08:00
508026,2026-06-02,4.449,hfq,东方财富push2his（AKShare包装或直接fallback）,2026-09-03T01:01:38.738585+08:00
508026,2026-06-03,4.447,hfq,东方财富push2his（AKShare包装或直接fallback）,2026-09-03T01:01:38.738585+08:00
508026,2026-06-04,4.441,hfq,东方财富push2his（AKShare包装或直接fallback）,2026-09-03T01:01:38.738585+08:00
508026,2026-06-05,4.423,hfq,东方财富push2his（AKShare包装或直接fallback）,2026-09-03T01:01:38.738585+08:00
508026,2026-06-08,4.416,hfq,东方财富push2his（AKShare包装或直接fallback）,2026-09-03T01:01:38.738585+08:00
508026,2026-06-09,4.404,hfq,东方财富push2his（AKShare包装或直接fallback）,2026-09-03T01:01:38.738585+08:00
508026,2026-06-10,4.395,hfq,东方财富push2his（AKShare包装或直接fallback）,2026-09-03T01:01:38.738585+08:00
508026,2026-06-11,4.354,hfq,东方财富push2his（AKShare包装或直接fallback）,2026-09-03T01:01:38.738585+08:00
508026,2026-06-12,4.387,hfq,东方财富push2his（AKShare包装或直接fallback）,2026-09-03T01:01:38.738585+08:00
508026,2026-06-15,4.37,hfq,东方财富push2his（AKShare包装或直接fallback）,2026-09-03T01:01:38.738585+08:00
508026,2026-06-16,4.355,hfq,东方财富push2his（AKShare包装或直接fallback）,2026-09-03T01:01:38.738585+08:00
508026,2026-06-17,4.339,hfq,东方财富push2his（AKShare包装或直接fallback）,2026-09-03T01:01:38.738585+08:00
508026,2026-06-18,4.304,hfq,东方财富push2his（AKShare包装或直接fallback）,2026-09-03T01:01:38.738585+08:00
508026,2026-06-22,4.18,hfq,东方财富push2his（AKShare包装或直接fallback）,2026-09-03T01:01:38.738585+08:00
508026,2026-06-23,4.142,hfq,东方财富push2his（AKShare包装或直接fallback）,2026-09-03T01:01:38.738585+08:00
508026,2026-06-24,4.028,hfq,东方财富push2his（AKShare包装或直接fallback）,2026-09-03T01:01:38.738585+08:00
508026,2026-06-25,4.077,hfq,东方财富push2his（AKShare包装或直接fallback）,2026-09-03T01:01:38.738585+08:00
508026,2026-06-26,4.094,hfq,东方财富push2his（AKShare包装或直接fallback）,2026-09-03T01:01:38.738585+08:00
508026,2026-06-29,4.134,hfq,东方财富push2his（AKShare包装或直接fallback）,2026-09-03T01:01:38.738585+08:00
508026,2026-06-30,4.164,hfq,东方财富push2his（AKShare包装或直接fallback）,2026-09-03T01:01:38.738585+08:00
508026,2026-07-01,4.193,hfq,东方财富push2his（AKShare包装或直接fallback）,2026-09-03T01:01:38.738585+08:00
508026,2026-07-02,4.227,hfq,东方财富push2his（AKShare包装或直接fallback）,2026-09-03T01:01:38.738585+08:00
508026,2026-07-03,4.291,hfq,东方财富push2his（AKShare包装或直接fallback）,2026-09-03T01:01:38.738585+08:00
508026,2026-07-06,4.358,hfq,东方财富push2his（AKShare包装或直接fallback）,2026-09-03T01:01:38.738585+08:00
508026,2026-07-07,4.322,hfq,东方财富push2his（AKShare包装或直接fallback）,2026-09-03T01:01:38.738585+08:00
508026,2026-07-08,4.299,hfq,东方财富push2his（AKShare包装或直接fallback）,2026-09-03T01:01:38.738585+08:00
508026,2026-07-09,4.29,hfq,东方财富push2his（AKShare包装或直接fallback）,2026-09-03T01:01:38.738585+08:00
508026,2026-07-10,4.321,hfq,东方财富push2his（AKShare包装或直接fallback）,2026-09-03T01:01:38.738585+08:00
508026,2026-07-13,4.269,hfq,东方财富push2his（AKShare包装或直接fallback）,2026-09-03T01:01:38.738585+08:00
508026,2026-07-14,4.277,hfq,东方财富push2his（AKShare包装或直接fallback）,2026-09-03T01:01:38.738585+08:00
508026,2026-07-15,4.271,hfq,东方财富push2his（AKShare包装或直接fallback）,2026-09-03T01:01:38.738585+08:00
508026,2026-07-16,4.26,hfq,东方财富push2his（AKShare包装或直接fallback）,2026-09-03T01:01:38.738585+08:00
508026,2026-07-17,4.256,hfq,东方财富push2his（AKShare包装或直接fallback）,2026-09-03T01:01:38.738585+08:00
508026,2026-07-20,4.181,hfq,东方财富push2his（AKShare包装或直接fallback）,2026-09-03T01:01:38.738585+08:00
508026,2026-07-21,4.147,hfq,东方财富push2his（AKShare包装或直接fallback）,2026-09-03T01:01:38.738585+08:00
508026,2026-07-22,4.088,hfq,东方财富push2his（AKShare包装或直接fallback）,2026-09-03T01:01:38.738585+08:00
508026,2026-07-23,4.116,hfq,东方财富push2his（AKShare包装或直接fallback）,2026-09-03T01:01:38.738585+08:00
508026,2026-07-24,4.122,hfq,东方财富push2his（AKShare包装或直接fallback）,2026-09-03T01:01:38.738585+08:00
508026,2026-07-27,4.095,hfq,东方财富push2his（AKShare包装或直接fallback）,2026-09-03T01:01:38.738585+08:00
508026,2026-07-28,4.084,hfq,东方财富push2his（AKShare包装或直接fallback）,2026-09-03T01:01:38.738585+08:00
508026,2026-07-29,4.094,hfq,东方财富push2his（AKShare包装或直接fallback）,2026-09-03T01:01:38.738585+08:00
508026,2026-07-30,4.13,hfq,东方财富push2his（AKShare包装或直接fallback）,2026-09-03T01:01:38.738585+08:00
508026,2026-07-31,4.16,hfq,东方财富push2his（AKShare包装或直接fallback）,2026-09-03T01:01:38.738585+08:00
508026,2026-08-03,4.153,hfq,东方财富push2his（AKShare包装或直接fallback）,2026-09-03T01:01:38.738585+08:00
508026,2026-08-04,4.085,hfq,东方财富push2his（AKShare包装或直接fallback）,2026-09-03T01:01:38.738585+08:00
508026,2026-08-05,4.075,hfq,东方财富push2his（AKShare包装或直接fallback）,2026-09-03T01:01:38.738585+08:00
508026,2026-08-06,4.079,hfq,东方财富push2his（AKShare包装或直接fallback）,2026-09-03T01:01:38.738585+08:00
508026,2026-08-07,4.112,hfq,东方财富push2his（AKShare包装或直接fallback）,2026-09-03T01:01:38.738585+08:00
508026,2026-08-10,4.119,hfq,东方财富push2his（AKShare包装或直接fallback）,2026-09-03T01:01:38.738585+08:00
508026,2026-08-11,4.089,hfq,东方财富push2his（AKShare包装或直接fallback）,2026-09-03T01:01:38.738585+08:00
508026,2026-08-12,4.005,hfq,东方财富push2his（AKShare包装或直接fallback）,2026-09-03T01:01:38.738585+08:00
508026,2026-08-13,4.003,hfq,东方财富push2his（AKShare包装或直接fallback）,2026-09-03T01:01:38.738585+08:00
508026,2026-08-14,3.99,hfq,东方财富push2his（AKShare包装或直接fallback）,2026-09-03T01:01:38.738585+08:00
508026,2026-08-17,3.971,hfq,东方财富push2his（AKShare包装或直接fallback）,2026-09-03T01:01:38.738585+08:00
508026,2026-08-18,3.998,hfq,东方财富push2his（AKShare包装或直接fallback）,2026-09-03T01:01:38.738585+08:00
508026,2026-08-19,3.991,hfq,东方财富push2his（AKShare包装或直接fallback）,2026-09-03T01:01:38.738585+08:00
508026,2026-08-20,4.088,hfq,东方财富push2his（AKShare包装或直接fallback）,2026-09-03T01:01:38.738585+08:00
508026,2026-08-21,4.089,hfq,东方财富push2his（AKShare包装或直接fallback）,2026-09-03T01:01:38.738585+08:00
508026,2026-08-24,4.071,hfq,东方财富push2his（AKShare包装或直接fallback）,2026-09-03T01:01:38.738585+08:00
508026,2026-08-25,4.127,hfq,东方财富push2his（AKShare包装或直接fallback）,2026-09-03T01:01:38.738585+08:00
508026,2026-08-26,4.158,hfq,东方财富push2his（AKShare包装或直接fallback）,2026-09-03T01:01:38.738585+08:00
508026,2026-08-27,4.216,hfq,东方财富push2his（AKShare包装或直接fallback）,2026-09-03T01:01:38.738585+08:00
508026,2026-08-28,4.24,hfq,东方财富push2his（AKShare包装或直接fallback）,2026-09-03T01:01:38.738585+08:00
508026,2026-08-31,4.205,hfq,东方财富push2his（AKShare包装或直接fallback）,2026-09-03T01:01:38.738585+08:00
508026,2026-09-01,4.153,hfq,东方财富push2his（AKShare包装或直接fallback）,2026-09-03T01:01:38.738585+08:00
508026,2026-09-02,4.105,hfq,东方财富push2his（AKShare包装或直接fallback）,2026-09-03T01:01:38.738585+08:00
508028,2024-03-20,10.719,hfq,东方财富push2his（AKShare包装或直接fallback）,2026-09-03T01:01:38.738585+08:00
508028,2024-03-21,10.705,hfq,东方财富push2his（AKShare包装或直接fallback）,2026-09-03T01:01:38.738585+08:00
508028,2024-03-22,10.624,hfq,东方财富push2his（AKShare包装或直接fallback）,2026-09-03T01:01:38.738585+08:00
508028,2024-03-25,10.632,hfq,东方财富push2his（AKShare包装或直接fallback）,2026-09-03T01:01:38.738585+08:00
508028,2024-03-26,10.595,hfq,东方财富push2his（AKShare包装或直接fallback）,2026-09-03T01:01:38.738585+08:00
508028,2024-03-27,10.613,hfq,东方财富push2his（AKShare包装或直接fallback）,2026-09-03T01:01:38.738585+08:00
508028,2024-03-28,10.536,hfq,东方财富push2his（AKShare包装或直接fallback）,2026-09-03T01:01:38.738585+08:00
508028,2024-03-29,10.456,hfq,东方财富push2his（AKShare包装或直接fallback）,2026-09-03T01:01:38.738585+08:00
508028,2024-04-01,10.424,hfq,东方财富push2his（AKShare包装或直接fallback）,2026-09-03T01:01:38.738585+08:00
508028,2024-04-02,10.388,hfq,东方财富push2his（AKShare包装或直接fallback）,2026-09-03T01:01:38.738585+08:00
508028,2024-04-03,10.65,hfq,东方财富push2his（AKShare包装或直接fallback）,2026-09-03T01:01:38.738585+08:00
508028,2024-04-08,10.741,hfq,东方财富push2his（AKShare包装或直接fallback）,2026-09-03T01:01:38.738585+08:00
508028,2024-04-09,10.757,hfq,东方财富push2his（AKShare包装或直接fallback）,2026-09-03T01:01:38.738585+08:00
508028,2024-04-10,10.746,hfq,东方财富push2his（AKShare包装或直接fallback）,2026-09-03T01:01:38.738585+08:00
508028,2024-04-11,10.75,hfq,东方财富push2his（AKShare包装或直接fallback）,2026-09-03T01:01:38.738585+08:00
508028,2024-04-12,10.733,hfq,东方财富push2his（AKShare包装或直接fallback）,2026-09-03T01:01:38.738585+08:00
508028,2024-04-15,10.693,hfq,东方财富push2his（AKShare包装或直接fallback）,2026-09-03T01:01:38.738585+08:00
508028,2024-04-16,10.667,hfq,东方财富push2his（AKShare包装或直接fallback）,2026-09-03T01:01:38.738585+08:00
508028,2024-04-17,10.677,hfq,东方财富push2his（AKShare包装或直接fallback）,2026-09-03T01:01:38.738585+08:00
508028,2024-04-18,10.8,hfq,东方财富push2his（AKShare包装或直接fallback）,2026-09-03T01:01:38.738585+08:00
508028,2024-04-19,10.785,hfq,东方财富push2his（AKShare包装或直接fallback）,2026-09-03T01:01:38.738585+08:00
508028,2024-04-22,10.801,hfq,东方财富push2his（AKShare包装或直接fallback）,2026-09-03T01:01:38.738585+08:00
508028,2024-04-23,10.848,hfq,东方财富push2his（AKShare包装或直接fallback）,2026-09-03T01:01:38.738585+08:00
508028,2024-04-24,10.98,hfq,东方财富push2his（AKShare包装或直接fallback）,2026-09-03T01:01:38.738585+08:00
508028,2024-04-25,11.162,hfq,东方财富push2his（AKShare包装或直接fallback）,2026-09-03T01:01:38.738585+08:00
508028,2024-04-26,11.248,hfq,东方财富push2his（AKShare包装或直接fallback）,2026-09-03T01:01:38.738585+08:00
508028,2024-04-29,11.24,hfq,东方财富push2his（AKShare包装或直接fallback）,2026-09-03T01:01:38.738585+08:00
508028,2024-04-30,11.337,hfq,东方财富push2his（AKShare包装或直接fallback）,2026-09-03T01:01:38.738585+08:00
508028,2024-05-06,11.429,hfq,东方财富push2his（AKShare包装或直接fallback）,2026-09-03T01:01:38.738585+08:00
508028,2024-05-07,11.346,hfq,东方财富push2his（AKShare包装或直接fallback）,2026-09-03T01:01:38.738585+08:00
508028,2024-05-08,11.278,hfq,东方财富push2his（AKShare包装或直接fallback）,2026-09-03T01:01:38.738585+08:00
508028,2024-05-09,11.313,hfq,东方财富push2his（AKShare包装或直接fallback）,2026-09-03T01:01:38.738585+08:00
508028,2024-05-10,11.298,hfq,东方财富push2his（AKShare包装或直接fallback）,2026-09-03T01:01:38.738585+08:00
508028,2024-05-13,11.257,hfq,东方财富push2his（AKShare包装或直接fallback）,2026-09-03T01:01:38.738585+08:00
508028,2024-05-14,11.223,hfq,东方财富push2his（AKShare包装或直接fallback）,2026-09-03T01:01:38.738585+08:00
508028,2024-05-15,11.196,hfq,东方财富push2his（AKShare包装或直接fallback）,2026-09-03T01:01:38.738585+08:00
508028,2024-05-16,11.218,hfq,东方财富push2his（AKShare包装或直接fallback）,2026-09-03T01:01:38.738585+08:00
508028,2024-05-17,11.209,hfq,东方财富push2his（AKShare包装或直接fallback）,2026-09-03T01:01:38.738585+08:00
508028,2024-05-20,11.148,hfq,东方财富push2his（AKShare包装或直接fallback）,2026-09-03T01:01:38.738585+08:00
508028,2024-05-21,11.094,hfq,东方财富push2his（AKShare包装或直接fallback）,2026-09-03T01:01:38.738585+08:00
508028,2024-05-22,11.092,hfq,东方财富push2his（AKShare包装或直接fallback）,2026-09-03T01:01:38.738585+08:00
508028,2024-05-23,11.127,hfq,东方财富push2his（AKShare包装或直接fallback）,2026-09-03T01:01:38.738585+08:00
508028,2024-05-24,11.143,hfq,东方财富push2his（AKShare包装或直接fallback）,2026-09-03T01:01:38.738585+08:00
508028,2024-05-27,11.131,hfq,东方财富push2his（AKShare包装或直接fallback）,2026-09-03T01:01:38.738585+08:00
508028,2024-05-28,11.135,hfq,东方财富push2his（AKShare包装或直接fallback）,2026-09-03T01:01:38.738585+08:00
508028,2024-05-29,11.113,hfq,东方财富push2his（AKShare包装或直接fallback）,2026-09-03T01:01:38.738585+08:00
508028,2024-05-30,11.098,hfq,东方财富push2his（AKShare包装或直接fallback）,2026-09-03T01:01:38.738585+08:00
508028,2024-05-31,11.133,hfq,东方财富push2his（AKShare包装或直接fallback）,2026-09-03T01:01:38.738585+08:00
508028,2024-06-03,11.134,hfq,东方财富push2his（AKShare包装或直接fallback）,2026-09-03T01:01:38.738585+08:00
508028,2024-06-04,11.151,hfq,东方财富push2his（AKShare包装或直接fallback）,2026-09-03T01:01:38.738585+08:00
508028,2024-06-05,11.137,hfq,东方财富push2his（AKShare包装或直接fallback）,2026-09-03T01:01:38.738585+08:00
508028,2024-06-06,11.133,hfq,东方财富push2his（AKShare包装或直接fallback）,2026-09-03T01:01:38.738585+08:00
508028,2024-06-07,11.201,hfq,东方财富push2his（AKShare包装或直接fallback）,2026-09-03T01:01:38.738585+08:00
508028,2024-06-11,11.226,hfq,东方财富push2his（AKShare包装或直接fallback）,2026-09-03T01:01:38.738585+08:00
508028,2024-06-12,11.19,hfq,东方财富push2his（AKShare包装或直接fallback）,2026-09-03T01:01:38.738585+08:00
508028,2024-06-13,11.232,hfq,东方财富push2his（AKShare包装或直接fallback）,2026-09-03T01:01:38.738585+08:00
508028,2024-06-14,11.259,hfq,东方财富push2his（AKShare包装或直接fallback）,2026-09-03T01:01:38.738585+08:00
508028,2024-06-17,11.234,hfq,东方财富push2his（AKShare包装或直接fallback）,2026-09-03T01:01:38.738585+08:00
508028,2024-06-18,11.248,hfq,东方财富push2his（AKShare包装或直接fallback）,2026-09-03T01:01:38.738585+08:00
508028,2024-06-19,11.243,hfq,东方财富push2his（AKShare包装或直接fallback）,2026-09-03T01:01:38.738585+08:00
508028,2024-06-20,11.228,hfq,东方财富push2his（AKShare包装或直接fallback）,2026-09-03T01:01:38.738585+08:00
508028,2024-06-21,11.253,hfq,东方财富push2his（AKShare包装或直接fallback）,2026-09-03T01:01:38.738585+08:00
508028,2024-06-24,11.299,hfq,东方财富push2his（AKShare包装或直接fallback）,2026-09-03T01:01:38.738585+08:00
508028,2024-06-25,11.307,hfq,东方财富push2his（AKShare包装或直接fallback）,2026-09-03T01:01:38.738585+08:00
508028,2024-06-26,11.302,hfq,东方财富push2his（AKShare包装或直接fallback）,2026-09-03T01:01:38.738585+08:00
508028,2024-06-27,11.432,hfq,东方财富push2his（AKShare包装或直接fallback）,2026-09-03T01:01:38.738585+08:00
508028,2024-06-28,11.406,hfq,东方财富push2his（AKShare包装或直接fallback）,2026-09-03T01:01:38.738585+08:00
508028,2024-07-01,11.401,hfq,东方财富push2his（AKShare包装或直接fallback）,2026-09-03T01:01:38.738585+08:00
508028,2024-07-02,11.386,hfq,东方财富push2his（AKShare包装或直接fallback）,2026-09-03T01:01:38.738585+08:00
508028,2024-07-03,11.388,hfq,东方财富push2his（AKShare包装或直接fallback）,2026-09-03T01:01:38.738585+08:00
508028,2024-07-04,11.302,hfq,东方财富push2his（AKShare包装或直接fallback）,2026-09-03T01:01:38.738585+08:00
508028,2024-07-05,11.206,hfq,东方财富push2his（AKShare包装或直接fallback）,2026-09-03T01:01:38.738585+08:00
508028,2024-07-08,11.216,hfq,东方财富push2his（AKShare包装或直接fallback）,2026-09-03T01:01:38.738585+08:00
508028,2024-07-09,11.231,hfq,东方财富push2his（AKShare包装或直接fallback）,2026-09-03T01:01:38.738585+08:00
508028,2024-07-10,11.273,hfq,东方财富push2his（AKShare包装或直接fallback）,2026-09-03T01:01:38.738585+08:00
508028,2024-07-11,11.275,hfq,东方财富push2his（AKShare包装或直接fallback）,2026-09-03T01:01:38.738585+08:00
508028,2024-07-12,11.33,hfq,东方财富push2his（AKShare包装或直接fallback）,2026-09-03T01:01:38.738585+08:00
508028,2024-07-15,11.397,hfq,东方财富push2his（AKShare包装或直接fallback）,2026-09-03T01:01:38.738585+08:00
508028,2024-07-16,11.407,hfq,东方财富push2his（AKShare包装或直接fallback）,2026-09-03T01:01:38.738585+08:00
508028,2024-07-17,11.421,hfq,东方财富push2his（AKShare包装或直接fallback）,2026-09-03T01:01:38.738585+08:00
508028,2024-07-18,11.309,hfq,东方财富push2his（AKShare包装或直接fallback）,2026-09-03T01:01:38.738585+08:00
508028,2024-07-19,11.259,hfq,东方财富push2his（AKShare包装或直接fallback）,2026-09-03T01:01:38.738585+08:00
508028,2024-07-22,11.221,hfq,东方财富push2his（AKShare包装或直接fallback）,2026-09-03T01:01:38.738585+08:00
508028,2024-07-23,11.254,hfq,东方财富push2his（AKShare包装或直接fallback）,2026-09-03T01:01:38.738585+08:00
508028,2024-07-24,11.265,hfq,东方财富push2his（AKShare包装或直接fallback）,2026-09-03T01:01:38.738585+08:00
508028,2024-07-25,11.278,hfq,东方财富push2his（AKShare包装或直接fallback）,2026-09-03T01:01:38.738585+08:00
508028,2024-07-26,11.259,hfq,东方财富push2his（AKShare包装或直接fallback）,2026-09-03T01:01:38.738585+08:00
508028,2024-07-29,11.258,hfq,东方财富push2his（AKShare包装或直接fallback）,2026-09-03T01:01:38.738585+08:00
508028,2024-07-30,11.3,hfq,东方财富push2his（AKShare包装或直接fallback）,2026-09-03T01:01:38.738585+08:00
508028,2024-07-31,11.317,hfq,东方财富push2his（AKShare包装或直接fallback）,2026-09-03T01:01:38.738585+08:00
508028,2024-08-01,11.265,hfq,东方财富push2his（AKShare包装或直接fallback）,2026-09-03T01:01:38.738585+08:00
508028,2024-08-02,11.317,hfq,东方财富push2his（AKShare包装或直接fallback）,2026-09-03T01:01:38.738585+08:00
508028,2024-08-05,11.381,hfq,东方财富push2his（AKShare包装或直接fallback）,2026-09-03T01:01:38.738585+08:00
508028,2024-08-06,11.347,hfq,东方财富push2his（AKShare包装或直接fallback）,2026-09-03T01:01:38.738585+08:00
508028,2024-08-07,11.358,hfq,东方财富push2his（AKShare包装或直接fallback）,2026-09-03T01:01:38.738585+08:00
508028,2024-08-08,11.353,hfq,东方财富push2his（AKShare包装或直接fallback）,2026-09-03T01:01:38.738585+08:00
508028,2024-08-09,11.401,hfq,东方财富push2his（AKShare包装或直接fallback）,2026-09-03T01:01:38.738585+08:00
508028,2024-08-12,11.393,hfq,东方财富push2his（AKShare包装或直接fallback）,2026-09-03T01:01:38.738585+08:00
508028,2024-08-13,11.398,hfq,东方财富push2his（AKShare包装或直接fallback）,2026-09-03T01:01:38.738585+08:00
508028,2024-08-14,11.398,hfq,东方财富push2his（AKShare包装或直接fallback）,2026-09-03T01:01:38.738585+08:00
508028,2024-08-15,11.41,hfq,东方财富push2his（AKShare包装或直接fallback）,2026-09-03T01:01:38.738585+08:00
508028,2024-08-16,11.392,hfq,东方财富push2his（AKShare包装或直接fallback）,2026-09-03T01:01:38.738585+08:00
508028,2024-08-19,11.434,hfq,东方财富push2his（AKShare包装或直接fallback）,2026-09-03T01:01:38.738585+08:00
508028,2024-08-20,11.434,hfq,东方财富push2his（AKShare包装或直接fallback）,2026-09-03T01:01:38.738585+08:00
508028,2024-08-21,11.441,hfq,东方财富push2his（AKShare包装或直接fallback）,2026-09-03T01:01:38.738585+08:00
508028,2024-08-22,11.427,hfq,东方财富push2his（AKShare包装或直接fallback）,2026-09-03T01:01:38.738585+08:00
508028,2024-08-23,11.416,hfq,东方财富push2his（AKShare包装或直接fallback）,2026-09-03T01:01:38.738585+08:00
508028,2024-08-26,11.408,hfq,东方财富push2his（AKShare包装或直接fallback）,2026-09-03T01:01:38.738585+08:00
508028,2024-08-27,11.41,hfq,东方财富push2his（AKShare包装或直接fallback）,2026-09-03T01:01:38.738585+08:00
508028,2024-08-28,11.418,hfq,东方财富push2his（AKShare包装或直接fallback）,2026-09-03T01:01:38.738585+08:00
508028,2024-08-29,11.435,hfq,东方财富push2his（AKShare包装或直接fallback）,2026-09-03T01:01:38.738585+08:00
508028,2024-08-30,11.409,hfq,东方财富push2his（AKShare包装或直接fallback）,2026-09-03T01:01:38.738585+08:00
508028,2024-09-02,11.392,hfq,东方财富push2his（AKShare包装或直接fallback）,2026-09-03T01:01:38.738585+08:00
508028,2024-09-03,11.386,hfq,东方财富push2his（AKShare包装或直接fallback）,2026-09-03T01:01:38.738585+08:00
508028,2024-09-04,11.392,hfq,东方财富push2his（AKShare包装或直接fallback）,2026-09-03T01:01:38.738585+08:00
508028,2024-09-05,11.392,hfq,东方财富push2his（AKShare包装或直接fallback）,2026-09-03T01:01:38.738585+08:00
508028,2024-09-06,11.385,hfq,东方财富push2his（AKShare包装或直接fallback）,2026-09-03T01:01:38.738585+08:00
508028,2024-09-09,11.359,hfq,东方财富push2his（AKShare包装或直接fallback）,2026-09-03T01:01:38.738585+08:00
508028,2024-09-10,11.274,hfq,东方财富push2his（AKShare包装或直接fallback）,2026-09-03T01:01:38.738585+08:00
508028,2024-09-11,11.239,hfq,东方财富push2his（AKShare包装或直接fallback）,2026-09-03T01:01:38.738585+08:00
508028,2024-09-12,11.236,hfq,东方财富push2his（AKShare包装或直接fallback）,2026-09-03T01:01:38.738585+08:00
508028,2024-09-13,11.234,hfq,东方财富push2his（AKShare包装或直接fallback）,2026-09-03T01:01:38.738585+08:00
508028,2024-09-18,11.188,hfq,东方财富push2his（AKShare包装或直接fallback）,2026-09-03T01:01:38.738585+08:00
508028,2024-09-19,11.276,hfq,东方财富push2his（AKShare包装或直接fallback）,2026-09-03T01:01:38.738585+08:00
508028,2024-09-20,11.234,hfq,东方财富push2his（AKShare包装或直接fallback）,2026-09-03T01:01:38.738585+08:00
508028,2024-09-23,11.168,hfq,东方财富push2his（AKShare包装或直接fallback）,2026-09-03T01:01:38.738585+08:00
508028,2024-09-24,11.207,hfq,东方财富push2his（AKShare包装或直接fallback）,2026-09-03T01:01:38.738585+08:00
508028,2024-09-25,11.326,hfq,东方财富push2his（AKShare包装或直接fallback）,2026-09-03T01:01:38.738585+08:00
508028,2024-09-26,11.361,hfq,东方财富push2his（AKShare包装或直接fallback）,2026-09-03T01:01:38.738585+08:00
508028,2024-09-27,11.316,hfq,东方财富push2his（AKShare包装或直接fallback）,2026-09-03T01:01:38.738585+08:00
508028,2024-09-30,11.256,hfq,东方财富push2his（AKShare包装或直接fallback）,2026-09-03T01:01:38.738585+08:00
508028,2024-10-08,11.22,hfq,东方财富push2his（AKShare包装或直接fallback）,2026-09-03T01:01:38.738585+08:00
508028,2024-10-09,11.245,hfq,东方财富push2his（AKShare包装或直接fallback）,2026-09-03T01:01:38.738585+08:00
508028,2024-10-10,11.305,hfq,东方财富push2his（AKShare包装或直接fallback）,2026-09-03T01:01:38.738585+08:00
508028,2024-10-11,11.295,hfq,东方财富push2his（AKShare包装或直接fallback）,2026-09-03T01:01:38.738585+08:00
508028,2024-10-14,11.221,hfq,东方财富push2his（AKShare包装或直接fallback）,2026-09-03T01:01:38.738585+08:00
508028,2024-10-15,11.198,hfq,东方财富push2his（AKShare包装或直接fallback）,2026-09-03T01:01:38.738585+08:00
508028,2024-10-16,11.201,hfq,东方财富push2his（AKShare包装或直接fallback）,2026-09-03T01:01:38.738585+08:00
508028,2024-10-17,11.197,hfq,东方财富push2his（AKShare包装或直接fallback）,2026-09-03T01:01:38.738585+08:00
508028,2024-10-18,11.257,hfq,东方财富push2his（AKShare包装或直接fallback）,2026-09-03T01:01:38.738585+08:00
508028,2024-10-21,11.218,hfq,东方财富push2his（AKShare包装或直接fallback）,2026-09-03T01:01:38.738585+08:00
508028,2024-10-22,11.214,hfq,东方财富push2his（AKShare包装或直接fallback）,2026-09-03T01:01:38.738585+08:00
508028,2024-10-23,11.165,hfq,东方财富push2his（AKShare包装或直接fallback）,2026-09-03T01:01:38.738585+08:00
508028,2024-10-24,11.166,hfq,东方财富push2his（AKShare包装或直接fallback）,2026-09-03T01:01:38.738585+08:00
508028,2024-10-25,11.174,hfq,东方财富push2his（AKShare包装或直接fallback）,2026-09-03T01:01:38.738585+08:00
508028,2024-10-28,11.181,hfq,东方财富push2his（AKShare包装或直接fallback）,2026-09-03T01:01:38.738585+08:00
508028,2024-10-29,11.181,hfq,东方财富push2his（AKShare包装或直接fallback）,2026-09-03T01:01:38.738585+08:00
508028,2024-10-30,11.189,hfq,东方财富push2his（AKShare包装或直接fallback）,2026-09-03T01:01:38.738585+08:00
508028,2024-10-31,11.177,hfq,东方财富push2his（AKShare包装或直接fallback）,2026-09-03T01:01:38.738585+08:00
508028,2024-11-01,11.182,hfq,东方财富push2his（AKShare包装或直接fallback）,2026-09-03T01:01:38.738585+08:00
508028,2024-11-04,11.201,hfq,东方财富push2his（AKShare包装或直接fallback）,2026-09-03T01:01:38.738585+08:00
508028,2024-11-05,11.206,hfq,东方财富push2his（AKShare包装或直接fallback）,2026-09-03T01:01:38.738585+08:00
508028,2024-11-06,11.233,hfq,东方财富push2his（AKShare包装或直接fallback）,2026-09-03T01:01:38.738585+08:00
508028,2024-11-07,11.211,hfq,东方财富push2his（AKShare包装或直接fallback）,2026-09-03T01:01:38.738585+08:00
508028,2024-11-08,11.211,hfq,东方财富push2his（AKShare包装或直接fallback）,2026-09-03T01:01:38.738585+08:00
508028,2024-11-11,11.272,hfq,东方财富push2his（AKShare包装或直接fallback）,2026-09-03T01:01:38.738585+08:00
508028,2024-11-12,11.286,hfq,东方财富push2his（AKShare包装或直接fallback）,2026-09-03T01:01:38.738585+08:00
508028,2024-11-13,11.295,hfq,东方财富push2his（AKShare包装或直接fallback）,2026-09-03T01:01:38.738585+08:00
508028,2024-11-14,11.291,hfq,东方财富push2his（AKShare包装或直接fallback）,2026-09-03T01:01:38.738585+08:00
508028,2024-11-15,11.297,hfq,东方财富push2his（AKShare包装或直接fallback）,2026-09-03T01:01:38.738585+08:00
508028,2024-11-18,11.247,hfq,东方财富push2his（AKShare包装或直接fallback）,2026-09-03T01:01:38.738585+08:00
508028,2024-11-19,11.25,hfq,东方财富push2his（AKShare包装或直接fallback）,2026-09-03T01:01:38.738585+08:00
508028,2024-11-20,11.239,hfq,东方财富push2his（AKShare包装或直接fallback）,2026-09-03T01:01:38.738585+08:00
508028,2024-11-21,11.219,hfq,东方财富push2his（AKShare包装或直接fallback）,2026-09-03T01:01:38.738585+08:00
508028,2024-11-22,11.221,hfq,东方财富push2his（AKShare包装或直接fallback）,2026-09-03T01:01:38.738585+08:00
508028,2024-11-25,11.213,hfq,东方财富push2his（AKShare包装或直接fallback）,2026-09-03T01:01:38.738585+08:00
508028,2024-11-26,11.233,hfq,东方财富push2his（AKShare包装或直接fallback）,2026-09-03T01:01:38.738585+08:00
508028,2024-11-27,11.209,hfq,东方财富push2his（AKShare包装或直接fallback）,2026-09-03T01:01:38.738585+08:00
508028,2024-11-28,11.216,hfq,东方财富push2his（AKShare包装或直接fallback）,2026-09-03T01:01:38.738585+08:00
508028,2024-11-29,11.218,hfq,东方财富push2his（AKShare包装或直接fallback）,2026-09-03T01:01:38.738585+08:00
508028,2024-12-02,11.3,hfq,东方财富push2his（AKShare包装或直接fallback）,2026-09-03T01:01:38.738585+08:00
508028,2024-12-03,11.363,hfq,东方财富push2his（AKShare包装或直接fallback）,2026-09-03T01:01:38.738585+08:00
508028,2024-12-04,11.353,hfq,东方财富push2his（AKShare包装或直接fallback）,2026-09-03T01:01:38.738585+08:00
508028,2024-12-05,11.281,hfq,东方财富push2his（AKShare包装或直接fallback）,2026-09-03T01:01:38.738585+08:00
508028,2024-12-06,11.297,hfq,东方财富push2his（AKShare包装或直接fallback）,2026-09-03T01:01:38.738585+08:00
508028,2024-12-09,11.31,hfq,东方财富push2his（AKShare包装或直接fallback）,2026-09-03T01:01:38.738585+08:00
508028,2024-12-10,11.429,hfq,东方财富push2his（AKShare包装或直接fallback）,2026-09-03T01:01:38.738585+08:00
508028,2024-12-11,11.606,hfq,东方财富push2his（AKShare包装或直接fallback）,2026-09-03T01:01:38.738585+08:00
508028,2024-12-12,11.616,hfq,东方财富push2his（AKShare包装或直接fallback）,2026-09-03T01:01:38.738585+08:00
508028,2024-12-13,11.617,hfq,东方财富push2his（AKShare包装或直接fallback）,2026-09-03T01:01:38.738585+08:00
508028,2024-12-16,11.717,hfq,东方财富push2his（AKShare包装或直接fallback）,2026-09-03T01:01:38.738585+08:00
508028,2024-12-17,11.695,hfq,东方财富push2his（AKShare包装或直接fallback）,2026-09-03T01:01:38.738585+08:00
508028,2024-12-18,11.619,hfq,东方财富push2his（AKShare包装或直接fallback）,2026-09-03T01:01:38.738585+08:00
508028,2024-12-19,11.619,hfq,东方财富push2his（AKShare包装或直接fallback）,2026-09-03T01:01:38.738585+08:00
508028,2024-12-20,11.648,hfq,东方财富push2his（AKShare包装或直接fallback）,2026-09-03T01:01:38.738585+08:00
508028,2024-12-23,11.687,hfq,东方财富push2his（AKShare包装或直接fallback）,2026-09-03T01:01:38.738585+08:00
508028,2024-12-24,11.662,hfq,东方财富push2his（AKShare包装或直接fallback）,2026-09-03T01:01:38.738585+08:00
508028,2024-12-25,11.658,hfq,东方财富push2his（AKShare包装或直接fallback）,2026-09-03T01:01:38.738585+08:00
508028,2024-12-26,11.664,hfq,东方财富push2his（AKShare包装或直接fallback）,2026-09-03T01:01:38.738585+08:00
508028,2024-12-27,11.652,hfq,东方财富push2his（AKShare包装或直接fallback）,2026-09-03T01:01:38.738585+08:00
508028,2024-12-30,11.698,hfq,东方财富push2his（AKShare包装或直接fallback）,2026-09-03T01:01:38.738585+08:00
508028,2024-12-31,11.523,hfq,东方财富push2his（AKShare包装或直接fallback）,2026-09-03T01:01:38.738585+08:00
508028,2025-01-02,11.75,hfq,东方财富push2his（AKShare包装或直接fallback）,2026-09-03T01:01:38.738585+08:00
508028,2025-01-03,11.939,hfq,东方财富push2his（AKShare包装或直接fallback）,2026-09-03T01:01:38.738585+08:00
508028,2025-01-06,12.103,hfq,东方财富push2his（AKShare包装或直接fallback）,2026-09-03T01:01:38.738585+08:00
508028,2025-01-07,12.2,hfq,东方财富push2his（AKShare包装或直接fallback）,2026-09-03T01:01:38.738585+08:00
508028,2025-01-08,12.32,hfq,东方财富push2his（AKShare包装或直接fallback）,2026-09-03T01:01:38.738585+08:00
508028,2025-01-09,12.317,hfq,东方财富push2his（AKShare包装或直接fallback）,2026-09-03T01:01:38.738585+08:00
508028,2025-01-10,12.357,hfq,东方财富push2his（AKShare包装或直接fallback）,2026-09-03T01:01:38.738585+08:00
508028,2025-01-13,12.293,hfq,东方财富push2his（AKShare包装或直接fallback）,2026-09-03T01:01:38.738585+08:00
508028,2025-01-14,12.197,hfq,东方财富push2his（AKShare包装或直接fallback）,2026-09-03T01:01:38.738585+08:00
508028,2025-01-15,12.248,hfq,东方财富push2his（AKShare包装或直接fallback）,2026-09-03T01:01:38.738585+08:00
508028,2025-01-16,12.241,hfq,东方财富push2his（AKShare包装或直接fallback）,2026-09-03T01:01:38.738585+08:00
508028,2025-01-17,12.23,hfq,东方财富push2his（AKShare包装或直接fallback）,2026-09-03T01:01:38.738585+08:00
508028,2025-01-20,12.222,hfq,东方财富push2his（AKShare包装或直接fallback）,2026-09-03T01:01:38.738585+08:00
508028,2025-01-21,12.159,hfq,东方财富push2his（AKShare包装或直接fallback）,2026-09-03T01:01:38.738585+08:00
508028,2025-01-22,12.267,hfq,东方财富push2his（AKShare包装或直接fallback）,2026-09-03T01:01:38.738585+08:00
508028,2025-01-23,12.29,hfq,东方财富push2his（AKShare包装或直接fallback）,2026-09-03T01:01:38.738585+08:00
508028,2025-01-24,12.381,hfq,东方财富push2his（AKShare包装或直接fallback）,2026-09-03T01:01:38.738585+08:00
508028,2025-01-27,12.632,hfq,东方财富push2his（AKShare包装或直接fallback）,2026-09-03T01:01:38.738585+08:00
508028,2025-02-05,12.811,hfq,东方财富push2his（AKShare包装或直接fallback）,2026-09-03T01:01:38.738585+08:00
508028,2025-02-06,12.742,hfq,东方财富push2his（AKShare包装或直接fallback）,2026-09-03T01:01:38.738585+08:00
508028,2025-02-07,12.736,hfq,东方财富push2his（AKShare包装或直接fallback）,2026-09-03T01:01:38.738585+08:00
508028,2025-02-10,12.748,hfq,东方财富push2his（AKShare包装或直接fallback）,2026-09-03T01:01:38.738585+08:00
508028,2025-02-11,12.742,hfq,东方财富push2his（AKShare包装或直接fallback）,2026-09-03T01:01:38.738585+08:00
508028,2025-02-12,12.737,hfq,东方财富push2his（AKShare包装或直接fallback）,2026-09-03T01:01:38.738585+08:00
508028,2025-02-13,12.502,hfq,东方财富push2his（AKShare包装或直接fallback）,2026-09-03T01:01:38.738585+08:00
508028,2025-02-14,12.615,hfq,东方财富push2his（AKShare包装或直接fallback）,2026-09-03T01:01:38.738585+08:00
508028,2025-02-17,12.717,hfq,东方财富push2his（AKShare包装或直接fallback）,2026-09-03T01:01:38.738585+08:00
508028,2025-02-18,12.627,hfq,东方财富push2his（AKShare包装或直接fallback）,2026-09-03T01:01:38.738585+08:00
508028,2025-02-19,12.574,hfq,东方财富push2his（AKShare包装或直接fallback）,2026-09-03T01:01:38.738585+08:00
508028,2025-02-20,12.512,hfq,东方财富push2his（AKShare包装或直接fallback）,2026-09-03T01:01:38.738585+08:00
508028,2025-02-21,12.502,hfq,东方财富push2his（AKShare包装或直接fallback）,2026-09-03T01:01:38.738585+08:00
508028,2025-02-24,12.388,hfq,东方财富push2his（AKShare包装或直接fallback）,2026-09-03T01:01:38.738585+08:00
508028,2025-02-25,12.306,hfq,东方财富push2his（AKShare包装或直接fallback）,2026-09-03T01:01:38.738585+08:00
508028,2025-02-26,12.319,hfq,东方财富push2his（AKShare包装或直接fallback）,2026-09-03T01:01:38.738585+08:00
508028,2025-02-27,12.181,hfq,东方财富push2his（AKShare包装或直接fallback）,2026-09-03T01:01:38.738585+08:00
508028,2025-02-28,12.161,hfq,东方财富push2his（AKShare包装或直接fallback）,2026-09-03T01:01:38.738585+08:00
508028,2025-03-03,12.47,hfq,东方财富push2his（AKShare包装或直接fallback）,2026-09-03T01:01:38.738585+08:00
508028,2025-03-04,12.482,hfq,东方财富push2his（AKShare包装或直接fallback）,2026-09-03T01:01:38.738585+08:00
508028,2025-03-05,12.392,hfq,东方财富push2his（AKShare包装或直接fallback）,2026-09-03T01:01:38.738585+08:00
508028,2025-03-06,12.402,hfq,东方财富push2his（AKShare包装或直接fallback）,2026-09-03T01:01:38.738585+08:00
508028,2025-03-07,12.43,hfq,东方财富push2his（AKShare包装或直接fallback）,2026-09-03T01:01:38.738585+08:00
508028,2025-03-10,12.424,hfq,东方财富push2his（AKShare包装或直接fallback）,2026-09-03T01:01:38.738585+08:00
508028,2025-03-11,12.385,hfq,东方财富push2his（AKShare包装或直接fallback）,2026-09-03T01:01:38.738585+08:00
508028,2025-03-12,12.381,hfq,东方财富push2his（AKShare包装或直接fallback）,2026-09-03T01:01:38.738585+08:00
508028,2025-03-13,12.42,hfq,东方财富push2his（AKShare包装或直接fallback）,2026-09-03T01:01:38.738585+08:00
508028,2025-03-14,12.401,hfq,东方财富push2his（AKShare包装或直接fallback）,2026-09-03T01:01:38.738585+08:00
508028,2025-03-17,12.401,hfq,东方财富push2his（AKShare包装或直接fallback）,2026-09-03T01:01:38.738585+08:00
508028,2025-03-18,12.516,hfq,东方财富push2his（AKShare包装或直接fallback）,2026-09-03T01:01:38.738585+08:00
508028,2025-03-19,12.602,hfq,东方财富push2his（AKShare包装或直接fallback）,2026-09-03T01:01:38.738585+08:00
508028,2025-03-20,12.6,hfq,东方财富push2his（AKShare包装或直接fallback）,2026-09-03T01:01:38.738585+08:00
508028,2025-03-21,12.552,hfq,东方财富push2his（AKShare包装或直接fallback）,2026-09-03T01:01:38.738585+08:00
508028,2025-03-24,12.508,hfq,东方财富push2his（AKShare包装或直接fallback）,2026-09-03T01:01:38.738585+08:00
508028,2025-03-25,12.557,hfq,东方财富push2his（AKShare包装或直接fallback）,2026-09-03T01:01:38.738585+08:00
508028,2025-03-26,12.535,hfq,东方财富push2his（AKShare包装或直接fallback）,2026-09-03T01:01:38.738585+08:00
508028,2025-03-27,12.543,hfq,东方财富push2his（AKShare包装或直接fallback）,2026-09-03T01:01:38.738585+08:00
508028,2025-03-28,12.604,hfq,东方财富push2his（AKShare包装或直接fallback）,2026-09-03T01:01:38.738585+08:00
508028,2025-03-31,12.585,hfq,东方财富push2his（AKShare包装或直接fallback）,2026-09-03T01:01:38.738585+08:00
508028,2025-04-01,12.533,hfq,东方财富push2his（AKShare包装或直接fallback）,2026-09-03T01:01:38.738585+08:00
508028,2025-04-02,12.662,hfq,东方财富push2his（AKShare包装或直接fallback）,2026-09-03T01:01:38.738585+08:00
508028,2025-04-03,12.87,hfq,东方财富push2his（AKShare包装或直接fallback）,2026-09-03T01:01:38.738585+08:00
508028,2025-04-07,12.899,hfq,东方财富push2his（AKShare包装或直接fallback）,2026-09-03T01:01:38.738585+08:00
508028,2025-04-08,12.89,hfq,东方财富push2his（AKShare包装或直接fallback）,2026-09-03T01:01:38.738585+08:00
508028,2025-04-09,12.843,hfq,东方财富push2his（AKShare包装或直接fallback）,2026-09-03T01:01:38.738585+08:00
508028,2025-04-10,12.788,hfq,东方财富push2his（AKShare包装或直接fallback）,2026-09-03T01:01:38.738585+08:00
508028,2025-04-11,12.817,hfq,东方财富push2his（AKShare包装或直接fallback）,2026-09-03T01:01:38.738585+08:00
508028,2025-04-14,12.782,hfq,东方财富push2his（AKShare包装或直接fallback）,2026-09-03T01:01:38.738585+08:00
508028,2025-04-15,12.763,hfq,东方财富push2his（AKShare包装或直接fallback）,2026-09-03T01:01:38.738585+08:00
508028,2025-04-16,12.73,hfq,东方财富push2his（AKShare包装或直接fallback）,2026-09-03T01:01:38.738585+08:00
508028,2025-04-17,12.746,hfq,东方财富push2his（AKShare包装或直接fallback）,2026-09-03T01:01:38.738585+08:00
508028,2025-04-18,12.739,hfq,东方财富push2his（AKShare包装或直接fallback）,2026-09-03T01:01:38.738585+08:00
508028,2025-04-21,12.631,hfq,东方财富push2his（AKShare包装或直接fallback）,2026-09-03T01:01:38.738585+08:00
508028,2025-04-22,12.51,hfq,东方财富push2his（AKShare包装或直接fallback）,2026-09-03T01:01:38.738585+08:00
508028,2025-04-23,12.54,hfq,东方财富push2his（AKShare包装或直接fallback）,2026-09-03T01:01:38.738585+08:00
508028,2025-04-24,12.545,hfq,东方财富push2his（AKShare包装或直接fallback）,2026-09-03T01:01:38.738585+08:00
508028,2025-04-25,12.572,hfq,东方财富push2his（AKShare包装或直接fallback）,2026-09-03T01:01:38.738585+08:00
508028,2025-04-28,12.579,hfq,东方财富push2his（AKShare包装或直接fallback）,2026-09-03T01:01:38.738585+08:00
508028,2025-04-29,12.601,hfq,东方财富push2his（AKShare包装或直接fallback）,2026-09-03T01:01:38.738585+08:00
508028,2025-04-30,12.642,hfq,东方财富push2his（AKShare包装或直接fallback）,2026-09-03T01:01:38.738585+08:00
508028,2025-05-06,12.646,hfq,东方财富push2his（AKShare包装或直接fallback）,2026-09-03T01:01:38.738585+08:00
508028,2025-05-07,12.662,hfq,东方财富push2his（AKShare包装或直接fallback）,2026-09-03T01:01:38.738585+08:00
508028,2025-05-08,12.685,hfq,东方财富push2his（AKShare包装或直接fallback）,2026-09-03T01:01:38.738585+08:00
508028,2025-05-09,12.724,hfq,东方财富push2his（AKShare包装或直接fallback）,2026-09-03T01:01:38.738585+08:00
508028,2025-05-12,12.745,hfq,东方财富push2his（AKShare包装或直接fallback）,2026-09-03T01:01:38.738585+08:00
508028,2025-05-13,12.699,hfq,东方财富push2his（AKShare包装或直接fallback）,2026-09-03T01:01:38.738585+08:00
508028,2025-05-14,12.732,hfq,东方财富push2his（AKShare包装或直接fallback）,2026-09-03T01:01:38.738585+08:00
508028,2025-05-15,12.699,hfq,东方财富push2his（AKShare包装或直接fallback）,2026-09-03T01:01:38.738585+08:00
508028,2025-05-16,12.663,hfq,东方财富push2his（AKShare包装或直接fallback）,2026-09-03T01:01:38.738585+08:00
508028,2025-05-19,12.644,hfq,东方财富push2his（AKShare包装或直接fallback）,2026-09-03T01:01:38.738585+08:00
508028,2025-05-20,12.722,hfq,东方财富push2his（AKShare包装或直接fallback）,2026-09-03T01:01:38.738585+08:00
508028,2025-05-21,12.823,hfq,东方财富push2his（AKShare包装或直接fallback）,2026-09-03T01:01:38.738585+08:00
508028,2025-05-22,12.824,hfq,东方财富push2his（AKShare包装或直接fallback）,2026-09-03T01:01:38.738585+08:00
508028,2025-05-23,12.834,hfq,东方财富push2his（AKShare包装或直接fallback）,2026-09-03T01:01:38.738585+08:00
508028,2025-05-26,12.891,hfq,东方财富push2his（AKShare包装或直接fallback）,2026-09-03T01:01:38.738585+08:00
508028,2025-05-27,12.891,hfq,东方财富push2his（AKShare包装或直接fallback）,2026-09-03T01:01:38.738585+08:00
508028,2025-05-28,12.89,hfq,东方财富push2his（AKShare包装或直接fallback）,2026-09-03T01:01:38.738585+08:00
508028,2025-05-29,12.893,hfq,东方财富push2his（AKShare包装或直接fallback）,2026-09-03T01:01:38.738585+08:00
508028,2025-05-30,12.902,hfq,东方财富push2his（AKShare包装或直接fallback）,2026-09-03T01:01:38.738585+08:00
508028,2025-06-03,12.914,hfq,东方财富push2his（AKShare包装或直接fallback）,2026-09-03T01:01:38.738585+08:00
508028,2025-06-04,12.91,hfq,东方财富push2his（AKShare包装或直接fallback）,2026-09-03T01:01:38.738585+08:00
508028,2025-06-05,12.914,hfq,东方财富push2his（AKShare包装或直接fallback）,2026-09-03T01:01:38.738585+08:00
508028,2025-06-06,12.962,hfq,东方财富push2his（AKShare包装或直接fallback）,2026-09-03T01:01:38.738585+08:00
508028,2025-06-09,13.026,hfq,东方财富push2his（AKShare包装或直接fallback）,2026-09-03T01:01:38.738585+08:00
508028,2025-06-10,12.991,hfq,东方财富push2his（AKShare包装或直接fallback）,2026-09-03T01:01:38.738585+08:00
508028,2025-06-11,12.992,hfq,东方财富push2his（AKShare包装或直接fallback）,2026-09-03T01:01:38.738585+08:00
508028,2025-06-12,12.968,hfq,东方财富push2his（AKShare包装或直接fallback）,2026-09-03T01:01:38.738585+08:00
508028,2025-06-13,12.918,hfq,东方财富push2his（AKShare包装或直接fallback）,2026-09-03T01:01:38.738585+08:00
508028,2025-06-16,12.936,hfq,东方财富push2his（AKShare包装或直接fallback）,2026-09-03T01:01:38.738585+08:00
508028,2025-06-17,12.911,hfq,东方财富push2his（AKShare包装或直接fallback）,2026-09-03T01:01:38.738585+08:00
508028,2025-06-18,12.877,hfq,东方财富push2his（AKShare包装或直接fallback）,2026-09-03T01:01:38.738585+08:00
508028,2025-06-19,12.895,hfq,东方财富push2his（AKShare包装或直接fallback）,2026-09-03T01:01:38.738585+08:00
508028,2025-06-20,12.902,hfq,东方财富push2his（AKShare包装或直接fallback）,2026-09-03T01:01:38.738585+08:00
508028,2025-06-23,12.905,hfq,东方财富push2his（AKShare包装或直接fallback）,2026-09-03T01:01:38.738585+08:00
508028,2025-06-24,12.904,hfq,东方财富push2his（AKShare包装或直接fallback）,2026-09-03T01:01:38.738585+08:00
508028,2025-06-25,12.958,hfq,东方财富push2his（AKShare包装或直接fallback）,2026-09-03T01:01:38.738585+08:00
508028,2025-06-26,12.967,hfq,东方财富push2his（AKShare包装或直接fallback）,2026-09-03T01:01:38.738585+08:00
508028,2025-06-27,12.911,hfq,东方财富push2his（AKShare包装或直接fallback）,2026-09-03T01:01:38.738585+08:00
508028,2025-06-30,12.973,hfq,东方财富push2his（AKShare包装或直接fallback）,2026-09-03T01:01:38.738585+08:00
508028,2025-07-01,12.905,hfq,东方财富push2his（AKShare包装或直接fallback）,2026-09-03T01:01:38.738585+08:00
508028,2025-07-02,12.934,hfq,东方财富push2his（AKShare包装或直接fallback）,2026-09-03T01:01:38.738585+08:00
508028,2025-07-03,12.925,hfq,东方财富push2his（AKShare包装或直接fallback）,2026-09-03T01:01:38.738585+08:00
508028,2025-07-04,12.942,hfq,东方财富push2his（AKShare包装或直接fallback）,2026-09-03T01:01:38.738585+08:00
508028,2025-07-07,12.967,hfq,东方财富push2his（AKShare包装或直接fallback）,2026-09-03T01:01:38.738585+08:00
508028,2025-07-08,12.928,hfq,东方财富push2his（AKShare包装或直接fallback）,2026-09-03T01:01:38.738585+08:00
508028,2025-07-09,12.941,hfq,东方财富push2his（AKShare包装或直接fallback）,2026-09-03T01:01:38.738585+08:00
508028,2025-07-10,12.94,hfq,东方财富push2his（AKShare包装或直接fallback）,2026-09-03T01:01:38.738585+08:00
508028,2025-07-11,12.935,hfq,东方财富push2his（AKShare包装或直接fallback）,2026-09-03T01:01:38.738585+08:00
508028,2025-07-14,12.935,hfq,东方财富push2his（AKShare包装或直接fallback）,2026-09-03T01:01:38.738585+08:00
508028,2025-07-15,12.918,hfq,东方财富push2his（AKShare包装或直接fallback）,2026-09-03T01:01:38.738585+08:00
508028,2025-07-16,12.909,hfq,东方财富push2his（AKShare包装或直接fallback）,2026-09-03T01:01:38.738585+08:00
508028,2025-07-17,12.891,hfq,东方财富push2his（AKShare包装或直接fallback）,2026-09-03T01:01:38.738585+08:00
508028,2025-07-18,12.882,hfq,东方财富push2his（AKShare包装或直接fallback）,2026-09-03T01:01:38.738585+08:00
508028,2025-07-21,12.877,hfq,东方财富push2his（AKShare包装或直接fallback）,2026-09-03T01:01:38.738585+08:00
508028,2025-07-22,12.862,hfq,东方财富push2his（AKShare包装或直接fallback）,2026-09-03T01:01:38.738585+08:00
508028,2025-07-23,12.802,hfq,东方财富push2his（AKShare包装或直接fallback）,2026-09-03T01:01:38.738585+08:00
508028,2025-07-24,12.755,hfq,东方财富push2his（AKShare包装或直接fallback）,2026-09-03T01:01:38.738585+08:00
508028,2025-07-25,12.763,hfq,东方财富push2his（AKShare包装或直接fallback）,2026-09-03T01:01:38.738585+08:00
508028,2025-07-28,12.841,hfq,东方财富push2his（AKShare包装或直接fallback）,2026-09-03T01:01:38.738585+08:00
508028,2025-07-29,12.842,hfq,东方财富push2his（AKShare包装或直接fallback）,2026-09-03T01:01:38.738585+08:00
508028,2025-07-30,12.872,hfq,东方财富push2his（AKShare包装或直接fallback）,2026-09-03T01:01:38.738585+08:00
508028,2025-07-31,12.882,hfq,东方财富push2his（AKShare包装或直接fallback）,2026-09-03T01:01:38.738585+08:00
508028,2025-08-01,12.896,hfq,东方财富push2his（AKShare包装或直接fallback）,2026-09-03T01:01:38.738585+08:00
508028,2025-08-04,12.911,hfq,东方财富push2his（AKShare包装或直接fallback）,2026-09-03T01:01:38.738585+08:00
508028,2025-08-05,12.971,hfq,东方财富push2his（AKShare包装或直接fallback）,2026-09-03T01:01:38.738585+08:00
508028,2025-08-06,12.972,hfq,东方财富push2his（AKShare包装或直接fallback）,2026-09-03T01:01:38.738585+08:00
508028,2025-08-07,12.994,hfq,东方财富push2his（AKShare包装或直接fallback）,2026-09-03T01:01:38.738585+08:00
508028,2025-08-08,12.989,hfq,东方财富push2his（AKShare包装或直接fallback）,2026-09-03T01:01:38.738585+08:00
508028,2025-08-11,12.967,hfq,东方财富push2his（AKShare包装或直接fallback）,2026-09-03T01:01:38.738585+08:00
508028,2025-08-12,12.92,hfq,东方财富push2his（AKShare包装或直接fallback）,2026-09-03T01:01:38.738585+08:00
508028,2025-08-13,12.902,hfq,东方财富push2his（AKShare包装或直接fallback）,2026-09-03T01:01:38.738585+08:00
508028,2025-08-14,12.893,hfq,东方财富push2his（AKShare包装或直接fallback）,2026-09-03T01:01:38.738585+08:00
508028,2025-08-15,12.892,hfq,东方财富push2his（AKShare包装或直接fallback）,2026-09-03T01:01:38.738585+08:00
508028,2025-08-18,12.818,hfq,东方财富push2his（AKShare包装或直接fallback）,2026-09-03T01:01:38.738585+08:00
508028,2025-08-19,12.738,hfq,东方财富push2his（AKShare包装或直接fallback）,2026-09-03T01:01:38.738585+08:00
508028,2025-08-20,12.821,hfq,东方财富push2his（AKShare包装或直接fallback）,2026-09-03T01:01:38.738585+08:00
508028,2025-08-21,12.813,hfq,东方财富push2his（AKShare包装或直接fallback）,2026-09-03T01:01:38.738585+08:00
508028,2025-08-22,12.831,hfq,东方财富push2his（AKShare包装或直接fallback）,2026-09-03T01:01:38.738585+08:00
508028,2025-08-25,12.826,hfq,东方财富push2his（AKShare包装或直接fallback）,2026-09-03T01:01:38.738585+08:00
508028,2025-08-26,12.87,hfq,东方财富push2his（AKShare包装或直接fallback）,2026-09-03T01:01:38.738585+08:00
508028,2025-08-27,12.856,hfq,东方财富push2his（AKShare包装或直接fallback）,2026-09-03T01:01:38.738585+08:00
508028,2025-08-28,12.863,hfq,东方财富push2his（AKShare包装或直接fallback）,2026-09-03T01:01:38.738585+08:00
508028,2025-08-29,12.858,hfq,东方财富push2his（AKShare包装或直接fallback）,2026-09-03T01:01:38.738585+08:00
508028,2025-09-01,12.86,hfq,东方财富push2his（AKShare包装或直接fallback）,2026-09-03T01:01:38.738585+08:00
508028,2025-09-02,12.882,hfq,东方财富push2his（AKShare包装或直接fallback）,2026-09-03T01:01:38.738585+08:00
508028,2025-09-03,12.874,hfq,东方财富push2his（AKShare包装或直接fallback）,2026-09-03T01:01:38.738585+08:00
508028,2025-09-04,12.963,hfq,东方财富push2his（AKShare包装或直接fallback）,2026-09-03T01:01:38.738585+08:00
508028,2025-09-05,12.96,hfq,东方财富push2his（AKShare包装或直接fallback）,2026-09-03T01:01:38.738585+08:00
508028,2025-09-08,12.907,hfq,东方财富push2his（AKShare包装或直接fallback）,2026-09-03T01:01:38.738585+08:00
508028,2025-09-09,12.901,hfq,东方财富push2his（AKShare包装或直接fallback）,2026-09-03T01:01:38.738585+08:00
508028,2025-09-10,12.875,hfq,东方财富push2his（AKShare包装或直接fallback）,2026-09-03T01:01:38.738585+08:00
508028,2025-09-11,12.888,hfq,东方财富push2his（AKShare包装或直接fallback）,2026-09-03T01:01:38.738585+08:00
508028,2025-09-12,12.882,hfq,东方财富push2his（AKShare包装或直接fallback）,2026-09-03T01:01:38.738585+08:00
508028,2025-09-15,12.894,hfq,东方财富push2his（AKShare包装或直接fallback）,2026-09-03T01:01:38.738585+08:00
508028,2025-09-16,12.882,hfq,东方财富push2his（AKShare包装或直接fallback）,2026-09-03T01:01:38.738585+08:00
508028,2025-09-17,12.902,hfq,东方财富push2his（AKShare包装或直接fallback）,2026-09-03T01:01:38.738585+08:00
508028,2025-09-18,12.892,hfq,东方财富push2his（AKShare包装或直接fallback）,2026-09-03T01:01:38.738585+08:00
508028,2025-09-19,12.93,hfq,东方财富push2his（AKShare包装或直接fallback）,2026-09-03T01:01:38.738585+08:00
508028,2025-09-22,12.972,hfq,东方财富push2his（AKShare包装或直接fallback）,2026-09-03T01:01:38.738585+08:00
508028,2025-09-23,12.982,hfq,东方财富push2his（AKShare包装或直接fallback）,2026-09-03T01:01:38.738585+08:00
508028,2025-09-24,12.977,hfq,东方财富push2his（AKShare包装或直接fallback）,2026-09-03T01:01:38.738585+08:00
508028,2025-09-25,12.991,hfq,东方财富push2his（AKShare包装或直接fallback）,2026-09-03T01:01:38.738585+08:00
508028,2025-09-26,13.037,hfq,东方财富push2his（AKShare包装或直接fallback）,2026-09-03T01:01:38.738585+08:00
508028,2025-09-29,12.979,hfq,东方财富push2his（AKShare包装或直接fallback）,2026-09-03T01:01:38.738585+08:00
508028,2025-09-30,12.996,hfq,东方财富push2his（AKShare包装或直接fallback）,2026-09-03T01:01:38.738585+08:00
508028,2025-10-09,13.007,hfq,东方财富push2his（AKShare包装或直接fallback）,2026-09-03T01:01:38.738585+08:00
508028,2025-10-10,13.012,hfq,东方财富push2his（AKShare包装或直接fallback）,2026-09-03T01:01:38.738585+08:00
508028,2025-10-13,12.989,hfq,东方财富push2his（AKShare包装或直接fallback）,2026-09-03T01:01:38.738585+08:00
508028,2025-10-14,12.903,hfq,东方财富push2his（AKShare包装或直接fallback）,2026-09-03T01:01:38.738585+08:00
508028,2025-10-15,12.892,hfq,东方财富push2his（AKShare包装或直接fallback）,2026-09-03T01:01:38.738585+08:00
508028,2025-10-16,12.877,hfq,东方财富push2his（AKShare包装或直接fallback）,2026-09-03T01:01:38.738585+08:00
508028,2025-10-17,12.829,hfq,东方财富push2his（AKShare包装或直接fallback）,2026-09-03T01:01:38.738585+08:00
508028,2025-10-20,12.816,hfq,东方财富push2his（AKShare包装或直接fallback）,2026-09-03T01:01:38.738585+08:00
508028,2025-10-21,12.665,hfq,东方财富push2his（AKShare包装或直接fallback）,2026-09-03T01:01:38.738585+08:00
508028,2025-10-22,12.667,hfq,东方财富push2his（AKShare包装或直接fallback）,2026-09-03T01:01:38.738585+08:00
508028,2025-10-23,12.772,hfq,东方财富push2his（AKShare包装或直接fallback）,2026-09-03T01:01:38.738585+08:00
508028,2025-10-24,12.849,hfq,东方财富push2his（AKShare包装或直接fallback）,2026-09-03T01:01:38.738585+08:00
508028,2025-10-27,12.841,hfq,东方财富push2his（AKShare包装或直接fallback）,2026-09-03T01:01:38.738585+08:00
508028,2025-10-28,12.819,hfq,东方财富push2his（AKShare包装或直接fallback）,2026-09-03T01:01:38.738585+08:00
508028,2025-10-29,12.839,hfq,东方财富push2his（AKShare包装或直接fallback）,2026-09-03T01:01:38.738585+08:00
508028,2025-10-30,12.842,hfq,东方财富push2his（AKShare包装或直接fallback）,2026-09-03T01:01:38.738585+08:00
508028,2025-10-31,12.816,hfq,东方财富push2his（AKShare包装或直接fallback）,2026-09-03T01:01:38.738585+08:00
508028,2025-11-03,12.842,hfq,东方财富push2his（AKShare包装或直接fallback）,2026-09-03T01:01:38.738585+08:00
508028,2025-11-04,12.774,hfq,东方财富push2his（AKShare包装或直接fallback）,2026-09-03T01:01:38.738585+08:00
508028,2025-11-05,12.809,hfq,东方财富push2his（AKShare包装或直接fallback）,2026-09-03T01:01:38.738585+08:00
508028,2025-11-06,12.703,hfq,东方财富push2his（AKShare包装或直接fallback）,2026-09-03T01:01:38.738585+08:00
508028,2025-11-07,12.821,hfq,东方财富push2his（AKShare包装或直接fallback）,2026-09-03T01:01:38.738585+08:00
508028,2025-11-10,12.837,hfq,东方财富push2his（AKShare包装或直接fallback）,2026-09-03T01:01:38.738585+08:00
508028,2025-11-11,12.811,hfq,东方财富push2his（AKShare包装或直接fallback）,2026-09-03T01:01:38.738585+08:00
508028,2025-11-12,12.836,hfq,东方财富push2his（AKShare包装或直接fallback）,2026-09-03T01:01:38.738585+08:00
508028,2025-11-13,12.82,hfq,东方财富push2his（AKShare包装或直接fallback）,2026-09-03T01:01:38.738585+08:00
508028,2025-11-14,12.83,hfq,东方财富push2his（AKShare包装或直接fallback）,2026-09-03T01:01:38.738585+08:00
508028,2025-11-17,12.831,hfq,东方财富push2his（AKShare包装或直接fallback）,2026-09-03T01:01:38.738585+08:00
508028,2025-11-18,12.806,hfq,东方财富push2his（AKShare包装或直接fallback）,2026-09-03T01:01:38.738585+08:00
508028,2025-11-19,12.788,hfq,东方财富push2his（AKShare包装或直接fallback）,2026-09-03T01:01:38.738585+08:00
508028,2025-11-20,12.767,hfq,东方财富push2his（AKShare包装或直接fallback）,2026-09-03T01:01:38.738585+08:00
508028,2025-11-21,12.766,hfq,东方财富push2his（AKShare包装或直接fallback）,2026-09-03T01:01:38.738585+08:00
508028,2025-11-24,12.683,hfq,东方财富push2his（AKShare包装或直接fallback）,2026-09-03T01:01:38.738585+08:00
508028,2025-11-25,12.758,hfq,东方财富push2his（AKShare包装或直接fallback）,2026-09-03T01:01:38.738585+08:00
508028,2025-11-26,12.766,hfq,东方财富push2his（AKShare包装或直接fallback）,2026-09-03T01:01:38.738585+08:00
508028,2025-11-27,12.71,hfq,东方财富push2his（AKShare包装或直接fallback）,2026-09-03T01:01:38.738585+08:00
508028,2025-11-28,12.714,hfq,东方财富push2his（AKShare包装或直接fallback）,2026-09-03T01:01:38.738585+08:00
508028,2025-12-01,12.721,hfq,东方财富push2his（AKShare包装或直接fallback）,2026-09-03T01:01:38.738585+08:00
508028,2025-12-02,12.721,hfq,东方财富push2his（AKShare包装或直接fallback）,2026-09-03T01:01:38.738585+08:00
508028,2025-12-03,12.717,hfq,东方财富push2his（AKShare包装或直接fallback）,2026-09-03T01:01:38.738585+08:00
508028,2025-12-04,12.683,hfq,东方财富push2his（AKShare包装或直接fallback）,2026-09-03T01:01:38.738585+08:00
508028,2025-12-05,12.648,hfq,东方财富push2his（AKShare包装或直接fallback）,2026-09-03T01:01:38.738585+08:00
508028,2025-12-08,12.624,hfq,东方财富push2his（AKShare包装或直接fallback）,2026-09-03T01:01:38.738585+08:00
508028,2025-12-09,12.694,hfq,东方财富push2his（AKShare包装或直接fallback）,2026-09-03T01:01:38.738585+08:00
508028,2025-12-10,12.644,hfq,东方财富push2his（AKShare包装或直接fallback）,2026-09-03T01:01:38.738585+08:00
508028,2025-12-11,12.584,hfq,东方财富push2his（AKShare包装或直接fallback）,2026-09-03T01:01:38.738585+08:00
508028,2025-12-12,12.546,hfq,东方财富push2his（AKShare包装或直接fallback）,2026-09-03T01:01:38.738585+08:00
508028,2025-12-15,12.456,hfq,东方财富push2his（AKShare包装或直接fallback）,2026-09-03T01:01:38.738585+08:00
508028,2025-12-16,12.477,hfq,东方财富push2his（AKShare包装或直接fallback）,2026-09-03T01:01:38.738585+08:00
508028,2025-12-17,12.508,hfq,东方财富push2his（AKShare包装或直接fallback）,2026-09-03T01:01:38.738585+08:00
508028,2025-12-18,12.552,hfq,东方财富push2his（AKShare包装或直接fallback）,2026-09-03T01:01:38.738585+08:00
508028,2025-12-19,12.421,hfq,东方财富push2his（AKShare包装或直接fallback）,2026-09-03T01:01:38.738585+08:00
508028,2025-12-22,12.237,hfq,东方财富push2his（AKShare包装或直接fallback）,2026-09-03T01:01:38.738585+08:00
508028,2025-12-23,12.221,hfq,东方财富push2his（AKShare包装或直接fallback）,2026-09-03T01:01:38.738585+08:00
508028,2025-12-24,12.512,hfq,东方财富push2his（AKShare包装或直接fallback）,2026-09-03T01:01:38.738585+08:00
508028,2025-12-25,12.515,hfq,东方财富push2his（AKShare包装或直接fallback）,2026-09-03T01:01:38.738585+08:00
508028,2025-12-26,12.512,hfq,东方财富push2his（AKShare包装或直接fallback）,2026-09-03T01:01:38.738585+08:00
508028,2025-12-29,12.496,hfq,东方财富push2his（AKShare包装或直接fallback）,2026-09-03T01:01:38.738585+08:00
508028,2025-12-30,12.496,hfq,东方财富push2his（AKShare包装或直接fallback）,2026-09-03T01:01:38.738585+08:00
508028,2025-12-31,12.426,hfq,东方财富push2his（AKShare包装或直接fallback）,2026-09-03T01:01:38.738585+08:00
508028,2026-01-05,12.471,hfq,东方财富push2his（AKShare包装或直接fallback）,2026-09-03T01:01:38.738585+08:00
508028,2026-01-06,12.572,hfq,东方财富push2his（AKShare包装或直接fallback）,2026-09-03T01:01:38.738585+08:00
508028,2026-01-07,12.575,hfq,东方财富push2his（AKShare包装或直接fallback）,2026-09-03T01:01:38.738585+08:00
508028,2026-01-08,12.56,hfq,东方财富push2his（AKShare包装或直接fallback）,2026-09-03T01:01:38.738585+08:00
508028,2026-01-09,12.566,hfq,东方财富push2his（AKShare包装或直接fallback）,2026-09-03T01:01:38.738585+08:00
508028,2026-01-12,12.551,hfq,东方财富push2his（AKShare包装或直接fallback）,2026-09-03T01:01:38.738585+08:00
508028,2026-01-13,12.537,hfq,东方财富push2his（AKShare包装或直接fallback）,2026-09-03T01:01:38.738585+08:00
508028,2026-01-14,12.531,hfq,东方财富push2his（AKShare包装或直接fallback）,2026-09-03T01:01:38.738585+08:00
508028,2026-01-15,12.489,hfq,东方财富push2his（AKShare包装或直接fallback）,2026-09-03T01:01:38.738585+08:00
508028,2026-01-16,12.46,hfq,东方财富push2his（AKShare包装或直接fallback）,2026-09-03T01:01:38.738585+08:00
508028,2026-01-19,12.423,hfq,东方财富push2his（AKShare包装或直接fallback）,2026-09-03T01:01:38.738585+08:00
508028,2026-01-20,12.428,hfq,东方财富push2his（AKShare包装或直接fallback）,2026-09-03T01:01:38.738585+08:00
508028,2026-01-21,12.534,hfq,东方财富push2his（AKShare包装或直接fallback）,2026-09-03T01:01:38.738585+08:00
508028,2026-01-22,12.605,hfq,东方财富push2his（AKShare包装或直接fallback）,2026-09-03T01:01:38.738585+08:00
508028,2026-01-23,12.62,hfq,东方财富push2his（AKShare包装或直接fallback）,2026-09-03T01:01:38.738585+08:00
508028,2026-01-26,12.61,hfq,东方财富push2his（AKShare包装或直接fallback）,2026-09-03T01:01:38.738585+08:00
508028,2026-01-27,12.639,hfq,东方财富push2his（AKShare包装或直接fallback）,2026-09-03T01:01:38.738585+08:00
508028,2026-01-28,12.634,hfq,东方财富push2his（AKShare包装或直接fallback）,2026-09-03T01:01:38.738585+08:00
508028,2026-01-29,12.783,hfq,东方财富push2his（AKShare包装或直接fallback）,2026-09-03T01:01:38.738585+08:00
508028,2026-01-30,12.719,hfq,东方财富push2his（AKShare包装或直接fallback）,2026-09-03T01:01:38.738585+08:00
508028,2026-02-02,12.691,hfq,东方财富push2his（AKShare包装或直接fallback）,2026-09-03T01:01:38.738585+08:00
508028,2026-02-03,12.641,hfq,东方财富push2his（AKShare包装或直接fallback）,2026-09-03T01:01:38.738585+08:00
508028,2026-02-04,12.664,hfq,东方财富push2his（AKShare包装或直接fallback）,2026-09-03T01:01:38.738585+08:00
508028,2026-02-05,12.675,hfq,东方财富push2his（AKShare包装或直接fallback）,2026-09-03T01:01:38.738585+08:00
508028,2026-02-06,12.671,hfq,东方财富push2his（AKShare包装或直接fallback）,2026-09-03T01:01:38.738585+08:00
508028,2026-02-09,12.635,hfq,东方财富push2his（AKShare包装或直接fallback）,2026-09-03T01:01:38.738585+08:00
508028,2026-02-10,12.618,hfq,东方财富push2his（AKShare包装或直接fallback）,2026-09-03T01:01:38.738585+08:00
508028,2026-02-11,12.622,hfq,东方财富push2his（AKShare包装或直接fallback）,2026-09-03T01:01:38.738585+08:00
508028,2026-02-12,12.572,hfq,东方财富push2his（AKShare包装或直接fallback）,2026-09-03T01:01:38.738585+08:00
508028,2026-02-13,12.545,hfq,东方财富push2his（AKShare包装或直接fallback）,2026-09-03T01:01:38.738585+08:00
508028,2026-02-24,12.534,hfq,东方财富push2his（AKShare包装或直接fallback）,2026-09-03T01:01:38.738585+08:00
508028,2026-02-25,12.578,hfq,东方财富push2his（AKShare包装或直接fallback）,2026-09-03T01:01:38.738585+08:00
508028,2026-02-26,12.558,hfq,东方财富push2his（AKShare包装或直接fallback）,2026-09-03T01:01:38.738585+08:00
508028,2026-02-27,12.511,hfq,东方财富push2his（AKShare包装或直接fallback）,2026-09-03T01:01:38.738585+08:00
508028,2026-03-02,12.519,hfq,东方财富push2his（AKShare包装或直接fallback）,2026-09-03T01:01:38.738585+08:00
508028,2026-03-03,12.596,hfq,东方财富push2his（AKShare包装或直接fallback）,2026-09-03T01:01:38.738585+08:00
508028,2026-03-04,12.635,hfq,东方财富push2his（AKShare包装或直接fallback）,2026-09-03T01:01:38.738585+08:00
508028,2026-03-05,12.675,hfq,东方财富push2his（AKShare包装或直接fallback）,2026-09-03T01:01:38.738585+08:00
508028,2026-03-06,12.736,hfq,东方财富push2his（AKShare包装或直接fallback）,2026-09-03T01:01:38.738585+08:00
508028,2026-03-09,12.727,hfq,东方财富push2his（AKShare包装或直接fallback）,2026-09-03T01:01:38.738585+08:00
508028,2026-03-10,12.73,hfq,东方财富push2his（AKShare包装或直接fallback）,2026-09-03T01:01:38.738585+08:00
508028,2026-03-11,12.756,hfq,东方财富push2his（AKShare包装或直接fallback）,2026-09-03T01:01:38.738585+08:00
508028,2026-03-12,12.711,hfq,东方财富push2his（AKShare包装或直接fallback）,2026-09-03T01:01:38.738585+08:00
508028,2026-03-13,12.759,hfq,东方财富push2his（AKShare包装或直接fallback）,2026-09-03T01:01:38.738585+08:00
508028,2026-03-16,12.777,hfq,东方财富push2his（AKShare包装或直接fallback）,2026-09-03T01:01:38.738585+08:00
508028,2026-03-17,12.791,hfq,东方财富push2his（AKShare包装或直接fallback）,2026-09-03T01:01:38.738585+08:00
508028,2026-03-18,12.789,hfq,东方财富push2his（AKShare包装或直接fallback）,2026-09-03T01:01:38.738585+08:00
508028,2026-03-19,12.79,hfq,东方财富push2his（AKShare包装或直接fallback）,2026-09-03T01:01:38.738585+08:00
508028,2026-03-20,12.736,hfq,东方财富push2his（AKShare包装或直接fallback）,2026-09-03T01:01:38.738585+08:00
508028,2026-03-23,12.701,hfq,东方财富push2his（AKShare包装或直接fallback）,2026-09-03T01:01:38.738585+08:00
508028,2026-03-24,12.735,hfq,东方财富push2his（AKShare包装或直接fallback）,2026-09-03T01:01:38.738585+08:00
508028,2026-03-25,12.716,hfq,东方财富push2his（AKShare包装或直接fallback）,2026-09-03T01:01:38.738585+08:00
508028,2026-03-26,12.706,hfq,东方财富push2his（AKShare包装或直接fallback）,2026-09-03T01:01:38.738585+08:00
508028,2026-03-27,12.699,hfq,东方财富push2his（AKShare包装或直接fallback）,2026-09-03T01:01:38.738585+08:00
508028,2026-03-30,12.61,hfq,东方财富push2his（AKShare包装或直接fallback）,2026-09-03T01:01:38.738585+08:00
508028,2026-03-31,12.551,hfq,东方财富push2his（AKShare包装或直接fallback）,2026-09-03T01:01:38.738585+08:00
508028,2026-04-01,12.543,hfq,东方财富push2his（AKShare包装或直接fallback）,2026-09-03T01:01:38.738585+08:00
508028,2026-04-02,12.55,hfq,东方财富push2his（AKShare包装或直接fallback）,2026-09-03T01:01:38.738585+08:00
508028,2026-04-03,12.493,hfq,东方财富push2his（AKShare包装或直接fallback）,2026-09-03T01:01:38.738585+08:00
508028,2026-04-07,12.479,hfq,东方财富push2his（AKShare包装或直接fallback）,2026-09-03T01:01:38.738585+08:00
508028,2026-04-08,12.479,hfq,东方财富push2his（AKShare包装或直接fallback）,2026-09-03T01:01:38.738585+08:00
508028,2026-04-09,12.461,hfq,东方财富push2his（AKShare包装或直接fallback）,2026-09-03T01:01:38.738585+08:00
508028,2026-04-10,12.471,hfq,东方财富push2his（AKShare包装或直接fallback）,2026-09-03T01:01:38.738585+08:00
508028,2026-04-13,12.531,hfq,东方财富push2his（AKShare包装或直接fallback）,2026-09-03T01:01:38.738585+08:00
508028,2026-04-14,12.601,hfq,东方财富push2his（AKShare包装或直接fallback）,2026-09-03T01:01:38.738585+08:00
508028,2026-04-15,12.593,hfq,东方财富push2his（AKShare包装或直接fallback）,2026-09-03T01:01:38.738585+08:00
508028,2026-04-16,12.582,hfq,东方财富push2his（AKShare包装或直接fallback）,2026-09-03T01:01:38.738585+08:00
508028,2026-04-17,12.594,hfq,东方财富push2his（AKShare包装或直接fallback）,2026-09-03T01:01:38.738585+08:00
508028,2026-04-20,12.572,hfq,东方财富push2his（AKShare包装或直接fallback）,2026-09-03T01:01:38.738585+08:00
508028,2026-04-21,12.541,hfq,东方财富push2his（AKShare包装或直接fallback）,2026-09-03T01:01:38.738585+08:00
508028,2026-04-22,12.542,hfq,东方财富push2his（AKShare包装或直接fallback）,2026-09-03T01:01:38.738585+08:00
508028,2026-04-23,12.533,hfq,东方财富push2his（AKShare包装或直接fallback）,2026-09-03T01:01:38.738585+08:00
508028,2026-04-24,12.536,hfq,东方财富push2his（AKShare包装或直接fallback）,2026-09-03T01:01:38.738585+08:00
508028,2026-04-27,12.49,hfq,东方财富push2his（AKShare包装或直接fallback）,2026-09-03T01:01:38.738585+08:00
508028,2026-04-28,12.493,hfq,东方财富push2his（AKShare包装或直接fallback）,2026-09-03T01:01:38.738585+08:00
508028,2026-04-29,12.491,hfq,东方财富push2his（AKShare包装或直接fallback）,2026-09-03T01:01:38.738585+08:00
508028,2026-04-30,12.486,hfq,东方财富push2his（AKShare包装或直接fallback）,2026-09-03T01:01:38.738585+08:00
508028,2026-05-06,12.56,hfq,东方财富push2his（AKShare包装或直接fallback）,2026-09-03T01:01:38.738585+08:00
508028,2026-05-07,12.511,hfq,东方财富push2his（AKShare包装或直接fallback）,2026-09-03T01:01:38.738585+08:00
508028,2026-05-08,12.498,hfq,东方财富push2his（AKShare包装或直接fallback）,2026-09-03T01:01:38.738585+08:00
508028,2026-05-11,12.443,hfq,东方财富push2his（AKShare包装或直接fallback）,2026-09-03T01:01:38.738585+08:00
508028,2026-05-12,12.441,hfq,东方财富push2his（AKShare包装或直接fallback）,2026-09-03T01:01:38.738585+08:00
508028,2026-05-13,12.415,hfq,东方财富push2his（AKShare包装或直接fallback）,2026-09-03T01:01:38.738585+08:00
508028,2026-05-14,12.35,hfq,东方财富push2his（AKShare包装或直接fallback）,2026-09-03T01:01:38.738585+08:00
508028,2026-05-15,12.268,hfq,东方财富push2his（AKShare包装或直接fallback）,2026-09-03T01:01:38.738585+08:00
508028,2026-05-18,12.251,hfq,东方财富push2his（AKShare包装或直接fallback）,2026-09-03T01:01:38.738585+08:00
508028,2026-05-19,12.518,hfq,东方财富push2his（AKShare包装或直接fallback）,2026-09-03T01:01:38.738585+08:00
508028,2026-05-20,12.459,hfq,东方财富push2his（AKShare包装或直接fallback）,2026-09-03T01:01:38.738585+08:00
508028,2026-05-21,12.385,hfq,东方财富push2his（AKShare包装或直接fallback）,2026-09-03T01:01:38.738585+08:00
508028,2026-05-22,12.473,hfq,东方财富push2his（AKShare包装或直接fallback）,2026-09-03T01:01:38.738585+08:00
508028,2026-05-25,12.595,hfq,东方财富push2his（AKShare包装或直接fallback）,2026-09-03T01:01:38.738585+08:00
508028,2026-05-26,12.681,hfq,东方财富push2his（AKShare包装或直接fallback）,2026-09-03T01:01:38.738585+08:00
508028,2026-05-27,12.603,hfq,东方财富push2his（AKShare包装或直接fallback）,2026-09-03T01:01:38.738585+08:00
508028,2026-05-28,12.599,hfq,东方财富push2his（AKShare包装或直接fallback）,2026-09-03T01:01:38.738585+08:00
508028,2026-05-29,12.621,hfq,东方财富push2his（AKShare包装或直接fallback）,2026-09-03T01:01:38.738585+08:00
508028,2026-06-01,12.767,hfq,东方财富push2his（AKShare包装或直接fallback）,2026-09-03T01:01:38.738585+08:00
508028,2026-06-02,12.734,hfq,东方财富push2his（AKShare包装或直接fallback）,2026-09-03T01:01:38.738585+08:00
508028,2026-06-03,12.665,hfq,东方财富push2his（AKShare包装或直接fallback）,2026-09-03T01:01:38.738585+08:00
508028,2026-06-04,12.615,hfq,东方财富push2his（AKShare包装或直接fallback）,2026-09-03T01:01:38.738585+08:00
508028,2026-06-05,12.7,hfq,东方财富push2his（AKShare包装或直接fallback）,2026-09-03T01:01:38.738585+08:00
508028,2026-06-08,12.695,hfq,东方财富push2his（AKShare包装或直接fallback）,2026-09-03T01:01:38.738585+08:00
508028,2026-06-09,12.627,hfq,东方财富push2his（AKShare包装或直接fallback）,2026-09-03T01:01:38.738585+08:00
508028,2026-06-10,12.61,hfq,东方财富push2his（AKShare包装或直接fallback）,2026-09-03T01:01:38.738585+08:00
508028,2026-06-11,12.584,hfq,东方财富push2his（AKShare包装或直接fallback）,2026-09-03T01:01:38.738585+08:00
508028,2026-06-12,12.525,hfq,东方财富push2his（AKShare包装或直接fallback）,2026-09-03T01:01:38.738585+08:00
508028,2026-06-15,12.504,hfq,东方财富push2his（AKShare包装或直接fallback）,2026-09-03T01:01:38.738585+08:00
508028,2026-06-16,12.525,hfq,东方财富push2his（AKShare包装或直接fallback）,2026-09-03T01:01:38.738585+08:00
508028,2026-06-17,12.509,hfq,东方财富push2his（AKShare包装或直接fallback）,2026-09-03T01:01:38.738585+08:00
508028,2026-06-18,12.49,hfq,东方财富push2his（AKShare包装或直接fallback）,2026-09-03T01:01:38.738585+08:00
508028,2026-06-22,12.414,hfq,东方财富push2his（AKShare包装或直接fallback）,2026-09-03T01:01:38.738585+08:00
508028,2026-06-23,12.441,hfq,东方财富push2his（AKShare包装或直接fallback）,2026-09-03T01:01:38.738585+08:00
508028,2026-06-24,12.48,hfq,东方财富push2his（AKShare包装或直接fallback）,2026-09-03T01:01:38.738585+08:00
508028,2026-06-25,12.65,hfq,东方财富push2his（AKShare包装或直接fallback）,2026-09-03T01:01:38.738585+08:00
508028,2026-06-26,12.648,hfq,东方财富push2his（AKShare包装或直接fallback）,2026-09-03T01:01:38.738585+08:00
508028,2026-06-29,12.65,hfq,东方财富push2his（AKShare包装或直接fallback）,2026-09-03T01:01:38.738585+08:00
508028,2026-06-30,12.678,hfq,东方财富push2his（AKShare包装或直接fallback）,2026-09-03T01:01:38.738585+08:00
508028,2026-07-01,12.783,hfq,东方财富push2his（AKShare包装或直接fallback）,2026-09-03T01:01:38.738585+08:00
508028,2026-07-02,12.758,hfq,东方财富push2his（AKShare包装或直接fallback）,2026-09-03T01:01:38.738585+08:00
508028,2026-07-03,12.765,hfq,东方财富push2his（AKShare包装或直接fallback）,2026-09-03T01:01:38.738585+08:00
508028,2026-07-06,12.685,hfq,东方财富push2his（AKShare包装或直接fallback）,2026-09-03T01:01:38.738585+08:00
508028,2026-07-07,12.724,hfq,东方财富push2his（AKShare包装或直接fallback）,2026-09-03T01:01:38.738585+08:00
508028,2026-07-08,12.643,hfq,东方财富push2his（AKShare包装或直接fallback）,2026-09-03T01:01:38.738585+08:00
508028,2026-07-09,12.813,hfq,东方财富push2his（AKShare包装或直接fallback）,2026-09-03T01:01:38.738585+08:00
508028,2026-07-10,12.803,hfq,东方财富push2his（AKShare包装或直接fallback）,2026-09-03T01:01:38.738585+08:00
508028,2026-07-13,12.696,hfq,东方财富push2his（AKShare包装或直接fallback）,2026-09-03T01:01:38.738585+08:00
508028,2026-07-14,12.603,hfq,东方财富push2his（AKShare包装或直接fallback）,2026-09-03T01:01:38.738585+08:00
508028,2026-07-15,12.553,hfq,东方财富push2his（AKShare包装或直接fallback）,2026-09-03T01:01:38.738585+08:00
508028,2026-07-16,12.583,hfq,东方财富push2his（AKShare包装或直接fallback）,2026-09-03T01:01:38.738585+08:00
508028,2026-07-17,12.455,hfq,东方财富push2his（AKShare包装或直接fallback）,2026-09-03T01:01:38.738585+08:00
508028,2026-07-20,12.475,hfq,东方财富push2his（AKShare包装或直接fallback）,2026-09-03T01:01:38.738585+08:00
508028,2026-07-21,12.387,hfq,东方财富push2his（AKShare包装或直接fallback）,2026-09-03T01:01:38.738585+08:00
508028,2026-07-22,12.389,hfq,东方财富push2his（AKShare包装或直接fallback）,2026-09-03T01:01:38.738585+08:00
508028,2026-07-23,12.431,hfq,东方财富push2his（AKShare包装或直接fallback）,2026-09-03T01:01:38.738585+08:00
508028,2026-07-24,12.361,hfq,东方财富push2his（AKShare包装或直接fallback）,2026-09-03T01:01:38.738585+08:00
508028,2026-07-27,12.38,hfq,东方财富push2his（AKShare包装或直接fallback）,2026-09-03T01:01:38.738585+08:00
508028,2026-07-28,12.353,hfq,东方财富push2his（AKShare包装或直接fallback）,2026-09-03T01:01:38.738585+08:00
508028,2026-07-29,12.365,hfq,东方财富push2his（AKShare包装或直接fallback）,2026-09-03T01:01:38.738585+08:00
508028,2026-07-30,12.39,hfq,东方财富push2his（AKShare包装或直接fallback）,2026-09-03T01:01:38.738585+08:00
508028,2026-07-31,12.454,hfq,东方财富push2his（AKShare包装或直接fallback）,2026-09-03T01:01:38.738585+08:00
508028,2026-08-03,12.451,hfq,东方财富push2his（AKShare包装或直接fallback）,2026-09-03T01:01:38.738585+08:00
508028,2026-08-04,12.423,hfq,东方财富push2his（AKShare包装或直接fallback）,2026-09-03T01:01:38.738585+08:00
508028,2026-08-05,12.386,hfq,东方财富push2his（AKShare包装或直接fallback）,2026-09-03T01:01:38.738585+08:00
508028,2026-08-06,12.406,hfq,东方财富push2his（AKShare包装或直接fallback）,2026-09-03T01:01:38.738585+08:00
508028,2026-08-07,12.413,hfq,东方财富push2his（AKShare包装或直接fallback）,2026-09-03T01:01:38.738585+08:00
508028,2026-08-10,12.46,hfq,东方财富push2his（AKShare包装或直接fallback）,2026-09-03T01:01:38.738585+08:00
508028,2026-08-11,12.474,hfq,东方财富push2his（AKShare包装或直接fallback）,2026-09-03T01:01:38.738585+08:00
508028,2026-08-12,12.47,hfq,东方财富push2his（AKShare包装或直接fallback）,2026-09-03T01:01:38.738585+08:00
508028,2026-08-13,12.515,hfq,东方财富push2his（AKShare包装或直接fallback）,2026-09-03T01:01:38.738585+08:00
508028,2026-08-14,12.518,hfq,东方财富push2his（AKShare包装或直接fallback）,2026-09-03T01:01:38.738585+08:00
508028,2026-08-17,12.485,hfq,东方财富push2his（AKShare包装或直接fallback）,2026-09-03T01:01:38.738585+08:00
508028,2026-08-18,12.484,hfq,东方财富push2his（AKShare包装或直接fallback）,2026-09-03T01:01:38.738585+08:00
508028,2026-08-19,12.557,hfq,东方财富push2his（AKShare包装或直接fallback）,2026-09-03T01:01:38.738585+08:00
508028,2026-08-20,12.59,hfq,东方财富push2his（AKShare包装或直接fallback）,2026-09-03T01:01:38.738585+08:00
508028,2026-08-21,12.625,hfq,东方财富push2his（AKShare包装或直接fallback）,2026-09-03T01:01:38.738585+08:00
508028,2026-08-24,12.625,hfq,东方财富push2his（AKShare包装或直接fallback）,2026-09-03T01:01:38.738585+08:00
508028,2026-08-25,12.625,hfq,东方财富push2his（AKShare包装或直接fallback）,2026-09-03T01:01:38.738585+08:00
508028,2026-08-26,12.665,hfq,东方财富push2his（AKShare包装或直接fallback）,2026-09-03T01:01:38.738585+08:00
508028,2026-08-27,12.703,hfq,东方财富push2his（AKShare包装或直接fallback）,2026-09-03T01:01:38.738585+08:00
508028,2026-08-28,12.65,hfq,东方财富push2his（AKShare包装或直接fallback）,2026-09-03T01:01:38.738585+08:00
508028,2026-08-31,12.539,hfq,东方财富push2his（AKShare包装或直接fallback）,2026-09-03T01:01:38.738585+08:00
508028,2026-09-01,12.541,hfq,东方财富push2his（AKShare包装或直接fallback）,2026-09-03T01:01:38.738585+08:00
508028,2026-09-02,12.469,hfq,东方财富push2his（AKShare包装或直接fallback）,2026-09-03T01:01:38.738585+08:00
508096,2024-03-20,11.172,hfq,东方财富push2his（AKShare包装或直接fallback）,2026-09-03T01:01:38.738585+08:00
508096,2024-03-21,11.152,hfq,东方财富push2his（AKShare包装或直接fallback）,2026-09-03T01:01:38.738585+08:00
508096,2024-03-22,11.068,hfq,东方财富push2his（AKShare包装或直接fallback）,2026-09-03T01:01:38.738585+08:00
508096,2024-03-25,11.042,hfq,东方财富push2his（AKShare包装或直接fallback）,2026-09-03T01:01:38.738585+08:00
508096,2024-03-26,11.018,hfq,东方财富push2his（AKShare包装或直接fallback）,2026-09-03T01:01:38.738585+08:00
508096,2024-03-27,11.066,hfq,东方财富push2his（AKShare包装或直接fallback）,2026-09-03T01:01:38.738585+08:00
508096,2024-03-28,11.052,hfq,东方财富push2his（AKShare包装或直接fallback）,2026-09-03T01:01:38.738585+08:00
508096,2024-03-29,10.913,hfq,东方财富push2his（AKShare包装或直接fallback）,2026-09-03T01:01:38.738585+08:00
508096,2024-04-01,10.836,hfq,东方财富push2his（AKShare包装或直接fallback）,2026-09-03T01:01:38.738585+08:00
508096,2024-04-02,10.782,hfq,东方财富push2his（AKShare包装或直接fallback）,2026-09-03T01:01:38.738585+08:00
508096,2024-04-03,10.949,hfq,东方财富push2his（AKShare包装或直接fallback）,2026-09-03T01:01:38.738585+08:00
508096,2024-04-08,11.076,hfq,东方财富push2his（AKShare包装或直接fallback）,2026-09-03T01:01:38.738585+08:00
508096,2024-04-09,11.143,hfq,东方财富push2his（AKShare包装或直接fallback）,2026-09-03T01:01:38.738585+08:00
508096,2024-04-10,11.167,hfq,东方财富push2his（AKShare包装或直接fallback）,2026-09-03T01:01:38.738585+08:00
508096,2024-04-11,11.186,hfq,东方财富push2his（AKShare包装或直接fallback）,2026-09-03T01:01:38.738585+08:00
508096,2024-04-12,11.184,hfq,东方财富push2his（AKShare包装或直接fallback）,2026-09-03T01:01:38.738585+08:00
508096,2024-04-15,11.052,hfq,东方财富push2his（AKShare包装或直接fallback）,2026-09-03T01:01:38.738585+08:00
508096,2024-04-16,11.061,hfq,东方财富push2his（AKShare包装或直接fallback）,2026-09-03T01:01:38.738585+08:00
508096,2024-04-17,11.145,hfq,东方财富push2his（AKShare包装或直接fallback）,2026-09-03T01:01:38.738585+08:00
508096,2024-04-18,11.239,hfq,东方财富push2his（AKShare包装或直接fallback）,2026-09-03T01:01:38.738585+08:00
508096,2024-04-19,11.267,hfq,东方财富push2his（AKShare包装或直接fallback）,2026-09-03T01:01:38.738585+08:00
508096,2024-04-22,11.338,hfq,东方财富push2his（AKShare包装或直接fallback）,2026-09-03T01:01:38.738585+08:00
508096,2024-04-23,11.372,hfq,东方财富push2his（AKShare包装或直接fallback）,2026-09-03T01:01:38.738585+08:00
508096,2024-04-24,11.436,hfq,东方财富push2his（AKShare包装或直接fallback）,2026-09-03T01:01:38.738585+08:00
508096,2024-04-25,11.56,hfq,东方财富push2his（AKShare包装或直接fallback）,2026-09-03T01:01:38.738585+08:00
508096,2024-04-26,11.734,hfq,东方财富push2his（AKShare包装或直接fallback）,2026-09-03T01:01:38.738585+08:00
508096,2024-04-29,11.719,hfq,东方财富push2his（AKShare包装或直接fallback）,2026-09-03T01:01:38.738585+08:00
508096,2024-04-30,11.786,hfq,东方财富push2his（AKShare包装或直接fallback）,2026-09-03T01:01:38.738585+08:00
508096,2024-05-06,11.832,hfq,东方财富push2his（AKShare包装或直接fallback）,2026-09-03T01:01:38.738585+08:00
508096,2024-05-07,11.792,hfq,东方财富push2his（AKShare包装或直接fallback）,2026-09-03T01:01:38.738585+08:00
508096,2024-05-08,11.815,hfq,东方财富push2his（AKShare包装或直接fallback）,2026-09-03T01:01:38.738585+08:00
508096,2024-05-09,11.814,hfq,东方财富push2his（AKShare包装或直接fallback）,2026-09-03T01:01:38.738585+08:00
508096,2024-05-10,11.766,hfq,东方财富push2his（AKShare包装或直接fallback）,2026-09-03T01:01:38.738585+08:00
508096,2024-05-13,11.767,hfq,东方财富push2his（AKShare包装或直接fallback）,2026-09-03T01:01:38.738585+08:00
508096,2024-05-14,11.73,hfq,东方财富push2his（AKShare包装或直接fallback）,2026-09-03T01:01:38.738585+08:00
508096,2024-05-15,11.678,hfq,东方财富push2his（AKShare包装或直接fallback）,2026-09-03T01:01:38.738585+08:00
508096,2024-05-16,11.757,hfq,东方财富push2his（AKShare包装或直接fallback）,2026-09-03T01:01:38.738585+08:00
508096,2024-05-17,11.803,hfq,东方财富push2his（AKShare包装或直接fallback）,2026-09-03T01:01:38.738585+08:00
508096,2024-05-20,11.682,hfq,东方财富push2his（AKShare包装或直接fallback）,2026-09-03T01:01:38.738585+08:00
508096,2024-05-21,11.625,hfq,东方财富push2his（AKShare包装或直接fallback）,2026-09-03T01:01:38.738585+08:00
508096,2024-05-22,11.619,hfq,东方财富push2his（AKShare包装或直接fallback）,2026-09-03T01:01:38.738585+08:00
508096,2024-05-23,11.525,hfq,东方财富push2his（AKShare包装或直接fallback）,2026-09-03T01:01:38.738585+08:00
508096,2024-05-24,11.541,hfq,东方财富push2his（AKShare包装或直接fallback）,2026-09-03T01:01:38.738585+08:00
508096,2024-05-27,11.534,hfq,东方财富push2his（AKShare包装或直接fallback）,2026-09-03T01:01:38.738585+08:00
508096,2024-05-28,11.547,hfq,东方财富push2his（AKShare包装或直接fallback）,2026-09-03T01:01:38.738585+08:00
508096,2024-05-29,11.552,hfq,东方财富push2his（AKShare包装或直接fallback）,2026-09-03T01:01:38.738585+08:00
508096,2024-05-30,11.542,hfq,东方财富push2his（AKShare包装或直接fallback）,2026-09-03T01:01:38.738585+08:00
508096,2024-05-31,11.526,hfq,东方财富push2his（AKShare包装或直接fallback）,2026-09-03T01:01:38.738585+08:00
508096,2024-06-03,11.522,hfq,东方财富push2his（AKShare包装或直接fallback）,2026-09-03T01:01:38.738585+08:00
508096,2024-06-04,11.478,hfq,东方财富push2his（AKShare包装或直接fallback）,2026-09-03T01:01:38.738585+08:00
508096,2024-06-05,11.507,hfq,东方财富push2his（AKShare包装或直接fallback）,2026-09-03T01:01:38.738585+08:00
508096,2024-06-06,11.526,hfq,东方财富push2his（AKShare包装或直接fallback）,2026-09-03T01:01:38.738585+08:00
508096,2024-06-07,11.668,hfq,东方财富push2his（AKShare包装或直接fallback）,2026-09-03T01:01:38.738585+08:00
508096,2024-06-11,11.701,hfq,东方财富push2his（AKShare包装或直接fallback）,2026-09-03T01:01:38.738585+08:00
508096,2024-06-12,11.67,hfq,东方财富push2his（AKShare包装或直接fallback）,2026-09-03T01:01:38.738585+08:00
508096,2024-06-13,11.768,hfq,东方财富push2his（AKShare包装或直接fallback）,2026-09-03T01:01:38.738585+08:00
508096,2024-06-14,11.783,hfq,东方财富push2his（AKShare包装或直接fallback）,2026-09-03T01:01:38.738585+08:00
508096,2024-06-17,11.728,hfq,东方财富push2his（AKShare包装或直接fallback）,2026-09-03T01:01:38.738585+08:00
508096,2024-06-18,11.684,hfq,东方财富push2his（AKShare包装或直接fallback）,2026-09-03T01:01:38.738585+08:00
508096,2024-06-19,11.731,hfq,东方财富push2his（AKShare包装或直接fallback）,2026-09-03T01:01:38.738585+08:00
508096,2024-06-20,11.712,hfq,东方财富push2his（AKShare包装或直接fallback）,2026-09-03T01:01:38.738585+08:00
508096,2024-06-21,11.72,hfq,东方财富push2his（AKShare包装或直接fallback）,2026-09-03T01:01:38.738585+08:00
508096,2024-06-24,11.784,hfq,东方财富push2his（AKShare包装或直接fallback）,2026-09-03T01:01:38.738585+08:00
508096,2024-06-25,11.785,hfq,东方财富push2his（AKShare包装或直接fallback）,2026-09-03T01:01:38.738585+08:00
508096,2024-06-26,11.797,hfq,东方财富push2his（AKShare包装或直接fallback）,2026-09-03T01:01:38.738585+08:00
508096,2024-06-27,11.922,hfq,东方财富push2his（AKShare包装或直接fallback）,2026-09-03T01:01:38.738585+08:00
508096,2024-06-28,11.927,hfq,东方财富push2his（AKShare包装或直接fallback）,2026-09-03T01:01:38.738585+08:00
508096,2024-07-01,11.952,hfq,东方财富push2his（AKShare包装或直接fallback）,2026-09-03T01:01:38.738585+08:00
508096,2024-07-02,12.138,hfq,东方财富push2his（AKShare包装或直接fallback）,2026-09-03T01:01:38.738585+08:00
508096,2024-07-03,12.127,hfq,东方财富push2his（AKShare包装或直接fallback）,2026-09-03T01:01:38.738585+08:00
508096,2024-07-04,12.022,hfq,东方财富push2his（AKShare包装或直接fallback）,2026-09-03T01:01:38.738585+08:00
508096,2024-07-05,11.936,hfq,东方财富push2his（AKShare包装或直接fallback）,2026-09-03T01:01:38.738585+08:00
508096,2024-07-08,11.963,hfq,东方财富push2his（AKShare包装或直接fallback）,2026-09-03T01:01:38.738585+08:00
508096,2024-07-09,11.992,hfq,东方财富push2his（AKShare包装或直接fallback）,2026-09-03T01:01:38.738585+08:00
508096,2024-07-10,12.02,hfq,东方财富push2his（AKShare包装或直接fallback）,2026-09-03T01:01:38.738585+08:00
508096,2024-07-11,12.025,hfq,东方财富push2his（AKShare包装或直接fallback）,2026-09-03T01:01:38.738585+08:00
508096,2024-07-12,12.051,hfq,东方财富push2his（AKShare包装或直接fallback）,2026-09-03T01:01:38.738585+08:00
508096,2024-07-15,12.115,hfq,东方财富push2his（AKShare包装或直接fallback）,2026-09-03T01:01:38.738585+08:00
508096,2024-07-16,12.179,hfq,东方财富push2his（AKShare包装或直接fallback）,2026-09-03T01:01:38.738585+08:00
508096,2024-07-17,12.19,hfq,东方财富push2his（AKShare包装或直接fallback）,2026-09-03T01:01:38.738585+08:00
508096,2024-07-18,12.096,hfq,东方财富push2his（AKShare包装或直接fallback）,2026-09-03T01:01:38.738585+08:00
508096,2024-07-19,12.102,hfq,东方财富push2his（AKShare包装或直接fallback）,2026-09-03T01:01:38.738585+08:00
508096,2024-07-22,12.091,hfq,东方财富push2his（AKShare包装或直接fallback）,2026-09-03T01:01:38.738585+08:00
508096,2024-07-23,12.048,hfq,东方财富push2his（AKShare包装或直接fallback）,2026-09-03T01:01:38.738585+08:00
508096,2024-07-24,12.023,hfq,东方财富push2his（AKShare包装或直接fallback）,2026-09-03T01:01:38.738585+08:00
508096,2024-07-25,11.975,hfq,东方财富push2his（AKShare包装或直接fallback）,2026-09-03T01:01:38.738585+08:00
508096,2024-07-26,12.062,hfq,东方财富push2his（AKShare包装或直接fallback）,2026-09-03T01:01:38.738585+08:00
508096,2024-07-29,12.008,hfq,东方财富push2his（AKShare包装或直接fallback）,2026-09-03T01:01:38.738585+08:00
508096,2024-07-30,12.025,hfq,东方财富push2his（AKShare包装或直接fallback）,2026-09-03T01:01:38.738585+08:00
508096,2024-07-31,12.052,hfq,东方财富push2his（AKShare包装或直接fallback）,2026-09-03T01:01:38.738585+08:00
508096,2024-08-01,12.023,hfq,东方财富push2his（AKShare包装或直接fallback）,2026-09-03T01:01:38.738585+08:00
508096,2024-08-02,12.059,hfq,东方财富push2his（AKShare包装或直接fallback）,2026-09-03T01:01:38.738585+08:00
508096,2024-08-05,12.068,hfq,东方财富push2his（AKShare包装或直接fallback）,2026-09-03T01:01:38.738585+08:00
508096,2024-08-06,12.093,hfq,东方财富push2his（AKShare包装或直接fallback）,2026-09-03T01:01:38.738585+08:00
508096,2024-08-07,12.17,hfq,东方财富push2his（AKShare包装或直接fallback）,2026-09-03T01:01:38.738585+08:00
508096,2024-08-08,12.22,hfq,东方财富push2his（AKShare包装或直接fallback）,2026-09-03T01:01:38.738585+08:00
508096,2024-08-09,12.205,hfq,东方财富push2his（AKShare包装或直接fallback）,2026-09-03T01:01:38.738585+08:00
508096,2024-08-12,12.172,hfq,东方财富push2his（AKShare包装或直接fallback）,2026-09-03T01:01:38.738585+08:00
508096,2024-08-13,12.157,hfq,东方财富push2his（AKShare包装或直接fallback）,2026-09-03T01:01:38.738585+08:00
508096,2024-08-14,12.166,hfq,东方财富push2his（AKShare包装或直接fallback）,2026-09-03T01:01:38.738585+08:00
508096,2024-08-15,12.157,hfq,东方财富push2his（AKShare包装或直接fallback）,2026-09-03T01:01:38.738585+08:00
508096,2024-08-16,12.147,hfq,东方财富push2his（AKShare包装或直接fallback）,2026-09-03T01:01:38.738585+08:00
508096,2024-08-19,12.169,hfq,东方财富push2his（AKShare包装或直接fallback）,2026-09-03T01:01:38.738585+08:00
508096,2024-08-20,12.173,hfq,东方财富push2his（AKShare包装或直接fallback）,2026-09-03T01:01:38.738585+08:00
508096,2024-08-21,12.182,hfq,东方财富push2his（AKShare包装或直接fallback）,2026-09-03T01:01:38.738585+08:00
508096,2024-08-22,12.157,hfq,东方财富push2his（AKShare包装或直接fallback）,2026-09-03T01:01:38.738585+08:00
508096,2024-08-23,12.15,hfq,东方财富push2his（AKShare包装或直接fallback）,2026-09-03T01:01:38.738585+08:00
508096,2024-08-26,12.251,hfq,东方财富push2his（AKShare包装或直接fallback）,2026-09-03T01:01:38.738585+08:00
508096,2024-08-27,12.271,hfq,东方财富push2his（AKShare包装或直接fallback）,2026-09-03T01:01:38.738585+08:00
508096,2024-08-28,12.221,hfq,东方财富push2his（AKShare包装或直接fallback）,2026-09-03T01:01:38.738585+08:00
508096,2024-08-29,12.267,hfq,东方财富push2his（AKShare包装或直接fallback）,2026-09-03T01:01:38.738585+08:00
508096,2024-08-30,12.276,hfq,东方财富push2his（AKShare包装或直接fallback）,2026-09-03T01:01:38.738585+08:00
508096,2024-09-02,12.274,hfq,东方财富push2his（AKShare包装或直接fallback）,2026-09-03T01:01:38.738585+08:00
508096,2024-09-03,12.219,hfq,东方财富push2his（AKShare包装或直接fallback）,2026-09-03T01:01:38.738585+08:00
508096,2024-09-04,12.205,hfq,东方财富push2his（AKShare包装或直接fallback）,2026-09-03T01:01:38.738585+08:00
508096,2024-09-05,12.194,hfq,东方财富push2his（AKShare包装或直接fallback）,2026-09-03T01:01:38.738585+08:00
508096,2024-09-06,12.153,hfq,东方财富push2his（AKShare包装或直接fallback）,2026-09-03T01:01:38.738585+08:00
508096,2024-09-09,12.113,hfq,东方财富push2his（AKShare包装或直接fallback）,2026-09-03T01:01:38.738585+08:00
508096,2024-09-10,12.133,hfq,东方财富push2his（AKShare包装或直接fallback）,2026-09-03T01:01:38.738585+08:00
508096,2024-09-11,12.095,hfq,东方财富push2his（AKShare包装或直接fallback）,2026-09-03T01:01:38.738585+08:00
508096,2024-09-12,12.099,hfq,东方财富push2his（AKShare包装或直接fallback）,2026-09-03T01:01:38.738585+08:00
508096,2024-09-13,12.131,hfq,东方财富push2his（AKShare包装或直接fallback）,2026-09-03T01:01:38.738585+08:00
508096,2024-09-18,12.071,hfq,东方财富push2his（AKShare包装或直接fallback）,2026-09-03T01:01:38.738585+08:00
508096,2024-09-19,12.063,hfq,东方财富push2his（AKShare包装或直接fallback）,2026-09-03T01:01:38.738585+08:00
508096,2024-09-20,12.069,hfq,东方财富push2his（AKShare包装或直接fallback）,2026-09-03T01:01:38.738585+08:00
508096,2024-09-23,12.024,hfq,东方财富push2his（AKShare包装或直接fallback）,2026-09-03T01:01:38.738585+08:00
508096,2024-09-24,12.085,hfq,东方财富push2his（AKShare包装或直接fallback）,2026-09-03T01:01:38.738585+08:00
508096,2024-09-25,12.087,hfq,东方财富push2his（AKShare包装或直接fallback）,2026-09-03T01:01:38.738585+08:00
508096,2024-09-26,12.086,hfq,东方财富push2his（AKShare包装或直接fallback）,2026-09-03T01:01:38.738585+08:00
508096,2024-09-27,12.048,hfq,东方财富push2his（AKShare包装或直接fallback）,2026-09-03T01:01:38.738585+08:00
508096,2024-09-30,12.0,hfq,东方财富push2his（AKShare包装或直接fallback）,2026-09-03T01:01:38.738585+08:00
508096,2024-10-08,12.013,hfq,东方财富push2his（AKShare包装或直接fallback）,2026-09-03T01:01:38.738585+08:00
508096,2024-10-09,11.991,hfq,东方财富push2his（AKShare包装或直接fallback）,2026-09-03T01:01:38.738585+08:00
508096,2024-10-10,11.992,hfq,东方财富push2his（AKShare包装或直接fallback）,2026-09-03T01:01:38.738585+08:00
508096,2024-10-11,12.112,hfq,东方财富push2his（AKShare包装或直接fallback）,2026-09-03T01:01:38.738585+08:00
508096,2024-10-14,12.119,hfq,东方财富push2his（AKShare包装或直接fallback）,2026-09-03T01:01:38.738585+08:00
508096,2024-10-15,12.161,hfq,东方财富push2his（AKShare包装或直接fallback）,2026-09-03T01:01:38.738585+08:00
508096,2024-10-16,12.124,hfq,东方财富push2his（AKShare包装或直接fallback）,2026-09-03T01:01:38.738585+08:00
508096,2024-10-17,12.111,hfq,东方财富push2his（AKShare包装或直接fallback）,2026-09-03T01:01:38.738585+08:00
508096,2024-10-18,12.117,hfq,东方财富push2his（AKShare包装或直接fallback）,2026-09-03T01:01:38.738585+08:00
508096,2024-10-21,12.12,hfq,东方财富push2his（AKShare包装或直接fallback）,2026-09-03T01:01:38.738585+08:00
508096,2024-10-22,12.115,hfq,东方财富push2his（AKShare包装或直接fallback）,2026-09-03T01:01:38.738585+08:00
508096,2024-10-23,12.188,hfq,东方财富push2his（AKShare包装或直接fallback）,2026-09-03T01:01:38.738585+08:00
508096,2024-10-24,12.192,hfq,东方财富push2his（AKShare包装或直接fallback）,2026-09-03T01:01:38.738585+08:00
508096,2024-10-25,12.122,hfq,东方财富push2his（AKShare包装或直接fallback）,2026-09-03T01:01:38.738585+08:00
508096,2024-10-28,12.122,hfq,东方财富push2his（AKShare包装或直接fallback）,2026-09-03T01:01:38.738585+08:00
508096,2024-10-29,12.122,hfq,东方财富push2his（AKShare包装或直接fallback）,2026-09-03T01:01:38.738585+08:00
508096,2024-10-30,12.206,hfq,东方财富push2his（AKShare包装或直接fallback）,2026-09-03T01:01:38.738585+08:00
508096,2024-10-31,12.2,hfq,东方财富push2his（AKShare包装或直接fallback）,2026-09-03T01:01:38.738585+08:00
508096,2024-11-01,12.172,hfq,东方财富push2his（AKShare包装或直接fallback）,2026-09-03T01:01:38.738585+08:00
508096,2024-11-04,12.186,hfq,东方财富push2his（AKShare包装或直接fallback）,2026-09-03T01:01:38.738585+08:00
508096,2024-11-05,12.187,hfq,东方财富push2his（AKShare包装或直接fallback）,2026-09-03T01:01:38.738585+08:00
508096,2024-11-06,12.208,hfq,东方财富push2his（AKShare包装或直接fallback）,2026-09-03T01:01:38.738585+08:00
508096,2024-11-07,12.204,hfq,东方财富push2his（AKShare包装或直接fallback）,2026-09-03T01:01:38.738585+08:00
508096,2024-11-08,12.209,hfq,东方财富push2his（AKShare包装或直接fallback）,2026-09-03T01:01:38.738585+08:00
508096,2024-11-11,12.24,hfq,东方财富push2his（AKShare包装或直接fallback）,2026-09-03T01:01:38.738585+08:00
508096,2024-11-12,12.283,hfq,东方财富push2his（AKShare包装或直接fallback）,2026-09-03T01:01:38.738585+08:00
508096,2024-11-13,12.256,hfq,东方财富push2his（AKShare包装或直接fallback）,2026-09-03T01:01:38.738585+08:00
508096,2024-11-14,12.217,hfq,东方财富push2his（AKShare包装或直接fallback）,2026-09-03T01:01:38.738585+08:00
508096,2024-11-15,12.227,hfq,东方财富push2his（AKShare包装或直接fallback）,2026-09-03T01:01:38.738585+08:00
508096,2024-11-18,12.209,hfq,东方财富push2his（AKShare包装或直接fallback）,2026-09-03T01:01:38.738585+08:00
508096,2024-11-19,12.216,hfq,东方财富push2his（AKShare包装或直接fallback）,2026-09-03T01:01:38.738585+08:00
508096,2024-11-20,12.239,hfq,东方财富push2his（AKShare包装或直接fallback）,2026-09-03T01:01:38.738585+08:00
508096,2024-11-21,12.253,hfq,东方财富push2his（AKShare包装或直接fallback）,2026-09-03T01:01:38.738585+08:00
508096,2024-11-22,12.308,hfq,东方财富push2his（AKShare包装或直接fallback）,2026-09-03T01:01:38.738585+08:00
508096,2024-11-25,12.3,hfq,东方财富push2his（AKShare包装或直接fallback）,2026-09-03T01:01:38.738585+08:00
508096,2024-11-26,12.295,hfq,东方财富push2his（AKShare包装或直接fallback）,2026-09-03T01:01:38.738585+08:00
508096,2024-11-27,12.279,hfq,东方财富push2his（AKShare包装或直接fallback）,2026-09-03T01:01:38.738585+08:00
508096,2024-11-28,12.27,hfq,东方财富push2his（AKShare包装或直接fallback）,2026-09-03T01:01:38.738585+08:00
508096,2024-11-29,12.292,hfq,东方财富push2his（AKShare包装或直接fallback）,2026-09-03T01:01:38.738585+08:00
508096,2024-12-02,12.384,hfq,东方财富push2his（AKShare包装或直接fallback）,2026-09-03T01:01:38.738585+08:00
508096,2024-12-03,12.427,hfq,东方财富push2his（AKShare包装或直接fallback）,2026-09-03T01:01:38.738585+08:00
508096,2024-12-04,12.423,hfq,东方财富push2his（AKShare包装或直接fallback）,2026-09-03T01:01:38.738585+08:00
508096,2024-12-05,12.408,hfq,东方财富push2his（AKShare包装或直接fallback）,2026-09-03T01:01:38.738585+08:00
508096,2024-12-06,12.418,hfq,东方财富push2his（AKShare包装或直接fallback）,2026-09-03T01:01:38.738585+08:00
508096,2024-12-09,12.351,hfq,东方财富push2his（AKShare包装或直接fallback）,2026-09-03T01:01:38.738585+08:00
508096,2024-12-10,12.348,hfq,东方财富push2his（AKShare包装或直接fallback）,2026-09-03T01:01:38.738585+08:00
508096,2024-12-11,12.454,hfq,东方财富push2his（AKShare包装或直接fallback）,2026-09-03T01:01:38.738585+08:00
508096,2024-12-12,12.502,hfq,东方财富push2his（AKShare包装或直接fallback）,2026-09-03T01:01:38.738585+08:00
508096,2024-12-13,12.541,hfq,东方财富push2his（AKShare包装或直接fallback）,2026-09-03T01:01:38.738585+08:00
508096,2024-12-16,12.565,hfq,东方财富push2his（AKShare包装或直接fallback）,2026-09-03T01:01:38.738585+08:00
508096,2024-12-17,12.619,hfq,东方财富push2his（AKShare包装或直接fallback）,2026-09-03T01:01:38.738585+08:00
508096,2024-12-18,12.595,hfq,东方财富push2his（AKShare包装或直接fallback）,2026-09-03T01:01:38.738585+08:00
508096,2024-12-19,12.594,hfq,东方财富push2his（AKShare包装或直接fallback）,2026-09-03T01:01:38.738585+08:00
508096,2024-12-20,12.728,hfq,东方财富push2his（AKShare包装或直接fallback）,2026-09-03T01:01:38.738585+08:00
508096,2024-12-23,12.747,hfq,东方财富push2his（AKShare包装或直接fallback）,2026-09-03T01:01:38.738585+08:00
508096,2024-12-24,12.747,hfq,东方财富push2his（AKShare包装或直接fallback）,2026-09-03T01:01:38.738585+08:00
508096,2024-12-25,12.697,hfq,东方财富push2his（AKShare包装或直接fallback）,2026-09-03T01:01:38.738585+08:00
508096,2024-12-26,12.774,hfq,东方财富push2his（AKShare包装或直接fallback）,2026-09-03T01:01:38.738585+08:00
508096,2024-12-27,12.83,hfq,东方财富push2his（AKShare包装或直接fallback）,2026-09-03T01:01:38.738585+08:00
508096,2024-12-30,12.736,hfq,东方财富push2his（AKShare包装或直接fallback）,2026-09-03T01:01:38.738585+08:00
508096,2024-12-31,12.8,hfq,东方财富push2his（AKShare包装或直接fallback）,2026-09-03T01:01:38.738585+08:00
508096,2025-01-02,12.914,hfq,东方财富push2his（AKShare包装或直接fallback）,2026-09-03T01:01:38.738585+08:00
508096,2025-01-03,13.083,hfq,东方财富push2his（AKShare包装或直接fallback）,2026-09-03T01:01:38.738585+08:00
508096,2025-01-06,13.212,hfq,东方财富push2his（AKShare包装或直接fallback）,2026-09-03T01:01:38.738585+08:00
508096,2025-01-07,13.232,hfq,东方财富push2his（AKShare包装或直接fallback）,2026-09-03T01:01:38.738585+08:00
508096,2025-01-08,13.233,hfq,东方财富push2his（AKShare包装或直接fallback）,2026-09-03T01:01:38.738585+08:00
508096,2025-01-09,13.267,hfq,东方财富push2his（AKShare包装或直接fallback）,2026-09-03T01:01:38.738585+08:00
508096,2025-01-10,13.237,hfq,东方财富push2his（AKShare包装或直接fallback）,2026-09-03T01:01:38.738585+08:00
508096,2025-01-13,13.207,hfq,东方财富push2his（AKShare包装或直接fallback）,2026-09-03T01:01:38.738585+08:00
508096,2025-01-14,13.181,hfq,东方财富push2his（AKShare包装或直接fallback）,2026-09-03T01:01:38.738585+08:00
508096,2025-01-15,13.181,hfq,东方财富push2his（AKShare包装或直接fallback）,2026-09-03T01:01:38.738585+08:00
508096,2025-01-16,13.181,hfq,东方财富push2his（AKShare包装或直接fallback）,2026-09-03T01:01:38.738585+08:00
508096,2025-01-17,13.162,hfq,东方财富push2his（AKShare包装或直接fallback）,2026-09-03T01:01:38.738585+08:00
508096,2025-01-20,13.106,hfq,东方财富push2his（AKShare包装或直接fallback）,2026-09-03T01:01:38.738585+08:00
508096,2025-01-21,12.955,hfq,东方财富push2his（AKShare包装或直接fallback）,2026-09-03T01:01:38.738585+08:00
508096,2025-01-22,13.046,hfq,东方财富push2his（AKShare包装或直接fallback）,2026-09-03T01:01:38.738585+08:00
508096,2025-01-23,13.074,hfq,东方财富push2his（AKShare包装或直接fallback）,2026-09-03T01:01:38.738585+08:00
508096,2025-01-24,13.204,hfq,东方财富push2his（AKShare包装或直接fallback）,2026-09-03T01:01:38.738585+08:00
508096,2025-01-27,13.234,hfq,东方财富push2his（AKShare包装或直接fallback）,2026-09-03T01:01:38.738585+08:00
508096,2025-02-05,13.146,hfq,东方财富push2his（AKShare包装或直接fallback）,2026-09-03T01:01:38.738585+08:00
508096,2025-02-06,13.053,hfq,东方财富push2his（AKShare包装或直接fallback）,2026-09-03T01:01:38.738585+08:00
508096,2025-02-07,13.092,hfq,东方财富push2his（AKShare包装或直接fallback）,2026-09-03T01:01:38.738585+08:00
508096,2025-02-10,13.314,hfq,东方财富push2his（AKShare包装或直接fallback）,2026-09-03T01:01:38.738585+08:00
508096,2025-02-11,13.549,hfq,东方财富push2his（AKShare包装或直接fallback）,2026-09-03T01:01:38.738585+08:00
508096,2025-02-12,13.59,hfq,东方财富push2his（AKShare包装或直接fallback）,2026-09-03T01:01:38.738585+08:00
508096,2025-02-13,13.602,hfq,东方财富push2his（AKShare包装或直接fallback）,2026-09-03T01:01:38.738585+08:00
508096,2025-02-14,13.817,hfq,东方财富push2his（AKShare包装或直接fallback）,2026-09-03T01:01:38.738585+08:00
508096,2025-02-17,14.238,hfq,东方财富push2his（AKShare包装或直接fallback）,2026-09-03T01:01:38.738585+08:00
508096,2025-02-18,14.164,hfq,东方财富push2his（AKShare包装或直接fallback）,2026-09-03T01:01:38.738585+08:00
508096,2025-02-19,14.202,hfq,东方财富push2his（AKShare包装或直接fallback）,2026-09-03T01:01:38.738585+08:00
508096,2025-02-20,14.202,hfq,东方财富push2his（AKShare包装或直接fallback）,2026-09-03T01:01:38.738585+08:00
508096,2025-02-21,14.307,hfq,东方财富push2his（AKShare包装或直接fallback）,2026-09-03T01:01:38.738585+08:00
508096,2025-02-24,14.275,hfq,东方财富push2his（AKShare包装或直接fallback）,2026-09-03T01:01:38.738585+08:00
508096,2025-02-25,14.198,hfq,东方财富push2his（AKShare包装或直接fallback）,2026-09-03T01:01:38.738585+08:00
508096,2025-02-26,14.066,hfq,东方财富push2his（AKShare包装或直接fallback）,2026-09-03T01:01:38.738585+08:00
508096,2025-02-27,13.914,hfq,东方财富push2his（AKShare包装或直接fallback）,2026-09-03T01:01:38.738585+08:00
508096,2025-02-28,13.675,hfq,东方财富push2his（AKShare包装或直接fallback）,2026-09-03T01:01:38.738585+08:00
508096,2025-03-03,13.949,hfq,东方财富push2his（AKShare包装或直接fallback）,2026-09-03T01:01:38.738585+08:00
508096,2025-03-04,13.991,hfq,东方财富push2his（AKShare包装或直接fallback）,2026-09-03T01:01:38.738585+08:00
508096,2025-03-05,13.979,hfq,东方财富push2his（AKShare包装或直接fallback）,2026-09-03T01:01:38.738585+08:00
508096,2025-03-06,14.028,hfq,东方财富push2his（AKShare包装或直接fallback）,2026-09-03T01:01:38.738585+08:00
508096,2025-03-07,14.025,hfq,东方财富push2his（AKShare包装或直接fallback）,2026-09-03T01:01:38.738585+08:00
508096,2025-03-10,14.134,hfq,东方财富push2his（AKShare包装或直接fallback）,2026-09-03T01:01:38.738585+08:00
508096,2025-03-11,14.136,hfq,东方财富push2his（AKShare包装或直接fallback）,2026-09-03T01:01:38.738585+08:00
508096,2025-03-12,14.135,hfq,东方财富push2his（AKShare包装或直接fallback）,2026-09-03T01:01:38.738585+08:00
508096,2025-03-13,14.138,hfq,东方财富push2his（AKShare包装或直接fallback）,2026-09-03T01:01:38.738585+08:00
508096,2025-03-14,14.156,hfq,东方财富push2his（AKShare包装或直接fallback）,2026-09-03T01:01:38.738585+08:00
508096,2025-03-17,14.227,hfq,东方财富push2his（AKShare包装或直接fallback）,2026-09-03T01:01:38.738585+08:00
508096,2025-03-18,14.231,hfq,东方财富push2his（AKShare包装或直接fallback）,2026-09-03T01:01:38.738585+08:00
508096,2025-03-19,14.222,hfq,东方财富push2his（AKShare包装或直接fallback）,2026-09-03T01:01:38.738585+08:00
508096,2025-03-20,14.225,hfq,东方财富push2his（AKShare包装或直接fallback）,2026-09-03T01:01:38.738585+08:00
508096,2025-03-21,14.279,hfq,东方财富push2his（AKShare包装或直接fallback）,2026-09-03T01:01:38.738585+08:00
508096,2025-03-24,14.365,hfq,东方财富push2his（AKShare包装或直接fallback）,2026-09-03T01:01:38.738585+08:00
508096,2025-03-25,14.365,hfq,东方财富push2his（AKShare包装或直接fallback）,2026-09-03T01:01:38.738585+08:00
508096,2025-03-26,14.343,hfq,东方财富push2his（AKShare包装或直接fallback）,2026-09-03T01:01:38.738585+08:00
508096,2025-03-27,14.454,hfq,东方财富push2his（AKShare包装或直接fallback）,2026-09-03T01:01:38.738585+08:00
508096,2025-03-28,14.554,hfq,东方财富push2his（AKShare包装或直接fallback）,2026-09-03T01:01:38.738585+08:00
508096,2025-03-31,14.561,hfq,东方财富push2his（AKShare包装或直接fallback）,2026-09-03T01:01:38.738585+08:00
508096,2025-04-01,14.393,hfq,东方财富push2his（AKShare包装或直接fallback）,2026-09-03T01:01:38.738585+08:00
508096,2025-04-02,14.413,hfq,东方财富push2his（AKShare包装或直接fallback）,2026-09-03T01:01:38.738585+08:00
508096,2025-04-03,14.454,hfq,东方财富push2his（AKShare包装或直接fallback）,2026-09-03T01:01:38.738585+08:00
508096,2025-04-07,14.494,hfq,东方财富push2his（AKShare包装或直接fallback）,2026-09-03T01:01:38.738585+08:00
508096,2025-04-08,14.545,hfq,东方财富push2his（AKShare包装或直接fallback）,2026-09-03T01:01:38.738585+08:00
508096,2025-04-09,14.503,hfq,东方财富push2his（AKShare包装或直接fallback）,2026-09-03T01:01:38.738585+08:00
508096,2025-04-10,14.474,hfq,东方财富push2his（AKShare包装或直接fallback）,2026-09-03T01:01:38.738585+08:00
508096,2025-04-11,14.488,hfq,东方财富push2his（AKShare包装或直接fallback）,2026-09-03T01:01:38.738585+08:00
508096,2025-04-14,14.56,hfq,东方财富push2his（AKShare包装或直接fallback）,2026-09-03T01:01:38.738585+08:00
508096,2025-04-15,14.665,hfq,东方财富push2his（AKShare包装或直接fallback）,2026-09-03T01:01:38.738585+08:00
508096,2025-04-16,14.744,hfq,东方财富push2his（AKShare包装或直接fallback）,2026-09-03T01:01:38.738585+08:00
508096,2025-04-17,14.811,hfq,东方财富push2his（AKShare包装或直接fallback）,2026-09-03T01:01:38.738585+08:00
508096,2025-04-18,14.777,hfq,东方财富push2his（AKShare包装或直接fallback）,2026-09-03T01:01:38.738585+08:00
508096,2025-04-21,14.418,hfq,东方财富push2his（AKShare包装或直接fallback）,2026-09-03T01:01:38.738585+08:00
508096,2025-04-22,14.144,hfq,东方财富push2his（AKShare包装或直接fallback）,2026-09-03T01:01:38.738585+08:00
508096,2025-04-23,14.168,hfq,东方财富push2his（AKShare包装或直接fallback）,2026-09-03T01:01:38.738585+08:00
508096,2025-04-24,14.066,hfq,东方财富push2his（AKShare包装或直接fallback）,2026-09-03T01:01:38.738585+08:00
508096,2025-04-25,13.926,hfq,东方财富push2his（AKShare包装或直接fallback）,2026-09-03T01:01:38.738585+08:00
508096,2025-04-28,13.751,hfq,东方财富push2his（AKShare包装或直接fallback）,2026-09-03T01:01:38.738585+08:00
508096,2025-04-29,13.581,hfq,东方财富push2his（AKShare包装或直接fallback）,2026-09-03T01:01:38.738585+08:00
508096,2025-04-30,13.685,hfq,东方财富push2his（AKShare包装或直接fallback）,2026-09-03T01:01:38.738585+08:00
508096,2025-05-06,13.814,hfq,东方财富push2his（AKShare包装或直接fallback）,2026-09-03T01:01:38.738585+08:00
508096,2025-05-07,13.806,hfq,东方财富push2his（AKShare包装或直接fallback）,2026-09-03T01:01:38.738585+08:00
508096,2025-05-08,13.824,hfq,东方财富push2his（AKShare包装或直接fallback）,2026-09-03T01:01:38.738585+08:00
508096,2025-05-09,13.795,hfq,东方财富push2his（AKShare包装或直接fallback）,2026-09-03T01:01:38.738585+08:00
508096,2025-05-12,13.814,hfq,东方财富push2his（AKShare包装或直接fallback）,2026-09-03T01:01:38.738585+08:00
508096,2025-05-13,13.743,hfq,东方财富push2his（AKShare包装或直接fallback）,2026-09-03T01:01:38.738585+08:00
508096,2025-05-14,13.737,hfq,东方财富push2his（AKShare包装或直接fallback）,2026-09-03T01:01:38.738585+08:00
508096,2025-05-15,13.673,hfq,东方财富push2his（AKShare包装或直接fallback）,2026-09-03T01:01:38.738585+08:00
508096,2025-05-16,13.69,hfq,东方财富push2his（AKShare包装或直接fallback）,2026-09-03T01:01:38.738585+08:00
508096,2025-05-19,13.733,hfq,东方财富push2his（AKShare包装或直接fallback）,2026-09-03T01:01:38.738585+08:00
508096,2025-05-20,13.713,hfq,东方财富push2his（AKShare包装或直接fallback）,2026-09-03T01:01:38.738585+08:00
508096,2025-05-21,13.724,hfq,东方财富push2his（AKShare包装或直接fallback）,2026-09-03T01:01:38.738585+08:00
508096,2025-05-22,13.729,hfq,东方财富push2his（AKShare包装或直接fallback）,2026-09-03T01:01:38.738585+08:00
508096,2025-05-23,13.753,hfq,东方财富push2his（AKShare包装或直接fallback）,2026-09-03T01:01:38.738585+08:00
508096,2025-05-26,14.121,hfq,东方财富push2his（AKShare包装或直接fallback）,2026-09-03T01:01:38.738585+08:00
508096,2025-05-27,13.964,hfq,东方财富push2his（AKShare包装或直接fallback）,2026-09-03T01:01:38.738585+08:00
508096,2025-05-28,14.025,hfq,东方财富push2his（AKShare包装或直接fallback）,2026-09-03T01:01:38.738585+08:00
508096,2025-05-29,14.01,hfq,东方财富push2his（AKShare包装或直接fallback）,2026-09-03T01:01:38.738585+08:00
508096,2025-05-30,14.005,hfq,东方财富push2his（AKShare包装或直接fallback）,2026-09-03T01:01:38.738585+08:00
508096,2025-06-03,14.009,hfq,东方财富push2his（AKShare包装或直接fallback）,2026-09-03T01:01:38.738585+08:00
508096,2025-06-04,14.078,hfq,东方财富push2his（AKShare包装或直接fallback）,2026-09-03T01:01:38.738585+08:00
508096,2025-06-05,14.349,hfq,东方财富push2his（AKShare包装或直接fallback）,2026-09-03T01:01:38.738585+08:00
508096,2025-06-06,14.204,hfq,东方财富push2his（AKShare包装或直接fallback）,2026-09-03T01:01:38.738585+08:00
508096,2025-06-09,14.287,hfq,东方财富push2his（AKShare包装或直接fallback）,2026-09-03T01:01:38.738585+08:00
508096,2025-06-10,14.275,hfq,东方财富push2his（AKShare包装或直接fallback）,2026-09-03T01:01:38.738585+08:00
508096,2025-06-11,14.274,hfq,东方财富push2his（AKShare包装或直接fallback）,2026-09-03T01:01:38.738585+08:00
508096,2025-06-12,14.241,hfq,东方财富push2his（AKShare包装或直接fallback）,2026-09-03T01:01:38.738585+08:00
508096,2025-06-13,14.243,hfq,东方财富push2his（AKShare包装或直接fallback）,2026-09-03T01:01:38.738585+08:00
508096,2025-06-16,14.338,hfq,东方财富push2his（AKShare包装或直接fallback）,2026-09-03T01:01:38.738585+08:00
508096,2025-06-17,14.367,hfq,东方财富push2his（AKShare包装或直接fallback）,2026-09-03T01:01:38.738585+08:00
508096,2025-06-18,14.396,hfq,东方财富push2his（AKShare包装或直接fallback）,2026-09-03T01:01:38.738585+08:00
508096,2025-06-19,14.371,hfq,东方财富push2his（AKShare包装或直接fallback）,2026-09-03T01:01:38.738585+08:00
508096,2025-06-20,14.368,hfq,东方财富push2his（AKShare包装或直接fallback）,2026-09-03T01:01:38.738585+08:00
508096,2025-06-23,14.381,hfq,东方财富push2his（AKShare包装或直接fallback）,2026-09-03T01:01:38.738585+08:00
508096,2025-06-24,14.498,hfq,东方财富push2his（AKShare包装或直接fallback）,2026-09-03T01:01:38.738585+08:00
508096,2025-06-25,14.674,hfq,东方财富push2his（AKShare包装或直接fallback）,2026-09-03T01:01:38.738585+08:00
508096,2025-06-26,14.674,hfq,东方财富push2his（AKShare包装或直接fallback）,2026-09-03T01:01:38.738585+08:00
508096,2025-06-27,14.483,hfq,东方财富push2his（AKShare包装或直接fallback）,2026-09-03T01:01:38.738585+08:00
508096,2025-06-30,14.348,hfq,东方财富push2his（AKShare包装或直接fallback）,2026-09-03T01:01:38.738585+08:00
508096,2025-07-01,14.374,hfq,东方财富push2his（AKShare包装或直接fallback）,2026-09-03T01:01:38.738585+08:00
508096,2025-07-02,14.613,hfq,东方财富push2his（AKShare包装或直接fallback）,2026-09-03T01:01:38.738585+08:00
508096,2025-07-03,14.699,hfq,东方财富push2his（AKShare包装或直接fallback）,2026-09-03T01:01:38.738585+08:00
508096,2025-07-04,14.707,hfq,东方财富push2his（AKShare包装或直接fallback）,2026-09-03T01:01:38.738585+08:00
508096,2025-07-07,14.89,hfq,东方财富push2his（AKShare包装或直接fallback）,2026-09-03T01:01:38.738585+08:00
508096,2025-07-08,14.797,hfq,东方财富push2his（AKShare包装或直接fallback）,2026-09-03T01:01:38.738585+08:00
508096,2025-07-09,14.808,hfq,东方财富push2his（AKShare包装或直接fallback）,2026-09-03T01:01:38.738585+08:00
508096,2025-07-10,14.804,hfq,东方财富push2his（AKShare包装或直接fallback）,2026-09-03T01:01:38.738585+08:00
508096,2025-07-11,14.787,hfq,东方财富push2his（AKShare包装或直接fallback）,2026-09-03T01:01:38.738585+08:00
508096,2025-07-14,14.678,hfq,东方财富push2his（AKShare包装或直接fallback）,2026-09-03T01:01:38.738585+08:00
508096,2025-07-15,14.644,hfq,东方财富push2his（AKShare包装或直接fallback）,2026-09-03T01:01:38.738585+08:00
508096,2025-07-16,14.64,hfq,东方财富push2his（AKShare包装或直接fallback）,2026-09-03T01:01:38.738585+08:00
508096,2025-07-17,14.634,hfq,东方财富push2his（AKShare包装或直接fallback）,2026-09-03T01:01:38.738585+08:00
508096,2025-07-18,14.537,hfq,东方财富push2his（AKShare包装或直接fallback）,2026-09-03T01:01:38.738585+08:00
508096,2025-07-21,14.154,hfq,东方财富push2his（AKShare包装或直接fallback）,2026-09-03T01:01:38.738585+08:00
508096,2025-07-22,14.009,hfq,东方财富push2his（AKShare包装或直接fallback）,2026-09-03T01:01:38.738585+08:00
508096,2025-07-23,14.02,hfq,东方财富push2his（AKShare包装或直接fallback）,2026-09-03T01:01:38.738585+08:00
508096,2025-07-24,14.119,hfq,东方财富push2his（AKShare包装或直接fallback）,2026-09-03T01:01:38.738585+08:00
508096,2025-07-25,13.959,hfq,东方财富push2his（AKShare包装或直接fallback）,2026-09-03T01:01:38.738585+08:00
508096,2025-07-28,14.054,hfq,东方财富push2his（AKShare包装或直接fallback）,2026-09-03T01:01:38.738585+08:00
508096,2025-07-29,14.007,hfq,东方财富push2his（AKShare包装或直接fallback）,2026-09-03T01:01:38.738585+08:00
508096,2025-07-30,14.094,hfq,东方财富push2his（AKShare包装或直接fallback）,2026-09-03T01:01:38.738585+08:00
508096,2025-07-31,14.237,hfq,东方财富push2his（AKShare包装或直接fallback）,2026-09-03T01:01:38.738585+08:00
508096,2025-08-01,14.333,hfq,东方财富push2his（AKShare包装或直接fallback）,2026-09-03T01:01:38.738585+08:00
508096,2025-08-04,14.333,hfq,东方财富push2his（AKShare包装或直接fallback）,2026-09-03T01:01:38.738585+08:00
508096,2025-08-05,14.334,hfq,东方财富push2his（AKShare包装或直接fallback）,2026-09-03T01:01:38.738585+08:00
508096,2025-08-06,14.362,hfq,东方财富push2his（AKShare包装或直接fallback）,2026-09-03T01:01:38.738585+08:00
508096,2025-08-07,14.379,hfq,东方财富push2his（AKShare包装或直接fallback）,2026-09-03T01:01:38.738585+08:00
508096,2025-08-08,14.423,hfq,东方财富push2his（AKShare包装或直接fallback）,2026-09-03T01:01:38.738585+08:00
508096,2025-08-11,14.423,hfq,东方财富push2his（AKShare包装或直接fallback）,2026-09-03T01:01:38.738585+08:00
508096,2025-08-12,14.56,hfq,东方财富push2his（AKShare包装或直接fallback）,2026-09-03T01:01:38.738585+08:00
508096,2025-08-13,14.617,hfq,东方财富push2his（AKShare包装或直接fallback）,2026-09-03T01:01:38.738585+08:00
508096,2025-08-14,14.651,hfq,东方财富push2his（AKShare包装或直接fallback）,2026-09-03T01:01:38.738585+08:00
508096,2025-08-15,14.468,hfq,东方财富push2his（AKShare包装或直接fallback）,2026-09-03T01:01:38.738585+08:00
508096,2025-08-18,13.887,hfq,东方财富push2his（AKShare包装或直接fallback）,2026-09-03T01:01:38.738585+08:00
508096,2025-08-19,13.878,hfq,东方财富push2his（AKShare包装或直接fallback）,2026-09-03T01:01:38.738585+08:00
508096,2025-08-20,13.993,hfq,东方财富push2his（AKShare包装或直接fallback）,2026-09-03T01:01:38.738585+08:00
508096,2025-08-21,13.93,hfq,东方财富push2his（AKShare包装或直接fallback）,2026-09-03T01:01:38.738585+08:00
508096,2025-08-22,13.931,hfq,东方财富push2his（AKShare包装或直接fallback）,2026-09-03T01:01:38.738585+08:00
508096,2025-08-25,13.893,hfq,东方财富push2his（AKShare包装或直接fallback）,2026-09-03T01:01:38.738585+08:00
508096,2025-08-26,13.819,hfq,东方财富push2his（AKShare包装或直接fallback）,2026-09-03T01:01:38.738585+08:00
508096,2025-08-27,13.81,hfq,东方财富push2his（AKShare包装或直接fallback）,2026-09-03T01:01:38.738585+08:00
508096,2025-08-28,13.786,hfq,东方财富push2his（AKShare包装或直接fallback）,2026-09-03T01:01:38.738585+08:00
508096,2025-08-29,13.782,hfq,东方财富push2his（AKShare包装或直接fallback）,2026-09-03T01:01:38.738585+08:00
508096,2025-09-01,13.781,hfq,东方财富push2his（AKShare包装或直接fallback）,2026-09-03T01:01:38.738585+08:00
508096,2025-09-02,13.785,hfq,东方财富push2his（AKShare包装或直接fallback）,2026-09-03T01:01:38.738585+08:00
508096,2025-09-03,13.786,hfq,东方财富push2his（AKShare包装或直接fallback）,2026-09-03T01:01:38.738585+08:00
508096,2025-09-04,13.775,hfq,东方财富push2his（AKShare包装或直接fallback）,2026-09-03T01:01:38.738585+08:00
508096,2025-09-05,13.746,hfq,东方财富push2his（AKShare包装或直接fallback）,2026-09-03T01:01:38.738585+08:00
508096,2025-09-08,13.726,hfq,东方财富push2his（AKShare包装或直接fallback）,2026-09-03T01:01:38.738585+08:00
508096,2025-09-09,13.741,hfq,东方财富push2his（AKShare包装或直接fallback）,2026-09-03T01:01:38.738585+08:00
508096,2025-09-10,13.712,hfq,东方财富push2his（AKShare包装或直接fallback）,2026-09-03T01:01:38.738585+08:00
508096,2025-09-11,13.65,hfq,东方财富push2his（AKShare包装或直接fallback）,2026-09-03T01:01:38.738585+08:00
508096,2025-09-12,13.656,hfq,东方财富push2his（AKShare包装或直接fallback）,2026-09-03T01:01:38.738585+08:00
508096,2025-09-15,13.649,hfq,东方财富push2his（AKShare包装或直接fallback）,2026-09-03T01:01:38.738585+08:00
508096,2025-09-16,13.633,hfq,东方财富push2his（AKShare包装或直接fallback）,2026-09-03T01:01:38.738585+08:00
508096,2025-09-17,13.652,hfq,东方财富push2his（AKShare包装或直接fallback）,2026-09-03T01:01:38.738585+08:00
508096,2025-09-18,13.712,hfq,东方财富push2his（AKShare包装或直接fallback）,2026-09-03T01:01:38.738585+08:00
508096,2025-09-19,13.784,hfq,东方财富push2his（AKShare包装或直接fallback）,2026-09-03T01:01:38.738585+08:00
508096,2025-09-22,13.882,hfq,东方财富push2his（AKShare包装或直接fallback）,2026-09-03T01:01:38.738585+08:00
508096,2025-09-23,13.925,hfq,东方财富push2his（AKShare包装或直接fallback）,2026-09-03T01:01:38.738585+08:00
508096,2025-09-24,13.92,hfq,东方财富push2his（AKShare包装或直接fallback）,2026-09-03T01:01:38.738585+08:00
508096,2025-09-25,13.856,hfq,东方财富push2his（AKShare包装或直接fallback）,2026-09-03T01:01:38.738585+08:00
508096,2025-09-26,13.857,hfq,东方财富push2his（AKShare包装或直接fallback）,2026-09-03T01:01:38.738585+08:00
508096,2025-09-29,13.831,hfq,东方财富push2his（AKShare包装或直接fallback）,2026-09-03T01:01:38.738585+08:00
508096,2025-09-30,13.812,hfq,东方财富push2his（AKShare包装或直接fallback）,2026-09-03T01:01:38.738585+08:00
508096,2025-10-09,13.783,hfq,东方财富push2his（AKShare包装或直接fallback）,2026-09-03T01:01:38.738585+08:00
508096,2025-10-10,13.776,hfq,东方财富push2his（AKShare包装或直接fallback）,2026-09-03T01:01:38.738585+08:00
508096,2025-10-13,13.712,hfq,东方财富push2his（AKShare包装或直接fallback）,2026-09-03T01:01:38.738585+08:00
508096,2025-10-14,13.635,hfq,东方财富push2his（AKShare包装或直接fallback）,2026-09-03T01:01:38.738585+08:00
508096,2025-10-15,13.629,hfq,东方财富push2his（AKShare包装或直接fallback）,2026-09-03T01:01:38.738585+08:00
508096,2025-10-16,13.591,hfq,东方财富push2his（AKShare包装或直接fallback）,2026-09-03T01:01:38.738585+08:00
508096,2025-10-17,13.524,hfq,东方财富push2his（AKShare包装或直接fallback）,2026-09-03T01:01:38.738585+08:00
508096,2025-10-20,13.414,hfq,东方财富push2his（AKShare包装或直接fallback）,2026-09-03T01:01:38.738585+08:00
508096,2025-10-21,13.265,hfq,东方财富push2his（AKShare包装或直接fallback）,2026-09-03T01:01:38.738585+08:00
508096,2025-10-22,13.157,hfq,东方财富push2his（AKShare包装或直接fallback）,2026-09-03T01:01:38.738585+08:00
508096,2025-10-23,13.26,hfq,东方财富push2his（AKShare包装或直接fallback）,2026-09-03T01:01:38.738585+08:00
508096,2025-10-24,13.337,hfq,东方财富push2his（AKShare包装或直接fallback）,2026-09-03T01:01:38.738585+08:00
508096,2025-10-27,13.285,hfq,东方财富push2his（AKShare包装或直接fallback）,2026-09-03T01:01:38.738585+08:00
508096,2025-10-28,13.45,hfq,东方财富push2his（AKShare包装或直接fallback）,2026-09-03T01:01:38.738585+08:00
508096,2025-10-29,13.524,hfq,东方财富push2his（AKShare包装或直接fallback）,2026-09-03T01:01:38.738585+08:00
508096,2025-10-30,13.516,hfq,东方财富push2his（AKShare包装或直接fallback）,2026-09-03T01:01:38.738585+08:00
508096,2025-10-31,13.383,hfq,东方财富push2his（AKShare包装或直接fallback）,2026-09-03T01:01:38.738585+08:00
508096,2025-11-03,13.32,hfq,东方财富push2his（AKShare包装或直接fallback）,2026-09-03T01:01:38.738585+08:00
508096,2025-11-04,13.239,hfq,东方财富push2his（AKShare包装或直接fallback）,2026-09-03T01:01:38.738585+08:00
508096,2025-11-05,13.442,hfq,东方财富push2his（AKShare包装或直接fallback）,2026-09-03T01:01:38.738585+08:00
508096,2025-11-06,13.391,hfq,东方财富push2his（AKShare包装或直接fallback）,2026-09-03T01:01:38.738585+08:00
508096,2025-11-07,13.31,hfq,东方财富push2his（AKShare包装或直接fallback）,2026-09-03T01:01:38.738585+08:00
508096,2025-11-10,13.306,hfq,东方财富push2his（AKShare包装或直接fallback）,2026-09-03T01:01:38.738585+08:00
508096,2025-11-11,13.209,hfq,东方财富push2his（AKShare包装或直接fallback）,2026-09-03T01:01:38.738585+08:00
508096,2025-11-12,13.261,hfq,东方财富push2his（AKShare包装或直接fallback）,2026-09-03T01:01:38.738585+08:00
508096,2025-11-13,13.211,hfq,东方财富push2his（AKShare包装或直接fallback）,2026-09-03T01:01:38.738585+08:00
508096,2025-11-14,13.364,hfq,东方财富push2his（AKShare包装或直接fallback）,2026-09-03T01:01:38.738585+08:00
508096,2025-11-17,13.386,hfq,东方财富push2his（AKShare包装或直接fallback）,2026-09-03T01:01:38.738585+08:00
508096,2025-11-18,13.342,hfq,东方财富push2his（AKShare包装或直接fallback）,2026-09-03T01:01:38.738585+08:00
508096,2025-11-19,13.251,hfq,东方财富push2his（AKShare包装或直接fallback）,2026-09-03T01:01:38.738585+08:00
508096,2025-11-20,13.236,hfq,东方财富push2his（AKShare包装或直接fallback）,2026-09-03T01:01:38.738585+08:00
508096,2025-11-21,13.236,hfq,东方财富push2his（AKShare包装或直接fallback）,2026-09-03T01:01:38.738585+08:00
508096,2025-11-24,13.216,hfq,东方财富push2his（AKShare包装或直接fallback）,2026-09-03T01:01:38.738585+08:00
508096,2025-11-25,13.322,hfq,东方财富push2his（AKShare包装或直接fallback）,2026-09-03T01:01:38.738585+08:00
508096,2025-11-26,13.32,hfq,东方财富push2his（AKShare包装或直接fallback）,2026-09-03T01:01:38.738585+08:00
508096,2025-11-27,13.352,hfq,东方财富push2his（AKShare包装或直接fallback）,2026-09-03T01:01:38.738585+08:00
508096,2025-11-28,13.332,hfq,东方财富push2his（AKShare包装或直接fallback）,2026-09-03T01:01:38.738585+08:00
508096,2025-12-01,13.34,hfq,东方财富push2his（AKShare包装或直接fallback）,2026-09-03T01:01:38.738585+08:00
508096,2025-12-02,13.297,hfq,东方财富push2his（AKShare包装或直接fallback）,2026-09-03T01:01:38.738585+08:00
508096,2025-12-03,13.24,hfq,东方财富push2his（AKShare包装或直接fallback）,2026-09-03T01:01:38.738585+08:00
508096,2025-12-04,13.191,hfq,东方财富push2his（AKShare包装或直接fallback）,2026-09-03T01:01:38.738585+08:00
508096,2025-12-08,13.152,hfq,东方财富push2his（AKShare包装或直接fallback）,2026-09-03T01:01:38.738585+08:00
508096,2025-12-09,13.132,hfq,东方财富push2his（AKShare包装或直接fallback）,2026-09-03T01:01:38.738585+08:00
508096,2025-12-10,13.106,hfq,东方财富push2his（AKShare包装或直接fallback）,2026-09-03T01:01:38.738585+08:00
508096,2025-12-11,13.11,hfq,东方财富push2his（AKShare包装或直接fallback）,2026-09-03T01:01:38.738585+08:00
508096,2025-12-12,13.13,hfq,东方财富push2his（AKShare包装或直接fallback）,2026-09-03T01:01:38.738585+08:00
508096,2025-12-15,13.073,hfq,东方财富push2his（AKShare包装或直接fallback）,2026-09-03T01:01:38.738585+08:00
508096,2025-12-16,13.187,hfq,东方财富push2his（AKShare包装或直接fallback）,2026-09-03T01:01:38.738585+08:00
508096,2025-12-17,13.06,hfq,东方财富push2his（AKShare包装或直接fallback）,2026-09-03T01:01:38.738585+08:00
508096,2025-12-18,12.96,hfq,东方财富push2his（AKShare包装或直接fallback）,2026-09-03T01:01:38.738585+08:00
508096,2025-12-19,12.798,hfq,东方财富push2his（AKShare包装或直接fallback）,2026-09-03T01:01:38.738585+08:00
508096,2025-12-22,12.61,hfq,东方财富push2his（AKShare包装或直接fallback）,2026-09-03T01:01:38.738585+08:00
508096,2025-12-23,12.286,hfq,东方财富push2his（AKShare包装或直接fallback）,2026-09-03T01:01:38.738585+08:00
508096,2025-12-24,12.37,hfq,东方财富push2his（AKShare包装或直接fallback）,2026-09-03T01:01:38.738585+08:00
508096,2025-12-25,12.55,hfq,东方财富push2his（AKShare包装或直接fallback）,2026-09-03T01:01:38.738585+08:00
508096,2025-12-26,12.611,hfq,东方财富push2his（AKShare包装或直接fallback）,2026-09-03T01:01:38.738585+08:00
508096,2025-12-29,12.638,hfq,东方财富push2his（AKShare包装或直接fallback）,2026-09-03T01:01:38.738585+08:00
508096,2025-12-30,12.609,hfq,东方财富push2his（AKShare包装或直接fallback）,2026-09-03T01:01:38.738585+08:00
508096,2025-12-31,12.581,hfq,东方财富push2his（AKShare包装或直接fallback）,2026-09-03T01:01:38.738585+08:00
508096,2026-01-05,12.601,hfq,东方财富push2his（AKShare包装或直接fallback）,2026-09-03T01:01:38.738585+08:00
508096,2026-01-06,12.661,hfq,东方财富push2his（AKShare包装或直接fallback）,2026-09-03T01:01:38.738585+08:00
508096,2026-01-07,12.669,hfq,东方财富push2his（AKShare包装或直接fallback）,2026-09-03T01:01:38.738585+08:00
508096,2026-01-08,12.702,hfq,东方财富push2his（AKShare包装或直接fallback）,2026-09-03T01:01:38.738585+08:00
508096,2026-01-09,12.678,hfq,东方财富push2his（AKShare包装或直接fallback）,2026-09-03T01:01:38.738585+08:00
508096,2026-01-12,12.641,hfq,东方财富push2his（AKShare包装或直接fallback）,2026-09-03T01:01:38.738585+08:00
508096,2026-01-13,12.645,hfq,东方财富push2his（AKShare包装或直接fallback）,2026-09-03T01:01:38.738585+08:00
508096,2026-01-14,12.641,hfq,东方财富push2his（AKShare包装或直接fallback）,2026-09-03T01:01:38.738585+08:00
508096,2026-01-15,12.641,hfq,东方财富push2his（AKShare包装或直接fallback）,2026-09-03T01:01:38.738585+08:00
508096,2026-01-16,12.629,hfq,东方财富push2his（AKShare包装或直接fallback）,2026-09-03T01:01:38.738585+08:00
508096,2026-01-19,12.604,hfq,东方财富push2his（AKShare包装或直接fallback）,2026-09-03T01:01:38.738585+08:00
508096,2026-01-20,12.583,hfq,东方财富push2his（AKShare包装或直接fallback）,2026-09-03T01:01:38.738585+08:00
508096,2026-01-21,12.6,hfq,东方财富push2his（AKShare包装或直接fallback）,2026-09-03T01:01:38.738585+08:00
508096,2026-01-22,12.594,hfq,东方财富push2his（AKShare包装或直接fallback）,2026-09-03T01:01:38.738585+08:00
508096,2026-01-23,12.578,hfq,东方财富push2his（AKShare包装或直接fallback）,2026-09-03T01:01:38.738585+08:00
508096,2026-01-26,12.524,hfq,东方财富push2his（AKShare包装或直接fallback）,2026-09-03T01:01:38.738585+08:00
508096,2026-01-27,12.597,hfq,东方财富push2his（AKShare包装或直接fallback）,2026-09-03T01:01:38.738585+08:00
508096,2026-01-28,12.608,hfq,东方财富push2his（AKShare包装或直接fallback）,2026-09-03T01:01:38.738585+08:00
508096,2026-01-29,12.762,hfq,东方财富push2his（AKShare包装或直接fallback）,2026-09-03T01:01:38.738585+08:00
508096,2026-01-30,12.813,hfq,东方财富push2his（AKShare包装或直接fallback）,2026-09-03T01:01:38.738585+08:00
508096,2026-02-02,12.757,hfq,东方财富push2his（AKShare包装或直接fallback）,2026-09-03T01:01:38.738585+08:00
508096,2026-02-03,12.703,hfq,东方财富push2his（AKShare包装或直接fallback）,2026-09-03T01:01:38.738585+08:00
508096,2026-02-04,12.782,hfq,东方财富push2his（AKShare包装或直接fallback）,2026-09-03T01:01:38.738585+08:00
508096,2026-02-05,12.752,hfq,东方财富push2his（AKShare包装或直接fallback）,2026-09-03T01:01:38.738585+08:00
508096,2026-02-06,12.727,hfq,东方财富push2his（AKShare包装或直接fallback）,2026-09-03T01:01:38.738585+08:00
508096,2026-02-09,12.839,hfq,东方财富push2his（AKShare包装或直接fallback）,2026-09-03T01:01:38.738585+08:00
508096,2026-02-10,12.813,hfq,东方财富push2his（AKShare包装或直接fallback）,2026-09-03T01:01:38.738585+08:00
508096,2026-02-11,12.782,hfq,东方财富push2his（AKShare包装或直接fallback）,2026-09-03T01:01:38.738585+08:00
508096,2026-02-12,12.846,hfq,东方财富push2his（AKShare包装或直接fallback）,2026-09-03T01:01:38.738585+08:00
508096,2026-02-13,12.802,hfq,东方财富push2his（AKShare包装或直接fallback）,2026-09-03T01:01:38.738585+08:00
508096,2026-02-24,12.791,hfq,东方财富push2his（AKShare包装或直接fallback）,2026-09-03T01:01:38.738585+08:00
508096,2026-02-25,12.863,hfq,东方财富push2his（AKShare包装或直接fallback）,2026-09-03T01:01:38.738585+08:00
508096,2026-02-26,12.898,hfq,东方财富push2his（AKShare包装或直接fallback）,2026-09-03T01:01:38.738585+08:00
508096,2026-02-27,12.837,hfq,东方财富push2his（AKShare包装或直接fallback）,2026-09-03T01:01:38.738585+08:00
508096,2026-03-02,12.754,hfq,东方财富push2his（AKShare包装或直接fallback）,2026-09-03T01:01:38.738585+08:00
508096,2026-03-03,12.863,hfq,东方财富push2his（AKShare包装或直接fallback）,2026-09-03T01:01:38.738585+08:00
508096,2026-03-04,12.897,hfq,东方财富push2his（AKShare包装或直接fallback）,2026-09-03T01:01:38.738585+08:00
508096,2026-03-05,12.837,hfq,东方财富push2his（AKShare包装或直接fallback）,2026-09-03T01:01:38.738585+08:00
508096,2026-03-06,12.806,hfq,东方财富push2his（AKShare包装或直接fallback）,2026-09-03T01:01:38.738585+08:00
508096,2026-03-09,12.882,hfq,东方财富push2his（AKShare包装或直接fallback）,2026-09-03T01:01:38.738585+08:00
508096,2026-03-10,12.906,hfq,东方财富push2his（AKShare包装或直接fallback）,2026-09-03T01:01:38.738585+08:00
508096,2026-03-11,12.911,hfq,东方财富push2his（AKShare包装或直接fallback）,2026-09-03T01:01:38.738585+08:00
508096,2026-03-12,12.851,hfq,东方财富push2his（AKShare包装或直接fallback）,2026-09-03T01:01:38.738585+08:00
508096,2026-03-13,12.838,hfq,东方财富push2his（AKShare包装或直接fallback）,2026-09-03T01:01:38.738585+08:00
508096,2026-03-16,12.83,hfq,东方财富push2his（AKShare包装或直接fallback）,2026-09-03T01:01:38.738585+08:00
508096,2026-03-17,12.854,hfq,东方财富push2his（AKShare包装或直接fallback）,2026-09-03T01:01:38.738585+08:00
508096,2026-03-18,12.897,hfq,东方财富push2his（AKShare包装或直接fallback）,2026-09-03T01:01:38.738585+08:00
508096,2026-03-19,12.856,hfq,东方财富push2his（AKShare包装或直接fallback）,2026-09-03T01:01:38.738585+08:00
508096,2026-03-20,12.878,hfq,东方财富push2his（AKShare包装或直接fallback）,2026-09-03T01:01:38.738585+08:00
508096,2026-03-23,12.823,hfq,东方财富push2his（AKShare包装或直接fallback）,2026-09-03T01:01:38.738585+08:00
508096,2026-03-24,12.829,hfq,东方财富push2his（AKShare包装或直接fallback）,2026-09-03T01:01:38.738585+08:00
508096,2026-03-25,12.775,hfq,东方财富push2his（AKShare包装或直接fallback）,2026-09-03T01:01:38.738585+08:00
508096,2026-03-26,12.71,hfq,东方财富push2his（AKShare包装或直接fallback）,2026-09-03T01:01:38.738585+08:00
508096,2026-03-27,12.627,hfq,东方财富push2his（AKShare包装或直接fallback）,2026-09-03T01:01:38.738585+08:00
508096,2026-03-30,12.675,hfq,东方财富push2his（AKShare包装或直接fallback）,2026-09-03T01:01:38.738585+08:00
508096,2026-03-31,12.663,hfq,东方财富push2his（AKShare包装或直接fallback）,2026-09-03T01:01:38.738585+08:00
508096,2026-04-01,12.673,hfq,东方财富push2his（AKShare包装或直接fallback）,2026-09-03T01:01:38.738585+08:00
508096,2026-04-02,12.727,hfq,东方财富push2his（AKShare包装或直接fallback）,2026-09-03T01:01:38.738585+08:00
508096,2026-04-03,12.76,hfq,东方财富push2his（AKShare包装或直接fallback）,2026-09-03T01:01:38.738585+08:00
508096,2026-04-07,12.802,hfq,东方财富push2his（AKShare包装或直接fallback）,2026-09-03T01:01:38.738585+08:00
508096,2026-04-08,12.838,hfq,东方财富push2his（AKShare包装或直接fallback）,2026-09-03T01:01:38.738585+08:00
508096,2026-04-09,12.83,hfq,东方财富push2his（AKShare包装或直接fallback）,2026-09-03T01:01:38.738585+08:00
508096,2026-04-10,12.822,hfq,东方财富push2his（AKShare包装或直接fallback）,2026-09-03T01:01:38.738585+08:00
508096,2026-04-13,12.829,hfq,东方财富push2his（AKShare包装或直接fallback）,2026-09-03T01:01:38.738585+08:00
508096,2026-04-14,12.837,hfq,东方财富push2his（AKShare包装或直接fallback）,2026-09-03T01:01:38.738585+08:00
508096,2026-04-15,12.825,hfq,东方财富push2his（AKShare包装或直接fallback）,2026-09-03T01:01:38.738585+08:00
508096,2026-04-16,12.833,hfq,东方财富push2his（AKShare包装或直接fallback）,2026-09-03T01:01:38.738585+08:00
508096,2026-04-17,12.812,hfq,东方财富push2his（AKShare包装或直接fallback）,2026-09-03T01:01:38.738585+08:00
508096,2026-04-20,12.812,hfq,东方财富push2his（AKShare包装或直接fallback）,2026-09-03T01:01:38.738585+08:00
508096,2026-04-21,12.783,hfq,东方财富push2his（AKShare包装或直接fallback）,2026-09-03T01:01:38.738585+08:00
508096,2026-04-22,12.781,hfq,东方财富push2his（AKShare包装或直接fallback）,2026-09-03T01:01:38.738585+08:00
508096,2026-04-23,12.711,hfq,东方财富push2his（AKShare包装或直接fallback）,2026-09-03T01:01:38.738585+08:00
508096,2026-04-24,12.703,hfq,东方财富push2his（AKShare包装或直接fallback）,2026-09-03T01:01:38.738585+08:00
508096,2026-04-27,12.601,hfq,东方财富push2his（AKShare包装或直接fallback）,2026-09-03T01:01:38.738585+08:00
508096,2026-04-28,12.625,hfq,东方财富push2his（AKShare包装或直接fallback）,2026-09-03T01:01:38.738585+08:00
508096,2026-04-29,12.591,hfq,东方财富push2his（AKShare包装或直接fallback）,2026-09-03T01:01:38.738585+08:00
508096,2026-04-30,12.587,hfq,东方财富push2his（AKShare包装或直接fallback）,2026-09-03T01:01:38.738585+08:00
508096,2026-05-06,12.63,hfq,东方财富push2his（AKShare包装或直接fallback）,2026-09-03T01:01:38.738585+08:00
508096,2026-05-07,12.631,hfq,东方财富push2his（AKShare包装或直接fallback）,2026-09-03T01:01:38.738585+08:00
508096,2026-05-08,12.662,hfq,东方财富push2his（AKShare包装或直接fallback）,2026-09-03T01:01:38.738585+08:00
508096,2026-05-11,12.581,hfq,东方财富push2his（AKShare包装或直接fallback）,2026-09-03T01:01:38.738585+08:00
508096,2026-05-12,12.534,hfq,东方财富push2his（AKShare包装或直接fallback）,2026-09-03T01:01:38.738585+08:00
508096,2026-05-13,12.523,hfq,东方财富push2his（AKShare包装或直接fallback）,2026-09-03T01:01:38.738585+08:00
508096,2026-05-14,12.478,hfq,东方财富push2his（AKShare包装或直接fallback）,2026-09-03T01:01:38.738585+08:00
508096,2026-05-15,12.478,hfq,东方财富push2his（AKShare包装或直接fallback）,2026-09-03T01:01:38.738585+08:00
508096,2026-05-18,12.431,hfq,东方财富push2his（AKShare包装或直接fallback）,2026-09-03T01:01:38.738585+08:00
508096,2026-05-19,12.598,hfq,东方财富push2his（AKShare包装或直接fallback）,2026-09-03T01:01:38.738585+08:00
508096,2026-05-20,12.656,hfq,东方财富push2his（AKShare包装或直接fallback）,2026-09-03T01:01:38.738585+08:00
508096,2026-05-21,12.671,hfq,东方财富push2his（AKShare包装或直接fallback）,2026-09-03T01:01:38.738585+08:00
508096,2026-05-22,12.756,hfq,东方财富push2his（AKShare包装或直接fallback）,2026-09-03T01:01:38.738585+08:00
508096,2026-05-25,12.791,hfq,东方财富push2his（AKShare包装或直接fallback）,2026-09-03T01:01:38.738585+08:00
508096,2026-05-26,12.861,hfq,东方财富push2his（AKShare包装或直接fallback）,2026-09-03T01:01:38.738585+08:00
508096,2026-05-27,12.847,hfq,东方财富push2his（AKShare包装或直接fallback）,2026-09-03T01:01:38.738585+08:00
508096,2026-05-28,12.831,hfq,东方财富push2his（AKShare包装或直接fallback）,2026-09-03T01:01:38.738585+08:00
508096,2026-05-29,12.86,hfq,东方财富push2his（AKShare包装或直接fallback）,2026-09-03T01:01:38.738585+08:00
508096,2026-06-01,12.912,hfq,东方财富push2his（AKShare包装或直接fallback）,2026-09-03T01:01:38.738585+08:00
508096,2026-06-02,12.88,hfq,东方财富push2his（AKShare包装或直接fallback）,2026-09-03T01:01:38.738585+08:00
508096,2026-06-03,12.86,hfq,东方财富push2his（AKShare包装或直接fallback）,2026-09-03T01:01:38.738585+08:00
508096,2026-06-04,12.831,hfq,东方财富push2his（AKShare包装或直接fallback）,2026-09-03T01:01:38.738585+08:00
508096,2026-06-05,12.841,hfq,东方财富push2his（AKShare包装或直接fallback）,2026-09-03T01:01:38.738585+08:00
508096,2026-06-08,12.782,hfq,东方财富push2his（AKShare包装或直接fallback）,2026-09-03T01:01:38.738585+08:00
508096,2026-06-09,12.736,hfq,东方财富push2his（AKShare包装或直接fallback）,2026-09-03T01:01:38.738585+08:00
508096,2026-06-10,12.556,hfq,东方财富push2his（AKShare包装或直接fallback）,2026-09-03T01:01:38.738585+08:00
508096,2026-06-11,12.423,hfq,东方财富push2his（AKShare包装或直接fallback）,2026-09-03T01:01:38.738585+08:00
508096,2026-06-12,12.447,hfq,东方财富push2his（AKShare包装或直接fallback）,2026-09-03T01:01:38.738585+08:00
508096,2026-06-15,12.412,hfq,东方财富push2his（AKShare包装或直接fallback）,2026-09-03T01:01:38.738585+08:00
508096,2026-06-16,12.438,hfq,东方财富push2his（AKShare包装或直接fallback）,2026-09-03T01:01:38.738585+08:00
508096,2026-06-17,12.462,hfq,东方财富push2his（AKShare包装或直接fallback）,2026-09-03T01:01:38.738585+08:00
508096,2026-06-18,12.383,hfq,东方财富push2his（AKShare包装或直接fallback）,2026-09-03T01:01:38.738585+08:00
508096,2026-06-22,12.29,hfq,东方财富push2his（AKShare包装或直接fallback）,2026-09-03T01:01:38.738585+08:00
508096,2026-06-23,12.262,hfq,东方财富push2his（AKShare包装或直接fallback）,2026-09-03T01:01:38.738585+08:00
508096,2026-06-24,12.177,hfq,东方财富push2his（AKShare包装或直接fallback）,2026-09-03T01:01:38.738585+08:00
508096,2026-06-25,12.402,hfq,东方财富push2his（AKShare包装或直接fallback）,2026-09-03T01:01:38.738585+08:00
508096,2026-06-26,12.389,hfq,东方财富push2his（AKShare包装或直接fallback）,2026-09-03T01:01:38.738585+08:00
508096,2026-06-29,12.41,hfq,东方财富push2his（AKShare包装或直接fallback）,2026-09-03T01:01:38.738585+08:00
508096,2026-06-30,12.438,hfq,东方财富push2his（AKShare包装或直接fallback）,2026-09-03T01:01:38.738585+08:00
508096,2026-07-01,12.531,hfq,东方财富push2his（AKShare包装或直接fallback）,2026-09-03T01:01:38.738585+08:00
508096,2026-07-02,12.579,hfq,东方财富push2his（AKShare包装或直接fallback）,2026-09-03T01:01:38.738585+08:00
508096,2026-07-03,12.643,hfq,东方财富push2his（AKShare包装或直接fallback）,2026-09-03T01:01:38.738585+08:00
508096,2026-07-06,12.645,hfq,东方财富push2his（AKShare包装或直接fallback）,2026-09-03T01:01:38.738585+08:00
508096,2026-07-07,12.619,hfq,东方财富push2his（AKShare包装或直接fallback）,2026-09-03T01:01:38.738585+08:00
508096,2026-07-08,12.515,hfq,东方财富push2his（AKShare包装或直接fallback）,2026-09-03T01:01:38.738585+08:00
508096,2026-07-09,12.542,hfq,东方财富push2his（AKShare包装或直接fallback）,2026-09-03T01:01:38.738585+08:00
508096,2026-07-10,12.618,hfq,东方财富push2his（AKShare包装或直接fallback）,2026-09-03T01:01:38.738585+08:00
508096,2026-07-13,12.608,hfq,东方财富push2his（AKShare包装或直接fallback）,2026-09-03T01:01:38.738585+08:00
508096,2026-07-14,12.552,hfq,东方财富push2his（AKShare包装或直接fallback）,2026-09-03T01:01:38.738585+08:00
508096,2026-07-15,12.562,hfq,东方财富push2his（AKShare包装或直接fallback）,2026-09-03T01:01:38.738585+08:00
508096,2026-07-16,12.688,hfq,东方财富push2his（AKShare包装或直接fallback）,2026-09-03T01:01:38.738585+08:00
508096,2026-07-17,12.67,hfq,东方财富push2his（AKShare包装或直接fallback）,2026-09-03T01:01:38.738585+08:00
508096,2026-07-20,12.611,hfq,东方财富push2his（AKShare包装或直接fallback）,2026-09-03T01:01:38.738585+08:00
508096,2026-07-21,12.62,hfq,东方财富push2his（AKShare包装或直接fallback）,2026-09-03T01:01:38.738585+08:00
508096,2026-07-22,12.523,hfq,东方财富push2his（AKShare包装或直接fallback）,2026-09-03T01:01:38.738585+08:00
508096,2026-07-23,12.461,hfq,东方财富push2his（AKShare包装或直接fallback）,2026-09-03T01:01:38.738585+08:00
508096,2026-07-24,12.433,hfq,东方财富push2his（AKShare包装或直接fallback）,2026-09-03T01:01:38.738585+08:00
508096,2026-07-27,12.547,hfq,东方财富push2his（AKShare包装或直接fallback）,2026-09-03T01:01:38.738585+08:00
508096,2026-07-28,12.504,hfq,东方财富push2his（AKShare包装或直接fallback）,2026-09-03T01:01:38.738585+08:00
508096,2026-07-29,12.518,hfq,东方财富push2his（AKShare包装或直接fallback）,2026-09-03T01:01:38.738585+08:00
508096,2026-07-30,12.514,hfq,东方财富push2his（AKShare包装或直接fallback）,2026-09-03T01:01:38.738585+08:00
508096,2026-07-31,12.517,hfq,东方财富push2his（AKShare包装或直接fallback）,2026-09-03T01:01:38.738585+08:00
508096,2026-08-03,12.556,hfq,东方财富push2his（AKShare包装或直接fallback）,2026-09-03T01:01:38.738585+08:00
508096,2026-08-04,12.514,hfq,东方财富push2his（AKShare包装或直接fallback）,2026-09-03T01:01:38.738585+08:00
508096,2026-08-05,12.471,hfq,东方财富push2his（AKShare包装或直接fallback）,2026-09-03T01:01:38.738585+08:00
508096,2026-08-06,12.532,hfq,东方财富push2his（AKShare包装或直接fallback）,2026-09-03T01:01:38.738585+08:00
508096,2026-08-07,12.59,hfq,东方财富push2his（AKShare包装或直接fallback）,2026-09-03T01:01:38.738585+08:00
508096,2026-08-10,12.606,hfq,东方财富push2his（AKShare包装或直接fallback）,2026-09-03T01:01:38.738585+08:00
508096,2026-08-11,12.649,hfq,东方财富push2his（AKShare包装或直接fallback）,2026-09-03T01:01:38.738585+08:00
508096,2026-08-12,12.635,hfq,东方财富push2his（AKShare包装或直接fallback）,2026-09-03T01:01:38.738585+08:00
508096,2026-08-13,12.6,hfq,东方财富push2his（AKShare包装或直接fallback）,2026-09-03T01:01:38.738585+08:00
508096,2026-08-14,12.603,hfq,东方财富push2his（AKShare包装或直接fallback）,2026-09-03T01:01:38.738585+08:00
508096,2026-08-17,12.607,hfq,东方财富push2his（AKShare包装或直接fallback）,2026-09-03T01:01:38.738585+08:00
508096,2026-08-18,12.608,hfq,东方财富push2his（AKShare包装或直接fallback）,2026-09-03T01:01:38.738585+08:00
508096,2026-08-19,12.606,hfq,东方财富push2his（AKShare包装或直接fallback）,2026-09-03T01:01:38.738585+08:00
508096,2026-08-20,12.608,hfq,东方财富push2his（AKShare包装或直接fallback）,2026-09-03T01:01:38.738585+08:00
508096,2026-08-21,12.613,hfq,东方财富push2his（AKShare包装或直接fallback）,2026-09-03T01:01:38.738585+08:00
508096,2026-08-24,12.607,hfq,东方财富push2his（AKShare包装或直接fallback）,2026-09-03T01:01:38.738585+08:00
508096,2026-08-25,12.597,hfq,东方财富push2his（AKShare包装或直接fallback）,2026-09-03T01:01:38.738585+08:00
508096,2026-08-26,12.598,hfq,东方财富push2his（AKShare包装或直接fallback）,2026-09-03T01:01:38.738585+08:00
508096,2026-08-27,12.596,hfq,东方财富push2his（AKShare包装或直接fallback）,2026-09-03T01:01:38.738585+08:00
508096,2026-08-28,12.561,hfq,东方财富push2his（AKShare包装或直接fallback）,2026-09-03T01:01:38.738585+08:00
508096,2026-08-31,12.53,hfq,东方财富push2his（AKShare包装或直接fallback）,2026-09-03T01:01:38.738585+08:00
508096,2026-09-01,12.54,hfq,东方财富push2his（AKShare包装或直接fallback）,2026-09-03T01:01:38.738585+08:00
508096,2026-09-02,12.496,hfq,东方财富push2his（AKShare包装或直接fallback）,2026-09-03T01:01:38.738585+08:00
180401,2024-03-20,7.976,hfq,东方财富push2his（AKShare包装或直接fallback）,2026-09-03T01:01:38.738585+08:00
180401,2024-03-21,7.927,hfq,东方财富push2his（AKShare包装或直接fallback）,2026-09-03T01:01:38.738585+08:00
180401,2024-03-22,7.733,hfq,东方财富push2his（AKShare包装或直接fallback）,2026-09-03T01:01:38.738585+08:00
180401,2024-03-25,7.567,hfq,东方财富push2his（AKShare包装或直接fallback）,2026-09-03T01:01:38.738585+08:00
180401,2024-03-26,7.645,hfq,东方财富push2his（AKShare包装或直接fallback）,2026-09-03T01:01:38.738585+08:00
180401,2024-03-27,7.848,hfq,东方财富push2his（AKShare包装或直接fallback）,2026-09-03T01:01:38.738585+08:00
180401,2024-03-28,7.824,hfq,东方财富push2his（AKShare包装或直接fallback）,2026-09-03T01:01:38.738585+08:00
180401,2024-03-29,7.862,hfq,东方财富push2his（AKShare包装或直接fallback）,2026-09-03T01:01:38.738585+08:00
180401,2024-04-01,7.803,hfq,东方财富push2his（AKShare包装或直接fallback）,2026-09-03T01:01:38.738585+08:00
180401,2024-04-02,7.761,hfq,东方财富push2his（AKShare包装或直接fallback）,2026-09-03T01:01:38.738585+08:00
180401,2024-04-03,7.884,hfq,东方财富push2his（AKShare包装或直接fallback）,2026-09-03T01:01:38.738585+08:00
180401,2024-04-08,7.927,hfq,东方财富push2his（AKShare包装或直接fallback）,2026-09-03T01:01:38.738585+08:00
180401,2024-04-09,7.927,hfq,东方财富push2his（AKShare包装或直接fallback）,2026-09-03T01:01:38.738585+08:00
180401,2024-04-10,7.942,hfq,东方财富push2his（AKShare包装或直接fallback）,2026-09-03T01:01:38.738585+08:00
180401,2024-04-11,7.964,hfq,东方财富push2his（AKShare包装或直接fallback）,2026-09-03T01:01:38.738585+08:00
180401,2024-04-12,7.965,hfq,东方财富push2his（AKShare包装或直接fallback）,2026-09-03T01:01:38.738585+08:00
180401,2024-04-15,7.967,hfq,东方财富push2his（AKShare包装或直接fallback）,2026-09-03T01:01:38.738585+08:00
180401,2024-04-16,7.968,hfq,东方财富push2his（AKShare包装或直接fallback）,2026-09-03T01:01:38.738585+08:00
180401,2024-04-17,8.063,hfq,东方财富push2his（AKShare包装或直接fallback）,2026-09-03T01:01:38.738585+08:00
180401,2024-04-18,8.065,hfq,东方财富push2his（AKShare包装或直接fallback）,2026-09-03T01:01:38.738585+08:00
180401,2024-04-19,8.02,hfq,东方财富push2his（AKShare包装或直接fallback）,2026-09-03T01:01:38.738585+08:00
180401,2024-04-22,8.02,hfq,东方财富push2his（AKShare包装或直接fallback）,2026-09-03T01:01:38.738585+08:00
180401,2024-04-23,8.116,hfq,东方财富push2his（AKShare包装或直接fallback）,2026-09-03T01:01:38.738585+08:00
180401,2024-04-24,8.135,hfq,东方财富push2his（AKShare包装或直接fallback）,2026-09-03T01:01:38.738585+08:00
180401,2024-04-25,8.148,hfq,东方财富push2his（AKShare包装或直接fallback）,2026-09-03T01:01:38.738585+08:00
180401,2024-04-26,8.126,hfq,东方财富push2his（AKShare包装或直接fallback）,2026-09-03T01:01:38.738585+08:00
180401,2024-04-29,8.077,hfq,东方财富push2his（AKShare包装或直接fallback）,2026-09-03T01:01:38.738585+08:00
180401,2024-04-30,8.066,hfq,东方财富push2his（AKShare包装或直接fallback）,2026-09-03T01:01:38.738585+08:00
180401,2024-05-06,8.055,hfq,东方财富push2his（AKShare包装或直接fallback）,2026-09-03T01:01:38.738585+08:00
180401,2024-05-07,8.056,hfq,东方财富push2his（AKShare包装或直接fallback）,2026-09-03T01:01:38.738585+08:00
180401,2024-05-08,8.047,hfq,东方财富push2his（AKShare包装或直接fallback）,2026-09-03T01:01:38.738585+08:00
180401,2024-05-09,8.031,hfq,东方财富push2his（AKShare包装或直接fallback）,2026-09-03T01:01:38.738585+08:00
180401,2024-05-10,8.035,hfq,东方财富push2his（AKShare包装或直接fallback）,2026-09-03T01:01:38.738585+08:00
180401,2024-05-13,8.041,hfq,东方财富push2his（AKShare包装或直接fallback）,2026-09-03T01:01:38.738585+08:00
180401,2024-05-14,8.045,hfq,东方财富push2his（AKShare包装或直接fallback）,2026-09-03T01:01:38.738585+08:00
180401,2024-05-15,8.03,hfq,东方财富push2his（AKShare包装或直接fallback）,2026-09-03T01:01:38.738585+08:00
180401,2024-05-16,8.008,hfq,东方财富push2his（AKShare包装或直接fallback）,2026-09-03T01:01:38.738585+08:00
180401,2024-05-17,8.01,hfq,东方财富push2his（AKShare包装或直接fallback）,2026-09-03T01:01:38.738585+08:00
180401,2024-05-20,7.981,hfq,东方财富push2his（AKShare包装或直接fallback）,2026-09-03T01:01:38.738585+08:00
180401,2024-05-21,7.927,hfq,东方财富push2his（AKShare包装或直接fallback）,2026-09-03T01:01:38.738585+08:00
180401,2024-05-22,7.904,hfq,东方财富push2his（AKShare包装或直接fallback）,2026-09-03T01:01:38.738585+08:00
180401,2024-05-23,7.861,hfq,东方财富push2his（AKShare包装或直接fallback）,2026-09-03T01:01:38.738585+08:00
180401,2024-05-24,7.948,hfq,东方财富push2his（AKShare包装或直接fallback）,2026-09-03T01:01:38.738585+08:00
180401,2024-05-27,7.976,hfq,东方财富push2his（AKShare包装或直接fallback）,2026-09-03T01:01:38.738585+08:00
180401,2024-05-28,8.0,hfq,东方财富push2his（AKShare包装或直接fallback）,2026-09-03T01:01:38.738585+08:00
180401,2024-05-29,8.02,hfq,东方财富push2his（AKShare包装或直接fallback）,2026-09-03T01:01:38.738585+08:00
180401,2024-05-30,7.983,hfq,东方财富push2his（AKShare包装或直接fallback）,2026-09-03T01:01:38.738585+08:00
180401,2024-05-31,7.991,hfq,东方财富push2his（AKShare包装或直接fallback）,2026-09-03T01:01:38.738585+08:00
180401,2024-06-03,7.952,hfq,东方财富push2his（AKShare包装或直接fallback）,2026-09-03T01:01:38.738585+08:00
180401,2024-06-04,7.966,hfq,东方财富push2his（AKShare包装或直接fallback）,2026-09-03T01:01:38.738585+08:00
180401,2024-06-05,7.987,hfq,东方财富push2his（AKShare包装或直接fallback）,2026-09-03T01:01:38.738585+08:00
180401,2024-06-06,8.049,hfq,东方财富push2his（AKShare包装或直接fallback）,2026-09-03T01:01:38.738585+08:00
180401,2024-06-07,8.061,hfq,东方财富push2his（AKShare包装或直接fallback）,2026-09-03T01:01:38.738585+08:00
180401,2024-06-11,8.06,hfq,东方财富push2his（AKShare包装或直接fallback）,2026-09-03T01:01:38.738585+08:00
180401,2024-06-12,8.054,hfq,东方财富push2his（AKShare包装或直接fallback）,2026-09-03T01:01:38.738585+08:00
180401,2024-06-13,8.057,hfq,东方财富push2his（AKShare包装或直接fallback）,2026-09-03T01:01:38.738585+08:00
180401,2024-06-14,8.024,hfq,东方财富push2his（AKShare包装或直接fallback）,2026-09-03T01:01:38.738585+08:00
180401,2024-06-17,8.051,hfq,东方财富push2his（AKShare包装或直接fallback）,2026-09-03T01:01:38.738585+08:00
180401,2024-06-18,8.067,hfq,东方财富push2his（AKShare包装或直接fallback）,2026-09-03T01:01:38.738585+08:00
180401,2024-06-19,8.082,hfq,东方财富push2his（AKShare包装或直接fallback）,2026-09-03T01:01:38.738585+08:00
180401,2024-06-20,8.077,hfq,东方财富push2his（AKShare包装或直接fallback）,2026-09-03T01:01:38.738585+08:00
180401,2024-06-21,8.083,hfq,东方财富push2his（AKShare包装或直接fallback）,2026-09-03T01:01:38.738585+08:00
180401,2024-06-24,8.096,hfq,东方财富push2his（AKShare包装或直接fallback）,2026-09-03T01:01:38.738585+08:00
180401,2024-06-25,8.095,hfq,东方财富push2his（AKShare包装或直接fallback）,2026-09-03T01:01:38.738585+08:00
180401,2024-06-26,8.095,hfq,东方财富push2his（AKShare包装或直接fallback）,2026-09-03T01:01:38.738585+08:00
180401,2024-06-27,8.207,hfq,东方财富push2his（AKShare包装或直接fallback）,2026-09-03T01:01:38.738585+08:00
180401,2024-06-28,8.208,hfq,东方财富push2his（AKShare包装或直接fallback）,2026-09-03T01:01:38.738585+08:00
180401,2024-07-01,8.217,hfq,东方财富push2his（AKShare包装或直接fallback）,2026-09-03T01:01:38.738585+08:00
180401,2024-07-02,8.197,hfq,东方财富push2his（AKShare包装或直接fallback）,2026-09-03T01:01:38.738585+08:00
180401,2024-07-03,8.188,hfq,东方财富push2his（AKShare包装或直接fallback）,2026-09-03T01:01:38.738585+08:00
180401,2024-07-04,8.202,hfq,东方财富push2his（AKShare包装或直接fallback）,2026-09-03T01:01:38.738585+08:00
180401,2024-07-05,8.167,hfq,东方财富push2his（AKShare包装或直接fallback）,2026-09-03T01:01:38.738585+08:00
180401,2024-07-08,8.147,hfq,东方财富push2his（AKShare包装或直接fallback）,2026-09-03T01:01:38.738585+08:00
180401,2024-07-09,8.143,hfq,东方财富push2his（AKShare包装或直接fallback）,2026-09-03T01:01:38.738585+08:00
180401,2024-07-10,8.146,hfq,东方财富push2his（AKShare包装或直接fallback）,2026-09-03T01:01:38.738585+08:00
180401,2024-07-11,8.102,hfq,东方财富push2his（AKShare包装或直接fallback）,2026-09-03T01:01:38.738585+08:00
180401,2024-07-12,8.092,hfq,东方财富push2his（AKShare包装或直接fallback）,2026-09-03T01:01:38.738585+08:00
180401,2024-07-15,8.177,hfq,东方财富push2his（AKShare包装或直接fallback）,2026-09-03T01:01:38.738585+08:00
180401,2024-07-16,8.183,hfq,东方财富push2his（AKShare包装或直接fallback）,2026-09-03T01:01:38.738585+08:00
180401,2024-07-17,8.152,hfq,东方财富push2his（AKShare包装或直接fallback）,2026-09-03T01:01:38.738585+08:00
180401,2024-07-18,8.047,hfq,东方财富push2his（AKShare包装或直接fallback）,2026-09-03T01:01:38.738585+08:00
180401,2024-07-19,7.928,hfq,东方财富push2his（AKShare包装或直接fallback）,2026-09-03T01:01:38.738585+08:00
180401,2024-07-22,7.977,hfq,东方财富push2his（AKShare包装或直接fallback）,2026-09-03T01:01:38.738585+08:00
180401,2024-07-23,7.968,hfq,东方财富push2his（AKShare包装或直接fallback）,2026-09-03T01:01:38.738585+08:00
180401,2024-07-24,7.921,hfq,东方财富push2his（AKShare包装或直接fallback）,2026-09-03T01:01:38.738585+08:00
180401,2024-07-25,7.894,hfq,东方财富push2his（AKShare包装或直接fallback）,2026-09-03T01:01:38.738585+08:00
180401,2024-07-26,8.023,hfq,东方财富push2his（AKShare包装或直接fallback）,2026-09-03T01:01:38.738585+08:00
180401,2024-07-29,7.994,hfq,东方财富push2his（AKShare包装或直接fallback）,2026-09-03T01:01:38.738585+08:00
180401,2024-07-30,7.99,hfq,东方财富push2his（AKShare包装或直接fallback）,2026-09-03T01:01:38.738585+08:00
180401,2024-07-31,7.952,hfq,东方财富push2his（AKShare包装或直接fallback）,2026-09-03T01:01:38.738585+08:00
180401,2024-08-01,7.96,hfq,东方财富push2his（AKShare包装或直接fallback）,2026-09-03T01:01:38.738585+08:00
180401,2024-08-02,8.001,hfq,东方财富push2his（AKShare包装或直接fallback）,2026-09-03T01:01:38.738585+08:00
180401,2024-08-05,8.026,hfq,东方财富push2his（AKShare包装或直接fallback）,2026-09-03T01:01:38.738585+08:00
180401,2024-08-06,8.079,hfq,东方财富push2his（AKShare包装或直接fallback）,2026-09-03T01:01:38.738585+08:00
180401,2024-08-07,8.152,hfq,东方财富push2his（AKShare包装或直接fallback）,2026-09-03T01:01:38.738585+08:00
180401,2024-08-08,8.152,hfq,东方财富push2his（AKShare包装或直接fallback）,2026-09-03T01:01:38.738585+08:00
180401,2024-08-09,8.135,hfq,东方财富push2his（AKShare包装或直接fallback）,2026-09-03T01:01:38.738585+08:00
180401,2024-08-12,8.119,hfq,东方财富push2his（AKShare包装或直接fallback）,2026-09-03T01:01:38.738585+08:00
180401,2024-08-13,8.102,hfq,东方财富push2his（AKShare包装或直接fallback）,2026-09-03T01:01:38.738585+08:00
180401,2024-08-14,8.124,hfq,东方财富push2his（AKShare包装或直接fallback）,2026-09-03T01:01:38.738585+08:00
180401,2024-08-15,8.147,hfq,东方财富push2his（AKShare包装或直接fallback）,2026-09-03T01:01:38.738585+08:00
180401,2024-08-16,8.138,hfq,东方财富push2his（AKShare包装或直接fallback）,2026-09-03T01:01:38.738585+08:00
180401,2024-08-19,8.127,hfq,东方财富push2his（AKShare包装或直接fallback）,2026-09-03T01:01:38.738585+08:00
180401,2024-08-20,8.088,hfq,东方财富push2his（AKShare包装或直接fallback）,2026-09-03T01:01:38.738585+08:00
180401,2024-08-21,8.002,hfq,东方财富push2his（AKShare包装或直接fallback）,2026-09-03T01:01:38.738585+08:00
180401,2024-08-22,8.029,hfq,东方财富push2his（AKShare包装或直接fallback）,2026-09-03T01:01:38.738585+08:00
180401,2024-08-23,8.045,hfq,东方财富push2his（AKShare包装或直接fallback）,2026-09-03T01:01:38.738585+08:00
180401,2024-08-26,8.014,hfq,东方财富push2his（AKShare包装或直接fallback）,2026-09-03T01:01:38.738585+08:00
180401,2024-08-27,7.992,hfq,东方财富push2his（AKShare包装或直接fallback）,2026-09-03T01:01:38.738585+08:00
180401,2024-08-28,7.987,hfq,东方财富push2his（AKShare包装或直接fallback）,2026-09-03T01:01:38.738585+08:00
180401,2024-08-29,7.947,hfq,东方财富push2his（AKShare包装或直接fallback）,2026-09-03T01:01:38.738585+08:00
180401,2024-08-30,7.982,hfq,东方财富push2his（AKShare包装或直接fallback）,2026-09-03T01:01:38.738585+08:00
180401,2024-09-02,8.007,hfq,东方财富push2his（AKShare包装或直接fallback）,2026-09-03T01:01:38.738585+08:00
180401,2024-09-03,7.988,hfq,东方财富push2his（AKShare包装或直接fallback）,2026-09-03T01:01:38.738585+08:00
180401,2024-09-04,8.0,hfq,东方财富push2his（AKShare包装或直接fallback）,2026-09-03T01:01:38.738585+08:00
180401,2024-09-05,8.026,hfq,东方财富push2his（AKShare包装或直接fallback）,2026-09-03T01:01:38.738585+08:00
180401,2024-09-06,8.019,hfq,东方财富push2his（AKShare包装或直接fallback）,2026-09-03T01:01:38.738585+08:00
180401,2024-09-09,8.001,hfq,东方财富push2his（AKShare包装或直接fallback）,2026-09-03T01:01:38.738585+08:00
180401,2024-09-10,7.955,hfq,东方财富push2his（AKShare包装或直接fallback）,2026-09-03T01:01:38.738585+08:00
180401,2024-09-11,7.905,hfq,东方财富push2his（AKShare包装或直接fallback）,2026-09-03T01:01:38.738585+08:00
180401,2024-09-12,7.881,hfq,东方财富push2his（AKShare包装或直接fallback）,2026-09-03T01:01:38.738585+08:00
180401,2024-09-13,7.905,hfq,东方财富push2his（AKShare包装或直接fallback）,2026-09-03T01:01:38.738585+08:00
180401,2024-09-18,7.902,hfq,东方财富push2his（AKShare包装或直接fallback）,2026-09-03T01:01:38.738585+08:00
180401,2024-09-19,7.88,hfq,东方财富push2his（AKShare包装或直接fallback）,2026-09-03T01:01:38.738585+08:00
180401,2024-09-20,7.86,hfq,东方财富push2his（AKShare包装或直接fallback）,2026-09-03T01:01:38.738585+08:00
180401,2024-09-23,7.853,hfq,东方财富push2his（AKShare包装或直接fallback）,2026-09-03T01:01:38.738585+08:00
180401,2024-09-24,7.875,hfq,东方财富push2his（AKShare包装或直接fallback）,2026-09-03T01:01:38.738585+08:00
180401,2024-09-25,7.877,hfq,东方财富push2his（AKShare包装或直接fallback）,2026-09-03T01:01:38.738585+08:00
180401,2024-09-26,7.868,hfq,东方财富push2his（AKShare包装或直接fallback）,2026-09-03T01:01:38.738585+08:00
180401,2024-09-27,7.803,hfq,东方财富push2his（AKShare包装或直接fallback）,2026-09-03T01:01:38.738585+08:00
180401,2024-09-30,7.717,hfq,东方财富push2his（AKShare包装或直接fallback）,2026-09-03T01:01:38.738585+08:00
180401,2024-10-08,7.697,hfq,东方财富push2his（AKShare包装或直接fallback）,2026-09-03T01:01:38.738585+08:00
180401,2024-10-09,7.714,hfq,东方财富push2his（AKShare包装或直接fallback）,2026-09-03T01:01:38.738585+08:00
180401,2024-10-10,7.748,hfq,东方财富push2his（AKShare包装或直接fallback）,2026-09-03T01:01:38.738585+08:00
180401,2024-10-11,7.814,hfq,东方财富push2his（AKShare包装或直接fallback）,2026-09-03T01:01:38.738585+08:00
180401,2024-10-14,7.778,hfq,东方财富push2his（AKShare包装或直接fallback）,2026-09-03T01:01:38.738585+08:00
180401,2024-10-15,7.748,hfq,东方财富push2his（AKShare包装或直接fallback）,2026-09-03T01:01:38.738585+08:00
180401,2024-10-16,7.732,hfq,东方财富push2his（AKShare包装或直接fallback）,2026-09-03T01:01:38.738585+08:00
180401,2024-10-17,7.74,hfq,东方财富push2his（AKShare包装或直接fallback）,2026-09-03T01:01:38.738585+08:00
180401,2024-10-18,7.723,hfq,东方财富push2his（AKShare包装或直接fallback）,2026-09-03T01:01:38.738585+08:00
180401,2024-10-21,7.708,hfq,东方财富push2his（AKShare包装或直接fallback）,2026-09-03T01:01:38.738585+08:00
180401,2024-10-22,7.707,hfq,东方财富push2his（AKShare包装或直接fallback）,2026-09-03T01:01:38.738585+08:00
180401,2024-10-23,7.706,hfq,东方财富push2his（AKShare包装或直接fallback）,2026-09-03T01:01:38.738585+08:00
180401,2024-10-24,7.704,hfq,东方财富push2his（AKShare包装或直接fallback）,2026-09-03T01:01:38.738585+08:00
180401,2024-10-25,7.732,hfq,东方财富push2his（AKShare包装或直接fallback）,2026-09-03T01:01:38.738585+08:00
180401,2024-10-28,7.735,hfq,东方财富push2his（AKShare包装或直接fallback）,2026-09-03T01:01:38.738585+08:00
180401,2024-10-29,7.718,hfq,东方财富push2his（AKShare包装或直接fallback）,2026-09-03T01:01:38.738585+08:00
180401,2024-10-30,7.705,hfq,东方财富push2his（AKShare包装或直接fallback）,2026-09-03T01:01:38.738585+08:00
180401,2024-10-31,7.703,hfq,东方财富push2his（AKShare包装或直接fallback）,2026-09-03T01:01:38.738585+08:00
180401,2024-11-01,7.666,hfq,东方财富push2his（AKShare包装或直接fallback）,2026-09-03T01:01:38.738585+08:00
180401,2024-11-04,7.676,hfq,东方财富push2his（AKShare包装或直接fallback）,2026-09-03T01:01:38.738585+08:00
180401,2024-11-05,7.685,hfq,东方财富push2his（AKShare包装或直接fallback）,2026-09-03T01:01:38.738585+08:00
180401,2024-11-06,7.717,hfq,东方财富push2his（AKShare包装或直接fallback）,2026-09-03T01:01:38.738585+08:00
180401,2024-11-07,7.717,hfq,东方财富push2his（AKShare包装或直接fallback）,2026-09-03T01:01:38.738585+08:00
180401,2024-11-08,7.698,hfq,东方财富push2his（AKShare包装或直接fallback）,2026-09-03T01:01:38.738585+08:00
180401,2024-11-11,7.825,hfq,东方财富push2his（AKShare包装或直接fallback）,2026-09-03T01:01:38.738585+08:00
180401,2024-11-12,7.845,hfq,东方财富push2his（AKShare包装或直接fallback）,2026-09-03T01:01:38.738585+08:00
180401,2024-11-13,7.863,hfq,东方财富push2his（AKShare包装或直接fallback）,2026-09-03T01:01:38.738585+08:00
180401,2024-11-14,7.867,hfq,东方财富push2his（AKShare包装或直接fallback）,2026-09-03T01:01:38.738585+08:00
180401,2024-11-15,7.884,hfq,东方财富push2his（AKShare包装或直接fallback）,2026-09-03T01:01:38.738585+08:00
180401,2024-11-18,7.914,hfq,东方财富push2his（AKShare包装或直接fallback）,2026-09-03T01:01:38.738585+08:00
180401,2024-11-19,7.884,hfq,东方财富push2his（AKShare包装或直接fallback）,2026-09-03T01:01:38.738585+08:00
180401,2024-11-20,7.897,hfq,东方财富push2his（AKShare包装或直接fallback）,2026-09-03T01:01:38.738585+08:00
180401,2024-11-21,7.893,hfq,东方财富push2his（AKShare包装或直接fallback）,2026-09-03T01:01:38.738585+08:00
180401,2024-11-22,7.882,hfq,东方财富push2his（AKShare包装或直接fallback）,2026-09-03T01:01:38.738585+08:00
180401,2024-11-25,7.869,hfq,东方财富push2his（AKShare包装或直接fallback）,2026-09-03T01:01:38.738585+08:00
180401,2024-11-26,7.867,hfq,东方财富push2his（AKShare包装或直接fallback）,2026-09-03T01:01:38.738585+08:00
180401,2024-11-27,7.868,hfq,东方财富push2his（AKShare包装或直接fallback）,2026-09-03T01:01:38.738585+08:00
180401,2024-11-28,7.867,hfq,东方财富push2his（AKShare包装或直接fallback）,2026-09-03T01:01:38.738585+08:00
180401,2024-11-29,7.875,hfq,东方财富push2his（AKShare包装或直接fallback）,2026-09-03T01:01:38.738585+08:00
180401,2024-12-02,7.912,hfq,东方财富push2his（AKShare包装或直接fallback）,2026-09-03T01:01:38.738585+08:00
180401,2024-12-03,7.912,hfq,东方财富push2his（AKShare包装或直接fallback）,2026-09-03T01:01:38.738585+08:00
180401,2024-12-04,7.89,hfq,东方财富push2his（AKShare包装或直接fallback）,2026-09-03T01:01:38.738585+08:00
180401,2024-12-05,7.872,hfq,东方财富push2his（AKShare包装或直接fallback）,2026-09-03T01:01:38.738585+08:00
180401,2024-12-06,7.879,hfq,东方财富push2his（AKShare包装或直接fallback）,2026-09-03T01:01:38.738585+08:00
180401,2024-12-09,7.878,hfq,东方财富push2his（AKShare包装或直接fallback）,2026-09-03T01:01:38.738585+08:00
180401,2024-12-10,7.903,hfq,东方财富push2his（AKShare包装或直接fallback）,2026-09-03T01:01:38.738585+08:00
180401,2024-12-11,8.032,hfq,东方财富push2his（AKShare包装或直接fallback）,2026-09-03T01:01:38.738585+08:00
180401,2024-12-12,8.022,hfq,东方财富push2his（AKShare包装或直接fallback）,2026-09-03T01:01:38.738585+08:00
180401,2024-12-13,8.043,hfq,东方财富push2his（AKShare包装或直接fallback）,2026-09-03T01:01:38.738585+08:00
180401,2024-12-16,8.071,hfq,东方财富push2his（AKShare包装或直接fallback）,2026-09-03T01:01:38.738585+08:00
180401,2024-12-17,8.037,hfq,东方财富push2his（AKShare包装或直接fallback）,2026-09-03T01:01:38.738585+08:00
180401,2024-12-18,8.052,hfq,东方财富push2his（AKShare包装或直接fallback）,2026-09-03T01:01:38.738585+08:00
180401,2024-12-19,8.052,hfq,东方财富push2his（AKShare包装或直接fallback）,2026-09-03T01:01:38.738585+08:00
180401,2024-12-20,8.11,hfq,东方财富push2his（AKShare包装或直接fallback）,2026-09-03T01:01:38.738585+08:00
180401,2024-12-23,8.119,hfq,东方财富push2his（AKShare包装或直接fallback）,2026-09-03T01:01:38.738585+08:00
180401,2024-12-24,8.141,hfq,东方财富push2his（AKShare包装或直接fallback）,2026-09-03T01:01:38.738585+08:00
180401,2024-12-25,8.162,hfq,东方财富push2his（AKShare包装或直接fallback）,2026-09-03T01:01:38.738585+08:00
180401,2024-12-26,8.177,hfq,东方财富push2his（AKShare包装或直接fallback）,2026-09-03T01:01:38.738585+08:00
180401,2024-12-27,8.192,hfq,东方财富push2his（AKShare包装或直接fallback）,2026-09-03T01:01:38.738585+08:00
180401,2024-12-30,8.187,hfq,东方财富push2his（AKShare包装或直接fallback）,2026-09-03T01:01:38.738585+08:00
180401,2024-12-31,8.208,hfq,东方财富push2his（AKShare包装或直接fallback）,2026-09-03T01:01:38.738585+08:00
180401,2025-01-02,8.187,hfq,东方财富push2his（AKShare包装或直接fallback）,2026-09-03T01:01:38.738585+08:00
180401,2025-01-03,8.2,hfq,东方财富push2his（AKShare包装或直接fallback）,2026-09-03T01:01:38.738585+08:00
180401,2025-01-06,8.162,hfq,东方财富push2his（AKShare包装或直接fallback）,2026-09-03T01:01:38.738585+08:00
180401,2025-01-07,8.068,hfq,东方财富push2his（AKShare包装或直接fallback）,2026-09-03T01:01:38.738585+08:00
180401,2025-01-08,8.107,hfq,东方财富push2his（AKShare包装或直接fallback）,2026-09-03T01:01:38.738585+08:00
180401,2025-01-09,8.152,hfq,东方财富push2his（AKShare包装或直接fallback）,2026-09-03T01:01:38.738585+08:00
180401,2025-01-10,8.158,hfq,东方财富push2his（AKShare包装或直接fallback）,2026-09-03T01:01:38.738585+08:00
180401,2025-01-13,8.146,hfq,东方财富push2his（AKShare包装或直接fallback）,2026-09-03T01:01:38.738585+08:00
180401,2025-01-14,8.079,hfq,东方财富push2his（AKShare包装或直接fallback）,2026-09-03T01:01:38.738585+08:00
180401,2025-01-15,8.082,hfq,东方财富push2his（AKShare包装或直接fallback）,2026-09-03T01:01:38.738585+08:00
180401,2025-01-16,8.022,hfq,东方财富push2his（AKShare包装或直接fallback）,2026-09-03T01:01:38.738585+08:00
180401,2025-01-17,8.002,hfq,东方财富push2his（AKShare包装或直接fallback）,2026-09-03T01:01:38.738585+08:00
180401,2025-01-20,8.0,hfq,东方财富push2his（AKShare包装或直接fallback）,2026-09-03T01:01:38.738585+08:00
180401,2025-01-21,8.057,hfq,东方财富push2his（AKShare包装或直接fallback）,2026-09-03T01:01:38.738585+08:00
180401,2025-01-22,8.095,hfq,东方财富push2his（AKShare包装或直接fallback）,2026-09-03T01:01:38.738585+08:00
180401,2025-01-23,8.09,hfq,东方财富push2his（AKShare包装或直接fallback）,2026-09-03T01:01:38.738585+08:00
180401,2025-01-24,8.102,hfq,东方财富push2his（AKShare包装或直接fallback）,2026-09-03T01:01:38.738585+08:00
180401,2025-01-27,8.127,hfq,东方财富push2his（AKShare包装或直接fallback）,2026-09-03T01:01:38.738585+08:00
180401,2025-02-05,8.142,hfq,东方财富push2his（AKShare包装或直接fallback）,2026-09-03T01:01:38.738585+08:00
180401,2025-02-06,8.161,hfq,东方财富push2his（AKShare包装或直接fallback）,2026-09-03T01:01:38.738585+08:00
180401,2025-02-07,8.122,hfq,东方财富push2his（AKShare包装或直接fallback）,2026-09-03T01:01:38.738585+08:00
180401,2025-02-10,8.077,hfq,东方财富push2his（AKShare包装或直接fallback）,2026-09-03T01:01:38.738585+08:00
180401,2025-02-11,8.105,hfq,东方财富push2his（AKShare包装或直接fallback）,2026-09-03T01:01:38.738585+08:00
180401,2025-02-12,8.077,hfq,东方财富push2his（AKShare包装或直接fallback）,2026-09-03T01:01:38.738585+08:00
180401,2025-02-13,8.106,hfq,东方财富push2his（AKShare包装或直接fallback）,2026-09-03T01:01:38.738585+08:00
180401,2025-02-14,8.125,hfq,东方财富push2his（AKShare包装或直接fallback）,2026-09-03T01:01:38.738585+08:00
180401,2025-02-17,8.122,hfq,东方财富push2his（AKShare包装或直接fallback）,2026-09-03T01:01:38.738585+08:00
180401,2025-02-18,8.142,hfq,东方财富push2his（AKShare包装或直接fallback）,2026-09-03T01:01:38.738585+08:00
180401,2025-02-19,8.156,hfq,东方财富push2his（AKShare包装或直接fallback）,2026-09-03T01:01:38.738585+08:00
180401,2025-02-20,8.178,hfq,东方财富push2his（AKShare包装或直接fallback）,2026-09-03T01:01:38.738585+08:00
180401,2025-02-21,8.206,hfq,东方财富push2his（AKShare包装或直接fallback）,2026-09-03T01:01:38.738585+08:00
180401,2025-02-24,8.223,hfq,东方财富push2his（AKShare包装或直接fallback）,2026-09-03T01:01:38.738585+08:00
180401,2025-02-25,8.214,hfq,东方财富push2his（AKShare包装或直接fallback）,2026-09-03T01:01:38.738585+08:00
180401,2025-02-26,8.249,hfq,东方财富push2his（AKShare包装或直接fallback）,2026-09-03T01:01:38.738585+08:00
180401,2025-02-27,8.226,hfq,东方财富push2his（AKShare包装或直接fallback）,2026-09-03T01:01:38.738585+08:00
180401,2025-02-28,8.215,hfq,东方财富push2his（AKShare包装或直接fallback）,2026-09-03T01:01:38.738585+08:00
180401,2025-03-03,8.208,hfq,东方财富push2his（AKShare包装或直接fallback）,2026-09-03T01:01:38.738585+08:00
180401,2025-03-04,8.231,hfq,东方财富push2his（AKShare包装或直接fallback）,2026-09-03T01:01:38.738585+08:00
180401,2025-03-05,8.236,hfq,东方财富push2his（AKShare包装或直接fallback）,2026-09-03T01:01:38.738585+08:00
180401,2025-03-06,8.258,hfq,东方财富push2his（AKShare包装或直接fallback）,2026-09-03T01:01:38.738585+08:00
180401,2025-03-07,8.242,hfq,东方财富push2his（AKShare包装或直接fallback）,2026-09-03T01:01:38.738585+08:00
180401,2025-03-10,8.254,hfq,东方财富push2his（AKShare包装或直接fallback）,2026-09-03T01:01:38.738585+08:00
180401,2025-03-11,8.234,hfq,东方财富push2his（AKShare包装或直接fallback）,2026-09-03T01:01:38.738585+08:00
180401,2025-03-12,8.213,hfq,东方财富push2his（AKShare包装或直接fallback）,2026-09-03T01:01:38.738585+08:00
180401,2025-03-13,8.222,hfq,东方财富push2his（AKShare包装或直接fallback）,2026-09-03T01:01:38.738585+08:00
180401,2025-03-14,8.257,hfq,东方财富push2his（AKShare包装或直接fallback）,2026-09-03T01:01:38.738585+08:00
180401,2025-03-17,8.257,hfq,东方财富push2his（AKShare包装或直接fallback）,2026-09-03T01:01:38.738585+08:00
180401,2025-03-18,8.312,hfq,东方财富push2his（AKShare包装或直接fallback）,2026-09-03T01:01:38.738585+08:00
180401,2025-03-19,8.342,hfq,东方财富push2his（AKShare包装或直接fallback）,2026-09-03T01:01:38.738585+08:00
180401,2025-03-20,8.362,hfq,东方财富push2his（AKShare包装或直接fallback）,2026-09-03T01:01:38.738585+08:00
180401,2025-03-21,8.367,hfq,东方财富push2his（AKShare包装或直接fallback）,2026-09-03T01:01:38.738585+08:00
180401,2025-03-24,8.441,hfq,东方财富push2his（AKShare包装或直接fallback）,2026-09-03T01:01:38.738585+08:00
180401,2025-03-25,8.495,hfq,东方财富push2his（AKShare包装或直接fallback）,2026-09-03T01:01:38.738585+08:00
180401,2025-03-26,8.531,hfq,东方财富push2his（AKShare包装或直接fallback）,2026-09-03T01:01:38.738585+08:00
180401,2025-03-27,8.632,hfq,东方财富push2his（AKShare包装或直接fallback）,2026-09-03T01:01:38.738585+08:00
180401,2025-03-28,8.575,hfq,东方财富push2his（AKShare包装或直接fallback）,2026-09-03T01:01:38.738585+08:00
180401,2025-03-31,8.462,hfq,东方财富push2his（AKShare包装或直接fallback）,2026-09-03T01:01:38.738585+08:00
180401,2025-04-01,8.427,hfq,东方财富push2his（AKShare包装或直接fallback）,2026-09-03T01:01:38.738585+08:00
180401,2025-04-02,8.542,hfq,东方财富push2his（AKShare包装或直接fallback）,2026-09-03T01:01:38.738585+08:00
180401,2025-04-03,8.578,hfq,东方财富push2his（AKShare包装或直接fallback）,2026-09-03T01:01:38.738585+08:00
180401,2025-04-07,8.519,hfq,东方财富push2his（AKShare包装或直接fallback）,2026-09-03T01:01:38.738585+08:00
180401,2025-04-08,8.499,hfq,东方财富push2his（AKShare包装或直接fallback）,2026-09-03T01:01:38.738585+08:00
180401,2025-04-09,8.519,hfq,东方财富push2his（AKShare包装或直接fallback）,2026-09-03T01:01:38.738585+08:00
180401,2025-04-10,8.525,hfq,东方财富push2his（AKShare包装或直接fallback）,2026-09-03T01:01:38.738585+08:00
180401,2025-04-11,8.502,hfq,东方财富push2his（AKShare包装或直接fallback）,2026-09-03T01:01:38.738585+08:00
180401,2025-04-14,8.52,hfq,东方财富push2his（AKShare包装或直接fallback）,2026-09-03T01:01:38.738585+08:00
180401,2025-04-15,8.544,hfq,东方财富push2his（AKShare包装或直接fallback）,2026-09-03T01:01:38.738585+08:00
180401,2025-04-16,8.54,hfq,东方财富push2his（AKShare包装或直接fallback）,2026-09-03T01:01:38.738585+08:00
180401,2025-04-17,8.535,hfq,东方财富push2his（AKShare包装或直接fallback）,2026-09-03T01:01:38.738585+08:00
180401,2025-04-18,8.511,hfq,东方财富push2his（AKShare包装或直接fallback）,2026-09-03T01:01:38.738585+08:00
180401,2025-04-21,8.442,hfq,东方财富push2his（AKShare包装或直接fallback）,2026-09-03T01:01:38.738585+08:00
180401,2025-04-22,8.396,hfq,东方财富push2his（AKShare包装或直接fallback）,2026-09-03T01:01:38.738585+08:00
180401,2025-04-23,8.344,hfq,东方财富push2his（AKShare包装或直接fallback）,2026-09-03T01:01:38.738585+08:00
180401,2025-04-24,8.302,hfq,东方财富push2his（AKShare包装或直接fallback）,2026-09-03T01:01:38.738585+08:00
180401,2025-04-25,8.232,hfq,东方财富push2his（AKShare包装或直接fallback）,2026-09-03T01:01:38.738585+08:00
180401,2025-04-28,8.141,hfq,东方财富push2his（AKShare包装或直接fallback）,2026-09-03T01:01:38.738585+08:00
180401,2025-04-29,8.073,hfq,东方财富push2his（AKShare包装或直接fallback）,2026-09-03T01:01:38.738585+08:00
180401,2025-04-30,8.081,hfq,东方财富push2his（AKShare包装或直接fallback）,2026-09-03T01:01:38.738585+08:00
180401,2025-05-06,8.167,hfq,东方财富push2his（AKShare包装或直接fallback）,2026-09-03T01:01:38.738585+08:00
180401,2025-05-07,8.15,hfq,东方财富push2his（AKShare包装或直接fallback）,2026-09-03T01:01:38.738585+08:00
180401,2025-05-08,8.15,hfq,东方财富push2his（AKShare包装或直接fallback）,2026-09-03T01:01:38.738585+08:00
180401,2025-05-09,8.127,hfq,东方财富push2his（AKShare包装或直接fallback）,2026-09-03T01:01:38.738585+08:00
180401,2025-05-12,8.185,hfq,东方财富push2his（AKShare包装或直接fallback）,2026-09-03T01:01:38.738585+08:00
180401,2025-05-13,8.199,hfq,东方财富push2his（AKShare包装或直接fallback）,2026-09-03T01:01:38.738585+08:00
180401,2025-05-14,8.211,hfq,东方财富push2his（AKShare包装或直接fallback）,2026-09-03T01:01:38.738585+08:00
180401,2025-05-15,8.213,hfq,东方财富push2his（AKShare包装或直接fallback）,2026-09-03T01:01:38.738585+08:00
180401,2025-05-16,8.221,hfq,东方财富push2his（AKShare包装或直接fallback）,2026-09-03T01:01:38.738585+08:00
180401,2025-05-19,8.242,hfq,东方财富push2his（AKShare包装或直接fallback）,2026-09-03T01:01:38.738585+08:00
180401,2025-05-20,8.235,hfq,东方财富push2his（AKShare包装或直接fallback）,2026-09-03T01:01:38.738585+08:00
180401,2025-05-21,8.239,hfq,东方财富push2his（AKShare包装或直接fallback）,2026-09-03T01:01:38.738585+08:00
180401,2025-05-22,8.221,hfq,东方财富push2his（AKShare包装或直接fallback）,2026-09-03T01:01:38.738585+08:00
180401,2025-05-23,8.201,hfq,东方财富push2his（AKShare包装或直接fallback）,2026-09-03T01:01:38.738585+08:00
180401,2025-05-26,8.167,hfq,东方财富push2his（AKShare包装或直接fallback）,2026-09-03T01:01:38.738585+08:00
180401,2025-05-27,8.162,hfq,东方财富push2his（AKShare包装或直接fallback）,2026-09-03T01:01:38.738585+08:00
180401,2025-05-28,8.153,hfq,东方财富push2his（AKShare包装或直接fallback）,2026-09-03T01:01:38.738585+08:00
180401,2025-05-29,8.122,hfq,东方财富push2his（AKShare包装或直接fallback）,2026-09-03T01:01:38.738585+08:00
180401,2025-05-30,8.11,hfq,东方财富push2his（AKShare包装或直接fallback）,2026-09-03T01:01:38.738585+08:00
180401,2025-06-03,8.11,hfq,东方财富push2his（AKShare包装或直接fallback）,2026-09-03T01:01:38.738585+08:00
180401,2025-06-04,8.135,hfq,东方财富push2his（AKShare包装或直接fallback）,2026-09-03T01:01:38.738585+08:00
180401,2025-06-05,8.259,hfq,东方财富push2his（AKShare包装或直接fallback）,2026-09-03T01:01:38.738585+08:00
180401,2025-06-06,8.235,hfq,东方财富push2his（AKShare包装或直接fallback）,2026-09-03T01:01:38.738585+08:00
180401,2025-06-09,8.213,hfq,东方财富push2his（AKShare包装或直接fallback）,2026-09-03T01:01:38.738585+08:00
180401,2025-06-10,8.213,hfq,东方财富push2his（AKShare包装或直接fallback）,2026-09-03T01:01:38.738585+08:00
180401,2025-06-11,8.214,hfq,东方财富push2his（AKShare包装或直接fallback）,2026-09-03T01:01:38.738585+08:00
180401,2025-06-12,8.199,hfq,东方财富push2his（AKShare包装或直接fallback）,2026-09-03T01:01:38.738585+08:00
180401,2025-06-13,8.206,hfq,东方财富push2his（AKShare包装或直接fallback）,2026-09-03T01:01:38.738585+08:00
180401,2025-06-16,8.223,hfq,东方财富push2his（AKShare包装或直接fallback）,2026-09-03T01:01:38.738585+08:00
180401,2025-06-17,8.264,hfq,东方财富push2his（AKShare包装或直接fallback）,2026-09-03T01:01:38.738585+08:00
180401,2025-06-18,8.307,hfq,东方财富push2his（AKShare包装或直接fallback）,2026-09-03T01:01:38.738585+08:00
180401,2025-06-19,8.317,hfq,东方财富push2his（AKShare包装或直接fallback）,2026-09-03T01:01:38.738585+08:00
180401,2025-06-20,8.318,hfq,东方财富push2his（AKShare包装或直接fallback）,2026-09-03T01:01:38.738585+08:00
180401,2025-06-23,8.311,hfq,东方财富push2his（AKShare包装或直接fallback）,2026-09-03T01:01:38.738585+08:00
180401,2025-06-24,8.309,hfq,东方财富push2his（AKShare包装或直接fallback）,2026-09-03T01:01:38.738585+08:00
180401,2025-06-25,8.315,hfq,东方财富push2his（AKShare包装或直接fallback）,2026-09-03T01:01:38.738585+08:00
180401,2025-06-26,8.31,hfq,东方财富push2his（AKShare包装或直接fallback）,2026-09-03T01:01:38.738585+08:00
180401,2025-06-27,8.31,hfq,东方财富push2his（AKShare包装或直接fallback）,2026-09-03T01:01:38.738585+08:00
180401,2025-06-30,8.313,hfq,东方财富push2his（AKShare包装或直接fallback）,2026-09-03T01:01:38.738585+08:00
180401,2025-07-01,8.312,hfq,东方财富push2his（AKShare包装或直接fallback）,2026-09-03T01:01:38.738585+08:00
180401,2025-07-02,8.309,hfq,东方财富push2his（AKShare包装或直接fallback）,2026-09-03T01:01:38.738585+08:00
180401,2025-07-03,8.298,hfq,东方财富push2his（AKShare包装或直接fallback）,2026-09-03T01:01:38.738585+08:00
180401,2025-07-04,8.296,hfq,东方财富push2his（AKShare包装或直接fallback）,2026-09-03T01:01:38.738585+08:00
180401,2025-07-07,8.347,hfq,东方财富push2his（AKShare包装或直接fallback）,2026-09-03T01:01:38.738585+08:00
180401,2025-07-08,8.316,hfq,东方财富push2his（AKShare包装或直接fallback）,2026-09-03T01:01:38.738585+08:00
180401,2025-07-09,8.3,hfq,东方财富push2his（AKShare包装或直接fallback）,2026-09-03T01:01:38.738585+08:00
180401,2025-07-10,8.305,hfq,东方财富push2his（AKShare包装或直接fallback）,2026-09-03T01:01:38.738585+08:00
180401,2025-07-11,8.302,hfq,东方财富push2his（AKShare包装或直接fallback）,2026-09-03T01:01:38.738585+08:00
180401,2025-07-14,8.293,hfq,东方财富push2his（AKShare包装或直接fallback）,2026-09-03T01:01:38.738585+08:00
180401,2025-07-15,8.298,hfq,东方财富push2his（AKShare包装或直接fallback）,2026-09-03T01:01:38.738585+08:00
180401,2025-07-16,8.342,hfq,东方财富push2his（AKShare包装或直接fallback）,2026-09-03T01:01:38.738585+08:00
180401,2025-07-17,8.322,hfq,东方财富push2his（AKShare包装或直接fallback）,2026-09-03T01:01:38.738585+08:00
180401,2025-07-18,8.306,hfq,东方财富push2his（AKShare包装或直接fallback）,2026-09-03T01:01:38.738585+08:00
180401,2025-07-21,8.213,hfq,东方财富push2his（AKShare包装或直接fallback）,2026-09-03T01:01:38.738585+08:00
180401,2025-07-22,8.243,hfq,东方财富push2his（AKShare包装或直接fallback）,2026-09-03T01:01:38.738585+08:00
180401,2025-07-23,8.204,hfq,东方财富push2his（AKShare包装或直接fallback）,2026-09-03T01:01:38.738585+08:00
180401,2025-07-24,8.22,hfq,东方财富push2his（AKShare包装或直接fallback）,2026-09-03T01:01:38.738585+08:00
180401,2025-07-25,8.247,hfq,东方财富push2his（AKShare包装或直接fallback）,2026-09-03T01:01:38.738585+08:00
180401,2025-07-28,8.244,hfq,东方财富push2his（AKShare包装或直接fallback）,2026-09-03T01:01:38.738585+08:00
180401,2025-07-29,8.249,hfq,东方财富push2his（AKShare包装或直接fallback）,2026-09-03T01:01:38.738585+08:00
180401,2025-07-30,8.365,hfq,东方财富push2his（AKShare包装或直接fallback）,2026-09-03T01:01:38.738585+08:00
180401,2025-07-31,8.352,hfq,东方财富push2his（AKShare包装或直接fallback）,2026-09-03T01:01:38.738585+08:00
180401,2025-08-01,8.366,hfq,东方财富push2his（AKShare包装或直接fallback）,2026-09-03T01:01:38.738585+08:00
180401,2025-08-04,8.366,hfq,东方财富push2his（AKShare包装或直接fallback）,2026-09-03T01:01:38.738585+08:00
180401,2025-08-05,8.337,hfq,东方财富push2his（AKShare包装或直接fallback）,2026-09-03T01:01:38.738585+08:00
180401,2025-08-06,8.34,hfq,东方财富push2his（AKShare包装或直接fallback）,2026-09-03T01:01:38.738585+08:00
180401,2025-08-07,8.348,hfq,东方财富push2his（AKShare包装或直接fallback）,2026-09-03T01:01:38.738585+08:00
180401,2025-08-08,8.339,hfq,东方财富push2his（AKShare包装或直接fallback）,2026-09-03T01:01:38.738585+08:00
180401,2025-08-11,8.337,hfq,东方财富push2his（AKShare包装或直接fallback）,2026-09-03T01:01:38.738585+08:00
180401,2025-08-12,8.344,hfq,东方财富push2his（AKShare包装或直接fallback）,2026-09-03T01:01:38.738585+08:00
180401,2025-08-13,8.344,hfq,东方财富push2his（AKShare包装或直接fallback）,2026-09-03T01:01:38.738585+08:00
180401,2025-08-14,8.344,hfq,东方财富push2his（AKShare包装或直接fallback）,2026-09-03T01:01:38.738585+08:00
180401,2025-08-15,8.326,hfq,东方财富push2his（AKShare包装或直接fallback）,2026-09-03T01:01:38.738585+08:00
180401,2025-08-18,8.274,hfq,东方财富push2his（AKShare包装或直接fallback）,2026-09-03T01:01:38.738585+08:00
180401,2025-08-19,8.279,hfq,东方财富push2his（AKShare包装或直接fallback）,2026-09-03T01:01:38.738585+08:00
180401,2025-08-20,8.31,hfq,东方财富push2his（AKShare包装或直接fallback）,2026-09-03T01:01:38.738585+08:00
180401,2025-08-21,8.308,hfq,东方财富push2his（AKShare包装或直接fallback）,2026-09-03T01:01:38.738585+08:00
180401,2025-08-22,8.31,hfq,东方财富push2his（AKShare包装或直接fallback）,2026-09-03T01:01:38.738585+08:00
180401,2025-08-25,8.31,hfq,东方财富push2his（AKShare包装或直接fallback）,2026-09-03T01:01:38.738585+08:00
180401,2025-08-26,8.292,hfq,东方财富push2his（AKShare包装或直接fallback）,2026-09-03T01:01:38.738585+08:00
180401,2025-08-27,8.295,hfq,东方财富push2his（AKShare包装或直接fallback）,2026-09-03T01:01:38.738585+08:00
180401,2025-08-28,8.318,hfq,东方财富push2his（AKShare包装或直接fallback）,2026-09-03T01:01:38.738585+08:00
180401,2025-08-29,8.315,hfq,东方财富push2his（AKShare包装或直接fallback）,2026-09-03T01:01:38.738585+08:00
180401,2025-09-01,8.32,hfq,东方财富push2his（AKShare包装或直接fallback）,2026-09-03T01:01:38.738585+08:00
180401,2025-09-02,8.327,hfq,东方财富push2his（AKShare包装或直接fallback）,2026-09-03T01:01:38.738585+08:00
180401,2025-09-03,8.331,hfq,东方财富push2his（AKShare包装或直接fallback）,2026-09-03T01:01:38.738585+08:00
180401,2025-09-04,8.329,hfq,东方财富push2his（AKShare包装或直接fallback）,2026-09-03T01:01:38.738585+08:00
180401,2025-09-05,8.32,hfq,东方财富push2his（AKShare包装或直接fallback）,2026-09-03T01:01:38.738585+08:00
180401,2025-09-08,8.297,hfq,东方财富push2his（AKShare包装或直接fallback）,2026-09-03T01:01:38.738585+08:00
180401,2025-09-09,8.298,hfq,东方财富push2his（AKShare包装或直接fallback）,2026-09-03T01:01:38.738585+08:00
180401,2025-09-10,8.285,hfq,东方财富push2his（AKShare包装或直接fallback）,2026-09-03T01:01:38.738585+08:00
180401,2025-09-11,8.297,hfq,东方财富push2his（AKShare包装或直接fallback）,2026-09-03T01:01:38.738585+08:00
180401,2025-09-12,8.302,hfq,东方财富push2his（AKShare包装或直接fallback）,2026-09-03T01:01:38.738585+08:00
180401,2025-09-15,8.304,hfq,东方财富push2his（AKShare包装或直接fallback）,2026-09-03T01:01:38.738585+08:00
180401,2025-09-16,8.311,hfq,东方财富push2his（AKShare包装或直接fallback）,2026-09-03T01:01:38.738585+08:00
180401,2025-09-17,8.315,hfq,东方财富push2his（AKShare包装或直接fallback）,2026-09-03T01:01:38.738585+08:00
180401,2025-09-18,8.316,hfq,东方财富push2his（AKShare包装或直接fallback）,2026-09-03T01:01:38.738585+08:00
180401,2025-09-19,8.309,hfq,东方财富push2his（AKShare包装或直接fallback）,2026-09-03T01:01:38.738585+08:00
180401,2025-09-22,8.315,hfq,东方财富push2his（AKShare包装或直接fallback）,2026-09-03T01:01:38.738585+08:00
180401,2025-09-23,8.31,hfq,东方财富push2his（AKShare包装或直接fallback）,2026-09-03T01:01:38.738585+08:00
180401,2025-09-24,8.299,hfq,东方财富push2his（AKShare包装或直接fallback）,2026-09-03T01:01:38.738585+08:00
180401,2025-09-25,8.288,hfq,东方财富push2his（AKShare包装或直接fallback）,2026-09-03T01:01:38.738585+08:00
180401,2025-09-26,8.284,hfq,东方财富push2his（AKShare包装或直接fallback）,2026-09-03T01:01:38.738585+08:00
180401,2025-09-29,8.268,hfq,东方财富push2his（AKShare包装或直接fallback）,2026-09-03T01:01:38.738585+08:00
180401,2025-09-30,8.266,hfq,东方财富push2his（AKShare包装或直接fallback）,2026-09-03T01:01:38.738585+08:00
180401,2025-10-09,8.231,hfq,东方财富push2his（AKShare包装或直接fallback）,2026-09-03T01:01:38.738585+08:00
180401,2025-10-10,8.225,hfq,东方财富push2his（AKShare包装或直接fallback）,2026-09-03T01:01:38.738585+08:00
180401,2025-10-13,8.23,hfq,东方财富push2his（AKShare包装或直接fallback）,2026-09-03T01:01:38.738585+08:00
180401,2025-10-14,8.223,hfq,东方财富push2his（AKShare包装或直接fallback）,2026-09-03T01:01:38.738585+08:00
180401,2025-10-15,8.2,hfq,东方财富push2his（AKShare包装或直接fallback）,2026-09-03T01:01:38.738585+08:00
180401,2025-10-16,8.178,hfq,东方财富push2his（AKShare包装或直接fallback）,2026-09-03T01:01:38.738585+08:00
180401,2025-10-17,8.173,hfq,东方财富push2his（AKShare包装或直接fallback）,2026-09-03T01:01:38.738585+08:00
180401,2025-10-20,8.147,hfq,东方财富push2his（AKShare包装或直接fallback）,2026-09-03T01:01:38.738585+08:00
180401,2025-10-21,8.086,hfq,东方财富push2his（AKShare包装或直接fallback）,2026-09-03T01:01:38.738585+08:00
180401,2025-10-22,8.076,hfq,东方财富push2his（AKShare包装或直接fallback）,2026-09-03T01:01:38.738585+08:00
180401,2025-10-23,8.175,hfq,东方财富push2his（AKShare包装或直接fallback）,2026-09-03T01:01:38.738585+08:00
180401,2025-10-24,8.21,hfq,东方财富push2his（AKShare包装或直接fallback）,2026-09-03T01:01:38.738585+08:00
180401,2025-10-27,8.175,hfq,东方财富push2his（AKShare包装或直接fallback）,2026-09-03T01:01:38.738585+08:00
180401,2025-10-28,8.176,hfq,东方财富push2his（AKShare包装或直接fallback）,2026-09-03T01:01:38.738585+08:00
180401,2025-10-29,8.189,hfq,东方财富push2his（AKShare包装或直接fallback）,2026-09-03T01:01:38.738585+08:00
180401,2025-10-30,8.175,hfq,东方财富push2his（AKShare包装或直接fallback）,2026-09-03T01:01:38.738585+08:00
180401,2025-10-31,8.177,hfq,东方财富push2his（AKShare包装或直接fallback）,2026-09-03T01:01:38.738585+08:00
180401,2025-11-03,8.171,hfq,东方财富push2his（AKShare包装或直接fallback）,2026-09-03T01:01:38.738585+08:00
180401,2025-11-04,8.153,hfq,东方财富push2his（AKShare包装或直接fallback）,2026-09-03T01:01:38.738585+08:00
180401,2025-11-05,8.153,hfq,东方财富push2his（AKShare包装或直接fallback）,2026-09-03T01:01:38.738585+08:00
180401,2025-11-06,8.135,hfq,东方财富push2his（AKShare包装或直接fallback）,2026-09-03T01:01:38.738585+08:00
180401,2025-11-07,8.131,hfq,东方财富push2his（AKShare包装或直接fallback）,2026-09-03T01:01:38.738585+08:00
180401,2025-11-10,8.134,hfq,东方财富push2his（AKShare包装或直接fallback）,2026-09-03T01:01:38.738585+08:00
180401,2025-11-11,8.135,hfq,东方财富push2his（AKShare包装或直接fallback）,2026-09-03T01:01:38.738585+08:00
180401,2025-11-12,8.145,hfq,东方财富push2his（AKShare包装或直接fallback）,2026-09-03T01:01:38.738585+08:00
180401,2025-11-13,8.115,hfq,东方财富push2his（AKShare包装或直接fallback）,2026-09-03T01:01:38.738585+08:00
180401,2025-11-14,8.067,hfq,东方财富push2his（AKShare包装或直接fallback）,2026-09-03T01:01:38.738585+08:00
180401,2025-11-17,8.045,hfq,东方财富push2his（AKShare包装或直接fallback）,2026-09-03T01:01:38.738585+08:00
180401,2025-11-18,7.969,hfq,东方财富push2his（AKShare包装或直接fallback）,2026-09-03T01:01:38.738585+08:00
180401,2025-11-19,7.909,hfq,东方财富push2his（AKShare包装或直接fallback）,2026-09-03T01:01:38.738585+08:00
180401,2025-11-20,7.874,hfq,东方财富push2his（AKShare包装或直接fallback）,2026-09-03T01:01:38.738585+08:00
180401,2025-11-21,7.971,hfq,东方财富push2his（AKShare包装或直接fallback）,2026-09-03T01:01:38.738585+08:00
180401,2025-11-24,7.965,hfq,东方财富push2his（AKShare包装或直接fallback）,2026-09-03T01:01:38.738585+08:00
180401,2025-11-25,7.945,hfq,东方财富push2his（AKShare包装或直接fallback）,2026-09-03T01:01:38.738585+08:00
180401,2025-11-26,7.955,hfq,东方财富push2his（AKShare包装或直接fallback）,2026-09-03T01:01:38.738585+08:00
180401,2025-11-27,7.975,hfq,东方财富push2his（AKShare包装或直接fallback）,2026-09-03T01:01:38.738585+08:00
180401,2025-11-28,7.938,hfq,东方财富push2his（AKShare包装或直接fallback）,2026-09-03T01:01:38.738585+08:00
180401,2025-12-01,7.909,hfq,东方财富push2his（AKShare包装或直接fallback）,2026-09-03T01:01:38.738585+08:00
180401,2025-12-02,7.919,hfq,东方财富push2his（AKShare包装或直接fallback）,2026-09-03T01:01:38.738585+08:00
180401,2025-12-03,7.911,hfq,东方财富push2his（AKShare包装或直接fallback）,2026-09-03T01:01:38.738585+08:00
180401,2025-12-04,7.902,hfq,东方财富push2his（AKShare包装或直接fallback）,2026-09-03T01:01:38.738585+08:00
180401,2025-12-05,7.995,hfq,东方财富push2his（AKShare包装或直接fallback）,2026-09-03T01:01:38.738585+08:00
180401,2025-12-08,8.02,hfq,东方财富push2his（AKShare包装或直接fallback）,2026-09-03T01:01:38.738585+08:00
180401,2025-12-09,7.959,hfq,东方财富push2his（AKShare包装或直接fallback）,2026-09-03T01:01:38.738585+08:00
180401,2025-12-10,7.952,hfq,东方财富push2his（AKShare包装或直接fallback）,2026-09-03T01:01:38.738585+08:00
180401,2025-12-11,7.96,hfq,东方财富push2his（AKShare包装或直接fallback）,2026-09-03T01:01:38.738585+08:00
180401,2025-12-12,7.978,hfq,东方财富push2his（AKShare包装或直接fallback）,2026-09-03T01:01:38.738585+08:00
180401,2025-12-15,7.955,hfq,东方财富push2his（AKShare包装或直接fallback）,2026-09-03T01:01:38.738585+08:00
180401,2025-12-16,7.941,hfq,东方财富push2his（AKShare包装或直接fallback）,2026-09-03T01:01:38.738585+08:00
180401,2025-12-17,7.917,hfq,东方财富push2his（AKShare包装或直接fallback）,2026-09-03T01:01:38.738585+08:00
180401,2025-12-18,7.857,hfq,东方财富push2his（AKShare包装或直接fallback）,2026-09-03T01:01:38.738585+08:00
180401,2025-12-19,7.764,hfq,东方财富push2his（AKShare包装或直接fallback）,2026-09-03T01:01:38.738585+08:00
180401,2025-12-22,7.704,hfq,东方财富push2his（AKShare包装或直接fallback）,2026-09-03T01:01:38.738585+08:00
180401,2025-12-23,7.674,hfq,东方财富push2his（AKShare包装或直接fallback）,2026-09-03T01:01:38.738585+08:00
180401,2025-12-24,7.727,hfq,东方财富push2his（AKShare包装或直接fallback）,2026-09-03T01:01:38.738585+08:00
180401,2025-12-25,7.733,hfq,东方财富push2his（AKShare包装或直接fallback）,2026-09-03T01:01:38.738585+08:00
180401,2025-12-26,7.728,hfq,东方财富push2his（AKShare包装或直接fallback）,2026-09-03T01:01:38.738585+08:00
180401,2025-12-29,7.733,hfq,东方财富push2his（AKShare包装或直接fallback）,2026-09-03T01:01:38.738585+08:00
180401,2025-12-30,7.694,hfq,东方财富push2his（AKShare包装或直接fallback）,2026-09-03T01:01:38.738585+08:00
180401,2025-12-31,7.667,hfq,东方财富push2his（AKShare包装或直接fallback）,2026-09-03T01:01:38.738585+08:00
180401,2026-01-05,7.672,hfq,东方财富push2his（AKShare包装或直接fallback）,2026-09-03T01:01:38.738585+08:00
180401,2026-01-06,7.691,hfq,东方财富push2his（AKShare包装或直接fallback）,2026-09-03T01:01:38.738585+08:00
180401,2026-01-07,7.705,hfq,东方财富push2his（AKShare包装或直接fallback）,2026-09-03T01:01:38.738585+08:00
180401,2026-01-08,7.703,hfq,东方财富push2his（AKShare包装或直接fallback）,2026-09-03T01:01:38.738585+08:00
180401,2026-01-09,7.71,hfq,东方财富push2his（AKShare包装或直接fallback）,2026-09-03T01:01:38.738585+08:00
180401,2026-01-12,7.71,hfq,东方财富push2his（AKShare包装或直接fallback）,2026-09-03T01:01:38.738585+08:00
180401,2026-01-13,7.675,hfq,东方财富push2his（AKShare包装或直接fallback）,2026-09-03T01:01:38.738585+08:00
180401,2026-01-14,7.693,hfq,东方财富push2his（AKShare包装或直接fallback）,2026-09-03T01:01:38.738585+08:00
180401,2026-01-15,7.646,hfq,东方财富push2his（AKShare包装或直接fallback）,2026-09-03T01:01:38.738585+08:00
180401,2026-01-16,7.69,hfq,东方财富push2his（AKShare包装或直接fallback）,2026-09-03T01:01:38.738585+08:00
180401,2026-01-19,7.722,hfq,东方财富push2his（AKShare包装或直接fallback）,2026-09-03T01:01:38.738585+08:00
180401,2026-01-20,7.72,hfq,东方财富push2his（AKShare包装或直接fallback）,2026-09-03T01:01:38.738585+08:00
180401,2026-01-21,7.693,hfq,东方财富push2his（AKShare包装或直接fallback）,2026-09-03T01:01:38.738585+08:00
180401,2026-01-22,7.743,hfq,东方财富push2his（AKShare包装或直接fallback）,2026-09-03T01:01:38.738585+08:00
180401,2026-01-23,7.749,hfq,东方财富push2his（AKShare包装或直接fallback）,2026-09-03T01:01:38.738585+08:00
180401,2026-01-26,7.714,hfq,东方财富push2his（AKShare包装或直接fallback）,2026-09-03T01:01:38.738585+08:00
180401,2026-01-27,7.734,hfq,东方财富push2his（AKShare包装或直接fallback）,2026-09-03T01:01:38.738585+08:00
180401,2026-01-28,7.776,hfq,东方财富push2his（AKShare包装或直接fallback）,2026-09-03T01:01:38.738585+08:00
180401,2026-01-29,7.841,hfq,东方财富push2his（AKShare包装或直接fallback）,2026-09-03T01:01:38.738585+08:00
180401,2026-01-30,7.837,hfq,东方财富push2his（AKShare包装或直接fallback）,2026-09-03T01:01:38.738585+08:00
180401,2026-02-02,7.819,hfq,东方财富push2his（AKShare包装或直接fallback）,2026-09-03T01:01:38.738585+08:00
180401,2026-02-03,7.817,hfq,东方财富push2his（AKShare包装或直接fallback）,2026-09-03T01:01:38.738585+08:00
180401,2026-02-04,7.834,hfq,东方财富push2his（AKShare包装或直接fallback）,2026-09-03T01:01:38.738585+08:00
180401,2026-02-05,7.89,hfq,东方财富push2his（AKShare包装或直接fallback）,2026-09-03T01:01:38.738585+08:00
180401,2026-02-06,7.919,hfq,东方财富push2his（AKShare包装或直接fallback）,2026-09-03T01:01:38.738585+08:00
180401,2026-02-09,7.916,hfq,东方财富push2his（AKShare包装或直接fallback）,2026-09-03T01:01:38.738585+08:00
180401,2026-02-10,7.955,hfq,东方财富push2his（AKShare包装或直接fallback）,2026-09-03T01:01:38.738585+08:00
180401,2026-02-11,7.974,hfq,东方财富push2his（AKShare包装或直接fallback）,2026-09-03T01:01:38.738585+08:00
180401,2026-02-12,7.994,hfq,东方财富push2his（AKShare包装或直接fallback）,2026-09-03T01:01:38.738585+08:00
180401,2026-02-13,7.989,hfq,东方财富push2his（AKShare包装或直接fallback）,2026-09-03T01:01:38.738585+08:00
180401,2026-02-24,7.906,hfq,东方财富push2his（AKShare包装或直接fallback）,2026-09-03T01:01:38.738585+08:00
180401,2026-02-25,7.874,hfq,东方财富push2his（AKShare包装或直接fallback）,2026-09-03T01:01:38.738585+08:00
180401,2026-02-26,7.838,hfq,东方财富push2his（AKShare包装或直接fallback）,2026-09-03T01:01:38.738585+08:00
180401,2026-02-27,7.838,hfq,东方财富push2his（AKShare包装或直接fallback）,2026-09-03T01:01:38.738585+08:00
180401,2026-03-02,7.794,hfq,东方财富push2his（AKShare包装或直接fallback）,2026-09-03T01:01:38.738585+08:00
180401,2026-03-03,7.807,hfq,东方财富push2his（AKShare包装或直接fallback）,2026-09-03T01:01:38.738585+08:00
180401,2026-03-04,7.794,hfq,东方财富push2his（AKShare包装或直接fallback）,2026-09-03T01:01:38.738585+08:00
180401,2026-03-05,7.774,hfq,东方财富push2his（AKShare包装或直接fallback）,2026-09-03T01:01:38.738585+08:00
180401,2026-03-06,7.792,hfq,东方财富push2his（AKShare包装或直接fallback）,2026-09-03T01:01:38.738585+08:00
180401,2026-03-09,7.742,hfq,东方财富push2his（AKShare包装或直接fallback）,2026-09-03T01:01:38.738585+08:00
180401,2026-03-10,7.753,hfq,东方财富push2his（AKShare包装或直接fallback）,2026-09-03T01:01:38.738585+08:00
180401,2026-03-11,7.787,hfq,东方财富push2his（AKShare包装或直接fallback）,2026-09-03T01:01:38.738585+08:00
180401,2026-03-12,7.76,hfq,东方财富push2his（AKShare包装或直接fallback）,2026-09-03T01:01:38.738585+08:00
180401,2026-03-13,7.785,hfq,东方财富push2his（AKShare包装或直接fallback）,2026-09-03T01:01:38.738585+08:00
180401,2026-03-16,7.808,hfq,东方财富push2his（AKShare包装或直接fallback）,2026-09-03T01:01:38.738585+08:00
180401,2026-03-17,7.804,hfq,东方财富push2his（AKShare包装或直接fallback）,2026-09-03T01:01:38.738585+08:00
180401,2026-03-18,7.801,hfq,东方财富push2his（AKShare包装或直接fallback）,2026-09-03T01:01:38.738585+08:00
180401,2026-03-19,7.803,hfq,东方财富push2his（AKShare包装或直接fallback）,2026-09-03T01:01:38.738585+08:00
180401,2026-03-20,7.794,hfq,东方财富push2his（AKShare包装或直接fallback）,2026-09-03T01:01:38.738585+08:00
180401,2026-03-23,7.745,hfq,东方财富push2his（AKShare包装或直接fallback）,2026-09-03T01:01:38.738585+08:00
180401,2026-03-24,7.742,hfq,东方财富push2his（AKShare包装或直接fallback）,2026-09-03T01:01:38.738585+08:00
180401,2026-03-25,7.76,hfq,东方财富push2his（AKShare包装或直接fallback）,2026-09-03T01:01:38.738585+08:00
180401,2026-03-26,7.733,hfq,东方财富push2his（AKShare包装或直接fallback）,2026-09-03T01:01:38.738585+08:00
180401,2026-03-27,7.734,hfq,东方财富push2his（AKShare包装或直接fallback）,2026-09-03T01:01:38.738585+08:00
180401,2026-03-30,7.731,hfq,东方财富push2his（AKShare包装或直接fallback）,2026-09-03T01:01:38.738585+08:00
180401,2026-03-31,7.727,hfq,东方财富push2his（AKShare包装或直接fallback）,2026-09-03T01:01:38.738585+08:00
180401,2026-04-01,7.709,hfq,东方财富push2his（AKShare包装或直接fallback）,2026-09-03T01:01:38.738585+08:00
180401,2026-04-02,7.682,hfq,东方财富push2his（AKShare包装或直接fallback）,2026-09-03T01:01:38.738585+08:00
180401,2026-04-03,7.68,hfq,东方财富push2his（AKShare包装或直接fallback）,2026-09-03T01:01:38.738585+08:00
180401,2026-04-07,7.683,hfq,东方财富push2his（AKShare包装或直接fallback）,2026-09-03T01:01:38.738585+08:00
180401,2026-04-08,7.678,hfq,东方财富push2his（AKShare包装或直接fallback）,2026-09-03T01:01:38.738585+08:00
180401,2026-04-09,7.654,hfq,东方财富push2his（AKShare包装或直接fallback）,2026-09-03T01:01:38.738585+08:00
180401,2026-04-10,7.686,hfq,东方财富push2his（AKShare包装或直接fallback）,2026-09-03T01:01:38.738585+08:00
180401,2026-04-13,7.671,hfq,东方财富push2his（AKShare包装或直接fallback）,2026-09-03T01:01:38.738585+08:00
180401,2026-04-14,7.671,hfq,东方财富push2his（AKShare包装或直接fallback）,2026-09-03T01:01:38.738585+08:00
180401,2026-04-15,7.665,hfq,东方财富push2his（AKShare包装或直接fallback）,2026-09-03T01:01:38.738585+08:00
180401,2026-04-16,7.784,hfq,东方财富push2his（AKShare包装或直接fallback）,2026-09-03T01:01:38.738585+08:00
180401,2026-04-17,7.763,hfq,东方财富push2his（AKShare包装或直接fallback）,2026-09-03T01:01:38.738585+08:00
180401,2026-04-20,7.86,hfq,东方财富push2his（AKShare包装或直接fallback）,2026-09-03T01:01:38.738585+08:00
180401,2026-04-21,7.891,hfq,东方财富push2his（AKShare包装或直接fallback）,2026-09-03T01:01:38.738585+08:00
180401,2026-04-22,7.829,hfq,东方财富push2his（AKShare包装或直接fallback）,2026-09-03T01:01:38.738585+08:00
180401,2026-04-23,7.788,hfq,东方财富push2his（AKShare包装或直接fallback）,2026-09-03T01:01:38.738585+08:00
180401,2026-04-24,7.795,hfq,东方财富push2his（AKShare包装或直接fallback）,2026-09-03T01:01:38.738585+08:00
180401,2026-04-27,7.794,hfq,东方财富push2his（AKShare包装或直接fallback）,2026-09-03T01:01:38.738585+08:00
180401,2026-04-28,7.839,hfq,东方财富push2his（AKShare包装或直接fallback）,2026-09-03T01:01:38.738585+08:00
180401,2026-04-29,7.842,hfq,东方财富push2his（AKShare包装或直接fallback）,2026-09-03T01:01:38.738585+08:00
180401,2026-04-30,7.884,hfq,东方财富push2his（AKShare包装或直接fallback）,2026-09-03T01:01:38.738585+08:00
180401,2026-05-06,7.883,hfq,东方财富push2his（AKShare包装或直接fallback）,2026-09-03T01:01:38.738585+08:00
180401,2026-05-07,7.941,hfq,东方财富push2his（AKShare包装或直接fallback）,2026-09-03T01:01:38.738585+08:00
180401,2026-05-08,7.943,hfq,东方财富push2his（AKShare包装或直接fallback）,2026-09-03T01:01:38.738585+08:00
180401,2026-05-11,7.948,hfq,东方财富push2his（AKShare包装或直接fallback）,2026-09-03T01:01:38.738585+08:00
180401,2026-05-12,7.942,hfq,东方财富push2his（AKShare包装或直接fallback）,2026-09-03T01:01:38.738585+08:00
180401,2026-05-13,7.95,hfq,东方财富push2his（AKShare包装或直接fallback）,2026-09-03T01:01:38.738585+08:00
180401,2026-05-14,7.9,hfq,东方财富push2his（AKShare包装或直接fallback）,2026-09-03T01:01:38.738585+08:00
180401,2026-05-15,7.89,hfq,东方财富push2his（AKShare包装或直接fallback）,2026-09-03T01:01:38.738585+08:00
180401,2026-05-18,7.911,hfq,东方财富push2his（AKShare包装或直接fallback）,2026-09-03T01:01:38.738585+08:00
180401,2026-05-19,8.008,hfq,东方财富push2his（AKShare包装或直接fallback）,2026-09-03T01:01:38.738585+08:00
180401,2026-05-20,8.007,hfq,东方财富push2his（AKShare包装或直接fallback）,2026-09-03T01:01:38.738585+08:00
180401,2026-05-21,7.995,hfq,东方财富push2his（AKShare包装或直接fallback）,2026-09-03T01:01:38.738585+08:00
180401,2026-05-22,8.024,hfq,东方财富push2his（AKShare包装或直接fallback）,2026-09-03T01:01:38.738585+08:00
180401,2026-05-25,8.082,hfq,东方财富push2his（AKShare包装或直接fallback）,2026-09-03T01:01:38.738585+08:00
180401,2026-05-26,8.083,hfq,东方财富push2his（AKShare包装或直接fallback）,2026-09-03T01:01:38.738585+08:00
180401,2026-05-27,8.164,hfq,东方财富push2his（AKShare包装或直接fallback）,2026-09-03T01:01:38.738585+08:00
180401,2026-05-28,8.026,hfq,东方财富push2his（AKShare包装或直接fallback）,2026-09-03T01:01:38.738585+08:00
180401,2026-05-29,8.14,hfq,东方财富push2his（AKShare包装或直接fallback）,2026-09-03T01:01:38.738585+08:00
180401,2026-06-01,8.192,hfq,东方财富push2his（AKShare包装或直接fallback）,2026-09-03T01:01:38.738585+08:00
180401,2026-06-02,8.251,hfq,东方财富push2his（AKShare包装或直接fallback）,2026-09-03T01:01:38.738585+08:00
180401,2026-06-03,8.183,hfq,东方财富push2his（AKShare包装或直接fallback）,2026-09-03T01:01:38.738585+08:00
180401,2026-06-04,8.174,hfq,东方财富push2his（AKShare包装或直接fallback）,2026-09-03T01:01:38.738585+08:00
180401,2026-06-05,8.173,hfq,东方财富push2his（AKShare包装或直接fallback）,2026-09-03T01:01:38.738585+08:00
180401,2026-06-08,8.168,hfq,东方财富push2his（AKShare包装或直接fallback）,2026-09-03T01:01:38.738585+08:00
180401,2026-06-09,8.068,hfq,东方财富push2his（AKShare包装或直接fallback）,2026-09-03T01:01:38.738585+08:00
180401,2026-06-10,8.061,hfq,东方财富push2his（AKShare包装或直接fallback）,2026-09-03T01:01:38.738585+08:00
180401,2026-06-11,7.969,hfq,东方财富push2his（AKShare包装或直接fallback）,2026-09-03T01:01:38.738585+08:00
180401,2026-06-12,8.046,hfq,东方财富push2his（AKShare包装或直接fallback）,2026-09-03T01:01:38.738585+08:00
180401,2026-06-15,8.058,hfq,东方财富push2his（AKShare包装或直接fallback）,2026-09-03T01:01:38.738585+08:00
180401,2026-06-16,8.069,hfq,东方财富push2his（AKShare包装或直接fallback）,2026-09-03T01:01:38.738585+08:00
180401,2026-06-17,8.044,hfq,东方财富push2his（AKShare包装或直接fallback）,2026-09-03T01:01:38.738585+08:00
180401,2026-06-18,7.979,hfq,东方财富push2his（AKShare包装或直接fallback）,2026-09-03T01:01:38.738585+08:00
180401,2026-06-22,7.868,hfq,东方财富push2his（AKShare包装或直接fallback）,2026-09-03T01:01:38.738585+08:00
180401,2026-06-23,7.908,hfq,东方财富push2his（AKShare包装或直接fallback）,2026-09-03T01:01:38.738585+08:00
180401,2026-06-24,7.958,hfq,东方财富push2his（AKShare包装或直接fallback）,2026-09-03T01:01:38.738585+08:00
180401,2026-06-25,8.078,hfq,东方财富push2his（AKShare包装或直接fallback）,2026-09-03T01:01:38.738585+08:00
180401,2026-06-26,8.062,hfq,东方财富push2his（AKShare包装或直接fallback）,2026-09-03T01:01:38.738585+08:00
180401,2026-06-29,8.128,hfq,东方财富push2his（AKShare包装或直接fallback）,2026-09-03T01:01:38.738585+08:00
180401,2026-06-30,8.125,hfq,东方财富push2his（AKShare包装或直接fallback）,2026-09-03T01:01:38.738585+08:00
180401,2026-07-01,8.11,hfq,东方财富push2his（AKShare包装或直接fallback）,2026-09-03T01:01:38.738585+08:00
180401,2026-07-02,8.061,hfq,东方财富push2his（AKShare包装或直接fallback）,2026-09-03T01:01:38.738585+08:00
180401,2026-07-03,8.129,hfq,东方财富push2his（AKShare包装或直接fallback）,2026-09-03T01:01:38.738585+08:00
180401,2026-07-06,8.114,hfq,东方财富push2his（AKShare包装或直接fallback）,2026-09-03T01:01:38.738585+08:00
180401,2026-07-07,8.114,hfq,东方财富push2his（AKShare包装或直接fallback）,2026-09-03T01:01:38.738585+08:00
180401,2026-07-08,8.079,hfq,东方财富push2his（AKShare包装或直接fallback）,2026-09-03T01:01:38.738585+08:00
180401,2026-07-09,8.087,hfq,东方财富push2his（AKShare包装或直接fallback）,2026-09-03T01:01:38.738585+08:00
180401,2026-07-10,8.128,hfq,东方财富push2his（AKShare包装或直接fallback）,2026-09-03T01:01:38.738585+08:00
180401,2026-07-13,8.186,hfq,东方财富push2his（AKShare包装或直接fallback）,2026-09-03T01:01:38.738585+08:00
180401,2026-07-14,8.181,hfq,东方财富push2his（AKShare包装或直接fallback）,2026-09-03T01:01:38.738585+08:00
180401,2026-07-15,8.007,hfq,东方财富push2his（AKShare包装或直接fallback）,2026-09-03T01:01:38.738585+08:00
180401,2026-07-16,8.097,hfq,东方财富push2his（AKShare包装或直接fallback）,2026-09-03T01:01:38.738585+08:00
180401,2026-07-17,8.128,hfq,东方财富push2his（AKShare包装或直接fallback）,2026-09-03T01:01:38.738585+08:00
180401,2026-07-20,8.078,hfq,东方财富push2his（AKShare包装或直接fallback）,2026-09-03T01:01:38.738585+08:00
180401,2026-07-21,8.077,hfq,东方财富push2his（AKShare包装或直接fallback）,2026-09-03T01:01:38.738585+08:00
180401,2026-07-22,8.057,hfq,东方财富push2his（AKShare包装或直接fallback）,2026-09-03T01:01:38.738585+08:00
180401,2026-07-23,8.043,hfq,东方财富push2his（AKShare包装或直接fallback）,2026-09-03T01:01:38.738585+08:00
180401,2026-07-24,8.048,hfq,东方财富push2his（AKShare包装或直接fallback）,2026-09-03T01:01:38.738585+08:00
180401,2026-07-27,8.064,hfq,东方财富push2his（AKShare包装或直接fallback）,2026-09-03T01:01:38.738585+08:00
180401,2026-07-28,8.038,hfq,东方财富push2his（AKShare包装或直接fallback）,2026-09-03T01:01:38.738585+08:00
180401,2026-07-29,8.051,hfq,东方财富push2his（AKShare包装或直接fallback）,2026-09-03T01:01:38.738585+08:00
180401,2026-07-30,8.067,hfq,东方财富push2his（AKShare包装或直接fallback）,2026-09-03T01:01:38.738585+08:00
180401,2026-07-31,8.083,hfq,东方财富push2his（AKShare包装或直接fallback）,2026-09-03T01:01:38.738585+08:00
180401,2026-08-03,8.072,hfq,东方财富push2his（AKShare包装或直接fallback）,2026-09-03T01:01:38.738585+08:00
180401,2026-08-04,8.04,hfq,东方财富push2his（AKShare包装或直接fallback）,2026-09-03T01:01:38.738585+08:00
180401,2026-08-05,7.993,hfq,东方财富push2his（AKShare包装或直接fallback）,2026-09-03T01:01:38.738585+08:00
180401,2026-08-06,8.026,hfq,东方财富push2his（AKShare包装或直接fallback）,2026-09-03T01:01:38.738585+08:00
180401,2026-08-07,8.024,hfq,东方财富push2his（AKShare包装或直接fallback）,2026-09-03T01:01:38.738585+08:00
180401,2026-08-10,8.007,hfq,东方财富push2his（AKShare包装或直接fallback）,2026-09-03T01:01:38.738585+08:00
180401,2026-08-11,7.958,hfq,东方财富push2his（AKShare包装或直接fallback）,2026-09-03T01:01:38.738585+08:00
180401,2026-08-12,7.979,hfq,东方财富push2his（AKShare包装或直接fallback）,2026-09-03T01:01:38.738585+08:00
180401,2026-08-13,7.985,hfq,东方财富push2his（AKShare包装或直接fallback）,2026-09-03T01:01:38.738585+08:00
180401,2026-08-14,8.018,hfq,东方财富push2his（AKShare包装或直接fallback）,2026-09-03T01:01:38.738585+08:00
180401,2026-08-17,8.022,hfq,东方财富push2his（AKShare包装或直接fallback）,2026-09-03T01:01:38.738585+08:00
180401,2026-08-18,8.074,hfq,东方财富push2his（AKShare包装或直接fallback）,2026-09-03T01:01:38.738585+08:00
180401,2026-08-19,8.074,hfq,东方财富push2his（AKShare包装或直接fallback）,2026-09-03T01:01:38.738585+08:00
180401,2026-08-20,8.099,hfq,东方财富push2his（AKShare包装或直接fallback）,2026-09-03T01:01:38.738585+08:00
180401,2026-08-21,8.092,hfq,东方财富push2his（AKShare包装或直接fallback）,2026-09-03T01:01:38.738585+08:00
180401,2026-08-24,8.064,hfq,东方财富push2his（AKShare包装或直接fallback）,2026-09-03T01:01:38.738585+08:00
180401,2026-08-25,8.082,hfq,东方财富push2his（AKShare包装或直接fallback）,2026-09-03T01:01:38.738585+08:00
180401,2026-08-26,8.103,hfq,东方财富push2his（AKShare包装或直接fallback）,2026-09-03T01:01:38.738585+08:00
180401,2026-08-27,8.114,hfq,东方财富push2his（AKShare包装或直接fallback）,2026-09-03T01:01:38.738585+08:00
180401,2026-08-28,8.051,hfq,东方财富push2his（AKShare包装或直接fallback）,2026-09-03T01:01:38.738585+08:00
180401,2026-08-31,8.034,hfq,东方财富push2his（AKShare包装或直接fallback）,2026-09-03T01:01:38.738585+08:00
180401,2026-09-01,8.02,hfq,东方财富push2his（AKShare包装或直接fallback）,2026-09-03T01:01:38.738585+08:00
180401,2026-09-02,7.969,hfq,东方财富push2his（AKShare包装或直接fallback）,2026-09-03T01:01:38.738585+08:00
