symbol,date,open,high,low,close,volume,adjustment,source,retrieved_at
180201,2021-06-21,13.79,13.79,13.029,13.108,18102629,none,AKShare/新浪基金历史,2026-09-04T01:02:29.548814+08:00
180201,2021-06-22,13.106,13.106,12.576,13.05,3610793,none,AKShare/新浪基金历史,2026-09-04T01:02:29.548814+08:00
180201,2021-06-23,13.05,13.067,12.96,13.026,2256822,none,AKShare/新浪基金历史,2026-09-04T01:02:29.548814+08:00
180201,2021-06-24,13.028,13.028,12.956,12.963,1869054,none,AKShare/新浪基金历史,2026-09-04T01:02:29.548814+08:00
180201,2021-06-25,12.967,13.045,12.93,13.045,1480183,none,AKShare/新浪基金历史,2026-09-04T01:02:29.548814+08:00
180201,2021-06-28,13.041,13.041,12.958,12.961,1129606,none,AKShare/新浪基金历史,2026-09-04T01:02:29.548814+08:00
180201,2021-06-29,12.961,12.961,12.909,12.922,1033681,none,AKShare/新浪基金历史,2026-09-04T01:02:29.548814+08:00
180201,2021-06-30,12.929,12.96,12.909,12.955,707191,none,AKShare/新浪基金历史,2026-09-04T01:02:29.548814+08:00
180201,2021-07-01,12.955,13.098,12.949,13.044,1087307,none,AKShare/新浪基金历史,2026-09-04T01:02:29.548814+08:00
180201,2021-07-02,13.04,13.04,12.931,12.956,874909,none,AKShare/新浪基金历史,2026-09-04T01:02:29.548814+08:00
180201,2021-07-05,12.956,12.956,12.933,12.936,530072,none,AKShare/新浪基金历史,2026-09-04T01:02:29.548814+08:00
180201,2021-07-06,12.936,12.936,12.911,12.913,770805,none,AKShare/新浪基金历史,2026-09-04T01:02:29.548814+08:00
180201,2021-07-07,12.913,12.914,12.889,12.89,773215,none,AKShare/新浪基金历史,2026-09-04T01:02:29.548814+08:00
180201,2021-07-08,12.89,12.89,12.808,12.808,1092297,none,AKShare/新浪基金历史,2026-09-04T01:02:29.548814+08:00
180201,2021-07-09,12.807,12.808,12.721,12.738,922199,none,AKShare/新浪基金历史,2026-09-04T01:02:29.548814+08:00
180201,2021-07-12,12.738,12.738,12.688,12.689,1122455,none,AKShare/新浪基金历史,2026-09-04T01:02:29.548814+08:00
180201,2021-07-13,12.689,12.689,12.59,12.595,1050576,none,AKShare/新浪基金历史,2026-09-04T01:02:29.548814+08:00
180201,2021-07-14,12.594,12.594,12.5,12.505,1218170,none,AKShare/新浪基金历史,2026-09-04T01:02:29.548814+08:00
180201,2021-07-15,12.505,12.594,12.505,12.588,1254839,none,AKShare/新浪基金历史,2026-09-04T01:02:29.548814+08:00
180201,2021-07-16,12.588,12.718,12.57,12.703,1326273,none,AKShare/新浪基金历史,2026-09-04T01:02:29.548814+08:00
180201,2021-07-19,12.704,12.774,12.704,12.743,1417718,none,AKShare/新浪基金历史,2026-09-04T01:02:29.548814+08:00
180201,2021-07-20,12.743,12.743,12.69,12.737,889797,none,AKShare/新浪基金历史,2026-09-04T01:02:29.548814+08:00
180201,2021-07-21,12.736,12.738,12.701,12.71,702307,none,AKShare/新浪基金历史,2026-09-04T01:02:29.548814+08:00
180201,2021-07-22,12.71,12.71,12.606,12.646,486480,none,AKShare/新浪基金历史,2026-09-04T01:02:29.548814+08:00
180201,2021-07-23,12.646,12.696,12.646,12.672,665894,none,AKShare/新浪基金历史,2026-09-04T01:02:29.548814+08:00
180201,2021-07-26,12.672,12.672,12.587,12.615,906550,none,AKShare/新浪基金历史,2026-09-04T01:02:29.548814+08:00
180201,2021-07-27,12.688,12.688,12.545,12.576,1209440,none,AKShare/新浪基金历史,2026-09-04T01:02:29.548814+08:00
180201,2021-07-28,12.576,12.576,12.546,12.552,1153738,none,AKShare/新浪基金历史,2026-09-04T01:02:29.548814+08:00
180201,2021-07-29,12.552,12.574,12.55,12.557,1133542,none,AKShare/新浪基金历史,2026-09-04T01:02:29.548814+08:00
180201,2021-07-30,12.556,12.556,12.526,12.534,1654445,none,AKShare/新浪基金历史,2026-09-04T01:02:29.548814+08:00
180201,2021-08-02,12.533,12.533,12.505,12.511,1590821,none,AKShare/新浪基金历史,2026-09-04T01:02:29.548814+08:00
180201,2021-08-03,12.51,12.52,12.503,12.506,1426437,none,AKShare/新浪基金历史,2026-09-04T01:02:29.548814+08:00
180201,2021-08-04,12.505,12.52,12.501,12.506,916174,none,AKShare/新浪基金历史,2026-09-04T01:02:29.548814+08:00
180201,2021-08-05,12.506,12.52,12.502,12.504,1544296,none,AKShare/新浪基金历史,2026-09-04T01:02:29.548814+08:00
180201,2021-08-06,12.503,12.513,12.49,12.507,2607022,none,AKShare/新浪基金历史,2026-09-04T01:02:29.548814+08:00
180201,2021-08-09,12.507,12.524,12.507,12.518,1285312,none,AKShare/新浪基金历史,2026-09-04T01:02:29.548814+08:00
180201,2021-08-10,12.516,12.518,12.506,12.511,1275498,none,AKShare/新浪基金历史,2026-09-04T01:02:29.548814+08:00
180201,2021-08-11,12.512,12.512,12.506,12.511,1278888,none,AKShare/新浪基金历史,2026-09-04T01:02:29.548814+08:00
180201,2021-08-12,12.51,12.514,12.503,12.511,1308586,none,AKShare/新浪基金历史,2026-09-04T01:02:29.548814+08:00
180201,2021-08-13,12.511,12.52,12.502,12.513,936975,none,AKShare/新浪基金历史,2026-09-04T01:02:29.548814+08:00
180201,2021-08-16,12.513,12.513,12.505,12.507,1458931,none,AKShare/新浪基金历史,2026-09-04T01:02:29.548814+08:00
180201,2021-08-17,12.507,12.51,12.5,12.501,1538114,none,AKShare/新浪基金历史,2026-09-04T01:02:29.548814+08:00
180201,2021-08-18,12.5,12.505,12.496,12.5,1303793,none,AKShare/新浪基金历史,2026-09-04T01:02:29.548814+08:00
180201,2021-08-19,12.499,12.513,12.498,12.513,2025915,none,AKShare/新浪基金历史,2026-09-04T01:02:29.548814+08:00
180201,2021-08-20,12.513,12.537,12.502,12.536,1664501,none,AKShare/新浪基金历史,2026-09-04T01:02:29.548814+08:00
180201,2021-08-23,12.537,12.619,12.523,12.605,1149131,none,AKShare/新浪基金历史,2026-09-04T01:02:29.548814+08:00
180201,2021-08-24,12.603,12.628,12.581,12.624,1509468,none,AKShare/新浪基金历史,2026-09-04T01:02:29.548814+08:00
180201,2021-08-25,12.625,12.659,12.62,12.656,1439832,none,AKShare/新浪基金历史,2026-09-04T01:02:29.548814+08:00
180201,2021-08-26,12.656,12.684,12.635,12.68,1970539,none,AKShare/新浪基金历史,2026-09-04T01:02:29.548814+08:00
180201,2021-08-27,12.68,12.771,12.68,12.767,2987618,none,AKShare/新浪基金历史,2026-09-04T01:02:29.548814+08:00
180201,2021-08-30,12.767,12.939,12.767,12.895,4147151,none,AKShare/新浪基金历史,2026-09-04T01:02:29.548814+08:00
180201,2021-08-31,12.896,12.946,12.77,12.933,3227035,none,AKShare/新浪基金历史,2026-09-04T01:02:29.548814+08:00
180201,2021-09-01,12.933,12.933,12.851,12.857,1359139,none,AKShare/新浪基金历史,2026-09-04T01:02:29.548814+08:00
180201,2021-09-02,12.856,12.868,12.805,12.824,1309614,none,AKShare/新浪基金历史,2026-09-04T01:02:29.548814+08:00
180201,2021-09-03,12.824,12.824,12.808,12.82,853161,none,AKShare/新浪基金历史,2026-09-04T01:02:29.548814+08:00
180201,2021-09-06,12.819,12.829,12.8,12.827,744523,none,AKShare/新浪基金历史,2026-09-04T01:02:29.548814+08:00
180201,2021-09-07,12.826,12.85,12.771,12.826,1390256,none,AKShare/新浪基金历史,2026-09-04T01:02:29.548814+08:00
180201,2021-09-08,12.825,12.849,12.825,12.845,547670,none,AKShare/新浪基金历史,2026-09-04T01:02:29.548814+08:00
180201,2021-09-09,12.845,12.848,12.817,12.827,656530,none,AKShare/新浪基金历史,2026-09-04T01:02:29.548814+08:00
180201,2021-09-10,12.827,12.827,12.801,12.804,728449,none,AKShare/新浪基金历史,2026-09-04T01:02:29.548814+08:00
180201,2021-09-13,12.803,12.816,12.791,12.809,1644082,none,AKShare/新浪基金历史,2026-09-04T01:02:29.548814+08:00
180201,2021-09-14,12.809,12.855,12.809,12.845,1461506,none,AKShare/新浪基金历史,2026-09-04T01:02:29.548814+08:00
180201,2021-09-15,12.847,12.952,12.847,12.938,1741635,none,AKShare/新浪基金历史,2026-09-04T01:02:29.548814+08:00
180201,2021-09-16,12.938,12.958,12.9,12.923,1583575,none,AKShare/新浪基金历史,2026-09-04T01:02:29.548814+08:00
180201,2021-09-17,12.924,12.989,12.859,12.878,1891247,none,AKShare/新浪基金历史,2026-09-04T01:02:29.548814+08:00
180201,2021-09-22,12.88,12.9,12.872,12.88,3817503,none,AKShare/新浪基金历史,2026-09-04T01:02:29.548814+08:00
180201,2021-09-23,12.88,12.979,12.863,12.936,2377964,none,AKShare/新浪基金历史,2026-09-04T01:02:29.548814+08:00
180201,2021-09-24,12.935,13.017,12.935,13.009,5004063,none,AKShare/新浪基金历史,2026-09-04T01:02:29.548814+08:00
180201,2021-09-27,13.016,13.115,13.016,13.053,5409585,none,AKShare/新浪基金历史,2026-09-04T01:02:29.548814+08:00
180201,2021-09-28,13.054,13.08,12.767,12.889,4907113,none,AKShare/新浪基金历史,2026-09-04T01:02:29.548814+08:00
180201,2021-09-29,12.889,12.977,12.837,12.936,3340329,none,AKShare/新浪基金历史,2026-09-04T01:02:29.548814+08:00
180201,2021-09-30,12.938,13.029,12.938,13.019,1994241,none,AKShare/新浪基金历史,2026-09-04T01:02:29.548814+08:00
180201,2021-10-08,13.02,13.035,12.987,13.001,4089653,none,AKShare/新浪基金历史,2026-09-04T01:02:29.548814+08:00
180201,2021-10-11,13.0,13.06,12.992,13.058,3606499,none,AKShare/新浪基金历史,2026-09-04T01:02:29.548814+08:00
180201,2021-10-12,13.059,13.06,13.031,13.05,2505229,none,AKShare/新浪基金历史,2026-09-04T01:02:29.548814+08:00
180201,2021-10-13,13.05,13.083,13.049,13.055,1624931,none,AKShare/新浪基金历史,2026-09-04T01:02:29.548814+08:00
180201,2021-10-14,13.055,13.073,13.041,13.056,1580860,none,AKShare/新浪基金历史,2026-09-04T01:02:29.548814+08:00
180201,2021-10-15,13.056,13.083,13.047,13.051,1090766,none,AKShare/新浪基金历史,2026-09-04T01:02:29.548814+08:00
180201,2021-10-18,13.05,13.064,13.046,13.05,1144815,none,AKShare/新浪基金历史,2026-09-04T01:02:29.548814+08:00
180201,2021-10-19,13.05,13.079,13.041,13.075,1910591,none,AKShare/新浪基金历史,2026-09-04T01:02:29.548814+08:00
180201,2021-10-20,13.075,13.087,13.053,13.08,1933565,none,AKShare/新浪基金历史,2026-09-04T01:02:29.548814+08:00
180201,2021-10-21,13.081,13.09,13.04,13.054,7716886,none,AKShare/新浪基金历史,2026-09-04T01:02:29.548814+08:00
180201,2021-10-22,13.059,13.098,13.059,13.084,2783233,none,AKShare/新浪基金历史,2026-09-04T01:02:29.548814+08:00
180201,2021-10-25,13.084,13.106,13.084,13.102,2355095,none,AKShare/新浪基金历史,2026-09-04T01:02:29.548814+08:00
180201,2021-10-26,13.102,13.12,13.035,13.039,1913083,none,AKShare/新浪基金历史,2026-09-04T01:02:29.548814+08:00
180201,2021-10-27,13.039,13.08,13.016,13.043,2593332,none,AKShare/新浪基金历史,2026-09-04T01:02:29.548814+08:00
180201,2021-10-28,13.043,13.06,12.964,12.995,3010432,none,AKShare/新浪基金历史,2026-09-04T01:02:29.548814+08:00
180201,2021-10-29,12.996,13.074,12.961,13.071,2912264,none,AKShare/新浪基金历史,2026-09-04T01:02:29.548814+08:00
180201,2021-11-01,13.071,13.08,13.021,13.024,3519070,none,AKShare/新浪基金历史,2026-09-04T01:02:29.548814+08:00
180201,2021-11-02,13.024,13.04,12.985,12.993,2204093,none,AKShare/新浪基金历史,2026-09-04T01:02:29.548814+08:00
180201,2021-11-03,12.993,12.993,12.932,12.951,2596434,none,AKShare/新浪基金历史,2026-09-04T01:02:29.548814+08:00
180201,2021-11-04,12.95,12.951,12.921,12.926,2576811,none,AKShare/新浪基金历史,2026-09-04T01:02:29.548814+08:00
180201,2021-11-05,12.926,12.944,12.894,12.929,2488200,none,AKShare/新浪基金历史,2026-09-04T01:02:29.548814+08:00
180201,2021-11-08,12.93,12.943,12.91,12.924,4954686,none,AKShare/新浪基金历史,2026-09-04T01:02:29.548814+08:00
180201,2021-11-09,12.924,12.944,12.92,12.926,2767957,none,AKShare/新浪基金历史,2026-09-04T01:02:29.548814+08:00
180201,2021-11-10,12.926,12.944,12.921,12.929,4746090,none,AKShare/新浪基金历史,2026-09-04T01:02:29.548814+08:00
180201,2021-11-11,12.937,12.956,12.929,12.953,2520030,none,AKShare/新浪基金历史,2026-09-04T01:02:29.548814+08:00
180201,2021-11-12,12.952,13.005,12.944,12.98,1987713,none,AKShare/新浪基金历史,2026-09-04T01:02:29.548814+08:00
180201,2021-11-15,12.98,13.029,12.98,13.017,4104011,none,AKShare/新浪基金历史,2026-09-04T01:02:29.548814+08:00
180201,2021-11-16,13.02,13.031,12.995,13.004,1284369,none,AKShare/新浪基金历史,2026-09-04T01:02:29.548814+08:00
180201,2021-11-17,13.0,13.037,12.98,13.018,2507553,none,AKShare/新浪基金历史,2026-09-04T01:02:29.548814+08:00
180201,2021-11-18,13.018,13.018,12.984,13.005,1427484,none,AKShare/新浪基金历史,2026-09-04T01:02:29.548814+08:00
180201,2021-11-19,13.005,13.023,12.99,12.993,1070649,none,AKShare/新浪基金历史,2026-09-04T01:02:29.548814+08:00
180201,2021-11-22,12.994,13.006,12.962,12.969,1928670,none,AKShare/新浪基金历史,2026-09-04T01:02:29.548814+08:00
180201,2021-11-23,12.968,12.982,12.945,12.946,1857725,none,AKShare/新浪基金历史,2026-09-04T01:02:29.548814+08:00
180201,2021-11-24,12.947,13.0,12.947,12.975,958182,none,AKShare/新浪基金历史,2026-09-04T01:02:29.548814+08:00
180201,2021-11-25,12.971,12.989,12.961,12.972,1515109,none,AKShare/新浪基金历史,2026-09-04T01:02:29.548814+08:00
180201,2021-11-26,12.971,12.977,12.96,12.975,1239283,none,AKShare/新浪基金历史,2026-09-04T01:02:29.548814+08:00
180201,2021-11-29,12.973,12.973,12.95,12.953,1867298,none,AKShare/新浪基金历史,2026-09-04T01:02:29.548814+08:00
180201,2021-11-30,12.96,12.971,12.954,12.963,1229687,none,AKShare/新浪基金历史,2026-09-04T01:02:29.548814+08:00
180201,2021-12-01,12.963,12.988,12.96,12.983,1135917,none,AKShare/新浪基金历史,2026-09-04T01:02:29.548814+08:00
180201,2021-12-02,12.983,13.003,12.981,13.001,1264093,none,AKShare/新浪基金历史,2026-09-04T01:02:29.548814+08:00
180201,2021-12-03,13.003,13.039,13.003,13.03,1460466,none,AKShare/新浪基金历史,2026-09-04T01:02:29.548814+08:00
180201,2021-12-06,13.035,13.044,13.019,13.028,2292563,none,AKShare/新浪基金历史,2026-09-04T01:02:29.548814+08:00
180201,2021-12-07,13.03,13.036,13.013,13.023,1397491,none,AKShare/新浪基金历史,2026-09-04T01:02:29.548814+08:00
180201,2021-12-08,13.02,13.03,13.015,13.028,1417135,none,AKShare/新浪基金历史,2026-09-04T01:02:29.548814+08:00
180201,2021-12-09,13.028,13.07,13.026,13.07,3638703,none,AKShare/新浪基金历史,2026-09-04T01:02:29.548814+08:00
180201,2021-12-10,13.06,13.169,13.043,13.165,4357881,none,AKShare/新浪基金历史,2026-09-04T01:02:29.548814+08:00
180201,2021-12-13,13.167,13.372,13.167,13.36,6185625,none,AKShare/新浪基金历史,2026-09-04T01:02:29.548814+08:00
180201,2021-12-14,13.369,13.75,13.369,13.503,7037548,none,AKShare/新浪基金历史,2026-09-04T01:02:29.548814+08:00
180201,2021-12-15,13.505,13.63,13.375,13.482,2893184,none,AKShare/新浪基金历史,2026-09-04T01:02:29.548814+08:00
180201,2021-12-16,13.485,13.535,13.334,13.343,2090068,none,AKShare/新浪基金历史,2026-09-04T01:02:29.548814+08:00
180201,2021-12-17,13.342,13.482,13.31,13.379,1146897,none,AKShare/新浪基金历史,2026-09-04T01:02:29.548814+08:00
180201,2021-12-20,13.379,13.414,13.349,13.388,1027505,none,AKShare/新浪基金历史,2026-09-04T01:02:29.548814+08:00
180201,2021-12-21,13.411,13.6,13.411,13.545,2117504,none,AKShare/新浪基金历史,2026-09-04T01:02:29.548814+08:00
180201,2021-12-22,13.549,13.649,13.549,13.61,2327409,none,AKShare/新浪基金历史,2026-09-04T01:02:29.548814+08:00
180201,2021-12-23,13.61,13.634,13.0,13.5,4978248,none,AKShare/新浪基金历史,2026-09-04T01:02:29.548814+08:00
180201,2021-12-24,12.998,13.13,12.968,13.096,3116111,none,AKShare/新浪基金历史,2026-09-04T01:02:29.548814+08:00
180201,2021-12-27,13.097,13.251,13.096,13.23,5290802,none,AKShare/新浪基金历史,2026-09-04T01:02:29.548814+08:00
180201,2021-12-28,13.224,13.23,13.133,13.14,2808811,none,AKShare/新浪基金历史,2026-09-04T01:02:29.548814+08:00
180201,2021-12-29,13.14,13.16,13.023,13.03,2560756,none,AKShare/新浪基金历史,2026-09-04T01:02:29.548814+08:00
180201,2021-12-30,13.03,13.03,12.965,13.012,2773039,none,AKShare/新浪基金历史,2026-09-04T01:02:29.548814+08:00
180201,2021-12-31,13.012,13.114,13.001,13.114,5278339,none,AKShare/新浪基金历史,2026-09-04T01:02:29.548814+08:00
180201,2022-01-04,13.114,13.145,13.051,13.11,2721629,none,AKShare/新浪基金历史,2026-09-04T01:02:29.548814+08:00
180201,2022-01-05,13.11,13.11,13.037,13.095,2261427,none,AKShare/新浪基金历史,2026-09-04T01:02:29.548814+08:00
180201,2022-01-06,13.096,13.096,13.068,13.07,1107867,none,AKShare/新浪基金历史,2026-09-04T01:02:29.548814+08:00
180201,2022-01-07,13.071,13.087,13.052,13.058,1034949,none,AKShare/新浪基金历史,2026-09-04T01:02:29.548814+08:00
180201,2022-01-10,13.058,13.087,13.058,13.08,1991594,none,AKShare/新浪基金历史,2026-09-04T01:02:29.548814+08:00
180201,2022-01-11,13.077,13.077,13.06,13.069,845923,none,AKShare/新浪基金历史,2026-09-04T01:02:29.548814+08:00
180201,2022-01-12,13.069,13.082,13.06,13.063,1732037,none,AKShare/新浪基金历史,2026-09-04T01:02:29.548814+08:00
180201,2022-01-13,13.063,13.076,13.048,13.059,2341080,none,AKShare/新浪基金历史,2026-09-04T01:02:29.548814+08:00
180201,2022-01-14,13.058,13.058,13.03,13.057,2689937,none,AKShare/新浪基金历史,2026-09-04T01:02:29.548814+08:00
180201,2022-01-17,13.057,13.094,13.046,13.056,3542797,none,AKShare/新浪基金历史,2026-09-04T01:02:29.548814+08:00
180201,2022-01-18,13.056,13.068,13.045,13.061,1668878,none,AKShare/新浪基金历史,2026-09-04T01:02:29.548814+08:00
180201,2022-01-19,13.061,13.069,13.056,13.062,2103665,none,AKShare/新浪基金历史,2026-09-04T01:02:29.548814+08:00
180201,2022-01-20,13.062,13.26,13.058,13.259,4783033,none,AKShare/新浪基金历史,2026-09-04T01:02:29.548814+08:00
180201,2022-01-21,13.26,13.622,13.26,13.616,3936064,none,AKShare/新浪基金历史,2026-09-04T01:02:29.548814+08:00
180201,2022-01-24,13.68,14.109,13.68,13.897,5185701,none,AKShare/新浪基金历史,2026-09-04T01:02:29.548814+08:00
180201,2022-01-25,13.902,13.911,13.683,13.77,2384070,none,AKShare/新浪基金历史,2026-09-04T01:02:29.548814+08:00
180201,2022-01-26,13.76,13.786,13.68,13.781,1724434,none,AKShare/新浪基金历史,2026-09-04T01:02:29.548814+08:00
180201,2022-01-27,13.812,13.85,13.785,13.819,1417414,none,AKShare/新浪基金历史,2026-09-04T01:02:29.548814+08:00
180201,2022-01-28,13.819,13.98,13.819,13.97,1142790,none,AKShare/新浪基金历史,2026-09-04T01:02:29.548814+08:00
180201,2022-02-07,13.981,14.265,13.981,14.224,2270449,none,AKShare/新浪基金历史,2026-09-04T01:02:29.548814+08:00
180201,2022-02-08,14.228,14.484,14.228,14.305,2929124,none,AKShare/新浪基金历史,2026-09-04T01:02:29.548814+08:00
180201,2022-02-09,14.305,14.305,13.9,13.983,2881605,none,AKShare/新浪基金历史,2026-09-04T01:02:29.548814+08:00
180201,2022-02-10,13.982,14.097,13.819,14.009,2481475,none,AKShare/新浪基金历史,2026-09-04T01:02:29.548814+08:00
180201,2022-02-11,14.001,14.09,13.98,14.044,1686622,none,AKShare/新浪基金历史,2026-09-04T01:02:29.548814+08:00
180201,2022-02-14,14.044,14.249,14.044,14.109,2077426,none,AKShare/新浪基金历史,2026-09-04T01:02:29.548814+08:00
180201,2022-02-15,14.109,14.22,13.927,14.01,2550546,none,AKShare/新浪基金历史,2026-09-04T01:02:29.548814+08:00
180201,2022-02-16,14.008,14.008,13.75,13.852,3179070,none,AKShare/新浪基金历史,2026-09-04T01:02:29.548814+08:00
180201,2022-02-17,13.842,13.851,13.644,13.645,2075018,none,AKShare/新浪基金历史,2026-09-04T01:02:29.548814+08:00
180201,2022-02-18,13.636,13.845,13.466,13.825,3081673,none,AKShare/新浪基金历史,2026-09-04T01:02:29.548814+08:00
180201,2022-02-21,13.825,13.865,13.756,13.795,867613,none,AKShare/新浪基金历史,2026-09-04T01:02:29.548814+08:00
180201,2022-02-22,13.794,13.794,13.55,13.553,1390861,none,AKShare/新浪基金历史,2026-09-04T01:02:29.548814+08:00
180201,2022-02-23,13.553,13.553,13.368,13.444,2558835,none,AKShare/新浪基金历史,2026-09-04T01:02:29.548814+08:00
180201,2022-02-24,13.428,13.428,13.299,13.319,1740341,none,AKShare/新浪基金历史,2026-09-04T01:02:29.548814+08:00
180201,2022-02-25,13.318,13.48,13.3,13.313,1890746,none,AKShare/新浪基金历史,2026-09-04T01:02:29.548814+08:00
180201,2022-02-28,13.285,13.299,13.22,13.254,1043185,none,AKShare/新浪基金历史,2026-09-04T01:02:29.548814+08:00
180201,2022-03-01,13.225,13.284,13.089,13.125,3024498,none,AKShare/新浪基金历史,2026-09-04T01:02:29.548814+08:00
180201,2022-03-02,13.122,13.263,13.036,13.2,2227115,none,AKShare/新浪基金历史,2026-09-04T01:02:29.548814+08:00
180201,2022-03-03,13.205,13.315,13.158,13.213,2746741,none,AKShare/新浪基金历史,2026-09-04T01:02:29.548814+08:00
180201,2022-03-04,13.263,13.292,13.16,13.199,1175261,none,AKShare/新浪基金历史,2026-09-04T01:02:29.548814+08:00
180201,2022-03-07,13.193,13.193,13.068,13.1,2020313,none,AKShare/新浪基金历史,2026-09-04T01:02:29.548814+08:00
180201,2022-03-08,13.098,13.142,13.042,13.067,2125338,none,AKShare/新浪基金历史,2026-09-04T01:02:29.548814+08:00
180201,2022-03-09,13.067,13.122,13.02,13.049,1648066,none,AKShare/新浪基金历史,2026-09-04T01:02:29.548814+08:00
180201,2022-03-10,13.052,13.179,13.052,13.075,1848721,none,AKShare/新浪基金历史,2026-09-04T01:02:29.548814+08:00
180201,2022-03-11,13.074,13.074,13.023,13.05,1236145,none,AKShare/新浪基金历史,2026-09-04T01:02:29.548814+08:00
180201,2022-03-14,13.05,13.05,13.019,13.021,993998,none,AKShare/新浪基金历史,2026-09-04T01:02:29.548814+08:00
180201,2022-03-15,13.02,13.02,12.79,12.799,1976902,none,AKShare/新浪基金历史,2026-09-04T01:02:29.548814+08:00
180201,2022-03-16,12.8,13.017,12.668,13.01,1955686,none,AKShare/新浪基金历史,2026-09-04T01:02:29.548814+08:00
180201,2022-03-17,13.04,13.22,12.965,13.088,1756426,none,AKShare/新浪基金历史,2026-09-04T01:02:29.548814+08:00
180201,2022-03-18,13.088,13.103,13.054,13.092,820219,none,AKShare/新浪基金历史,2026-09-04T01:02:29.548814+08:00
180201,2022-03-21,13.12,13.121,13.06,13.112,1822155,none,AKShare/新浪基金历史,2026-09-04T01:02:29.548814+08:00
180201,2022-03-22,13.097,13.262,13.071,13.234,1430397,none,AKShare/新浪基金历史,2026-09-04T01:02:29.548814+08:00
180201,2022-03-23,13.233,13.234,13.169,13.191,2164898,none,AKShare/新浪基金历史,2026-09-04T01:02:29.548814+08:00
180201,2022-03-24,13.19,13.223,13.063,13.138,1456891,none,AKShare/新浪基金历史,2026-09-04T01:02:29.548814+08:00
180201,2022-03-25,13.135,13.135,13.08,13.081,1056604,none,AKShare/新浪基金历史,2026-09-04T01:02:29.548814+08:00
180201,2022-03-28,13.077,13.078,12.955,13.01,1234589,none,AKShare/新浪基金历史,2026-09-04T01:02:29.548814+08:00
180201,2022-03-29,13.01,13.037,12.989,12.997,1261260,none,AKShare/新浪基金历史,2026-09-04T01:02:29.548814+08:00
180201,2022-03-30,13.01,13.03,12.988,13.0,1248575,none,AKShare/新浪基金历史,2026-09-04T01:02:29.548814+08:00
180201,2022-03-31,12.956,12.999,12.956,12.978,1051119,none,AKShare/新浪基金历史,2026-09-04T01:02:29.548814+08:00
180201,2022-04-01,12.978,13.04,12.958,13.019,1500631,none,AKShare/新浪基金历史,2026-09-04T01:02:29.548814+08:00
180201,2022-04-06,13.019,13.024,13.001,13.005,1646769,none,AKShare/新浪基金历史,2026-09-04T01:02:29.548814+08:00
180201,2022-04-07,13.004,13.004,12.979,12.991,799175,none,AKShare/新浪基金历史,2026-09-04T01:02:29.548814+08:00
180201,2022-04-08,12.991,13.043,12.985,13.009,2037908,none,AKShare/新浪基金历史,2026-09-04T01:02:29.548814+08:00
180201,2022-04-11,13.009,13.009,12.98,12.997,1121440,none,AKShare/新浪基金历史,2026-09-04T01:02:29.548814+08:00
180201,2022-04-12,13.0,13.029,13.0,13.006,1916640,none,AKShare/新浪基金历史,2026-09-04T01:02:29.548814+08:00
180201,2022-04-13,13.006,13.02,12.997,13.002,1419682,none,AKShare/新浪基金历史,2026-09-04T01:02:29.548814+08:00
180201,2022-04-14,13.003,13.02,12.998,13.0,1372672,none,AKShare/新浪基金历史,2026-09-04T01:02:29.548814+08:00
180201,2022-04-15,12.999,13.006,12.985,12.996,2400324,none,AKShare/新浪基金历史,2026-09-04T01:02:29.548814+08:00
180201,2022-04-18,12.997,13.006,12.992,12.998,2482538,none,AKShare/新浪基金历史,2026-09-04T01:02:29.548814+08:00
180201,2022-04-19,12.998,13.0,12.991,12.995,1744241,none,AKShare/新浪基金历史,2026-09-04T01:02:29.548814+08:00
180201,2022-04-20,12.995,13.019,12.992,13.008,2031630,none,AKShare/新浪基金历史,2026-09-04T01:02:29.548814+08:00
180201,2022-04-21,13.008,13.008,12.973,12.992,1659065,none,AKShare/新浪基金历史,2026-09-04T01:02:29.548814+08:00
180201,2022-04-22,13.0,13.01,12.986,12.992,2381128,none,AKShare/新浪基金历史,2026-09-04T01:02:29.548814+08:00
180201,2022-04-25,12.992,12.992,12.93,12.971,816756,none,AKShare/新浪基金历史,2026-09-04T01:02:29.548814+08:00
180201,2022-04-26,12.971,13.027,12.969,13.003,1488817,none,AKShare/新浪基金历史,2026-09-04T01:02:29.548814+08:00
180201,2022-04-27,12.971,12.971,12.79,12.798,1763656,none,AKShare/新浪基金历史,2026-09-04T01:02:29.548814+08:00
180201,2022-04-28,12.768,12.796,12.609,12.661,1655978,none,AKShare/新浪基金历史,2026-09-04T01:02:29.548814+08:00
180201,2022-04-29,12.661,12.715,12.661,12.686,817350,none,AKShare/新浪基金历史,2026-09-04T01:02:29.548814+08:00
180201,2022-05-05,12.686,12.69,12.633,12.646,1184967,none,AKShare/新浪基金历史,2026-09-04T01:02:29.548814+08:00
180201,2022-05-06,12.61,12.629,12.565,12.593,1079614,none,AKShare/新浪基金历史,2026-09-04T01:02:29.548814+08:00
180201,2022-05-09,12.501,12.556,12.501,12.509,1576219,none,AKShare/新浪基金历史,2026-09-04T01:02:29.548814+08:00
180201,2022-05-10,12.509,12.529,12.487,12.489,1577288,none,AKShare/新浪基金历史,2026-09-04T01:02:29.548814+08:00
180201,2022-05-11,12.488,12.53,12.485,12.488,1959531,none,AKShare/新浪基金历史,2026-09-04T01:02:29.548814+08:00
180201,2022-05-12,12.488,12.555,12.488,12.538,924055,none,AKShare/新浪基金历史,2026-09-04T01:02:29.548814+08:00
180201,2022-05-13,12.54,12.6,12.54,12.597,790823,none,AKShare/新浪基金历史,2026-09-04T01:02:29.548814+08:00
180201,2022-05-16,12.599,12.648,12.599,12.644,848105,none,AKShare/新浪基金历史,2026-09-04T01:02:29.548814+08:00
180201,2022-05-17,12.646,12.684,12.622,12.634,916299,none,AKShare/新浪基金历史,2026-09-04T01:02:29.548814+08:00
180201,2022-05-18,12.634,12.634,12.618,12.62,551802,none,AKShare/新浪基金历史,2026-09-04T01:02:29.548814+08:00
180201,2022-05-19,12.62,12.62,12.579,12.579,725356,none,AKShare/新浪基金历史,2026-09-04T01:02:29.548814+08:00
180201,2022-05-20,12.578,12.599,12.57,12.591,681843,none,AKShare/新浪基金历史,2026-09-04T01:02:29.548814+08:00
180201,2022-05-23,12.46,12.58,12.46,12.551,973708,none,AKShare/新浪基金历史,2026-09-04T01:02:29.548814+08:00
180201,2022-05-24,12.542,12.542,12.515,12.517,815941,none,AKShare/新浪基金历史,2026-09-04T01:02:29.548814+08:00
180201,2022-05-25,12.517,12.517,12.5,12.5,735697,none,AKShare/新浪基金历史,2026-09-04T01:02:29.548814+08:00
180201,2022-05-26,12.502,12.525,12.478,12.493,830848,none,AKShare/新浪基金历史,2026-09-04T01:02:29.548814+08:00
180201,2022-05-27,12.49,12.492,12.445,12.457,1422533,none,AKShare/新浪基金历史,2026-09-04T01:02:29.548814+08:00
180201,2022-05-30,12.457,12.469,12.408,12.408,997465,none,AKShare/新浪基金历史,2026-09-04T01:02:29.548814+08:00
180201,2022-05-31,12.408,12.408,12.28,12.32,2227484,none,AKShare/新浪基金历史,2026-09-04T01:02:29.548814+08:00
180201,2022-06-01,12.32,12.32,12.183,12.204,2915822,none,AKShare/新浪基金历史,2026-09-04T01:02:29.548814+08:00
180201,2022-06-02,12.204,12.205,11.982,12.0,4785740,none,AKShare/新浪基金历史,2026-09-04T01:02:29.548814+08:00
180201,2022-06-06,12.0,12.323,11.973,12.293,3671273,none,AKShare/新浪基金历史,2026-09-04T01:02:29.548814+08:00
180201,2022-06-07,12.29,12.305,12.265,12.299,2451425,none,AKShare/新浪基金历史,2026-09-04T01:02:29.548814+08:00
180201,2022-06-08,12.299,12.303,12.217,12.239,1018375,none,AKShare/新浪基金历史,2026-09-04T01:02:29.548814+08:00
180201,2022-06-09,12.239,12.271,12.222,12.24,992652,none,AKShare/新浪基金历史,2026-09-04T01:02:29.548814+08:00
180201,2022-06-10,12.24,12.266,12.23,12.252,1036692,none,AKShare/新浪基金历史,2026-09-04T01:02:29.548814+08:00
180201,2022-06-13,12.248,12.248,12.109,12.163,1151434,none,AKShare/新浪基金历史,2026-09-04T01:02:29.548814+08:00
180201,2022-06-14,12.163,12.163,12.075,12.133,833315,none,AKShare/新浪基金历史,2026-09-04T01:02:29.548814+08:00
180201,2022-06-15,12.133,12.142,12.098,12.125,1280708,none,AKShare/新浪基金历史,2026-09-04T01:02:29.548814+08:00
180201,2022-06-16,12.125,12.149,12.107,12.13,934598,none,AKShare/新浪基金历史,2026-09-04T01:02:29.548814+08:00
180201,2022-06-17,12.131,12.139,12.071,12.091,1144384,none,AKShare/新浪基金历史,2026-09-04T01:02:29.548814+08:00
180201,2022-06-20,12.09,12.091,11.989,12.011,1184922,none,AKShare/新浪基金历史,2026-09-04T01:02:29.548814+08:00
180201,2022-06-21,12.011,12.098,12.002,12.022,1118585,none,AKShare/新浪基金历史,2026-09-04T01:02:29.548814+08:00
180201,2022-06-22,12.021,12.025,12.0,12.025,1005544,none,AKShare/新浪基金历史,2026-09-04T01:02:29.548814+08:00
180201,2022-06-23,12.025,12.057,12.001,12.051,1185003,none,AKShare/新浪基金历史,2026-09-04T01:02:29.548814+08:00
180201,2022-06-24,12.051,12.1,12.038,12.1,1146261,none,AKShare/新浪基金历史,2026-09-04T01:02:29.548814+08:00
180201,2022-06-27,12.108,12.14,12.108,12.134,1770531,none,AKShare/新浪基金历史,2026-09-04T01:02:29.548814+08:00
180201,2022-06-28,12.134,12.154,12.122,12.153,3593231,none,AKShare/新浪基金历史,2026-09-04T01:02:29.548814+08:00
180201,2022-06-29,12.148,12.15,12.139,12.147,2609919,none,AKShare/新浪基金历史,2026-09-04T01:02:29.548814+08:00
180201,2022-06-30,12.147,12.337,12.146,12.313,3612671,none,AKShare/新浪基金历史,2026-09-04T01:02:29.548814+08:00
180201,2022-07-01,12.33,12.398,12.302,12.391,1513343,none,AKShare/新浪基金历史,2026-09-04T01:02:29.548814+08:00
180201,2022-07-04,12.391,12.532,12.391,12.531,2196522,none,AKShare/新浪基金历史,2026-09-04T01:02:29.548814+08:00
180201,2022-07-05,12.531,12.531,12.385,12.412,2295995,none,AKShare/新浪基金历史,2026-09-04T01:02:29.548814+08:00
180201,2022-07-06,12.409,12.427,12.325,12.425,1665567,none,AKShare/新浪基金历史,2026-09-04T01:02:29.548814+08:00
180201,2022-07-07,12.425,12.495,12.381,12.492,1199943,none,AKShare/新浪基金历史,2026-09-04T01:02:29.548814+08:00
180201,2022-07-08,12.495,12.587,12.492,12.538,1423363,none,AKShare/新浪基金历史,2026-09-04T01:02:29.548814+08:00
180201,2022-07-11,12.54,12.58,12.482,12.506,1231183,none,AKShare/新浪基金历史,2026-09-04T01:02:29.548814+08:00
180201,2022-07-12,12.506,12.58,12.499,12.571,2493584,none,AKShare/新浪基金历史,2026-09-04T01:02:29.548814+08:00
180201,2022-07-13,12.57,12.645,12.503,12.521,1712863,none,AKShare/新浪基金历史,2026-09-04T01:02:29.548814+08:00
180201,2022-07-14,12.51,12.601,12.433,12.589,1291925,none,AKShare/新浪基金历史,2026-09-04T01:02:29.548814+08:00
180201,2022-07-15,12.589,12.589,12.538,12.55,661765,none,AKShare/新浪基金历史,2026-09-04T01:02:29.548814+08:00
180201,2022-07-18,12.552,12.552,12.521,12.54,874005,none,AKShare/新浪基金历史,2026-09-04T01:02:29.548814+08:00
180201,2022-07-19,12.54,12.552,12.502,12.547,592725,none,AKShare/新浪基金历史,2026-09-04T01:02:29.548814+08:00
180201,2022-07-20,12.528,12.539,12.486,12.491,969719,none,AKShare/新浪基金历史,2026-09-04T01:02:29.548814+08:00
180201,2022-07-21,12.467,12.474,12.422,12.469,967330,none,AKShare/新浪基金历史,2026-09-04T01:02:29.548814+08:00
180201,2022-07-22,12.469,12.485,12.404,12.472,1607090,none,AKShare/新浪基金历史,2026-09-04T01:02:29.548814+08:00
180201,2022-07-25,12.472,12.497,12.434,12.48,1552201,none,AKShare/新浪基金历史,2026-09-04T01:02:29.548814+08:00
180201,2022-07-26,12.48,12.48,12.45,12.465,1245032,none,AKShare/新浪基金历史,2026-09-04T01:02:29.548814+08:00
180201,2022-07-27,12.466,12.504,12.457,12.469,472996,none,AKShare/新浪基金历史,2026-09-04T01:02:29.548814+08:00
180201,2022-07-28,12.469,12.489,12.451,12.488,425962,none,AKShare/新浪基金历史,2026-09-04T01:02:29.548814+08:00
180201,2022-07-29,12.488,12.501,12.474,12.5,613058,none,AKShare/新浪基金历史,2026-09-04T01:02:29.548814+08:00
180201,2022-08-01,12.45,12.52,12.439,12.516,695547,none,AKShare/新浪基金历史,2026-09-04T01:02:29.548814+08:00
180201,2022-08-02,12.516,12.516,12.413,12.459,1015959,none,AKShare/新浪基金历史,2026-09-04T01:02:29.548814+08:00
180201,2022-08-03,12.429,12.431,12.419,12.421,743511,none,AKShare/新浪基金历史,2026-09-04T01:02:29.548814+08:00
180201,2022-08-04,12.401,12.425,12.383,12.421,1957006,none,AKShare/新浪基金历史,2026-09-04T01:02:29.548814+08:00
180201,2022-08-05,12.4,12.42,12.383,12.395,1060978,none,AKShare/新浪基金历史,2026-09-04T01:02:29.548814+08:00
180201,2022-08-08,12.39,12.415,12.39,12.404,944266,none,AKShare/新浪基金历史,2026-09-04T01:02:29.548814+08:00
180201,2022-08-09,12.404,12.404,12.383,12.388,1138738,none,AKShare/新浪基金历史,2026-09-04T01:02:29.548814+08:00
180201,2022-08-10,12.39,12.409,12.359,12.36,1931759,none,AKShare/新浪基金历史,2026-09-04T01:02:29.548814+08:00
180201,2022-08-11,12.36,12.364,12.338,12.344,1187855,none,AKShare/新浪基金历史,2026-09-04T01:02:29.548814+08:00
180201,2022-08-12,12.338,12.367,12.334,12.355,1112254,none,AKShare/新浪基金历史,2026-09-04T01:02:29.548814+08:00
180201,2022-08-15,12.354,12.436,12.35,12.423,1437136,none,AKShare/新浪基金历史,2026-09-04T01:02:29.548814+08:00
180201,2022-08-16,12.41,12.525,12.388,12.52,1590734,none,AKShare/新浪基金历史,2026-09-04T01:02:29.548814+08:00
180201,2022-08-17,12.525,12.565,12.45,12.52,1690932,none,AKShare/新浪基金历史,2026-09-04T01:02:29.548814+08:00
180201,2022-08-18,12.52,12.532,12.5,12.528,2112771,none,AKShare/新浪基金历史,2026-09-04T01:02:29.548814+08:00
180201,2022-08-19,12.528,12.567,12.513,12.546,2190277,none,AKShare/新浪基金历史,2026-09-04T01:02:29.548814+08:00
180201,2022-08-22,12.554,12.609,12.526,12.539,2132236,none,AKShare/新浪基金历史,2026-09-04T01:02:29.548814+08:00
180201,2022-08-23,12.54,12.567,12.452,12.464,1181468,none,AKShare/新浪基金历史,2026-09-04T01:02:29.548814+08:00
180201,2022-08-24,12.465,12.466,12.388,12.419,1262148,none,AKShare/新浪基金历史,2026-09-04T01:02:29.548814+08:00
180201,2022-08-25,12.419,12.494,12.399,12.473,1185699,none,AKShare/新浪基金历史,2026-09-04T01:02:29.548814+08:00
180201,2022-08-26,12.472,12.472,12.429,12.439,909794,none,AKShare/新浪基金历史,2026-09-04T01:02:29.548814+08:00
180201,2022-08-29,12.439,12.439,12.367,12.411,891592,none,AKShare/新浪基金历史,2026-09-04T01:02:29.548814+08:00
180201,2022-08-30,12.411,12.486,12.38,12.445,1116982,none,AKShare/新浪基金历史,2026-09-04T01:02:29.548814+08:00
180201,2022-08-31,12.448,12.508,12.448,12.464,1228615,none,AKShare/新浪基金历史,2026-09-04T01:02:29.548814+08:00
180201,2022-09-01,12.464,12.524,12.4,12.488,1960960,none,AKShare/新浪基金历史,2026-09-04T01:02:29.548814+08:00
180201,2022-09-02,12.48,12.505,12.431,12.49,1497971,none,AKShare/新浪基金历史,2026-09-04T01:02:29.548814+08:00
180201,2022-09-05,12.49,12.49,12.451,12.455,605302,none,AKShare/新浪基金历史,2026-09-04T01:02:29.548814+08:00
180201,2022-09-06,12.447,12.462,12.407,12.455,708977,none,AKShare/新浪基金历史,2026-09-04T01:02:29.548814+08:00
180201,2022-09-07,12.455,12.491,12.415,12.475,1441887,none,AKShare/新浪基金历史,2026-09-04T01:02:29.548814+08:00
180201,2022-09-08,12.435,12.491,12.435,12.475,1544256,none,AKShare/新浪基金历史,2026-09-04T01:02:29.548814+08:00
180201,2022-09-09,12.45,12.484,12.45,12.477,1505137,none,AKShare/新浪基金历史,2026-09-04T01:02:29.548814+08:00
180201,2022-09-13,12.477,12.477,12.446,12.476,2120166,none,AKShare/新浪基金历史,2026-09-04T01:02:29.548814+08:00
180201,2022-09-14,12.448,12.488,12.448,12.477,1109847,none,AKShare/新浪基金历史,2026-09-04T01:02:29.548814+08:00
180201,2022-09-15,12.477,12.51,12.453,12.474,1162851,none,AKShare/新浪基金历史,2026-09-04T01:02:29.548814+08:00
180201,2022-09-16,12.474,12.476,12.392,12.405,1284231,none,AKShare/新浪基金历史,2026-09-04T01:02:29.548814+08:00
180201,2022-09-19,12.405,12.423,12.367,12.376,1188287,none,AKShare/新浪基金历史,2026-09-04T01:02:29.548814+08:00
180201,2022-09-20,12.376,12.38,12.35,12.37,578187,none,AKShare/新浪基金历史,2026-09-04T01:02:29.548814+08:00
180201,2022-09-21,12.37,12.472,12.37,12.468,1109770,none,AKShare/新浪基金历史,2026-09-04T01:02:29.548814+08:00
180201,2022-09-22,12.467,12.468,12.443,12.453,1758034,none,AKShare/新浪基金历史,2026-09-04T01:02:29.548814+08:00
180201,2022-09-23,12.453,12.479,12.45,12.462,1309444,none,AKShare/新浪基金历史,2026-09-04T01:02:29.548814+08:00
180201,2022-09-26,12.131,12.131,12.015,12.034,1668545,none,AKShare/新浪基金历史,2026-09-04T01:02:29.548814+08:00
180201,2022-09-27,12.021,12.057,12.015,12.028,1818436,none,AKShare/新浪基金历史,2026-09-04T01:02:29.548814+08:00
180201,2022-09-28,12.028,12.065,12.026,12.035,1983645,none,AKShare/新浪基金历史,2026-09-04T01:02:29.548814+08:00
180201,2022-09-29,12.035,12.035,12.001,12.009,1273046,none,AKShare/新浪基金历史,2026-09-04T01:02:29.548814+08:00
180201,2022-09-30,12.008,12.032,11.99,12.016,1019714,none,AKShare/新浪基金历史,2026-09-04T01:02:29.548814+08:00
180201,2022-10-10,12.01,12.025,12.0,12.002,1447393,none,AKShare/新浪基金历史,2026-09-04T01:02:29.548814+08:00
180201,2022-10-11,12.002,12.01,11.973,11.977,1320548,none,AKShare/新浪基金历史,2026-09-04T01:02:29.548814+08:00
180201,2022-10-12,11.95,12.014,11.5,11.984,1828400,none,AKShare/新浪基金历史,2026-09-04T01:02:29.548814+08:00
180201,2022-10-13,11.982,11.996,11.951,11.977,1648316,none,AKShare/新浪基金历史,2026-09-04T01:02:29.548814+08:00
180201,2022-10-14,11.977,12.0,11.919,11.947,2215239,none,AKShare/新浪基金历史,2026-09-04T01:02:29.548814+08:00
180201,2022-10-17,11.947,11.947,11.925,11.93,1102834,none,AKShare/新浪基金历史,2026-09-04T01:02:29.548814+08:00
180201,2022-10-18,11.93,11.934,11.92,11.928,1502723,none,AKShare/新浪基金历史,2026-09-04T01:02:29.548814+08:00
180201,2022-10-19,11.928,11.928,11.9,11.901,1445583,none,AKShare/新浪基金历史,2026-09-04T01:02:29.548814+08:00
180201,2022-10-20,11.901,11.901,11.845,11.851,1892635,none,AKShare/新浪基金历史,2026-09-04T01:02:29.548814+08:00
180201,2022-10-21,11.851,11.851,11.734,11.754,2608876,none,AKShare/新浪基金历史,2026-09-04T01:02:29.548814+08:00
180201,2022-10-24,11.897,11.897,11.643,11.646,2249501,none,AKShare/新浪基金历史,2026-09-04T01:02:29.548814+08:00
180201,2022-10-25,11.647,11.647,11.543,11.576,2984925,none,AKShare/新浪基金历史,2026-09-04T01:02:29.548814+08:00
180201,2022-10-26,11.616,11.728,11.552,11.555,1649122,none,AKShare/新浪基金历史,2026-09-04T01:02:29.548814+08:00
180201,2022-10-27,11.615,11.615,11.501,11.52,1604863,none,AKShare/新浪基金历史,2026-09-04T01:02:29.548814+08:00
180201,2022-10-28,11.52,11.559,11.502,11.518,1792896,none,AKShare/新浪基金历史,2026-09-04T01:02:29.548814+08:00
180201,2022-10-31,11.598,11.598,11.474,11.498,1182487,none,AKShare/新浪基金历史,2026-09-04T01:02:29.548814+08:00
180201,2022-11-01,11.588,11.588,11.42,11.469,2079783,none,AKShare/新浪基金历史,2026-09-04T01:02:29.548814+08:00
180201,2022-11-02,11.469,11.548,11.46,11.533,2392615,none,AKShare/新浪基金历史,2026-09-04T01:02:29.548814+08:00
180201,2022-11-03,11.59,11.59,11.512,11.557,1993943,none,AKShare/新浪基金历史,2026-09-04T01:02:29.548814+08:00
180201,2022-11-04,11.586,11.653,11.553,11.64,2159967,none,AKShare/新浪基金历史,2026-09-04T01:02:29.548814+08:00
180201,2022-11-07,11.64,11.648,11.555,11.57,2125608,none,AKShare/新浪基金历史,2026-09-04T01:02:29.548814+08:00
180201,2022-11-08,11.608,11.608,11.426,11.496,3233627,none,AKShare/新浪基金历史,2026-09-04T01:02:29.548814+08:00
180201,2022-11-09,11.493,11.493,11.43,11.439,1464283,none,AKShare/新浪基金历史,2026-09-04T01:02:29.548814+08:00
180201,2022-11-10,11.455,11.455,11.375,11.397,2107481,none,AKShare/新浪基金历史,2026-09-04T01:02:29.548814+08:00
180201,2022-11-11,11.41,11.5,11.312,11.327,2974347,none,AKShare/新浪基金历史,2026-09-04T01:02:29.548814+08:00
180201,2022-11-14,11.327,11.327,11.152,11.155,2910855,none,AKShare/新浪基金历史,2026-09-04T01:02:29.548814+08:00
180201,2022-11-15,11.2,11.2,11.0,11.031,2254200,none,AKShare/新浪基金历史,2026-09-04T01:02:29.548814+08:00
180201,2022-11-16,11.03,11.098,11.026,11.062,2241793,none,AKShare/新浪基金历史,2026-09-04T01:02:29.548814+08:00
180201,2022-11-17,11.062,11.09,10.938,11.079,2867755,none,AKShare/新浪基金历史,2026-09-04T01:02:29.548814+08:00
180201,2022-11-18,11.077,11.077,11.032,11.069,1985596,none,AKShare/新浪基金历史,2026-09-04T01:02:29.548814+08:00
180201,2022-11-21,11.069,11.304,11.04,11.292,2524737,none,AKShare/新浪基金历史,2026-09-04T01:02:29.548814+08:00
180201,2022-11-22,11.293,11.472,11.2,11.289,2236122,none,AKShare/新浪基金历史,2026-09-04T01:02:29.548814+08:00
180201,2022-11-23,11.289,11.315,11.228,11.301,1710972,none,AKShare/新浪基金历史,2026-09-04T01:02:29.548814+08:00
180201,2022-11-24,11.301,11.32,11.222,11.305,1621160,none,AKShare/新浪基金历史,2026-09-04T01:02:29.548814+08:00
180201,2022-11-25,11.305,11.35,11.265,11.342,1628107,none,AKShare/新浪基金历史,2026-09-04T01:02:29.548814+08:00
180201,2022-11-28,11.34,11.34,11.198,11.307,1928161,none,AKShare/新浪基金历史,2026-09-04T01:02:29.548814+08:00
180201,2022-11-29,11.301,11.419,11.231,11.389,2232951,none,AKShare/新浪基金历史,2026-09-04T01:02:29.548814+08:00
180201,2022-11-30,11.416,11.419,11.381,11.402,1675666,none,AKShare/新浪基金历史,2026-09-04T01:02:29.548814+08:00
180201,2022-12-01,11.408,11.528,11.408,11.468,2243960,none,AKShare/新浪基金历史,2026-09-04T01:02:29.548814+08:00
180201,2022-12-02,11.46,11.532,11.437,11.508,2116739,none,AKShare/新浪基金历史,2026-09-04T01:02:29.548814+08:00
180201,2022-12-05,11.507,11.661,11.481,11.591,3010186,none,AKShare/新浪基金历史,2026-09-04T01:02:29.548814+08:00
180201,2022-12-06,11.591,11.764,11.591,11.735,3270664,none,AKShare/新浪基金历史,2026-09-04T01:02:29.548814+08:00
180201,2022-12-07,11.735,11.75,11.601,11.75,2091342,none,AKShare/新浪基金历史,2026-09-04T01:02:29.548814+08:00
180201,2022-12-08,11.721,11.774,11.656,11.753,2302759,none,AKShare/新浪基金历史,2026-09-04T01:02:29.548814+08:00
180201,2022-12-09,11.754,11.871,11.754,11.85,1860624,none,AKShare/新浪基金历史,2026-09-04T01:02:29.548814+08:00
180201,2022-12-12,11.896,11.899,11.85,11.867,992237,none,AKShare/新浪基金历史,2026-09-04T01:02:29.548814+08:00
180201,2022-12-13,11.865,11.882,11.836,11.869,1380232,none,AKShare/新浪基金历史,2026-09-04T01:02:29.548814+08:00
180201,2022-12-14,11.869,11.869,11.775,11.784,1330410,none,AKShare/新浪基金历史,2026-09-04T01:02:29.548814+08:00
180201,2022-12-15,11.784,11.819,11.667,11.79,1633081,none,AKShare/新浪基金历史,2026-09-04T01:02:29.548814+08:00
180201,2022-12-16,11.788,11.818,11.754,11.799,1148324,none,AKShare/新浪基金历史,2026-09-04T01:02:29.548814+08:00
180201,2022-12-19,11.799,11.807,11.7,11.784,980519,none,AKShare/新浪基金历史,2026-09-04T01:02:29.548814+08:00
180201,2022-12-20,11.825,11.825,11.719,11.76,1042054,none,AKShare/新浪基金历史,2026-09-04T01:02:29.548814+08:00
180201,2022-12-21,11.747,11.766,11.729,11.755,919370,none,AKShare/新浪基金历史,2026-09-04T01:02:29.548814+08:00
180201,2022-12-22,11.759,11.8,11.744,11.764,801659,none,AKShare/新浪基金历史,2026-09-04T01:02:29.548814+08:00
180201,2022-12-23,11.764,11.798,11.763,11.794,1189878,none,AKShare/新浪基金历史,2026-09-04T01:02:29.548814+08:00
180201,2022-12-26,11.794,11.804,11.744,11.794,840526,none,AKShare/新浪基金历史,2026-09-04T01:02:29.548814+08:00
180201,2022-12-27,11.793,11.8,11.78,11.791,535236,none,AKShare/新浪基金历史,2026-09-04T01:02:29.548814+08:00
180201,2022-12-28,11.754,11.807,11.754,11.786,822800,none,AKShare/新浪基金历史,2026-09-04T01:02:29.548814+08:00
180201,2022-12-29,11.751,11.809,11.751,11.796,758012,none,AKShare/新浪基金历史,2026-09-04T01:02:29.548814+08:00
180201,2022-12-30,11.796,11.943,11.796,11.903,1489164,none,AKShare/新浪基金历史,2026-09-04T01:02:29.548814+08:00
180201,2023-01-03,11.903,11.927,11.785,11.91,1311610,none,AKShare/新浪基金历史,2026-09-04T01:02:29.548814+08:00
180201,2023-01-04,11.91,11.958,11.893,11.936,1086579,none,AKShare/新浪基金历史,2026-09-04T01:02:29.548814+08:00
180201,2023-01-05,11.9,11.917,11.818,11.894,919084,none,AKShare/新浪基金历史,2026-09-04T01:02:29.548814+08:00
180201,2023-01-06,11.894,11.948,11.82,11.914,1022384,none,AKShare/新浪基金历史,2026-09-04T01:02:29.548814+08:00
180201,2023-01-09,11.929,11.93,11.887,11.893,1093996,none,AKShare/新浪基金历史,2026-09-04T01:02:29.548814+08:00
180201,2023-01-10,11.894,11.914,11.842,11.9,842199,none,AKShare/新浪基金历史,2026-09-04T01:02:29.548814+08:00
180201,2023-01-11,11.89,11.91,11.89,11.897,896988,none,AKShare/新浪基金历史,2026-09-04T01:02:29.548814+08:00
180201,2023-01-12,11.897,11.911,11.87,11.903,326222,none,AKShare/新浪基金历史,2026-09-04T01:02:29.548814+08:00
180201,2023-01-13,11.864,11.903,11.864,11.884,559855,none,AKShare/新浪基金历史,2026-09-04T01:02:29.548814+08:00
180201,2023-01-16,11.884,11.884,11.81,11.828,564933,none,AKShare/新浪基金历史,2026-09-04T01:02:29.548814+08:00
180201,2023-01-17,11.835,11.868,11.786,11.786,561832,none,AKShare/新浪基金历史,2026-09-04T01:02:29.548814+08:00
180201,2023-01-18,11.786,11.795,11.759,11.759,325692,none,AKShare/新浪基金历史,2026-09-04T01:02:29.548814+08:00
180201,2023-01-19,11.759,11.778,11.671,11.763,1312232,none,AKShare/新浪基金历史,2026-09-04T01:02:29.548814+08:00
180201,2023-01-20,11.758,11.758,11.647,11.665,599263,none,AKShare/新浪基金历史,2026-09-04T01:02:29.548814+08:00
180201,2023-01-30,11.664,11.735,11.6,11.735,1258522,none,AKShare/新浪基金历史,2026-09-04T01:02:29.548814+08:00
180201,2023-01-31,11.734,11.911,11.717,11.88,1980821,none,AKShare/新浪基金历史,2026-09-04T01:02:29.548814+08:00
180201,2023-02-01,11.854,11.932,11.851,11.883,854352,none,AKShare/新浪基金历史,2026-09-04T01:02:29.548814+08:00
180201,2023-02-02,11.882,11.89,11.817,11.848,766103,none,AKShare/新浪基金历史,2026-09-04T01:02:29.548814+08:00
180201,2023-02-03,11.848,11.863,11.766,11.8,720406,none,AKShare/新浪基金历史,2026-09-04T01:02:29.548814+08:00
180201,2023-02-06,11.798,11.823,11.71,11.799,1889811,none,AKShare/新浪基金历史,2026-09-04T01:02:29.548814+08:00
180201,2023-02-07,11.799,11.819,11.761,11.795,1860888,none,AKShare/新浪基金历史,2026-09-04T01:02:29.548814+08:00
180201,2023-02-08,11.82,11.863,11.773,11.782,1298845,none,AKShare/新浪基金历史,2026-09-04T01:02:29.548814+08:00
180201,2023-02-09,11.782,11.79,11.74,11.76,1134269,none,AKShare/新浪基金历史,2026-09-04T01:02:29.548814+08:00
180201,2023-02-10,11.76,11.772,11.731,11.75,1876921,none,AKShare/新浪基金历史,2026-09-04T01:02:29.548814+08:00
180201,2023-02-13,11.746,11.746,11.67,11.686,1851089,none,AKShare/新浪基金历史,2026-09-04T01:02:29.548814+08:00
180201,2023-02-14,11.686,11.758,11.672,11.692,2325602,none,AKShare/新浪基金历史,2026-09-04T01:02:29.548814+08:00
180201,2023-02-15,11.693,11.744,11.693,11.719,1697044,none,AKShare/新浪基金历史,2026-09-04T01:02:29.548814+08:00
180201,2023-02-16,11.71,11.739,11.687,11.709,1331049,none,AKShare/新浪基金历史,2026-09-04T01:02:29.548814+08:00
180201,2023-02-17,11.709,11.736,11.661,11.708,2280602,none,AKShare/新浪基金历史,2026-09-04T01:02:29.548814+08:00
180201,2023-02-20,11.708,11.726,11.676,11.7,2420386,none,AKShare/新浪基金历史,2026-09-04T01:02:29.548814+08:00
180201,2023-02-21,11.7,11.709,11.681,11.694,3021657,none,AKShare/新浪基金历史,2026-09-04T01:02:29.548814+08:00
180201,2023-02-22,11.691,11.696,11.65,11.695,1488260,none,AKShare/新浪基金历史,2026-09-04T01:02:29.548814+08:00
180201,2023-02-23,11.694,11.698,11.622,11.631,1463161,none,AKShare/新浪基金历史,2026-09-04T01:02:29.548814+08:00
180201,2023-02-24,11.669,11.669,11.524,11.558,1604152,none,AKShare/新浪基金历史,2026-09-04T01:02:29.548814+08:00
180201,2023-02-27,11.555,11.571,11.475,11.495,1968623,none,AKShare/新浪基金历史,2026-09-04T01:02:29.548814+08:00
180201,2023-02-28,11.495,11.519,11.405,11.43,1996236,none,AKShare/新浪基金历史,2026-09-04T01:02:29.548814+08:00
180201,2023-03-01,11.475,11.491,11.41,11.456,2352042,none,AKShare/新浪基金历史,2026-09-04T01:02:29.548814+08:00
180201,2023-03-02,11.455,11.533,11.438,11.505,2398666,none,AKShare/新浪基金历史,2026-09-04T01:02:29.548814+08:00
180201,2023-03-03,11.502,11.566,11.502,11.51,2601410,none,AKShare/新浪基金历史,2026-09-04T01:02:29.548814+08:00
180201,2023-03-06,11.512,11.561,11.461,11.472,2366933,none,AKShare/新浪基金历史,2026-09-04T01:02:29.548814+08:00
180201,2023-03-07,11.462,11.484,11.424,11.441,2658090,none,AKShare/新浪基金历史,2026-09-04T01:02:29.548814+08:00
180201,2023-03-08,11.441,11.441,11.421,11.428,1284719,none,AKShare/新浪基金历史,2026-09-04T01:02:29.548814+08:00
180201,2023-03-09,11.428,11.44,11.419,11.421,1191560,none,AKShare/新浪基金历史,2026-09-04T01:02:29.548814+08:00
180201,2023-03-10,11.432,11.432,11.413,11.419,1095157,none,AKShare/新浪基金历史,2026-09-04T01:02:29.548814+08:00
180201,2023-03-13,11.415,11.458,11.411,11.444,2271598,none,AKShare/新浪基金历史,2026-09-04T01:02:29.548814+08:00
180201,2023-03-14,11.444,11.484,11.435,11.45,2391749,none,AKShare/新浪基金历史,2026-09-04T01:02:29.548814+08:00
180201,2023-03-15,11.448,11.489,11.448,11.476,2710849,none,AKShare/新浪基金历史,2026-09-04T01:02:29.548814+08:00
180201,2023-03-16,11.476,11.476,11.451,11.457,1956254,none,AKShare/新浪基金历史,2026-09-04T01:02:29.548814+08:00
180201,2023-03-17,11.456,11.471,11.431,11.449,2430839,none,AKShare/新浪基金历史,2026-09-04T01:02:29.548814+08:00
180201,2023-03-20,11.446,11.448,11.402,11.409,1963336,none,AKShare/新浪基金历史,2026-09-04T01:02:29.548814+08:00
180201,2023-03-21,11.409,11.413,11.351,11.377,1721662,none,AKShare/新浪基金历史,2026-09-04T01:02:29.548814+08:00
180201,2023-03-22,11.377,11.416,11.338,11.355,2452326,none,AKShare/新浪基金历史,2026-09-04T01:02:29.548814+08:00
180201,2023-03-23,11.399,11.399,11.306,11.315,2436483,none,AKShare/新浪基金历史,2026-09-04T01:02:29.548814+08:00
180201,2023-03-24,11.315,11.331,11.278,11.284,3373028,none,AKShare/新浪基金历史,2026-09-04T01:02:29.548814+08:00
180201,2023-03-27,11.284,11.289,11.256,11.266,2683698,none,AKShare/新浪基金历史,2026-09-04T01:02:29.548814+08:00
180201,2023-03-28,11.244,11.275,11.2,11.209,1834344,none,AKShare/新浪基金历史,2026-09-04T01:02:29.548814+08:00
180201,2023-03-29,11.226,11.253,11.192,11.208,1594102,none,AKShare/新浪基金历史,2026-09-04T01:02:29.548814+08:00
180201,2023-03-30,11.201,11.212,11.135,11.155,2268571,none,AKShare/新浪基金历史,2026-09-04T01:02:29.548814+08:00
180201,2023-03-31,11.156,11.16,11.12,11.155,3019814,none,AKShare/新浪基金历史,2026-09-04T01:02:29.548814+08:00
180201,2023-04-03,11.155,11.238,11.145,11.215,2246065,none,AKShare/新浪基金历史,2026-09-04T01:02:29.548814+08:00
180201,2023-04-04,11.229,11.394,11.224,11.3,3167951,none,AKShare/新浪基金历史,2026-09-04T01:02:29.548814+08:00
180201,2023-04-06,11.292,11.299,11.245,11.256,1046883,none,AKShare/新浪基金历史,2026-09-04T01:02:29.548814+08:00
180201,2023-04-07,11.26,11.306,11.258,11.306,2036769,none,AKShare/新浪基金历史,2026-09-04T01:02:29.548814+08:00
180201,2023-04-10,11.307,11.311,11.251,11.261,1028083,none,AKShare/新浪基金历史,2026-09-04T01:02:29.548814+08:00
180201,2023-04-11,11.263,11.263,11.132,11.184,1438689,none,AKShare/新浪基金历史,2026-09-04T01:02:29.548814+08:00
180201,2023-04-12,11.196,11.285,11.159,11.191,2009744,none,AKShare/新浪基金历史,2026-09-04T01:02:29.548814+08:00
180201,2023-04-13,11.193,11.227,11.134,11.172,1713043,none,AKShare/新浪基金历史,2026-09-04T01:02:29.548814+08:00
180201,2023-04-14,11.173,11.218,11.161,11.179,2487615,none,AKShare/新浪基金历史,2026-09-04T01:02:29.548814+08:00
180201,2023-04-17,10.805,10.805,10.723,10.77,2555056,none,AKShare/新浪基金历史,2026-09-04T01:02:29.548814+08:00
180201,2023-04-18,10.77,10.777,10.746,10.749,1973350,none,AKShare/新浪基金历史,2026-09-04T01:02:29.548814+08:00
180201,2023-04-19,10.751,10.76,10.638,10.642,2147494,none,AKShare/新浪基金历史,2026-09-04T01:02:29.548814+08:00
180201,2023-04-20,10.642,10.642,10.471,10.506,2199226,none,AKShare/新浪基金历史,2026-09-04T01:02:29.548814+08:00
180201,2023-04-21,10.506,10.55,10.345,10.409,2116599,none,AKShare/新浪基金历史,2026-09-04T01:02:29.548814+08:00
180201,2023-04-24,10.41,10.45,10.22,10.276,2202350,none,AKShare/新浪基金历史,2026-09-04T01:02:29.548814+08:00
180201,2023-04-25,10.32,10.32,10.262,10.27,1772470,none,AKShare/新浪基金历史,2026-09-04T01:02:29.548814+08:00
180201,2023-04-26,10.269,10.337,10.269,10.274,890201,none,AKShare/新浪基金历史,2026-09-04T01:02:29.548814+08:00
180201,2023-04-27,10.274,10.317,10.262,10.262,687148,none,AKShare/新浪基金历史,2026-09-04T01:02:29.548814+08:00
180201,2023-04-28,10.265,10.298,10.257,10.271,741699,none,AKShare/新浪基金历史,2026-09-04T01:02:29.548814+08:00
180201,2023-05-04,10.275,10.35,10.253,10.268,1068937,none,AKShare/新浪基金历史,2026-09-04T01:02:29.548814+08:00
180201,2023-05-05,10.28,10.28,10.238,10.273,871733,none,AKShare/新浪基金历史,2026-09-04T01:02:29.548814+08:00
180201,2023-05-08,10.273,10.349,10.273,10.282,619478,none,AKShare/新浪基金历史,2026-09-04T01:02:29.548814+08:00
180201,2023-05-09,10.282,10.288,10.275,10.282,684409,none,AKShare/新浪基金历史,2026-09-04T01:02:29.548814+08:00
180201,2023-05-10,10.282,10.403,10.28,10.372,986104,none,AKShare/新浪基金历史,2026-09-04T01:02:29.548814+08:00
180201,2023-05-11,10.373,10.421,10.372,10.385,765328,none,AKShare/新浪基金历史,2026-09-04T01:02:29.548814+08:00
180201,2023-05-12,10.385,10.388,10.34,10.35,564296,none,AKShare/新浪基金历史,2026-09-04T01:02:29.548814+08:00
180201,2023-05-15,10.35,10.388,10.25,10.27,859575,none,AKShare/新浪基金历史,2026-09-04T01:02:29.548814+08:00
180201,2023-05-16,10.264,10.276,10.26,10.276,661861,none,AKShare/新浪基金历史,2026-09-04T01:02:29.548814+08:00
180201,2023-05-17,10.28,10.281,10.264,10.268,860051,none,AKShare/新浪基金历史,2026-09-04T01:02:29.548814+08:00
180201,2023-05-18,10.268,10.29,10.261,10.268,756480,none,AKShare/新浪基金历史,2026-09-04T01:02:29.548814+08:00
180201,2023-05-19,10.29,10.29,10.264,10.267,499386,none,AKShare/新浪基金历史,2026-09-04T01:02:29.548814+08:00
180201,2023-05-22,10.266,10.272,10.261,10.269,453093,none,AKShare/新浪基金历史,2026-09-04T01:02:29.548814+08:00
180201,2023-05-23,10.269,10.272,10.264,10.27,335862,none,AKShare/新浪基金历史,2026-09-04T01:02:29.548814+08:00
180201,2023-05-24,10.272,10.275,10.261,10.264,555632,none,AKShare/新浪基金历史,2026-09-04T01:02:29.548814+08:00
180201,2023-05-25,10.271,10.282,10.253,10.257,783102,none,AKShare/新浪基金历史,2026-09-04T01:02:29.548814+08:00
180201,2023-05-26,10.256,10.272,10.25,10.253,757859,none,AKShare/新浪基金历史,2026-09-04T01:02:29.548814+08:00
180201,2023-05-29,10.253,10.275,10.245,10.249,951604,none,AKShare/新浪基金历史,2026-09-04T01:02:29.548814+08:00
180201,2023-05-30,10.25,10.274,10.238,10.24,816228,none,AKShare/新浪基金历史,2026-09-04T01:02:29.548814+08:00
180201,2023-05-31,10.238,10.24,10.105,10.105,944208,none,AKShare/新浪基金历史,2026-09-04T01:02:29.548814+08:00
180201,2023-06-01,10.105,10.105,9.948,9.95,863136,none,AKShare/新浪基金历史,2026-09-04T01:02:29.548814+08:00
180201,2023-06-02,9.95,9.989,9.748,9.75,1232780,none,AKShare/新浪基金历史,2026-09-04T01:02:29.548814+08:00
180201,2023-06-05,9.756,9.765,8.986,8.99,4305295,none,AKShare/新浪基金历史,2026-09-04T01:02:29.548814+08:00
180201,2023-06-06,8.99,9.02,8.711,8.99,2291467,none,AKShare/新浪基金历史,2026-09-04T01:02:29.548814+08:00
180201,2023-06-07,8.985,9.278,8.95,9.268,1465547,none,AKShare/新浪基金历史,2026-09-04T01:02:29.548814+08:00
180201,2023-06-08,9.279,9.497,9.279,9.487,2530460,none,AKShare/新浪基金历史,2026-09-04T01:02:29.548814+08:00
180201,2023-06-09,9.487,9.697,9.47,9.499,1283554,none,AKShare/新浪基金历史,2026-09-04T01:02:29.548814+08:00
180201,2023-06-12,9.499,9.499,9.311,9.456,994090,none,AKShare/新浪基金历史,2026-09-04T01:02:29.548814+08:00
180201,2023-06-13,9.445,9.445,9.35,9.377,987166,none,AKShare/新浪基金历史,2026-09-04T01:02:29.548814+08:00
180201,2023-06-14,9.377,9.427,9.337,9.399,939305,none,AKShare/新浪基金历史,2026-09-04T01:02:29.548814+08:00
180201,2023-06-15,9.399,9.4,9.32,9.337,662990,none,AKShare/新浪基金历史,2026-09-04T01:02:29.548814+08:00
180201,2023-06-16,9.337,9.375,9.297,9.34,1471341,none,AKShare/新浪基金历史,2026-09-04T01:02:29.548814+08:00
180201,2023-06-19,9.3,9.303,9.239,9.274,1431861,none,AKShare/新浪基金历史,2026-09-04T01:02:29.548814+08:00
180201,2023-06-20,9.274,9.302,9.235,9.268,1651511,none,AKShare/新浪基金历史,2026-09-04T01:02:29.548814+08:00
180201,2023-06-21,9.268,9.275,9.232,9.244,1464581,none,AKShare/新浪基金历史,2026-09-04T01:02:29.548814+08:00
180201,2023-06-26,9.244,9.291,9.059,9.101,1166593,none,AKShare/新浪基金历史,2026-09-04T01:02:29.548814+08:00
180201,2023-06-27,9.101,9.101,9.015,9.03,1709941,none,AKShare/新浪基金历史,2026-09-04T01:02:29.548814+08:00
180201,2023-06-28,9.031,9.066,9.006,9.058,1897446,none,AKShare/新浪基金历史,2026-09-04T01:02:29.548814+08:00
180201,2023-06-29,9.075,9.148,9.015,9.033,1414897,none,AKShare/新浪基金历史,2026-09-04T01:02:29.548814+08:00
180201,2023-06-30,9.033,9.042,9.001,9.029,1233559,none,AKShare/新浪基金历史,2026-09-04T01:02:29.548814+08:00
180201,2023-07-03,9.048,9.062,9.0,9.004,1617012,none,AKShare/新浪基金历史,2026-09-04T01:02:29.548814+08:00
180201,2023-07-04,9.0,9.013,8.988,8.994,1559949,none,AKShare/新浪基金历史,2026-09-04T01:02:29.548814+08:00
180201,2023-07-05,9.0,9.001,8.974,8.99,1192459,none,AKShare/新浪基金历史,2026-09-04T01:02:29.548814+08:00
180201,2023-07-06,8.99,9.105,8.99,9.07,2578614,none,AKShare/新浪基金历史,2026-09-04T01:02:29.548814+08:00
180201,2023-07-07,9.07,9.258,9.069,9.197,2405492,none,AKShare/新浪基金历史,2026-09-04T01:02:29.548814+08:00
180201,2023-07-10,9.186,9.216,9.129,9.202,2143293,none,AKShare/新浪基金历史,2026-09-04T01:02:29.548814+08:00
180201,2023-07-11,9.203,9.258,9.164,9.166,1793722,none,AKShare/新浪基金历史,2026-09-04T01:02:29.548814+08:00
180201,2023-07-12,9.166,9.166,9.135,9.162,1733609,none,AKShare/新浪基金历史,2026-09-04T01:02:29.548814+08:00
180201,2023-07-13,9.162,9.192,9.106,9.162,1590284,none,AKShare/新浪基金历史,2026-09-04T01:02:29.548814+08:00
180201,2023-07-14,9.162,9.274,9.138,9.253,2535509,none,AKShare/新浪基金历史,2026-09-04T01:02:29.548814+08:00
180201,2023-07-17,9.272,9.593,9.272,9.592,3148640,none,AKShare/新浪基金历史,2026-09-04T01:02:29.548814+08:00
180201,2023-07-18,9.6,9.96,9.6,9.939,3290163,none,AKShare/新浪基金历史,2026-09-04T01:02:29.548814+08:00
180201,2023-07-19,9.939,9.942,9.7,9.895,3508326,none,AKShare/新浪基金历史,2026-09-04T01:02:29.548814+08:00
180201,2023-07-20,9.863,9.889,9.688,9.7,1872293,none,AKShare/新浪基金历史,2026-09-04T01:02:29.548814+08:00
180201,2023-07-21,9.68,9.68,9.515,9.627,1309730,none,AKShare/新浪基金历史,2026-09-04T01:02:29.548814+08:00
180201,2023-07-24,9.624,9.624,9.513,9.541,1190923,none,AKShare/新浪基金历史,2026-09-04T01:02:29.548814+08:00
180201,2023-07-25,9.621,9.627,9.518,9.544,1919660,none,AKShare/新浪基金历史,2026-09-04T01:02:29.548814+08:00
180201,2023-07-26,9.545,9.6,9.452,9.479,1280841,none,AKShare/新浪基金历史,2026-09-04T01:02:29.548814+08:00
180201,2023-07-27,9.48,9.516,9.361,9.389,1868494,none,AKShare/新浪基金历史,2026-09-04T01:02:29.548814+08:00
180201,2023-07-28,9.397,9.429,9.314,9.401,1802080,none,AKShare/新浪基金历史,2026-09-04T01:02:29.548814+08:00
180201,2023-07-31,9.42,9.483,9.415,9.443,1434794,none,AKShare/新浪基金历史,2026-09-04T01:02:29.548814+08:00
180201,2023-08-01,9.442,9.567,9.419,9.463,1622782,none,AKShare/新浪基金历史,2026-09-04T01:02:29.548814+08:00
180201,2023-08-02,9.463,9.507,9.463,9.493,1192288,none,AKShare/新浪基金历史,2026-09-04T01:02:29.548814+08:00
180201,2023-08-03,9.494,9.522,9.463,9.515,1147095,none,AKShare/新浪基金历史,2026-09-04T01:02:29.548814+08:00
180201,2023-08-04,9.515,9.56,9.5,9.525,1462448,none,AKShare/新浪基金历史,2026-09-04T01:02:29.548814+08:00
180201,2023-08-07,9.485,9.517,9.469,9.486,1137525,none,AKShare/新浪基金历史,2026-09-04T01:02:29.548814+08:00
180201,2023-08-08,9.485,9.485,9.439,9.451,1209044,none,AKShare/新浪基金历史,2026-09-04T01:02:29.548814+08:00
180201,2023-08-09,9.458,9.579,9.458,9.559,1111410,none,AKShare/新浪基金历史,2026-09-04T01:02:29.548814+08:00
180201,2023-08-10,9.578,9.609,9.559,9.586,2253168,none,AKShare/新浪基金历史,2026-09-04T01:02:29.548814+08:00
180201,2023-08-11,9.634,9.66,9.601,9.63,1278610,none,AKShare/新浪基金历史,2026-09-04T01:02:29.548814+08:00
180201,2023-08-14,9.267,9.288,9.192,9.216,1644661,none,AKShare/新浪基金历史,2026-09-04T01:02:29.548814+08:00
180201,2023-08-15,9.215,9.234,9.118,9.183,1770589,none,AKShare/新浪基金历史,2026-09-04T01:02:29.548814+08:00
180201,2023-08-16,9.183,9.221,9.12,9.164,1292212,none,AKShare/新浪基金历史,2026-09-04T01:02:29.548814+08:00
180201,2023-08-17,9.157,9.186,9.15,9.155,1770319,none,AKShare/新浪基金历史,2026-09-04T01:02:29.548814+08:00
180201,2023-08-18,9.155,9.168,9.15,9.162,1378072,none,AKShare/新浪基金历史,2026-09-04T01:02:29.548814+08:00
180201,2023-08-21,9.162,9.2,9.122,9.135,1837736,none,AKShare/新浪基金历史,2026-09-04T01:02:29.548814+08:00
180201,2023-08-22,9.135,9.151,9.032,9.076,1139572,none,AKShare/新浪基金历史,2026-09-04T01:02:29.548814+08:00
180201,2023-08-23,9.039,9.076,8.987,8.987,747238,none,AKShare/新浪基金历史,2026-09-04T01:02:29.548814+08:00
180201,2023-08-24,8.98,9.0,8.95,8.969,1311866,none,AKShare/新浪基金历史,2026-09-04T01:02:29.548814+08:00
180201,2023-08-25,8.967,9.025,8.903,9.025,949784,none,AKShare/新浪基金历史,2026-09-04T01:02:29.548814+08:00
180201,2023-08-28,9.05,9.234,9.05,9.06,1560901,none,AKShare/新浪基金历史,2026-09-04T01:02:29.548814+08:00
180201,2023-08-29,9.06,9.068,9.056,9.065,1120008,none,AKShare/新浪基金历史,2026-09-04T01:02:29.548814+08:00
180201,2023-08-30,9.068,9.137,9.052,9.063,942468,none,AKShare/新浪基金历史,2026-09-04T01:02:29.548814+08:00
180201,2023-08-31,9.054,9.099,9.025,9.08,1048391,none,AKShare/新浪基金历史,2026-09-04T01:02:29.548814+08:00
180201,2023-09-01,9.08,9.1,9.06,9.073,956723,none,AKShare/新浪基金历史,2026-09-04T01:02:29.548814+08:00
180201,2023-09-04,9.073,9.076,9.03,9.031,886951,none,AKShare/新浪基金历史,2026-09-04T01:02:29.548814+08:00
180201,2023-09-05,9.029,9.049,9.02,9.046,607887,none,AKShare/新浪基金历史,2026-09-04T01:02:29.548814+08:00
180201,2023-09-06,9.032,9.032,9.009,9.01,817982,none,AKShare/新浪基金历史,2026-09-04T01:02:29.548814+08:00
180201,2023-09-07,9.013,9.033,8.973,8.985,875265,none,AKShare/新浪基金历史,2026-09-04T01:02:29.548814+08:00
180201,2023-09-08,8.982,8.992,8.964,8.984,1090448,none,AKShare/新浪基金历史,2026-09-04T01:02:29.548814+08:00
180201,2023-09-11,8.97,9.008,8.964,8.986,965898,none,AKShare/新浪基金历史,2026-09-04T01:02:29.548814+08:00
180201,2023-09-12,8.986,8.998,8.951,8.961,844340,none,AKShare/新浪基金历史,2026-09-04T01:02:29.548814+08:00
180201,2023-09-13,8.935,8.959,8.933,8.941,1391348,none,AKShare/新浪基金历史,2026-09-04T01:02:29.548814+08:00
180201,2023-09-14,8.937,8.948,8.929,8.932,946332,none,AKShare/新浪基金历史,2026-09-04T01:02:29.548814+08:00
180201,2023-09-15,8.932,8.95,8.93,8.934,1759270,none,AKShare/新浪基金历史,2026-09-04T01:02:29.548814+08:00
180201,2023-09-18,8.933,8.953,8.921,8.926,930396,none,AKShare/新浪基金历史,2026-09-04T01:02:29.548814+08:00
180201,2023-09-19,8.917,8.942,8.915,8.926,1265381,none,AKShare/新浪基金历史,2026-09-04T01:02:29.548814+08:00
180201,2023-09-20,8.924,8.951,8.913,8.915,728649,none,AKShare/新浪基金历史,2026-09-04T01:02:29.548814+08:00
180201,2023-09-21,8.915,8.915,8.86,8.885,798900,none,AKShare/新浪基金历史,2026-09-04T01:02:29.548814+08:00
180201,2023-09-22,8.882,8.882,8.856,8.867,645303,none,AKShare/新浪基金历史,2026-09-04T01:02:29.548814+08:00
180201,2023-09-25,8.866,8.866,8.819,8.848,916649,none,AKShare/新浪基金历史,2026-09-04T01:02:29.548814+08:00
180201,2023-09-26,8.848,8.874,8.821,8.84,618240,none,AKShare/新浪基金历史,2026-09-04T01:02:29.548814+08:00
180201,2023-09-27,8.84,8.852,8.8,8.842,664303,none,AKShare/新浪基金历史,2026-09-04T01:02:29.548814+08:00
180201,2023-09-28,8.842,8.88,8.81,8.862,1033047,none,AKShare/新浪基金历史,2026-09-04T01:02:29.548814+08:00
180201,2023-10-09,8.857,8.857,8.823,8.846,640154,none,AKShare/新浪基金历史,2026-09-04T01:02:29.548814+08:00
180201,2023-10-10,8.84,8.854,8.821,8.85,1868372,none,AKShare/新浪基金历史,2026-09-04T01:02:29.548814+08:00
180201,2023-10-11,8.852,8.869,8.851,8.864,458485,none,AKShare/新浪基金历史,2026-09-04T01:02:29.548814+08:00
180201,2023-10-12,8.864,8.926,8.864,8.9,1145513,none,AKShare/新浪基金历史,2026-09-04T01:02:29.548814+08:00
180201,2023-10-13,8.901,8.933,8.88,8.89,1156361,none,AKShare/新浪基金历史,2026-09-04T01:02:29.548814+08:00
180201,2023-10-16,8.863,8.897,8.85,8.885,1148366,none,AKShare/新浪基金历史,2026-09-04T01:02:29.548814+08:00
180201,2023-10-17,8.885,8.904,8.855,8.874,1051879,none,AKShare/新浪基金历史,2026-09-04T01:02:29.548814+08:00
180201,2023-10-18,8.855,8.875,8.832,8.842,590588,none,AKShare/新浪基金历史,2026-09-04T01:02:29.548814+08:00
180201,2023-10-19,8.84,8.84,8.731,8.761,960820,none,AKShare/新浪基金历史,2026-09-04T01:02:29.548814+08:00
180201,2023-10-20,8.761,8.762,8.636,8.667,1202059,none,AKShare/新浪基金历史,2026-09-04T01:02:29.548814+08:00
180201,2023-10-23,8.67,8.67,8.561,8.583,899804,none,AKShare/新浪基金历史,2026-09-04T01:02:29.548814+08:00
180201,2023-10-24,8.583,8.668,8.503,8.643,1781788,none,AKShare/新浪基金历史,2026-09-04T01:02:29.548814+08:00
180201,2023-10-25,8.643,8.745,8.643,8.68,732164,none,AKShare/新浪基金历史,2026-09-04T01:02:29.548814+08:00
180201,2023-10-26,8.64,8.688,8.625,8.68,703037,none,AKShare/新浪基金历史,2026-09-04T01:02:29.548814+08:00
180201,2023-10-27,8.641,8.726,8.641,8.726,965350,none,AKShare/新浪基金历史,2026-09-04T01:02:29.548814+08:00
180201,2023-10-30,8.726,8.753,8.703,8.722,942457,none,AKShare/新浪基金历史,2026-09-04T01:02:29.548814+08:00
180201,2023-10-31,8.731,8.748,8.71,8.719,458349,none,AKShare/新浪基金历史,2026-09-04T01:02:29.548814+08:00
180201,2023-11-01,8.719,8.719,8.65,8.699,899162,none,AKShare/新浪基金历史,2026-09-04T01:02:29.548814+08:00
180201,2023-11-02,8.699,8.701,8.654,8.665,700825,none,AKShare/新浪基金历史,2026-09-04T01:02:29.548814+08:00
180201,2023-11-03,8.658,8.696,8.658,8.68,1084737,none,AKShare/新浪基金历史,2026-09-04T01:02:29.548814+08:00
180201,2023-11-06,8.68,8.766,8.652,8.68,798336,none,AKShare/新浪基金历史,2026-09-04T01:02:29.548814+08:00
180201,2023-11-07,8.68,8.68,8.621,8.635,744114,none,AKShare/新浪基金历史,2026-09-04T01:02:29.548814+08:00
180201,2023-11-08,8.635,8.68,8.61,8.617,976071,none,AKShare/新浪基金历史,2026-09-04T01:02:29.548814+08:00
180201,2023-11-09,8.617,8.661,8.606,8.628,742641,none,AKShare/新浪基金历史,2026-09-04T01:02:29.548814+08:00
180201,2023-11-10,8.628,8.647,8.625,8.625,736441,none,AKShare/新浪基金历史,2026-09-04T01:02:29.548814+08:00
180201,2023-11-13,8.625,8.637,8.595,8.601,444940,none,AKShare/新浪基金历史,2026-09-04T01:02:29.548814+08:00
180201,2023-11-14,8.629,8.629,8.6,8.602,885244,none,AKShare/新浪基金历史,2026-09-04T01:02:29.548814+08:00
180201,2023-11-15,8.6,8.63,8.598,8.629,1464511,none,AKShare/新浪基金历史,2026-09-04T01:02:29.548814+08:00
180201,2023-11-16,8.602,8.629,8.602,8.609,440404,none,AKShare/新浪基金历史,2026-09-04T01:02:29.548814+08:00
180201,2023-11-17,8.6,8.614,8.592,8.606,780409,none,AKShare/新浪基金历史,2026-09-04T01:02:29.548814+08:00
180201,2023-11-20,8.567,8.607,8.567,8.606,547027,none,AKShare/新浪基金历史,2026-09-04T01:02:29.548814+08:00
180201,2023-11-21,8.6,8.608,8.591,8.607,853457,none,AKShare/新浪基金历史,2026-09-04T01:02:29.548814+08:00
180201,2023-11-22,8.607,8.619,8.598,8.607,720412,none,AKShare/新浪基金历史,2026-09-04T01:02:29.548814+08:00
180201,2023-11-23,8.607,8.609,8.579,8.601,986477,none,AKShare/新浪基金历史,2026-09-04T01:02:29.548814+08:00
180201,2023-11-24,8.598,8.599,8.585,8.599,692759,none,AKShare/新浪基金历史,2026-09-04T01:02:29.548814+08:00
180201,2023-11-27,8.598,8.612,8.525,8.571,942593,none,AKShare/新浪基金历史,2026-09-04T01:02:29.548814+08:00
180201,2023-11-28,8.57,8.57,8.531,8.563,599660,none,AKShare/新浪基金历史,2026-09-04T01:02:29.548814+08:00
180201,2023-11-29,8.563,8.564,8.52,8.556,1070266,none,AKShare/新浪基金历史,2026-09-04T01:02:29.548814+08:00
180201,2023-11-30,8.559,8.609,8.545,8.568,595522,none,AKShare/新浪基金历史,2026-09-04T01:02:29.548814+08:00
180201,2023-12-01,8.551,8.615,8.549,8.615,665795,none,AKShare/新浪基金历史,2026-09-04T01:02:29.548814+08:00
180201,2023-12-04,8.615,8.671,8.603,8.671,995092,none,AKShare/新浪基金历史,2026-09-04T01:02:29.548814+08:00
180201,2023-12-05,8.672,8.769,8.624,8.668,1516481,none,AKShare/新浪基金历史,2026-09-04T01:02:29.548814+08:00
180201,2023-12-06,8.657,8.707,8.628,8.655,800020,none,AKShare/新浪基金历史,2026-09-04T01:02:29.548814+08:00
180201,2023-12-07,8.655,8.655,8.577,8.633,569856,none,AKShare/新浪基金历史,2026-09-04T01:02:29.548814+08:00
180201,2023-12-08,8.606,8.631,8.58,8.631,446973,none,AKShare/新浪基金历史,2026-09-04T01:02:29.548814+08:00
180201,2023-12-11,8.631,8.632,8.57,8.605,1229136,none,AKShare/新浪基金历史,2026-09-04T01:02:29.548814+08:00
180201,2023-12-12,8.605,8.605,8.539,8.574,558674,none,AKShare/新浪基金历史,2026-09-04T01:02:29.548814+08:00
180201,2023-12-13,8.574,8.574,8.515,8.53,408033,none,AKShare/新浪基金历史,2026-09-04T01:02:29.548814+08:00
180201,2023-12-14,8.53,8.53,8.506,8.53,470081,none,AKShare/新浪基金历史,2026-09-04T01:02:29.548814+08:00
180201,2023-12-15,8.53,8.548,8.506,8.546,237146,none,AKShare/新浪基金历史,2026-09-04T01:02:29.548814+08:00
180201,2023-12-18,8.546,8.566,8.522,8.56,813427,none,AKShare/新浪基金历史,2026-09-04T01:02:29.548814+08:00
180201,2023-12-19,8.558,8.59,8.523,8.589,996348,none,AKShare/新浪基金历史,2026-09-04T01:02:29.548814+08:00
180201,2023-12-20,8.602,8.674,8.586,8.65,1812813,none,AKShare/新浪基金历史,2026-09-04T01:02:29.548814+08:00
180201,2023-12-21,8.65,8.795,8.649,8.753,2688738,none,AKShare/新浪基金历史,2026-09-04T01:02:29.548814+08:00
180201,2023-12-22,8.753,8.958,8.735,8.817,4026203,none,AKShare/新浪基金历史,2026-09-04T01:02:29.548814+08:00
180201,2023-12-25,8.68,8.68,8.517,8.603,1658166,none,AKShare/新浪基金历史,2026-09-04T01:02:29.548814+08:00
180201,2023-12-26,8.563,8.647,8.536,8.623,1580417,none,AKShare/新浪基金历史,2026-09-04T01:02:29.548814+08:00
180201,2023-12-27,8.614,8.644,8.584,8.62,1446043,none,AKShare/新浪基金历史,2026-09-04T01:02:29.548814+08:00
180201,2023-12-28,8.619,8.736,8.61,8.687,2187906,none,AKShare/新浪基金历史,2026-09-04T01:02:29.548814+08:00
180201,2023-12-29,8.687,8.749,8.656,8.737,1825939,none,AKShare/新浪基金历史,2026-09-04T01:02:29.548814+08:00
180201,2024-01-02,8.739,8.752,8.695,8.702,982554,none,AKShare/新浪基金历史,2026-09-04T01:02:29.548814+08:00
180201,2024-01-03,8.703,8.75,8.681,8.713,1708249,none,AKShare/新浪基金历史,2026-09-04T01:02:29.548814+08:00
180201,2024-01-04,8.72,8.743,8.65,8.716,1256851,none,AKShare/新浪基金历史,2026-09-04T01:02:29.548814+08:00
180201,2024-01-05,8.704,8.75,8.675,8.749,995594,none,AKShare/新浪基金历史,2026-09-04T01:02:29.548814+08:00
180201,2024-01-08,8.749,8.759,8.693,8.698,1306079,none,AKShare/新浪基金历史,2026-09-04T01:02:29.548814+08:00
180201,2024-01-09,8.66,8.66,8.618,8.628,1220408,none,AKShare/新浪基金历史,2026-09-04T01:02:29.548814+08:00
180201,2024-01-10,8.601,8.67,8.558,8.569,1555594,none,AKShare/新浪基金历史,2026-09-04T01:02:29.548814+08:00
180201,2024-01-11,8.577,8.667,8.577,8.667,1573349,none,AKShare/新浪基金历史,2026-09-04T01:02:29.548814+08:00
180201,2024-01-12,8.674,8.674,8.58,8.649,1903361,none,AKShare/新浪基金历史,2026-09-04T01:02:29.548814+08:00
180201,2024-01-15,8.648,8.66,8.564,8.65,2558211,none,AKShare/新浪基金历史,2026-09-04T01:02:29.548814+08:00
180201,2024-01-16,8.624,8.737,8.62,8.73,1951310,none,AKShare/新浪基金历史,2026-09-04T01:02:29.548814+08:00
180201,2024-01-17,8.741,8.848,8.697,8.815,2301481,none,AKShare/新浪基金历史,2026-09-04T01:02:29.548814+08:00
180201,2024-01-18,8.816,8.85,8.761,8.806,1932018,none,AKShare/新浪基金历史,2026-09-04T01:02:29.548814+08:00
180201,2024-01-19,8.801,8.948,8.762,8.829,3246500,none,AKShare/新浪基金历史,2026-09-04T01:02:29.548814+08:00
180201,2024-01-22,8.83,8.87,8.732,8.762,1635160,none,AKShare/新浪基金历史,2026-09-04T01:02:29.548814+08:00
180201,2024-01-23,8.75,8.75,8.702,8.723,1489369,none,AKShare/新浪基金历史,2026-09-04T01:02:29.548814+08:00
180201,2024-01-24,8.715,8.831,8.691,8.73,2137321,none,AKShare/新浪基金历史,2026-09-04T01:02:29.548814+08:00
180201,2024-01-25,8.73,8.823,8.703,8.734,2129144,none,AKShare/新浪基金历史,2026-09-04T01:02:29.548814+08:00
180201,2024-01-26,8.733,8.739,8.711,8.73,1270852,none,AKShare/新浪基金历史,2026-09-04T01:02:29.548814+08:00
180201,2024-01-29,8.726,8.761,8.701,8.724,1834880,none,AKShare/新浪基金历史,2026-09-04T01:02:29.548814+08:00
180201,2024-01-30,8.722,8.762,8.691,8.74,1452476,none,AKShare/新浪基金历史,2026-09-04T01:02:29.548814+08:00
180201,2024-01-31,8.741,8.755,8.689,8.73,949561,none,AKShare/新浪基金历史,2026-09-04T01:02:29.548814+08:00
180201,2024-02-01,8.727,8.75,8.69,8.745,1472662,none,AKShare/新浪基金历史,2026-09-04T01:02:29.548814+08:00
180201,2024-02-02,8.742,8.795,8.711,8.749,1271672,none,AKShare/新浪基金历史,2026-09-04T01:02:29.548814+08:00
180201,2024-02-05,8.747,8.762,8.722,8.73,1103166,none,AKShare/新浪基金历史,2026-09-04T01:02:29.548814+08:00
180201,2024-02-06,8.726,8.783,8.69,8.769,2322933,none,AKShare/新浪基金历史,2026-09-04T01:02:29.548814+08:00
180201,2024-02-07,8.769,8.944,8.733,8.919,1298827,none,AKShare/新浪基金历史,2026-09-04T01:02:29.548814+08:00
180201,2024-02-08,9.069,9.164,8.957,9.1,1700394,none,AKShare/新浪基金历史,2026-09-04T01:02:29.548814+08:00
180201,2024-02-19,9.1,9.4,9.08,9.289,2273370,none,AKShare/新浪基金历史,2026-09-04T01:02:29.548814+08:00
180201,2024-02-20,9.28,9.508,9.22,9.367,3286236,none,AKShare/新浪基金历史,2026-09-04T01:02:29.548814+08:00
180201,2024-02-21,9.367,9.43,9.327,9.392,2484307,none,AKShare/新浪基金历史,2026-09-04T01:02:29.548814+08:00
180201,2024-02-22,9.358,9.441,9.356,9.399,1565545,none,AKShare/新浪基金历史,2026-09-04T01:02:29.548814+08:00
180201,2024-02-23,9.4,9.67,9.399,9.658,2036028,none,AKShare/新浪基金历史,2026-09-04T01:02:29.548814+08:00
180201,2024-02-26,9.65,10.047,9.62,9.939,3199143,none,AKShare/新浪基金历史,2026-09-04T01:02:29.548814+08:00
180201,2024-02-27,9.939,10.011,9.598,9.76,4618856,none,AKShare/新浪基金历史,2026-09-04T01:02:29.548814+08:00
180201,2024-02-28,9.75,9.75,9.5,9.51,2995327,none,AKShare/新浪基金历史,2026-09-04T01:02:29.548814+08:00
180201,2024-02-29,9.47,9.802,9.445,9.517,3258888,none,AKShare/新浪基金历史,2026-09-04T01:02:29.548814+08:00
180201,2024-03-01,9.512,9.829,9.477,9.709,3388388,none,AKShare/新浪基金历史,2026-09-04T01:02:29.548814+08:00
180201,2024-03-04,9.709,9.888,9.708,9.81,3603500,none,AKShare/新浪基金历史,2026-09-04T01:02:29.548814+08:00
180201,2024-03-05,9.76,10.025,9.757,9.926,4815483,none,AKShare/新浪基金历史,2026-09-04T01:02:29.548814+08:00
180201,2024-03-06,9.935,9.995,9.797,9.824,2207396,none,AKShare/新浪基金历史,2026-09-04T01:02:29.548814+08:00
180201,2024-03-07,9.824,9.865,9.71,9.716,1921564,none,AKShare/新浪基金历史,2026-09-04T01:02:29.548814+08:00
180201,2024-03-08,9.616,9.814,9.616,9.718,1994780,none,AKShare/新浪基金历史,2026-09-04T01:02:29.548814+08:00
180201,2024-03-11,9.705,9.778,9.678,9.749,1791024,none,AKShare/新浪基金历史,2026-09-04T01:02:29.548814+08:00
180201,2024-03-12,9.749,9.754,9.709,9.728,1107138,none,AKShare/新浪基金历史,2026-09-04T01:02:29.548814+08:00
180201,2024-03-13,9.727,9.727,9.644,9.72,1281224,none,AKShare/新浪基金历史,2026-09-04T01:02:29.548814+08:00
180201,2024-03-14,9.68,9.769,9.65,9.68,1856437,none,AKShare/新浪基金历史,2026-09-04T01:02:29.548814+08:00
180201,2024-03-15,9.652,9.72,9.65,9.72,1115778,none,AKShare/新浪基金历史,2026-09-04T01:02:29.548814+08:00
180201,2024-03-18,9.72,9.76,9.681,9.703,1055886,none,AKShare/新浪基金历史,2026-09-04T01:02:29.548814+08:00
180201,2024-03-19,9.703,9.73,9.669,9.675,869061,none,AKShare/新浪基金历史,2026-09-04T01:02:29.548814+08:00
180201,2024-03-20,9.675,9.699,9.621,9.635,824680,none,AKShare/新浪基金历史,2026-09-04T01:02:29.548814+08:00
180201,2024-03-21,9.635,9.636,9.48,9.492,1893362,none,AKShare/新浪基金历史,2026-09-04T01:02:29.548814+08:00
180201,2024-03-22,9.487,9.488,9.332,9.365,3929074,none,AKShare/新浪基金历史,2026-09-04T01:02:29.548814+08:00
180201,2024-03-25,9.355,9.494,9.325,9.493,1330796,none,AKShare/新浪基金历史,2026-09-04T01:02:29.548814+08:00
180201,2024-03-26,9.493,9.589,9.476,9.589,1138017,none,AKShare/新浪基金历史,2026-09-04T01:02:29.548814+08:00
180201,2024-03-27,9.552,9.675,9.552,9.65,1313014,none,AKShare/新浪基金历史,2026-09-04T01:02:29.548814+08:00
180201,2024-03-28,9.65,9.658,9.562,9.63,1205820,none,AKShare/新浪基金历史,2026-09-04T01:02:29.548814+08:00
180201,2024-03-29,9.619,9.676,9.605,9.64,1085674,none,AKShare/新浪基金历史,2026-09-04T01:02:29.548814+08:00
180201,2024-04-01,9.64,9.698,9.611,9.698,676530,none,AKShare/新浪基金历史,2026-09-04T01:02:29.548814+08:00
180201,2024-04-02,9.698,9.75,9.64,9.743,1074154,none,AKShare/新浪基金历史,2026-09-04T01:02:29.548814+08:00
180201,2024-04-03,9.745,9.909,9.745,9.893,1798139,none,AKShare/新浪基金历史,2026-09-04T01:02:29.548814+08:00
180201,2024-04-08,9.894,10.009,9.894,10.009,1771421,none,AKShare/新浪基金历史,2026-09-04T01:02:29.548814+08:00
180201,2024-04-09,10.011,10.099,9.983,10.08,1749030,none,AKShare/新浪基金历史,2026-09-04T01:02:29.548814+08:00
180201,2024-04-10,10.08,10.249,9.992,10.178,2345928,none,AKShare/新浪基金历史,2026-09-04T01:02:29.548814+08:00
180201,2024-04-11,10.178,10.219,10.158,10.175,1762405,none,AKShare/新浪基金历史,2026-09-04T01:02:29.548814+08:00
180201,2024-04-12,10.175,10.188,10.128,10.157,1636232,none,AKShare/新浪基金历史,2026-09-04T01:02:29.548814+08:00
180201,2024-04-15,10.16,10.219,10.08,10.133,2401045,none,AKShare/新浪基金历史,2026-09-04T01:02:29.548814+08:00
180201,2024-04-16,10.101,10.111,9.998,10.048,2663571,none,AKShare/新浪基金历史,2026-09-04T01:02:29.548814+08:00
180201,2024-04-17,10.048,10.108,10.009,10.036,1493190,none,AKShare/新浪基金历史,2026-09-04T01:02:29.548814+08:00
180201,2024-04-18,10.036,10.036,9.985,10.0,1314128,none,AKShare/新浪基金历史,2026-09-04T01:02:29.548814+08:00
180201,2024-04-19,10.003,10.066,9.901,9.991,1546564,none,AKShare/新浪基金历史,2026-09-04T01:02:29.548814+08:00
180201,2024-04-22,9.992,10.128,9.983,9.994,1634614,none,AKShare/新浪基金历史,2026-09-04T01:02:29.548814+08:00
180201,2024-04-23,9.992,10.033,9.955,10.002,1615853,none,AKShare/新浪基金历史,2026-09-04T01:02:29.548814+08:00
180201,2024-04-24,10.008,10.094,9.931,10.085,1605752,none,AKShare/新浪基金历史,2026-09-04T01:02:29.548814+08:00
180201,2024-04-25,10.025,10.025,9.817,9.951,2703226,none,AKShare/新浪基金历史,2026-09-04T01:02:29.548814+08:00
180201,2024-04-26,9.95,10.015,9.909,9.959,1777367,none,AKShare/新浪基金历史,2026-09-04T01:02:29.548814+08:00
180201,2024-04-29,9.949,9.949,9.784,9.795,2687406,none,AKShare/新浪基金历史,2026-09-04T01:02:29.548814+08:00
180201,2024-04-30,9.789,9.789,9.731,9.762,2364566,none,AKShare/新浪基金历史,2026-09-04T01:02:29.548814+08:00
180201,2024-05-06,9.754,9.767,9.71,9.74,2005252,none,AKShare/新浪基金历史,2026-09-04T01:02:29.548814+08:00
180201,2024-05-07,9.74,9.788,9.727,9.779,1328112,none,AKShare/新浪基金历史,2026-09-04T01:02:29.548814+08:00
180201,2024-05-08,9.782,9.799,9.78,9.79,1404845,none,AKShare/新浪基金历史,2026-09-04T01:02:29.548814+08:00
180201,2024-05-09,9.79,9.79,9.748,9.764,1515186,none,AKShare/新浪基金历史,2026-09-04T01:02:29.548814+08:00
180201,2024-05-10,9.75,9.798,9.687,9.79,2343420,none,AKShare/新浪基金历史,2026-09-04T01:02:29.548814+08:00
180201,2024-05-13,9.787,9.787,9.68,9.719,2615506,none,AKShare/新浪基金历史,2026-09-04T01:02:29.548814+08:00
180201,2024-05-14,9.7,9.782,9.645,9.65,1660596,none,AKShare/新浪基金历史,2026-09-04T01:02:29.548814+08:00
180201,2024-05-15,9.649,9.659,9.566,9.6,3162098,none,AKShare/新浪基金历史,2026-09-04T01:02:29.548814+08:00
180201,2024-05-16,9.594,9.6,9.47,9.58,3796815,none,AKShare/新浪基金历史,2026-09-04T01:02:29.548814+08:00
180201,2024-05-17,9.579,9.62,9.531,9.62,1713226,none,AKShare/新浪基金历史,2026-09-04T01:02:29.548814+08:00
180201,2024-05-20,9.601,9.626,9.561,9.6,1677744,none,AKShare/新浪基金历史,2026-09-04T01:02:29.548814+08:00
180201,2024-05-21,9.581,9.598,9.518,9.556,3625267,none,AKShare/新浪基金历史,2026-09-04T01:02:29.548814+08:00
180201,2024-05-22,9.537,9.548,9.491,9.548,3088850,none,AKShare/新浪基金历史,2026-09-04T01:02:29.548814+08:00
180201,2024-05-23,9.547,9.548,9.503,9.548,1660928,none,AKShare/新浪基金历史,2026-09-04T01:02:29.548814+08:00
180201,2024-05-24,9.54,9.594,9.529,9.593,1500319,none,AKShare/新浪基金历史,2026-09-04T01:02:29.548814+08:00
180201,2024-05-27,9.593,9.629,9.562,9.597,1495587,none,AKShare/新浪基金历史,2026-09-04T01:02:29.548814+08:00
180201,2024-05-28,9.596,9.619,9.485,9.485,2026399,none,AKShare/新浪基金历史,2026-09-04T01:02:29.548814+08:00
180201,2024-05-29,9.485,9.55,9.473,9.485,3279196,none,AKShare/新浪基金历史,2026-09-04T01:02:29.548814+08:00
180201,2024-05-30,9.47,9.48,9.429,9.454,2977914,none,AKShare/新浪基金历史,2026-09-04T01:02:29.548814+08:00
180201,2024-05-31,9.444,9.45,9.386,9.411,3052015,none,AKShare/新浪基金历史,2026-09-04T01:02:29.548814+08:00
180201,2024-06-03,9.406,9.429,9.38,9.398,2802457,none,AKShare/新浪基金历史,2026-09-04T01:02:29.548814+08:00
180201,2024-06-04,9.39,9.47,9.37,9.47,1477213,none,AKShare/新浪基金历史,2026-09-04T01:02:29.548814+08:00
180201,2024-06-05,9.474,9.576,9.471,9.562,1045890,none,AKShare/新浪基金历史,2026-09-04T01:02:29.548814+08:00
180201,2024-06-06,9.55,9.62,9.522,9.6,1840780,none,AKShare/新浪基金历史,2026-09-04T01:02:29.548814+08:00
180201,2024-06-07,9.6,9.63,9.551,9.605,1606596,none,AKShare/新浪基金历史,2026-09-04T01:02:29.548814+08:00
180201,2024-06-11,9.605,9.629,9.562,9.59,1202198,none,AKShare/新浪基金历史,2026-09-04T01:02:29.548814+08:00
180201,2024-06-12,9.565,9.599,9.51,9.54,1584099,none,AKShare/新浪基金历史,2026-09-04T01:02:29.548814+08:00
180201,2024-06-13,9.5,9.539,9.44,9.528,2083254,none,AKShare/新浪基金历史,2026-09-04T01:02:29.548814+08:00
180201,2024-06-14,9.488,9.511,9.488,9.509,1486016,none,AKShare/新浪基金历史,2026-09-04T01:02:29.548814+08:00
180201,2024-06-17,9.498,9.51,9.481,9.505,1099688,none,AKShare/新浪基金历史,2026-09-04T01:02:29.548814+08:00
180201,2024-06-18,9.48,9.505,9.442,9.49,1265965,none,AKShare/新浪基金历史,2026-09-04T01:02:29.548814+08:00
180201,2024-06-19,9.474,9.5,9.453,9.468,1315680,none,AKShare/新浪基金历史,2026-09-04T01:02:29.548814+08:00
180201,2024-06-20,9.452,9.468,9.421,9.468,968095,none,AKShare/新浪基金历史,2026-09-04T01:02:29.548814+08:00
180201,2024-06-21,9.432,9.515,9.411,9.47,701618,none,AKShare/新浪基金历史,2026-09-04T01:02:29.548814+08:00
180201,2024-06-24,9.469,9.541,9.452,9.54,1488956,none,AKShare/新浪基金历史,2026-09-04T01:02:29.548814+08:00
180201,2024-06-25,9.54,9.579,9.475,9.497,1150397,none,AKShare/新浪基金历史,2026-09-04T01:02:29.548814+08:00
180201,2024-06-26,9.471,9.518,9.431,9.518,1999260,none,AKShare/新浪基金历史,2026-09-04T01:02:29.548814+08:00
180201,2024-06-27,9.519,9.596,9.482,9.58,844319,none,AKShare/新浪基金历史,2026-09-04T01:02:29.548814+08:00
180201,2024-06-28,9.58,9.6,9.54,9.6,1359403,none,AKShare/新浪基金历史,2026-09-04T01:02:29.548814+08:00
180201,2024-07-01,9.598,9.598,9.553,9.587,1526096,none,AKShare/新浪基金历史,2026-09-04T01:02:29.548814+08:00
180201,2024-07-02,9.552,9.642,9.552,9.64,989888,none,AKShare/新浪基金历史,2026-09-04T01:02:29.548814+08:00
180201,2024-07-03,9.644,9.646,9.618,9.637,952179,none,AKShare/新浪基金历史,2026-09-04T01:02:29.548814+08:00
180201,2024-07-04,9.637,9.665,9.615,9.665,1161781,none,AKShare/新浪基金历史,2026-09-04T01:02:29.548814+08:00
180201,2024-07-05,9.652,9.7,9.6,9.639,2157789,none,AKShare/新浪基金历史,2026-09-04T01:02:29.548814+08:00
180201,2024-07-08,9.603,9.642,9.58,9.604,1242065,none,AKShare/新浪基金历史,2026-09-04T01:02:29.548814+08:00
180201,2024-07-09,9.593,9.608,9.556,9.568,1324088,none,AKShare/新浪基金历史,2026-09-04T01:02:29.548814+08:00
180201,2024-07-10,9.551,9.572,9.533,9.559,586949,none,AKShare/新浪基金历史,2026-09-04T01:02:29.548814+08:00
180201,2024-07-11,9.621,9.631,9.542,9.58,913428,none,AKShare/新浪基金历史,2026-09-04T01:02:29.548814+08:00
180201,2024-07-12,9.58,9.638,9.533,9.592,668954,none,AKShare/新浪基金历史,2026-09-04T01:02:29.548814+08:00
180201,2024-07-15,9.584,9.654,9.581,9.654,1057610,none,AKShare/新浪基金历史,2026-09-04T01:02:29.548814+08:00
180201,2024-07-16,9.626,9.692,9.607,9.673,1004212,none,AKShare/新浪基金历史,2026-09-04T01:02:29.548814+08:00
180201,2024-07-17,9.667,9.689,9.634,9.685,969255,none,AKShare/新浪基金历史,2026-09-04T01:02:29.548814+08:00
180201,2024-07-18,9.69,9.69,9.646,9.673,394956,none,AKShare/新浪基金历史,2026-09-04T01:02:29.548814+08:00
180201,2024-07-19,9.673,9.708,9.632,9.702,1211294,none,AKShare/新浪基金历史,2026-09-04T01:02:29.548814+08:00
180201,2024-07-22,9.702,9.724,9.64,9.69,1925767,none,AKShare/新浪基金历史,2026-09-04T01:02:29.548814+08:00
180201,2024-07-23,9.668,9.718,9.582,9.62,2727692,none,AKShare/新浪基金历史,2026-09-04T01:02:29.548814+08:00
180201,2024-07-24,9.619,9.619,9.571,9.571,962969,none,AKShare/新浪基金历史,2026-09-04T01:02:29.548814+08:00
180201,2024-07-25,9.561,9.581,9.555,9.564,528076,none,AKShare/新浪基金历史,2026-09-04T01:02:29.548814+08:00
180201,2024-07-26,9.561,9.618,9.531,9.6,1138034,none,AKShare/新浪基金历史,2026-09-04T01:02:29.548814+08:00
180201,2024-07-29,9.66,9.66,9.605,9.634,1033406,none,AKShare/新浪基金历史,2026-09-04T01:02:29.548814+08:00
180201,2024-07-30,9.634,9.69,9.604,9.666,1017555,none,AKShare/新浪基金历史,2026-09-04T01:02:29.548814+08:00
180201,2024-07-31,9.666,9.748,9.666,9.747,795225,none,AKShare/新浪基金历史,2026-09-04T01:02:29.548814+08:00
180201,2024-08-01,9.745,9.785,9.675,9.785,2055098,none,AKShare/新浪基金历史,2026-09-04T01:02:29.548814+08:00
180201,2024-08-02,9.783,9.79,9.733,9.785,1139365,none,AKShare/新浪基金历史,2026-09-04T01:02:29.548814+08:00
180201,2024-08-05,9.56,9.639,9.56,9.588,1025989,none,AKShare/新浪基金历史,2026-09-04T01:02:29.548814+08:00
180201,2024-08-06,9.589,9.6,9.521,9.595,1454945,none,AKShare/新浪基金历史,2026-09-04T01:02:29.548814+08:00
180201,2024-08-07,9.561,9.691,9.535,9.691,3446252,none,AKShare/新浪基金历史,2026-09-04T01:02:29.548814+08:00
180201,2024-08-08,9.693,9.889,9.664,9.769,2821634,none,AKShare/新浪基金历史,2026-09-04T01:02:29.548814+08:00
180201,2024-08-09,9.763,9.8,9.692,9.79,1463787,none,AKShare/新浪基金历史,2026-09-04T01:02:29.548814+08:00
180201,2024-08-12,9.796,9.878,9.686,9.876,1581517,none,AKShare/新浪基金历史,2026-09-04T01:02:29.548814+08:00
180201,2024-08-13,9.879,9.888,9.8,9.88,1414383,none,AKShare/新浪基金历史,2026-09-04T01:02:29.548814+08:00
180201,2024-08-14,9.879,9.982,9.847,9.977,1759929,none,AKShare/新浪基金历史,2026-09-04T01:02:29.548814+08:00
180201,2024-08-15,9.98,10.048,9.936,10.048,1187942,none,AKShare/新浪基金历史,2026-09-04T01:02:29.548814+08:00
180201,2024-08-16,10.05,10.05,9.893,9.97,1577003,none,AKShare/新浪基金历史,2026-09-04T01:02:29.548814+08:00
180201,2024-08-19,9.97,10.028,9.946,9.983,835999,none,AKShare/新浪基金历史,2026-09-04T01:02:29.548814+08:00
180201,2024-08-20,9.982,10.078,9.95,9.96,1841104,none,AKShare/新浪基金历史,2026-09-04T01:02:29.548814+08:00
180201,2024-08-21,9.95,9.95,9.88,9.91,2151644,none,AKShare/新浪基金历史,2026-09-04T01:02:29.548814+08:00
180201,2024-08-22,9.9,9.94,9.758,9.764,1426625,none,AKShare/新浪基金历史,2026-09-04T01:02:29.548814+08:00
180201,2024-08-23,9.759,9.761,9.712,9.727,1216174,none,AKShare/新浪基金历史,2026-09-04T01:02:29.548814+08:00
180201,2024-08-26,9.717,9.739,9.68,9.714,1381147,none,AKShare/新浪基金历史,2026-09-04T01:02:29.548814+08:00
180201,2024-08-27,9.714,9.78,9.664,9.777,1610988,none,AKShare/新浪基金历史,2026-09-04T01:02:29.548814+08:00
180201,2024-08-28,9.779,9.819,9.759,9.807,1054918,none,AKShare/新浪基金历史,2026-09-04T01:02:29.548814+08:00
180201,2024-08-29,9.804,9.849,9.599,9.691,4180164,none,AKShare/新浪基金历史,2026-09-04T01:02:29.548814+08:00
180201,2024-08-30,9.685,9.699,9.642,9.696,1163966,none,AKShare/新浪基金历史,2026-09-04T01:02:29.548814+08:00
180201,2024-09-02,9.693,9.779,9.66,9.77,862753,none,AKShare/新浪基金历史,2026-09-04T01:02:29.548814+08:00
180201,2024-09-03,9.77,9.77,9.704,9.77,1046518,none,AKShare/新浪基金历史,2026-09-04T01:02:29.548814+08:00
180201,2024-09-04,9.746,9.77,9.65,9.704,930540,none,AKShare/新浪基金历史,2026-09-04T01:02:29.548814+08:00
180201,2024-09-05,9.667,9.78,9.667,9.73,1727543,none,AKShare/新浪基金历史,2026-09-04T01:02:29.548814+08:00
180201,2024-09-06,9.693,9.775,9.693,9.765,1278520,none,AKShare/新浪基金历史,2026-09-04T01:02:29.548814+08:00
180201,2024-09-09,9.759,9.775,9.682,9.7,1403217,none,AKShare/新浪基金历史,2026-09-04T01:02:29.548814+08:00
180201,2024-09-10,9.67,9.708,9.581,9.627,1045163,none,AKShare/新浪基金历史,2026-09-04T01:02:29.548814+08:00
180201,2024-09-11,9.626,9.657,9.6,9.63,1612157,none,AKShare/新浪基金历史,2026-09-04T01:02:29.548814+08:00
180201,2024-09-12,9.724,9.724,9.586,9.589,462749,none,AKShare/新浪基金历史,2026-09-04T01:02:29.548814+08:00
180201,2024-09-13,9.55,9.673,9.533,9.549,803772,none,AKShare/新浪基金历史,2026-09-04T01:02:29.548814+08:00
180201,2024-09-18,9.545,9.598,9.49,9.53,828307,none,AKShare/新浪基金历史,2026-09-04T01:02:29.548814+08:00
180201,2024-09-19,9.49,9.519,9.424,9.445,1689086,none,AKShare/新浪基金历史,2026-09-04T01:02:29.548814+08:00
180201,2024-09-20,9.445,9.5,9.402,9.484,1333884,none,AKShare/新浪基金历史,2026-09-04T01:02:29.548814+08:00
180201,2024-09-23,9.485,9.517,9.44,9.445,867873,none,AKShare/新浪基金历史,2026-09-04T01:02:29.548814+08:00
180201,2024-09-24,9.441,9.485,9.441,9.458,771459,none,AKShare/新浪基金历史,2026-09-04T01:02:29.548814+08:00
180201,2024-09-25,9.458,9.562,9.458,9.557,876555,none,AKShare/新浪基金历史,2026-09-04T01:02:29.548814+08:00
180201,2024-09-26,9.557,9.574,9.502,9.56,971197,none,AKShare/新浪基金历史,2026-09-04T01:02:29.548814+08:00
180201,2024-09-27,9.559,9.569,9.521,9.532,601154,none,AKShare/新浪基金历史,2026-09-04T01:02:29.548814+08:00
180201,2024-09-30,9.524,9.524,9.417,9.455,1610966,none,AKShare/新浪基金历史,2026-09-04T01:02:29.548814+08:00
180201,2024-10-08,9.436,9.452,9.235,9.293,2969757,none,AKShare/新浪基金历史,2026-09-04T01:02:29.548814+08:00
180201,2024-10-09,9.288,9.305,9.077,9.109,2175297,none,AKShare/新浪基金历史,2026-09-04T01:02:29.548814+08:00
180201,2024-10-10,9.1,9.17,9.043,9.17,1191711,none,AKShare/新浪基金历史,2026-09-04T01:02:29.548814+08:00
180201,2024-10-11,9.17,9.35,9.17,9.35,1644459,none,AKShare/新浪基金历史,2026-09-04T01:02:29.548814+08:00
180201,2024-10-14,9.348,9.359,9.305,9.345,1347346,none,AKShare/新浪基金历史,2026-09-04T01:02:29.548814+08:00
180201,2024-10-15,9.345,9.368,9.342,9.343,1489250,none,AKShare/新浪基金历史,2026-09-04T01:02:29.548814+08:00
180201,2024-10-16,9.319,9.345,9.313,9.341,1305227,none,AKShare/新浪基金历史,2026-09-04T01:02:29.548814+08:00
180201,2024-10-17,9.301,9.375,9.301,9.301,1567532,none,AKShare/新浪基金历史,2026-09-04T01:02:29.548814+08:00
180201,2024-10-18,9.35,9.35,9.261,9.267,1319844,none,AKShare/新浪基金历史,2026-09-04T01:02:29.548814+08:00
180201,2024-10-21,9.28,9.337,9.267,9.291,900461,none,AKShare/新浪基金历史,2026-09-04T01:02:29.548814+08:00
180201,2024-10-22,9.291,9.339,9.261,9.299,1497348,none,AKShare/新浪基金历史,2026-09-04T01:02:29.548814+08:00
180201,2024-10-23,9.27,9.3,9.225,9.249,1307169,none,AKShare/新浪基金历史,2026-09-04T01:02:29.548814+08:00
180201,2024-10-24,9.225,9.257,9.224,9.239,869413,none,AKShare/新浪基金历史,2026-09-04T01:02:29.548814+08:00
180201,2024-10-25,9.286,9.298,9.2,9.25,775424,none,AKShare/新浪基金历史,2026-09-04T01:02:29.548814+08:00
180201,2024-10-28,9.245,9.296,9.21,9.295,874189,none,AKShare/新浪基金历史,2026-09-04T01:02:29.548814+08:00
180201,2024-10-29,9.259,9.397,9.259,9.366,1129282,none,AKShare/新浪基金历史,2026-09-04T01:02:29.548814+08:00
180201,2024-10-30,9.366,9.375,9.299,9.332,734356,none,AKShare/新浪基金历史,2026-09-04T01:02:29.548814+08:00
180201,2024-10-31,9.359,9.395,9.323,9.383,1050313,none,AKShare/新浪基金历史,2026-09-04T01:02:29.548814+08:00
180201,2024-11-01,9.386,9.412,9.386,9.407,905489,none,AKShare/新浪基金历史,2026-09-04T01:02:29.548814+08:00
180201,2024-11-04,9.417,9.417,9.377,9.396,1108423,none,AKShare/新浪基金历史,2026-09-04T01:02:29.548814+08:00
180201,2024-11-05,9.398,9.437,9.332,9.401,907302,none,AKShare/新浪基金历史,2026-09-04T01:02:29.548814+08:00
180201,2024-11-06,9.361,9.408,9.361,9.388,623652,none,AKShare/新浪基金历史,2026-09-04T01:02:29.548814+08:00
180201,2024-11-07,9.388,9.406,9.36,9.38,355591,none,AKShare/新浪基金历史,2026-09-04T01:02:29.548814+08:00
180201,2024-11-08,9.372,9.405,9.34,9.405,993049,none,AKShare/新浪基金历史,2026-09-04T01:02:29.548814+08:00
180201,2024-11-11,9.395,9.428,9.365,9.418,565836,none,AKShare/新浪基金历史,2026-09-04T01:02:29.548814+08:00
180201,2024-11-12,9.418,9.468,9.411,9.465,616473,none,AKShare/新浪基金历史,2026-09-04T01:02:29.548814+08:00
180201,2024-11-13,9.465,9.469,9.438,9.464,836085,none,AKShare/新浪基金历史,2026-09-04T01:02:29.548814+08:00
180201,2024-11-14,9.483,9.486,9.39,9.39,471731,none,AKShare/新浪基金历史,2026-09-04T01:02:29.548814+08:00
180201,2024-11-15,9.401,9.401,9.305,9.388,971048,none,AKShare/新浪基金历史,2026-09-04T01:02:29.548814+08:00
180201,2024-11-18,9.362,9.362,9.281,9.285,1176481,none,AKShare/新浪基金历史,2026-09-04T01:02:29.548814+08:00
180201,2024-11-19,9.315,9.315,9.251,9.306,13421693,none,AKShare/新浪基金历史,2026-09-04T01:02:29.548814+08:00
180201,2024-11-20,9.306,9.361,9.258,9.32,1542118,none,AKShare/新浪基金历史,2026-09-04T01:02:29.548814+08:00
180201,2024-11-21,9.323,9.323,9.25,9.255,752804,none,AKShare/新浪基金历史,2026-09-04T01:02:29.548814+08:00
180201,2024-11-22,9.255,9.313,9.255,9.296,805256,none,AKShare/新浪基金历史,2026-09-04T01:02:29.548814+08:00
180201,2024-11-25,9.28,9.301,9.26,9.292,671090,none,AKShare/新浪基金历史,2026-09-04T01:02:29.548814+08:00
180201,2024-11-26,9.284,9.305,9.26,9.274,666979,none,AKShare/新浪基金历史,2026-09-04T01:02:29.548814+08:00
180201,2024-11-27,9.272,9.297,9.271,9.28,789990,none,AKShare/新浪基金历史,2026-09-04T01:02:29.548814+08:00
180201,2024-11-28,9.278,9.295,9.271,9.29,619905,none,AKShare/新浪基金历史,2026-09-04T01:02:29.548814+08:00
180201,2024-11-29,9.295,9.335,9.269,9.296,680062,none,AKShare/新浪基金历史,2026-09-04T01:02:29.548814+08:00
180201,2024-12-02,9.298,9.303,9.276,9.292,954619,none,AKShare/新浪基金历史,2026-09-04T01:02:29.548814+08:00
180201,2024-12-03,9.28,9.317,9.28,9.3,497467,none,AKShare/新浪基金历史,2026-09-04T01:02:29.548814+08:00
180201,2024-12-04,9.3,9.335,9.285,9.308,689708,none,AKShare/新浪基金历史,2026-09-04T01:02:29.548814+08:00
180201,2024-12-05,9.293,9.308,9.284,9.284,662609,none,AKShare/新浪基金历史,2026-09-04T01:02:29.548814+08:00
180201,2024-12-06,9.303,9.303,9.275,9.283,810469,none,AKShare/新浪基金历史,2026-09-04T01:02:29.548814+08:00
180201,2024-12-09,9.283,9.299,9.273,9.282,856415,none,AKShare/新浪基金历史,2026-09-04T01:02:29.548814+08:00
180201,2024-12-10,9.282,9.326,9.272,9.324,831965,none,AKShare/新浪基金历史,2026-09-04T01:02:29.548814+08:00
180201,2024-12-11,9.349,9.477,9.299,9.4,3022241,none,AKShare/新浪基金历史,2026-09-04T01:02:29.548814+08:00
180201,2024-12-12,9.41,9.444,9.399,9.41,1739704,none,AKShare/新浪基金历史,2026-09-04T01:02:29.548814+08:00
180201,2024-12-13,9.419,9.444,9.373,9.404,1619462,none,AKShare/新浪基金历史,2026-09-04T01:02:29.548814+08:00
180201,2024-12-16,9.114,9.141,9.017,9.06,1015156,none,AKShare/新浪基金历史,2026-09-04T01:02:29.548814+08:00
180201,2024-12-17,9.06,9.132,9.055,9.06,1584414,none,AKShare/新浪基金历史,2026-09-04T01:02:29.548814+08:00
180201,2024-12-18,9.052,9.071,9.018,9.029,1955653,none,AKShare/新浪基金历史,2026-09-04T01:02:29.548814+08:00
180201,2024-12-19,9.029,9.035,8.93,8.944,1802432,none,AKShare/新浪基金历史,2026-09-04T01:02:29.548814+08:00
180201,2024-12-20,8.955,8.997,8.95,8.974,1472288,none,AKShare/新浪基金历史,2026-09-04T01:02:29.548814+08:00
180201,2024-12-23,8.974,9.055,8.974,9.055,1879344,none,AKShare/新浪基金历史,2026-09-04T01:02:29.548814+08:00
180201,2024-12-24,9.055,9.062,8.999,9.001,1130580,none,AKShare/新浪基金历史,2026-09-04T01:02:29.548814+08:00
180201,2024-12-25,9.001,9.049,8.98,9.038,1150611,none,AKShare/新浪基金历史,2026-09-04T01:02:29.548814+08:00
180201,2024-12-26,9.038,9.073,9.026,9.068,3817292,none,AKShare/新浪基金历史,2026-09-04T01:02:29.548814+08:00
180201,2024-12-27,9.068,9.117,9.053,9.117,1645534,none,AKShare/新浪基金历史,2026-09-04T01:02:29.548814+08:00
180201,2024-12-30,9.117,9.2,9.117,9.192,1545485,none,AKShare/新浪基金历史,2026-09-04T01:02:29.548814+08:00
180201,2024-12-31,9.195,9.238,9.192,9.225,1624709,none,AKShare/新浪基金历史,2026-09-04T01:02:29.548814+08:00
180201,2025-01-02,9.208,9.291,9.208,9.274,1520786,none,AKShare/新浪基金历史,2026-09-04T01:02:29.548814+08:00
180201,2025-01-03,9.295,9.367,9.278,9.291,3992151,none,AKShare/新浪基金历史,2026-09-04T01:02:29.548814+08:00
180201,2025-01-06,9.3,9.387,9.291,9.353,8007531,none,AKShare/新浪基金历史,2026-09-04T01:02:29.548814+08:00
180201,2025-01-07,9.355,9.355,9.204,9.247,2093224,none,AKShare/新浪基金历史,2026-09-04T01:02:29.548814+08:00
180201,2025-01-08,9.237,9.274,9.17,9.252,1808077,none,AKShare/新浪基金历史,2026-09-04T01:02:29.548814+08:00
180201,2025-01-09,9.263,9.351,9.252,9.35,1681350,none,AKShare/新浪基金历史,2026-09-04T01:02:29.548814+08:00
180201,2025-01-10,9.354,9.443,9.316,9.378,1718868,none,AKShare/新浪基金历史,2026-09-04T01:02:29.548814+08:00
180201,2025-01-13,9.378,9.4,9.3,9.306,1662086,none,AKShare/新浪基金历史,2026-09-04T01:02:29.548814+08:00
180201,2025-01-14,9.304,9.304,9.171,9.192,2186373,none,AKShare/新浪基金历史,2026-09-04T01:02:29.548814+08:00
180201,2025-01-15,9.184,9.302,9.171,9.24,1939321,none,AKShare/新浪基金历史,2026-09-04T01:02:29.548814+08:00
180201,2025-01-16,9.244,9.246,8.989,9.181,3376822,none,AKShare/新浪基金历史,2026-09-04T01:02:29.548814+08:00
180201,2025-01-17,9.159,9.176,9.089,9.164,1362541,none,AKShare/新浪基金历史,2026-09-04T01:02:29.548814+08:00
180201,2025-01-20,9.17,9.226,9.098,9.22,1569143,none,AKShare/新浪基金历史,2026-09-04T01:02:29.548814+08:00
180201,2025-01-21,9.225,9.298,9.17,9.272,2151345,none,AKShare/新浪基金历史,2026-09-04T01:02:29.548814+08:00
180201,2025-01-22,9.272,9.319,9.23,9.316,2684976,none,AKShare/新浪基金历史,2026-09-04T01:02:29.548814+08:00
180201,2025-01-23,9.307,9.361,9.265,9.361,1283430,none,AKShare/新浪基金历史,2026-09-04T01:02:29.548814+08:00
180201,2025-01-24,9.361,9.361,9.253,9.263,1543677,none,AKShare/新浪基金历史,2026-09-04T01:02:29.548814+08:00
180201,2025-01-27,9.249,9.32,9.249,9.278,1380262,none,AKShare/新浪基金历史,2026-09-04T01:02:29.548814+08:00
180201,2025-02-05,9.278,9.278,9.215,9.257,1451312,none,AKShare/新浪基金历史,2026-09-04T01:02:29.548814+08:00
180201,2025-02-06,9.268,9.291,9.25,9.261,1473424,none,AKShare/新浪基金历史,2026-09-04T01:02:29.548814+08:00
180201,2025-02-07,9.261,9.275,9.222,9.26,1168073,none,AKShare/新浪基金历史,2026-09-04T01:02:29.548814+08:00
180201,2025-02-10,9.26,9.482,9.24,9.392,2849359,none,AKShare/新浪基金历史,2026-09-04T01:02:29.548814+08:00
180201,2025-02-11,9.394,9.639,9.346,9.623,2060651,none,AKShare/新浪基金历史,2026-09-04T01:02:29.548814+08:00
180201,2025-02-12,9.623,9.631,9.54,9.542,1843862,none,AKShare/新浪基金历史,2026-09-04T01:02:29.548814+08:00
180201,2025-02-13,9.534,9.534,9.46,9.499,1370681,none,AKShare/新浪基金历史,2026-09-04T01:02:29.548814+08:00
180201,2025-02-14,9.494,9.536,9.46,9.526,863283,none,AKShare/新浪基金历史,2026-09-04T01:02:29.548814+08:00
180201,2025-02-17,9.568,9.661,9.534,9.627,1785202,none,AKShare/新浪基金历史,2026-09-04T01:02:29.548814+08:00
180201,2025-02-18,9.588,9.655,9.575,9.575,1247870,none,AKShare/新浪基金历史,2026-09-04T01:02:29.548814+08:00
180201,2025-02-19,9.574,9.574,9.48,9.485,1625107,none,AKShare/新浪基金历史,2026-09-04T01:02:29.548814+08:00
180201,2025-02-20,9.485,9.67,9.482,9.629,2312683,none,AKShare/新浪基金历史,2026-09-04T01:02:29.548814+08:00
180201,2025-02-21,9.632,9.728,9.611,9.682,1725210,none,AKShare/新浪基金历史,2026-09-04T01:02:29.548814+08:00
180201,2025-02-24,9.682,9.682,9.58,9.58,943260,none,AKShare/新浪基金历史,2026-09-04T01:02:29.548814+08:00
180201,2025-02-25,9.58,9.58,9.417,9.42,1796997,none,AKShare/新浪基金历史,2026-09-04T01:02:29.548814+08:00
180201,2025-02-26,9.42,9.448,9.382,9.386,1269573,none,AKShare/新浪基金历史,2026-09-04T01:02:29.548814+08:00
180201,2025-02-27,9.385,9.402,9.351,9.374,1808896,none,AKShare/新浪基金历史,2026-09-04T01:02:29.548814+08:00
180201,2025-02-28,9.376,9.397,9.344,9.354,1784811,none,AKShare/新浪基金历史,2026-09-04T01:02:29.548814+08:00
180201,2025-03-03,9.362,9.383,9.323,9.38,2499687,none,AKShare/新浪基金历史,2026-09-04T01:02:29.548814+08:00
180201,2025-03-04,9.378,9.434,9.373,9.399,1512681,none,AKShare/新浪基金历史,2026-09-04T01:02:29.548814+08:00
180201,2025-03-05,9.391,9.398,9.353,9.356,1451043,none,AKShare/新浪基金历史,2026-09-04T01:02:29.548814+08:00
180201,2025-03-06,9.355,9.369,9.314,9.325,1277526,none,AKShare/新浪基金历史,2026-09-04T01:02:29.548814+08:00
180201,2025-03-07,9.325,9.326,9.306,9.326,1113534,none,AKShare/新浪基金历史,2026-09-04T01:02:29.548814+08:00
180201,2025-03-10,9.326,9.41,9.326,9.395,1213218,none,AKShare/新浪基金历史,2026-09-04T01:02:29.548814+08:00
180201,2025-03-11,9.395,9.395,9.357,9.374,1477589,none,AKShare/新浪基金历史,2026-09-04T01:02:29.548814+08:00
180201,2025-03-12,9.373,9.373,9.322,9.341,962465,none,AKShare/新浪基金历史,2026-09-04T01:02:29.548814+08:00
180201,2025-03-13,9.338,9.371,9.327,9.357,834125,none,AKShare/新浪基金历史,2026-09-04T01:02:29.548814+08:00
180201,2025-03-14,9.357,9.383,9.315,9.371,1169288,none,AKShare/新浪基金历史,2026-09-04T01:02:29.548814+08:00
180201,2025-03-17,9.371,9.404,9.358,9.384,869010,none,AKShare/新浪基金历史,2026-09-04T01:02:29.548814+08:00
180201,2025-03-18,9.376,9.457,9.375,9.441,1421238,none,AKShare/新浪基金历史,2026-09-04T01:02:29.548814+08:00
180201,2025-03-19,9.45,9.459,9.403,9.456,900064,none,AKShare/新浪基金历史,2026-09-04T01:02:29.548814+08:00
180201,2025-03-20,9.46,9.525,9.44,9.45,1391398,none,AKShare/新浪基金历史,2026-09-04T01:02:29.548814+08:00
180201,2025-03-21,9.45,9.488,9.421,9.434,973224,none,AKShare/新浪基金历史,2026-09-04T01:02:29.548814+08:00
180201,2025-03-24,9.424,9.424,9.357,9.37,1195296,none,AKShare/新浪基金历史,2026-09-04T01:02:29.548814+08:00
180201,2025-03-25,9.365,9.413,9.365,9.4,1085408,none,AKShare/新浪基金历史,2026-09-04T01:02:29.548814+08:00
180201,2025-03-26,9.4,9.413,9.393,9.4,1117788,none,AKShare/新浪基金历史,2026-09-04T01:02:29.548814+08:00
180201,2025-03-27,9.382,9.454,9.382,9.43,1141879,none,AKShare/新浪基金历史,2026-09-04T01:02:29.548814+08:00
180201,2025-03-28,9.43,9.526,9.43,9.5,1377396,none,AKShare/新浪基金历史,2026-09-04T01:02:29.548814+08:00
180201,2025-03-31,9.505,9.564,9.461,9.466,1465896,none,AKShare/新浪基金历史,2026-09-04T01:02:29.548814+08:00
180201,2025-04-01,9.466,9.564,9.41,9.562,2219056,none,AKShare/新浪基金历史,2026-09-04T01:02:29.548814+08:00
180201,2025-04-02,9.451,9.451,9.363,9.369,1382564,none,AKShare/新浪基金历史,2026-09-04T01:02:29.548814+08:00
180201,2025-04-03,9.369,9.369,9.332,9.338,849247,none,AKShare/新浪基金历史,2026-09-04T01:02:29.548814+08:00
180201,2025-04-07,9.336,9.336,9.149,9.149,1693475,none,AKShare/新浪基金历史,2026-09-04T01:02:29.548814+08:00
180201,2025-04-08,9.151,9.226,9.086,9.148,1345386,none,AKShare/新浪基金历史,2026-09-04T01:02:29.548814+08:00
180201,2025-04-09,9.145,9.178,9.101,9.15,1252351,none,AKShare/新浪基金历史,2026-09-04T01:02:29.548814+08:00
180201,2025-04-10,9.147,9.154,9.113,9.119,1801616,none,AKShare/新浪基金历史,2026-09-04T01:02:29.548814+08:00
180201,2025-04-11,9.12,9.198,9.12,9.176,700582,none,AKShare/新浪基金历史,2026-09-04T01:02:29.548814+08:00
180201,2025-04-14,9.178,9.209,9.156,9.164,954803,none,AKShare/新浪基金历史,2026-09-04T01:02:29.548814+08:00
180201,2025-04-15,9.168,9.187,9.156,9.177,756897,none,AKShare/新浪基金历史,2026-09-04T01:02:29.548814+08:00
180201,2025-04-16,9.174,9.198,9.164,9.189,761369,none,AKShare/新浪基金历史,2026-09-04T01:02:29.548814+08:00
180201,2025-04-17,9.195,9.221,9.178,9.22,951500,none,AKShare/新浪基金历史,2026-09-04T01:02:29.548814+08:00
180201,2025-04-18,9.205,9.205,9.176,9.189,1049454,none,AKShare/新浪基金历史,2026-09-04T01:02:29.548814+08:00
180201,2025-04-21,9.194,9.194,9.116,9.156,1137259,none,AKShare/新浪基金历史,2026-09-04T01:02:29.548814+08:00
180201,2025-04-22,9.152,9.207,9.11,9.205,1043996,none,AKShare/新浪基金历史,2026-09-04T01:02:29.548814+08:00
180201,2025-04-23,9.208,9.208,9.163,9.206,951985,none,AKShare/新浪基金历史,2026-09-04T01:02:29.548814+08:00
180201,2025-04-24,9.205,9.249,9.186,9.24,1625553,none,AKShare/新浪基金历史,2026-09-04T01:02:29.548814+08:00
180201,2025-04-25,9.245,9.249,9.205,9.207,890393,none,AKShare/新浪基金历史,2026-09-04T01:02:29.548814+08:00
180201,2025-04-28,9.204,9.225,9.19,9.203,953856,none,AKShare/新浪基金历史,2026-09-04T01:02:29.548814+08:00
180201,2025-04-29,9.22,9.234,9.181,9.221,648893,none,AKShare/新浪基金历史,2026-09-04T01:02:29.548814+08:00
180201,2025-04-30,9.15,9.224,9.15,9.221,634522,none,AKShare/新浪基金历史,2026-09-04T01:02:29.548814+08:00
180201,2025-05-06,9.193,9.238,9.192,9.238,631230,none,AKShare/新浪基金历史,2026-09-04T01:02:29.548814+08:00
180201,2025-05-07,9.238,9.293,9.213,9.28,1365687,none,AKShare/新浪基金历史,2026-09-04T01:02:29.548814+08:00
180201,2025-05-08,9.28,9.288,9.261,9.28,863471,none,AKShare/新浪基金历史,2026-09-04T01:02:29.548814+08:00
180201,2025-05-09,9.278,9.28,9.256,9.264,680929,none,AKShare/新浪基金历史,2026-09-04T01:02:29.548814+08:00
180201,2025-05-12,9.264,9.293,9.256,9.288,841897,none,AKShare/新浪基金历史,2026-09-04T01:02:29.548814+08:00
180201,2025-05-13,9.272,9.322,9.272,9.301,777088,none,AKShare/新浪基金历史,2026-09-04T01:02:29.548814+08:00
180201,2025-05-14,9.301,9.35,9.285,9.35,939327,none,AKShare/新浪基金历史,2026-09-04T01:02:29.548814+08:00
180201,2025-05-15,9.35,9.388,9.318,9.375,1012974,none,AKShare/新浪基金历史,2026-09-04T01:02:29.548814+08:00
180201,2025-05-16,9.355,9.363,9.335,9.335,1099781,none,AKShare/新浪基金历史,2026-09-04T01:02:29.548814+08:00
180201,2025-05-19,9.338,9.338,9.307,9.319,676296,none,AKShare/新浪基金历史,2026-09-04T01:02:29.548814+08:00
180201,2025-05-20,9.309,9.36,9.307,9.344,852933,none,AKShare/新浪基金历史,2026-09-04T01:02:29.548814+08:00
180201,2025-05-21,9.344,9.404,9.336,9.402,1856560,none,AKShare/新浪基金历史,2026-09-04T01:02:29.548814+08:00
180201,2025-05-22,9.4,9.41,9.39,9.402,2094488,none,AKShare/新浪基金历史,2026-09-04T01:02:29.548814+08:00
180201,2025-05-23,9.402,9.412,9.365,9.395,1527396,none,AKShare/新浪基金历史,2026-09-04T01:02:29.548814+08:00
180201,2025-05-26,9.405,9.43,9.381,9.389,747332,none,AKShare/新浪基金历史,2026-09-04T01:02:29.548814+08:00
180201,2025-05-27,9.382,9.418,9.382,9.39,974669,none,AKShare/新浪基金历史,2026-09-04T01:02:29.548814+08:00
180201,2025-05-28,9.381,9.381,9.349,9.36,860109,none,AKShare/新浪基金历史,2026-09-04T01:02:29.548814+08:00
180201,2025-05-29,9.338,9.4,9.331,9.397,590941,none,AKShare/新浪基金历史,2026-09-04T01:02:29.548814+08:00
180201,2025-05-30,9.396,9.418,9.391,9.418,767969,none,AKShare/新浪基金历史,2026-09-04T01:02:29.548814+08:00
180201,2025-06-03,9.418,9.485,9.386,9.483,1160033,none,AKShare/新浪基金历史,2026-09-04T01:02:29.548814+08:00
180201,2025-06-04,9.483,9.609,9.483,9.607,1563585,none,AKShare/新浪基金历史,2026-09-04T01:02:29.548814+08:00
180201,2025-06-05,9.607,9.757,9.586,9.747,1592257,none,AKShare/新浪基金历史,2026-09-04T01:02:29.548814+08:00
180201,2025-06-06,9.712,9.942,9.708,9.778,2389199,none,AKShare/新浪基金历史,2026-09-04T01:02:29.548814+08:00
180201,2025-06-09,9.74,9.777,9.65,9.706,1436539,none,AKShare/新浪基金历史,2026-09-04T01:02:29.548814+08:00
180201,2025-06-10,9.673,9.803,9.646,9.8,1400557,none,AKShare/新浪基金历史,2026-09-04T01:02:29.548814+08:00
180201,2025-06-11,9.76,9.849,9.752,9.815,1033136,none,AKShare/新浪基金历史,2026-09-04T01:02:29.548814+08:00
180201,2025-06-12,9.813,9.893,9.796,9.881,1239772,none,AKShare/新浪基金历史,2026-09-04T01:02:29.548814+08:00
180201,2025-06-13,9.859,9.918,9.812,9.918,2411746,none,AKShare/新浪基金历史,2026-09-04T01:02:29.548814+08:00
180201,2025-06-16,9.917,9.938,9.849,9.921,1297654,none,AKShare/新浪基金历史,2026-09-04T01:02:29.548814+08:00
180201,2025-06-17,9.881,9.927,9.866,9.89,2159528,none,AKShare/新浪基金历史,2026-09-04T01:02:29.548814+08:00
180201,2025-06-18,9.89,9.892,9.808,9.875,2083884,none,AKShare/新浪基金历史,2026-09-04T01:02:29.548814+08:00
180201,2025-06-19,9.836,9.871,9.82,9.831,1810552,none,AKShare/新浪基金历史,2026-09-04T01:02:29.548814+08:00
180201,2025-06-20,9.83,9.83,9.721,9.743,1572572,none,AKShare/新浪基金历史,2026-09-04T01:02:29.548814+08:00
180201,2025-06-23,9.743,9.743,9.686,9.731,1296095,none,AKShare/新浪基金历史,2026-09-04T01:02:29.548814+08:00
180201,2025-06-24,9.73,9.73,9.636,9.66,1227072,none,AKShare/新浪基金历史,2026-09-04T01:02:29.548814+08:00
180201,2025-06-25,9.66,9.66,9.611,9.622,1124717,none,AKShare/新浪基金历史,2026-09-04T01:02:29.548814+08:00
180201,2025-06-26,9.622,9.622,9.59,9.615,988133,none,AKShare/新浪基金历史,2026-09-04T01:02:29.548814+08:00
180201,2025-06-27,9.613,9.67,9.613,9.669,887368,none,AKShare/新浪基金历史,2026-09-04T01:02:29.548814+08:00
180201,2025-06-30,9.659,9.66,9.6,9.601,774948,none,AKShare/新浪基金历史,2026-09-04T01:02:29.548814+08:00
180201,2025-07-01,9.601,9.65,9.582,9.629,824513,none,AKShare/新浪基金历史,2026-09-04T01:02:29.548814+08:00
180201,2025-07-02,9.603,9.725,9.602,9.71,1202748,none,AKShare/新浪基金历史,2026-09-04T01:02:29.548814+08:00
180201,2025-07-03,9.71,9.736,9.657,9.671,1485901,none,AKShare/新浪基金历史,2026-09-04T01:02:29.548814+08:00
180201,2025-07-04,9.692,9.699,9.648,9.699,1521458,none,AKShare/新浪基金历史,2026-09-04T01:02:29.548814+08:00
180201,2025-07-07,9.704,9.704,9.636,9.637,1047188,none,AKShare/新浪基金历史,2026-09-04T01:02:29.548814+08:00
180201,2025-07-08,9.639,9.64,9.587,9.626,1530846,none,AKShare/新浪基金历史,2026-09-04T01:02:29.548814+08:00
180201,2025-07-09,9.598,9.633,9.57,9.584,1343494,none,AKShare/新浪基金历史,2026-09-04T01:02:29.548814+08:00
180201,2025-07-10,9.597,9.61,9.578,9.596,792167,none,AKShare/新浪基金历史,2026-09-04T01:02:29.548814+08:00
180201,2025-07-11,9.61,9.61,9.513,9.517,1846640,none,AKShare/新浪基金历史,2026-09-04T01:02:29.548814+08:00
180201,2025-07-14,9.517,9.557,9.506,9.555,873124,none,AKShare/新浪基金历史,2026-09-04T01:02:29.548814+08:00
180201,2025-07-15,9.551,9.57,9.518,9.564,654091,none,AKShare/新浪基金历史,2026-09-04T01:02:29.548814+08:00
180201,2025-07-16,9.563,9.609,9.55,9.608,821689,none,AKShare/新浪基金历史,2026-09-04T01:02:29.548814+08:00
180201,2025-07-17,9.609,9.612,9.599,9.6,858092,none,AKShare/新浪基金历史,2026-09-04T01:02:29.548814+08:00
180201,2025-07-18,9.602,9.639,9.602,9.625,722228,none,AKShare/新浪基金历史,2026-09-04T01:02:29.548814+08:00
180201,2025-07-21,9.62,9.62,9.525,9.529,1046986,none,AKShare/新浪基金历史,2026-09-04T01:02:29.548814+08:00
180201,2025-07-22,9.53,9.554,9.398,9.418,1708192,none,AKShare/新浪基金历史,2026-09-04T01:02:29.548814+08:00
180201,2025-07-23,9.418,9.418,9.381,9.39,846075,none,AKShare/新浪基金历史,2026-09-04T01:02:29.548814+08:00
180201,2025-07-24,9.39,9.426,9.383,9.422,605013,none,AKShare/新浪基金历史,2026-09-04T01:02:29.548814+08:00
180201,2025-07-25,9.42,9.438,9.39,9.424,713392,none,AKShare/新浪基金历史,2026-09-04T01:02:29.548814+08:00
180201,2025-07-28,9.424,9.445,9.42,9.427,926798,none,AKShare/新浪基金历史,2026-09-04T01:02:29.548814+08:00
180201,2025-07-29,9.427,9.445,9.392,9.398,940654,none,AKShare/新浪基金历史,2026-09-04T01:02:29.548814+08:00
180201,2025-07-30,9.397,9.405,9.371,9.373,977014,none,AKShare/新浪基金历史,2026-09-04T01:02:29.548814+08:00
180201,2025-07-31,9.373,9.409,9.37,9.387,1571593,none,AKShare/新浪基金历史,2026-09-04T01:02:29.548814+08:00
180201,2025-08-01,9.387,9.398,9.366,9.369,1678656,none,AKShare/新浪基金历史,2026-09-04T01:02:29.548814+08:00
180201,2025-08-04,9.366,9.387,9.319,9.339,1660421,none,AKShare/新浪基金历史,2026-09-04T01:02:29.548814+08:00
180201,2025-08-05,9.33,9.35,9.271,9.277,1051447,none,AKShare/新浪基金历史,2026-09-04T01:02:29.548814+08:00
180201,2025-08-06,9.29,9.32,9.255,9.264,2621396,none,AKShare/新浪基金历史,2026-09-04T01:02:29.548814+08:00
180201,2025-08-07,9.263,9.299,9.194,9.242,3606193,none,AKShare/新浪基金历史,2026-09-04T01:02:29.548814+08:00
180201,2025-08-08,9.239,9.276,9.198,9.276,1572956,none,AKShare/新浪基金历史,2026-09-04T01:02:29.548814+08:00
180201,2025-08-11,9.292,9.292,9.252,9.28,906736,none,AKShare/新浪基金历史,2026-09-04T01:02:29.548814+08:00
180201,2025-08-12,9.29,9.3,9.27,9.297,1012703,none,AKShare/新浪基金历史,2026-09-04T01:02:29.548814+08:00
180201,2025-08-13,9.305,9.31,9.286,9.304,1073790,none,AKShare/新浪基金历史,2026-09-04T01:02:29.548814+08:00
180201,2025-08-14,9.3,9.304,9.285,9.303,681061,none,AKShare/新浪基金历史,2026-09-04T01:02:29.548814+08:00
180201,2025-08-15,9.303,9.303,9.241,9.26,906072,none,AKShare/新浪基金历史,2026-09-04T01:02:29.548814+08:00
180201,2025-08-18,9.259,9.259,9.187,9.187,1397866,none,AKShare/新浪基金历史,2026-09-04T01:02:29.548814+08:00
180201,2025-08-19,9.187,9.187,9.17,9.172,1012428,none,AKShare/新浪基金历史,2026-09-04T01:02:29.548814+08:00
180201,2025-08-20,9.172,9.21,9.153,9.199,912310,none,AKShare/新浪基金历史,2026-09-04T01:02:29.548814+08:00
180201,2025-08-21,9.2,9.212,9.199,9.205,565468,none,AKShare/新浪基金历史,2026-09-04T01:02:29.548814+08:00
180201,2025-08-22,9.2,9.236,9.2,9.228,806425,none,AKShare/新浪基金历史,2026-09-04T01:02:29.548814+08:00
180201,2025-08-25,9.201,9.24,9.196,9.232,905043,none,AKShare/新浪基金历史,2026-09-04T01:02:29.548814+08:00
180201,2025-08-26,9.231,9.29,9.203,9.276,771954,none,AKShare/新浪基金历史,2026-09-04T01:02:29.548814+08:00
180201,2025-08-27,9.278,9.314,9.276,9.31,907738,none,AKShare/新浪基金历史,2026-09-04T01:02:29.548814+08:00
180201,2025-08-28,9.31,9.328,9.286,9.315,1022420,none,AKShare/新浪基金历史,2026-09-04T01:02:29.548814+08:00
180201,2025-08-29,9.38,9.429,9.324,9.407,2392228,none,AKShare/新浪基金历史,2026-09-04T01:02:29.548814+08:00
180201,2025-09-01,9.404,9.419,9.367,9.372,1424655,none,AKShare/新浪基金历史,2026-09-04T01:02:29.548814+08:00
180201,2025-09-02,9.372,9.411,9.313,9.396,1824955,none,AKShare/新浪基金历史,2026-09-04T01:02:29.548814+08:00
180201,2025-09-03,9.096,9.096,9.006,9.042,1139314,none,AKShare/新浪基金历史,2026-09-04T01:02:29.548814+08:00
180201,2025-09-04,9.059,9.1,9.042,9.06,1080996,none,AKShare/新浪基金历史,2026-09-04T01:02:29.548814+08:00
180201,2025-09-05,9.06,9.11,9.051,9.071,815041,none,AKShare/新浪基金历史,2026-09-04T01:02:29.548814+08:00
180201,2025-09-08,9.069,9.069,9.054,9.059,526297,none,AKShare/新浪基金历史,2026-09-04T01:02:29.548814+08:00
180201,2025-09-09,9.059,9.09,9.048,9.05,780217,none,AKShare/新浪基金历史,2026-09-04T01:02:29.548814+08:00
180201,2025-09-10,9.09,9.09,9.049,9.05,659065,none,AKShare/新浪基金历史,2026-09-04T01:02:29.548814+08:00
180201,2025-09-11,9.048,9.073,9.04,9.052,592111,none,AKShare/新浪基金历史,2026-09-04T01:02:29.548814+08:00
180201,2025-09-12,9.05,9.05,9.012,9.015,597209,none,AKShare/新浪基金历史,2026-09-04T01:02:29.548814+08:00
180201,2025-09-15,9.014,9.04,9.001,9.035,466683,none,AKShare/新浪基金历史,2026-09-04T01:02:29.548814+08:00
180201,2025-09-16,9.035,9.035,9.015,9.025,487137,none,AKShare/新浪基金历史,2026-09-04T01:02:29.548814+08:00
180201,2025-09-17,9.025,9.041,9.007,9.023,771985,none,AKShare/新浪基金历史,2026-09-04T01:02:29.548814+08:00
180201,2025-09-18,9.027,9.041,8.995,8.998,817900,none,AKShare/新浪基金历史,2026-09-04T01:02:29.548814+08:00
180201,2025-09-19,9.0,9.018,8.915,8.92,1312180,none,AKShare/新浪基金历史,2026-09-04T01:02:29.548814+08:00
180201,2025-09-22,8.919,8.937,8.845,8.85,991342,none,AKShare/新浪基金历史,2026-09-04T01:02:29.548814+08:00
180201,2025-09-23,8.85,8.884,8.842,8.865,823712,none,AKShare/新浪基金历史,2026-09-04T01:02:29.548814+08:00
180201,2025-09-24,8.865,8.889,8.864,8.865,723211,none,AKShare/新浪基金历史,2026-09-04T01:02:29.548814+08:00
180201,2025-09-25,8.863,8.884,8.826,8.83,884928,none,AKShare/新浪基金历史,2026-09-04T01:02:29.548814+08:00
180201,2025-09-26,8.832,8.85,8.83,8.839,746760,none,AKShare/新浪基金历史,2026-09-04T01:02:29.548814+08:00
180201,2025-09-29,8.845,8.86,8.845,8.848,723218,none,AKShare/新浪基金历史,2026-09-04T01:02:29.548814+08:00
180201,2025-09-30,8.848,8.889,8.83,8.846,1013724,none,AKShare/新浪基金历史,2026-09-04T01:02:29.548814+08:00
180201,2025-10-09,8.846,8.869,8.836,8.839,708087,none,AKShare/新浪基金历史,2026-09-04T01:02:29.548814+08:00
180201,2025-10-10,8.846,8.849,8.83,8.833,661165,none,AKShare/新浪基金历史,2026-09-04T01:02:29.548814+08:00
180201,2025-10-13,8.83,8.835,8.815,8.822,770110,none,AKShare/新浪基金历史,2026-09-04T01:02:29.548814+08:00
180201,2025-10-14,8.817,8.847,8.8,8.811,455184,none,AKShare/新浪基金历史,2026-09-04T01:02:29.548814+08:00
180201,2025-10-15,8.811,8.822,8.784,8.798,573164,none,AKShare/新浪基金历史,2026-09-04T01:02:29.548814+08:00
180201,2025-10-16,8.798,8.81,8.77,8.772,859285,none,AKShare/新浪基金历史,2026-09-04T01:02:29.548814+08:00
180201,2025-10-17,8.772,8.799,8.761,8.761,502421,none,AKShare/新浪基金历史,2026-09-04T01:02:29.548814+08:00
180201,2025-10-20,8.762,8.8,8.72,8.73,884428,none,AKShare/新浪基金历史,2026-09-04T01:02:29.548814+08:00
180201,2025-10-21,8.73,8.764,8.671,8.672,1370793,none,AKShare/新浪基金历史,2026-09-04T01:02:29.548814+08:00
180201,2025-10-22,8.672,8.699,8.672,8.682,956451,none,AKShare/新浪基金历史,2026-09-04T01:02:29.548814+08:00
180201,2025-10-23,8.682,8.76,8.681,8.69,1063956,none,AKShare/新浪基金历史,2026-09-04T01:02:29.548814+08:00
180201,2025-10-24,8.69,8.823,8.69,8.797,857776,none,AKShare/新浪基金历史,2026-09-04T01:02:29.548814+08:00
180201,2025-10-27,8.797,8.825,8.704,8.742,695838,none,AKShare/新浪基金历史,2026-09-04T01:02:29.548814+08:00
180201,2025-10-28,8.742,8.803,8.735,8.778,1510341,none,AKShare/新浪基金历史,2026-09-04T01:02:29.548814+08:00
180201,2025-10-29,8.784,8.809,8.767,8.8,832909,none,AKShare/新浪基金历史,2026-09-04T01:02:29.548814+08:00
180201,2025-10-30,8.808,8.85,8.8,8.85,917603,none,AKShare/新浪基金历史,2026-09-04T01:02:29.548814+08:00
180201,2025-10-31,8.86,8.86,8.798,8.809,436030,none,AKShare/新浪基金历史,2026-09-04T01:02:29.548814+08:00
180201,2025-11-03,8.803,8.85,8.789,8.811,815453,none,AKShare/新浪基金历史,2026-09-04T01:02:29.548814+08:00
180201,2025-11-04,8.81,8.846,8.786,8.811,698737,none,AKShare/新浪基金历史,2026-09-04T01:02:29.548814+08:00
180201,2025-11-05,8.811,8.849,8.8,8.837,739592,none,AKShare/新浪基金历史,2026-09-04T01:02:29.548814+08:00
180201,2025-11-06,8.837,8.859,8.818,8.849,808178,none,AKShare/新浪基金历史,2026-09-04T01:02:29.548814+08:00
180201,2025-11-07,8.819,8.858,8.818,8.848,1100970,none,AKShare/新浪基金历史,2026-09-04T01:02:29.548814+08:00
180201,2025-11-10,8.848,8.868,8.838,8.841,891027,none,AKShare/新浪基金历史,2026-09-04T01:02:29.548814+08:00
180201,2025-11-11,8.847,8.85,8.823,8.835,775555,none,AKShare/新浪基金历史,2026-09-04T01:02:29.548814+08:00
180201,2025-11-12,8.835,8.856,8.808,8.823,684821,none,AKShare/新浪基金历史,2026-09-04T01:02:29.548814+08:00
180201,2025-11-13,8.823,8.847,8.807,8.833,488893,none,AKShare/新浪基金历史,2026-09-04T01:02:29.548814+08:00
180201,2025-11-14,8.841,8.872,8.815,8.87,328864,none,AKShare/新浪基金历史,2026-09-04T01:02:29.548814+08:00
180201,2025-11-17,8.871,8.871,8.833,8.862,760554,none,AKShare/新浪基金历史,2026-09-04T01:02:29.548814+08:00
180201,2025-11-18,8.866,8.89,8.85,8.89,919574,none,AKShare/新浪基金历史,2026-09-04T01:02:29.548814+08:00
180201,2025-11-19,8.89,8.99,8.88,8.99,1247745,none,AKShare/新浪基金历史,2026-09-04T01:02:29.548814+08:00
180201,2025-11-20,8.99,8.99,8.925,8.95,854949,none,AKShare/新浪基金历史,2026-09-04T01:02:29.548814+08:00
180201,2025-11-21,8.974,8.979,8.902,8.915,938338,none,AKShare/新浪基金历史,2026-09-04T01:02:29.548814+08:00
180201,2025-11-24,8.915,8.95,8.806,8.814,922596,none,AKShare/新浪基金历史,2026-09-04T01:02:29.548814+08:00
180201,2025-11-25,8.849,8.849,8.75,8.81,1098175,none,AKShare/新浪基金历史,2026-09-04T01:02:29.548814+08:00
180201,2025-11-26,8.799,8.845,8.798,8.83,815279,none,AKShare/新浪基金历史,2026-09-04T01:02:29.548814+08:00
180201,2025-11-27,8.811,8.834,8.801,8.82,839206,none,AKShare/新浪基金历史,2026-09-04T01:02:29.548814+08:00
180201,2025-11-28,8.82,8.842,8.803,8.828,807799,none,AKShare/新浪基金历史,2026-09-04T01:02:29.548814+08:00
180201,2025-12-01,8.826,8.838,8.802,8.807,639064,none,AKShare/新浪基金历史,2026-09-04T01:02:29.548814+08:00
180201,2025-12-02,8.806,8.807,8.763,8.769,650108,none,AKShare/新浪基金历史,2026-09-04T01:02:29.548814+08:00
180201,2025-12-03,8.769,8.806,8.762,8.771,231673,none,AKShare/新浪基金历史,2026-09-04T01:02:29.548814+08:00
180201,2025-12-04,8.771,8.812,8.761,8.767,423541,none,AKShare/新浪基金历史,2026-09-04T01:02:29.548814+08:00
180201,2025-12-05,8.767,8.788,8.76,8.769,669070,none,AKShare/新浪基金历史,2026-09-04T01:02:29.548814+08:00
180201,2025-12-08,8.768,8.784,8.738,8.745,798801,none,AKShare/新浪基金历史,2026-09-04T01:02:29.548814+08:00
180201,2025-12-09,8.745,8.753,8.69,8.695,542550,none,AKShare/新浪基金历史,2026-09-04T01:02:29.548814+08:00
180201,2025-12-10,8.68,8.728,8.671,8.694,424985,none,AKShare/新浪基金历史,2026-09-04T01:02:29.548814+08:00
180201,2025-12-11,8.694,8.71,8.685,8.695,566504,none,AKShare/新浪基金历史,2026-09-04T01:02:29.548814+08:00
180201,2025-12-12,8.695,8.7,8.68,8.691,1103312,none,AKShare/新浪基金历史,2026-09-04T01:02:29.548814+08:00
180201,2025-12-15,8.68,8.698,8.591,8.599,434148,none,AKShare/新浪基金历史,2026-09-04T01:02:29.548814+08:00
180201,2025-12-16,8.598,8.598,8.412,8.472,995548,none,AKShare/新浪基金历史,2026-09-04T01:02:29.548814+08:00
180201,2025-12-17,8.475,8.524,8.41,8.437,991159,none,AKShare/新浪基金历史,2026-09-04T01:02:29.548814+08:00
180201,2025-12-18,8.437,8.438,8.365,8.368,1109216,none,AKShare/新浪基金历史,2026-09-04T01:02:29.548814+08:00
180201,2025-12-19,8.368,8.42,8.222,8.23,1528332,none,AKShare/新浪基金历史,2026-09-04T01:02:29.548814+08:00
180201,2025-12-22,8.245,8.291,8.22,8.231,955399,none,AKShare/新浪基金历史,2026-09-04T01:02:29.548814+08:00
180201,2025-12-23,8.278,8.278,8.171,8.175,1136676,none,AKShare/新浪基金历史,2026-09-04T01:02:29.548814+08:00
180201,2025-12-24,8.07,8.07,7.896,8.03,2141142,none,AKShare/新浪基金历史,2026-09-04T01:02:29.548814+08:00
180201,2025-12-25,8.04,8.154,7.997,8.14,1413698,none,AKShare/新浪基金历史,2026-09-04T01:02:29.548814+08:00
180201,2025-12-26,8.14,8.167,8.051,8.07,1142629,none,AKShare/新浪基金历史,2026-09-04T01:02:29.548814+08:00
180201,2025-12-29,8.07,8.07,7.982,8.008,828085,none,AKShare/新浪基金历史,2026-09-04T01:02:29.548814+08:00
180201,2025-12-30,8.005,8.033,7.97,8.03,919690,none,AKShare/新浪基金历史,2026-09-04T01:02:29.548814+08:00
180201,2025-12-31,8.03,8.03,7.985,8.026,503942,none,AKShare/新浪基金历史,2026-09-04T01:02:29.548814+08:00
180201,2026-01-05,8.029,8.078,8.029,8.071,595022,none,AKShare/新浪基金历史,2026-09-04T01:02:29.548814+08:00
180201,2026-01-06,8.072,8.087,8.03,8.047,1076699,none,AKShare/新浪基金历史,2026-09-04T01:02:29.548814+08:00
180201,2026-01-07,8.047,8.066,8.025,8.05,1506332,none,AKShare/新浪基金历史,2026-09-04T01:02:29.548814+08:00
180201,2026-01-08,8.049,8.065,8.045,8.061,1709364,none,AKShare/新浪基金历史,2026-09-04T01:02:29.548814+08:00
180201,2026-01-09,8.062,8.089,8.048,8.053,1053752,none,AKShare/新浪基金历史,2026-09-04T01:02:29.548814+08:00
180201,2026-01-12,8.052,8.055,8.002,8.051,1073109,none,AKShare/新浪基金历史,2026-09-04T01:02:29.548814+08:00
180201,2026-01-13,8.049,8.056,8.045,8.051,2131183,none,AKShare/新浪基金历史,2026-09-04T01:02:29.548814+08:00
180201,2026-01-14,8.051,8.056,8.042,8.051,585015,none,AKShare/新浪基金历史,2026-09-04T01:02:29.548814+08:00
180201,2026-01-15,8.053,8.062,8.043,8.049,1201587,none,AKShare/新浪基金历史,2026-09-04T01:02:29.548814+08:00
180201,2026-01-16,8.05,8.057,8.048,8.055,1164012,none,AKShare/新浪基金历史,2026-09-04T01:02:29.548814+08:00
180201,2026-01-19,8.056,8.056,8.046,8.05,1289298,none,AKShare/新浪基金历史,2026-09-04T01:02:29.548814+08:00
180201,2026-01-20,8.05,8.062,8.04,8.05,1225961,none,AKShare/新浪基金历史,2026-09-04T01:02:29.548814+08:00
180201,2026-01-21,8.05,8.06,8.049,8.051,801329,none,AKShare/新浪基金历史,2026-09-04T01:02:29.548814+08:00
180201,2026-01-22,8.051,8.126,8.051,8.086,1343680,none,AKShare/新浪基金历史,2026-09-04T01:02:29.548814+08:00
180201,2026-01-23,8.086,8.127,8.051,8.118,2974837,none,AKShare/新浪基金历史,2026-09-04T01:02:29.548814+08:00
180201,2026-01-26,8.117,8.117,8.078,8.091,1551889,none,AKShare/新浪基金历史,2026-09-04T01:02:29.548814+08:00
180201,2026-01-27,8.092,8.114,8.061,8.1,2489519,none,AKShare/新浪基金历史,2026-09-04T01:02:29.548814+08:00
180201,2026-01-28,8.098,8.11,8.086,8.105,2018926,none,AKShare/新浪基金历史,2026-09-04T01:02:29.548814+08:00
180201,2026-01-29,8.128,8.128,8.101,8.115,1528509,none,AKShare/新浪基金历史,2026-09-04T01:02:29.548814+08:00
180201,2026-01-30,8.116,8.128,8.101,8.11,900477,none,AKShare/新浪基金历史,2026-09-04T01:02:29.548814+08:00
180201,2026-02-02,8.106,8.106,8.02,8.021,963712,none,AKShare/新浪基金历史,2026-09-04T01:02:29.548814+08:00
180201,2026-02-03,8.021,8.073,8.007,8.054,1559721,none,AKShare/新浪基金历史,2026-09-04T01:02:29.548814+08:00
180201,2026-02-04,8.05,8.085,8.05,8.077,1156959,none,AKShare/新浪基金历史,2026-09-04T01:02:29.548814+08:00
180201,2026-02-05,8.072,8.074,8.052,8.068,1581424,none,AKShare/新浪基金历史,2026-09-04T01:02:29.548814+08:00
180201,2026-02-06,8.081,8.081,8.053,8.059,499835,none,AKShare/新浪基金历史,2026-09-04T01:02:29.548814+08:00
180201,2026-02-09,8.059,8.08,8.059,8.06,726420,none,AKShare/新浪基金历史,2026-09-04T01:02:29.548814+08:00
180201,2026-02-10,8.062,8.066,8.054,8.065,957780,none,AKShare/新浪基金历史,2026-09-04T01:02:29.548814+08:00
180201,2026-02-11,8.065,8.113,8.065,8.105,708253,none,AKShare/新浪基金历史,2026-09-04T01:02:29.548814+08:00
180201,2026-02-12,8.105,8.109,8.073,8.105,884505,none,AKShare/新浪基金历史,2026-09-04T01:02:29.548814+08:00
180201,2026-02-13,8.105,8.11,8.082,8.108,527708,none,AKShare/新浪基金历史,2026-09-04T01:02:29.548814+08:00
180201,2026-02-24,8.101,8.135,8.1,8.11,584140,none,AKShare/新浪基金历史,2026-09-04T01:02:29.548814+08:00
180201,2026-02-25,8.1,8.12,8.092,8.12,1085754,none,AKShare/新浪基金历史,2026-09-04T01:02:29.548814+08:00
180201,2026-02-26,8.121,8.121,8.108,8.112,614325,none,AKShare/新浪基金历史,2026-09-04T01:02:29.548814+08:00
180201,2026-02-27,8.111,8.128,8.067,8.07,1288624,none,AKShare/新浪基金历史,2026-09-04T01:02:29.548814+08:00
180201,2026-03-02,8.069,8.081,8.026,8.08,1528572,none,AKShare/新浪基金历史,2026-09-04T01:02:29.548814+08:00
180201,2026-03-03,8.079,8.085,8.061,8.082,1934265,none,AKShare/新浪基金历史,2026-09-04T01:02:29.548814+08:00
180201,2026-03-04,8.081,8.109,8.06,8.103,1999534,none,AKShare/新浪基金历史,2026-09-04T01:02:29.548814+08:00
180201,2026-03-05,8.103,8.127,8.082,8.12,1867095,none,AKShare/新浪基金历史,2026-09-04T01:02:29.548814+08:00
180201,2026-03-06,8.12,8.126,8.101,8.122,721059,none,AKShare/新浪基金历史,2026-09-04T01:02:29.548814+08:00
180201,2026-03-09,8.121,8.122,8.085,8.099,1566155,none,AKShare/新浪基金历史,2026-09-04T01:02:29.548814+08:00
180201,2026-03-10,8.105,8.12,8.095,8.1,1176813,none,AKShare/新浪基金历史,2026-09-04T01:02:29.548814+08:00
180201,2026-03-11,8.1,8.106,8.073,8.094,1084287,none,AKShare/新浪基金历史,2026-09-04T01:02:29.548814+08:00
180201,2026-03-12,8.09,8.096,8.081,8.093,1285545,none,AKShare/新浪基金历史,2026-09-04T01:02:29.548814+08:00
180201,2026-03-13,8.097,8.13,8.091,8.12,939090,none,AKShare/新浪基金历史,2026-09-04T01:02:29.548814+08:00
180201,2026-03-16,8.127,8.132,8.088,8.097,799612,none,AKShare/新浪基金历史,2026-09-04T01:02:29.548814+08:00
180201,2026-03-17,8.096,8.119,8.092,8.1,1438530,none,AKShare/新浪基金历史,2026-09-04T01:02:29.548814+08:00
180201,2026-03-18,8.1,8.137,8.1,8.123,1581097,none,AKShare/新浪基金历史,2026-09-04T01:02:29.548814+08:00
180201,2026-03-19,8.123,8.144,8.111,8.131,759292,none,AKShare/新浪基金历史,2026-09-04T01:02:29.548814+08:00
180201,2026-03-20,8.125,8.2,8.1,8.186,1749147,none,AKShare/新浪基金历史,2026-09-04T01:02:29.548814+08:00
180201,2026-03-23,8.186,8.204,8.11,8.14,2316856,none,AKShare/新浪基金历史,2026-09-04T01:02:29.548814+08:00
180201,2026-03-24,8.136,8.16,8.124,8.136,4825401,none,AKShare/新浪基金历史,2026-09-04T01:02:29.548814+08:00
180201,2026-03-25,8.15,8.191,8.15,8.184,788864,none,AKShare/新浪基金历史,2026-09-04T01:02:29.548814+08:00
180201,2026-03-26,8.186,8.195,8.148,8.155,736521,none,AKShare/新浪基金历史,2026-09-04T01:02:29.548814+08:00
180201,2026-03-27,8.155,8.175,8.146,8.157,568229,none,AKShare/新浪基金历史,2026-09-04T01:02:29.548814+08:00
180201,2026-03-30,8.153,8.155,8.131,8.15,950532,none,AKShare/新浪基金历史,2026-09-04T01:02:29.548814+08:00
180201,2026-03-31,8.154,8.17,8.132,8.144,602696,none,AKShare/新浪基金历史,2026-09-04T01:02:29.548814+08:00
180201,2026-04-01,8.144,8.176,8.14,8.147,722012,none,AKShare/新浪基金历史,2026-09-04T01:02:29.548814+08:00
180201,2026-04-02,8.147,8.169,8.123,8.151,466820,none,AKShare/新浪基金历史,2026-09-04T01:02:29.548814+08:00
180201,2026-04-03,8.179,8.179,8.141,8.151,518824,none,AKShare/新浪基金历史,2026-09-04T01:02:29.548814+08:00
180201,2026-04-07,8.148,8.16,8.135,8.16,839637,none,AKShare/新浪基金历史,2026-09-04T01:02:29.548814+08:00
180201,2026-04-08,8.15,8.168,8.141,8.158,786021,none,AKShare/新浪基金历史,2026-09-04T01:02:29.548814+08:00
180201,2026-04-09,8.15,8.16,8.145,8.151,521507,none,AKShare/新浪基金历史,2026-09-04T01:02:29.548814+08:00
180201,2026-04-10,8.151,8.191,8.151,8.173,628511,none,AKShare/新浪基金历史,2026-09-04T01:02:29.548814+08:00
180201,2026-04-13,8.173,8.189,8.139,8.15,1687124,none,AKShare/新浪基金历史,2026-09-04T01:02:29.548814+08:00
180201,2026-04-14,8.16,8.16,8.141,8.154,768322,none,AKShare/新浪基金历史,2026-09-04T01:02:29.548814+08:00
180201,2026-04-15,8.1,8.104,7.994,8.005,1772202,none,AKShare/新浪基金历史,2026-09-04T01:02:29.548814+08:00
180201,2026-04-16,8.04,8.04,8.0,8.023,573298,none,AKShare/新浪基金历史,2026-09-04T01:02:29.548814+08:00
180201,2026-04-17,8.035,8.035,8.007,8.011,495639,none,AKShare/新浪基金历史,2026-09-04T01:02:29.548814+08:00
180201,2026-04-20,8.011,8.035,8.006,8.014,565148,none,AKShare/新浪基金历史,2026-09-04T01:02:29.548814+08:00
180201,2026-04-21,8.01,8.028,8.0,8.008,701453,none,AKShare/新浪基金历史,2026-09-04T01:02:29.548814+08:00
180201,2026-04-22,8.008,8.008,7.967,7.99,986209,none,AKShare/新浪基金历史,2026-09-04T01:02:29.548814+08:00
180201,2026-04-23,7.99,7.99,7.968,7.973,737172,none,AKShare/新浪基金历史,2026-09-04T01:02:29.548814+08:00
180201,2026-04-24,7.973,8.006,7.951,7.994,860310,none,AKShare/新浪基金历史,2026-09-04T01:02:29.548814+08:00
180201,2026-04-27,8.004,8.004,7.962,7.975,971161,none,AKShare/新浪基金历史,2026-09-04T01:02:29.548814+08:00
180201,2026-04-28,7.97,7.998,7.95,7.96,768981,none,AKShare/新浪基金历史,2026-09-04T01:02:29.548814+08:00
180201,2026-04-29,7.952,7.978,7.93,7.941,765264,none,AKShare/新浪基金历史,2026-09-04T01:02:29.548814+08:00
180201,2026-04-30,7.951,7.951,7.921,7.926,484914,none,AKShare/新浪基金历史,2026-09-04T01:02:29.548814+08:00
180201,2026-05-06,7.929,7.96,7.927,7.947,747660,none,AKShare/新浪基金历史,2026-09-04T01:02:29.548814+08:00
180201,2026-05-07,7.946,7.95,7.921,7.947,805650,none,AKShare/新浪基金历史,2026-09-04T01:02:29.548814+08:00
180201,2026-05-08,7.945,7.979,7.929,7.971,732028,none,AKShare/新浪基金历史,2026-09-04T01:02:29.548814+08:00
180201,2026-05-11,7.971,7.977,7.949,7.977,825850,none,AKShare/新浪基金历史,2026-09-04T01:02:29.548814+08:00
180201,2026-05-12,7.97,7.974,7.95,7.964,427499,none,AKShare/新浪基金历史,2026-09-04T01:02:29.548814+08:00
180201,2026-05-13,7.964,7.972,7.939,7.947,573452,none,AKShare/新浪基金历史,2026-09-04T01:02:29.548814+08:00
180201,2026-05-14,7.947,7.947,7.891,7.911,949037,none,AKShare/新浪基金历史,2026-09-04T01:02:29.548814+08:00
180201,2026-05-15,7.9,7.92,7.891,7.905,663653,none,AKShare/新浪基金历史,2026-09-04T01:02:29.548814+08:00
180201,2026-05-18,7.893,7.893,7.849,7.851,902551,none,AKShare/新浪基金历史,2026-09-04T01:02:29.548814+08:00
180201,2026-05-19,8.0,8.053,7.998,8.0,2438037,none,AKShare/新浪基金历史,2026-09-04T01:02:29.548814+08:00
180201,2026-05-20,8.037,8.039,7.94,7.951,925734,none,AKShare/新浪基金历史,2026-09-04T01:02:29.548814+08:00
180201,2026-05-21,7.951,7.998,7.9,7.96,1683623,none,AKShare/新浪基金历史,2026-09-04T01:02:29.548814+08:00
180201,2026-05-22,7.955,8.01,7.955,8.009,1137094,none,AKShare/新浪基金历史,2026-09-04T01:02:29.548814+08:00
180201,2026-05-25,7.999,8.009,7.961,7.991,681879,none,AKShare/新浪基金历史,2026-09-04T01:02:29.548814+08:00
180201,2026-05-26,7.991,7.999,7.955,7.992,534853,none,AKShare/新浪基金历史,2026-09-04T01:02:29.548814+08:00
180201,2026-05-27,7.992,8.005,7.961,7.993,592969,none,AKShare/新浪基金历史,2026-09-04T01:02:29.548814+08:00
180201,2026-05-28,7.977,7.988,7.962,7.975,3351557,none,AKShare/新浪基金历史,2026-09-04T01:02:29.548814+08:00
180201,2026-05-29,7.975,8.0,7.914,8.0,818556,none,AKShare/新浪基金历史,2026-09-04T01:02:29.548814+08:00
180201,2026-06-01,8.0,8.01,7.963,7.989,1122588,none,AKShare/新浪基金历史,2026-09-04T01:02:29.548814+08:00
180201,2026-06-02,7.987,8.015,7.961,7.996,906994,none,AKShare/新浪基金历史,2026-09-04T01:02:29.548814+08:00
180201,2026-06-03,7.996,8.012,7.95,7.986,953130,none,AKShare/新浪基金历史,2026-09-04T01:02:29.548814+08:00
180201,2026-06-04,7.986,7.998,7.955,7.961,552598,none,AKShare/新浪基金历史,2026-09-04T01:02:29.548814+08:00
180201,2026-06-05,7.961,7.99,7.956,7.988,668359,none,AKShare/新浪基金历史,2026-09-04T01:02:29.548814+08:00
180201,2026-06-08,7.978,7.994,7.951,7.951,919596,none,AKShare/新浪基金历史,2026-09-04T01:02:29.548814+08:00
180201,2026-06-09,7.955,7.977,7.92,7.937,502064,none,AKShare/新浪基金历史,2026-09-04T01:02:29.548814+08:00
180201,2026-06-10,7.912,7.946,7.88,7.89,305469,none,AKShare/新浪基金历史,2026-09-04T01:02:29.548814+08:00
180201,2026-06-11,7.89,7.894,7.85,7.858,456881,none,AKShare/新浪基金历史,2026-09-04T01:02:29.548814+08:00
180201,2026-06-12,7.895,7.895,7.853,7.874,849782,none,AKShare/新浪基金历史,2026-09-04T01:02:29.548814+08:00
180201,2026-06-15,7.874,7.892,7.851,7.86,890612,none,AKShare/新浪基金历史,2026-09-04T01:02:29.548814+08:00
180201,2026-06-16,7.86,7.888,7.851,7.86,888169,none,AKShare/新浪基金历史,2026-09-04T01:02:29.548814+08:00
180201,2026-06-17,7.862,7.896,7.851,7.869,1191144,none,AKShare/新浪基金历史,2026-09-04T01:02:29.548814+08:00
180201,2026-06-18,7.889,7.904,7.844,7.859,912843,none,AKShare/新浪基金历史,2026-09-04T01:02:29.548814+08:00
180201,2026-06-22,7.859,7.895,7.8,7.81,973929,none,AKShare/新浪基金历史,2026-09-04T01:02:29.548814+08:00
180201,2026-06-23,7.802,7.839,7.769,7.778,1115240,none,AKShare/新浪基金历史,2026-09-04T01:02:29.548814+08:00
180201,2026-06-24,7.771,7.778,7.601,7.645,932478,none,AKShare/新浪基金历史,2026-09-04T01:02:29.548814+08:00
180201,2026-06-25,7.644,7.793,7.581,7.786,1584234,none,AKShare/新浪基金历史,2026-09-04T01:02:29.548814+08:00
180201,2026-06-26,7.75,7.791,7.65,7.702,1115444,none,AKShare/新浪基金历史,2026-09-04T01:02:29.548814+08:00
180201,2026-06-29,7.702,7.737,7.608,7.668,1343160,none,AKShare/新浪基金历史,2026-09-04T01:02:29.548814+08:00
180201,2026-06-30,7.667,7.72,7.603,7.718,1390020,none,AKShare/新浪基金历史,2026-09-04T01:02:29.548814+08:00
180201,2026-07-01,7.719,7.788,7.719,7.773,1405259,none,AKShare/新浪基金历史,2026-09-04T01:02:29.548814+08:00
180201,2026-07-02,7.787,7.847,7.733,7.753,1248963,none,AKShare/新浪基金历史,2026-09-04T01:02:29.548814+08:00
180201,2026-07-03,7.715,7.858,7.683,7.848,1385514,none,AKShare/新浪基金历史,2026-09-04T01:02:29.548814+08:00
180201,2026-07-06,7.84,7.96,7.755,7.957,1747725,none,AKShare/新浪基金历史,2026-09-04T01:02:29.548814+08:00
180201,2026-07-07,7.955,7.955,7.881,7.917,1214249,none,AKShare/新浪基金历史,2026-09-04T01:02:29.548814+08:00
180201,2026-07-08,7.947,7.969,7.81,7.846,1639656,none,AKShare/新浪基金历史,2026-09-04T01:02:29.548814+08:00
180201,2026-07-09,7.86,7.89,7.702,7.835,1714385,none,AKShare/新浪基金历史,2026-09-04T01:02:29.548814+08:00
180201,2026-07-10,7.849,7.886,7.811,7.865,1294983,none,AKShare/新浪基金历史,2026-09-04T01:02:29.548814+08:00
180201,2026-07-13,7.863,7.908,7.803,7.85,1227381,none,AKShare/新浪基金历史,2026-09-04T01:02:29.548814+08:00
180201,2026-07-14,7.835,7.91,7.745,7.862,1234572,none,AKShare/新浪基金历史,2026-09-04T01:02:29.548814+08:00
180201,2026-07-15,7.862,7.9,7.756,7.815,1176787,none,AKShare/新浪基金历史,2026-09-04T01:02:29.548814+08:00
180201,2026-07-16,7.801,7.888,7.764,7.875,1541556,none,AKShare/新浪基金历史,2026-09-04T01:02:29.548814+08:00
180201,2026-07-17,7.855,7.899,7.797,7.837,1868378,none,AKShare/新浪基金历史,2026-09-04T01:02:29.548814+08:00
180201,2026-07-20,7.8,7.874,7.761,7.769,1106131,none,AKShare/新浪基金历史,2026-09-04T01:02:29.548814+08:00
180201,2026-07-21,7.768,7.818,7.691,7.706,1050535,none,AKShare/新浪基金历史,2026-09-04T01:02:29.548814+08:00
180201,2026-07-22,7.707,7.743,7.611,7.693,1120097,none,AKShare/新浪基金历史,2026-09-04T01:02:29.548814+08:00
180201,2026-07-23,7.68,7.712,7.601,7.637,963292,none,AKShare/新浪基金历史,2026-09-04T01:02:29.548814+08:00
180201,2026-07-24,7.64,7.67,7.6,7.609,1106005,none,AKShare/新浪基金历史,2026-09-04T01:02:29.548814+08:00
180201,2026-07-27,7.63,7.63,7.549,7.559,1506467,none,AKShare/新浪基金历史,2026-09-04T01:02:29.548814+08:00
180201,2026-07-28,7.559,7.581,7.511,7.549,1031532,none,AKShare/新浪基金历史,2026-09-04T01:02:29.548814+08:00
180201,2026-07-29,7.547,7.599,7.516,7.53,1117194,none,AKShare/新浪基金历史,2026-09-04T01:02:29.548814+08:00
180201,2026-07-30,7.54,7.555,7.513,7.533,1446117,none,AKShare/新浪基金历史,2026-09-04T01:02:29.548814+08:00
180201,2026-07-31,7.533,7.567,7.502,7.56,1840591,none,AKShare/新浪基金历史,2026-09-04T01:02:29.548814+08:00
180201,2026-08-03,7.551,7.595,7.511,7.543,1535474,none,AKShare/新浪基金历史,2026-09-04T01:02:29.548814+08:00
180201,2026-08-04,7.544,7.559,7.5,7.542,1244642,none,AKShare/新浪基金历史,2026-09-04T01:02:29.548814+08:00
180201,2026-08-05,7.541,7.567,7.503,7.565,1142723,none,AKShare/新浪基金历史,2026-09-04T01:02:29.548814+08:00
180201,2026-08-06,7.565,7.586,7.512,7.55,1714403,none,AKShare/新浪基金历史,2026-09-04T01:02:29.548814+08:00
180201,2026-08-07,7.555,7.579,7.521,7.553,1071433,none,AKShare/新浪基金历史,2026-09-04T01:02:29.548814+08:00
180201,2026-08-10,7.553,7.567,7.516,7.549,1443803,none,AKShare/新浪基金历史,2026-09-04T01:02:29.548814+08:00
180201,2026-08-11,7.549,7.563,7.52,7.528,1279998,none,AKShare/新浪基金历史,2026-09-04T01:02:29.548814+08:00
180201,2026-08-12,7.536,7.536,7.471,7.494,1286193,none,AKShare/新浪基金历史,2026-09-04T01:02:29.548814+08:00
180201,2026-08-13,7.481,7.493,7.472,7.473,404124,none,AKShare/新浪基金历史,2026-09-04T01:02:29.548814+08:00
180201,2026-08-14,7.472,7.495,7.411,7.494,1090399,none,AKShare/新浪基金历史,2026-09-04T01:02:29.548814+08:00
180201,2026-08-17,7.494,7.519,7.44,7.49,1063717,none,AKShare/新浪基金历史,2026-09-04T01:02:29.548814+08:00
180201,2026-08-18,7.49,7.51,7.444,7.461,1545976,none,AKShare/新浪基金历史,2026-09-04T01:02:29.548814+08:00
180201,2026-08-19,7.461,7.471,7.376,7.394,1455790,none,AKShare/新浪基金历史,2026-09-04T01:02:29.548814+08:00
180201,2026-08-20,7.39,7.39,7.313,7.341,1594448,none,AKShare/新浪基金历史,2026-09-04T01:02:29.548814+08:00
180201,2026-08-21,7.341,7.398,7.3,7.348,1553495,none,AKShare/新浪基金历史,2026-09-04T01:02:29.548814+08:00
180201,2026-08-24,7.341,7.382,7.195,7.242,1816389,none,AKShare/新浪基金历史,2026-09-04T01:02:29.548814+08:00
180201,2026-08-25,7.241,7.241,7.142,7.155,2439829,none,AKShare/新浪基金历史,2026-09-04T01:02:29.548814+08:00
180201,2026-08-26,7.155,7.291,7.055,7.284,2720544,none,AKShare/新浪基金历史,2026-09-04T01:02:29.548814+08:00
180201,2026-08-27,7.283,7.361,7.203,7.353,2090795,none,AKShare/新浪基金历史,2026-09-04T01:02:29.548814+08:00
180201,2026-08-28,7.353,7.397,7.263,7.347,1921574,none,AKShare/新浪基金历史,2026-09-04T01:02:29.548814+08:00
180201,2026-08-31,7.343,7.385,7.289,7.358,2564774,none,AKShare/新浪基金历史,2026-09-04T01:02:29.548814+08:00
180201,2026-09-01,7.358,7.397,7.303,7.332,2236004,none,AKShare/新浪基金历史,2026-09-04T01:02:29.548814+08:00
180201,2026-09-02,6.997,6.997,6.836,6.856,2208163,none,AKShare/新浪基金历史,2026-09-04T01:02:29.548814+08:00
180301,2021-06-21,2.53,2.53,2.33,2.367,50368885,none,AKShare/新浪基金历史,2026-09-04T01:02:29.548814+08:00
180301,2021-06-22,2.368,2.37,2.13,2.335,12066654,none,AKShare/新浪基金历史,2026-09-04T01:02:29.548814+08:00
180301,2021-06-23,2.325,2.325,2.303,2.308,7078879,none,AKShare/新浪基金历史,2026-09-04T01:02:29.548814+08:00
180301,2021-06-24,2.309,2.325,2.309,2.323,8866843,none,AKShare/新浪基金历史,2026-09-04T01:02:29.548814+08:00
180301,2021-06-25,2.322,2.325,2.31,2.324,5374550,none,AKShare/新浪基金历史,2026-09-04T01:02:29.548814+08:00
180301,2021-06-28,2.32,2.32,2.31,2.314,3571290,none,AKShare/新浪基金历史,2026-09-04T01:02:29.548814+08:00
180301,2021-06-29,2.313,2.313,2.301,2.302,2860208,none,AKShare/新浪基金历史,2026-09-04T01:02:29.548814+08:00
180301,2021-06-30,2.303,2.313,2.301,2.303,1254231,none,AKShare/新浪基金历史,2026-09-04T01:02:29.548814+08:00
180301,2021-07-01,2.303,2.318,2.301,2.313,1951846,none,AKShare/新浪基金历史,2026-09-04T01:02:29.548814+08:00
180301,2021-07-02,2.311,2.312,2.304,2.31,2786945,none,AKShare/新浪基金历史,2026-09-04T01:02:29.548814+08:00
180301,2021-07-05,2.31,2.31,2.3,2.302,3042621,none,AKShare/新浪基金历史,2026-09-04T01:02:29.548814+08:00
180301,2021-07-06,2.302,2.304,2.295,2.298,2120967,none,AKShare/新浪基金历史,2026-09-04T01:02:29.548814+08:00
180301,2021-07-07,2.298,2.298,2.29,2.293,1423174,none,AKShare/新浪基金历史,2026-09-04T01:02:29.548814+08:00
180301,2021-07-08,2.293,2.296,2.29,2.293,1878346,none,AKShare/新浪基金历史,2026-09-04T01:02:29.548814+08:00
180301,2021-07-09,2.293,2.294,2.288,2.29,1197920,none,AKShare/新浪基金历史,2026-09-04T01:02:29.548814+08:00
180301,2021-07-12,2.29,2.294,2.282,2.284,1746732,none,AKShare/新浪基金历史,2026-09-04T01:02:29.548814+08:00
180301,2021-07-13,2.284,2.284,2.266,2.268,1570694,none,AKShare/新浪基金历史,2026-09-04T01:02:29.548814+08:00
180301,2021-07-14,2.267,2.267,2.252,2.254,1409768,none,AKShare/新浪基金历史,2026-09-04T01:02:29.548814+08:00
180301,2021-07-15,2.253,2.29,2.25,2.285,1405107,none,AKShare/新浪基金历史,2026-09-04T01:02:29.548814+08:00
180301,2021-07-16,2.285,2.298,2.28,2.298,1775254,none,AKShare/新浪基金历史,2026-09-04T01:02:29.548814+08:00
180301,2021-07-19,2.299,2.305,2.298,2.3,3386004,none,AKShare/新浪基金历史,2026-09-04T01:02:29.548814+08:00
180301,2021-07-20,2.3,2.3,2.296,2.3,894626,none,AKShare/新浪基金历史,2026-09-04T01:02:29.548814+08:00
180301,2021-07-21,2.299,2.301,2.295,2.296,951617,none,AKShare/新浪基金历史,2026-09-04T01:02:29.548814+08:00
180301,2021-07-22,2.295,2.295,2.285,2.287,758088,none,AKShare/新浪基金历史,2026-09-04T01:02:29.548814+08:00
180301,2021-07-23,2.287,2.291,2.283,2.286,1121138,none,AKShare/新浪基金历史,2026-09-04T01:02:29.548814+08:00
180301,2021-07-26,2.287,2.288,2.277,2.278,1123288,none,AKShare/新浪基金历史,2026-09-04T01:02:29.548814+08:00
180301,2021-07-27,2.279,2.279,2.27,2.271,1118923,none,AKShare/新浪基金历史,2026-09-04T01:02:29.548814+08:00
180301,2021-07-28,2.27,2.282,2.248,2.279,1091647,none,AKShare/新浪基金历史,2026-09-04T01:02:29.548814+08:00
180301,2021-07-29,2.28,2.292,2.278,2.29,1466715,none,AKShare/新浪基金历史,2026-09-04T01:02:29.548814+08:00
180301,2021-07-30,2.29,2.294,2.277,2.29,1613373,none,AKShare/新浪基金历史,2026-09-04T01:02:29.548814+08:00
180301,2021-08-02,2.29,2.305,2.281,2.303,2958373,none,AKShare/新浪基金历史,2026-09-04T01:02:29.548814+08:00
180301,2021-08-03,2.302,2.313,2.297,2.307,2951142,none,AKShare/新浪基金历史,2026-09-04T01:02:29.548814+08:00
180301,2021-08-04,2.307,2.308,2.303,2.306,974210,none,AKShare/新浪基金历史,2026-09-04T01:02:29.548814+08:00
180301,2021-08-05,2.305,2.306,2.3,2.302,1127054,none,AKShare/新浪基金历史,2026-09-04T01:02:29.548814+08:00
180301,2021-08-06,2.296,2.303,2.296,2.302,1512796,none,AKShare/新浪基金历史,2026-09-04T01:02:29.548814+08:00
180301,2021-08-09,2.302,2.302,2.295,2.3,1369668,none,AKShare/新浪基金历史,2026-09-04T01:02:29.548814+08:00
180301,2021-08-10,2.3,2.301,2.296,2.301,1128327,none,AKShare/新浪基金历史,2026-09-04T01:02:29.548814+08:00
180301,2021-08-11,2.301,2.301,2.299,2.3,897949,none,AKShare/新浪基金历史,2026-09-04T01:02:29.548814+08:00
180301,2021-08-12,2.3,2.301,2.299,2.299,911157,none,AKShare/新浪基金历史,2026-09-04T01:02:29.548814+08:00
180301,2021-08-13,2.299,2.301,2.298,2.298,661234,none,AKShare/新浪基金历史,2026-09-04T01:02:29.548814+08:00
180301,2021-08-16,2.299,2.3,2.295,2.297,771420,none,AKShare/新浪基金历史,2026-09-04T01:02:29.548814+08:00
180301,2021-08-17,2.297,2.297,2.292,2.295,828611,none,AKShare/新浪基金历史,2026-09-04T01:02:29.548814+08:00
180301,2021-08-18,2.295,2.301,2.292,2.301,1715046,none,AKShare/新浪基金历史,2026-09-04T01:02:29.548814+08:00
180301,2021-08-19,2.301,2.308,2.296,2.306,2221677,none,AKShare/新浪基金历史,2026-09-04T01:02:29.548814+08:00
180301,2021-08-20,2.306,2.311,2.306,2.31,1709227,none,AKShare/新浪基金历史,2026-09-04T01:02:29.548814+08:00
180301,2021-08-23,2.309,2.31,2.302,2.309,1027398,none,AKShare/新浪基金历史,2026-09-04T01:02:29.548814+08:00
180301,2021-08-24,2.309,2.312,2.305,2.311,1345488,none,AKShare/新浪基金历史,2026-09-04T01:02:29.548814+08:00
180301,2021-08-25,2.312,2.338,2.305,2.335,4216212,none,AKShare/新浪基金历史,2026-09-04T01:02:29.548814+08:00
180301,2021-08-26,2.335,2.346,2.33,2.34,6697096,none,AKShare/新浪基金历史,2026-09-04T01:02:29.548814+08:00
180301,2021-08-27,2.34,2.397,2.338,2.394,4066591,none,AKShare/新浪基金历史,2026-09-04T01:02:29.548814+08:00
180301,2021-08-30,2.394,2.443,2.394,2.418,6583158,none,AKShare/新浪基金历史,2026-09-04T01:02:29.548814+08:00
180301,2021-08-31,2.419,2.421,2.368,2.386,2339976,none,AKShare/新浪基金历史,2026-09-04T01:02:29.548814+08:00
180301,2021-09-01,2.385,2.385,2.348,2.352,3179139,none,AKShare/新浪基金历史,2026-09-04T01:02:29.548814+08:00
180301,2021-09-02,2.352,2.372,2.346,2.369,1214071,none,AKShare/新浪基金历史,2026-09-04T01:02:29.548814+08:00
180301,2021-09-03,2.369,2.369,2.357,2.364,1332074,none,AKShare/新浪基金历史,2026-09-04T01:02:29.548814+08:00
180301,2021-09-06,2.364,2.366,2.36,2.366,1585841,none,AKShare/新浪基金历史,2026-09-04T01:02:29.548814+08:00
180301,2021-09-07,2.366,2.385,2.365,2.372,3066021,none,AKShare/新浪基金历史,2026-09-04T01:02:29.548814+08:00
180301,2021-09-08,2.371,2.374,2.367,2.371,2012648,none,AKShare/新浪基金历史,2026-09-04T01:02:29.548814+08:00
180301,2021-09-09,2.371,2.374,2.37,2.371,3159275,none,AKShare/新浪基金历史,2026-09-04T01:02:29.548814+08:00
180301,2021-09-10,2.371,2.371,2.364,2.367,857897,none,AKShare/新浪基金历史,2026-09-04T01:02:29.548814+08:00
180301,2021-09-13,2.367,2.368,2.363,2.366,1593336,none,AKShare/新浪基金历史,2026-09-04T01:02:29.548814+08:00
180301,2021-09-14,2.366,2.391,2.366,2.388,1418263,none,AKShare/新浪基金历史,2026-09-04T01:02:29.548814+08:00
180301,2021-09-15,2.39,2.45,2.39,2.433,4393628,none,AKShare/新浪基金历史,2026-09-04T01:02:29.548814+08:00
180301,2021-09-16,2.436,2.446,2.414,2.42,3028584,none,AKShare/新浪基金历史,2026-09-04T01:02:29.548814+08:00
180301,2021-09-17,2.42,2.44,2.42,2.421,2835056,none,AKShare/新浪基金历史,2026-09-04T01:02:29.548814+08:00
180301,2021-09-22,2.422,2.444,2.422,2.44,1758819,none,AKShare/新浪基金历史,2026-09-04T01:02:29.548814+08:00
180301,2021-09-23,2.44,2.493,2.44,2.493,3142685,none,AKShare/新浪基金历史,2026-09-04T01:02:29.548814+08:00
180301,2021-09-24,2.496,2.51,2.468,2.474,3423056,none,AKShare/新浪基金历史,2026-09-04T01:02:29.548814+08:00
180301,2021-09-27,2.474,2.502,2.468,2.473,4216798,none,AKShare/新浪基金历史,2026-09-04T01:02:29.548814+08:00
180301,2021-09-28,2.473,2.485,2.447,2.475,3916619,none,AKShare/新浪基金历史,2026-09-04T01:02:29.548814+08:00
180301,2021-09-29,2.475,2.503,2.442,2.477,4121239,none,AKShare/新浪基金历史,2026-09-04T01:02:29.548814+08:00
180301,2021-09-30,2.477,2.49,2.47,2.479,6098876,none,AKShare/新浪基金历史,2026-09-04T01:02:29.548814+08:00
180301,2021-10-08,2.48,2.509,2.48,2.509,1535768,none,AKShare/新浪基金历史,2026-09-04T01:02:29.548814+08:00
180301,2021-10-11,2.509,2.509,2.492,2.501,4030722,none,AKShare/新浪基金历史,2026-09-04T01:02:29.548814+08:00
180301,2021-10-12,2.498,2.501,2.488,2.501,3340466,none,AKShare/新浪基金历史,2026-09-04T01:02:29.548814+08:00
180301,2021-10-13,2.501,2.502,2.498,2.502,1465322,none,AKShare/新浪基金历史,2026-09-04T01:02:29.548814+08:00
180301,2021-10-14,2.502,2.505,2.5,2.504,1409012,none,AKShare/新浪基金历史,2026-09-04T01:02:29.548814+08:00
180301,2021-10-15,2.504,2.51,2.5,2.506,1131263,none,AKShare/新浪基金历史,2026-09-04T01:02:29.548814+08:00
180301,2021-10-18,2.506,2.52,2.5,2.518,1319725,none,AKShare/新浪基金历史,2026-09-04T01:02:29.548814+08:00
180301,2021-10-19,2.518,2.56,2.518,2.555,2516920,none,AKShare/新浪基金历史,2026-09-04T01:02:29.548814+08:00
180301,2021-10-20,2.555,2.62,2.542,2.599,4151738,none,AKShare/新浪基金历史,2026-09-04T01:02:29.548814+08:00
180301,2021-10-21,2.599,2.656,2.599,2.656,3119155,none,AKShare/新浪基金历史,2026-09-04T01:02:29.548814+08:00
180301,2021-10-22,2.656,2.736,2.656,2.692,5529242,none,AKShare/新浪基金历史,2026-09-04T01:02:29.548814+08:00
180301,2021-10-25,2.693,2.747,2.693,2.725,3831215,none,AKShare/新浪基金历史,2026-09-04T01:02:29.548814+08:00
180301,2021-10-26,2.77,2.77,2.691,2.727,5434194,none,AKShare/新浪基金历史,2026-09-04T01:02:29.548814+08:00
180301,2021-10-27,2.727,2.76,2.68,2.76,5048611,none,AKShare/新浪基金历史,2026-09-04T01:02:29.548814+08:00
180301,2021-10-28,2.76,2.817,2.76,2.817,5538834,none,AKShare/新浪基金历史,2026-09-04T01:02:29.548814+08:00
180301,2021-10-29,2.817,2.913,2.817,2.888,5921760,none,AKShare/新浪基金历史,2026-09-04T01:02:29.548814+08:00
180301,2021-11-01,2.89,2.979,2.86,2.889,9172598,none,AKShare/新浪基金历史,2026-09-04T01:02:29.548814+08:00
180301,2021-11-02,2.889,2.89,2.75,2.792,11242002,none,AKShare/新浪基金历史,2026-09-04T01:02:29.548814+08:00
180301,2021-11-03,2.791,2.793,2.665,2.754,7649393,none,AKShare/新浪基金历史,2026-09-04T01:02:29.548814+08:00
180301,2021-11-04,2.752,2.796,2.71,2.795,6136645,none,AKShare/新浪基金历史,2026-09-04T01:02:29.548814+08:00
180301,2021-11-05,2.785,2.845,2.775,2.844,3325838,none,AKShare/新浪基金历史,2026-09-04T01:02:29.548814+08:00
180301,2021-11-08,2.845,2.874,2.816,2.836,2266840,none,AKShare/新浪基金历史,2026-09-04T01:02:29.548814+08:00
180301,2021-11-09,2.836,2.85,2.796,2.812,1501810,none,AKShare/新浪基金历史,2026-09-04T01:02:29.548814+08:00
180301,2021-11-10,2.811,2.811,2.772,2.801,2409008,none,AKShare/新浪基金历史,2026-09-04T01:02:29.548814+08:00
180301,2021-11-11,2.801,2.835,2.787,2.834,1976636,none,AKShare/新浪基金历史,2026-09-04T01:02:29.548814+08:00
180301,2021-11-12,2.834,2.866,2.833,2.849,2876156,none,AKShare/新浪基金历史,2026-09-04T01:02:29.548814+08:00
180301,2021-11-15,2.849,2.87,2.812,2.826,3209624,none,AKShare/新浪基金历史,2026-09-04T01:02:29.548814+08:00
180301,2021-11-16,2.826,2.828,2.806,2.82,3004072,none,AKShare/新浪基金历史,2026-09-04T01:02:29.548814+08:00
180301,2021-11-17,2.82,2.846,2.788,2.841,3938091,none,AKShare/新浪基金历史,2026-09-04T01:02:29.548814+08:00
180301,2021-11-18,2.838,2.838,2.796,2.828,1261527,none,AKShare/新浪基金历史,2026-09-04T01:02:29.548814+08:00
180301,2021-11-19,2.828,2.856,2.813,2.825,4651403,none,AKShare/新浪基金历史,2026-09-04T01:02:29.548814+08:00
180301,2021-11-22,2.825,2.825,2.774,2.786,4877565,none,AKShare/新浪基金历史,2026-09-04T01:02:29.548814+08:00
180301,2021-11-23,2.787,2.8,2.774,2.786,4787838,none,AKShare/新浪基金历史,2026-09-04T01:02:29.548814+08:00
180301,2021-11-24,2.786,2.82,2.775,2.815,4170526,none,AKShare/新浪基金历史,2026-09-04T01:02:29.548814+08:00
180301,2021-11-25,2.815,2.815,2.8,2.808,3336696,none,AKShare/新浪基金历史,2026-09-04T01:02:29.548814+08:00
180301,2021-11-26,2.818,2.833,2.808,2.83,2690710,none,AKShare/新浪基金历史,2026-09-04T01:02:29.548814+08:00
180301,2021-11-29,2.83,2.83,2.798,2.823,1221564,none,AKShare/新浪基金历史,2026-09-04T01:02:29.548814+08:00
180301,2021-11-30,2.823,2.87,2.823,2.868,1896619,none,AKShare/新浪基金历史,2026-09-04T01:02:29.548814+08:00
180301,2021-12-01,2.869,2.928,2.869,2.926,2058118,none,AKShare/新浪基金历史,2026-09-04T01:02:29.548814+08:00
180301,2021-12-02,2.929,3.022,2.929,3.013,3702863,none,AKShare/新浪基金历史,2026-09-04T01:02:29.548814+08:00
180301,2021-12-03,3.013,3.092,2.962,3.003,3945384,none,AKShare/新浪基金历史,2026-09-04T01:02:29.548814+08:00
180301,2021-12-06,3.003,3.036,2.96,3.025,3547163,none,AKShare/新浪基金历史,2026-09-04T01:02:29.548814+08:00
180301,2021-12-07,3.024,3.034,3.01,3.034,2300663,none,AKShare/新浪基金历史,2026-09-04T01:02:29.548814+08:00
180301,2021-12-08,3.034,3.086,3.03,3.086,2298890,none,AKShare/新浪基金历史,2026-09-04T01:02:29.548814+08:00
180301,2021-12-09,3.086,3.19,3.086,3.188,4222472,none,AKShare/新浪基金历史,2026-09-04T01:02:29.548814+08:00
180301,2021-12-10,3.188,3.285,3.124,3.279,5319710,none,AKShare/新浪基金历史,2026-09-04T01:02:29.548814+08:00
180301,2021-12-13,3.28,3.322,3.266,3.28,6985594,none,AKShare/新浪基金历史,2026-09-04T01:02:29.548814+08:00
180301,2021-12-14,3.28,3.28,3.24,3.254,6538477,none,AKShare/新浪基金历史,2026-09-04T01:02:29.548814+08:00
180301,2021-12-15,3.254,3.284,3.221,3.258,7217696,none,AKShare/新浪基金历史,2026-09-04T01:02:29.548814+08:00
180301,2021-12-16,3.259,3.264,3.162,3.173,6764309,none,AKShare/新浪基金历史,2026-09-04T01:02:29.548814+08:00
180301,2021-12-17,3.12,3.229,3.12,3.151,5564473,none,AKShare/新浪基金历史,2026-09-04T01:02:29.548814+08:00
180301,2021-12-20,3.151,3.191,3.113,3.129,2530469,none,AKShare/新浪基金历史,2026-09-04T01:02:29.548814+08:00
180301,2021-12-21,3.129,3.14,3.09,3.099,4533504,none,AKShare/新浪基金历史,2026-09-04T01:02:29.548814+08:00
180301,2021-12-22,3.099,3.12,3.076,3.11,3669199,none,AKShare/新浪基金历史,2026-09-04T01:02:29.548814+08:00
180301,2021-12-23,3.11,3.17,3.11,3.161,6395564,none,AKShare/新浪基金历史,2026-09-04T01:02:29.548814+08:00
180301,2021-12-24,3.162,3.198,3.132,3.17,5757420,none,AKShare/新浪基金历史,2026-09-04T01:02:29.548814+08:00
180301,2021-12-27,3.17,3.186,3.15,3.176,2795624,none,AKShare/新浪基金历史,2026-09-04T01:02:29.548814+08:00
180301,2021-12-28,3.176,3.186,3.16,3.169,3092479,none,AKShare/新浪基金历史,2026-09-04T01:02:29.548814+08:00
180301,2021-12-29,3.168,3.168,3.127,3.14,4698024,none,AKShare/新浪基金历史,2026-09-04T01:02:29.548814+08:00
180301,2021-12-30,3.14,3.14,3.1,3.11,5121280,none,AKShare/新浪基金历史,2026-09-04T01:02:29.548814+08:00
180301,2021-12-31,3.11,3.12,3.06,3.06,6649022,none,AKShare/新浪基金历史,2026-09-04T01:02:29.548814+08:00
180301,2022-01-04,3.061,3.119,3.061,3.118,2828644,none,AKShare/新浪基金历史,2026-09-04T01:02:29.548814+08:00
180301,2022-01-05,3.12,3.177,3.118,3.175,2771915,none,AKShare/新浪基金历史,2026-09-04T01:02:29.548814+08:00
180301,2022-01-06,3.176,3.195,3.136,3.184,2781500,none,AKShare/新浪基金历史,2026-09-04T01:02:29.548814+08:00
180301,2022-01-07,3.184,3.19,3.152,3.176,1868923,none,AKShare/新浪基金历史,2026-09-04T01:02:29.548814+08:00
180301,2022-01-10,3.176,3.179,3.16,3.177,1353825,none,AKShare/新浪基金历史,2026-09-04T01:02:29.548814+08:00
180301,2022-01-11,3.177,3.27,3.173,3.268,3701245,none,AKShare/新浪基金历史,2026-09-04T01:02:29.548814+08:00
180301,2022-01-12,3.268,3.31,3.1,3.281,4584941,none,AKShare/新浪基金历史,2026-09-04T01:02:29.548814+08:00
180301,2022-01-13,3.282,3.31,3.245,3.301,5367662,none,AKShare/新浪基金历史,2026-09-04T01:02:29.548814+08:00
180301,2022-01-14,3.301,3.314,3.282,3.29,4478118,none,AKShare/新浪基金历史,2026-09-04T01:02:29.548814+08:00
180301,2022-01-17,3.289,3.321,3.265,3.302,4720612,none,AKShare/新浪基金历史,2026-09-04T01:02:29.548814+08:00
180301,2022-01-18,3.302,3.333,3.281,3.286,3072534,none,AKShare/新浪基金历史,2026-09-04T01:02:29.548814+08:00
180301,2022-01-19,3.286,3.29,3.275,3.285,3847708,none,AKShare/新浪基金历史,2026-09-04T01:02:29.548814+08:00
180301,2022-01-20,3.285,3.3,3.271,3.29,2399156,none,AKShare/新浪基金历史,2026-09-04T01:02:29.548814+08:00
180301,2022-01-21,3.29,3.608,3.29,3.41,8368445,none,AKShare/新浪基金历史,2026-09-04T01:02:29.548814+08:00
180301,2022-01-24,3.411,3.6,3.37,3.589,11788045,none,AKShare/新浪基金历史,2026-09-04T01:02:29.548814+08:00
180301,2022-01-25,3.583,3.657,3.5,3.529,7298192,none,AKShare/新浪基金历史,2026-09-04T01:02:29.548814+08:00
180301,2022-01-26,3.528,3.576,3.45,3.499,5507346,none,AKShare/新浪基金历史,2026-09-04T01:02:29.548814+08:00
180301,2022-01-27,3.499,3.53,3.46,3.494,4275209,none,AKShare/新浪基金历史,2026-09-04T01:02:29.548814+08:00
180301,2022-01-28,3.494,3.674,3.49,3.668,7596289,none,AKShare/新浪基金历史,2026-09-04T01:02:29.548814+08:00
180301,2022-02-07,3.669,3.887,3.669,3.887,7748924,none,AKShare/新浪基金历史,2026-09-04T01:02:29.548814+08:00
180301,2022-02-08,3.909,4.148,3.909,4.127,13748235,none,AKShare/新浪基金历史,2026-09-04T01:02:29.548814+08:00
180301,2022-02-10,4.0,4.22,3.87,4.042,16078387,none,AKShare/新浪基金历史,2026-09-04T01:02:29.548814+08:00
180301,2022-02-11,4.042,4.108,4.002,4.033,12278308,none,AKShare/新浪基金历史,2026-09-04T01:02:29.548814+08:00
180301,2022-02-14,4.036,4.15,4.036,4.13,15171790,none,AKShare/新浪基金历史,2026-09-04T01:02:29.548814+08:00
180301,2022-02-15,4.129,4.168,4.073,4.099,16037533,none,AKShare/新浪基金历史,2026-09-04T01:02:29.548814+08:00
180301,2022-02-16,4.079,4.089,3.922,4.005,13311155,none,AKShare/新浪基金历史,2026-09-04T01:02:29.548814+08:00
180301,2022-02-17,4.005,4.005,3.803,3.86,13889914,none,AKShare/新浪基金历史,2026-09-04T01:02:29.548814+08:00
180301,2022-02-18,3.841,4.04,3.661,4.003,14808744,none,AKShare/新浪基金历史,2026-09-04T01:02:29.548814+08:00
180301,2022-02-21,4.004,4.1,3.978,3.998,12581244,none,AKShare/新浪基金历史,2026-09-04T01:02:29.548814+08:00
180301,2022-02-22,3.974,3.975,3.801,3.811,13642488,none,AKShare/新浪基金历史,2026-09-04T01:02:29.548814+08:00
180301,2022-02-23,3.7,3.892,3.6,3.791,13904161,none,AKShare/新浪基金历史,2026-09-04T01:02:29.548814+08:00
180301,2022-02-24,3.65,3.79,3.647,3.65,12477804,none,AKShare/新浪基金历史,2026-09-04T01:02:29.548814+08:00
180301,2022-02-25,3.65,3.776,3.603,3.686,8986456,none,AKShare/新浪基金历史,2026-09-04T01:02:29.548814+08:00
180301,2022-02-28,3.685,3.685,3.548,3.548,8912767,none,AKShare/新浪基金历史,2026-09-04T01:02:29.548814+08:00
180301,2022-03-01,3.549,3.65,3.4,3.481,18581535,none,AKShare/新浪基金历史,2026-09-04T01:02:29.548814+08:00
180301,2022-03-02,3.35,3.598,3.293,3.559,16130282,none,AKShare/新浪基金历史,2026-09-04T01:02:29.548814+08:00
180301,2022-03-03,3.559,3.682,3.555,3.682,12730574,none,AKShare/新浪基金历史,2026-09-04T01:02:29.548814+08:00
180301,2022-03-04,3.685,3.712,3.6,3.669,11795875,none,AKShare/新浪基金历史,2026-09-04T01:02:29.548814+08:00
180301,2022-03-07,3.6,3.653,3.526,3.532,7377297,none,AKShare/新浪基金历史,2026-09-04T01:02:29.548814+08:00
180301,2022-03-08,3.423,3.498,3.322,3.331,10745469,none,AKShare/新浪基金历史,2026-09-04T01:02:29.548814+08:00
180301,2022-03-09,3.307,3.428,3.2,3.309,10837566,none,AKShare/新浪基金历史,2026-09-04T01:02:29.548814+08:00
180301,2022-03-10,3.4,3.41,3.315,3.345,6995841,none,AKShare/新浪基金历史,2026-09-04T01:02:29.548814+08:00
180301,2022-03-11,3.281,3.335,3.245,3.292,5459814,none,AKShare/新浪基金历史,2026-09-04T01:02:29.548814+08:00
180301,2022-03-14,3.2,3.261,3.186,3.188,5607305,none,AKShare/新浪基金历史,2026-09-04T01:02:29.548814+08:00
180301,2022-03-15,3.154,3.154,2.966,2.977,11395004,none,AKShare/新浪基金历史,2026-09-04T01:02:29.548814+08:00
180301,2022-03-16,2.977,3.066,2.84,3.01,13165055,none,AKShare/新浪基金历史,2026-09-04T01:02:29.548814+08:00
180301,2022-03-17,3.043,3.085,2.947,3.04,12122522,none,AKShare/新浪基金历史,2026-09-04T01:02:29.548814+08:00
180301,2022-03-18,3.04,3.067,2.967,3.037,5850604,none,AKShare/新浪基金历史,2026-09-04T01:02:29.548814+08:00
180301,2022-03-21,3.037,3.24,3.036,3.236,9931822,none,AKShare/新浪基金历史,2026-09-04T01:02:29.548814+08:00
180301,2022-03-22,3.287,3.448,3.286,3.441,12489869,none,AKShare/新浪基金历史,2026-09-04T01:02:29.548814+08:00
180301,2022-03-23,3.442,3.478,3.3,3.337,11587287,none,AKShare/新浪基金历史,2026-09-04T01:02:29.548814+08:00
180301,2022-03-24,3.251,3.401,3.19,3.38,10333370,none,AKShare/新浪基金历史,2026-09-04T01:02:29.548814+08:00
180301,2022-03-25,3.375,3.427,3.31,3.322,5976996,none,AKShare/新浪基金历史,2026-09-04T01:02:29.548814+08:00
180301,2022-03-28,3.32,3.32,3.223,3.265,5231328,none,AKShare/新浪基金历史,2026-09-04T01:02:29.548814+08:00
180301,2022-03-29,3.262,3.329,3.25,3.283,4098720,none,AKShare/新浪基金历史,2026-09-04T01:02:29.548814+08:00
180301,2022-03-30,3.299,3.328,3.276,3.288,5170776,none,AKShare/新浪基金历史,2026-09-04T01:02:29.548814+08:00
180301,2022-03-31,3.288,3.323,3.255,3.277,5327188,none,AKShare/新浪基金历史,2026-09-04T01:02:29.548814+08:00
180301,2022-04-01,3.277,3.474,3.256,3.446,8135535,none,AKShare/新浪基金历史,2026-09-04T01:02:29.548814+08:00
180301,2022-04-06,3.456,3.489,3.425,3.47,8894243,none,AKShare/新浪基金历史,2026-09-04T01:02:29.548814+08:00
180301,2022-04-07,3.37,3.388,3.26,3.304,5415679,none,AKShare/新浪基金历史,2026-09-04T01:02:29.548814+08:00
180301,2022-04-08,3.274,3.379,3.251,3.37,5781283,none,AKShare/新浪基金历史,2026-09-04T01:02:29.548814+08:00
180301,2022-04-11,3.37,3.37,3.269,3.296,5347448,none,AKShare/新浪基金历史,2026-09-04T01:02:29.548814+08:00
180301,2022-04-12,3.296,3.354,3.295,3.342,6513908,none,AKShare/新浪基金历史,2026-09-04T01:02:29.548814+08:00
180301,2022-04-13,3.318,3.359,3.3,3.34,5374492,none,AKShare/新浪基金历史,2026-09-04T01:02:29.548814+08:00
180301,2022-04-14,3.34,3.357,3.322,3.327,4428223,none,AKShare/新浪基金历史,2026-09-04T01:02:29.548814+08:00
180301,2022-04-15,3.319,3.319,3.28,3.292,4713871,none,AKShare/新浪基金历史,2026-09-04T01:02:29.548814+08:00
180301,2022-04-18,3.293,3.306,3.279,3.294,3721321,none,AKShare/新浪基金历史,2026-09-04T01:02:29.548814+08:00
180301,2022-04-19,3.294,3.308,3.28,3.288,3294204,none,AKShare/新浪基金历史,2026-09-04T01:02:29.548814+08:00
180301,2022-04-20,3.288,3.299,3.282,3.285,2840082,none,AKShare/新浪基金历史,2026-09-04T01:02:29.548814+08:00
180301,2022-04-21,3.285,3.285,3.214,3.219,4434731,none,AKShare/新浪基金历史,2026-09-04T01:02:29.548814+08:00
180301,2022-04-22,3.216,3.216,3.14,3.184,4011454,none,AKShare/新浪基金历史,2026-09-04T01:02:29.548814+08:00
180301,2022-04-25,3.184,3.185,3.039,3.042,5363394,none,AKShare/新浪基金历史,2026-09-04T01:02:29.548814+08:00
180301,2022-04-26,3.04,3.1,2.995,3.037,5405948,none,AKShare/新浪基金历史,2026-09-04T01:02:29.548814+08:00
180301,2022-04-27,2.99,3.07,2.972,3.067,4941534,none,AKShare/新浪基金历史,2026-09-04T01:02:29.548814+08:00
180301,2022-04-28,3.068,3.068,2.999,3.019,4761484,none,AKShare/新浪基金历史,2026-09-04T01:02:29.548814+08:00
180301,2022-04-29,3.028,3.054,3.01,3.05,3894880,none,AKShare/新浪基金历史,2026-09-04T01:02:29.548814+08:00
180301,2022-05-05,3.05,3.052,3.015,3.015,2241266,none,AKShare/新浪基金历史,2026-09-04T01:02:29.548814+08:00
180301,2022-05-06,2.98,3.064,2.97,3.015,2634934,none,AKShare/新浪基金历史,2026-09-04T01:02:29.548814+08:00
180301,2022-05-09,3.011,3.011,2.98,2.983,3286315,none,AKShare/新浪基金历史,2026-09-04T01:02:29.548814+08:00
180301,2022-05-10,2.982,2.995,2.957,2.981,3519388,none,AKShare/新浪基金历史,2026-09-04T01:02:29.548814+08:00
180301,2022-05-11,2.979,3.04,2.975,3.03,3871052,none,AKShare/新浪基金历史,2026-09-04T01:02:29.548814+08:00
180301,2022-05-12,2.996,3.034,2.996,3.032,2854446,none,AKShare/新浪基金历史,2026-09-04T01:02:29.548814+08:00
180301,2022-05-13,3.026,3.05,3.014,3.017,3031499,none,AKShare/新浪基金历史,2026-09-04T01:02:29.548814+08:00
180301,2022-05-16,3.017,3.025,3.001,3.003,2128152,none,AKShare/新浪基金历史,2026-09-04T01:02:29.548814+08:00
180301,2022-05-17,3.003,3.006,2.988,2.99,2541972,none,AKShare/新浪基金历史,2026-09-04T01:02:29.548814+08:00
180301,2022-05-18,2.99,2.99,2.98,2.98,2263320,none,AKShare/新浪基金历史,2026-09-04T01:02:29.548814+08:00
180301,2022-05-19,2.976,2.976,2.948,2.95,2567211,none,AKShare/新浪基金历史,2026-09-04T01:02:29.548814+08:00
180301,2022-05-20,2.95,2.975,2.95,2.967,2205456,none,AKShare/新浪基金历史,2026-09-04T01:02:29.548814+08:00
180301,2022-05-23,2.968,2.976,2.957,2.957,1541156,none,AKShare/新浪基金历史,2026-09-04T01:02:29.548814+08:00
180301,2022-05-24,2.957,2.965,2.94,2.94,1739004,none,AKShare/新浪基金历史,2026-09-04T01:02:29.548814+08:00
180301,2022-05-25,2.94,2.948,2.932,2.934,1833601,none,AKShare/新浪基金历史,2026-09-04T01:02:29.548814+08:00
180301,2022-05-26,2.935,2.949,2.93,2.942,2113113,none,AKShare/新浪基金历史,2026-09-04T01:02:29.548814+08:00
180301,2022-05-27,2.943,2.96,2.94,2.949,1657345,none,AKShare/新浪基金历史,2026-09-04T01:02:29.548814+08:00
180301,2022-05-30,2.949,2.96,2.932,2.942,1786598,none,AKShare/新浪基金历史,2026-09-04T01:02:29.548814+08:00
180301,2022-05-31,2.94,2.94,2.913,2.916,3402462,none,AKShare/新浪基金历史,2026-09-04T01:02:29.548814+08:00
180301,2022-06-01,2.916,2.931,2.887,2.931,2932018,none,AKShare/新浪基金历史,2026-09-04T01:02:29.548814+08:00
180301,2022-06-02,2.931,2.95,2.914,2.948,2796316,none,AKShare/新浪基金历史,2026-09-04T01:02:29.548814+08:00
180301,2022-06-06,2.948,3.0,2.93,3.0,3623037,none,AKShare/新浪基金历史,2026-09-04T01:02:29.548814+08:00
180301,2022-06-07,3.005,3.125,3.005,3.109,6158168,none,AKShare/新浪基金历史,2026-09-04T01:02:29.548814+08:00
180301,2022-06-08,3.109,3.194,3.05,3.093,5306510,none,AKShare/新浪基金历史,2026-09-04T01:02:29.548814+08:00
180301,2022-06-09,3.088,3.123,3.03,3.122,4343995,none,AKShare/新浪基金历史,2026-09-04T01:02:29.548814+08:00
180301,2022-06-10,3.105,3.146,3.06,3.118,2518807,none,AKShare/新浪基金历史,2026-09-04T01:02:29.548814+08:00
180301,2022-06-13,3.102,3.113,3.06,3.101,2806909,none,AKShare/新浪基金历史,2026-09-04T01:02:29.548814+08:00
180301,2022-06-14,3.101,3.131,3.081,3.12,3184448,none,AKShare/新浪基金历史,2026-09-04T01:02:29.548814+08:00
180301,2022-06-15,3.12,3.151,3.1,3.144,3769049,none,AKShare/新浪基金历史,2026-09-04T01:02:29.548814+08:00
180301,2022-06-16,3.144,3.152,3.126,3.14,2703965,none,AKShare/新浪基金历史,2026-09-04T01:02:29.548814+08:00
180301,2022-06-17,3.134,3.154,3.12,3.129,3498390,none,AKShare/新浪基金历史,2026-09-04T01:02:29.548814+08:00
180301,2022-06-20,3.12,3.122,3.082,3.105,3586814,none,AKShare/新浪基金历史,2026-09-04T01:02:29.548814+08:00
180301,2022-06-21,3.101,3.147,3.061,3.136,3507198,none,AKShare/新浪基金历史,2026-09-04T01:02:29.548814+08:00
180301,2022-06-22,3.136,3.14,3.113,3.135,1935120,none,AKShare/新浪基金历史,2026-09-04T01:02:29.548814+08:00
180301,2022-06-23,3.115,3.162,3.115,3.158,4044540,none,AKShare/新浪基金历史,2026-09-04T01:02:29.548814+08:00
180301,2022-06-24,3.156,3.235,3.156,3.231,3599462,none,AKShare/新浪基金历史,2026-09-04T01:02:29.548814+08:00
180301,2022-06-27,3.231,3.287,3.19,3.281,3863208,none,AKShare/新浪基金历史,2026-09-04T01:02:29.548814+08:00
180301,2022-06-28,3.281,3.318,3.265,3.316,3472711,none,AKShare/新浪基金历史,2026-09-04T01:02:29.548814+08:00
180301,2022-06-29,3.317,3.355,3.3,3.302,3219756,none,AKShare/新浪基金历史,2026-09-04T01:02:29.548814+08:00
180301,2022-06-30,3.298,3.355,3.298,3.353,4453107,none,AKShare/新浪基金历史,2026-09-04T01:02:29.548814+08:00
180301,2022-07-01,3.35,3.37,3.35,3.356,3053988,none,AKShare/新浪基金历史,2026-09-04T01:02:29.548814+08:00
180301,2022-07-04,3.355,3.372,3.335,3.359,3683847,none,AKShare/新浪基金历史,2026-09-04T01:02:29.548814+08:00
180301,2022-07-05,3.35,3.36,3.272,3.34,3841429,none,AKShare/新浪基金历史,2026-09-04T01:02:29.548814+08:00
180301,2022-07-06,3.328,3.34,3.291,3.319,2857389,none,AKShare/新浪基金历史,2026-09-04T01:02:29.548814+08:00
180301,2022-07-07,3.303,3.319,3.288,3.301,2371580,none,AKShare/新浪基金历史,2026-09-04T01:02:29.548814+08:00
180301,2022-07-08,3.297,3.336,3.278,3.318,2164219,none,AKShare/新浪基金历史,2026-09-04T01:02:29.548814+08:00
180301,2022-07-11,3.318,3.328,3.28,3.305,2262586,none,AKShare/新浪基金历史,2026-09-04T01:02:29.548814+08:00
180301,2022-07-12,3.33,3.33,3.281,3.318,1862372,none,AKShare/新浪基金历史,2026-09-04T01:02:29.548814+08:00
180301,2022-07-13,3.316,3.316,3.295,3.299,1655880,none,AKShare/新浪基金历史,2026-09-04T01:02:29.548814+08:00
180301,2022-07-14,3.29,3.366,3.29,3.356,2773933,none,AKShare/新浪基金历史,2026-09-04T01:02:29.548814+08:00
180301,2022-07-15,3.356,3.36,3.34,3.343,2373904,none,AKShare/新浪基金历史,2026-09-04T01:02:29.548814+08:00
180301,2022-07-18,3.34,3.359,3.34,3.351,2008660,none,AKShare/新浪基金历史,2026-09-04T01:02:29.548814+08:00
180301,2022-07-19,3.35,3.368,3.34,3.357,1868427,none,AKShare/新浪基金历史,2026-09-04T01:02:29.548814+08:00
180301,2022-07-20,3.355,3.37,3.345,3.37,1591357,none,AKShare/新浪基金历史,2026-09-04T01:02:29.548814+08:00
180301,2022-07-21,3.364,3.381,3.358,3.366,2143294,none,AKShare/新浪基金历史,2026-09-04T01:02:29.548814+08:00
180301,2022-07-22,3.366,3.368,3.349,3.357,1891716,none,AKShare/新浪基金历史,2026-09-04T01:02:29.548814+08:00
180301,2022-07-25,3.354,3.354,3.301,3.308,3333179,none,AKShare/新浪基金历史,2026-09-04T01:02:29.548814+08:00
180301,2022-07-26,3.299,3.299,3.248,3.283,2577266,none,AKShare/新浪基金历史,2026-09-04T01:02:29.548814+08:00
180301,2022-07-27,3.276,3.292,3.26,3.278,2484786,none,AKShare/新浪基金历史,2026-09-04T01:02:29.548814+08:00
180301,2022-07-28,3.276,3.299,3.26,3.299,1452198,none,AKShare/新浪基金历史,2026-09-04T01:02:29.548814+08:00
180301,2022-07-29,3.298,3.321,3.291,3.314,1398344,none,AKShare/新浪基金历史,2026-09-04T01:02:29.548814+08:00
180301,2022-08-01,3.314,3.333,3.294,3.324,1294086,none,AKShare/新浪基金历史,2026-09-04T01:02:29.548814+08:00
180301,2022-08-02,3.321,3.321,3.258,3.31,1930575,none,AKShare/新浪基金历史,2026-09-04T01:02:29.548814+08:00
180301,2022-08-03,3.282,3.321,3.282,3.309,2382120,none,AKShare/新浪基金历史,2026-09-04T01:02:29.548814+08:00
180301,2022-08-04,3.307,3.343,3.286,3.343,2679424,none,AKShare/新浪基金历史,2026-09-04T01:02:29.548814+08:00
180301,2022-08-05,3.343,3.343,3.324,3.333,1658112,none,AKShare/新浪基金历史,2026-09-04T01:02:29.548814+08:00
180301,2022-08-08,3.333,3.335,3.311,3.317,1038305,none,AKShare/新浪基金历史,2026-09-04T01:02:29.548814+08:00
180301,2022-08-09,3.316,3.316,3.272,3.275,1828456,none,AKShare/新浪基金历史,2026-09-04T01:02:29.548814+08:00
180301,2022-08-10,3.268,3.303,3.251,3.296,1482964,none,AKShare/新浪基金历史,2026-09-04T01:02:29.548814+08:00
180301,2022-08-11,3.293,3.3,3.273,3.282,1529596,none,AKShare/新浪基金历史,2026-09-04T01:02:29.548814+08:00
180301,2022-08-12,3.282,3.3,3.268,3.279,1257920,none,AKShare/新浪基金历史,2026-09-04T01:02:29.548814+08:00
180301,2022-08-15,3.279,3.288,3.27,3.283,1206751,none,AKShare/新浪基金历史,2026-09-04T01:02:29.548814+08:00
180301,2022-08-16,3.283,3.318,3.27,3.306,2438091,none,AKShare/新浪基金历史,2026-09-04T01:02:29.548814+08:00
180301,2022-08-17,3.299,3.314,3.288,3.305,1210959,none,AKShare/新浪基金历史,2026-09-04T01:02:29.548814+08:00
180301,2022-08-18,3.307,3.336,3.307,3.328,1661679,none,AKShare/新浪基金历史,2026-09-04T01:02:29.548814+08:00
180301,2022-08-19,3.332,3.445,3.331,3.445,3810546,none,AKShare/新浪基金历史,2026-09-04T01:02:29.548814+08:00
180301,2022-08-22,3.445,3.499,3.428,3.473,7256275,none,AKShare/新浪基金历史,2026-09-04T01:02:29.548814+08:00
180301,2022-08-23,3.469,3.485,3.421,3.48,2713004,none,AKShare/新浪基金历史,2026-09-04T01:02:29.548814+08:00
180301,2022-08-24,3.466,3.469,3.438,3.44,2871337,none,AKShare/新浪基金历史,2026-09-04T01:02:29.548814+08:00
180301,2022-08-25,3.432,3.484,3.401,3.462,1983870,none,AKShare/新浪基金历史,2026-09-04T01:02:29.548814+08:00
180301,2022-08-26,3.458,3.459,3.428,3.437,1724832,none,AKShare/新浪基金历史,2026-09-04T01:02:29.548814+08:00
180301,2022-08-29,3.418,3.43,3.4,3.405,2396080,none,AKShare/新浪基金历史,2026-09-04T01:02:29.548814+08:00
180301,2022-08-30,3.403,3.45,3.386,3.42,3072378,none,AKShare/新浪基金历史,2026-09-04T01:02:29.548814+08:00
180301,2022-08-31,3.42,3.45,3.402,3.421,2649628,none,AKShare/新浪基金历史,2026-09-04T01:02:29.548814+08:00
180301,2022-09-01,3.421,3.421,3.385,3.393,2345539,none,AKShare/新浪基金历史,2026-09-04T01:02:29.548814+08:00
180301,2022-09-02,3.393,3.408,3.37,3.399,1769468,none,AKShare/新浪基金历史,2026-09-04T01:02:29.548814+08:00
180301,2022-09-05,3.403,3.403,3.378,3.391,1415420,none,AKShare/新浪基金历史,2026-09-04T01:02:29.548814+08:00
180301,2022-09-06,3.391,3.405,3.38,3.393,1573980,none,AKShare/新浪基金历史,2026-09-04T01:02:29.548814+08:00
180301,2022-09-07,3.392,3.418,3.388,3.407,1737930,none,AKShare/新浪基金历史,2026-09-04T01:02:29.548814+08:00
180301,2022-09-08,3.412,3.445,3.402,3.445,2561929,none,AKShare/新浪基金历史,2026-09-04T01:02:29.548814+08:00
180301,2022-09-09,3.45,3.495,3.446,3.484,4468915,none,AKShare/新浪基金历史,2026-09-04T01:02:29.548814+08:00
180301,2022-09-13,3.48,3.5,3.456,3.48,2875528,none,AKShare/新浪基金历史,2026-09-04T01:02:29.548814+08:00
180301,2022-09-14,3.465,3.486,3.45,3.481,1574796,none,AKShare/新浪基金历史,2026-09-04T01:02:29.548814+08:00
180301,2022-09-15,3.478,3.478,3.452,3.461,1684413,none,AKShare/新浪基金历史,2026-09-04T01:02:29.548814+08:00
180301,2022-09-16,3.439,3.468,3.439,3.46,1575370,none,AKShare/新浪基金历史,2026-09-04T01:02:29.548814+08:00
180301,2022-09-19,3.459,3.465,3.431,3.436,1383890,none,AKShare/新浪基金历史,2026-09-04T01:02:29.548814+08:00
180301,2022-09-20,3.436,3.459,3.431,3.441,704100,none,AKShare/新浪基金历史,2026-09-04T01:02:29.548814+08:00
180301,2022-09-21,3.441,3.445,3.405,3.427,1033583,none,AKShare/新浪基金历史,2026-09-04T01:02:29.548814+08:00
180301,2022-09-22,3.425,3.436,3.42,3.435,924563,none,AKShare/新浪基金历史,2026-09-04T01:02:29.548814+08:00
180301,2022-09-23,3.435,3.456,3.433,3.437,1350001,none,AKShare/新浪基金历史,2026-09-04T01:02:29.548814+08:00
180301,2022-09-26,3.437,3.45,3.43,3.437,1414015,none,AKShare/新浪基金历史,2026-09-04T01:02:29.548814+08:00
180301,2022-09-27,3.438,3.447,3.424,3.43,1433768,none,AKShare/新浪基金历史,2026-09-04T01:02:29.548814+08:00
180301,2022-09-28,3.498,3.54,3.464,3.51,9810200,none,AKShare/新浪基金历史,2026-09-04T01:02:29.548814+08:00
180301,2022-09-29,3.524,3.534,3.431,3.446,9071710,none,AKShare/新浪基金历史,2026-09-04T01:02:29.548814+08:00
180301,2022-09-30,3.445,3.47,3.393,3.405,4318447,none,AKShare/新浪基金历史,2026-09-04T01:02:29.548814+08:00
180301,2022-10-10,3.399,3.399,3.321,3.326,3610239,none,AKShare/新浪基金历史,2026-09-04T01:02:29.548814+08:00
180301,2022-10-11,3.323,3.323,3.262,3.275,5786368,none,AKShare/新浪基金历史,2026-09-04T01:02:29.548814+08:00
180301,2022-10-12,3.277,3.3,3.251,3.267,2325712,none,AKShare/新浪基金历史,2026-09-04T01:02:29.548814+08:00
180301,2022-10-13,3.267,3.306,3.26,3.299,2489080,none,AKShare/新浪基金历史,2026-09-04T01:02:29.548814+08:00
180301,2022-10-14,3.299,3.34,3.284,3.292,2420016,none,AKShare/新浪基金历史,2026-09-04T01:02:29.548814+08:00
180301,2022-10-17,3.292,3.305,3.288,3.299,1335792,none,AKShare/新浪基金历史,2026-09-04T01:02:29.548814+08:00
180301,2022-10-18,3.299,3.34,3.29,3.332,2999200,none,AKShare/新浪基金历史,2026-09-04T01:02:29.548814+08:00
180301,2022-10-19,3.332,3.332,3.303,3.308,1900139,none,AKShare/新浪基金历史,2026-09-04T01:02:29.548814+08:00
180301,2022-10-20,3.3,3.321,3.287,3.317,1464056,none,AKShare/新浪基金历史,2026-09-04T01:02:29.548814+08:00
180301,2022-10-21,3.317,3.399,3.298,3.332,1556832,none,AKShare/新浪基金历史,2026-09-04T01:02:29.548814+08:00
180301,2022-10-24,3.332,3.332,3.277,3.28,3811447,none,AKShare/新浪基金历史,2026-09-04T01:02:29.548814+08:00
180301,2022-10-25,3.275,3.281,3.265,3.268,3008357,none,AKShare/新浪基金历史,2026-09-04T01:02:29.548814+08:00
180301,2022-10-26,3.268,3.295,3.245,3.245,2970264,none,AKShare/新浪基金历史,2026-09-04T01:02:29.548814+08:00
180301,2022-10-27,3.249,3.249,3.145,3.163,4440433,none,AKShare/新浪基金历史,2026-09-04T01:02:29.548814+08:00
180301,2022-10-28,3.163,3.221,3.11,3.2,5075044,none,AKShare/新浪基金历史,2026-09-04T01:02:29.548814+08:00
180301,2022-10-31,3.191,3.191,3.168,3.174,2029375,none,AKShare/新浪基金历史,2026-09-04T01:02:29.548814+08:00
180301,2022-11-01,3.167,3.197,3.167,3.191,2532288,none,AKShare/新浪基金历史,2026-09-04T01:02:29.548814+08:00
180301,2022-11-02,3.192,3.246,3.192,3.246,2048002,none,AKShare/新浪基金历史,2026-09-04T01:02:29.548814+08:00
180301,2022-11-03,3.243,3.286,3.22,3.28,2987868,none,AKShare/新浪基金历史,2026-09-04T01:02:29.548814+08:00
180301,2022-11-04,3.277,3.32,3.26,3.31,3285962,none,AKShare/新浪基金历史,2026-09-04T01:02:29.548814+08:00
180301,2022-11-07,3.306,3.314,3.282,3.284,2346111,none,AKShare/新浪基金历史,2026-09-04T01:02:29.548814+08:00
180301,2022-11-08,3.283,3.283,3.235,3.245,2747256,none,AKShare/新浪基金历史,2026-09-04T01:02:29.548814+08:00
180301,2022-11-09,3.247,3.272,3.233,3.234,1055404,none,AKShare/新浪基金历史,2026-09-04T01:02:29.548814+08:00
180301,2022-11-10,3.234,3.256,3.213,3.229,1228872,none,AKShare/新浪基金历史,2026-09-04T01:02:29.548814+08:00
180301,2022-11-11,3.229,3.28,3.219,3.225,1927412,none,AKShare/新浪基金历史,2026-09-04T01:02:29.548814+08:00
180301,2022-11-14,3.225,3.26,3.219,3.22,2416051,none,AKShare/新浪基金历史,2026-09-04T01:02:29.548814+08:00
180301,2022-11-15,3.219,3.222,3.188,3.222,834680,none,AKShare/新浪基金历史,2026-09-04T01:02:29.548814+08:00
180301,2022-11-16,3.222,3.226,3.203,3.21,1272920,none,AKShare/新浪基金历史,2026-09-04T01:02:29.548814+08:00
180301,2022-11-17,3.201,3.221,3.152,3.19,2238455,none,AKShare/新浪基金历史,2026-09-04T01:02:29.548814+08:00
180301,2022-11-18,3.187,3.221,3.16,3.167,2309738,none,AKShare/新浪基金历史,2026-09-04T01:02:29.548814+08:00
180301,2022-11-21,3.167,3.199,3.155,3.197,2175881,none,AKShare/新浪基金历史,2026-09-04T01:02:29.548814+08:00
180301,2022-11-22,3.197,3.197,3.163,3.19,1461615,none,AKShare/新浪基金历史,2026-09-04T01:02:29.548814+08:00
180301,2022-11-23,3.188,3.199,3.151,3.19,2688000,none,AKShare/新浪基金历史,2026-09-04T01:02:29.548814+08:00
180301,2022-11-24,3.19,3.214,3.159,3.187,2980300,none,AKShare/新浪基金历史,2026-09-04T01:02:29.548814+08:00
180301,2022-11-25,3.187,3.187,3.175,3.183,2426348,none,AKShare/新浪基金历史,2026-09-04T01:02:29.548814+08:00
180301,2022-11-28,3.183,3.183,3.162,3.177,3013656,none,AKShare/新浪基金历史,2026-09-04T01:02:29.548814+08:00
180301,2022-11-29,3.177,3.182,3.169,3.18,3030388,none,AKShare/新浪基金历史,2026-09-04T01:02:29.548814+08:00
180301,2022-11-30,3.177,3.177,3.165,3.171,2757018,none,AKShare/新浪基金历史,2026-09-04T01:02:29.548814+08:00
180301,2022-12-01,3.172,3.185,3.17,3.18,3296528,none,AKShare/新浪基金历史,2026-09-04T01:02:29.548814+08:00
180301,2022-12-02,3.179,3.181,3.171,3.18,2908734,none,AKShare/新浪基金历史,2026-09-04T01:02:29.548814+08:00
180301,2022-12-05,3.179,3.215,3.17,3.215,2991615,none,AKShare/新浪基金历史,2026-09-04T01:02:29.548814+08:00
180301,2022-12-06,3.218,3.25,3.218,3.245,2874078,none,AKShare/新浪基金历史,2026-09-04T01:02:29.548814+08:00
180301,2022-12-07,3.25,3.299,3.23,3.243,3068540,none,AKShare/新浪基金历史,2026-09-04T01:02:29.548814+08:00
180301,2022-12-08,3.243,3.243,3.21,3.239,1793756,none,AKShare/新浪基金历史,2026-09-04T01:02:29.548814+08:00
180301,2022-12-09,3.23,3.243,3.228,3.242,1447675,none,AKShare/新浪基金历史,2026-09-04T01:02:29.548814+08:00
180301,2022-12-12,3.242,3.245,3.209,3.211,1302588,none,AKShare/新浪基金历史,2026-09-04T01:02:29.548814+08:00
180301,2022-12-13,3.209,3.209,3.188,3.19,1427228,none,AKShare/新浪基金历史,2026-09-04T01:02:29.548814+08:00
180301,2022-12-14,3.191,3.191,3.184,3.186,1030736,none,AKShare/新浪基金历史,2026-09-04T01:02:29.548814+08:00
180301,2022-12-15,3.18,3.183,3.166,3.168,1536303,none,AKShare/新浪基金历史,2026-09-04T01:02:29.548814+08:00
180301,2022-12-16,3.169,3.169,3.121,3.122,1591760,none,AKShare/新浪基金历史,2026-09-04T01:02:29.548814+08:00
180301,2022-12-19,3.122,3.158,3.111,3.118,1154300,none,AKShare/新浪基金历史,2026-09-04T01:02:29.548814+08:00
180301,2022-12-20,3.118,3.136,3.095,3.096,829472,none,AKShare/新浪基金历史,2026-09-04T01:02:29.548814+08:00
180301,2022-12-21,3.095,3.1,3.067,3.077,1736228,none,AKShare/新浪基金历史,2026-09-04T01:02:29.548814+08:00
180301,2022-12-22,3.076,3.08,3.058,3.079,1373343,none,AKShare/新浪基金历史,2026-09-04T01:02:29.548814+08:00
180301,2022-12-23,3.079,3.129,3.07,3.125,1309968,none,AKShare/新浪基金历史,2026-09-04T01:02:29.548814+08:00
180301,2022-12-26,3.124,3.152,3.116,3.142,2209592,none,AKShare/新浪基金历史,2026-09-04T01:02:29.548814+08:00
180301,2022-12-27,3.142,3.142,3.12,3.126,635480,none,AKShare/新浪基金历史,2026-09-04T01:02:29.548814+08:00
180301,2022-12-28,3.08,3.126,3.072,3.082,2723296,none,AKShare/新浪基金历史,2026-09-04T01:02:29.548814+08:00
180301,2022-12-29,3.081,3.117,3.08,3.083,1604960,none,AKShare/新浪基金历史,2026-09-04T01:02:29.548814+08:00
180301,2022-12-30,3.082,3.087,3.066,3.087,1088432,none,AKShare/新浪基金历史,2026-09-04T01:02:29.548814+08:00
180301,2023-01-03,3.086,3.093,3.085,3.092,1335595,none,AKShare/新浪基金历史,2026-09-04T01:02:29.548814+08:00
180301,2023-01-04,3.091,3.092,3.07,3.075,1207663,none,AKShare/新浪基金历史,2026-09-04T01:02:29.548814+08:00
180301,2023-01-05,3.07,3.072,3.04,3.044,1951237,none,AKShare/新浪基金历史,2026-09-04T01:02:29.548814+08:00
180301,2023-01-06,3.044,3.093,3.011,3.085,3339758,none,AKShare/新浪基金历史,2026-09-04T01:02:29.548814+08:00
180301,2023-01-09,3.076,3.094,3.065,3.077,2114295,none,AKShare/新浪基金历史,2026-09-04T01:02:29.548814+08:00
180301,2023-01-10,3.074,3.091,3.068,3.085,1904666,none,AKShare/新浪基金历史,2026-09-04T01:02:29.548814+08:00
180301,2023-01-11,3.085,3.085,3.05,3.057,3067523,none,AKShare/新浪基金历史,2026-09-04T01:02:29.548814+08:00
180301,2023-01-12,3.054,3.054,3.017,3.038,1552069,none,AKShare/新浪基金历史,2026-09-04T01:02:29.548814+08:00
180301,2023-01-13,3.032,3.032,3.012,3.018,1805848,none,AKShare/新浪基金历史,2026-09-04T01:02:29.548814+08:00
180301,2023-01-16,3.018,3.026,3.006,3.019,1693041,none,AKShare/新浪基金历史,2026-09-04T01:02:29.548814+08:00
180301,2023-01-17,3.019,3.026,3.013,3.019,990483,none,AKShare/新浪基金历史,2026-09-04T01:02:29.548814+08:00
180301,2023-01-18,3.019,3.026,3.011,3.026,1524903,none,AKShare/新浪基金历史,2026-09-04T01:02:29.548814+08:00
180301,2023-01-19,3.02,3.039,3.015,3.03,1501144,none,AKShare/新浪基金历史,2026-09-04T01:02:29.548814+08:00
180301,2023-01-20,3.029,3.055,3.017,3.052,1190080,none,AKShare/新浪基金历史,2026-09-04T01:02:29.548814+08:00
180301,2023-01-30,3.052,3.09,3.05,3.08,2952228,none,AKShare/新浪基金历史,2026-09-04T01:02:29.548814+08:00
180301,2023-01-31,3.08,3.125,3.08,3.122,3051120,none,AKShare/新浪基金历史,2026-09-04T01:02:29.548814+08:00
180301,2023-02-01,3.12,3.145,3.115,3.145,2709108,none,AKShare/新浪基金历史,2026-09-04T01:02:29.548814+08:00
180301,2023-02-02,3.145,3.165,3.116,3.117,3703987,none,AKShare/新浪基金历史,2026-09-04T01:02:29.548814+08:00
180301,2023-02-03,3.117,3.121,3.102,3.12,3097491,none,AKShare/新浪基金历史,2026-09-04T01:02:29.548814+08:00
180301,2023-02-06,3.12,3.136,3.11,3.117,2982780,none,AKShare/新浪基金历史,2026-09-04T01:02:29.548814+08:00
180301,2023-02-07,3.117,3.121,3.103,3.118,1685748,none,AKShare/新浪基金历史,2026-09-04T01:02:29.548814+08:00
180301,2023-02-08,3.117,3.123,3.116,3.118,2681356,none,AKShare/新浪基金历史,2026-09-04T01:02:29.548814+08:00
180301,2023-02-09,3.11,3.119,3.1,3.116,2038168,none,AKShare/新浪基金历史,2026-09-04T01:02:29.548814+08:00
180301,2023-02-10,3.115,3.128,3.106,3.122,2323328,none,AKShare/新浪基金历史,2026-09-04T01:02:29.548814+08:00
180301,2023-02-13,3.122,3.165,3.11,3.151,4410159,none,AKShare/新浪基金历史,2026-09-04T01:02:29.548814+08:00
180301,2023-02-14,3.15,3.171,3.135,3.167,4556633,none,AKShare/新浪基金历史,2026-09-04T01:02:29.548814+08:00
180301,2023-02-15,3.167,3.195,3.121,3.15,5281667,none,AKShare/新浪基金历史,2026-09-04T01:02:29.548814+08:00
180301,2023-02-16,3.149,3.149,3.125,3.134,3444280,none,AKShare/新浪基金历史,2026-09-04T01:02:29.548814+08:00
180301,2023-02-17,3.133,3.134,3.103,3.104,5693692,none,AKShare/新浪基金历史,2026-09-04T01:02:29.548814+08:00
180301,2023-02-20,3.104,3.122,3.1,3.12,2988299,none,AKShare/新浪基金历史,2026-09-04T01:02:29.548814+08:00
180301,2023-02-21,3.121,3.158,3.118,3.154,5002316,none,AKShare/新浪基金历史,2026-09-04T01:02:29.548814+08:00
180301,2023-02-22,3.15,3.161,3.137,3.145,3960348,none,AKShare/新浪基金历史,2026-09-04T01:02:29.548814+08:00
180301,2023-02-23,3.143,3.144,3.12,3.12,1955402,none,AKShare/新浪基金历史,2026-09-04T01:02:29.548814+08:00
180301,2023-02-24,3.124,3.133,3.1,3.12,1429720,none,AKShare/新浪基金历史,2026-09-04T01:02:29.548814+08:00
180301,2023-02-27,3.119,3.119,3.09,3.091,2138186,none,AKShare/新浪基金历史,2026-09-04T01:02:29.548814+08:00
180301,2023-02-28,3.09,3.122,3.079,3.122,2825628,none,AKShare/新浪基金历史,2026-09-04T01:02:29.548814+08:00
180301,2023-03-01,3.12,3.122,3.094,3.107,1753674,none,AKShare/新浪基金历史,2026-09-04T01:02:29.548814+08:00
180301,2023-03-02,3.104,3.104,3.093,3.099,2322036,none,AKShare/新浪基金历史,2026-09-04T01:02:29.548814+08:00
180301,2023-03-03,3.098,3.098,3.082,3.088,1479597,none,AKShare/新浪基金历史,2026-09-04T01:02:29.548814+08:00
180301,2023-03-06,3.088,3.094,3.063,3.079,1732855,none,AKShare/新浪基金历史,2026-09-04T01:02:29.548814+08:00
180301,2023-03-07,3.078,3.087,3.07,3.081,1697832,none,AKShare/新浪基金历史,2026-09-04T01:02:29.548814+08:00
180301,2023-03-08,3.081,3.081,3.05,3.061,1645222,none,AKShare/新浪基金历史,2026-09-04T01:02:29.548814+08:00
180301,2023-03-09,3.061,3.061,3.049,3.056,2066579,none,AKShare/新浪基金历史,2026-09-04T01:02:29.548814+08:00
180301,2023-03-10,3.056,3.061,3.049,3.057,2393736,none,AKShare/新浪基金历史,2026-09-04T01:02:29.548814+08:00
180301,2023-03-13,3.053,3.11,3.047,3.093,2837978,none,AKShare/新浪基金历史,2026-09-04T01:02:29.548814+08:00
180301,2023-03-14,3.093,3.1,3.053,3.087,2216288,none,AKShare/新浪基金历史,2026-09-04T01:02:29.548814+08:00
180301,2023-03-15,3.086,3.087,3.075,3.077,786451,none,AKShare/新浪基金历史,2026-09-04T01:02:29.548814+08:00
180301,2023-03-16,3.077,3.083,3.055,3.069,1500559,none,AKShare/新浪基金历史,2026-09-04T01:02:29.548814+08:00
180301,2023-03-17,3.069,3.08,3.059,3.069,1491707,none,AKShare/新浪基金历史,2026-09-04T01:02:29.548814+08:00
180301,2023-03-20,3.069,3.069,3.05,3.056,1809950,none,AKShare/新浪基金历史,2026-09-04T01:02:29.548814+08:00
180301,2023-03-21,3.056,3.065,3.045,3.054,1761648,none,AKShare/新浪基金历史,2026-09-04T01:02:29.548814+08:00
180301,2023-03-22,3.054,3.057,3.048,3.055,1635700,none,AKShare/新浪基金历史,2026-09-04T01:02:29.548814+08:00
180301,2023-03-23,3.055,3.055,3.044,3.055,1732769,none,AKShare/新浪基金历史,2026-09-04T01:02:29.548814+08:00
180301,2023-03-24,3.055,3.062,3.031,3.056,2401619,none,AKShare/新浪基金历史,2026-09-04T01:02:29.548814+08:00
180301,2023-03-27,3.056,3.072,3.043,3.07,2291786,none,AKShare/新浪基金历史,2026-09-04T01:02:29.548814+08:00
180301,2023-03-28,3.07,3.07,3.054,3.058,2256372,none,AKShare/新浪基金历史,2026-09-04T01:02:29.548814+08:00
180301,2023-03-29,3.055,3.055,3.008,3.015,2249413,none,AKShare/新浪基金历史,2026-09-04T01:02:29.548814+08:00
180301,2023-03-30,3.014,3.02,3.002,3.016,2004596,none,AKShare/新浪基金历史,2026-09-04T01:02:29.548814+08:00
180301,2023-03-31,3.016,3.05,3.016,3.044,2809222,none,AKShare/新浪基金历史,2026-09-04T01:02:29.548814+08:00
180301,2023-04-03,3.045,3.067,3.037,3.048,2812168,none,AKShare/新浪基金历史,2026-09-04T01:02:29.548814+08:00
180301,2023-04-04,3.048,3.057,3.024,3.032,1582660,none,AKShare/新浪基金历史,2026-09-04T01:02:29.548814+08:00
180301,2023-04-06,3.032,3.032,3.003,3.012,1866841,none,AKShare/新浪基金历史,2026-09-04T01:02:29.548814+08:00
180301,2023-04-07,3.011,3.029,3.011,3.021,2207714,none,AKShare/新浪基金历史,2026-09-04T01:02:29.548814+08:00
180301,2023-04-10,3.02,3.02,3.009,3.014,2033989,none,AKShare/新浪基金历史,2026-09-04T01:02:29.548814+08:00
180301,2023-04-11,3.017,3.019,3.007,3.008,1921369,none,AKShare/新浪基金历史,2026-09-04T01:02:29.548814+08:00
180301,2023-04-12,3.007,3.007,2.968,2.971,2867482,none,AKShare/新浪基金历史,2026-09-04T01:02:29.548814+08:00
180301,2023-04-13,2.971,2.984,2.914,2.94,4444704,none,AKShare/新浪基金历史,2026-09-04T01:02:29.548814+08:00
180301,2023-04-14,2.935,2.96,2.92,2.96,2927847,none,AKShare/新浪基金历史,2026-09-04T01:02:29.548814+08:00
180301,2023-04-17,2.954,2.99,2.94,2.989,1885750,none,AKShare/新浪基金历史,2026-09-04T01:02:29.548814+08:00
180301,2023-04-18,2.989,3.012,2.989,3.007,1928397,none,AKShare/新浪基金历史,2026-09-04T01:02:29.548814+08:00
180301,2023-04-19,3.001,3.015,2.979,2.987,2905083,none,AKShare/新浪基金历史,2026-09-04T01:02:29.548814+08:00
180301,2023-04-20,2.984,2.984,2.948,2.976,1609336,none,AKShare/新浪基金历史,2026-09-04T01:02:29.548814+08:00
180301,2023-04-21,2.981,2.998,2.95,2.974,2532916,none,AKShare/新浪基金历史,2026-09-04T01:02:29.548814+08:00
180301,2023-04-24,2.974,3.018,2.974,3.012,3367004,none,AKShare/新浪基金历史,2026-09-04T01:02:29.548814+08:00
180301,2023-04-25,3.015,3.018,2.986,3.015,2286734,none,AKShare/新浪基金历史,2026-09-04T01:02:29.548814+08:00
180301,2023-04-26,2.978,2.978,2.853,2.899,1818492,none,AKShare/新浪基金历史,2026-09-04T01:02:29.548814+08:00
180301,2023-04-27,2.89,2.897,2.857,2.859,1858508,none,AKShare/新浪基金历史,2026-09-04T01:02:29.548814+08:00
180301,2023-04-28,2.855,2.88,2.855,2.865,871391,none,AKShare/新浪基金历史,2026-09-04T01:02:29.548814+08:00
180301,2023-05-04,2.865,2.878,2.83,2.834,1175151,none,AKShare/新浪基金历史,2026-09-04T01:02:29.548814+08:00
180301,2023-05-05,2.833,2.844,2.819,2.832,1806092,none,AKShare/新浪基金历史,2026-09-04T01:02:29.548814+08:00
180301,2023-05-08,2.832,2.832,2.801,2.812,2095065,none,AKShare/新浪基金历史,2026-09-04T01:02:29.548814+08:00
180301,2023-05-09,2.807,2.807,2.774,2.785,3635324,none,AKShare/新浪基金历史,2026-09-04T01:02:29.548814+08:00
180301,2023-05-10,2.783,2.839,2.767,2.835,3238979,none,AKShare/新浪基金历史,2026-09-04T01:02:29.548814+08:00
180301,2023-05-11,2.837,2.856,2.835,2.852,3267549,none,AKShare/新浪基金历史,2026-09-04T01:02:29.548814+08:00
180301,2023-05-12,2.852,2.852,2.813,2.829,2334783,none,AKShare/新浪基金历史,2026-09-04T01:02:29.548814+08:00
180301,2023-05-15,2.822,2.85,2.785,2.833,1629952,none,AKShare/新浪基金历史,2026-09-04T01:02:29.548814+08:00
180301,2023-05-16,2.845,2.86,2.801,2.854,1707736,none,AKShare/新浪基金历史,2026-09-04T01:02:29.548814+08:00
180301,2023-05-17,2.855,2.87,2.85,2.851,1709880,none,AKShare/新浪基金历史,2026-09-04T01:02:29.548814+08:00
180301,2023-05-19,2.843,2.85,2.828,2.828,866360,none,AKShare/新浪基金历史,2026-09-04T01:02:29.548814+08:00
180301,2023-05-22,2.826,2.826,2.804,2.811,1659811,none,AKShare/新浪基金历史,2026-09-04T01:02:29.548814+08:00
180301,2023-05-23,2.81,2.81,2.8,2.804,863984,none,AKShare/新浪基金历史,2026-09-04T01:02:29.548814+08:00
180301,2023-05-24,2.802,2.804,2.787,2.789,1205634,none,AKShare/新浪基金历史,2026-09-04T01:02:29.548814+08:00
180301,2023-05-25,2.755,2.792,2.755,2.792,934062,none,AKShare/新浪基金历史,2026-09-04T01:02:29.548814+08:00
180301,2023-05-26,2.791,2.791,2.736,2.769,2056307,none,AKShare/新浪基金历史,2026-09-04T01:02:29.548814+08:00
180301,2023-05-29,2.768,2.768,2.738,2.748,1248976,none,AKShare/新浪基金历史,2026-09-04T01:02:29.548814+08:00
180301,2023-05-30,2.748,2.748,2.715,2.72,3390826,none,AKShare/新浪基金历史,2026-09-04T01:02:29.548814+08:00
180301,2023-05-31,2.72,2.744,2.688,2.707,2333880,none,AKShare/新浪基金历史,2026-09-04T01:02:29.548814+08:00
180301,2023-06-01,2.707,2.727,2.662,2.665,2328008,none,AKShare/新浪基金历史,2026-09-04T01:02:29.548814+08:00
180301,2023-06-02,2.663,2.7,2.6,2.629,2517326,none,AKShare/新浪基金历史,2026-09-04T01:02:29.548814+08:00
180301,2023-06-05,2.629,2.63,2.571,2.574,1935520,none,AKShare/新浪基金历史,2026-09-04T01:02:29.548814+08:00
180301,2023-06-06,2.575,2.598,2.496,2.574,2668292,none,AKShare/新浪基金历史,2026-09-04T01:02:29.548814+08:00
180301,2023-06-07,2.574,2.616,2.55,2.607,1998701,none,AKShare/新浪基金历史,2026-09-04T01:02:29.548814+08:00
180301,2023-06-08,2.603,2.688,2.589,2.679,2639126,none,AKShare/新浪基金历史,2026-09-04T01:02:29.548814+08:00
180301,2023-06-09,2.676,2.703,2.657,2.677,2098959,none,AKShare/新浪基金历史,2026-09-04T01:02:29.548814+08:00
180301,2023-06-12,2.677,2.677,2.618,2.631,1819691,none,AKShare/新浪基金历史,2026-09-04T01:02:29.548814+08:00
180301,2023-06-13,2.63,2.63,2.6,2.61,1061181,none,AKShare/新浪基金历史,2026-09-04T01:02:29.548814+08:00
180301,2023-06-14,2.61,2.61,2.57,2.582,1762660,none,AKShare/新浪基金历史,2026-09-04T01:02:29.548814+08:00
180301,2023-06-15,2.58,2.592,2.542,2.591,1590919,none,AKShare/新浪基金历史,2026-09-04T01:02:29.548814+08:00
180301,2023-06-16,2.61,2.71,2.603,2.641,1509156,none,AKShare/新浪基金历史,2026-09-04T01:02:29.548814+08:00
180301,2023-06-19,2.639,2.639,2.58,2.618,1706795,none,AKShare/新浪基金历史,2026-09-04T01:02:29.548814+08:00
180301,2023-06-20,2.618,2.618,2.592,2.596,1653943,none,AKShare/新浪基金历史,2026-09-04T01:02:29.548814+08:00
180301,2023-06-21,2.596,2.6,2.56,2.576,1329481,none,AKShare/新浪基金历史,2026-09-04T01:02:29.548814+08:00
180301,2023-06-26,2.573,2.573,2.536,2.566,1285200,none,AKShare/新浪基金历史,2026-09-04T01:02:29.548814+08:00
180301,2023-06-27,2.566,2.566,2.541,2.55,2233964,none,AKShare/新浪基金历史,2026-09-04T01:02:29.548814+08:00
180301,2023-06-28,2.552,2.566,2.501,2.537,2607812,none,AKShare/新浪基金历史,2026-09-04T01:02:29.548814+08:00
180301,2023-06-29,2.537,2.567,2.503,2.515,1515155,none,AKShare/新浪基金历史,2026-09-04T01:02:29.548814+08:00
180301,2023-06-30,2.515,2.535,2.495,2.502,3320344,none,AKShare/新浪基金历史,2026-09-04T01:02:29.548814+08:00
180301,2023-07-03,2.502,2.523,2.46,2.464,2942696,none,AKShare/新浪基金历史,2026-09-04T01:02:29.548814+08:00
180301,2023-07-04,2.464,2.464,2.426,2.428,2638493,none,AKShare/新浪基金历史,2026-09-04T01:02:29.548814+08:00
180301,2023-07-05,2.427,2.427,2.374,2.38,4115943,none,AKShare/新浪基金历史,2026-09-04T01:02:29.548814+08:00
180301,2023-07-06,2.379,2.419,2.37,2.411,4352619,none,AKShare/新浪基金历史,2026-09-04T01:02:29.548814+08:00
180301,2023-07-07,2.411,2.469,2.411,2.442,3336131,none,AKShare/新浪基金历史,2026-09-04T01:02:29.548814+08:00
180301,2023-07-10,2.442,2.469,2.372,2.466,3353855,none,AKShare/新浪基金历史,2026-09-04T01:02:29.548814+08:00
180301,2023-07-11,2.465,2.465,2.435,2.459,3166592,none,AKShare/新浪基金历史,2026-09-04T01:02:29.548814+08:00
180301,2023-07-12,2.459,2.472,2.442,2.468,4139164,none,AKShare/新浪基金历史,2026-09-04T01:02:29.548814+08:00
180301,2023-07-13,2.468,2.55,2.468,2.546,3195088,none,AKShare/新浪基金历史,2026-09-04T01:02:29.548814+08:00
180301,2023-07-14,2.546,2.599,2.531,2.587,3548154,none,AKShare/新浪基金历史,2026-09-04T01:02:29.548814+08:00
180301,2023-07-17,2.59,2.639,2.555,2.626,4392176,none,AKShare/新浪基金历史,2026-09-04T01:02:29.548814+08:00
180301,2023-07-18,2.624,2.752,2.623,2.75,10141476,none,AKShare/新浪基金历史,2026-09-04T01:02:29.548814+08:00
180301,2023-07-19,2.792,2.792,2.654,2.666,8264871,none,AKShare/新浪基金历史,2026-09-04T01:02:29.548814+08:00
180301,2023-07-20,2.653,2.653,2.57,2.619,5598476,none,AKShare/新浪基金历史,2026-09-04T01:02:29.548814+08:00
180301,2023-07-21,2.613,2.655,2.58,2.643,4659639,none,AKShare/新浪基金历史,2026-09-04T01:02:29.548814+08:00
180301,2023-07-24,2.641,2.696,2.616,2.668,4090426,none,AKShare/新浪基金历史,2026-09-04T01:02:29.548814+08:00
180301,2023-07-25,2.668,2.718,2.645,2.673,4484716,none,AKShare/新浪基金历史,2026-09-04T01:02:29.548814+08:00
180301,2023-07-26,2.661,2.673,2.645,2.661,3016272,none,AKShare/新浪基金历史,2026-09-04T01:02:29.548814+08:00
180301,2023-07-27,2.661,2.68,2.639,2.66,4153856,none,AKShare/新浪基金历史,2026-09-04T01:02:29.548814+08:00
180301,2023-07-28,2.66,2.668,2.62,2.635,3109097,none,AKShare/新浪基金历史,2026-09-04T01:02:29.548814+08:00
180301,2023-07-31,2.639,2.71,2.636,2.696,6992636,none,AKShare/新浪基金历史,2026-09-04T01:02:29.548814+08:00
180301,2023-08-01,2.688,2.769,2.678,2.75,6032628,none,AKShare/新浪基金历史,2026-09-04T01:02:29.548814+08:00
180301,2023-08-02,2.752,2.792,2.742,2.75,8840800,none,AKShare/新浪基金历史,2026-09-04T01:02:29.548814+08:00
180301,2023-08-03,2.75,2.79,2.746,2.758,3872211,none,AKShare/新浪基金历史,2026-09-04T01:02:29.548814+08:00
180301,2023-08-04,2.761,2.809,2.757,2.809,6074288,none,AKShare/新浪基金历史,2026-09-04T01:02:29.548814+08:00
180301,2023-08-07,2.809,2.839,2.8,2.831,5182216,none,AKShare/新浪基金历史,2026-09-04T01:02:29.548814+08:00
180301,2023-08-08,2.828,2.876,2.82,2.842,4773192,none,AKShare/新浪基金历史,2026-09-04T01:02:29.548814+08:00
180301,2023-08-09,2.842,2.874,2.832,2.842,2111856,none,AKShare/新浪基金历史,2026-09-04T01:02:29.548814+08:00
180301,2023-08-10,2.836,2.845,2.83,2.83,3680752,none,AKShare/新浪基金历史,2026-09-04T01:02:29.548814+08:00
180301,2023-08-11,2.831,2.84,2.78,2.793,4810692,none,AKShare/新浪基金历史,2026-09-04T01:02:29.548814+08:00
180301,2023-08-14,2.786,2.813,2.718,2.809,5740992,none,AKShare/新浪基金历史,2026-09-04T01:02:29.548814+08:00
180301,2023-08-15,2.795,2.821,2.771,2.818,4408485,none,AKShare/新浪基金历史,2026-09-04T01:02:29.548814+08:00
180301,2023-08-16,2.819,2.84,2.78,2.791,4370186,none,AKShare/新浪基金历史,2026-09-04T01:02:29.548814+08:00
180301,2023-08-17,2.781,2.79,2.76,2.762,3385751,none,AKShare/新浪基金历史,2026-09-04T01:02:29.548814+08:00
180301,2023-08-18,2.762,2.799,2.75,2.78,6071203,none,AKShare/新浪基金历史,2026-09-04T01:02:29.548814+08:00
180301,2023-08-21,2.777,2.78,2.729,2.744,2602312,none,AKShare/新浪基金历史,2026-09-04T01:02:29.548814+08:00
180301,2023-08-22,2.738,2.743,2.699,2.723,3815468,none,AKShare/新浪基金历史,2026-09-04T01:02:29.548814+08:00
180301,2023-08-23,2.723,2.723,2.697,2.713,2495548,none,AKShare/新浪基金历史,2026-09-04T01:02:29.548814+08:00
180301,2023-08-24,2.712,2.717,2.685,2.705,3905623,none,AKShare/新浪基金历史,2026-09-04T01:02:29.548814+08:00
180301,2023-08-25,2.705,2.732,2.7,2.714,3173828,none,AKShare/新浪基金历史,2026-09-04T01:02:29.548814+08:00
180301,2023-08-28,2.714,2.745,2.703,2.72,4864744,none,AKShare/新浪基金历史,2026-09-04T01:02:29.548814+08:00
180301,2023-08-29,2.72,2.72,2.705,2.707,2086456,none,AKShare/新浪基金历史,2026-09-04T01:02:29.548814+08:00
180301,2023-08-30,2.714,2.728,2.7,2.708,4792460,none,AKShare/新浪基金历史,2026-09-04T01:02:29.548814+08:00
180301,2023-08-31,2.708,2.738,2.675,2.693,3378986,none,AKShare/新浪基金历史,2026-09-04T01:02:29.548814+08:00
180301,2023-09-01,2.68,2.692,2.68,2.684,1572496,none,AKShare/新浪基金历史,2026-09-04T01:02:29.548814+08:00
180301,2023-09-04,2.684,2.684,2.654,2.659,1999592,none,AKShare/新浪基金历史,2026-09-04T01:02:29.548814+08:00
180301,2023-09-05,2.651,2.665,2.645,2.661,1901876,none,AKShare/新浪基金历史,2026-09-04T01:02:29.548814+08:00
180301,2023-09-06,2.661,2.686,2.661,2.681,3056360,none,AKShare/新浪基金历史,2026-09-04T01:02:29.548814+08:00
180301,2023-09-07,2.681,2.685,2.677,2.682,2201844,none,AKShare/新浪基金历史,2026-09-04T01:02:29.548814+08:00
180301,2023-09-08,2.682,2.69,2.674,2.69,1786790,none,AKShare/新浪基金历史,2026-09-04T01:02:29.548814+08:00
180301,2023-09-11,2.691,2.735,2.691,2.729,2436588,none,AKShare/新浪基金历史,2026-09-04T01:02:29.548814+08:00
180301,2023-09-12,2.729,2.767,2.729,2.766,3107556,none,AKShare/新浪基金历史,2026-09-04T01:02:29.548814+08:00
180301,2023-09-13,2.766,2.766,2.731,2.744,3074216,none,AKShare/新浪基金历史,2026-09-04T01:02:29.548814+08:00
180301,2023-09-14,2.744,2.744,2.724,2.743,2145436,none,AKShare/新浪基金历史,2026-09-04T01:02:29.548814+08:00
180301,2023-09-15,2.743,2.743,2.719,2.73,2080608,none,AKShare/新浪基金历史,2026-09-04T01:02:29.548814+08:00
180301,2023-09-18,2.701,2.725,2.7,2.713,1805791,none,AKShare/新浪基金历史,2026-09-04T01:02:29.548814+08:00
180301,2023-09-19,2.71,2.73,2.705,2.728,2225819,none,AKShare/新浪基金历史,2026-09-04T01:02:29.548814+08:00
180301,2023-09-20,2.731,2.75,2.721,2.74,2404512,none,AKShare/新浪基金历史,2026-09-04T01:02:29.548814+08:00
180301,2023-09-21,2.74,2.753,2.7,2.753,3407352,none,AKShare/新浪基金历史,2026-09-04T01:02:29.548814+08:00
180301,2023-09-22,2.708,2.737,2.635,2.731,2526024,none,AKShare/新浪基金历史,2026-09-04T01:02:29.548814+08:00
180301,2023-09-25,2.731,2.733,2.72,2.73,2074388,none,AKShare/新浪基金历史,2026-09-04T01:02:29.548814+08:00
180301,2023-09-26,2.73,2.734,2.692,2.728,2108026,none,AKShare/新浪基金历史,2026-09-04T01:02:29.548814+08:00
180301,2023-09-27,2.716,2.728,2.706,2.726,1520850,none,AKShare/新浪基金历史,2026-09-04T01:02:29.548814+08:00
180301,2023-09-28,2.726,2.738,2.71,2.728,1888328,none,AKShare/新浪基金历史,2026-09-04T01:02:29.548814+08:00
180301,2023-10-09,2.727,2.727,2.707,2.724,2019950,none,AKShare/新浪基金历史,2026-09-04T01:02:29.548814+08:00
180301,2023-10-10,2.721,2.722,2.687,2.71,2519772,none,AKShare/新浪基金历史,2026-09-04T01:02:29.548814+08:00
180301,2023-10-11,2.685,2.705,2.668,2.669,3780036,none,AKShare/新浪基金历史,2026-09-04T01:02:29.548814+08:00
180301,2023-10-12,2.669,2.67,2.65,2.654,2401248,none,AKShare/新浪基金历史,2026-09-04T01:02:29.548814+08:00
180301,2023-10-13,2.654,2.654,2.628,2.628,2814460,none,AKShare/新浪基金历史,2026-09-04T01:02:29.548814+08:00
180301,2023-10-16,2.628,2.645,2.603,2.603,2417232,none,AKShare/新浪基金历史,2026-09-04T01:02:29.548814+08:00
180301,2023-10-17,2.604,2.627,2.546,2.569,2463220,none,AKShare/新浪基金历史,2026-09-04T01:02:29.548814+08:00
180301,2023-10-18,2.562,2.595,2.515,2.546,3557528,none,AKShare/新浪基金历史,2026-09-04T01:02:29.548814+08:00
180301,2023-10-19,2.533,2.533,2.5,2.509,2983808,none,AKShare/新浪基金历史,2026-09-04T01:02:29.548814+08:00
180301,2023-10-20,2.509,2.509,2.45,2.478,2761664,none,AKShare/新浪基金历史,2026-09-04T01:02:29.548814+08:00
180301,2023-10-23,2.471,2.471,2.415,2.422,1476270,none,AKShare/新浪基金历史,2026-09-04T01:02:29.548814+08:00
180301,2023-10-24,2.421,2.49,2.411,2.489,3559595,none,AKShare/新浪基金历史,2026-09-04T01:02:29.548814+08:00
180301,2023-10-25,2.49,2.56,2.49,2.505,4965321,none,AKShare/新浪基金历史,2026-09-04T01:02:29.548814+08:00
180301,2023-10-26,2.493,2.503,2.463,2.49,3093688,none,AKShare/新浪基金历史,2026-09-04T01:02:29.548814+08:00
180301,2023-10-27,2.49,2.51,2.454,2.478,3098025,none,AKShare/新浪基金历史,2026-09-04T01:02:29.548814+08:00
180301,2023-10-30,2.476,2.476,2.446,2.452,3448667,none,AKShare/新浪基金历史,2026-09-04T01:02:29.548814+08:00
180301,2023-10-31,2.451,2.451,2.419,2.43,5090960,none,AKShare/新浪基金历史,2026-09-04T01:02:29.548814+08:00
180301,2023-11-01,2.426,2.426,2.393,2.41,4254235,none,AKShare/新浪基金历史,2026-09-04T01:02:29.548814+08:00
180301,2023-11-02,2.41,2.41,2.37,2.398,3576560,none,AKShare/新浪基金历史,2026-09-04T01:02:29.548814+08:00
180301,2023-11-03,2.397,2.409,2.37,2.4,4480100,none,AKShare/新浪基金历史,2026-09-04T01:02:29.548814+08:00
180301,2023-11-06,2.4,2.406,2.386,2.39,3150660,none,AKShare/新浪基金历史,2026-09-04T01:02:29.548814+08:00
180301,2023-11-07,2.39,2.4,2.374,2.381,3806576,none,AKShare/新浪基金历史,2026-09-04T01:02:29.548814+08:00
180301,2023-11-08,2.381,2.4,2.358,2.4,3775187,none,AKShare/新浪基金历史,2026-09-04T01:02:29.548814+08:00
180301,2023-11-09,2.4,2.479,2.393,2.468,5551168,none,AKShare/新浪基金历史,2026-09-04T01:02:29.548814+08:00
180301,2023-11-10,2.47,2.49,2.448,2.459,4433592,none,AKShare/新浪基金历史,2026-09-04T01:02:29.548814+08:00
180301,2023-11-13,2.459,2.459,2.428,2.439,2541308,none,AKShare/新浪基金历史,2026-09-04T01:02:29.548814+08:00
180301,2023-11-14,2.4,2.444,2.4,2.438,3381676,none,AKShare/新浪基金历史,2026-09-04T01:02:29.548814+08:00
180301,2023-11-15,2.437,2.44,2.395,2.42,4696236,none,AKShare/新浪基金历史,2026-09-04T01:02:29.548814+08:00
180301,2023-11-16,2.409,2.42,2.39,2.42,2869428,none,AKShare/新浪基金历史,2026-09-04T01:02:29.548814+08:00
180301,2023-11-17,2.417,2.417,2.386,2.405,2864588,none,AKShare/新浪基金历史,2026-09-04T01:02:29.548814+08:00
180301,2023-11-20,2.398,2.405,2.376,2.376,2812591,none,AKShare/新浪基金历史,2026-09-04T01:02:29.548814+08:00
180301,2023-11-21,2.377,2.398,2.358,2.359,4379035,none,AKShare/新浪基金历史,2026-09-04T01:02:29.548814+08:00
180301,2023-11-22,2.359,2.377,2.299,2.346,6126076,none,AKShare/新浪基金历史,2026-09-04T01:02:29.548814+08:00
180301,2023-11-23,2.323,2.339,2.308,2.324,3288319,none,AKShare/新浪基金历史,2026-09-04T01:02:29.548814+08:00
180301,2023-11-24,2.321,2.321,2.264,2.276,3064089,none,AKShare/新浪基金历史,2026-09-04T01:02:29.548814+08:00
180301,2023-11-27,2.276,2.276,2.222,2.225,3684464,none,AKShare/新浪基金历史,2026-09-04T01:02:29.548814+08:00
180301,2023-11-28,2.221,2.221,2.19,2.209,3323500,none,AKShare/新浪基金历史,2026-09-04T01:02:29.548814+08:00
180301,2023-11-29,2.2,2.21,2.15,2.201,4111135,none,AKShare/新浪基金历史,2026-09-04T01:02:29.548814+08:00
180301,2023-11-30,2.192,2.246,2.161,2.229,5743880,none,AKShare/新浪基金历史,2026-09-04T01:02:29.548814+08:00
180301,2023-12-01,2.225,2.245,2.201,2.222,4658526,none,AKShare/新浪基金历史,2026-09-04T01:02:29.548814+08:00
180301,2023-12-04,2.222,2.25,2.201,2.201,4772368,none,AKShare/新浪基金历史,2026-09-04T01:02:29.548814+08:00
180301,2023-12-05,2.201,2.21,2.184,2.198,3577448,none,AKShare/新浪基金历史,2026-09-04T01:02:29.548814+08:00
180301,2023-12-06,2.198,2.213,2.178,2.183,4410120,none,AKShare/新浪基金历史,2026-09-04T01:02:29.548814+08:00
180301,2023-12-07,2.17,2.17,2.144,2.163,3849032,none,AKShare/新浪基金历史,2026-09-04T01:02:29.548814+08:00
180301,2023-12-08,2.156,2.165,2.145,2.165,4938394,none,AKShare/新浪基金历史,2026-09-04T01:02:29.548814+08:00
180301,2023-12-11,2.165,2.165,2.112,2.139,6422047,none,AKShare/新浪基金历史,2026-09-04T01:02:29.548814+08:00
180301,2023-12-12,2.132,2.136,2.097,2.123,2501575,none,AKShare/新浪基金历史,2026-09-04T01:02:29.548814+08:00
180301,2023-12-13,2.122,2.122,2.06,2.088,5495640,none,AKShare/新浪基金历史,2026-09-04T01:02:29.548814+08:00
180301,2023-12-14,2.072,2.088,2.052,2.082,3902167,none,AKShare/新浪基金历史,2026-09-04T01:02:29.548814+08:00
180301,2023-12-15,2.074,2.121,2.049,2.08,6345199,none,AKShare/新浪基金历史,2026-09-04T01:02:29.548814+08:00
180301,2023-12-18,2.077,2.081,2.049,2.079,7600712,none,AKShare/新浪基金历史,2026-09-04T01:02:29.548814+08:00
180301,2023-12-19,2.078,2.078,2.052,2.068,4097712,none,AKShare/新浪基金历史,2026-09-04T01:02:29.548814+08:00
180301,2023-12-20,2.058,2.169,2.058,2.168,7174668,none,AKShare/新浪基金历史,2026-09-04T01:02:29.548814+08:00
180301,2023-12-21,2.163,2.267,2.159,2.262,9132400,none,AKShare/新浪基金历史,2026-09-04T01:02:29.548814+08:00
180301,2023-12-22,2.262,2.35,2.262,2.3,11290172,none,AKShare/新浪基金历史,2026-09-04T01:02:29.548814+08:00
180301,2023-12-25,2.288,2.318,2.206,2.315,6064740,none,AKShare/新浪基金历史,2026-09-04T01:02:29.548814+08:00
180301,2023-12-26,2.288,2.322,2.259,2.316,6304995,none,AKShare/新浪基金历史,2026-09-04T01:02:29.548814+08:00
180301,2023-12-27,2.31,2.318,2.266,2.317,11169980,none,AKShare/新浪基金历史,2026-09-04T01:02:29.548814+08:00
180301,2023-12-28,2.317,2.335,2.283,2.33,11077496,none,AKShare/新浪基金历史,2026-09-04T01:02:29.548814+08:00
180301,2023-12-29,2.33,2.36,2.315,2.356,15721452,none,AKShare/新浪基金历史,2026-09-04T01:02:29.548814+08:00
180301,2024-01-02,2.355,2.358,2.309,2.309,5324728,none,AKShare/新浪基金历史,2026-09-04T01:02:29.548814+08:00
180301,2024-01-03,2.302,2.348,2.261,2.31,7562636,none,AKShare/新浪基金历史,2026-09-04T01:02:29.548814+08:00
180301,2024-01-04,2.305,2.335,2.251,2.302,6620744,none,AKShare/新浪基金历史,2026-09-04T01:02:29.548814+08:00
180301,2024-01-05,2.3,2.3,2.169,2.3,5859176,none,AKShare/新浪基金历史,2026-09-04T01:02:29.548814+08:00
180301,2024-01-08,2.28,2.28,2.231,2.235,3596188,none,AKShare/新浪基金历史,2026-09-04T01:02:29.548814+08:00
180301,2024-01-09,2.235,2.235,2.133,2.134,5777092,none,AKShare/新浪基金历史,2026-09-04T01:02:29.548814+08:00
180301,2024-01-10,2.134,2.134,1.952,2.0,8234844,none,AKShare/新浪基金历史,2026-09-04T01:02:29.548814+08:00
180301,2024-01-11,2.0,2.087,2.0,2.083,9354804,none,AKShare/新浪基金历史,2026-09-04T01:02:29.548814+08:00
180301,2024-01-12,2.083,2.118,1.984,2.044,9266716,none,AKShare/新浪基金历史,2026-09-04T01:02:29.548814+08:00
180301,2024-01-15,2.044,2.044,1.967,2.032,11370295,none,AKShare/新浪基金历史,2026-09-04T01:02:29.548814+08:00
180301,2024-01-16,2.015,2.032,1.974,2.03,6163468,none,AKShare/新浪基金历史,2026-09-04T01:02:29.548814+08:00
180301,2024-01-17,2.03,2.15,2.028,2.14,10836512,none,AKShare/新浪基金历史,2026-09-04T01:02:29.548814+08:00
180301,2024-01-18,2.143,2.179,2.05,2.1,10297912,none,AKShare/新浪基金历史,2026-09-04T01:02:29.548814+08:00
180301,2024-01-19,2.07,2.136,2.048,2.107,11168408,none,AKShare/新浪基金历史,2026-09-04T01:02:29.548814+08:00
180301,2024-01-22,2.111,2.114,2.028,2.05,8080672,none,AKShare/新浪基金历史,2026-09-04T01:02:29.548814+08:00
180301,2024-01-23,2.043,2.043,1.991,2.003,7463496,none,AKShare/新浪基金历史,2026-09-04T01:02:29.548814+08:00
180301,2024-01-24,1.997,2.037,1.984,2.007,5549229,none,AKShare/新浪基金历史,2026-09-04T01:02:29.548814+08:00
180301,2024-01-25,2.007,2.036,1.99,2.032,5663252,none,AKShare/新浪基金历史,2026-09-04T01:02:29.548814+08:00
180301,2024-01-26,2.031,2.032,2.001,2.031,4833235,none,AKShare/新浪基金历史,2026-09-04T01:02:29.548814+08:00
180301,2024-01-29,2.027,2.07,2.01,2.036,7238972,none,AKShare/新浪基金历史,2026-09-04T01:02:29.548814+08:00
180301,2024-01-30,2.036,2.058,2.029,2.031,7288551,none,AKShare/新浪基金历史,2026-09-04T01:02:29.548814+08:00
180301,2024-01-31,2.031,2.035,2.01,2.014,4815836,none,AKShare/新浪基金历史,2026-09-04T01:02:29.548814+08:00
180301,2024-02-01,2.01,2.025,2.01,2.024,5481456,none,AKShare/新浪基金历史,2026-09-04T01:02:29.548814+08:00
180301,2024-02-02,2.023,2.023,2.013,2.02,5617668,none,AKShare/新浪基金历史,2026-09-04T01:02:29.548814+08:00
180301,2024-02-05,2.015,2.024,2.002,2.016,6640796,none,AKShare/新浪基金历史,2026-09-04T01:02:29.548814+08:00
180301,2024-02-06,2.01,2.016,2.01,2.015,5203464,none,AKShare/新浪基金历史,2026-09-04T01:02:29.548814+08:00
180301,2024-02-07,2.013,2.02,2.01,2.02,5055649,none,AKShare/新浪基金历史,2026-09-04T01:02:29.548814+08:00
180301,2024-02-08,2.02,2.06,2.02,2.058,8161008,none,AKShare/新浪基金历史,2026-09-04T01:02:29.548814+08:00
180301,2024-02-19,2.062,2.186,2.062,2.181,5456932,none,AKShare/新浪基金历史,2026-09-04T01:02:29.548814+08:00
180301,2024-02-20,2.182,2.269,2.15,2.168,6631054,none,AKShare/新浪基金历史,2026-09-04T01:02:29.548814+08:00
180301,2024-02-21,2.158,2.211,2.11,2.192,6140425,none,AKShare/新浪基金历史,2026-09-04T01:02:29.548814+08:00
180301,2024-02-22,2.193,2.295,2.17,2.294,6900275,none,AKShare/新浪基金历史,2026-09-04T01:02:29.548814+08:00
180301,2024-02-23,2.295,2.349,2.26,2.333,9737180,none,AKShare/新浪基金历史,2026-09-04T01:02:29.548814+08:00
180301,2024-02-26,2.333,2.42,2.3,2.377,7796773,none,AKShare/新浪基金历史,2026-09-04T01:02:29.548814+08:00
180301,2024-02-27,2.377,2.399,2.276,2.351,9729928,none,AKShare/新浪基金历史,2026-09-04T01:02:29.548814+08:00
180301,2024-02-28,2.336,2.336,2.28,2.29,8926258,none,AKShare/新浪基金历史,2026-09-04T01:02:29.548814+08:00
180301,2024-02-29,2.279,2.315,2.245,2.3,5811814,none,AKShare/新浪基金历史,2026-09-04T01:02:29.548814+08:00
180301,2024-03-01,2.29,2.345,2.28,2.34,7071296,none,AKShare/新浪基金历史,2026-09-04T01:02:29.548814+08:00
180301,2024-03-04,2.341,2.394,2.34,2.363,7286564,none,AKShare/新浪基金历史,2026-09-04T01:02:29.548814+08:00
180301,2024-03-05,2.36,2.443,2.342,2.38,8414042,none,AKShare/新浪基金历史,2026-09-04T01:02:29.548814+08:00
180301,2024-03-06,2.377,2.405,2.331,2.371,7466480,none,AKShare/新浪基金历史,2026-09-04T01:02:29.548814+08:00
180301,2024-03-07,2.369,2.393,2.337,2.35,5003508,none,AKShare/新浪基金历史,2026-09-04T01:02:29.548814+08:00
180301,2024-03-08,2.337,2.368,2.31,2.351,3795973,none,AKShare/新浪基金历史,2026-09-04T01:02:29.548814+08:00
180301,2024-03-11,2.361,2.361,2.34,2.348,3983628,none,AKShare/新浪基金历史,2026-09-04T01:02:29.548814+08:00
180301,2024-03-12,2.331,2.371,2.299,2.336,5122607,none,AKShare/新浪基金历史,2026-09-04T01:02:29.548814+08:00
180301,2024-03-13,2.33,2.335,2.292,2.3,8698572,none,AKShare/新浪基金历史,2026-09-04T01:02:29.548814+08:00
180301,2024-03-14,2.285,2.306,2.271,2.306,3817171,none,AKShare/新浪基金历史,2026-09-04T01:02:29.548814+08:00
180301,2024-03-15,2.3,2.316,2.29,2.3,3586589,none,AKShare/新浪基金历史,2026-09-04T01:02:29.548814+08:00
180301,2024-03-18,2.3,2.3,2.288,2.29,4017514,none,AKShare/新浪基金历史,2026-09-04T01:02:29.548814+08:00
180301,2024-03-19,2.285,2.3,2.263,2.273,2422419,none,AKShare/新浪基金历史,2026-09-04T01:02:29.548814+08:00
180301,2024-03-20,2.268,2.268,2.227,2.248,6166399,none,AKShare/新浪基金历史,2026-09-04T01:02:29.548814+08:00
180301,2024-03-21,2.248,2.249,2.218,2.24,4090776,none,AKShare/新浪基金历史,2026-09-04T01:02:29.548814+08:00
180301,2024-03-22,2.216,2.238,2.216,2.232,4125608,none,AKShare/新浪基金历史,2026-09-04T01:02:29.548814+08:00
180301,2024-03-25,2.232,2.261,2.21,2.227,4504532,none,AKShare/新浪基金历史,2026-09-04T01:02:29.548814+08:00
180301,2024-03-26,2.227,2.292,2.227,2.285,3116948,none,AKShare/新浪基金历史,2026-09-04T01:02:29.548814+08:00
180301,2024-03-27,2.285,2.343,2.279,2.331,3695871,none,AKShare/新浪基金历史,2026-09-04T01:02:29.548814+08:00
180301,2024-03-28,2.331,2.375,2.292,2.325,3220342,none,AKShare/新浪基金历史,2026-09-04T01:02:29.548814+08:00
180301,2024-03-29,2.302,2.322,2.285,2.299,3799472,none,AKShare/新浪基金历史,2026-09-04T01:02:29.548814+08:00
180301,2024-04-01,2.299,2.316,2.283,2.291,3826165,none,AKShare/新浪基金历史,2026-09-04T01:02:29.548814+08:00
180301,2024-04-02,2.291,2.31,2.265,2.291,4689337,none,AKShare/新浪基金历史,2026-09-04T01:02:29.548814+08:00
180301,2024-04-03,2.291,2.34,2.284,2.331,5817052,none,AKShare/新浪基金历史,2026-09-04T01:02:29.548814+08:00
180301,2024-04-08,2.28,2.298,2.236,2.275,8742428,none,AKShare/新浪基金历史,2026-09-04T01:02:29.548814+08:00
180301,2024-04-09,2.27,2.3,2.235,2.3,6506672,none,AKShare/新浪基金历史,2026-09-04T01:02:29.548814+08:00
180301,2024-04-10,2.297,2.31,2.272,2.3,4577447,none,AKShare/新浪基金历史,2026-09-04T01:02:29.548814+08:00
180301,2024-04-11,2.299,2.315,2.279,2.304,3244428,none,AKShare/新浪基金历史,2026-09-04T01:02:29.548814+08:00
180301,2024-04-12,2.313,2.328,2.28,2.303,2952235,none,AKShare/新浪基金历史,2026-09-04T01:02:29.548814+08:00
180301,2024-04-15,2.303,2.31,2.279,2.285,3654492,none,AKShare/新浪基金历史,2026-09-04T01:02:29.548814+08:00
180301,2024-04-16,2.285,2.285,2.261,2.272,2414300,none,AKShare/新浪基金历史,2026-09-04T01:02:29.548814+08:00
180301,2024-04-17,2.274,2.322,2.267,2.314,2675636,none,AKShare/新浪基金历史,2026-09-04T01:02:29.548814+08:00
180301,2024-04-18,2.314,2.314,2.296,2.314,2546312,none,AKShare/新浪基金历史,2026-09-04T01:02:29.548814+08:00
180301,2024-04-19,2.308,2.311,2.297,2.306,1574288,none,AKShare/新浪基金历史,2026-09-04T01:02:29.548814+08:00
180301,2024-04-22,2.294,2.332,2.279,2.329,1467696,none,AKShare/新浪基金历史,2026-09-04T01:02:29.548814+08:00
180301,2024-04-23,2.33,2.373,2.329,2.371,2246694,none,AKShare/新浪基金历史,2026-09-04T01:02:29.548814+08:00
180301,2024-04-24,2.372,2.39,2.35,2.364,2511519,none,AKShare/新浪基金历史,2026-09-04T01:02:29.548814+08:00
180301,2024-04-25,2.35,2.378,2.35,2.373,1899856,none,AKShare/新浪基金历史,2026-09-04T01:02:29.548814+08:00
180301,2024-04-26,2.369,2.402,2.369,2.402,4876461,none,AKShare/新浪基金历史,2026-09-04T01:02:29.548814+08:00
180301,2024-04-29,2.4,2.43,2.379,2.423,5967477,none,AKShare/新浪基金历史,2026-09-04T01:02:29.548814+08:00
180301,2024-04-30,2.423,2.423,2.386,2.398,2782043,none,AKShare/新浪基金历史,2026-09-04T01:02:29.548814+08:00
180301,2024-05-06,2.388,2.403,2.366,2.393,1872208,none,AKShare/新浪基金历史,2026-09-04T01:02:29.548814+08:00
180301,2024-05-07,2.392,2.414,2.366,2.393,4209436,none,AKShare/新浪基金历史,2026-09-04T01:02:29.548814+08:00
180301,2024-05-08,2.388,2.392,2.359,2.374,2249416,none,AKShare/新浪基金历史,2026-09-04T01:02:29.548814+08:00
180301,2024-05-09,2.362,2.388,2.354,2.38,3062044,none,AKShare/新浪基金历史,2026-09-04T01:02:29.548814+08:00
180301,2024-05-10,2.38,2.388,2.347,2.373,4550316,none,AKShare/新浪基金历史,2026-09-04T01:02:29.548814+08:00
180301,2024-05-13,2.372,2.372,2.314,2.334,4816888,none,AKShare/新浪基金历史,2026-09-04T01:02:29.548814+08:00
180301,2024-05-14,2.331,2.343,2.296,2.314,6469136,none,AKShare/新浪基金历史,2026-09-04T01:02:29.548814+08:00
180301,2024-05-15,2.299,2.314,2.278,2.29,3822325,none,AKShare/新浪基金历史,2026-09-04T01:02:29.548814+08:00
180301,2024-05-16,2.28,2.34,2.28,2.338,3753525,none,AKShare/新浪基金历史,2026-09-04T01:02:29.548814+08:00
180301,2024-05-17,2.338,2.369,2.338,2.344,4286883,none,AKShare/新浪基金历史,2026-09-04T01:02:29.548814+08:00
180301,2024-05-20,2.34,2.36,2.329,2.345,4517812,none,AKShare/新浪基金历史,2026-09-04T01:02:29.548814+08:00
180301,2024-05-21,2.345,2.354,2.32,2.345,4693712,none,AKShare/新浪基金历史,2026-09-04T01:02:29.548814+08:00
180301,2024-05-22,2.345,2.349,2.306,2.333,4713932,none,AKShare/新浪基金历史,2026-09-04T01:02:29.548814+08:00
180301,2024-05-23,2.325,2.341,2.314,2.34,4395688,none,AKShare/新浪基金历史,2026-09-04T01:02:29.548814+08:00
180301,2024-05-24,2.34,2.368,2.333,2.348,3052299,none,AKShare/新浪基金历史,2026-09-04T01:02:29.548814+08:00
180301,2024-05-27,2.348,2.37,2.34,2.345,1300120,none,AKShare/新浪基金历史,2026-09-04T01:02:29.548814+08:00
180301,2024-05-28,2.34,2.35,2.337,2.339,2121844,none,AKShare/新浪基金历史,2026-09-04T01:02:29.548814+08:00
180301,2024-05-29,2.338,2.35,2.3,2.339,4041608,none,AKShare/新浪基金历史,2026-09-04T01:02:29.548814+08:00
180301,2024-05-30,2.33,2.342,2.326,2.34,1918300,none,AKShare/新浪基金历史,2026-09-04T01:02:29.548814+08:00
180301,2024-05-31,2.35,2.36,2.334,2.347,2119168,none,AKShare/新浪基金历史,2026-09-04T01:02:29.548814+08:00
180301,2024-06-03,2.347,2.357,2.34,2.356,2129200,none,AKShare/新浪基金历史,2026-09-04T01:02:29.548814+08:00
180301,2024-06-04,2.35,2.36,2.334,2.351,1638744,none,AKShare/新浪基金历史,2026-09-04T01:02:29.548814+08:00
180301,2024-06-05,2.351,2.36,2.335,2.36,2525920,none,AKShare/新浪基金历史,2026-09-04T01:02:29.548814+08:00
180301,2024-06-06,2.35,2.364,2.35,2.36,2601168,none,AKShare/新浪基金历史,2026-09-04T01:02:29.548814+08:00
180301,2024-06-07,2.36,2.364,2.34,2.352,3441724,none,AKShare/新浪基金历史,2026-09-04T01:02:29.548814+08:00
180301,2024-06-11,2.35,2.354,2.31,2.324,6530096,none,AKShare/新浪基金历史,2026-09-04T01:02:29.548814+08:00
180301,2024-06-12,2.32,2.324,2.29,2.321,2572175,none,AKShare/新浪基金历史,2026-09-04T01:02:29.548814+08:00
180301,2024-06-13,2.312,2.334,2.312,2.332,3803660,none,AKShare/新浪基金历史,2026-09-04T01:02:29.548814+08:00
180301,2024-06-14,2.332,2.335,2.313,2.333,3364448,none,AKShare/新浪基金历史,2026-09-04T01:02:29.548814+08:00
180301,2024-06-17,2.332,2.333,2.312,2.319,2746728,none,AKShare/新浪基金历史,2026-09-04T01:02:29.548814+08:00
180301,2024-06-18,2.311,2.339,2.305,2.313,2597308,none,AKShare/新浪基金历史,2026-09-04T01:02:29.548814+08:00
180301,2024-06-19,2.312,2.32,2.272,2.305,3261308,none,AKShare/新浪基金历史,2026-09-04T01:02:29.548814+08:00
180301,2024-06-20,2.3,2.304,2.276,2.284,2326400,none,AKShare/新浪基金历史,2026-09-04T01:02:29.548814+08:00
180301,2024-06-21,2.284,2.289,2.265,2.286,1833384,none,AKShare/新浪基金历史,2026-09-04T01:02:29.548814+08:00
180301,2024-06-24,2.285,2.295,2.22,2.294,10828044,none,AKShare/新浪基金历史,2026-09-04T01:02:29.548814+08:00
180301,2024-06-25,2.286,2.287,2.246,2.28,5730299,none,AKShare/新浪基金历史,2026-09-04T01:02:29.548814+08:00
180301,2024-06-26,2.254,2.289,2.254,2.288,3975460,none,AKShare/新浪基金历史,2026-09-04T01:02:29.548814+08:00
180301,2024-06-27,2.278,2.315,2.276,2.31,3330619,none,AKShare/新浪基金历史,2026-09-04T01:02:29.548814+08:00
180301,2024-06-28,2.31,2.317,2.277,2.297,2180976,none,AKShare/新浪基金历史,2026-09-04T01:02:29.548814+08:00
180301,2024-07-01,2.287,2.3,2.272,2.28,994743,none,AKShare/新浪基金历史,2026-09-04T01:02:29.548814+08:00
180301,2024-07-02,2.28,2.28,2.26,2.277,3347568,none,AKShare/新浪基金历史,2026-09-04T01:02:29.548814+08:00
180301,2024-07-03,2.277,2.277,2.259,2.263,1780768,none,AKShare/新浪基金历史,2026-09-04T01:02:29.548814+08:00
180301,2024-07-04,2.26,2.271,2.259,2.262,570852,none,AKShare/新浪基金历史,2026-09-04T01:02:29.548814+08:00
180301,2024-07-05,2.259,2.267,2.25,2.252,1176384,none,AKShare/新浪基金历史,2026-09-04T01:02:29.548814+08:00
180301,2024-07-08,2.252,2.252,2.225,2.237,1546616,none,AKShare/新浪基金历史,2026-09-04T01:02:29.548814+08:00
180301,2024-07-09,2.236,2.236,2.219,2.226,2335604,none,AKShare/新浪基金历史,2026-09-04T01:02:29.548814+08:00
180301,2024-07-10,2.226,2.231,2.19,2.193,4385216,none,AKShare/新浪基金历史,2026-09-04T01:02:29.548814+08:00
180301,2024-07-11,2.192,2.192,2.147,2.16,13330224,none,AKShare/新浪基金历史,2026-09-04T01:02:29.548814+08:00
180301,2024-07-12,2.155,2.165,2.12,2.163,11412480,none,AKShare/新浪基金历史,2026-09-04T01:02:29.548814+08:00
180301,2024-07-15,2.164,2.202,2.15,2.2,7046392,none,AKShare/新浪基金历史,2026-09-04T01:02:29.548814+08:00
180301,2024-07-16,2.2,2.242,2.14,2.237,3746531,none,AKShare/新浪基金历史,2026-09-04T01:02:29.548814+08:00
180301,2024-07-17,2.237,2.243,2.199,2.21,4727028,none,AKShare/新浪基金历史,2026-09-04T01:02:29.548814+08:00
180301,2024-07-18,2.209,2.216,2.16,2.213,4418411,none,AKShare/新浪基金历史,2026-09-04T01:02:29.548814+08:00
180301,2024-07-19,2.213,2.215,2.191,2.208,4307404,none,AKShare/新浪基金历史,2026-09-04T01:02:29.548814+08:00
180301,2024-07-22,2.205,2.205,2.175,2.183,2291063,none,AKShare/新浪基金历史,2026-09-04T01:02:29.548814+08:00
180301,2024-07-23,2.182,2.188,2.166,2.175,5081075,none,AKShare/新浪基金历史,2026-09-04T01:02:29.548814+08:00
180301,2024-07-24,2.174,2.185,2.148,2.174,4418199,none,AKShare/新浪基金历史,2026-09-04T01:02:29.548814+08:00
180301,2024-07-25,2.168,2.185,2.159,2.16,1753300,none,AKShare/新浪基金历史,2026-09-04T01:02:29.548814+08:00
180301,2024-07-26,2.163,2.195,2.157,2.191,2260020,none,AKShare/新浪基金历史,2026-09-04T01:02:29.548814+08:00
180301,2024-07-29,2.191,2.191,2.177,2.19,3033142,none,AKShare/新浪基金历史,2026-09-04T01:02:29.548814+08:00
180301,2024-07-30,2.19,2.203,2.174,2.195,1253610,none,AKShare/新浪基金历史,2026-09-04T01:02:29.548814+08:00
180301,2024-07-31,2.194,2.206,2.189,2.201,3136948,none,AKShare/新浪基金历史,2026-09-04T01:02:29.548814+08:00
180301,2024-08-01,2.201,2.222,2.198,2.215,2711468,none,AKShare/新浪基金历史,2026-09-04T01:02:29.548814+08:00
180301,2024-08-02,2.212,2.227,2.205,2.227,3380740,none,AKShare/新浪基金历史,2026-09-04T01:02:29.548814+08:00
180301,2024-08-05,2.219,2.25,2.215,2.247,2715152,none,AKShare/新浪基金历史,2026-09-04T01:02:29.548814+08:00
180301,2024-08-06,2.247,2.265,2.233,2.262,2593964,none,AKShare/新浪基金历史,2026-09-04T01:02:29.548814+08:00
180301,2024-08-07,2.268,2.302,2.268,2.299,4186312,none,AKShare/新浪基金历史,2026-09-04T01:02:29.548814+08:00
180301,2024-08-08,2.29,2.33,2.225,2.283,5470996,none,AKShare/新浪基金历史,2026-09-04T01:02:29.548814+08:00
180301,2024-08-09,2.275,2.288,2.24,2.28,6657808,none,AKShare/新浪基金历史,2026-09-04T01:02:29.548814+08:00
180301,2024-08-12,2.229,2.24,2.2,2.21,2232308,none,AKShare/新浪基金历史,2026-09-04T01:02:29.548814+08:00
180301,2024-08-13,2.21,2.221,2.191,2.216,3205240,none,AKShare/新浪基金历史,2026-09-04T01:02:29.548814+08:00
180301,2024-08-14,2.216,2.256,2.211,2.243,4592288,none,AKShare/新浪基金历史,2026-09-04T01:02:29.548814+08:00
180301,2024-08-15,2.243,2.248,2.222,2.24,3475892,none,AKShare/新浪基金历史,2026-09-04T01:02:29.548814+08:00
180301,2024-08-16,2.24,2.246,2.201,2.228,1812346,none,AKShare/新浪基金历史,2026-09-04T01:02:29.548814+08:00
180301,2024-08-19,2.219,2.225,2.18,2.194,4208820,none,AKShare/新浪基金历史,2026-09-04T01:02:29.548814+08:00
180301,2024-08-20,2.193,2.198,2.17,2.178,1067916,none,AKShare/新浪基金历史,2026-09-04T01:02:29.548814+08:00
180301,2024-08-21,2.178,2.199,2.176,2.195,4258332,none,AKShare/新浪基金历史,2026-09-04T01:02:29.548814+08:00
180301,2024-08-22,2.19,2.208,2.16,2.176,3762274,none,AKShare/新浪基金历史,2026-09-04T01:02:29.548814+08:00
180301,2024-08-23,2.17,2.178,2.129,2.152,7832242,none,AKShare/新浪基金历史,2026-09-04T01:02:29.548814+08:00
180301,2024-08-26,2.146,2.155,2.133,2.15,1673227,none,AKShare/新浪基金历史,2026-09-04T01:02:29.548814+08:00
180301,2024-08-27,2.15,2.16,2.113,2.114,3754652,none,AKShare/新浪基金历史,2026-09-04T01:02:29.548814+08:00
180301,2024-08-28,2.11,2.138,2.107,2.135,3020884,none,AKShare/新浪基金历史,2026-09-04T01:02:29.548814+08:00
180301,2024-08-29,2.121,2.153,2.121,2.125,2984804,none,AKShare/新浪基金历史,2026-09-04T01:02:29.548814+08:00
180301,2024-08-30,2.125,2.14,2.123,2.139,2793856,none,AKShare/新浪基金历史,2026-09-04T01:02:29.548814+08:00
180301,2024-09-02,2.139,2.149,2.13,2.141,2777582,none,AKShare/新浪基金历史,2026-09-04T01:02:29.548814+08:00
180301,2024-09-03,2.139,2.145,2.098,2.11,4090328,none,AKShare/新浪基金历史,2026-09-04T01:02:29.548814+08:00
180301,2024-09-04,2.11,2.118,2.065,2.111,3878664,none,AKShare/新浪基金历史,2026-09-04T01:02:29.548814+08:00
180301,2024-09-05,2.1,2.135,2.087,2.129,3131412,none,AKShare/新浪基金历史,2026-09-04T01:02:29.548814+08:00
180301,2024-09-06,2.12,2.13,2.11,2.128,2520612,none,AKShare/新浪基金历史,2026-09-04T01:02:29.548814+08:00
180301,2024-09-09,2.125,2.126,2.101,2.115,1225948,none,AKShare/新浪基金历史,2026-09-04T01:02:29.548814+08:00
180301,2024-09-10,2.115,2.128,2.09,2.102,2079724,none,AKShare/新浪基金历史,2026-09-04T01:02:29.548814+08:00
180301,2024-09-11,2.102,2.105,2.089,2.1,2004020,none,AKShare/新浪基金历史,2026-09-04T01:02:29.548814+08:00
180301,2024-09-12,2.094,2.12,2.085,2.116,1905600,none,AKShare/新浪基金历史,2026-09-04T01:02:29.548814+08:00
180301,2024-09-13,2.113,2.13,2.105,2.118,2072432,none,AKShare/新浪基金历史,2026-09-04T01:02:29.548814+08:00
180301,2024-09-18,2.111,2.125,2.085,2.088,1289964,none,AKShare/新浪基金历史,2026-09-04T01:02:29.548814+08:00
180301,2024-09-19,2.087,2.096,2.08,2.09,1440831,none,AKShare/新浪基金历史,2026-09-04T01:02:29.548814+08:00
180301,2024-09-20,2.09,2.103,2.073,2.103,2324491,none,AKShare/新浪基金历史,2026-09-04T01:02:29.548814+08:00
180301,2024-09-23,2.103,2.125,2.08,2.12,5107512,none,AKShare/新浪基金历史,2026-09-04T01:02:29.548814+08:00
180301,2024-09-24,2.12,2.142,2.115,2.138,4198360,none,AKShare/新浪基金历史,2026-09-04T01:02:29.548814+08:00
180301,2024-09-25,2.14,2.158,2.133,2.144,4243168,none,AKShare/新浪基金历史,2026-09-04T01:02:29.548814+08:00
180301,2024-09-26,2.142,2.158,2.134,2.145,3434498,none,AKShare/新浪基金历史,2026-09-04T01:02:29.548814+08:00
180301,2024-09-27,2.145,2.145,2.124,2.128,2635645,none,AKShare/新浪基金历史,2026-09-04T01:02:29.548814+08:00
180301,2024-09-30,2.128,2.128,2.095,2.12,4534438,none,AKShare/新浪基金历史,2026-09-04T01:02:29.548814+08:00
180301,2024-10-08,2.121,2.231,2.121,2.155,6552499,none,AKShare/新浪基金历史,2026-09-04T01:02:29.548814+08:00
180301,2024-10-09,2.151,2.151,2.113,2.134,5965045,none,AKShare/新浪基金历史,2026-09-04T01:02:29.548814+08:00
180301,2024-10-10,2.134,2.142,2.12,2.13,4412517,none,AKShare/新浪基金历史,2026-09-04T01:02:29.548814+08:00
180301,2024-10-11,2.13,2.146,2.123,2.125,4441511,none,AKShare/新浪基金历史,2026-09-04T01:02:29.548814+08:00
180301,2024-10-14,2.123,2.128,2.105,2.118,4025919,none,AKShare/新浪基金历史,2026-09-04T01:02:29.548814+08:00
180301,2024-10-15,2.115,2.12,2.107,2.114,3252251,none,AKShare/新浪基金历史,2026-09-04T01:02:29.548814+08:00
180301,2024-10-16,2.114,2.126,2.11,2.118,4158416,none,AKShare/新浪基金历史,2026-09-04T01:02:29.548814+08:00
180301,2024-10-17,2.111,2.122,2.101,2.11,3398022,none,AKShare/新浪基金历史,2026-09-04T01:02:29.548814+08:00
180301,2024-10-18,2.11,2.12,2.103,2.118,3181458,none,AKShare/新浪基金历史,2026-09-04T01:02:29.548814+08:00
180301,2024-10-21,2.118,2.124,2.11,2.113,3418306,none,AKShare/新浪基金历史,2026-09-04T01:02:29.548814+08:00
180301,2024-10-22,2.113,2.124,2.108,2.12,3674567,none,AKShare/新浪基金历史,2026-09-04T01:02:29.548814+08:00
180301,2024-10-23,2.12,2.12,2.109,2.115,3836040,none,AKShare/新浪基金历史,2026-09-04T01:02:29.548814+08:00
180301,2024-10-24,2.114,2.117,2.102,2.104,3475752,none,AKShare/新浪基金历史,2026-09-04T01:02:29.548814+08:00
180301,2024-10-25,2.104,2.118,2.099,2.112,6828675,none,AKShare/新浪基金历史,2026-09-04T01:02:29.548814+08:00
180301,2024-10-28,2.11,2.124,2.1,2.114,4785773,none,AKShare/新浪基金历史,2026-09-04T01:02:29.548814+08:00
180301,2024-10-29,2.113,2.123,2.105,2.111,3759223,none,AKShare/新浪基金历史,2026-09-04T01:02:29.548814+08:00
180301,2024-10-30,2.109,2.111,2.1,2.105,4191554,none,AKShare/新浪基金历史,2026-09-04T01:02:29.548814+08:00
180301,2024-10-31,2.105,2.11,2.1,2.105,3846639,none,AKShare/新浪基金历史,2026-09-04T01:02:29.548814+08:00
180301,2024-11-01,2.105,2.109,2.097,2.098,3824116,none,AKShare/新浪基金历史,2026-09-04T01:02:29.548814+08:00
180301,2024-11-04,2.098,2.108,2.088,2.096,3318416,none,AKShare/新浪基金历史,2026-09-04T01:02:29.548814+08:00
180301,2024-11-05,2.096,2.103,2.092,2.1,4519976,none,AKShare/新浪基金历史,2026-09-04T01:02:29.548814+08:00
180301,2024-11-06,2.1,2.117,2.066,2.069,5664900,none,AKShare/新浪基金历史,2026-09-04T01:02:29.548814+08:00
180301,2024-11-07,2.041,2.045,2.009,2.022,11401996,none,AKShare/新浪基金历史,2026-09-04T01:02:29.548814+08:00
180301,2024-11-08,2.02,2.024,2.01,2.011,5912238,none,AKShare/新浪基金历史,2026-09-04T01:02:29.548814+08:00
180301,2024-11-11,2.011,2.022,2.01,2.017,5229355,none,AKShare/新浪基金历史,2026-09-04T01:02:29.548814+08:00
180301,2024-11-12,2.017,2.034,2.015,2.031,3805444,none,AKShare/新浪基金历史,2026-09-04T01:02:29.548814+08:00
180301,2024-11-13,2.031,2.039,2.012,2.015,3511688,none,AKShare/新浪基金历史,2026-09-04T01:02:29.548814+08:00
180301,2024-11-14,2.017,2.025,2.012,2.021,4695164,none,AKShare/新浪基金历史,2026-09-04T01:02:29.548814+08:00
180301,2024-11-15,2.021,2.022,2.015,2.016,3782100,none,AKShare/新浪基金历史,2026-09-04T01:02:29.548814+08:00
180301,2024-11-18,2.016,2.019,2.006,2.007,6562708,none,AKShare/新浪基金历史,2026-09-04T01:02:29.548814+08:00
180301,2024-11-19,2.008,2.013,1.991,1.999,5277252,none,AKShare/新浪基金历史,2026-09-04T01:02:29.548814+08:00
180301,2024-11-20,1.999,2.007,1.995,2.0,4057764,none,AKShare/新浪基金历史,2026-09-04T01:02:29.548814+08:00
180301,2024-11-21,2.0,2.007,1.995,2.004,5866281,none,AKShare/新浪基金历史,2026-09-04T01:02:29.548814+08:00
180301,2024-11-22,2.004,2.004,1.995,2.0,3729880,none,AKShare/新浪基金历史,2026-09-04T01:02:29.548814+08:00
180301,2024-11-25,1.999,2.0,1.99,2.0,2650255,none,AKShare/新浪基金历史,2026-09-04T01:02:29.548814+08:00
180301,2024-11-26,2.0,2.001,1.994,1.998,4221140,none,AKShare/新浪基金历史,2026-09-04T01:02:29.548814+08:00
180301,2024-11-27,2.002,2.004,1.99,1.996,4642164,none,AKShare/新浪基金历史,2026-09-04T01:02:29.548814+08:00
180301,2024-11-28,1.996,1.998,1.987,1.994,2728564,none,AKShare/新浪基金历史,2026-09-04T01:02:29.548814+08:00
180301,2024-11-29,1.997,1.999,1.994,1.997,4066664,none,AKShare/新浪基金历史,2026-09-04T01:02:29.548814+08:00
180301,2024-12-02,1.997,2.008,1.994,2.003,3198116,none,AKShare/新浪基金历史,2026-09-04T01:02:29.548814+08:00
180301,2024-12-03,2.003,2.009,2.001,2.002,3782502,none,AKShare/新浪基金历史,2026-09-04T01:02:29.548814+08:00
180301,2024-12-04,2.0,2.011,1.99,2.01,3885338,none,AKShare/新浪基金历史,2026-09-04T01:02:29.548814+08:00
180301,2024-12-05,2.01,2.013,2.0,2.005,4546749,none,AKShare/新浪基金历史,2026-09-04T01:02:29.548814+08:00
180301,2024-12-06,2.012,2.012,1.995,2.0,5237080,none,AKShare/新浪基金历史,2026-09-04T01:02:29.548814+08:00
180301,2024-12-09,1.999,2.009,1.994,2.004,4865399,none,AKShare/新浪基金历史,2026-09-04T01:02:29.548814+08:00
180301,2024-12-10,2.0,2.009,1.995,2.002,5388786,none,AKShare/新浪基金历史,2026-09-04T01:02:29.548814+08:00
180301,2024-12-11,2.003,2.021,1.999,2.021,6201817,none,AKShare/新浪基金历史,2026-09-04T01:02:29.548814+08:00
180301,2024-12-12,2.023,2.052,2.018,2.045,7410798,none,AKShare/新浪基金历史,2026-09-04T01:02:29.548814+08:00
180301,2024-12-13,2.051,2.051,2.028,2.034,4117780,none,AKShare/新浪基金历史,2026-09-04T01:02:29.548814+08:00
180301,2024-12-16,2.03,2.043,2.023,2.034,4318584,none,AKShare/新浪基金历史,2026-09-04T01:02:29.548814+08:00
180301,2024-12-17,2.034,2.04,2.028,2.029,2586840,none,AKShare/新浪基金历史,2026-09-04T01:02:29.548814+08:00
180301,2024-12-18,2.029,2.032,2.009,2.017,3357296,none,AKShare/新浪基金历史,2026-09-04T01:02:29.548814+08:00
180301,2024-12-19,2.017,2.017,1.991,2.006,9838551,none,AKShare/新浪基金历史,2026-09-04T01:02:29.548814+08:00
180301,2024-12-20,1.994,2.004,1.986,1.99,8555132,none,AKShare/新浪基金历史,2026-09-04T01:02:29.548814+08:00
180301,2024-12-23,1.99,1.999,1.99,1.997,7286438,none,AKShare/新浪基金历史,2026-09-04T01:02:29.548814+08:00
180301,2024-12-24,1.997,2.0,1.992,1.998,8416760,none,AKShare/新浪基金历史,2026-09-04T01:02:29.548814+08:00
180301,2024-12-25,1.997,2.0,1.991,1.998,5618504,none,AKShare/新浪基金历史,2026-09-04T01:02:29.548814+08:00
180301,2024-12-26,1.998,2.003,1.995,1.998,8966074,none,AKShare/新浪基金历史,2026-09-04T01:02:29.548814+08:00
180301,2024-12-27,2.0,2.015,1.996,2.011,24502890,none,AKShare/新浪基金历史,2026-09-04T01:02:29.548814+08:00
180301,2024-12-30,2.015,2.033,2.015,2.024,13338196,none,AKShare/新浪基金历史,2026-09-04T01:02:29.548814+08:00
180301,2024-12-31,2.025,2.038,2.015,2.035,10428736,none,AKShare/新浪基金历史,2026-09-04T01:02:29.548814+08:00
180301,2025-01-02,2.036,2.064,2.022,2.06,10296676,none,AKShare/新浪基金历史,2026-09-04T01:02:29.548814+08:00
180301,2025-01-03,2.06,2.1,2.052,2.091,14368432,none,AKShare/新浪基金历史,2026-09-04T01:02:29.548814+08:00
180301,2025-01-06,2.092,2.099,2.071,2.077,10354348,none,AKShare/新浪基金历史,2026-09-04T01:02:29.548814+08:00
180301,2025-01-07,2.08,2.08,2.029,2.034,5208324,none,AKShare/新浪基金历史,2026-09-04T01:02:29.548814+08:00
180301,2025-01-08,2.03,2.068,2.025,2.05,7514211,none,AKShare/新浪基金历史,2026-09-04T01:02:29.548814+08:00
180301,2025-01-09,2.05,2.088,2.042,2.087,9088860,none,AKShare/新浪基金历史,2026-09-04T01:02:29.548814+08:00
180301,2025-01-10,2.088,2.114,2.056,2.109,8839883,none,AKShare/新浪基金历史,2026-09-04T01:02:29.548814+08:00
180301,2025-01-13,2.114,2.116,2.086,2.107,6654512,none,AKShare/新浪基金历史,2026-09-04T01:02:29.548814+08:00
180301,2025-01-14,2.1,2.107,2.046,2.065,7882919,none,AKShare/新浪基金历史,2026-09-04T01:02:29.548814+08:00
180301,2025-01-15,2.056,2.099,2.056,2.087,3907820,none,AKShare/新浪基金历史,2026-09-04T01:02:29.548814+08:00
180301,2025-01-16,2.088,2.096,2.068,2.086,5572780,none,AKShare/新浪基金历史,2026-09-04T01:02:29.548814+08:00
180301,2025-01-17,2.086,2.096,2.079,2.083,16093884,none,AKShare/新浪基金历史,2026-09-04T01:02:29.548814+08:00
180301,2025-01-20,2.083,2.093,2.07,2.087,5805144,none,AKShare/新浪基金历史,2026-09-04T01:02:29.548814+08:00
180301,2025-01-21,2.085,2.105,2.071,2.093,18412752,none,AKShare/新浪基金历史,2026-09-04T01:02:29.548814+08:00
180301,2025-01-22,2.094,2.126,2.094,2.124,5238707,none,AKShare/新浪基金历史,2026-09-04T01:02:29.548814+08:00
180301,2025-01-23,2.134,2.178,2.115,2.175,7741425,none,AKShare/新浪基金历史,2026-09-04T01:02:29.548814+08:00
180301,2025-01-24,2.171,2.198,2.152,2.187,7042005,none,AKShare/新浪基金历史,2026-09-04T01:02:29.548814+08:00
180301,2025-01-27,2.185,2.22,2.16,2.196,4271416,none,AKShare/新浪基金历史,2026-09-04T01:02:29.548814+08:00
180301,2025-02-05,2.194,2.201,2.169,2.19,6241488,none,AKShare/新浪基金历史,2026-09-04T01:02:29.548814+08:00
180301,2025-02-06,2.184,2.195,2.153,2.18,58831768,none,AKShare/新浪基金历史,2026-09-04T01:02:29.548814+08:00
180301,2025-02-07,2.179,2.191,2.16,2.184,8071636,none,AKShare/新浪基金历史,2026-09-04T01:02:29.548814+08:00
180301,2025-02-10,2.192,2.287,2.167,2.26,13792064,none,AKShare/新浪基金历史,2026-09-04T01:02:29.548814+08:00
180301,2025-02-11,2.261,2.343,2.237,2.339,11004356,none,AKShare/新浪基金历史,2026-09-04T01:02:29.548814+08:00
180301,2025-02-12,2.333,2.342,2.27,2.285,8807386,none,AKShare/新浪基金历史,2026-09-04T01:02:29.548814+08:00
180301,2025-02-13,2.274,2.285,2.241,2.243,6630363,none,AKShare/新浪基金历史,2026-09-04T01:02:29.548814+08:00
180301,2025-02-14,2.243,2.267,2.225,2.263,5826611,none,AKShare/新浪基金历史,2026-09-04T01:02:29.548814+08:00
180301,2025-02-17,2.265,2.292,2.247,2.275,8538280,none,AKShare/新浪基金历史,2026-09-04T01:02:29.548814+08:00
180301,2025-02-18,2.282,2.289,2.252,2.267,6364718,none,AKShare/新浪基金历史,2026-09-04T01:02:29.548814+08:00
180301,2025-02-19,2.26,2.284,2.25,2.265,8315928,none,AKShare/新浪基金历史,2026-09-04T01:02:29.548814+08:00
180301,2025-02-20,2.265,2.284,2.252,2.274,6342552,none,AKShare/新浪基金历史,2026-09-04T01:02:29.548814+08:00
180301,2025-02-21,2.274,2.3,2.264,2.285,4427557,none,AKShare/新浪基金历史,2026-09-04T01:02:29.548814+08:00
180301,2025-02-24,2.286,2.286,2.236,2.25,8661616,none,AKShare/新浪基金历史,2026-09-04T01:02:29.548814+08:00
180301,2025-02-25,2.243,2.249,2.197,2.231,7496860,none,AKShare/新浪基金历史,2026-09-04T01:02:29.548814+08:00
180301,2025-02-26,2.226,2.257,2.218,2.236,5373696,none,AKShare/新浪基金历史,2026-09-04T01:02:29.548814+08:00
180301,2025-02-27,2.23,2.235,2.195,2.2,6959820,none,AKShare/新浪基金历史,2026-09-04T01:02:29.548814+08:00
180301,2025-02-28,2.2,2.211,2.185,2.205,7449931,none,AKShare/新浪基金历史,2026-09-04T01:02:29.548814+08:00
180301,2025-03-03,2.205,2.212,2.197,2.205,8834207,none,AKShare/新浪基金历史,2026-09-04T01:02:29.548814+08:00
180301,2025-03-04,2.205,2.235,2.2,2.23,6357054,none,AKShare/新浪基金历史,2026-09-04T01:02:29.548814+08:00
180301,2025-03-05,2.23,2.23,2.207,2.229,2934807,none,AKShare/新浪基金历史,2026-09-04T01:02:29.548814+08:00
180301,2025-03-06,2.227,2.228,2.208,2.211,6517124,none,AKShare/新浪基金历史,2026-09-04T01:02:29.548814+08:00
180301,2025-03-07,2.216,2.216,2.198,2.199,2455308,none,AKShare/新浪基金历史,2026-09-04T01:02:29.548814+08:00
180301,2025-03-10,2.198,2.21,2.191,2.208,2903598,none,AKShare/新浪基金历史,2026-09-04T01:02:29.548814+08:00
180301,2025-03-11,2.208,2.214,2.2,2.203,1712439,none,AKShare/新浪基金历史,2026-09-04T01:02:29.548814+08:00
180301,2025-03-12,2.206,2.21,2.19,2.195,2758292,none,AKShare/新浪基金历史,2026-09-04T01:02:29.548814+08:00
180301,2025-03-13,2.2,2.202,2.185,2.2,2287929,none,AKShare/新浪基金历史,2026-09-04T01:02:29.548814+08:00
180301,2025-03-14,2.191,2.214,2.191,2.21,1911049,none,AKShare/新浪基金历史,2026-09-04T01:02:29.548814+08:00
180301,2025-03-17,2.213,2.245,2.208,2.242,4566172,none,AKShare/新浪基金历史,2026-09-04T01:02:29.548814+08:00
180301,2025-03-18,2.244,2.252,2.225,2.251,3539357,none,AKShare/新浪基金历史,2026-09-04T01:02:29.548814+08:00
180301,2025-03-19,2.251,2.274,2.251,2.271,3579924,none,AKShare/新浪基金历史,2026-09-04T01:02:29.548814+08:00
180301,2025-03-20,2.273,2.287,2.27,2.28,2461000,none,AKShare/新浪基金历史,2026-09-04T01:02:29.548814+08:00
180301,2025-03-21,2.28,2.282,2.262,2.274,4800481,none,AKShare/新浪基金历史,2026-09-04T01:02:29.548814+08:00
180301,2025-03-24,2.274,2.28,2.25,2.254,4286656,none,AKShare/新浪基金历史,2026-09-04T01:02:29.548814+08:00
180301,2025-03-25,2.254,2.268,2.254,2.258,4747076,none,AKShare/新浪基金历史,2026-09-04T01:02:29.548814+08:00
180301,2025-03-26,2.257,2.267,2.247,2.263,5336660,none,AKShare/新浪基金历史,2026-09-04T01:02:29.548814+08:00
180301,2025-03-27,2.263,2.289,2.255,2.271,5122856,none,AKShare/新浪基金历史,2026-09-04T01:02:29.548814+08:00
180301,2025-03-28,2.28,2.291,2.269,2.275,4974512,none,AKShare/新浪基金历史,2026-09-04T01:02:29.548814+08:00
180301,2025-03-31,2.278,2.29,2.264,2.27,2354821,none,AKShare/新浪基金历史,2026-09-04T01:02:29.548814+08:00
180301,2025-04-01,2.27,2.28,2.236,2.251,5945028,none,AKShare/新浪基金历史,2026-09-04T01:02:29.548814+08:00
180301,2025-04-02,2.24,2.24,2.22,2.235,6105244,none,AKShare/新浪基金历史,2026-09-04T01:02:29.548814+08:00
180301,2025-04-03,2.235,2.235,2.163,2.22,21613621,none,AKShare/新浪基金历史,2026-09-04T01:02:29.548814+08:00
180301,2025-04-07,2.198,2.198,2.097,2.11,21265576,none,AKShare/新浪基金历史,2026-09-04T01:02:29.548814+08:00
180301,2025-04-08,2.1,2.118,2.0,2.111,10855200,none,AKShare/新浪基金历史,2026-09-04T01:02:29.548814+08:00
180301,2025-04-09,2.108,2.116,2.086,2.109,8125972,none,AKShare/新浪基金历史,2026-09-04T01:02:29.548814+08:00
180301,2025-04-10,2.111,2.13,2.111,2.12,8235259,none,AKShare/新浪基金历史,2026-09-04T01:02:29.548814+08:00
180301,2025-04-11,2.12,2.144,2.11,2.122,6901663,none,AKShare/新浪基金历史,2026-09-04T01:02:29.548814+08:00
180301,2025-04-14,2.123,2.125,2.106,2.125,4054975,none,AKShare/新浪基金历史,2026-09-04T01:02:29.548814+08:00
180301,2025-04-15,2.125,2.125,2.113,2.118,4165704,none,AKShare/新浪基金历史,2026-09-04T01:02:29.548814+08:00
180301,2025-04-16,2.122,2.137,2.118,2.133,4481656,none,AKShare/新浪基金历史,2026-09-04T01:02:29.548814+08:00
180301,2025-04-17,2.132,2.149,2.124,2.129,5357159,none,AKShare/新浪基金历史,2026-09-04T01:02:29.548814+08:00
180301,2025-04-18,2.13,2.149,2.115,2.117,4904688,none,AKShare/新浪基金历史,2026-09-04T01:02:29.548814+08:00
180301,2025-04-21,2.117,2.117,2.106,2.107,4730704,none,AKShare/新浪基金历史,2026-09-04T01:02:29.548814+08:00
180301,2025-04-22,2.106,2.111,2.096,2.097,3427360,none,AKShare/新浪基金历史,2026-09-04T01:02:29.548814+08:00
180301,2025-04-23,2.098,2.131,2.097,2.122,5353532,none,AKShare/新浪基金历史,2026-09-04T01:02:29.548814+08:00
180301,2025-04-24,2.122,2.125,2.11,2.115,8751040,none,AKShare/新浪基金历史,2026-09-04T01:02:29.548814+08:00
180301,2025-04-25,2.115,2.12,2.108,2.11,2301320,none,AKShare/新浪基金历史,2026-09-04T01:02:29.548814+08:00
180301,2025-04-28,2.106,2.113,2.084,2.085,4233220,none,AKShare/新浪基金历史,2026-09-04T01:02:29.548814+08:00
180301,2025-04-29,2.084,2.095,2.076,2.094,5312242,none,AKShare/新浪基金历史,2026-09-04T01:02:29.548814+08:00
180301,2025-04-30,2.094,2.115,2.094,2.111,3831743,none,AKShare/新浪基金历史,2026-09-04T01:02:29.548814+08:00
180301,2025-05-06,2.112,2.12,2.106,2.113,2232184,none,AKShare/新浪基金历史,2026-09-04T01:02:29.548814+08:00
180301,2025-05-07,2.113,2.129,2.109,2.127,3390972,none,AKShare/新浪基金历史,2026-09-04T01:02:29.548814+08:00
180301,2025-05-08,2.127,2.144,2.123,2.139,5485808,none,AKShare/新浪基金历史,2026-09-04T01:02:29.548814+08:00
180301,2025-05-09,2.13,2.159,2.128,2.158,5822692,none,AKShare/新浪基金历史,2026-09-04T01:02:29.548814+08:00
180301,2025-05-12,2.157,2.179,2.157,2.176,5896292,none,AKShare/新浪基金历史,2026-09-04T01:02:29.548814+08:00
180301,2025-05-13,2.18,2.184,2.17,2.179,6169328,none,AKShare/新浪基金历史,2026-09-04T01:02:29.548814+08:00
180301,2025-05-14,2.17,2.218,2.161,2.193,10775083,none,AKShare/新浪基金历史,2026-09-04T01:02:29.548814+08:00
180301,2025-05-15,2.193,2.208,2.183,2.198,7095108,none,AKShare/新浪基金历史,2026-09-04T01:02:29.548814+08:00
180301,2025-05-16,2.197,2.208,2.166,2.202,6331220,none,AKShare/新浪基金历史,2026-09-04T01:02:29.548814+08:00
180301,2025-05-19,2.193,2.22,2.19,2.218,5482160,none,AKShare/新浪基金历史,2026-09-04T01:02:29.548814+08:00
180301,2025-05-20,2.218,2.219,2.2,2.211,4898046,none,AKShare/新浪基金历史,2026-09-04T01:02:29.548814+08:00
180301,2025-05-21,2.207,2.238,2.19,2.236,5733640,none,AKShare/新浪基金历史,2026-09-04T01:02:29.548814+08:00
180301,2025-05-22,2.229,2.23,2.214,2.229,3847180,none,AKShare/新浪基金历史,2026-09-04T01:02:29.548814+08:00
180301,2025-05-23,2.229,2.237,2.2,2.22,4232416,none,AKShare/新浪基金历史,2026-09-04T01:02:29.548814+08:00
180301,2025-05-26,2.223,2.223,2.193,2.193,1879712,none,AKShare/新浪基金历史,2026-09-04T01:02:29.548814+08:00
180301,2025-05-27,2.194,2.194,2.179,2.179,3707084,none,AKShare/新浪基金历史,2026-09-04T01:02:29.548814+08:00
180301,2025-05-28,2.185,2.213,2.178,2.21,3360380,none,AKShare/新浪基金历史,2026-09-04T01:02:29.548814+08:00
180301,2025-05-29,2.228,2.25,2.22,2.228,11072256,none,AKShare/新浪基金历史,2026-09-04T01:02:29.548814+08:00
180301,2025-05-30,2.223,2.23,2.188,2.19,5298852,none,AKShare/新浪基金历史,2026-09-04T01:02:29.548814+08:00
180301,2025-06-03,2.19,2.199,2.178,2.185,2599424,none,AKShare/新浪基金历史,2026-09-04T01:02:29.548814+08:00
180301,2025-06-04,2.178,2.193,2.173,2.178,1602920,none,AKShare/新浪基金历史,2026-09-04T01:02:29.548814+08:00
180301,2025-06-05,2.178,2.194,2.17,2.19,1642760,none,AKShare/新浪基金历史,2026-09-04T01:02:29.548814+08:00
180301,2025-06-06,2.19,2.23,2.182,2.225,3164432,none,AKShare/新浪基金历史,2026-09-04T01:02:29.548814+08:00
180301,2025-06-09,2.225,2.23,2.202,2.204,2246260,none,AKShare/新浪基金历史,2026-09-04T01:02:29.548814+08:00
180301,2025-06-10,2.204,2.217,2.204,2.213,1288180,none,AKShare/新浪基金历史,2026-09-04T01:02:29.548814+08:00
180301,2025-06-11,2.213,2.24,2.21,2.237,3215592,none,AKShare/新浪基金历史,2026-09-04T01:02:29.548814+08:00
180301,2025-06-12,2.237,2.243,2.227,2.234,2050555,none,AKShare/新浪基金历史,2026-09-04T01:02:29.548814+08:00
180301,2025-06-13,2.228,2.246,2.228,2.24,2968654,none,AKShare/新浪基金历史,2026-09-04T01:02:29.548814+08:00
180301,2025-06-16,2.232,2.259,2.223,2.258,2041668,none,AKShare/新浪基金历史,2026-09-04T01:02:29.548814+08:00
180301,2025-06-17,2.249,2.266,2.249,2.257,3527012,none,AKShare/新浪基金历史,2026-09-04T01:02:29.548814+08:00
180301,2025-06-18,2.249,2.263,2.246,2.251,4417782,none,AKShare/新浪基金历史,2026-09-04T01:02:29.548814+08:00
180301,2025-06-19,2.242,2.258,2.242,2.255,3259696,none,AKShare/新浪基金历史,2026-09-04T01:02:29.548814+08:00
180301,2025-06-20,2.255,2.27,2.25,2.27,2857372,none,AKShare/新浪基金历史,2026-09-04T01:02:29.548814+08:00
180301,2025-06-23,2.27,2.274,2.245,2.262,3455639,none,AKShare/新浪基金历史,2026-09-04T01:02:29.548814+08:00
180301,2025-06-24,2.262,2.269,2.215,2.229,4241664,none,AKShare/新浪基金历史,2026-09-04T01:02:29.548814+08:00
180301,2025-06-25,2.227,2.228,2.211,2.216,2890036,none,AKShare/新浪基金历史,2026-09-04T01:02:29.548814+08:00
180301,2025-06-26,2.213,2.219,2.2,2.208,2065874,none,AKShare/新浪基金历史,2026-09-04T01:02:29.548814+08:00
180301,2025-06-27,2.207,2.218,2.19,2.199,2479882,none,AKShare/新浪基金历史,2026-09-04T01:02:29.548814+08:00
180301,2025-06-30,2.199,2.208,2.195,2.204,1287512,none,AKShare/新浪基金历史,2026-09-04T01:02:29.548814+08:00
180301,2025-07-01,2.204,2.225,2.204,2.225,2887964,none,AKShare/新浪基金历史,2026-09-04T01:02:29.548814+08:00
180301,2025-07-02,2.225,2.249,2.222,2.24,2411103,none,AKShare/新浪基金历史,2026-09-04T01:02:29.548814+08:00
180301,2025-07-03,2.24,2.251,2.237,2.243,2888558,none,AKShare/新浪基金历史,2026-09-04T01:02:29.548814+08:00
180301,2025-07-04,2.24,2.248,2.236,2.245,2902488,none,AKShare/新浪基金历史,2026-09-04T01:02:29.548814+08:00
180301,2025-07-07,2.26,2.26,2.241,2.247,2002176,none,AKShare/新浪基金历史,2026-09-04T01:02:29.548814+08:00
180301,2025-07-08,2.247,2.247,2.23,2.233,1017094,none,AKShare/新浪基金历史,2026-09-04T01:02:29.548814+08:00
180301,2025-07-09,2.233,2.244,2.218,2.233,1706844,none,AKShare/新浪基金历史,2026-09-04T01:02:29.548814+08:00
180301,2025-07-10,2.236,2.242,2.22,2.238,969604,none,AKShare/新浪基金历史,2026-09-04T01:02:29.548814+08:00
180301,2025-07-11,2.239,2.239,2.22,2.228,1204388,none,AKShare/新浪基金历史,2026-09-04T01:02:29.548814+08:00
180301,2025-07-14,2.227,2.234,2.22,2.229,763746,none,AKShare/新浪基金历史,2026-09-04T01:02:29.548814+08:00
180301,2025-07-15,2.233,2.24,2.224,2.23,1209492,none,AKShare/新浪基金历史,2026-09-04T01:02:29.548814+08:00
180301,2025-07-16,2.224,2.234,2.221,2.23,2327520,none,AKShare/新浪基金历史,2026-09-04T01:02:29.548814+08:00
180301,2025-07-17,2.225,2.236,2.222,2.226,1524424,none,AKShare/新浪基金历史,2026-09-04T01:02:29.548814+08:00
180301,2025-07-18,2.222,2.252,2.22,2.249,3262189,none,AKShare/新浪基金历史,2026-09-04T01:02:29.548814+08:00
180301,2025-07-21,2.249,2.269,2.24,2.258,5029400,none,AKShare/新浪基金历史,2026-09-04T01:02:29.548814+08:00
180301,2025-07-22,2.256,2.266,2.235,2.24,1667734,none,AKShare/新浪基金历史,2026-09-04T01:02:29.548814+08:00
180301,2025-07-23,2.233,2.247,2.202,2.226,3290948,none,AKShare/新浪基金历史,2026-09-04T01:02:29.548814+08:00
180301,2025-07-24,2.217,2.252,2.217,2.251,3942442,none,AKShare/新浪基金历史,2026-09-04T01:02:29.548814+08:00
180301,2025-07-25,2.251,2.26,2.251,2.257,2466756,none,AKShare/新浪基金历史,2026-09-04T01:02:29.548814+08:00
180301,2025-07-28,2.259,2.259,2.245,2.254,5172668,none,AKShare/新浪基金历史,2026-09-04T01:02:29.548814+08:00
180301,2025-07-29,2.255,2.26,2.24,2.25,1671903,none,AKShare/新浪基金历史,2026-09-04T01:02:29.548814+08:00
180301,2025-07-30,2.245,2.27,2.245,2.269,5187356,none,AKShare/新浪基金历史,2026-09-04T01:02:29.548814+08:00
180301,2025-07-31,2.269,2.281,2.263,2.281,5082224,none,AKShare/新浪基金历史,2026-09-04T01:02:29.548814+08:00
180301,2025-08-01,2.283,2.317,2.275,2.302,13999360,none,AKShare/新浪基金历史,2026-09-04T01:02:29.548814+08:00
180301,2025-08-04,2.3,2.302,2.281,2.29,7285152,none,AKShare/新浪基金历史,2026-09-04T01:02:29.548814+08:00
180301,2025-08-05,2.29,2.29,2.269,2.275,4566723,none,AKShare/新浪基金历史,2026-09-04T01:02:29.548814+08:00
180301,2025-08-06,2.272,2.282,2.266,2.28,1813975,none,AKShare/新浪基金历史,2026-09-04T01:02:29.548814+08:00
180301,2025-08-07,2.28,2.32,2.28,2.302,7741480,none,AKShare/新浪基金历史,2026-09-04T01:02:29.548814+08:00
180301,2025-08-08,2.308,2.308,2.29,2.302,1721997,none,AKShare/新浪基金历史,2026-09-04T01:02:29.548814+08:00
180301,2025-08-11,2.301,2.301,2.27,2.282,2762752,none,AKShare/新浪基金历史,2026-09-04T01:02:29.548814+08:00
180301,2025-08-12,2.275,2.288,2.272,2.285,491672,none,AKShare/新浪基金历史,2026-09-04T01:02:29.548814+08:00
180301,2025-08-13,2.286,2.297,2.275,2.296,2441843,none,AKShare/新浪基金历史,2026-09-04T01:02:29.548814+08:00
180301,2025-08-14,2.296,2.305,2.288,2.289,8286736,none,AKShare/新浪基金历史,2026-09-04T01:02:29.548814+08:00
180301,2025-08-15,2.284,2.295,2.267,2.276,1449312,none,AKShare/新浪基金历史,2026-09-04T01:02:29.548814+08:00
180301,2025-08-18,2.281,2.284,2.226,2.268,5617462,none,AKShare/新浪基金历史,2026-09-04T01:02:29.548814+08:00
180301,2025-08-19,2.26,2.272,2.23,2.256,2982951,none,AKShare/新浪基金历史,2026-09-04T01:02:29.548814+08:00
180301,2025-08-20,2.261,2.27,2.24,2.259,2138136,none,AKShare/新浪基金历史,2026-09-04T01:02:29.548814+08:00
180301,2025-08-21,2.253,2.271,2.247,2.267,1699600,none,AKShare/新浪基金历史,2026-09-04T01:02:29.548814+08:00
180301,2025-08-22,2.267,2.27,2.26,2.27,825008,none,AKShare/新浪基金历史,2026-09-04T01:02:29.548814+08:00
180301,2025-08-25,2.268,2.279,2.249,2.275,2463612,none,AKShare/新浪基金历史,2026-09-04T01:02:29.548814+08:00
180301,2025-08-26,2.275,2.301,2.26,2.288,3520495,none,AKShare/新浪基金历史,2026-09-04T01:02:29.548814+08:00
180301,2025-08-27,2.288,2.296,2.276,2.288,1690800,none,AKShare/新浪基金历史,2026-09-04T01:02:29.548814+08:00
180301,2025-08-28,2.277,2.3,2.274,2.294,1538040,none,AKShare/新浪基金历史,2026-09-04T01:02:29.548814+08:00
180301,2025-08-29,2.305,2.318,2.268,2.293,2727502,none,AKShare/新浪基金历史,2026-09-04T01:02:29.548814+08:00
180301,2025-09-01,2.293,2.293,2.285,2.288,1093962,none,AKShare/新浪基金历史,2026-09-04T01:02:29.548814+08:00
180301,2025-09-02,2.292,2.34,2.289,2.322,8106283,none,AKShare/新浪基金历史,2026-09-04T01:02:29.548814+08:00
180301,2025-09-03,2.31,2.31,2.261,2.271,1582984,none,AKShare/新浪基金历史,2026-09-04T01:02:29.548814+08:00
180301,2025-09-04,2.269,2.288,2.256,2.268,3947323,none,AKShare/新浪基金历史,2026-09-04T01:02:29.548814+08:00
180301,2025-09-05,2.264,2.288,2.254,2.288,8522210,none,AKShare/新浪基金历史,2026-09-04T01:02:29.548814+08:00
180301,2025-09-08,2.29,2.29,2.266,2.279,2609556,none,AKShare/新浪基金历史,2026-09-04T01:02:29.548814+08:00
180301,2025-09-09,2.279,2.279,2.262,2.269,2829747,none,AKShare/新浪基金历史,2026-09-04T01:02:29.548814+08:00
180301,2025-09-10,2.268,2.279,2.247,2.257,3559479,none,AKShare/新浪基金历史,2026-09-04T01:02:29.548814+08:00
180301,2025-09-11,2.25,2.26,2.247,2.259,734904,none,AKShare/新浪基金历史,2026-09-04T01:02:29.548814+08:00
180301,2025-09-12,2.259,2.288,2.259,2.276,2893460,none,AKShare/新浪基金历史,2026-09-04T01:02:29.548814+08:00
180301,2025-09-15,2.276,2.301,2.276,2.298,3759731,none,AKShare/新浪基金历史,2026-09-04T01:02:29.548814+08:00
180301,2025-09-16,2.298,2.303,2.285,2.291,2784876,none,AKShare/新浪基金历史,2026-09-04T01:02:29.548814+08:00
180301,2025-09-17,2.292,2.299,2.28,2.294,2431947,none,AKShare/新浪基金历史,2026-09-04T01:02:29.548814+08:00
180301,2025-09-18,2.294,2.303,2.28,2.29,1806096,none,AKShare/新浪基金历史,2026-09-04T01:02:29.548814+08:00
180301,2025-09-19,2.288,2.304,2.286,2.298,3256271,none,AKShare/新浪基金历史,2026-09-04T01:02:29.548814+08:00
180301,2025-09-22,2.298,2.303,2.29,2.303,1238352,none,AKShare/新浪基金历史,2026-09-04T01:02:29.548814+08:00
180301,2025-09-23,2.299,2.305,2.28,2.3,1152204,none,AKShare/新浪基金历史,2026-09-04T01:02:29.548814+08:00
180301,2025-09-24,2.29,2.3,2.283,2.299,1067646,none,AKShare/新浪基金历史,2026-09-04T01:02:29.548814+08:00
180301,2025-09-25,2.296,2.3,2.286,2.288,1295435,none,AKShare/新浪基金历史,2026-09-04T01:02:29.548814+08:00
180301,2025-09-26,2.286,2.3,2.281,2.298,2171724,none,AKShare/新浪基金历史,2026-09-04T01:02:29.548814+08:00
180301,2025-09-29,2.296,2.298,2.288,2.298,1720703,none,AKShare/新浪基金历史,2026-09-04T01:02:29.548814+08:00
180301,2025-09-30,2.298,2.299,2.284,2.296,1389920,none,AKShare/新浪基金历史,2026-09-04T01:02:29.548814+08:00
180301,2025-10-09,2.296,2.302,2.28,2.29,2400728,none,AKShare/新浪基金历史,2026-09-04T01:02:29.548814+08:00
180301,2025-10-10,2.29,2.295,2.282,2.284,895516,none,AKShare/新浪基金历史,2026-09-04T01:02:29.548814+08:00
180301,2025-10-13,2.282,2.291,2.262,2.286,2656332,none,AKShare/新浪基金历史,2026-09-04T01:02:29.548814+08:00
180301,2025-10-14,2.284,2.29,2.271,2.28,1109344,none,AKShare/新浪基金历史,2026-09-04T01:02:29.548814+08:00
180301,2025-10-15,2.275,2.281,2.27,2.281,870948,none,AKShare/新浪基金历史,2026-09-04T01:02:29.548814+08:00
180301,2025-10-16,2.272,2.28,2.261,2.272,1484119,none,AKShare/新浪基金历史,2026-09-04T01:02:29.548814+08:00
180301,2025-10-17,2.26,2.275,2.26,2.271,2054120,none,AKShare/新浪基金历史,2026-09-04T01:02:29.548814+08:00
180301,2025-10-20,2.26,2.272,2.256,2.266,1949816,none,AKShare/新浪基金历史,2026-09-04T01:02:29.548814+08:00
180301,2025-10-21,2.266,2.27,2.244,2.25,1296171,none,AKShare/新浪基金历史,2026-09-04T01:02:29.548814+08:00
180301,2025-10-22,2.249,2.258,2.236,2.251,2744827,none,AKShare/新浪基金历史,2026-09-04T01:02:29.548814+08:00
180301,2025-10-23,2.251,2.266,2.24,2.266,2345392,none,AKShare/新浪基金历史,2026-09-04T01:02:29.548814+08:00
180301,2025-10-24,2.27,2.285,2.252,2.269,3043003,none,AKShare/新浪基金历史,2026-09-04T01:02:29.548814+08:00
180301,2025-10-27,2.269,2.279,2.26,2.264,931236,none,AKShare/新浪基金历史,2026-09-04T01:02:29.548814+08:00
180301,2025-10-28,2.265,2.305,2.265,2.287,3968380,none,AKShare/新浪基金历史,2026-09-04T01:02:29.548814+08:00
180301,2025-10-29,2.287,2.304,2.281,2.287,3033784,none,AKShare/新浪基金历史,2026-09-04T01:02:29.548814+08:00
180301,2025-10-30,2.287,2.297,2.28,2.29,2199971,none,AKShare/新浪基金历史,2026-09-04T01:02:29.548814+08:00
180301,2025-10-31,2.287,2.297,2.271,2.281,2402604,none,AKShare/新浪基金历史,2026-09-04T01:02:29.548814+08:00
180301,2025-11-03,2.27,2.29,2.27,2.277,3064212,none,AKShare/新浪基金历史,2026-09-04T01:02:29.548814+08:00
180301,2025-11-04,2.27,2.275,2.258,2.266,1768968,none,AKShare/新浪基金历史,2026-09-04T01:02:29.548814+08:00
180301,2025-11-05,2.266,2.285,2.25,2.275,3344760,none,AKShare/新浪基金历史,2026-09-04T01:02:29.548814+08:00
180301,2025-11-06,2.275,2.28,2.256,2.263,2265563,none,AKShare/新浪基金历史,2026-09-04T01:02:29.548814+08:00
180301,2025-11-07,2.263,2.287,2.258,2.282,2694268,none,AKShare/新浪基金历史,2026-09-04T01:02:29.548814+08:00
180301,2025-11-10,2.283,2.338,2.283,2.333,4101076,none,AKShare/新浪基金历史,2026-09-04T01:02:29.548814+08:00
180301,2025-11-11,2.332,2.382,2.312,2.329,4900480,none,AKShare/新浪基金历史,2026-09-04T01:02:29.548814+08:00
180301,2025-11-12,2.329,2.34,2.324,2.33,1714732,none,AKShare/新浪基金历史,2026-09-04T01:02:29.548814+08:00
180301,2025-11-13,2.32,2.325,2.296,2.32,3945934,none,AKShare/新浪基金历史,2026-09-04T01:02:29.548814+08:00
180301,2025-11-14,2.32,2.343,2.31,2.334,8086840,none,AKShare/新浪基金历史,2026-09-04T01:02:29.548814+08:00
180301,2025-11-17,2.333,2.344,2.312,2.335,4608412,none,AKShare/新浪基金历史,2026-09-04T01:02:29.548814+08:00
180301,2025-11-18,2.332,2.365,2.311,2.355,2693644,none,AKShare/新浪基金历史,2026-09-04T01:02:29.548814+08:00
180301,2025-11-19,2.351,2.351,2.338,2.346,1429210,none,AKShare/新浪基金历史,2026-09-04T01:02:29.548814+08:00
180301,2025-11-20,2.346,2.346,2.32,2.33,2500492,none,AKShare/新浪基金历史,2026-09-04T01:02:29.548814+08:00
180301,2025-11-21,2.319,2.329,2.3,2.309,1557424,none,AKShare/新浪基金历史,2026-09-04T01:02:29.548814+08:00
180301,2025-11-24,2.295,2.309,2.276,2.301,1513035,none,AKShare/新浪基金历史,2026-09-04T01:02:29.548814+08:00
180301,2025-11-25,2.297,2.325,2.296,2.308,1444474,none,AKShare/新浪基金历史,2026-09-04T01:02:29.548814+08:00
180301,2025-11-26,2.302,2.33,2.3,2.328,588619,none,AKShare/新浪基金历史,2026-09-04T01:02:29.548814+08:00
180301,2025-11-27,2.33,2.335,2.305,2.321,4134192,none,AKShare/新浪基金历史,2026-09-04T01:02:29.548814+08:00
180301,2025-11-28,2.321,2.328,2.313,2.326,1174816,none,AKShare/新浪基金历史,2026-09-04T01:02:29.548814+08:00
180301,2025-12-01,2.32,2.32,2.288,2.303,1623444,none,AKShare/新浪基金历史,2026-09-04T01:02:29.548814+08:00
180301,2025-12-02,2.297,2.316,2.28,2.314,1091140,none,AKShare/新浪基金历史,2026-09-04T01:02:29.548814+08:00
180301,2025-12-03,2.31,2.327,2.3,2.312,4449459,none,AKShare/新浪基金历史,2026-09-04T01:02:29.548814+08:00
180301,2025-12-04,2.312,2.326,2.3,2.305,2765812,none,AKShare/新浪基金历史,2026-09-04T01:02:29.548814+08:00
180301,2025-12-05,2.305,2.319,2.296,2.308,3759923,none,AKShare/新浪基金历史,2026-09-04T01:02:29.548814+08:00
180301,2025-12-08,2.31,2.31,2.291,2.305,3132684,none,AKShare/新浪基金历史,2026-09-04T01:02:29.548814+08:00
180301,2025-12-09,2.298,2.306,2.289,2.298,1496299,none,AKShare/新浪基金历史,2026-09-04T01:02:29.548814+08:00
180301,2025-12-10,2.29,2.308,2.287,2.305,2500008,none,AKShare/新浪基金历史,2026-09-04T01:02:29.548814+08:00
180301,2025-12-11,2.305,2.308,2.294,2.3,2640368,none,AKShare/新浪基金历史,2026-09-04T01:02:29.548814+08:00
180301,2025-12-12,2.295,2.31,2.294,2.299,2036256,none,AKShare/新浪基金历史,2026-09-04T01:02:29.548814+08:00
180301,2025-12-15,2.296,2.308,2.285,2.297,1716172,none,AKShare/新浪基金历史,2026-09-04T01:02:29.548814+08:00
180301,2025-12-16,2.288,2.297,2.271,2.296,913536,none,AKShare/新浪基金历史,2026-09-04T01:02:29.548814+08:00
180301,2025-12-17,2.29,2.304,2.28,2.299,2180843,none,AKShare/新浪基金历史,2026-09-04T01:02:29.548814+08:00
180301,2025-12-18,2.284,2.308,2.277,2.284,849292,none,AKShare/新浪基金历史,2026-09-04T01:02:29.548814+08:00
180301,2025-12-19,2.28,2.285,2.245,2.274,2253056,none,AKShare/新浪基金历史,2026-09-04T01:02:29.548814+08:00
180301,2025-12-22,2.28,2.28,2.254,2.268,3397536,none,AKShare/新浪基金历史,2026-09-04T01:02:29.548814+08:00
180301,2025-12-23,2.269,2.272,2.232,2.259,3742912,none,AKShare/新浪基金历史,2026-09-04T01:02:29.548814+08:00
180301,2025-12-24,2.259,2.36,2.242,2.323,4132872,none,AKShare/新浪基金历史,2026-09-04T01:02:29.548814+08:00
180301,2025-12-25,2.323,2.371,2.31,2.339,3190958,none,AKShare/新浪基金历史,2026-09-04T01:02:29.548814+08:00
180301,2025-12-26,2.33,2.368,2.324,2.341,2277111,none,AKShare/新浪基金历史,2026-09-04T01:02:29.548814+08:00
180301,2025-12-29,2.336,2.361,2.32,2.342,2097808,none,AKShare/新浪基金历史,2026-09-04T01:02:29.548814+08:00
180301,2025-12-30,2.342,2.342,2.321,2.338,1198296,none,AKShare/新浪基金历史,2026-09-04T01:02:29.548814+08:00
180301,2025-12-31,2.337,2.352,2.323,2.337,1862749,none,AKShare/新浪基金历史,2026-09-04T01:02:29.548814+08:00
180301,2026-01-05,2.334,2.35,2.312,2.341,2905827,none,AKShare/新浪基金历史,2026-09-04T01:02:29.548814+08:00
180301,2026-01-06,2.325,2.382,2.325,2.365,5020267,none,AKShare/新浪基金历史,2026-09-04T01:02:29.548814+08:00
180301,2026-01-07,2.366,2.395,2.366,2.39,2994387,none,AKShare/新浪基金历史,2026-09-04T01:02:29.548814+08:00
180301,2026-01-08,2.39,2.405,2.373,2.398,5360395,none,AKShare/新浪基金历史,2026-09-04T01:02:29.548814+08:00
180301,2026-01-09,2.39,2.412,2.39,2.397,7745388,none,AKShare/新浪基金历史,2026-09-04T01:02:29.548814+08:00
180301,2026-01-12,2.396,2.397,2.36,2.371,3180092,none,AKShare/新浪基金历史,2026-09-04T01:02:29.548814+08:00
180301,2026-01-13,2.37,2.387,2.369,2.371,3944361,none,AKShare/新浪基金历史,2026-09-04T01:02:29.548814+08:00
180301,2026-01-14,2.371,2.378,2.365,2.373,4966849,none,AKShare/新浪基金历史,2026-09-04T01:02:29.548814+08:00
180301,2026-01-15,2.373,2.38,2.36,2.375,3159997,none,AKShare/新浪基金历史,2026-09-04T01:02:29.548814+08:00
180301,2026-01-16,2.38,2.387,2.368,2.372,2235484,none,AKShare/新浪基金历史,2026-09-04T01:02:29.548814+08:00
180301,2026-01-19,2.372,2.38,2.359,2.374,3818224,none,AKShare/新浪基金历史,2026-09-04T01:02:29.548814+08:00
180301,2026-01-20,2.374,2.416,2.361,2.416,6419724,none,AKShare/新浪基金历史,2026-09-04T01:02:29.548814+08:00
180301,2026-01-21,2.414,2.466,2.402,2.45,6273428,none,AKShare/新浪基金历史,2026-09-04T01:02:29.548814+08:00
180301,2026-01-22,2.46,2.46,2.42,2.436,4651008,none,AKShare/新浪基金历史,2026-09-04T01:02:29.548814+08:00
180301,2026-01-23,2.433,2.445,2.416,2.437,1813286,none,AKShare/新浪基金历史,2026-09-04T01:02:29.548814+08:00
180301,2026-01-26,2.437,2.451,2.423,2.44,5407563,none,AKShare/新浪基金历史,2026-09-04T01:02:29.548814+08:00
180301,2026-01-27,2.44,2.446,2.414,2.43,6883044,none,AKShare/新浪基金历史,2026-09-04T01:02:29.548814+08:00
180301,2026-01-28,2.43,2.443,2.415,2.435,4440268,none,AKShare/新浪基金历史,2026-09-04T01:02:29.548814+08:00
180301,2026-01-29,2.43,2.509,2.421,2.496,4370000,none,AKShare/新浪基金历史,2026-09-04T01:02:29.548814+08:00
180301,2026-01-30,2.48,2.5,2.424,2.45,4898132,none,AKShare/新浪基金历史,2026-09-04T01:02:29.548814+08:00
180301,2026-02-02,2.44,2.444,2.42,2.436,1792264,none,AKShare/新浪基金历史,2026-09-04T01:02:29.548814+08:00
180301,2026-02-03,2.43,2.45,2.422,2.429,4374248,none,AKShare/新浪基金历史,2026-09-04T01:02:29.548814+08:00
180301,2026-02-04,2.433,2.436,2.413,2.423,2768384,none,AKShare/新浪基金历史,2026-09-04T01:02:29.548814+08:00
180301,2026-02-05,2.4,2.435,2.4,2.428,4465963,none,AKShare/新浪基金历史,2026-09-04T01:02:29.548814+08:00
180301,2026-02-06,2.428,2.429,2.418,2.421,2716758,none,AKShare/新浪基金历史,2026-09-04T01:02:29.548814+08:00
180301,2026-02-09,2.422,2.425,2.405,2.411,1540872,none,AKShare/新浪基金历史,2026-09-04T01:02:29.548814+08:00
180301,2026-02-10,2.408,2.426,2.392,2.42,2051971,none,AKShare/新浪基金历史,2026-09-04T01:02:29.548814+08:00
180301,2026-02-11,2.417,2.455,2.41,2.436,1871372,none,AKShare/新浪基金历史,2026-09-04T01:02:29.548814+08:00
180301,2026-02-12,2.436,2.455,2.423,2.455,2074487,none,AKShare/新浪基金历史,2026-09-04T01:02:29.548814+08:00
180301,2026-02-13,2.455,2.475,2.41,2.422,2162532,none,AKShare/新浪基金历史,2026-09-04T01:02:29.548814+08:00
180301,2026-02-24,2.42,2.468,2.413,2.456,4939388,none,AKShare/新浪基金历史,2026-09-04T01:02:29.548814+08:00
180301,2026-02-25,2.456,2.458,2.437,2.447,1259000,none,AKShare/新浪基金历史,2026-09-04T01:02:29.548814+08:00
180301,2026-02-26,2.447,2.45,2.427,2.442,1007791,none,AKShare/新浪基金历史,2026-09-04T01:02:29.548814+08:00
180301,2026-02-27,2.442,2.453,2.429,2.433,844176,none,AKShare/新浪基金历史,2026-09-04T01:02:29.548814+08:00
180301,2026-03-02,2.43,2.432,2.405,2.423,2972991,none,AKShare/新浪基金历史,2026-09-04T01:02:29.548814+08:00
180301,2026-03-03,2.411,2.448,2.411,2.431,1634912,none,AKShare/新浪基金历史,2026-09-04T01:02:29.548814+08:00
180301,2026-03-04,2.43,2.439,2.4,2.422,2828111,none,AKShare/新浪基金历史,2026-09-04T01:02:29.548814+08:00
180301,2026-03-05,2.417,2.434,2.417,2.429,984092,none,AKShare/新浪基金历史,2026-09-04T01:02:29.548814+08:00
180301,2026-03-06,2.428,2.434,2.413,2.433,544815,none,AKShare/新浪基金历史,2026-09-04T01:02:29.548814+08:00
180301,2026-03-09,2.43,2.432,2.41,2.432,946668,none,AKShare/新浪基金历史,2026-09-04T01:02:29.548814+08:00
180301,2026-03-10,2.434,2.453,2.426,2.431,1391076,none,AKShare/新浪基金历史,2026-09-04T01:02:29.548814+08:00
180301,2026-03-11,2.431,2.449,2.42,2.427,1866172,none,AKShare/新浪基金历史,2026-09-04T01:02:29.548814+08:00
180301,2026-03-12,2.427,2.438,2.409,2.418,1362292,none,AKShare/新浪基金历史,2026-09-04T01:02:29.548814+08:00
180301,2026-03-13,2.41,2.432,2.401,2.426,903916,none,AKShare/新浪基金历史,2026-09-04T01:02:29.548814+08:00
180301,2026-03-16,2.425,2.429,2.397,2.4,418652,none,AKShare/新浪基金历史,2026-09-04T01:02:29.548814+08:00
180301,2026-03-17,2.4,2.424,2.392,2.414,1164324,none,AKShare/新浪基金历史,2026-09-04T01:02:29.548814+08:00
180301,2026-03-18,2.414,2.424,2.398,2.414,1816368,none,AKShare/新浪基金历史,2026-09-04T01:02:29.548814+08:00
180301,2026-03-19,2.41,2.436,2.388,2.408,1299414,none,AKShare/新浪基金历史,2026-09-04T01:02:29.548814+08:00
180301,2026-03-20,2.407,2.433,2.399,2.415,5303015,none,AKShare/新浪基金历史,2026-09-04T01:02:29.548814+08:00
180301,2026-03-23,2.4,2.422,2.39,2.39,1165080,none,AKShare/新浪基金历史,2026-09-04T01:02:29.548814+08:00
180301,2026-03-24,2.396,2.41,2.387,2.394,2434680,none,AKShare/新浪基金历史,2026-09-04T01:02:29.548814+08:00
180301,2026-03-25,2.4,2.41,2.376,2.405,2132500,none,AKShare/新浪基金历史,2026-09-04T01:02:29.548814+08:00
180301,2026-03-26,2.409,2.409,2.384,2.389,1567656,none,AKShare/新浪基金历史,2026-09-04T01:02:29.548814+08:00
180301,2026-03-27,2.388,2.394,2.383,2.388,757820,none,AKShare/新浪基金历史,2026-09-04T01:02:29.548814+08:00
180301,2026-03-30,2.388,2.407,2.37,2.389,2492816,none,AKShare/新浪基金历史,2026-09-04T01:02:29.548814+08:00
180301,2026-03-31,2.389,2.405,2.38,2.391,1222860,none,AKShare/新浪基金历史,2026-09-04T01:02:29.548814+08:00
180301,2026-04-01,2.39,2.4,2.388,2.392,1065788,none,AKShare/新浪基金历史,2026-09-04T01:02:29.548814+08:00
180301,2026-04-02,2.39,2.397,2.38,2.386,534588,none,AKShare/新浪基金历史,2026-09-04T01:02:29.548814+08:00
180301,2026-04-03,2.382,2.407,2.382,2.393,5339036,none,AKShare/新浪基金历史,2026-09-04T01:02:29.548814+08:00
180301,2026-04-07,2.398,2.416,2.385,2.41,2989456,none,AKShare/新浪基金历史,2026-09-04T01:02:29.548814+08:00
180301,2026-04-08,2.415,2.442,2.415,2.426,2764248,none,AKShare/新浪基金历史,2026-09-04T01:02:29.548814+08:00
180301,2026-04-09,2.426,2.432,2.416,2.421,1470084,none,AKShare/新浪基金历史,2026-09-04T01:02:29.548814+08:00
180301,2026-04-10,2.427,2.44,2.421,2.427,2461188,none,AKShare/新浪基金历史,2026-09-04T01:02:29.548814+08:00
180301,2026-04-13,2.405,2.405,2.382,2.394,2473232,none,AKShare/新浪基金历史,2026-09-04T01:02:29.548814+08:00
180301,2026-04-14,2.389,2.399,2.38,2.396,2190892,none,AKShare/新浪基金历史,2026-09-04T01:02:29.548814+08:00
180301,2026-04-15,2.396,2.405,2.38,2.39,2948584,none,AKShare/新浪基金历史,2026-09-04T01:02:29.548814+08:00
180301,2026-04-16,2.384,2.416,2.384,2.406,4074938,none,AKShare/新浪基金历史,2026-09-04T01:02:29.548814+08:00
180301,2026-04-17,2.387,2.4,2.387,2.394,771104,none,AKShare/新浪基金历史,2026-09-04T01:02:29.548814+08:00
180301,2026-04-20,2.393,2.394,2.377,2.39,1688596,none,AKShare/新浪基金历史,2026-09-04T01:02:29.548814+08:00
180301,2026-04-21,2.391,2.409,2.382,2.389,2082348,none,AKShare/新浪基金历史,2026-09-04T01:02:29.548814+08:00
180301,2026-04-22,2.389,2.389,2.375,2.378,1571560,none,AKShare/新浪基金历史,2026-09-04T01:02:29.548814+08:00
180301,2026-04-23,2.384,2.388,2.372,2.385,1873120,none,AKShare/新浪基金历史,2026-09-04T01:02:29.548814+08:00
180301,2026-04-24,2.373,2.386,2.365,2.366,930187,none,AKShare/新浪基金历史,2026-09-04T01:02:29.548814+08:00
180301,2026-04-27,2.366,2.366,2.329,2.36,2862860,none,AKShare/新浪基金历史,2026-09-04T01:02:29.548814+08:00
180301,2026-04-28,2.355,2.373,2.35,2.35,589624,none,AKShare/新浪基金历史,2026-09-04T01:02:29.548814+08:00
180301,2026-04-29,2.35,2.35,2.32,2.32,959704,none,AKShare/新浪基金历史,2026-09-04T01:02:29.548814+08:00
180301,2026-04-30,2.32,2.332,2.305,2.327,1115828,none,AKShare/新浪基金历史,2026-09-04T01:02:29.548814+08:00
180301,2026-05-06,2.327,2.328,2.3,2.3,1246884,none,AKShare/新浪基金历史,2026-09-04T01:02:29.548814+08:00
180301,2026-05-07,2.299,2.305,2.287,2.305,1269470,none,AKShare/新浪基金历史,2026-09-04T01:02:29.548814+08:00
180301,2026-05-08,2.305,2.306,2.3,2.306,512668,none,AKShare/新浪基金历史,2026-09-04T01:02:29.548814+08:00
180301,2026-05-11,2.305,2.315,2.302,2.304,1193436,none,AKShare/新浪基金历史,2026-09-04T01:02:29.548814+08:00
180301,2026-05-12,2.304,2.325,2.3,2.313,1252510,none,AKShare/新浪基金历史,2026-09-04T01:02:29.548814+08:00
180301,2026-05-13,2.313,2.327,2.297,2.31,1485068,none,AKShare/新浪基金历史,2026-09-04T01:02:29.548814+08:00
180301,2026-05-14,2.3,2.3,2.256,2.269,4020552,none,AKShare/新浪基金历史,2026-09-04T01:02:29.548814+08:00
180301,2026-05-15,2.26,2.265,2.24,2.25,2009962,none,AKShare/新浪基金历史,2026-09-04T01:02:29.548814+08:00
180301,2026-05-18,2.248,2.256,2.23,2.247,3701687,none,AKShare/新浪基金历史,2026-09-04T01:02:29.548814+08:00
180301,2026-05-19,2.251,2.3,2.251,2.287,1937620,none,AKShare/新浪基金历史,2026-09-04T01:02:29.548814+08:00
180301,2026-05-20,2.284,2.318,2.262,2.271,1432180,none,AKShare/新浪基金历史,2026-09-04T01:02:29.548814+08:00
180301,2026-05-21,2.282,2.285,2.255,2.27,1290748,none,AKShare/新浪基金历史,2026-09-04T01:02:29.548814+08:00
180301,2026-05-22,2.27,2.288,2.261,2.281,1310041,none,AKShare/新浪基金历史,2026-09-04T01:02:29.548814+08:00
180301,2026-05-25,2.288,2.288,2.26,2.26,1184084,none,AKShare/新浪基金历史,2026-09-04T01:02:29.548814+08:00
180301,2026-05-26,2.262,2.263,2.217,2.242,2266492,none,AKShare/新浪基金历史,2026-09-04T01:02:29.548814+08:00
180301,2026-05-27,2.23,2.23,2.191,2.222,2654740,none,AKShare/新浪基金历史,2026-09-04T01:02:29.548814+08:00
180301,2026-05-28,2.215,2.216,2.175,2.183,1715904,none,AKShare/新浪基金历史,2026-09-04T01:02:29.548814+08:00
180301,2026-05-29,2.183,2.209,2.164,2.201,1072070,none,AKShare/新浪基金历史,2026-09-04T01:02:29.548814+08:00
180301,2026-06-01,2.201,2.272,2.19,2.263,1835176,none,AKShare/新浪基金历史,2026-09-04T01:02:29.548814+08:00
180301,2026-06-02,2.25,2.275,2.241,2.27,1590808,none,AKShare/新浪基金历史,2026-09-04T01:02:29.548814+08:00
180301,2026-06-03,2.26,2.27,2.238,2.265,1398988,none,AKShare/新浪基金历史,2026-09-04T01:02:29.548814+08:00
180301,2026-06-04,2.25,2.27,2.24,2.262,1934164,none,AKShare/新浪基金历史,2026-09-04T01:02:29.548814+08:00
180301,2026-06-05,2.25,2.285,2.24,2.277,1418959,none,AKShare/新浪基金历史,2026-09-04T01:02:29.548814+08:00
180301,2026-06-08,2.27,2.29,2.23,2.273,4395404,none,AKShare/新浪基金历史,2026-09-04T01:02:29.548814+08:00
180301,2026-06-09,2.269,2.284,2.26,2.27,1798523,none,AKShare/新浪基金历史,2026-09-04T01:02:29.548814+08:00
180301,2026-06-10,2.272,2.272,2.25,2.254,963872,none,AKShare/新浪基金历史,2026-09-04T01:02:29.548814+08:00
180301,2026-06-11,2.255,2.263,2.22,2.257,1532047,none,AKShare/新浪基金历史,2026-09-04T01:02:29.548814+08:00
180301,2026-06-12,2.252,2.262,2.235,2.255,1060416,none,AKShare/新浪基金历史,2026-09-04T01:02:29.548814+08:00
180301,2026-06-15,2.24,2.275,2.24,2.264,1135832,none,AKShare/新浪基金历史,2026-09-04T01:02:29.548814+08:00
180301,2026-06-16,2.255,2.275,2.248,2.263,2113292,none,AKShare/新浪基金历史,2026-09-04T01:02:29.548814+08:00
180301,2026-06-17,2.262,2.263,2.245,2.256,303476,none,AKShare/新浪基金历史,2026-09-04T01:02:29.548814+08:00
180301,2026-06-18,2.24,2.24,2.188,2.208,2629648,none,AKShare/新浪基金历史,2026-09-04T01:02:29.548814+08:00
180301,2026-06-22,2.203,2.203,2.148,2.153,2394375,none,AKShare/新浪基金历史,2026-09-04T01:02:29.548814+08:00
180301,2026-06-23,2.155,2.169,2.147,2.154,2819860,none,AKShare/新浪基金历史,2026-09-04T01:02:29.548814+08:00
180301,2026-06-24,2.153,2.155,2.1,2.111,2171816,none,AKShare/新浪基金历史,2026-09-04T01:02:29.548814+08:00
180301,2026-06-25,2.111,2.201,2.105,2.195,1318500,none,AKShare/新浪基金历史,2026-09-04T01:02:29.548814+08:00
180301,2026-06-26,2.194,2.194,2.134,2.143,915852,none,AKShare/新浪基金历史,2026-09-04T01:02:29.548814+08:00
180301,2026-06-29,2.143,2.17,2.11,2.16,2560956,none,AKShare/新浪基金历史,2026-09-04T01:02:29.548814+08:00
180301,2026-06-30,2.16,2.234,2.15,2.23,1096968,none,AKShare/新浪基金历史,2026-09-04T01:02:29.548814+08:00
180301,2026-07-01,2.22,2.269,2.22,2.233,2420596,none,AKShare/新浪基金历史,2026-09-04T01:02:29.548814+08:00
180301,2026-07-02,2.23,2.252,2.205,2.212,943004,none,AKShare/新浪基金历史,2026-09-04T01:02:29.548814+08:00
180301,2026-07-03,2.212,2.247,2.192,2.241,645808,none,AKShare/新浪基金历史,2026-09-04T01:02:29.548814+08:00
180301,2026-07-06,2.233,2.248,2.215,2.226,1013804,none,AKShare/新浪基金历史,2026-09-04T01:02:29.548814+08:00
180301,2026-07-07,2.23,2.231,2.212,2.224,1088999,none,AKShare/新浪基金历史,2026-09-04T01:02:29.548814+08:00
180301,2026-07-08,2.22,2.221,2.188,2.188,1105782,none,AKShare/新浪基金历史,2026-09-04T01:02:29.548814+08:00
180301,2026-07-09,2.188,2.208,2.17,2.189,2329316,none,AKShare/新浪基金历史,2026-09-04T01:02:29.548814+08:00
180301,2026-07-10,2.19,2.26,2.189,2.255,2923642,none,AKShare/新浪基金历史,2026-09-04T01:02:29.548814+08:00
180301,2026-07-13,2.254,2.254,2.235,2.246,2182032,none,AKShare/新浪基金历史,2026-09-04T01:02:29.548814+08:00
180301,2026-07-14,2.24,2.27,2.24,2.251,2693291,none,AKShare/新浪基金历史,2026-09-04T01:02:29.548814+08:00
180301,2026-07-15,2.25,2.251,2.2,2.201,1264040,none,AKShare/新浪基金历史,2026-09-04T01:02:29.548814+08:00
180301,2026-07-16,2.206,2.252,2.206,2.25,2346824,none,AKShare/新浪基金历史,2026-09-04T01:02:29.548814+08:00
180301,2026-07-17,2.246,2.256,2.221,2.24,2887536,none,AKShare/新浪基金历史,2026-09-04T01:02:29.548814+08:00
180301,2026-07-20,2.24,2.255,2.214,2.222,1502444,none,AKShare/新浪基金历史,2026-09-04T01:02:29.548814+08:00
180301,2026-07-21,2.224,2.234,2.162,2.168,1049152,none,AKShare/新浪基金历史,2026-09-04T01:02:29.548814+08:00
180301,2026-07-22,2.18,2.185,2.101,2.106,4010908,none,AKShare/新浪基金历史,2026-09-04T01:02:29.548814+08:00
180301,2026-07-23,2.119,2.119,2.06,2.069,1679879,none,AKShare/新浪基金历史,2026-09-04T01:02:29.548814+08:00
180301,2026-07-24,2.069,2.083,2.029,2.036,2223140,none,AKShare/新浪基金历史,2026-09-04T01:02:29.548814+08:00
180301,2026-07-27,2.033,2.052,2.019,2.032,3092632,none,AKShare/新浪基金历史,2026-09-04T01:02:29.548814+08:00
180301,2026-07-28,2.04,2.049,2.016,2.046,1708084,none,AKShare/新浪基金历史,2026-09-04T01:02:29.548814+08:00
180301,2026-07-29,2.046,2.07,2.032,2.06,1675840,none,AKShare/新浪基金历史,2026-09-04T01:02:29.548814+08:00
180301,2026-07-30,2.065,2.079,2.047,2.074,1238192,none,AKShare/新浪基金历史,2026-09-04T01:02:29.548814+08:00
180301,2026-07-31,2.074,2.14,2.074,2.135,1691452,none,AKShare/新浪基金历史,2026-09-04T01:02:29.548814+08:00
180301,2026-08-03,2.12,2.154,2.097,2.1,906564,none,AKShare/新浪基金历史,2026-09-04T01:02:29.548814+08:00
180301,2026-08-04,2.1,2.1,2.062,2.08,950588,none,AKShare/新浪基金历史,2026-09-04T01:02:29.548814+08:00
180301,2026-08-05,2.08,2.08,2.058,2.058,874816,none,AKShare/新浪基金历史,2026-09-04T01:02:29.548814+08:00
180301,2026-08-06,2.058,2.059,2.041,2.044,1623888,none,AKShare/新浪基金历史,2026-09-04T01:02:29.548814+08:00
180301,2026-08-07,2.048,2.052,2.03,2.046,1004268,none,AKShare/新浪基金历史,2026-09-04T01:02:29.548814+08:00
180301,2026-08-10,2.044,2.069,2.044,2.06,1338016,none,AKShare/新浪基金历史,2026-09-04T01:02:29.548814+08:00
180301,2026-08-11,2.063,2.075,2.045,2.051,1060864,none,AKShare/新浪基金历史,2026-09-04T01:02:29.548814+08:00
180301,2026-08-12,2.044,2.065,2.038,2.039,1252160,none,AKShare/新浪基金历史,2026-09-04T01:02:29.548814+08:00
180301,2026-08-13,2.039,2.061,2.03,2.06,1438577,none,AKShare/新浪基金历史,2026-09-04T01:02:29.548814+08:00
180301,2026-08-14,2.06,2.063,2.049,2.061,1539627,none,AKShare/新浪基金历史,2026-09-04T01:02:29.548814+08:00
180301,2026-08-17,2.07,2.07,2.05,2.058,1145252,none,AKShare/新浪基金历史,2026-09-04T01:02:29.548814+08:00
180301,2026-08-18,2.05,2.083,2.04,2.067,1436979,none,AKShare/新浪基金历史,2026-09-04T01:02:29.548814+08:00
180301,2026-08-19,2.05,2.07,2.049,2.061,932556,none,AKShare/新浪基金历史,2026-09-04T01:02:29.548814+08:00
180301,2026-08-20,2.056,2.113,2.05,2.096,1087716,none,AKShare/新浪基金历史,2026-09-04T01:02:29.548814+08:00
180301,2026-08-21,2.097,2.1,2.076,2.083,552540,none,AKShare/新浪基金历史,2026-09-04T01:02:29.548814+08:00
180301,2026-08-24,2.083,2.093,2.06,2.081,1041352,none,AKShare/新浪基金历史,2026-09-04T01:02:29.548814+08:00
180301,2026-08-25,2.081,2.119,2.069,2.106,763304,none,AKShare/新浪基金历史,2026-09-04T01:02:29.548814+08:00
180301,2026-08-26,2.109,2.13,2.102,2.13,1048192,none,AKShare/新浪基金历史,2026-09-04T01:02:29.548814+08:00
180301,2026-08-27,2.135,2.155,2.125,2.147,1608464,none,AKShare/新浪基金历史,2026-09-04T01:02:29.548814+08:00
180301,2026-08-28,2.151,2.151,2.132,2.132,874231,none,AKShare/新浪基金历史,2026-09-04T01:02:29.548814+08:00
180301,2026-08-31,2.13,2.153,2.123,2.149,851642,none,AKShare/新浪基金历史,2026-09-04T01:02:29.548814+08:00
180301,2026-09-01,2.14,2.151,2.133,2.14,1395172,none,AKShare/新浪基金历史,2026-09-04T01:02:29.548814+08:00
180301,2026-09-02,2.14,2.15,2.127,2.136,1791407,none,AKShare/新浪基金历史,2026-09-04T01:02:29.548814+08:00
180401,2022-07-26,7.665,7.665,6.5,7.165,65879152,none,AKShare/新浪基金历史,2026-09-04T01:02:29.548814+08:00
180401,2022-07-27,7.14,7.648,6.94,7.53,16955235,none,AKShare/新浪基金历史,2026-09-04T01:02:29.548814+08:00
180401,2022-07-28,7.532,7.63,7.36,7.37,9131377,none,AKShare/新浪基金历史,2026-09-04T01:02:29.548814+08:00
180401,2022-07-29,7.37,7.402,7.364,7.377,3346789,none,AKShare/新浪基金历史,2026-09-04T01:02:29.548814+08:00
180401,2022-08-01,7.379,7.467,7.379,7.454,2488752,none,AKShare/新浪基金历史,2026-09-04T01:02:29.548814+08:00
180401,2022-08-02,7.449,7.482,7.37,7.443,3702097,none,AKShare/新浪基金历史,2026-09-04T01:02:29.548814+08:00
180401,2022-08-03,7.451,7.557,7.451,7.551,2530053,none,AKShare/新浪基金历史,2026-09-04T01:02:29.548814+08:00
180401,2022-08-04,7.552,7.683,7.552,7.669,2984529,none,AKShare/新浪基金历史,2026-09-04T01:02:29.548814+08:00
180401,2022-08-05,7.684,7.9,7.626,7.782,3619083,none,AKShare/新浪基金历史,2026-09-04T01:02:29.548814+08:00
180401,2022-08-08,7.786,7.857,7.735,7.736,3478118,none,AKShare/新浪基金历史,2026-09-04T01:02:29.548814+08:00
180401,2022-08-09,7.729,7.729,7.599,7.611,3664028,none,AKShare/新浪基金历史,2026-09-04T01:02:29.548814+08:00
180401,2022-08-10,7.61,7.69,7.556,7.69,3717530,none,AKShare/新浪基金历史,2026-09-04T01:02:29.548814+08:00
180401,2022-08-11,7.706,7.763,7.7,7.73,2649189,none,AKShare/新浪基金历史,2026-09-04T01:02:29.548814+08:00
180401,2022-08-12,7.729,7.813,7.67,7.813,3283153,none,AKShare/新浪基金历史,2026-09-04T01:02:29.548814+08:00
180401,2022-08-15,7.813,7.95,7.799,7.95,3129295,none,AKShare/新浪基金历史,2026-09-04T01:02:29.548814+08:00
180401,2022-08-16,7.95,8.001,7.822,7.841,3487964,none,AKShare/新浪基金历史,2026-09-04T01:02:29.548814+08:00
180401,2022-08-17,7.838,7.935,7.798,7.916,2169004,none,AKShare/新浪基金历史,2026-09-04T01:02:29.548814+08:00
180401,2022-08-18,7.92,7.973,7.896,7.933,2942903,none,AKShare/新浪基金历史,2026-09-04T01:02:29.548814+08:00
180401,2022-08-19,7.934,8.117,7.933,8.117,2966872,none,AKShare/新浪基金历史,2026-09-04T01:02:29.548814+08:00
180401,2022-08-22,8.122,8.3,7.985,8.098,4373425,none,AKShare/新浪基金历史,2026-09-04T01:02:29.548814+08:00
180401,2022-08-23,8.041,8.23,8.041,8.228,4382874,none,AKShare/新浪基金历史,2026-09-04T01:02:29.548814+08:00
180401,2022-08-24,8.228,8.298,8.144,8.183,4136698,none,AKShare/新浪基金历史,2026-09-04T01:02:29.548814+08:00
180401,2022-08-25,8.17,8.25,8.163,8.24,3101078,none,AKShare/新浪基金历史,2026-09-04T01:02:29.548814+08:00
180401,2022-08-26,8.24,8.256,8.176,8.245,2720779,none,AKShare/新浪基金历史,2026-09-04T01:02:29.548814+08:00
180401,2022-08-29,8.238,8.238,8.14,8.155,2785182,none,AKShare/新浪基金历史,2026-09-04T01:02:29.548814+08:00
180401,2022-08-30,8.155,8.195,8.111,8.114,3760887,none,AKShare/新浪基金历史,2026-09-04T01:02:29.548814+08:00
180401,2022-08-31,8.113,8.144,8.001,8.134,4031480,none,AKShare/新浪基金历史,2026-09-04T01:02:29.548814+08:00
180401,2022-09-01,8.112,8.135,8.093,8.122,3464649,none,AKShare/新浪基金历史,2026-09-04T01:02:29.548814+08:00
180401,2022-09-02,8.123,8.148,8.122,8.136,2588607,none,AKShare/新浪基金历史,2026-09-04T01:02:29.548814+08:00
180401,2022-09-05,8.134,8.145,8.084,8.133,2361757,none,AKShare/新浪基金历史,2026-09-04T01:02:29.548814+08:00
180401,2022-09-06,8.132,8.148,8.117,8.143,2277419,none,AKShare/新浪基金历史,2026-09-04T01:02:29.548814+08:00
180401,2022-09-07,8.143,8.29,8.132,8.28,4958109,none,AKShare/新浪基金历史,2026-09-04T01:02:29.548814+08:00
180401,2022-09-08,8.281,8.35,8.251,8.35,3090029,none,AKShare/新浪基金历史,2026-09-04T01:02:29.548814+08:00
180401,2022-09-09,8.35,8.38,8.335,8.355,3332001,none,AKShare/新浪基金历史,2026-09-04T01:02:29.548814+08:00
180401,2022-09-13,8.354,8.354,8.32,8.321,1934579,none,AKShare/新浪基金历史,2026-09-04T01:02:29.548814+08:00
180401,2022-09-14,8.298,8.3,8.143,8.258,2834259,none,AKShare/新浪基金历史,2026-09-04T01:02:29.548814+08:00
180401,2022-09-15,8.252,8.289,8.228,8.23,2462402,none,AKShare/新浪基金历史,2026-09-04T01:02:29.548814+08:00
180401,2022-09-16,8.2,8.261,8.181,8.197,2582112,none,AKShare/新浪基金历史,2026-09-04T01:02:29.548814+08:00
180401,2022-09-19,8.168,8.189,8.122,8.16,3856910,none,AKShare/新浪基金历史,2026-09-04T01:02:29.548814+08:00
180401,2022-09-20,8.16,8.199,8.123,8.14,3221921,none,AKShare/新浪基金历史,2026-09-04T01:02:29.548814+08:00
180401,2022-09-21,8.138,8.21,8.069,8.19,3948989,none,AKShare/新浪基金历史,2026-09-04T01:02:29.548814+08:00
180401,2022-09-22,8.23,8.266,8.18,8.258,2311451,none,AKShare/新浪基金历史,2026-09-04T01:02:29.548814+08:00
180401,2022-09-23,8.259,8.26,8.188,8.206,3166945,none,AKShare/新浪基金历史,2026-09-04T01:02:29.548814+08:00
180401,2022-09-26,8.194,8.223,8.162,8.17,2443244,none,AKShare/新浪基金历史,2026-09-04T01:02:29.548814+08:00
180401,2022-09-27,8.17,8.17,8.14,8.156,2357387,none,AKShare/新浪基金历史,2026-09-04T01:02:29.548814+08:00
180401,2022-09-28,8.156,8.25,8.136,8.213,2661502,none,AKShare/新浪基金历史,2026-09-04T01:02:29.548814+08:00
180401,2022-09-29,8.213,8.265,8.16,8.172,2543463,none,AKShare/新浪基金历史,2026-09-04T01:02:29.548814+08:00
180401,2022-09-30,8.172,8.196,8.1,8.151,1644553,none,AKShare/新浪基金历史,2026-09-04T01:02:29.548814+08:00
180401,2022-10-10,8.151,8.156,8.067,8.08,2055365,none,AKShare/新浪基金历史,2026-09-04T01:02:29.548814+08:00
180401,2022-10-11,8.08,8.08,8.003,8.018,2513519,none,AKShare/新浪基金历史,2026-09-04T01:02:29.548814+08:00
180401,2022-10-12,8.018,8.046,7.991,8.036,2774330,none,AKShare/新浪基金历史,2026-09-04T01:02:29.548814+08:00
180401,2022-10-13,8.036,8.062,8.006,8.062,1905450,none,AKShare/新浪基金历史,2026-09-04T01:02:29.548814+08:00
180401,2022-10-14,8.062,8.09,8.006,8.09,3238074,none,AKShare/新浪基金历史,2026-09-04T01:02:29.548814+08:00
180401,2022-10-17,8.1,8.1,8.052,8.09,2794104,none,AKShare/新浪基金历史,2026-09-04T01:02:29.548814+08:00
180401,2022-10-18,8.09,8.141,8.033,8.134,3434163,none,AKShare/新浪基金历史,2026-09-04T01:02:29.548814+08:00
180401,2022-10-19,8.12,8.12,8.083,8.103,2217008,none,AKShare/新浪基金历史,2026-09-04T01:02:29.548814+08:00
180401,2022-10-20,8.098,8.108,8.07,8.103,3207893,none,AKShare/新浪基金历史,2026-09-04T01:02:29.548814+08:00
180401,2022-10-21,8.103,8.103,8.071,8.099,2033766,none,AKShare/新浪基金历史,2026-09-04T01:02:29.548814+08:00
180401,2022-10-24,8.099,8.099,8.018,8.021,3326546,none,AKShare/新浪基金历史,2026-09-04T01:02:29.548814+08:00
180401,2022-10-25,8.03,8.09,7.996,8.039,2983935,none,AKShare/新浪基金历史,2026-09-04T01:02:29.548814+08:00
180401,2022-10-26,8.038,8.039,8.0,8.015,3195107,none,AKShare/新浪基金历史,2026-09-04T01:02:29.548814+08:00
180401,2022-10-27,8.015,8.032,7.898,7.98,2887069,none,AKShare/新浪基金历史,2026-09-04T01:02:29.548814+08:00
180401,2022-10-28,7.991,8.021,7.902,8.015,3239487,none,AKShare/新浪基金历史,2026-09-04T01:02:29.548814+08:00
180401,2022-10-31,8.015,8.022,7.96,7.998,2325198,none,AKShare/新浪基金历史,2026-09-04T01:02:29.548814+08:00
180401,2022-11-01,7.996,8.028,7.961,8.022,2450750,none,AKShare/新浪基金历史,2026-09-04T01:02:29.548814+08:00
180401,2022-11-02,8.017,8.23,8.0,8.191,2695469,none,AKShare/新浪基金历史,2026-09-04T01:02:29.548814+08:00
180401,2022-11-03,8.187,8.208,8.154,8.208,1799670,none,AKShare/新浪基金历史,2026-09-04T01:02:29.548814+08:00
180401,2022-11-04,8.205,8.313,8.184,8.3,2187961,none,AKShare/新浪基金历史,2026-09-04T01:02:29.548814+08:00
180401,2022-11-07,8.3,8.351,8.251,8.288,3888019,none,AKShare/新浪基金历史,2026-09-04T01:02:29.548814+08:00
180401,2022-11-08,8.285,8.285,8.166,8.199,1852446,none,AKShare/新浪基金历史,2026-09-04T01:02:29.548814+08:00
180401,2022-11-09,8.196,8.215,8.174,8.185,1648596,none,AKShare/新浪基金历史,2026-09-04T01:02:29.548814+08:00
180401,2022-11-10,8.185,8.235,8.1,8.115,1846681,none,AKShare/新浪基金历史,2026-09-04T01:02:29.548814+08:00
180401,2022-11-11,8.12,8.222,8.116,8.168,2227535,none,AKShare/新浪基金历史,2026-09-04T01:02:29.548814+08:00
180401,2022-11-14,8.166,8.2,8.108,8.123,1218133,none,AKShare/新浪基金历史,2026-09-04T01:02:29.548814+08:00
180401,2022-11-15,8.155,8.155,8.123,8.125,730467,none,AKShare/新浪基金历史,2026-09-04T01:02:29.548814+08:00
180401,2022-11-16,8.125,8.125,8.095,8.117,950673,none,AKShare/新浪基金历史,2026-09-04T01:02:29.548814+08:00
180401,2022-11-17,8.11,8.11,7.985,8.008,2266580,none,AKShare/新浪基金历史,2026-09-04T01:02:29.548814+08:00
180401,2022-11-18,8.009,8.059,7.978,8.02,1819806,none,AKShare/新浪基金历史,2026-09-04T01:02:29.548814+08:00
180401,2022-11-21,8.019,8.11,7.978,8.084,1251993,none,AKShare/新浪基金历史,2026-09-04T01:02:29.548814+08:00
180401,2022-11-22,8.078,8.105,8.03,8.069,474362,none,AKShare/新浪基金历史,2026-09-04T01:02:29.548814+08:00
180401,2022-11-23,8.068,8.1,8.031,8.097,1633389,none,AKShare/新浪基金历史,2026-09-04T01:02:29.548814+08:00
180401,2022-11-24,8.1,8.1,8.058,8.083,1348950,none,AKShare/新浪基金历史,2026-09-04T01:02:29.548814+08:00
180401,2022-11-25,8.09,8.109,8.068,8.1,1603880,none,AKShare/新浪基金历史,2026-09-04T01:02:29.548814+08:00
180401,2022-11-28,8.098,8.12,8.062,8.105,2341108,none,AKShare/新浪基金历史,2026-09-04T01:02:29.548814+08:00
180401,2022-11-29,8.104,8.179,8.071,8.138,1661390,none,AKShare/新浪基金历史,2026-09-04T01:02:29.548814+08:00
180401,2022-11-30,8.134,8.134,8.107,8.121,1960706,none,AKShare/新浪基金历史,2026-09-04T01:02:29.548814+08:00
180401,2022-12-01,8.118,8.141,8.108,8.141,1780962,none,AKShare/新浪基金历史,2026-09-04T01:02:29.548814+08:00
180401,2022-12-02,8.14,8.172,8.121,8.172,1417740,none,AKShare/新浪基金历史,2026-09-04T01:02:29.548814+08:00
180401,2022-12-05,8.174,8.204,8.14,8.204,2287470,none,AKShare/新浪基金历史,2026-09-04T01:02:29.548814+08:00
180401,2022-12-06,8.204,8.264,8.186,8.264,3078511,none,AKShare/新浪基金历史,2026-09-04T01:02:29.548814+08:00
180401,2022-12-07,8.258,8.26,8.193,8.22,1449084,none,AKShare/新浪基金历史,2026-09-04T01:02:29.548814+08:00
180401,2022-12-08,8.216,8.255,8.189,8.234,1753530,none,AKShare/新浪基金历史,2026-09-04T01:02:29.548814+08:00
180401,2022-12-09,8.233,8.259,8.233,8.25,1614139,none,AKShare/新浪基金历史,2026-09-04T01:02:29.548814+08:00
180401,2022-12-12,8.25,8.288,8.179,8.216,1722067,none,AKShare/新浪基金历史,2026-09-04T01:02:29.548814+08:00
180401,2022-12-13,8.215,8.215,8.186,8.192,649471,none,AKShare/新浪基金历史,2026-09-04T01:02:29.548814+08:00
180401,2022-12-14,8.191,8.191,8.157,8.163,962459,none,AKShare/新浪基金历史,2026-09-04T01:02:29.548814+08:00
180401,2022-12-15,8.152,8.2,8.152,8.186,2023408,none,AKShare/新浪基金历史,2026-09-04T01:02:29.548814+08:00
180401,2022-12-16,8.186,8.208,8.145,8.156,1541905,none,AKShare/新浪基金历史,2026-09-04T01:02:29.548814+08:00
180401,2022-12-19,8.156,8.166,8.152,8.165,752961,none,AKShare/新浪基金历史,2026-09-04T01:02:29.548814+08:00
180401,2022-12-20,8.164,8.164,8.131,8.142,791162,none,AKShare/新浪基金历史,2026-09-04T01:02:29.548814+08:00
180401,2022-12-21,8.142,8.149,8.125,8.149,627781,none,AKShare/新浪基金历史,2026-09-04T01:02:29.548814+08:00
180401,2022-12-22,8.149,8.158,8.142,8.151,900204,none,AKShare/新浪基金历史,2026-09-04T01:02:29.548814+08:00
180401,2022-12-23,8.151,8.181,8.132,8.181,810638,none,AKShare/新浪基金历史,2026-09-04T01:02:29.548814+08:00
180401,2022-12-26,8.181,8.181,8.144,8.169,1745669,none,AKShare/新浪基金历史,2026-09-04T01:02:29.548814+08:00
180401,2022-12-27,8.169,8.169,8.088,8.105,1491536,none,AKShare/新浪基金历史,2026-09-04T01:02:29.548814+08:00
180401,2022-12-28,8.129,8.145,8.07,8.134,1875748,none,AKShare/新浪基金历史,2026-09-04T01:02:29.548814+08:00
180401,2022-12-29,8.15,8.164,8.114,8.16,720823,none,AKShare/新浪基金历史,2026-09-04T01:02:29.548814+08:00
180401,2022-12-30,8.16,8.195,8.103,8.163,1644667,none,AKShare/新浪基金历史,2026-09-04T01:02:29.548814+08:00
180401,2023-01-03,8.159,8.163,8.133,8.15,1348478,none,AKShare/新浪基金历史,2026-09-04T01:02:29.548814+08:00
180401,2023-01-04,8.147,8.15,8.12,8.131,1224709,none,AKShare/新浪基金历史,2026-09-04T01:02:29.548814+08:00
180401,2023-01-05,8.131,8.131,8.022,8.068,1620130,none,AKShare/新浪基金历史,2026-09-04T01:02:29.548814+08:00
180401,2023-01-06,8.068,8.099,8.052,8.094,1605998,none,AKShare/新浪基金历史,2026-09-04T01:02:29.548814+08:00
180401,2023-01-09,8.094,8.099,8.059,8.08,1978629,none,AKShare/新浪基金历史,2026-09-04T01:02:29.548814+08:00
180401,2023-01-10,8.093,8.138,8.076,8.138,1692920,none,AKShare/新浪基金历史,2026-09-04T01:02:29.548814+08:00
180401,2023-01-11,8.138,8.162,8.138,8.16,1984937,none,AKShare/新浪基金历史,2026-09-04T01:02:29.548814+08:00
180401,2023-01-12,8.157,8.157,8.1,8.115,2199503,none,AKShare/新浪基金历史,2026-09-04T01:02:29.548814+08:00
180401,2023-01-13,8.115,8.138,8.075,8.094,1198406,none,AKShare/新浪基金历史,2026-09-04T01:02:29.548814+08:00
180401,2023-01-16,8.088,8.088,8.063,8.068,1716730,none,AKShare/新浪基金历史,2026-09-04T01:02:29.548814+08:00
180401,2023-01-17,8.054,8.064,7.996,7.997,1865975,none,AKShare/新浪基金历史,2026-09-04T01:02:29.548814+08:00
180401,2023-01-18,7.998,8.004,7.96,7.98,1998623,none,AKShare/新浪基金历史,2026-09-04T01:02:29.548814+08:00
180401,2023-01-19,7.976,8.043,7.965,8.028,1421929,none,AKShare/新浪基金历史,2026-09-04T01:02:29.548814+08:00
180401,2023-01-20,8.028,8.06,8.0,8.049,940342,none,AKShare/新浪基金历史,2026-09-04T01:02:29.548814+08:00
180401,2023-01-30,8.042,8.06,8.022,8.046,1849165,none,AKShare/新浪基金历史,2026-09-04T01:02:29.548814+08:00
180401,2023-01-31,8.044,8.08,8.026,8.077,1896039,none,AKShare/新浪基金历史,2026-09-04T01:02:29.548814+08:00
180401,2023-02-01,8.033,8.15,8.033,8.15,1903453,none,AKShare/新浪基金历史,2026-09-04T01:02:29.548814+08:00
180401,2023-02-02,8.148,8.149,8.096,8.141,1628108,none,AKShare/新浪基金历史,2026-09-04T01:02:29.548814+08:00
180401,2023-02-03,8.14,8.174,8.111,8.174,1488848,none,AKShare/新浪基金历史,2026-09-04T01:02:29.548814+08:00
180401,2023-02-06,8.116,8.174,8.116,8.161,2038768,none,AKShare/新浪基金历史,2026-09-04T01:02:29.548814+08:00
180401,2023-02-07,8.16,8.16,8.121,8.148,1354198,none,AKShare/新浪基金历史,2026-09-04T01:02:29.548814+08:00
180401,2023-02-08,8.153,8.165,8.149,8.16,1292748,none,AKShare/新浪基金历史,2026-09-04T01:02:29.548814+08:00
180401,2023-02-09,8.16,8.168,8.14,8.156,1232402,none,AKShare/新浪基金历史,2026-09-04T01:02:29.548814+08:00
180401,2023-02-10,8.156,8.179,8.143,8.17,1411804,none,AKShare/新浪基金历史,2026-09-04T01:02:29.548814+08:00
180401,2023-02-13,8.17,8.194,8.17,8.188,1255877,none,AKShare/新浪基金历史,2026-09-04T01:02:29.548814+08:00
180401,2023-02-14,8.188,8.199,8.181,8.196,1654370,none,AKShare/新浪基金历史,2026-09-04T01:02:29.548814+08:00
180401,2023-02-15,8.196,8.235,8.196,8.229,1402976,none,AKShare/新浪基金历史,2026-09-04T01:02:29.548814+08:00
180401,2023-02-16,8.231,8.27,8.229,8.236,2039530,none,AKShare/新浪基金历史,2026-09-04T01:02:29.548814+08:00
180401,2023-02-17,8.237,8.26,8.208,8.22,2001555,none,AKShare/新浪基金历史,2026-09-04T01:02:29.548814+08:00
180401,2023-02-20,8.22,8.237,8.2,8.231,2141716,none,AKShare/新浪基金历史,2026-09-04T01:02:29.548814+08:00
180401,2023-02-21,8.231,8.265,8.218,8.218,1609899,none,AKShare/新浪基金历史,2026-09-04T01:02:29.548814+08:00
180401,2023-02-22,8.215,8.245,8.2,8.215,1424131,none,AKShare/新浪基金历史,2026-09-04T01:02:29.548814+08:00
180401,2023-02-23,8.21,8.234,8.2,8.202,796931,none,AKShare/新浪基金历史,2026-09-04T01:02:29.548814+08:00
180401,2023-02-24,8.208,8.208,8.094,8.179,1452328,none,AKShare/新浪基金历史,2026-09-04T01:02:29.548814+08:00
180401,2023-02-27,8.178,8.178,8.122,8.154,677485,none,AKShare/新浪基金历史,2026-09-04T01:02:29.548814+08:00
180401,2023-02-28,8.153,8.165,8.153,8.161,1130397,none,AKShare/新浪基金历史,2026-09-04T01:02:29.548814+08:00
180401,2023-03-01,8.161,8.165,8.141,8.163,978807,none,AKShare/新浪基金历史,2026-09-04T01:02:29.548814+08:00
180401,2023-03-02,8.163,8.169,8.157,8.16,1348084,none,AKShare/新浪基金历史,2026-09-04T01:02:29.548814+08:00
180401,2023-03-03,8.16,8.16,8.15,8.158,931795,none,AKShare/新浪基金历史,2026-09-04T01:02:29.548814+08:00
180401,2023-03-06,8.158,8.176,8.142,8.155,1266871,none,AKShare/新浪基金历史,2026-09-04T01:02:29.548814+08:00
180401,2023-03-07,8.153,8.153,8.099,8.108,2428646,none,AKShare/新浪基金历史,2026-09-04T01:02:29.548814+08:00
180401,2023-03-08,8.115,8.115,8.073,8.085,2373555,none,AKShare/新浪基金历史,2026-09-04T01:02:29.548814+08:00
180401,2023-03-09,8.085,8.098,8.082,8.09,1955627,none,AKShare/新浪基金历史,2026-09-04T01:02:29.548814+08:00
180401,2023-03-10,8.089,8.091,8.067,8.091,1906386,none,AKShare/新浪基金历史,2026-09-04T01:02:29.548814+08:00
180401,2023-03-13,8.091,8.151,8.091,8.14,1541838,none,AKShare/新浪基金历史,2026-09-04T01:02:29.548814+08:00
180401,2023-03-14,8.14,8.14,8.103,8.119,1354534,none,AKShare/新浪基金历史,2026-09-04T01:02:29.548814+08:00
180401,2023-03-15,8.119,8.139,8.117,8.131,770076,none,AKShare/新浪基金历史,2026-09-04T01:02:29.548814+08:00
180401,2023-03-16,8.131,8.131,8.096,8.113,1464690,none,AKShare/新浪基金历史,2026-09-04T01:02:29.548814+08:00
180401,2023-03-17,8.113,8.128,8.11,8.122,765834,none,AKShare/新浪基金历史,2026-09-04T01:02:29.548814+08:00
180401,2023-03-20,8.119,8.12,8.1,8.114,1051013,none,AKShare/新浪基金历史,2026-09-04T01:02:29.548814+08:00
180401,2023-03-21,8.115,8.115,8.101,8.11,1169275,none,AKShare/新浪基金历史,2026-09-04T01:02:29.548814+08:00
180401,2023-03-22,8.106,8.116,8.104,8.116,1243494,none,AKShare/新浪基金历史,2026-09-04T01:02:29.548814+08:00
180401,2023-03-23,8.101,8.137,8.101,8.124,1299311,none,AKShare/新浪基金历史,2026-09-04T01:02:29.548814+08:00
180401,2023-03-24,8.124,8.134,8.11,8.125,1518015,none,AKShare/新浪基金历史,2026-09-04T01:02:29.548814+08:00
180401,2023-03-27,8.124,8.132,8.106,8.12,1680394,none,AKShare/新浪基金历史,2026-09-04T01:02:29.548814+08:00
180401,2023-03-28,8.12,8.12,8.041,8.06,1363696,none,AKShare/新浪基金历史,2026-09-04T01:02:29.548814+08:00
180401,2023-03-29,8.08,8.08,7.961,7.983,1202930,none,AKShare/新浪基金历史,2026-09-04T01:02:29.548814+08:00
180401,2023-03-30,7.983,8.01,7.97,7.983,1219012,none,AKShare/新浪基金历史,2026-09-04T01:02:29.548814+08:00
180401,2023-03-31,7.983,8.04,7.96,7.987,1874254,none,AKShare/新浪基金历史,2026-09-04T01:02:29.548814+08:00
180401,2023-04-03,7.987,8.037,7.987,8.03,852968,none,AKShare/新浪基金历史,2026-09-04T01:02:29.548814+08:00
180401,2023-04-04,8.022,8.049,8.014,8.037,751709,none,AKShare/新浪基金历史,2026-09-04T01:02:29.548814+08:00
180401,2023-04-06,8.037,8.09,8.028,8.09,1428470,none,AKShare/新浪基金历史,2026-09-04T01:02:29.548814+08:00
180401,2023-04-07,8.09,8.09,8.024,8.068,1064927,none,AKShare/新浪基金历史,2026-09-04T01:02:29.548814+08:00
180401,2023-04-10,8.063,8.065,8.035,8.048,912823,none,AKShare/新浪基金历史,2026-09-04T01:02:29.548814+08:00
180401,2023-04-11,8.047,8.047,8.025,8.032,972471,none,AKShare/新浪基金历史,2026-09-04T01:02:29.548814+08:00
180401,2023-04-12,8.034,8.04,8.02,8.031,689822,none,AKShare/新浪基金历史,2026-09-04T01:02:29.548814+08:00
180401,2023-04-13,8.03,8.03,7.96,8.004,1046327,none,AKShare/新浪基金历史,2026-09-04T01:02:29.548814+08:00
180401,2023-04-14,7.999,8.017,7.99,8.017,969243,none,AKShare/新浪基金历史,2026-09-04T01:02:29.548814+08:00
180401,2023-04-17,8.017,8.028,8.001,8.022,1013921,none,AKShare/新浪基金历史,2026-09-04T01:02:29.548814+08:00
180401,2023-04-18,8.02,8.03,8.014,8.023,906674,none,AKShare/新浪基金历史,2026-09-04T01:02:29.548814+08:00
180401,2023-04-19,8.02,8.024,8.002,8.02,792041,none,AKShare/新浪基金历史,2026-09-04T01:02:29.548814+08:00
180401,2023-04-20,8.019,8.02,7.996,8.005,1137704,none,AKShare/新浪基金历史,2026-09-04T01:02:29.548814+08:00
180401,2023-04-21,8.005,8.005,7.95,7.972,990577,none,AKShare/新浪基金历史,2026-09-04T01:02:29.548814+08:00
180401,2023-04-24,7.97,7.97,7.902,7.914,870600,none,AKShare/新浪基金历史,2026-09-04T01:02:29.548814+08:00
180401,2023-04-25,7.93,7.94,7.8,7.86,1269300,none,AKShare/新浪基金历史,2026-09-04T01:02:29.548814+08:00
180401,2023-04-26,7.86,7.87,7.7,7.835,1456370,none,AKShare/新浪基金历史,2026-09-04T01:02:29.548814+08:00
180401,2023-04-27,7.82,7.82,7.675,7.686,965720,none,AKShare/新浪基金历史,2026-09-04T01:02:29.548814+08:00
180401,2023-04-28,7.668,7.686,7.574,7.61,921506,none,AKShare/新浪基金历史,2026-09-04T01:02:29.548814+08:00
180401,2023-05-04,7.61,7.633,7.4,7.5,1460457,none,AKShare/新浪基金历史,2026-09-04T01:02:29.548814+08:00
180401,2023-05-05,7.499,7.499,7.167,7.299,1781747,none,AKShare/新浪基金历史,2026-09-04T01:02:29.548814+08:00
180401,2023-05-08,7.279,7.29,7.149,7.165,1883099,none,AKShare/新浪基金历史,2026-09-04T01:02:29.548814+08:00
180401,2023-05-09,7.164,7.164,7.076,7.107,1823659,none,AKShare/新浪基金历史,2026-09-04T01:02:29.548814+08:00
180401,2023-05-10,7.104,7.388,7.01,7.386,2769557,none,AKShare/新浪基金历史,2026-09-04T01:02:29.548814+08:00
180401,2023-05-11,7.386,7.435,7.252,7.399,2465810,none,AKShare/新浪基金历史,2026-09-04T01:02:29.548814+08:00
180401,2023-05-12,7.396,7.43,7.277,7.43,1533998,none,AKShare/新浪基金历史,2026-09-04T01:02:29.548814+08:00
180401,2023-05-15,7.455,7.615,7.435,7.529,2366757,none,AKShare/新浪基金历史,2026-09-04T01:02:29.548814+08:00
180401,2023-05-16,7.55,7.615,7.53,7.585,1833494,none,AKShare/新浪基金历史,2026-09-04T01:02:29.548814+08:00
180401,2023-05-17,7.587,7.598,7.55,7.562,1412370,none,AKShare/新浪基金历史,2026-09-04T01:02:29.548814+08:00
180401,2023-05-18,6.835,6.85,6.75,6.75,1196466,none,AKShare/新浪基金历史,2026-09-04T01:02:29.548814+08:00
180401,2023-05-19,6.76,6.844,6.757,6.758,843958,none,AKShare/新浪基金历史,2026-09-04T01:02:29.548814+08:00
180401,2023-05-22,6.76,6.82,6.76,6.767,909567,none,AKShare/新浪基金历史,2026-09-04T01:02:29.548814+08:00
180401,2023-05-23,6.767,6.782,6.757,6.769,480419,none,AKShare/新浪基金历史,2026-09-04T01:02:29.548814+08:00
180401,2023-05-24,6.767,6.782,6.75,6.764,471072,none,AKShare/新浪基金历史,2026-09-04T01:02:29.548814+08:00
180401,2023-05-25,6.764,6.778,6.752,6.761,583488,none,AKShare/新浪基金历史,2026-09-04T01:02:29.548814+08:00
180401,2023-05-26,6.761,6.78,6.749,6.755,741959,none,AKShare/新浪基金历史,2026-09-04T01:02:29.548814+08:00
180401,2023-05-29,6.751,6.764,6.7,6.71,730690,none,AKShare/新浪基金历史,2026-09-04T01:02:29.548814+08:00
180401,2023-05-30,6.71,6.71,6.63,6.64,715501,none,AKShare/新浪基金历史,2026-09-04T01:02:29.548814+08:00
180401,2023-05-31,6.64,6.658,6.478,6.519,1401067,none,AKShare/新浪基金历史,2026-09-04T01:02:29.548814+08:00
180401,2023-06-01,6.519,6.595,6.437,6.555,1044315,none,AKShare/新浪基金历史,2026-09-04T01:02:29.548814+08:00
180401,2023-06-02,6.555,6.619,6.515,6.619,947374,none,AKShare/新浪基金历史,2026-09-04T01:02:29.548814+08:00
180401,2023-06-05,6.619,6.633,6.539,6.59,688785,none,AKShare/新浪基金历史,2026-09-04T01:02:29.548814+08:00
180401,2023-06-06,6.582,6.583,6.44,6.478,716417,none,AKShare/新浪基金历史,2026-09-04T01:02:29.548814+08:00
180401,2023-06-07,6.477,6.548,6.455,6.546,1014701,none,AKShare/新浪基金历史,2026-09-04T01:02:29.548814+08:00
180401,2023-06-08,6.546,6.724,6.512,6.719,868940,none,AKShare/新浪基金历史,2026-09-04T01:02:29.548814+08:00
180401,2023-06-09,6.719,6.722,6.684,6.699,473074,none,AKShare/新浪基金历史,2026-09-04T01:02:29.548814+08:00
180401,2023-06-12,6.697,6.697,6.678,6.694,564283,none,AKShare/新浪基金历史,2026-09-04T01:02:29.548814+08:00
180401,2023-06-13,6.694,6.715,6.645,6.665,545140,none,AKShare/新浪基金历史,2026-09-04T01:02:29.548814+08:00
180401,2023-06-14,6.666,6.698,6.651,6.667,801439,none,AKShare/新浪基金历史,2026-09-04T01:02:29.548814+08:00
180401,2023-06-15,6.667,6.68,6.65,6.68,567620,none,AKShare/新浪基金历史,2026-09-04T01:02:29.548814+08:00
180401,2023-06-16,6.68,6.765,6.68,6.711,518413,none,AKShare/新浪基金历史,2026-09-04T01:02:29.548814+08:00
180401,2023-06-19,6.711,6.711,6.648,6.675,415150,none,AKShare/新浪基金历史,2026-09-04T01:02:29.548814+08:00
180401,2023-06-20,6.675,6.75,6.634,6.634,616199,none,AKShare/新浪基金历史,2026-09-04T01:02:29.548814+08:00
180401,2023-06-21,6.631,6.65,6.61,6.62,538766,none,AKShare/新浪基金历史,2026-09-04T01:02:29.548814+08:00
180401,2023-06-26,6.62,6.638,6.571,6.582,763925,none,AKShare/新浪基金历史,2026-09-04T01:02:29.548814+08:00
180401,2023-06-27,6.571,6.6,6.512,6.541,704063,none,AKShare/新浪基金历史,2026-09-04T01:02:29.548814+08:00
180401,2023-06-28,6.537,6.54,6.489,6.493,985634,none,AKShare/新浪基金历史,2026-09-04T01:02:29.548814+08:00
180401,2023-06-29,6.493,6.493,6.43,6.455,1004648,none,AKShare/新浪基金历史,2026-09-04T01:02:29.548814+08:00
180401,2023-06-30,6.455,6.469,6.417,6.421,1194608,none,AKShare/新浪基金历史,2026-09-04T01:02:29.548814+08:00
180401,2023-07-03,6.421,6.421,6.25,6.292,2286141,none,AKShare/新浪基金历史,2026-09-04T01:02:29.548814+08:00
180401,2023-07-04,6.279,6.29,6.2,6.219,1736865,none,AKShare/新浪基金历史,2026-09-04T01:02:29.548814+08:00
180401,2023-07-05,6.215,6.215,6.026,6.06,2904504,none,AKShare/新浪基金历史,2026-09-04T01:02:29.548814+08:00
180401,2023-07-06,6.17,6.249,6.07,6.238,3089131,none,AKShare/新浪基金历史,2026-09-04T01:02:29.548814+08:00
180401,2023-07-07,6.258,6.367,6.239,6.318,2706238,none,AKShare/新浪基金历史,2026-09-04T01:02:29.548814+08:00
180401,2023-07-10,6.328,6.406,6.266,6.292,3444888,none,AKShare/新浪基金历史,2026-09-04T01:02:29.548814+08:00
180401,2023-07-11,6.291,6.31,6.248,6.26,1672300,none,AKShare/新浪基金历史,2026-09-04T01:02:29.548814+08:00
180401,2023-07-12,6.252,6.252,6.16,6.172,1505980,none,AKShare/新浪基金历史,2026-09-04T01:02:29.548814+08:00
180401,2023-07-13,6.17,6.229,6.14,6.228,1745072,none,AKShare/新浪基金历史,2026-09-04T01:02:29.548814+08:00
180401,2023-07-14,6.229,6.35,6.228,6.315,2336853,none,AKShare/新浪基金历史,2026-09-04T01:02:29.548814+08:00
180401,2023-07-17,6.315,6.54,6.28,6.539,1253911,none,AKShare/新浪基金历史,2026-09-04T01:02:29.548814+08:00
180401,2023-07-18,6.572,6.764,6.572,6.75,3086050,none,AKShare/新浪基金历史,2026-09-04T01:02:29.548814+08:00
180401,2023-07-19,6.753,6.83,6.577,6.69,2609726,none,AKShare/新浪基金历史,2026-09-04T01:02:29.548814+08:00
180401,2023-07-20,6.694,6.7,6.56,6.576,2178616,none,AKShare/新浪基金历史,2026-09-04T01:02:29.548814+08:00
180401,2023-07-21,6.575,6.635,6.54,6.6,1825193,none,AKShare/新浪基金历史,2026-09-04T01:02:29.548814+08:00
180401,2023-07-24,6.64,6.64,6.568,6.597,1276366,none,AKShare/新浪基金历史,2026-09-04T01:02:29.548814+08:00
180401,2023-07-25,6.58,6.697,6.58,6.593,1556055,none,AKShare/新浪基金历史,2026-09-04T01:02:29.548814+08:00
180401,2023-07-26,6.593,6.64,6.464,6.495,2113593,none,AKShare/新浪基金历史,2026-09-04T01:02:29.548814+08:00
180401,2023-07-27,6.494,6.494,6.448,6.46,1054156,none,AKShare/新浪基金历史,2026-09-04T01:02:29.548814+08:00
180401,2023-07-28,6.45,6.45,6.42,6.44,2469016,none,AKShare/新浪基金历史,2026-09-04T01:02:29.548814+08:00
180401,2023-07-31,6.44,6.514,6.422,6.494,3681142,none,AKShare/新浪基金历史,2026-09-04T01:02:29.548814+08:00
180401,2023-08-01,6.634,6.634,6.49,6.563,2642242,none,AKShare/新浪基金历史,2026-09-04T01:02:29.548814+08:00
180401,2023-08-02,6.564,6.671,6.53,6.579,1987722,none,AKShare/新浪基金历史,2026-09-04T01:02:29.548814+08:00
180401,2023-08-03,6.582,6.582,6.549,6.574,2206881,none,AKShare/新浪基金历史,2026-09-04T01:02:29.548814+08:00
180401,2023-08-04,6.578,6.6,6.532,6.59,2781502,none,AKShare/新浪基金历史,2026-09-04T01:02:29.548814+08:00
180401,2023-08-07,6.585,6.601,6.571,6.6,2398624,none,AKShare/新浪基金历史,2026-09-04T01:02:29.548814+08:00
180401,2023-08-08,6.6,6.6,6.568,6.599,2001368,none,AKShare/新浪基金历史,2026-09-04T01:02:29.548814+08:00
180401,2023-08-09,6.586,6.639,6.586,6.63,1876845,none,AKShare/新浪基金历史,2026-09-04T01:02:29.548814+08:00
180401,2023-08-10,6.631,6.705,6.604,6.696,3034458,none,AKShare/新浪基金历史,2026-09-04T01:02:29.548814+08:00
180401,2023-08-11,6.699,6.71,6.663,6.689,1305032,none,AKShare/新浪基金历史,2026-09-04T01:02:29.548814+08:00
180401,2023-08-14,6.688,6.688,6.59,6.635,2260429,none,AKShare/新浪基金历史,2026-09-04T01:02:29.548814+08:00
180401,2023-08-15,6.6,6.67,6.6,6.648,1520174,none,AKShare/新浪基金历史,2026-09-04T01:02:29.548814+08:00
180401,2023-08-16,6.629,6.646,6.594,6.599,1327964,none,AKShare/新浪基金历史,2026-09-04T01:02:29.548814+08:00
180401,2023-08-17,6.599,6.599,6.553,6.563,2296006,none,AKShare/新浪基金历史,2026-09-04T01:02:29.548814+08:00
180401,2023-08-18,6.562,6.585,6.535,6.583,1532287,none,AKShare/新浪基金历史,2026-09-04T01:02:29.548814+08:00
180401,2023-08-21,6.576,6.58,6.529,6.553,1739228,none,AKShare/新浪基金历史,2026-09-04T01:02:29.548814+08:00
180401,2023-08-22,6.55,6.55,6.462,6.525,1790100,none,AKShare/新浪基金历史,2026-09-04T01:02:29.548814+08:00
180401,2023-08-23,6.515,6.515,6.485,6.505,1428530,none,AKShare/新浪基金历史,2026-09-04T01:02:29.548814+08:00
180401,2023-08-24,6.503,6.531,6.47,6.531,1204785,none,AKShare/新浪基金历史,2026-09-04T01:02:29.548814+08:00
180401,2023-08-25,6.503,6.527,6.491,6.527,1947524,none,AKShare/新浪基金历史,2026-09-04T01:02:29.548814+08:00
180401,2023-08-28,6.552,6.59,6.492,6.549,1931671,none,AKShare/新浪基金历史,2026-09-04T01:02:29.548814+08:00
180401,2023-08-29,6.546,6.556,6.492,6.551,1931110,none,AKShare/新浪基金历史,2026-09-04T01:02:29.548814+08:00
180401,2023-08-30,6.551,6.551,6.506,6.546,922200,none,AKShare/新浪基金历史,2026-09-04T01:02:29.548814+08:00
180401,2023-08-31,6.545,6.545,6.528,6.528,830922,none,AKShare/新浪基金历史,2026-09-04T01:02:29.548814+08:00
180401,2023-09-01,6.53,6.68,6.512,6.522,1114216,none,AKShare/新浪基金历史,2026-09-04T01:02:29.548814+08:00
180401,2023-09-04,6.522,6.53,6.508,6.509,616843,none,AKShare/新浪基金历史,2026-09-04T01:02:29.548814+08:00
180401,2023-09-05,6.5,6.515,6.496,6.5,1385131,none,AKShare/新浪基金历史,2026-09-04T01:02:29.548814+08:00
180401,2023-09-06,6.499,6.508,6.491,6.5,857820,none,AKShare/新浪基金历史,2026-09-04T01:02:29.548814+08:00
180401,2023-09-07,6.5,6.527,6.5,6.517,733802,none,AKShare/新浪基金历史,2026-09-04T01:02:29.548814+08:00
180401,2023-09-08,6.599,6.599,6.517,6.54,572395,none,AKShare/新浪基金历史,2026-09-04T01:02:29.548814+08:00
180401,2023-09-11,6.526,6.591,6.52,6.554,890921,none,AKShare/新浪基金历史,2026-09-04T01:02:29.548814+08:00
180401,2023-09-12,6.554,6.596,6.523,6.533,1007093,none,AKShare/新浪基金历史,2026-09-04T01:02:29.548814+08:00
180401,2023-09-13,6.537,6.55,6.482,6.497,1196872,none,AKShare/新浪基金历史,2026-09-04T01:02:29.548814+08:00
180401,2023-09-14,6.495,6.496,6.47,6.471,731450,none,AKShare/新浪基金历史,2026-09-04T01:02:29.548814+08:00
180401,2023-09-15,6.488,6.488,6.47,6.475,819162,none,AKShare/新浪基金历史,2026-09-04T01:02:29.548814+08:00
180401,2023-09-18,6.533,6.533,6.43,6.48,1120724,none,AKShare/新浪基金历史,2026-09-04T01:02:29.548814+08:00
180401,2023-09-19,6.46,6.506,6.46,6.505,571462,none,AKShare/新浪基金历史,2026-09-04T01:02:29.548814+08:00
180401,2023-09-20,6.505,6.514,6.48,6.488,1235084,none,AKShare/新浪基金历史,2026-09-04T01:02:29.548814+08:00
180401,2023-09-21,6.482,6.485,6.474,6.48,665921,none,AKShare/新浪基金历史,2026-09-04T01:02:29.548814+08:00
180401,2023-09-22,6.478,6.521,6.469,6.485,841424,none,AKShare/新浪基金历史,2026-09-04T01:02:29.548814+08:00
180401,2023-09-25,6.47,6.474,6.44,6.45,943632,none,AKShare/新浪基金历史,2026-09-04T01:02:29.548814+08:00
180401,2023-09-26,6.43,6.45,6.4,6.421,1385951,none,AKShare/新浪基金历史,2026-09-04T01:02:29.548814+08:00
180401,2023-09-27,6.4,6.431,6.384,6.422,1010668,none,AKShare/新浪基金历史,2026-09-04T01:02:29.548814+08:00
180401,2023-09-28,6.422,6.488,6.396,6.43,1486528,none,AKShare/新浪基金历史,2026-09-04T01:02:29.548814+08:00
180401,2023-10-09,6.43,6.442,6.4,6.431,832949,none,AKShare/新浪基金历史,2026-09-04T01:02:29.548814+08:00
180401,2023-10-10,6.431,6.431,6.401,6.417,668940,none,AKShare/新浪基金历史,2026-09-04T01:02:29.548814+08:00
180401,2023-10-11,6.421,6.421,6.405,6.409,734533,none,AKShare/新浪基金历史,2026-09-04T01:02:29.548814+08:00
180401,2023-10-12,6.409,6.415,6.405,6.414,800047,none,AKShare/新浪基金历史,2026-09-04T01:02:29.548814+08:00
180401,2023-10-13,6.414,6.44,6.398,6.402,837513,none,AKShare/新浪基金历史,2026-09-04T01:02:29.548814+08:00
180401,2023-10-16,6.401,6.402,6.375,6.378,778227,none,AKShare/新浪基金历史,2026-09-04T01:02:29.548814+08:00
180401,2023-10-17,6.378,6.418,6.35,6.357,531583,none,AKShare/新浪基金历史,2026-09-04T01:02:29.548814+08:00
180401,2023-10-18,6.357,6.358,6.3,6.3,827438,none,AKShare/新浪基金历史,2026-09-04T01:02:29.548814+08:00
180401,2023-10-19,6.3,6.32,6.259,6.26,793365,none,AKShare/新浪基金历史,2026-09-04T01:02:29.548814+08:00
180401,2023-10-20,6.26,6.26,6.235,6.239,851305,none,AKShare/新浪基金历史,2026-09-04T01:02:29.548814+08:00
180401,2023-10-23,6.239,6.24,6.1,6.104,1419470,none,AKShare/新浪基金历史,2026-09-04T01:02:29.548814+08:00
180401,2023-10-24,6.105,6.208,6.063,6.208,3199182,none,AKShare/新浪基金历史,2026-09-04T01:02:29.548814+08:00
180401,2023-10-25,6.21,6.32,6.168,6.261,2189658,none,AKShare/新浪基金历史,2026-09-04T01:02:29.548814+08:00
180401,2023-10-26,6.256,6.256,6.15,6.238,2412074,none,AKShare/新浪基金历史,2026-09-04T01:02:29.548814+08:00
180401,2023-10-27,6.238,6.244,6.182,6.21,1615859,none,AKShare/新浪基金历史,2026-09-04T01:02:29.548814+08:00
180401,2023-10-30,6.209,6.21,6.102,6.14,2505065,none,AKShare/新浪基金历史,2026-09-04T01:02:29.548814+08:00
180401,2023-10-31,6.14,6.19,6.063,6.091,2384283,none,AKShare/新浪基金历史,2026-09-04T01:02:29.548814+08:00
180401,2023-11-01,6.091,6.11,6.067,6.08,2409601,none,AKShare/新浪基金历史,2026-09-04T01:02:29.548814+08:00
180401,2023-11-02,6.08,6.111,6.07,6.076,1419581,none,AKShare/新浪基金历史,2026-09-04T01:02:29.548814+08:00
180401,2023-11-03,6.11,6.113,6.066,6.076,2241853,none,AKShare/新浪基金历史,2026-09-04T01:02:29.548814+08:00
180401,2023-11-06,6.08,6.175,6.036,6.109,2802723,none,AKShare/新浪基金历史,2026-09-04T01:02:29.548814+08:00
180401,2023-11-07,6.07,6.105,6.07,6.077,2933365,none,AKShare/新浪基金历史,2026-09-04T01:02:29.548814+08:00
180401,2023-11-08,6.073,6.11,6.062,6.11,2593130,none,AKShare/新浪基金历史,2026-09-04T01:02:29.548814+08:00
180401,2023-11-09,6.111,6.152,6.111,6.149,3796086,none,AKShare/新浪基金历史,2026-09-04T01:02:29.548814+08:00
180401,2023-11-10,6.155,6.168,6.134,6.148,2601733,none,AKShare/新浪基金历史,2026-09-04T01:02:29.548814+08:00
180401,2023-11-13,6.145,6.16,6.144,6.158,2887319,none,AKShare/新浪基金历史,2026-09-04T01:02:29.548814+08:00
180401,2023-11-14,6.16,6.24,6.16,6.204,2708112,none,AKShare/新浪基金历史,2026-09-04T01:02:29.548814+08:00
180401,2023-11-15,6.201,6.227,6.167,6.196,3430383,none,AKShare/新浪基金历史,2026-09-04T01:02:29.548814+08:00
180401,2023-11-16,6.195,6.216,6.16,6.215,1632269,none,AKShare/新浪基金历史,2026-09-04T01:02:29.548814+08:00
180401,2023-11-17,6.215,6.224,6.18,6.218,1700816,none,AKShare/新浪基金历史,2026-09-04T01:02:29.548814+08:00
180401,2023-11-20,6.215,6.218,6.166,6.169,2674713,none,AKShare/新浪基金历史,2026-09-04T01:02:29.548814+08:00
180401,2023-11-21,6.16,6.175,6.14,6.169,1852982,none,AKShare/新浪基金历史,2026-09-04T01:02:29.548814+08:00
180401,2023-11-22,6.18,6.181,6.137,6.139,1803413,none,AKShare/新浪基金历史,2026-09-04T01:02:29.548814+08:00
180401,2023-11-23,6.139,6.159,6.094,6.105,1688366,none,AKShare/新浪基金历史,2026-09-04T01:02:29.548814+08:00
180401,2023-11-24,6.105,6.105,6.065,6.096,783330,none,AKShare/新浪基金历史,2026-09-04T01:02:29.548814+08:00
180401,2023-11-27,6.095,6.095,5.998,6.023,1810491,none,AKShare/新浪基金历史,2026-09-04T01:02:29.548814+08:00
180401,2023-11-28,6.021,6.029,6.01,6.023,2299319,none,AKShare/新浪基金历史,2026-09-04T01:02:29.548814+08:00
180401,2023-11-29,6.023,6.039,5.998,6.025,1337681,none,AKShare/新浪基金历史,2026-09-04T01:02:29.548814+08:00
180401,2023-11-30,6.02,6.066,6.005,6.063,2201091,none,AKShare/新浪基金历史,2026-09-04T01:02:29.548814+08:00
180401,2023-12-01,6.06,6.071,6.051,6.064,2210816,none,AKShare/新浪基金历史,2026-09-04T01:02:29.548814+08:00
180401,2023-12-04,6.063,6.11,6.063,6.11,1824023,none,AKShare/新浪基金历史,2026-09-04T01:02:29.548814+08:00
180401,2023-12-05,6.106,6.115,6.08,6.105,2011085,none,AKShare/新浪基金历史,2026-09-04T01:02:29.548814+08:00
180401,2023-12-06,6.071,6.105,6.06,6.097,1923717,none,AKShare/新浪基金历史,2026-09-04T01:02:29.548814+08:00
180401,2023-12-07,6.111,6.189,6.111,6.182,2386327,none,AKShare/新浪基金历史,2026-09-04T01:02:29.548814+08:00
180401,2023-12-08,6.185,6.249,6.185,6.207,2432432,none,AKShare/新浪基金历史,2026-09-04T01:02:29.548814+08:00
180401,2023-12-11,6.205,6.244,6.158,6.188,3375534,none,AKShare/新浪基金历史,2026-09-04T01:02:29.548814+08:00
180401,2023-12-12,5.883,5.883,5.756,5.78,2327176,none,AKShare/新浪基金历史,2026-09-04T01:02:29.548814+08:00
180401,2023-12-13,5.779,5.819,5.705,5.79,1536729,none,AKShare/新浪基金历史,2026-09-04T01:02:29.548814+08:00
180401,2023-12-14,5.794,5.817,5.794,5.81,1504428,none,AKShare/新浪基金历史,2026-09-04T01:02:29.548814+08:00
180401,2023-12-15,5.824,5.835,5.81,5.83,2055782,none,AKShare/新浪基金历史,2026-09-04T01:02:29.548814+08:00
180401,2023-12-18,5.829,5.877,5.8,5.868,2244954,none,AKShare/新浪基金历史,2026-09-04T01:02:29.548814+08:00
180401,2023-12-19,5.86,5.911,5.839,5.89,3119761,none,AKShare/新浪基金历史,2026-09-04T01:02:29.548814+08:00
180401,2023-12-20,5.89,5.938,5.88,5.918,3612080,none,AKShare/新浪基金历史,2026-09-04T01:02:29.548814+08:00
180401,2023-12-21,5.919,6.05,5.918,6.04,5666981,none,AKShare/新浪基金历史,2026-09-04T01:02:29.548814+08:00
180401,2023-12-22,6.04,6.117,6.03,6.05,5439702,none,AKShare/新浪基金历史,2026-09-04T01:02:29.548814+08:00
180401,2023-12-25,6.041,6.055,5.92,6.043,3718197,none,AKShare/新浪基金历史,2026-09-04T01:02:29.548814+08:00
180401,2023-12-26,6.038,6.042,5.963,6.025,4028812,none,AKShare/新浪基金历史,2026-09-04T01:02:29.548814+08:00
180401,2023-12-27,6.024,6.024,5.962,5.978,4065991,none,AKShare/新浪基金历史,2026-09-04T01:02:29.548814+08:00
180401,2023-12-28,5.978,6.102,5.948,6.102,4919299,none,AKShare/新浪基金历史,2026-09-04T01:02:29.548814+08:00
180401,2023-12-29,6.096,6.28,6.073,6.28,3654170,none,AKShare/新浪基金历史,2026-09-04T01:02:29.548814+08:00
180401,2024-01-02,6.271,6.271,6.131,6.15,2780145,none,AKShare/新浪基金历史,2026-09-04T01:02:29.548814+08:00
180401,2024-01-03,6.146,6.23,6.08,6.121,4015189,none,AKShare/新浪基金历史,2026-09-04T01:02:29.548814+08:00
180401,2024-01-04,6.225,6.225,6.071,6.1,3131879,none,AKShare/新浪基金历史,2026-09-04T01:02:29.548814+08:00
180401,2024-01-05,6.128,6.129,6.022,6.053,3190814,none,AKShare/新浪基金历史,2026-09-04T01:02:29.548814+08:00
180401,2024-01-08,6.053,6.087,5.99,6.021,3250304,none,AKShare/新浪基金历史,2026-09-04T01:02:29.548814+08:00
180401,2024-01-09,5.95,6.029,5.838,6.006,5080160,none,AKShare/新浪基金历史,2026-09-04T01:02:29.548814+08:00
180401,2024-01-10,6.006,6.006,5.98,5.996,2760726,none,AKShare/新浪基金历史,2026-09-04T01:02:29.548814+08:00
180401,2024-01-11,5.997,6.056,5.98,6.05,3496097,none,AKShare/新浪基金历史,2026-09-04T01:02:29.548814+08:00
180401,2024-01-12,6.045,6.045,6.007,6.02,2189333,none,AKShare/新浪基金历史,2026-09-04T01:02:29.548814+08:00
180401,2024-01-15,6.018,6.018,5.91,5.932,5310813,none,AKShare/新浪基金历史,2026-09-04T01:02:29.548814+08:00
180401,2024-01-16,5.888,5.938,5.881,5.92,5332732,none,AKShare/新浪基金历史,2026-09-04T01:02:29.548814+08:00
180401,2024-01-17,5.93,6.006,5.904,5.997,6093048,none,AKShare/新浪基金历史,2026-09-04T01:02:29.548814+08:00
180401,2024-01-18,5.993,6.003,5.923,5.949,4860272,none,AKShare/新浪基金历史,2026-09-04T01:02:29.548814+08:00
180401,2024-01-19,5.948,6.007,5.924,6.003,4164148,none,AKShare/新浪基金历史,2026-09-04T01:02:29.548814+08:00
180401,2024-01-22,6.005,6.04,5.933,5.939,3142466,none,AKShare/新浪基金历史,2026-09-04T01:02:29.548814+08:00
180401,2024-01-23,5.923,5.999,5.923,5.933,3071451,none,AKShare/新浪基金历史,2026-09-04T01:02:29.548814+08:00
180401,2024-01-24,5.935,6.046,5.909,5.99,3861481,none,AKShare/新浪基金历史,2026-09-04T01:02:29.548814+08:00
180401,2024-01-25,5.968,6.03,5.968,6.005,3748503,none,AKShare/新浪基金历史,2026-09-04T01:02:29.548814+08:00
180401,2024-01-26,6.01,6.018,5.994,6.0,3229643,none,AKShare/新浪基金历史,2026-09-04T01:02:29.548814+08:00
180401,2024-01-29,6.0,6.035,5.971,6.009,3824329,none,AKShare/新浪基金历史,2026-09-04T01:02:29.548814+08:00
180401,2024-01-30,6.008,6.061,5.986,6.02,4906957,none,AKShare/新浪基金历史,2026-09-04T01:02:29.548814+08:00
180401,2024-01-31,6.049,6.058,6.0,6.019,4745992,none,AKShare/新浪基金历史,2026-09-04T01:02:29.548814+08:00
180401,2024-02-01,6.019,6.02,5.992,6.02,4886487,none,AKShare/新浪基金历史,2026-09-04T01:02:29.548814+08:00
180401,2024-02-02,6.02,6.033,5.996,6.029,4395997,none,AKShare/新浪基金历史,2026-09-04T01:02:29.548814+08:00
180401,2024-02-05,6.019,6.049,5.939,5.969,4875891,none,AKShare/新浪基金历史,2026-09-04T01:02:29.548814+08:00
180401,2024-02-06,5.946,5.999,5.923,5.995,5318022,none,AKShare/新浪基金历史,2026-09-04T01:02:29.548814+08:00
180401,2024-02-07,5.977,6.026,5.952,6.002,6479013,none,AKShare/新浪基金历史,2026-09-04T01:02:29.548814+08:00
180401,2024-02-08,6.002,6.06,6.002,6.05,6360568,none,AKShare/新浪基金历史,2026-09-04T01:02:29.548814+08:00
180401,2024-02-19,6.048,6.278,6.031,6.278,3789321,none,AKShare/新浪基金历史,2026-09-04T01:02:29.548814+08:00
180401,2024-02-20,6.309,6.431,6.305,6.334,6578931,none,AKShare/新浪基金历史,2026-09-04T01:02:29.548814+08:00
180401,2024-02-21,6.34,6.362,6.26,6.362,6030409,none,AKShare/新浪基金历史,2026-09-04T01:02:29.548814+08:00
180401,2024-02-22,6.366,6.42,6.32,6.354,5583984,none,AKShare/新浪基金历史,2026-09-04T01:02:29.548814+08:00
180401,2024-02-23,6.354,6.511,6.321,6.505,6414944,none,AKShare/新浪基金历史,2026-09-04T01:02:29.548814+08:00
180401,2024-02-26,6.515,6.794,6.505,6.768,5247990,none,AKShare/新浪基金历史,2026-09-04T01:02:29.548814+08:00
180401,2024-02-27,6.768,6.8,6.571,6.601,6807327,none,AKShare/新浪基金历史,2026-09-04T01:02:29.548814+08:00
180401,2024-02-28,6.599,6.601,6.535,6.575,6334545,none,AKShare/新浪基金历史,2026-09-04T01:02:29.548814+08:00
180401,2024-02-29,6.555,6.675,6.54,6.61,7006865,none,AKShare/新浪基金历史,2026-09-04T01:02:29.548814+08:00
180401,2024-03-01,6.609,6.835,6.609,6.82,6806381,none,AKShare/新浪基金历史,2026-09-04T01:02:29.548814+08:00
180401,2024-03-04,6.82,6.95,6.751,6.939,4552953,none,AKShare/新浪基金历史,2026-09-04T01:02:29.548814+08:00
180401,2024-03-05,6.929,7.067,6.9,7.034,7692996,none,AKShare/新浪基金历史,2026-09-04T01:02:29.548814+08:00
180401,2024-03-06,7.031,7.031,6.964,6.986,6856385,none,AKShare/新浪基金历史,2026-09-04T01:02:29.548814+08:00
180401,2024-03-07,6.986,7.001,6.94,6.947,7073178,none,AKShare/新浪基金历史,2026-09-04T01:02:29.548814+08:00
180401,2024-03-08,6.94,6.965,6.87,6.885,8206224,none,AKShare/新浪基金历史,2026-09-04T01:02:29.548814+08:00
180401,2024-03-11,6.88,6.956,6.845,6.954,3566134,none,AKShare/新浪基金历史,2026-09-04T01:02:29.548814+08:00
180401,2024-03-12,6.955,6.98,6.914,6.945,5612113,none,AKShare/新浪基金历史,2026-09-04T01:02:29.548814+08:00
180401,2024-03-13,6.92,6.957,6.861,6.861,4057409,none,AKShare/新浪基金历史,2026-09-04T01:02:29.548814+08:00
180401,2024-03-14,6.861,6.867,6.841,6.85,5054126,none,AKShare/新浪基金历史,2026-09-04T01:02:29.548814+08:00
180401,2024-03-15,6.867,6.88,6.841,6.848,2205202,none,AKShare/新浪基金历史,2026-09-04T01:02:29.548814+08:00
180401,2024-03-18,6.851,6.885,6.82,6.849,2579413,none,AKShare/新浪基金历史,2026-09-04T01:02:29.548814+08:00
180401,2024-03-19,6.849,6.918,6.821,6.9,3834089,none,AKShare/新浪基金历史,2026-09-04T01:02:29.548814+08:00
180401,2024-03-20,6.9,6.931,6.826,6.909,3028879,none,AKShare/新浪基金历史,2026-09-04T01:02:29.548814+08:00
180401,2024-03-21,6.882,6.911,6.775,6.86,4081852,none,AKShare/新浪基金历史,2026-09-04T01:02:29.548814+08:00
180401,2024-03-22,6.826,6.858,6.652,6.666,5000297,none,AKShare/新浪基金历史,2026-09-04T01:02:29.548814+08:00
180401,2024-03-25,6.661,6.736,6.479,6.5,5311387,none,AKShare/新浪基金历史,2026-09-04T01:02:29.548814+08:00
180401,2024-03-26,6.499,6.581,6.462,6.578,2846944,none,AKShare/新浪基金历史,2026-09-04T01:02:29.548814+08:00
180401,2024-03-27,6.604,6.785,6.591,6.781,2463530,none,AKShare/新浪基金历史,2026-09-04T01:02:29.548814+08:00
180401,2024-03-28,6.781,6.781,6.719,6.757,3207379,none,AKShare/新浪基金历史,2026-09-04T01:02:29.548814+08:00
180401,2024-03-29,6.747,6.82,6.728,6.795,2379437,none,AKShare/新浪基金历史,2026-09-04T01:02:29.548814+08:00
180401,2024-04-01,6.795,6.829,6.695,6.736,2703219,none,AKShare/新浪基金历史,2026-09-04T01:02:29.548814+08:00
180401,2024-04-02,6.732,6.732,6.688,6.694,2555987,none,AKShare/新浪基金历史,2026-09-04T01:02:29.548814+08:00
180401,2024-04-03,6.69,6.82,6.687,6.817,3251569,none,AKShare/新浪基金历史,2026-09-04T01:02:29.548814+08:00
180401,2024-04-08,6.817,6.868,6.817,6.86,2713827,none,AKShare/新浪基金历史,2026-09-04T01:02:29.548814+08:00
180401,2024-04-09,6.868,6.978,6.841,6.86,2769322,none,AKShare/新浪基金历史,2026-09-04T01:02:29.548814+08:00
180401,2024-04-10,6.823,6.88,6.823,6.875,2364924,none,AKShare/新浪基金历史,2026-09-04T01:02:29.548814+08:00
180401,2024-04-11,6.888,6.904,6.88,6.897,3382254,none,AKShare/新浪基金历史,2026-09-04T01:02:29.548814+08:00
180401,2024-04-12,6.897,6.91,6.888,6.898,3894532,none,AKShare/新浪基金历史,2026-09-04T01:02:29.548814+08:00
180401,2024-04-15,6.929,6.929,6.875,6.9,3327512,none,AKShare/新浪基金历史,2026-09-04T01:02:29.548814+08:00
180401,2024-04-16,6.899,6.928,6.853,6.901,3300738,none,AKShare/新浪基金历史,2026-09-04T01:02:29.548814+08:00
180401,2024-04-17,6.905,7.002,6.86,6.996,4361256,none,AKShare/新浪基金历史,2026-09-04T01:02:29.548814+08:00
180401,2024-04-18,6.996,7.004,6.975,6.998,4048017,none,AKShare/新浪基金历史,2026-09-04T01:02:29.548814+08:00
180401,2024-04-19,6.996,7.04,6.947,6.953,3670924,none,AKShare/新浪基金历史,2026-09-04T01:02:29.548814+08:00
180401,2024-04-22,6.953,6.999,6.938,6.953,3599933,none,AKShare/新浪基金历史,2026-09-04T01:02:29.548814+08:00
180401,2024-04-23,7.0,7.055,6.989,7.049,3630811,none,AKShare/新浪基金历史,2026-09-04T01:02:29.548814+08:00
180401,2024-04-24,7.051,7.07,7.026,7.068,4011570,none,AKShare/新浪基金历史,2026-09-04T01:02:29.548814+08:00
180401,2024-04-25,7.069,7.089,7.061,7.081,3584778,none,AKShare/新浪基金历史,2026-09-04T01:02:29.548814+08:00
180401,2024-04-26,6.723,6.832,6.661,6.699,3695714,none,AKShare/新浪基金历史,2026-09-04T01:02:29.548814+08:00
180401,2024-04-29,6.698,6.75,6.558,6.65,4047125,none,AKShare/新浪基金历史,2026-09-04T01:02:29.548814+08:00
180401,2024-04-30,6.644,6.665,6.57,6.639,3621251,none,AKShare/新浪基金历史,2026-09-04T01:02:29.548814+08:00
180401,2024-05-06,6.64,6.68,6.6,6.628,4137554,none,AKShare/新浪基金历史,2026-09-04T01:02:29.548814+08:00
180401,2024-05-07,6.628,6.658,6.627,6.629,3210853,none,AKShare/新浪基金历史,2026-09-04T01:02:29.548814+08:00
180401,2024-05-08,6.62,6.625,6.571,6.62,2597987,none,AKShare/新浪基金历史,2026-09-04T01:02:29.548814+08:00
180401,2024-05-09,6.615,6.615,6.6,6.604,1553192,none,AKShare/新浪基金历史,2026-09-04T01:02:29.548814+08:00
180401,2024-05-10,6.604,6.636,6.6,6.608,2028938,none,AKShare/新浪基金历史,2026-09-04T01:02:29.548814+08:00
180401,2024-05-13,6.608,6.62,6.608,6.614,2434842,none,AKShare/新浪基金历史,2026-09-04T01:02:29.548814+08:00
180401,2024-05-14,6.615,6.65,6.6,6.618,1906829,none,AKShare/新浪基金历史,2026-09-04T01:02:29.548814+08:00
180401,2024-05-15,6.618,6.62,6.58,6.603,2247789,none,AKShare/新浪基金历史,2026-09-04T01:02:29.548814+08:00
180401,2024-05-16,6.603,6.627,6.576,6.581,3023007,none,AKShare/新浪基金历史,2026-09-04T01:02:29.548814+08:00
180401,2024-05-17,6.581,6.585,6.533,6.583,2746457,none,AKShare/新浪基金历史,2026-09-04T01:02:29.548814+08:00
180401,2024-05-20,6.57,6.582,6.55,6.554,2249444,none,AKShare/新浪基金历史,2026-09-04T01:02:29.548814+08:00
180401,2024-05-21,6.554,6.554,6.492,6.5,3779148,none,AKShare/新浪基金历史,2026-09-04T01:02:29.548814+08:00
180401,2024-05-22,6.5,6.5,6.465,6.477,2850045,none,AKShare/新浪基金历史,2026-09-04T01:02:29.548814+08:00
180401,2024-05-23,6.477,6.477,6.426,6.434,3376467,none,AKShare/新浪基金历史,2026-09-04T01:02:29.548814+08:00
180401,2024-05-24,6.435,6.529,6.435,6.521,2394478,none,AKShare/新浪基金历史,2026-09-04T01:02:29.548814+08:00
180401,2024-05-27,6.54,6.55,6.521,6.549,1613398,none,AKShare/新浪基金历史,2026-09-04T01:02:29.548814+08:00
180401,2024-05-28,6.573,6.575,6.543,6.573,1517774,none,AKShare/新浪基金历史,2026-09-04T01:02:29.548814+08:00
180401,2024-05-29,6.573,6.599,6.573,6.593,1428081,none,AKShare/新浪基金历史,2026-09-04T01:02:29.548814+08:00
180401,2024-05-30,6.585,6.6,6.54,6.556,2228324,none,AKShare/新浪基金历史,2026-09-04T01:02:29.548814+08:00
180401,2024-05-31,6.555,6.564,6.523,6.564,1289593,none,AKShare/新浪基金历史,2026-09-04T01:02:29.548814+08:00
180401,2024-06-03,6.535,6.535,6.5,6.525,2258064,none,AKShare/新浪基金历史,2026-09-04T01:02:29.548814+08:00
180401,2024-06-04,6.505,6.54,6.471,6.539,2551930,none,AKShare/新浪基金历史,2026-09-04T01:02:29.548814+08:00
180401,2024-06-05,6.54,6.561,6.513,6.56,1700669,none,AKShare/新浪基金历史,2026-09-04T01:02:29.548814+08:00
180401,2024-06-06,6.535,6.622,6.535,6.622,1789134,none,AKShare/新浪基金历史,2026-09-04T01:02:29.548814+08:00
180401,2024-06-07,6.62,6.646,6.616,6.634,2252001,none,AKShare/新浪基金历史,2026-09-04T01:02:29.548814+08:00
180401,2024-06-11,6.649,6.656,6.624,6.633,1737521,none,AKShare/新浪基金历史,2026-09-04T01:02:29.548814+08:00
180401,2024-06-12,6.65,6.65,6.612,6.627,1435282,none,AKShare/新浪基金历史,2026-09-04T01:02:29.548814+08:00
180401,2024-06-13,6.627,6.63,6.517,6.63,1816884,none,AKShare/新浪基金历史,2026-09-04T01:02:29.548814+08:00
180401,2024-06-14,6.597,6.628,6.56,6.597,1955073,none,AKShare/新浪基金历史,2026-09-04T01:02:29.548814+08:00
180401,2024-06-17,6.608,6.626,6.559,6.624,1439425,none,AKShare/新浪基金历史,2026-09-04T01:02:29.548814+08:00
180401,2024-06-18,6.62,6.646,6.558,6.64,1358276,none,AKShare/新浪基金历史,2026-09-04T01:02:29.548814+08:00
180401,2024-06-19,6.64,6.656,6.632,6.655,1481980,none,AKShare/新浪基金历史,2026-09-04T01:02:29.548814+08:00
180401,2024-06-20,6.655,6.655,6.622,6.65,1511466,none,AKShare/新浪基金历史,2026-09-04T01:02:29.548814+08:00
180401,2024-06-21,6.617,6.666,6.617,6.656,1385134,none,AKShare/新浪基金历史,2026-09-04T01:02:29.548814+08:00
180401,2024-06-24,6.656,6.682,6.654,6.669,2158095,none,AKShare/新浪基金历史,2026-09-04T01:02:29.548814+08:00
180401,2024-06-25,6.67,6.688,6.666,6.668,1572656,none,AKShare/新浪基金历史,2026-09-04T01:02:29.548814+08:00
180401,2024-06-26,6.668,6.689,6.658,6.668,2033033,none,AKShare/新浪基金历史,2026-09-04T01:02:29.548814+08:00
180401,2024-06-27,6.687,6.785,6.668,6.78,2357046,none,AKShare/新浪基金历史,2026-09-04T01:02:29.548814+08:00
180401,2024-06-28,6.772,6.807,6.756,6.781,2608704,none,AKShare/新浪基金历史,2026-09-04T01:02:29.548814+08:00
180401,2024-07-01,6.781,6.802,6.781,6.79,1544362,none,AKShare/新浪基金历史,2026-09-04T01:02:29.548814+08:00
180401,2024-07-02,6.807,6.819,6.732,6.77,1759950,none,AKShare/新浪基金历史,2026-09-04T01:02:29.548814+08:00
180401,2024-07-03,6.77,6.77,6.718,6.761,2369469,none,AKShare/新浪基金历史,2026-09-04T01:02:29.548814+08:00
180401,2024-07-04,6.761,6.813,6.74,6.775,2389859,none,AKShare/新浪基金历史,2026-09-04T01:02:29.548814+08:00
180401,2024-07-05,6.751,6.796,6.73,6.74,1702731,none,AKShare/新浪基金历史,2026-09-04T01:02:29.548814+08:00
180401,2024-07-08,6.739,6.739,6.706,6.72,1356325,none,AKShare/新浪基金历史,2026-09-04T01:02:29.548814+08:00
180401,2024-07-09,6.726,6.726,6.704,6.716,1414425,none,AKShare/新浪基金历史,2026-09-04T01:02:29.548814+08:00
180401,2024-07-10,6.716,6.721,6.708,6.719,1517691,none,AKShare/新浪基金历史,2026-09-04T01:02:29.548814+08:00
180401,2024-07-11,6.74,6.752,6.65,6.675,1594889,none,AKShare/新浪基金历史,2026-09-04T01:02:29.548814+08:00
180401,2024-07-12,6.675,6.681,6.653,6.665,1063624,none,AKShare/新浪基金历史,2026-09-04T01:02:29.548814+08:00
180401,2024-07-15,6.665,6.765,6.66,6.75,1209461,none,AKShare/新浪基金历史,2026-09-04T01:02:29.548814+08:00
180401,2024-07-16,6.764,6.785,6.75,6.756,1423662,none,AKShare/新浪基金历史,2026-09-04T01:02:29.548814+08:00
180401,2024-07-17,6.755,6.757,6.663,6.725,1920710,none,AKShare/新浪基金历史,2026-09-04T01:02:29.548814+08:00
180401,2024-07-18,6.714,6.714,6.616,6.62,3599432,none,AKShare/新浪基金历史,2026-09-04T01:02:29.548814+08:00
180401,2024-07-19,6.62,6.621,6.492,6.501,3818866,none,AKShare/新浪基金历史,2026-09-04T01:02:29.548814+08:00
180401,2024-07-22,6.501,6.552,6.501,6.55,2524056,none,AKShare/新浪基金历史,2026-09-04T01:02:29.548814+08:00
180401,2024-07-23,6.55,6.55,6.525,6.541,1707375,none,AKShare/新浪基金历史,2026-09-04T01:02:29.548814+08:00
180401,2024-07-24,6.505,6.58,6.489,6.494,1769081,none,AKShare/新浪基金历史,2026-09-04T01:02:29.548814+08:00
180401,2024-07-25,6.49,6.494,6.465,6.467,1282600,none,AKShare/新浪基金历史,2026-09-04T01:02:29.548814+08:00
180401,2024-07-26,6.467,6.596,6.467,6.596,3243952,none,AKShare/新浪基金历史,2026-09-04T01:02:29.548814+08:00
180401,2024-07-29,6.595,6.621,6.548,6.567,2013354,none,AKShare/新浪基金历史,2026-09-04T01:02:29.548814+08:00
180401,2024-07-30,6.567,6.6,6.542,6.563,2669016,none,AKShare/新浪基金历史,2026-09-04T01:02:29.548814+08:00
180401,2024-07-31,6.468,6.468,6.302,6.325,2913223,none,AKShare/新浪基金历史,2026-09-04T01:02:29.548814+08:00
180401,2024-08-01,6.33,6.35,6.325,6.333,1527366,none,AKShare/新浪基金历史,2026-09-04T01:02:29.548814+08:00
180401,2024-08-02,6.333,6.399,6.33,6.374,1572742,none,AKShare/新浪基金历史,2026-09-04T01:02:29.548814+08:00
180401,2024-08-05,6.374,6.413,6.34,6.399,2860519,none,AKShare/新浪基金历史,2026-09-04T01:02:29.548814+08:00
180401,2024-08-06,6.401,6.479,6.399,6.452,2880273,none,AKShare/新浪基金历史,2026-09-04T01:02:29.548814+08:00
180401,2024-08-07,6.454,6.526,6.454,6.525,2667751,none,AKShare/新浪基金历史,2026-09-04T01:02:29.548814+08:00
180401,2024-08-08,6.525,6.59,6.505,6.525,2304078,none,AKShare/新浪基金历史,2026-09-04T01:02:29.548814+08:00
180401,2024-08-09,6.525,6.557,6.489,6.508,2151058,none,AKShare/新浪基金历史,2026-09-04T01:02:29.548814+08:00
180401,2024-08-12,6.508,6.508,6.461,6.492,1650163,none,AKShare/新浪基金历史,2026-09-04T01:02:29.548814+08:00
180401,2024-08-13,6.461,6.499,6.461,6.475,2071279,none,AKShare/新浪基金历史,2026-09-04T01:02:29.548814+08:00
180401,2024-08-14,6.49,6.505,6.461,6.497,1504371,none,AKShare/新浪基金历史,2026-09-04T01:02:29.548814+08:00
180401,2024-08-15,6.549,6.549,6.497,6.52,1511584,none,AKShare/新浪基金历史,2026-09-04T01:02:29.548814+08:00
180401,2024-08-16,6.52,6.549,6.501,6.511,1495485,none,AKShare/新浪基金历史,2026-09-04T01:02:29.548814+08:00
180401,2024-08-19,6.511,6.511,6.451,6.5,1419100,none,AKShare/新浪基金历史,2026-09-04T01:02:29.548814+08:00
180401,2024-08-20,6.5,6.532,6.423,6.461,1974300,none,AKShare/新浪基金历史,2026-09-04T01:02:29.548814+08:00
180401,2024-08-21,6.454,6.46,6.35,6.375,1957714,none,AKShare/新浪基金历史,2026-09-04T01:02:29.548814+08:00
180401,2024-08-22,6.37,6.415,6.37,6.402,1662025,none,AKShare/新浪基金历史,2026-09-04T01:02:29.548814+08:00
180401,2024-08-23,6.401,6.428,6.379,6.418,2019245,none,AKShare/新浪基金历史,2026-09-04T01:02:29.548814+08:00
180401,2024-08-26,6.418,6.426,6.365,6.387,1719905,none,AKShare/新浪基金历史,2026-09-04T01:02:29.548814+08:00
180401,2024-08-27,6.387,6.387,6.33,6.365,1625469,none,AKShare/新浪基金历史,2026-09-04T01:02:29.548814+08:00
180401,2024-08-28,6.365,6.4,6.0,6.36,5076492,none,AKShare/新浪基金历史,2026-09-04T01:02:29.548814+08:00
180401,2024-08-29,6.296,6.333,6.235,6.32,3494522,none,AKShare/新浪基金历史,2026-09-04T01:02:29.548814+08:00
180401,2024-08-30,6.319,6.36,6.28,6.355,2457040,none,AKShare/新浪基金历史,2026-09-04T01:02:29.548814+08:00
180401,2024-09-02,6.351,6.385,6.35,6.38,1494273,none,AKShare/新浪基金历史,2026-09-04T01:02:29.548814+08:00
180401,2024-09-03,6.38,6.38,6.348,6.361,1023744,none,AKShare/新浪基金历史,2026-09-04T01:02:29.548814+08:00
180401,2024-09-04,6.361,6.391,6.352,6.373,1119321,none,AKShare/新浪基金历史,2026-09-04T01:02:29.548814+08:00
180401,2024-09-05,6.382,6.406,6.382,6.399,1528792,none,AKShare/新浪基金历史,2026-09-04T01:02:29.548814+08:00
180401,2024-09-06,6.419,6.419,6.385,6.392,895728,none,AKShare/新浪基金历史,2026-09-04T01:02:29.548814+08:00
180401,2024-09-09,6.418,6.418,6.366,6.374,1259733,none,AKShare/新浪基金历史,2026-09-04T01:02:29.548814+08:00
180401,2024-09-10,6.374,6.374,6.32,6.328,1112012,none,AKShare/新浪基金历史,2026-09-04T01:02:29.548814+08:00
180401,2024-09-11,6.398,6.398,6.276,6.278,1924334,none,AKShare/新浪基金历史,2026-09-04T01:02:29.548814+08:00
180401,2024-09-12,6.277,6.349,6.246,6.254,1853981,none,AKShare/新浪基金历史,2026-09-04T01:02:29.548814+08:00
180401,2024-09-13,6.252,6.285,6.238,6.278,1684487,none,AKShare/新浪基金历史,2026-09-04T01:02:29.548814+08:00
180401,2024-09-18,6.278,6.301,6.253,6.275,1436929,none,AKShare/新浪基金历史,2026-09-04T01:02:29.548814+08:00
180401,2024-09-19,6.25,6.308,6.25,6.253,1583723,none,AKShare/新浪基金历史,2026-09-04T01:02:29.548814+08:00
180401,2024-09-20,6.253,6.29,6.233,6.233,1182205,none,AKShare/新浪基金历史,2026-09-04T01:02:29.548814+08:00
180401,2024-09-23,6.233,6.282,6.222,6.226,995159,none,AKShare/新浪基金历史,2026-09-04T01:02:29.548814+08:00
180401,2024-09-24,6.224,6.253,6.224,6.248,1446571,none,AKShare/新浪基金历史,2026-09-04T01:02:29.548814+08:00
180401,2024-09-25,6.248,6.27,6.197,6.25,2588942,none,AKShare/新浪基金历史,2026-09-04T01:02:29.548814+08:00
180401,2024-09-26,6.25,6.261,6.236,6.241,2507902,none,AKShare/新浪基金历史,2026-09-04T01:02:29.548814+08:00
180401,2024-09-27,6.24,6.24,6.167,6.176,2704088,none,AKShare/新浪基金历史,2026-09-04T01:02:29.548814+08:00
180401,2024-09-30,6.176,6.176,6.039,6.09,4792072,none,AKShare/新浪基金历史,2026-09-04T01:02:29.548814+08:00
180401,2024-10-08,6.09,6.094,6.0,6.07,5180714,none,AKShare/新浪基金历史,2026-09-04T01:02:29.548814+08:00
180401,2024-10-09,6.04,6.095,6.015,6.087,4097392,none,AKShare/新浪基金历史,2026-09-04T01:02:29.548814+08:00
180401,2024-10-10,6.092,6.128,6.087,6.121,3104380,none,AKShare/新浪基金历史,2026-09-04T01:02:29.548814+08:00
180401,2024-10-11,6.12,6.207,6.113,6.187,3502263,none,AKShare/新浪基金历史,2026-09-04T01:02:29.548814+08:00
180401,2024-10-14,6.187,6.205,6.15,6.151,3126583,none,AKShare/新浪基金历史,2026-09-04T01:02:29.548814+08:00
180401,2024-10-15,6.152,6.182,6.11,6.121,2394289,none,AKShare/新浪基金历史,2026-09-04T01:02:29.548814+08:00
180401,2024-10-16,6.111,6.145,6.102,6.105,1900387,none,AKShare/新浪基金历史,2026-09-04T01:02:29.548814+08:00
180401,2024-10-17,6.105,6.146,6.098,6.113,1666162,none,AKShare/新浪基金历史,2026-09-04T01:02:29.548814+08:00
180401,2024-10-18,6.139,6.139,6.09,6.096,1668456,none,AKShare/新浪基金历史,2026-09-04T01:02:29.548814+08:00
180401,2024-10-21,6.095,6.095,6.064,6.081,4699770,none,AKShare/新浪基金历史,2026-09-04T01:02:29.548814+08:00
180401,2024-10-22,6.094,6.094,6.075,6.08,4623443,none,AKShare/新浪基金历史,2026-09-04T01:02:29.548814+08:00
180401,2024-10-23,6.08,6.09,6.066,6.079,4119543,none,AKShare/新浪基金历史,2026-09-04T01:02:29.548814+08:00
180401,2024-10-24,6.078,6.089,6.07,6.077,2477590,none,AKShare/新浪基金历史,2026-09-04T01:02:29.548814+08:00
180401,2024-10-25,6.086,6.113,6.081,6.105,2743051,none,AKShare/新浪基金历史,2026-09-04T01:02:29.548814+08:00
180401,2024-10-28,6.115,6.13,6.102,6.108,1889361,none,AKShare/新浪基金历史,2026-09-04T01:02:29.548814+08:00
180401,2024-10-29,6.108,6.108,6.088,6.091,2425142,none,AKShare/新浪基金历史,2026-09-04T01:02:29.548814+08:00
180401,2024-10-30,6.07,6.09,6.065,6.078,3071803,none,AKShare/新浪基金历史,2026-09-04T01:02:29.548814+08:00
180401,2024-10-31,6.078,6.085,6.07,6.076,3307772,none,AKShare/新浪基金历史,2026-09-04T01:02:29.548814+08:00
180401,2024-11-01,6.076,6.095,6.029,6.039,2331133,none,AKShare/新浪基金历史,2026-09-04T01:02:29.548814+08:00
180401,2024-11-04,6.039,6.077,6.039,6.049,1639994,none,AKShare/新浪基金历史,2026-09-04T01:02:29.548814+08:00
180401,2024-11-05,6.055,6.081,6.047,6.058,2609476,none,AKShare/新浪基金历史,2026-09-04T01:02:29.548814+08:00
180401,2024-11-06,6.068,6.095,6.051,6.09,2164254,none,AKShare/新浪基金历史,2026-09-04T01:02:29.548814+08:00
180401,2024-11-07,6.09,6.1,6.08,6.09,2317839,none,AKShare/新浪基金历史,2026-09-04T01:02:29.548814+08:00
180401,2024-11-08,6.089,6.089,6.062,6.071,2356833,none,AKShare/新浪基金历史,2026-09-04T01:02:29.548814+08:00
180401,2024-11-11,6.083,6.199,6.082,6.198,4380595,none,AKShare/新浪基金历史,2026-09-04T01:02:29.548814+08:00
180401,2024-11-12,6.208,6.221,6.162,6.218,6092381,none,AKShare/新浪基金历史,2026-09-04T01:02:29.548814+08:00
180401,2024-11-13,6.219,6.236,6.189,6.236,3326231,none,AKShare/新浪基金历史,2026-09-04T01:02:29.548814+08:00
180401,2024-11-14,6.03,6.06,5.997,6.005,5490124,none,AKShare/新浪基金历史,2026-09-04T01:02:29.548814+08:00
180401,2024-11-15,6.005,6.044,6.002,6.022,11921440,none,AKShare/新浪基金历史,2026-09-04T01:02:29.548814+08:00
180401,2024-11-18,6.03,6.062,6.03,6.052,4697584,none,AKShare/新浪基金历史,2026-09-04T01:02:29.548814+08:00
180401,2024-11-19,6.052,6.061,6.0,6.022,6528343,none,AKShare/新浪基金历史,2026-09-04T01:02:29.548814+08:00
180401,2024-11-20,6.025,6.045,6.018,6.035,2352929,none,AKShare/新浪基金历史,2026-09-04T01:02:29.548814+08:00
180401,2024-11-21,6.035,6.047,6.015,6.031,3938110,none,AKShare/新浪基金历史,2026-09-04T01:02:29.548814+08:00
180401,2024-11-22,6.031,6.053,6.01,6.02,1754944,none,AKShare/新浪基金历史,2026-09-04T01:02:29.548814+08:00
180401,2024-11-25,6.02,6.02,6.003,6.007,2609448,none,AKShare/新浪基金历史,2026-09-04T01:02:29.548814+08:00
180401,2024-11-26,6.007,6.019,6.002,6.005,1481758,none,AKShare/新浪基金历史,2026-09-04T01:02:29.548814+08:00
180401,2024-11-27,6.005,6.024,5.98,6.006,2936557,none,AKShare/新浪基金历史,2026-09-04T01:02:29.548814+08:00
180401,2024-11-28,6.005,6.015,6.0,6.005,1875841,none,AKShare/新浪基金历史,2026-09-04T01:02:29.548814+08:00
180401,2024-11-29,6.01,6.02,6.001,6.013,1946596,none,AKShare/新浪基金历史,2026-09-04T01:02:29.548814+08:00
180401,2024-12-02,6.011,6.055,6.011,6.05,2889877,none,AKShare/新浪基金历史,2026-09-04T01:02:29.548814+08:00
180401,2024-12-03,6.05,6.06,6.016,6.05,2999201,none,AKShare/新浪基金历史,2026-09-04T01:02:29.548814+08:00
180401,2024-12-04,6.074,6.074,6.021,6.028,2372163,none,AKShare/新浪基金历史,2026-09-04T01:02:29.548814+08:00
180401,2024-12-05,6.041,6.041,6.0,6.01,3489449,none,AKShare/新浪基金历史,2026-09-04T01:02:29.548814+08:00
180401,2024-12-06,6.01,6.02,6.005,6.017,2043821,none,AKShare/新浪基金历史,2026-09-04T01:02:29.548814+08:00
180401,2024-12-09,6.017,6.022,6.011,6.016,894921,none,AKShare/新浪基金历史,2026-09-04T01:02:29.548814+08:00
180401,2024-12-10,6.016,6.045,6.007,6.041,2587562,none,AKShare/新浪基金历史,2026-09-04T01:02:29.548814+08:00
180401,2024-12-11,6.041,6.181,6.023,6.17,2671800,none,AKShare/新浪基金历史,2026-09-04T01:02:29.548814+08:00
180401,2024-12-12,6.171,6.212,6.144,6.16,2211551,none,AKShare/新浪基金历史,2026-09-04T01:02:29.548814+08:00
180401,2024-12-13,6.16,6.187,6.145,6.181,2088583,none,AKShare/新浪基金历史,2026-09-04T01:02:29.548814+08:00
180401,2024-12-16,6.18,6.209,6.158,6.209,2057762,none,AKShare/新浪基金历史,2026-09-04T01:02:29.548814+08:00
180401,2024-12-17,6.215,6.228,6.163,6.175,1401606,none,AKShare/新浪基金历史,2026-09-04T01:02:29.548814+08:00
180401,2024-12-18,6.184,6.205,6.171,6.19,2557379,none,AKShare/新浪基金历史,2026-09-04T01:02:29.548814+08:00
180401,2024-12-19,6.18,6.215,6.151,6.19,2213476,none,AKShare/新浪基金历史,2026-09-04T01:02:29.548814+08:00
180401,2024-12-20,6.185,6.253,6.185,6.248,2959051,none,AKShare/新浪基金历史,2026-09-04T01:02:29.548814+08:00
180401,2024-12-23,6.248,6.269,6.208,6.257,2379609,none,AKShare/新浪基金历史,2026-09-04T01:02:29.548814+08:00
180401,2024-12-24,6.257,6.291,6.257,6.279,4478604,none,AKShare/新浪基金历史,2026-09-04T01:02:29.548814+08:00
180401,2024-12-25,6.279,6.318,6.251,6.3,3375242,none,AKShare/新浪基金历史,2026-09-04T01:02:29.548814+08:00
180401,2024-12-26,6.299,6.315,6.293,6.315,2783545,none,AKShare/新浪基金历史,2026-09-04T01:02:29.548814+08:00
180401,2024-12-27,6.315,6.334,6.31,6.33,2382375,none,AKShare/新浪基金历史,2026-09-04T01:02:29.548814+08:00
180401,2024-12-30,6.324,6.335,6.32,6.325,2793738,none,AKShare/新浪基金历史,2026-09-04T01:02:29.548814+08:00
180401,2024-12-31,6.324,6.349,6.29,6.346,2113147,none,AKShare/新浪基金历史,2026-09-04T01:02:29.548814+08:00
180401,2025-01-02,6.346,6.346,6.291,6.325,6516834,none,AKShare/新浪基金历史,2026-09-04T01:02:29.548814+08:00
180401,2025-01-03,6.323,6.363,6.293,6.338,3627979,none,AKShare/新浪基金历史,2026-09-04T01:02:29.548814+08:00
180401,2025-01-06,6.338,6.398,6.296,6.3,4512339,none,AKShare/新浪基金历史,2026-09-04T01:02:29.548814+08:00
180401,2025-01-07,6.326,6.326,6.194,6.206,4992637,none,AKShare/新浪基金历史,2026-09-04T01:02:29.548814+08:00
180401,2025-01-08,6.206,6.245,6.205,6.245,2280589,none,AKShare/新浪基金历史,2026-09-04T01:02:29.548814+08:00
180401,2025-01-09,6.255,6.292,6.254,6.29,2211630,none,AKShare/新浪基金历史,2026-09-04T01:02:29.548814+08:00
180401,2025-01-10,6.29,6.299,6.245,6.296,6848897,none,AKShare/新浪基金历史,2026-09-04T01:02:29.548814+08:00
180401,2025-01-13,6.296,6.305,6.27,6.284,2716469,none,AKShare/新浪基金历史,2026-09-04T01:02:29.548814+08:00
180401,2025-01-14,6.284,6.284,6.194,6.217,3400286,none,AKShare/新浪基金历史,2026-09-04T01:02:29.548814+08:00
180401,2025-01-15,6.217,6.238,6.213,6.22,8966971,none,AKShare/新浪基金历史,2026-09-04T01:02:29.548814+08:00
180401,2025-01-16,6.244,6.244,6.103,6.16,6284298,none,AKShare/新浪基金历史,2026-09-04T01:02:29.548814+08:00
180401,2025-01-17,6.148,6.155,6.131,6.14,5030990,none,AKShare/新浪基金历史,2026-09-04T01:02:29.548814+08:00
180401,2025-01-20,6.14,6.15,6.13,6.138,2116551,none,AKShare/新浪基金历史,2026-09-04T01:02:29.548814+08:00
180401,2025-01-21,6.12,6.198,6.104,6.195,3659356,none,AKShare/新浪基金历史,2026-09-04T01:02:29.548814+08:00
180401,2025-01-22,6.198,6.247,6.162,6.233,3170417,none,AKShare/新浪基金历史,2026-09-04T01:02:29.548814+08:00
180401,2025-01-23,6.233,6.24,6.194,6.228,4250415,none,AKShare/新浪基金历史,2026-09-04T01:02:29.548814+08:00
180401,2025-01-24,6.245,6.245,6.22,6.24,5347851,none,AKShare/新浪基金历史,2026-09-04T01:02:29.548814+08:00
180401,2025-01-27,6.24,6.269,6.23,6.265,1670832,none,AKShare/新浪基金历史,2026-09-04T01:02:29.548814+08:00
180401,2025-02-05,6.264,6.297,6.228,6.28,2446206,none,AKShare/新浪基金历史,2026-09-04T01:02:29.548814+08:00
180401,2025-02-06,6.28,6.304,6.259,6.299,2412367,none,AKShare/新浪基金历史,2026-09-04T01:02:29.548814+08:00
180401,2025-02-07,6.3,6.3,6.258,6.26,2379371,none,AKShare/新浪基金历史,2026-09-04T01:02:29.548814+08:00
180401,2025-02-10,6.26,6.278,6.201,6.215,2424732,none,AKShare/新浪基金历史,2026-09-04T01:02:29.548814+08:00
180401,2025-02-11,6.215,6.268,6.215,6.243,2534405,none,AKShare/新浪基金历史,2026-09-04T01:02:29.548814+08:00
180401,2025-02-12,6.244,6.278,6.203,6.215,3638244,none,AKShare/新浪基金历史,2026-09-04T01:02:29.548814+08:00
180401,2025-02-13,6.214,6.251,6.213,6.244,2792780,none,AKShare/新浪基金历史,2026-09-04T01:02:29.548814+08:00
180401,2025-02-14,6.259,6.272,6.25,6.263,1344257,none,AKShare/新浪基金历史,2026-09-04T01:02:29.548814+08:00
180401,2025-02-17,6.27,6.27,6.247,6.26,2284971,none,AKShare/新浪基金历史,2026-09-04T01:02:29.548814+08:00
180401,2025-02-18,6.263,6.288,6.26,6.28,2603827,none,AKShare/新浪基金历史,2026-09-04T01:02:29.548814+08:00
180401,2025-02-19,6.28,6.296,6.251,6.294,1541855,none,AKShare/新浪基金历史,2026-09-04T01:02:29.548814+08:00
180401,2025-02-20,6.295,6.324,6.266,6.316,3211766,none,AKShare/新浪基金历史,2026-09-04T01:02:29.548814+08:00
180401,2025-02-21,6.32,6.36,6.309,6.344,3398536,none,AKShare/新浪基金历史,2026-09-04T01:02:29.548814+08:00
180401,2025-02-24,6.348,6.379,6.344,6.361,4241640,none,AKShare/新浪基金历史,2026-09-04T01:02:29.548814+08:00
180401,2025-02-25,6.369,6.378,6.35,6.352,3539330,none,AKShare/新浪基金历史,2026-09-04T01:02:29.548814+08:00
180401,2025-02-26,6.349,6.388,6.345,6.387,5237105,none,AKShare/新浪基金历史,2026-09-04T01:02:29.548814+08:00
180401,2025-02-27,6.38,6.389,6.349,6.364,4167271,none,AKShare/新浪基金历史,2026-09-04T01:02:29.548814+08:00
180401,2025-02-28,6.364,6.37,6.305,6.353,2981742,none,AKShare/新浪基金历史,2026-09-04T01:02:29.548814+08:00
180401,2025-03-03,6.301,6.359,6.301,6.346,1301841,none,AKShare/新浪基金历史,2026-09-04T01:02:29.548814+08:00
180401,2025-03-04,6.349,6.384,6.312,6.369,3124255,none,AKShare/新浪基金历史,2026-09-04T01:02:29.548814+08:00
180401,2025-03-05,6.369,6.378,6.341,6.374,4398741,none,AKShare/新浪基金历史,2026-09-04T01:02:29.548814+08:00
180401,2025-03-06,6.343,6.4,6.343,6.396,3622543,none,AKShare/新浪基金历史,2026-09-04T01:02:29.548814+08:00
180401,2025-03-07,6.396,6.396,6.37,6.38,2407505,none,AKShare/新浪基金历史,2026-09-04T01:02:29.548814+08:00
180401,2025-03-10,6.353,6.397,6.353,6.392,1571491,none,AKShare/新浪基金历史,2026-09-04T01:02:29.548814+08:00
180401,2025-03-11,6.39,6.4,6.36,6.372,2916007,none,AKShare/新浪基金历史,2026-09-04T01:02:29.548814+08:00
180401,2025-03-12,6.372,6.388,6.342,6.351,2698920,none,AKShare/新浪基金历史,2026-09-04T01:02:29.548814+08:00
180401,2025-03-13,6.351,6.381,6.35,6.36,3146301,none,AKShare/新浪基金历史,2026-09-04T01:02:29.548814+08:00
180401,2025-03-14,6.336,6.42,6.336,6.395,2768518,none,AKShare/新浪基金历史,2026-09-04T01:02:29.548814+08:00
180401,2025-03-17,6.38,6.416,6.36,6.395,2432687,none,AKShare/新浪基金历史,2026-09-04T01:02:29.548814+08:00
180401,2025-03-18,6.395,6.45,6.382,6.45,4255970,none,AKShare/新浪基金历史,2026-09-04T01:02:29.548814+08:00
180401,2025-03-19,6.456,6.496,6.451,6.48,1322851,none,AKShare/新浪基金历史,2026-09-04T01:02:29.548814+08:00
180401,2025-03-20,6.484,6.568,6.484,6.5,2135594,none,AKShare/新浪基金历史,2026-09-04T01:02:29.548814+08:00
180401,2025-03-21,6.499,6.529,6.499,6.505,2124246,none,AKShare/新浪基金历史,2026-09-04T01:02:29.548814+08:00
180401,2025-03-24,6.505,6.604,6.505,6.579,2009106,none,AKShare/新浪基金历史,2026-09-04T01:02:29.548814+08:00
180401,2025-03-25,6.57,6.666,6.57,6.633,1145892,none,AKShare/新浪基金历史,2026-09-04T01:02:29.548814+08:00
180401,2025-03-26,6.633,6.68,6.633,6.669,2534276,none,AKShare/新浪基金历史,2026-09-04T01:02:29.548814+08:00
180401,2025-03-27,6.67,6.77,6.669,6.77,1877707,none,AKShare/新浪基金历史,2026-09-04T01:02:29.548814+08:00
180401,2025-03-28,6.788,6.837,6.694,6.713,1661753,none,AKShare/新浪基金历史,2026-09-04T01:02:29.548814+08:00
180401,2025-03-31,6.71,6.71,6.566,6.6,2531239,none,AKShare/新浪基金历史,2026-09-04T01:02:29.548814+08:00
180401,2025-04-01,6.601,6.637,6.519,6.565,1355069,none,AKShare/新浪基金历史,2026-09-04T01:02:29.548814+08:00
180401,2025-04-02,6.562,6.68,6.526,6.68,1731112,none,AKShare/新浪基金历史,2026-09-04T01:02:29.548814+08:00
180401,2025-04-03,6.647,6.749,6.647,6.716,2249144,none,AKShare/新浪基金历史,2026-09-04T01:02:29.548814+08:00
180401,2025-04-07,6.699,6.726,6.576,6.657,2393390,none,AKShare/新浪基金历史,2026-09-04T01:02:29.548814+08:00
180401,2025-04-08,6.646,6.681,6.602,6.637,3031721,none,AKShare/新浪基金历史,2026-09-04T01:02:29.548814+08:00
180401,2025-04-09,6.586,6.691,6.584,6.657,1521693,none,AKShare/新浪基金历史,2026-09-04T01:02:29.548814+08:00
180401,2025-04-10,6.664,6.689,6.636,6.663,2603010,none,AKShare/新浪基金历史,2026-09-04T01:02:29.548814+08:00
180401,2025-04-11,6.635,6.688,6.632,6.64,2601722,none,AKShare/新浪基金历史,2026-09-04T01:02:29.548814+08:00
180401,2025-04-14,6.634,6.67,6.625,6.658,2260875,none,AKShare/新浪基金历史,2026-09-04T01:02:29.548814+08:00
180401,2025-04-15,6.66,6.686,6.66,6.682,1109716,none,AKShare/新浪基金历史,2026-09-04T01:02:29.548814+08:00
180401,2025-04-16,6.682,6.719,6.666,6.678,2725194,none,AKShare/新浪基金历史,2026-09-04T01:02:29.548814+08:00
180401,2025-04-17,6.675,6.686,6.66,6.673,1931776,none,AKShare/新浪基金历史,2026-09-04T01:02:29.548814+08:00
180401,2025-04-18,6.646,6.665,6.646,6.649,1008289,none,AKShare/新浪基金历史,2026-09-04T01:02:29.548814+08:00
180401,2025-04-21,6.622,6.646,6.538,6.58,1767693,none,AKShare/新浪基金历史,2026-09-04T01:02:29.548814+08:00
180401,2025-04-22,6.58,6.58,6.412,6.534,3156130,none,AKShare/新浪基金历史,2026-09-04T01:02:29.548814+08:00
180401,2025-04-23,6.505,6.534,6.475,6.482,1214198,none,AKShare/新浪基金历史,2026-09-04T01:02:29.548814+08:00
180401,2025-04-24,6.5,6.5,6.43,6.44,1847373,none,AKShare/新浪基金历史,2026-09-04T01:02:29.548814+08:00
180401,2025-04-25,6.449,6.449,6.369,6.37,2994878,none,AKShare/新浪基金历史,2026-09-04T01:02:29.548814+08:00
180401,2025-04-28,6.37,6.37,6.278,6.279,3131354,none,AKShare/新浪基金历史,2026-09-04T01:02:29.548814+08:00
180401,2025-04-29,6.278,6.278,6.18,6.211,4621936,none,AKShare/新浪基金历史,2026-09-04T01:02:29.548814+08:00
180401,2025-04-30,6.215,6.24,6.18,6.219,2039885,none,AKShare/新浪基金历史,2026-09-04T01:02:29.548814+08:00
180401,2025-05-06,6.24,6.307,6.218,6.305,2193651,none,AKShare/新浪基金历史,2026-09-04T01:02:29.548814+08:00
180401,2025-05-07,6.319,6.345,6.28,6.288,2422414,none,AKShare/新浪基金历史,2026-09-04T01:02:29.548814+08:00
180401,2025-05-08,6.288,6.329,6.27,6.288,2131848,none,AKShare/新浪基金历史,2026-09-04T01:02:29.548814+08:00
180401,2025-05-09,6.305,6.305,6.262,6.265,1412323,none,AKShare/新浪基金历史,2026-09-04T01:02:29.548814+08:00
180401,2025-05-12,6.28,6.358,6.28,6.323,4007151,none,AKShare/新浪基金历史,2026-09-04T01:02:29.548814+08:00
180401,2025-05-13,6.34,6.358,6.3,6.337,2383404,none,AKShare/新浪基金历史,2026-09-04T01:02:29.548814+08:00
180401,2025-05-14,6.337,6.368,6.319,6.349,2147678,none,AKShare/新浪基金历史,2026-09-04T01:02:29.548814+08:00
180401,2025-05-15,6.198,6.224,6.168,6.193,2571672,none,AKShare/新浪基金历史,2026-09-04T01:02:29.548814+08:00
180401,2025-05-16,6.182,6.212,6.169,6.201,2334728,none,AKShare/新浪基金历史,2026-09-04T01:02:29.548814+08:00
180401,2025-05-19,6.199,6.259,6.198,6.222,2181961,none,AKShare/新浪基金历史,2026-09-04T01:02:29.548814+08:00
180401,2025-05-20,6.215,6.239,6.198,6.215,1709948,none,AKShare/新浪基金历史,2026-09-04T01:02:29.548814+08:00
180401,2025-05-21,6.214,6.229,6.2,6.219,1316870,none,AKShare/新浪基金历史,2026-09-04T01:02:29.548814+08:00
180401,2025-05-22,6.219,6.22,6.198,6.201,2898003,none,AKShare/新浪基金历史,2026-09-04T01:02:29.548814+08:00
180401,2025-05-23,6.201,6.219,6.176,6.181,4044376,none,AKShare/新浪基金历史,2026-09-04T01:02:29.548814+08:00
180401,2025-05-26,6.181,6.206,6.142,6.147,3972660,none,AKShare/新浪基金历史,2026-09-04T01:02:29.548814+08:00
180401,2025-05-27,6.165,6.165,6.129,6.142,3222459,none,AKShare/新浪基金历史,2026-09-04T01:02:29.548814+08:00
180401,2025-05-28,6.159,6.16,6.12,6.133,1583634,none,AKShare/新浪基金历史,2026-09-04T01:02:29.548814+08:00
180401,2025-05-29,6.132,6.134,6.087,6.102,2252347,none,AKShare/新浪基金历史,2026-09-04T01:02:29.548814+08:00
180401,2025-05-30,6.111,6.111,6.075,6.09,2080951,none,AKShare/新浪基金历史,2026-09-04T01:02:29.548814+08:00
180401,2025-06-03,6.091,6.111,6.08,6.09,3693038,none,AKShare/新浪基金历史,2026-09-04T01:02:29.548814+08:00
180401,2025-06-04,6.09,6.12,6.089,6.115,2088210,none,AKShare/新浪基金历史,2026-09-04T01:02:29.548814+08:00
180401,2025-06-05,6.125,6.239,6.115,6.239,2548703,none,AKShare/新浪基金历史,2026-09-04T01:02:29.548814+08:00
180401,2025-06-06,6.24,6.288,6.204,6.215,1020018,none,AKShare/新浪基金历史,2026-09-04T01:02:29.548814+08:00
180401,2025-06-09,6.23,6.23,6.19,6.193,968746,none,AKShare/新浪基金历史,2026-09-04T01:02:29.548814+08:00
180401,2025-06-10,6.192,6.223,6.18,6.193,1090733,none,AKShare/新浪基金历史,2026-09-04T01:02:29.548814+08:00
180401,2025-06-11,6.193,6.216,6.18,6.194,2746504,none,AKShare/新浪基金历史,2026-09-04T01:02:29.548814+08:00
180401,2025-06-12,6.194,6.203,6.172,6.179,2026936,none,AKShare/新浪基金历史,2026-09-04T01:02:29.548814+08:00
180401,2025-06-13,6.191,6.191,6.173,6.186,2855946,none,AKShare/新浪基金历史,2026-09-04T01:02:29.548814+08:00
180401,2025-06-16,6.186,6.205,6.17,6.203,2074464,none,AKShare/新浪基金历史,2026-09-04T01:02:29.548814+08:00
180401,2025-06-17,6.207,6.248,6.207,6.244,3335394,none,AKShare/新浪基金历史,2026-09-04T01:02:29.548814+08:00
180401,2025-06-18,6.245,6.289,6.23,6.287,7862276,none,AKShare/新浪基金历史,2026-09-04T01:02:29.548814+08:00
180401,2025-06-19,6.287,6.297,6.267,6.297,4620057,none,AKShare/新浪基金历史,2026-09-04T01:02:29.548814+08:00
180401,2025-06-20,6.297,6.304,6.281,6.298,2376274,none,AKShare/新浪基金历史,2026-09-04T01:02:29.548814+08:00
180401,2025-06-23,6.298,6.298,6.266,6.291,4284434,none,AKShare/新浪基金历史,2026-09-04T01:02:29.548814+08:00
180401,2025-06-24,6.28,6.295,6.268,6.289,3617240,none,AKShare/新浪基金历史,2026-09-04T01:02:29.548814+08:00
180401,2025-06-25,6.28,6.31,6.27,6.295,3102115,none,AKShare/新浪基金历史,2026-09-04T01:02:29.548814+08:00
180401,2025-06-26,6.295,6.32,6.28,6.29,3351585,none,AKShare/新浪基金历史,2026-09-04T01:02:29.548814+08:00
180401,2025-06-27,6.292,6.318,6.285,6.29,1214258,none,AKShare/新浪基金历史,2026-09-04T01:02:29.548814+08:00
180401,2025-06-30,6.291,6.299,6.285,6.293,550507,none,AKShare/新浪基金历史,2026-09-04T01:02:29.548814+08:00
180401,2025-07-01,6.29,6.295,6.288,6.292,613600,none,AKShare/新浪基金历史,2026-09-04T01:02:29.548814+08:00
180401,2025-07-02,6.293,6.32,6.287,6.289,2478725,none,AKShare/新浪基金历史,2026-09-04T01:02:29.548814+08:00
180401,2025-07-03,6.285,6.292,6.265,6.278,1648424,none,AKShare/新浪基金历史,2026-09-04T01:02:29.548814+08:00
180401,2025-07-04,6.269,6.278,6.259,6.276,1003917,none,AKShare/新浪基金历史,2026-09-04T01:02:29.548814+08:00
180401,2025-07-07,6.275,6.339,6.275,6.327,2360733,none,AKShare/新浪基金历史,2026-09-04T01:02:29.548814+08:00
180401,2025-07-08,6.341,6.341,6.295,6.296,753121,none,AKShare/新浪基金历史,2026-09-04T01:02:29.548814+08:00
180401,2025-07-09,6.296,6.296,6.271,6.28,2279215,none,AKShare/新浪基金历史,2026-09-04T01:02:29.548814+08:00
180401,2025-07-10,6.304,6.305,6.28,6.285,652173,none,AKShare/新浪基金历史,2026-09-04T01:02:29.548814+08:00
180401,2025-07-11,6.287,6.3,6.275,6.282,581699,none,AKShare/新浪基金历史,2026-09-04T01:02:29.548814+08:00
180401,2025-07-14,6.282,6.298,6.268,6.273,963825,none,AKShare/新浪基金历史,2026-09-04T01:02:29.548814+08:00
180401,2025-07-15,6.273,6.287,6.273,6.278,1834967,none,AKShare/新浪基金历史,2026-09-04T01:02:29.548814+08:00
180401,2025-07-16,6.299,6.323,6.278,6.322,2153879,none,AKShare/新浪基金历史,2026-09-04T01:02:29.548814+08:00
180401,2025-07-17,6.322,6.322,6.282,6.302,987957,none,AKShare/新浪基金历史,2026-09-04T01:02:29.548814+08:00
180401,2025-07-18,6.302,6.302,6.282,6.286,2084452,none,AKShare/新浪基金历史,2026-09-04T01:02:29.548814+08:00
180401,2025-07-21,6.286,6.288,6.186,6.193,2679579,none,AKShare/新浪基金历史,2026-09-04T01:02:29.548814+08:00
180401,2025-07-22,6.193,6.23,6.176,6.223,1475983,none,AKShare/新浪基金历史,2026-09-04T01:02:29.548814+08:00
180401,2025-07-23,6.22,6.22,6.16,6.184,2080364,none,AKShare/新浪基金历史,2026-09-04T01:02:29.548814+08:00
180401,2025-07-24,6.171,6.3,6.171,6.2,2519226,none,AKShare/新浪基金历史,2026-09-04T01:02:29.548814+08:00
180401,2025-07-25,6.2,6.229,6.189,6.227,1023805,none,AKShare/新浪基金历史,2026-09-04T01:02:29.548814+08:00
180401,2025-07-28,6.225,6.229,6.196,6.224,1330069,none,AKShare/新浪基金历史,2026-09-04T01:02:29.548814+08:00
180401,2025-07-29,6.221,6.23,6.2,6.229,357936,none,AKShare/新浪基金历史,2026-09-04T01:02:29.548814+08:00
180401,2025-07-30,6.238,6.345,6.238,6.345,5020744,none,AKShare/新浪基金历史,2026-09-04T01:02:29.548814+08:00
180401,2025-07-31,6.34,6.395,6.306,6.332,1927105,none,AKShare/新浪基金历史,2026-09-04T01:02:29.548814+08:00
180401,2025-08-01,6.332,6.346,6.32,6.346,1631258,none,AKShare/新浪基金历史,2026-09-04T01:02:29.548814+08:00
180401,2025-08-04,6.35,6.359,6.288,6.346,2585561,none,AKShare/新浪基金历史,2026-09-04T01:02:29.548814+08:00
180401,2025-08-05,6.333,6.333,6.306,6.317,1241093,none,AKShare/新浪基金历史,2026-09-04T01:02:29.548814+08:00
180401,2025-08-06,6.316,6.324,6.306,6.32,1162563,none,AKShare/新浪基金历史,2026-09-04T01:02:29.548814+08:00
180401,2025-08-07,6.31,6.338,6.28,6.328,2136235,none,AKShare/新浪基金历史,2026-09-04T01:02:29.548814+08:00
180401,2025-08-08,6.311,6.33,6.31,6.319,1864873,none,AKShare/新浪基金历史,2026-09-04T01:02:29.548814+08:00
180401,2025-08-11,6.319,6.319,6.283,6.317,982376,none,AKShare/新浪基金历史,2026-09-04T01:02:29.548814+08:00
180401,2025-08-12,6.32,6.343,6.301,6.324,642283,none,AKShare/新浪基金历史,2026-09-04T01:02:29.548814+08:00
180401,2025-08-13,6.321,6.324,6.306,6.324,955723,none,AKShare/新浪基金历史,2026-09-04T01:02:29.548814+08:00
180401,2025-08-14,6.334,6.338,6.3,6.324,1867900,none,AKShare/新浪基金历史,2026-09-04T01:02:29.548814+08:00
180401,2025-08-15,6.311,6.324,6.299,6.306,1010824,none,AKShare/新浪基金历史,2026-09-04T01:02:29.548814+08:00
180401,2025-08-18,6.302,6.302,6.236,6.254,2689337,none,AKShare/新浪基金历史,2026-09-04T01:02:29.548814+08:00
180401,2025-08-19,6.249,6.263,6.223,6.259,2727119,none,AKShare/新浪基金历史,2026-09-04T01:02:29.548814+08:00
180401,2025-08-20,6.288,6.295,6.23,6.29,1381141,none,AKShare/新浪基金历史,2026-09-04T01:02:29.548814+08:00
180401,2025-08-21,6.29,6.294,6.259,6.288,1117788,none,AKShare/新浪基金历史,2026-09-04T01:02:29.548814+08:00
180401,2025-08-22,6.28,6.294,6.263,6.29,1621185,none,AKShare/新浪基金历史,2026-09-04T01:02:29.548814+08:00
180401,2025-08-25,6.286,6.295,6.258,6.29,2286876,none,AKShare/新浪基金历史,2026-09-04T01:02:29.548814+08:00
180401,2025-08-26,6.29,6.299,6.258,6.272,1656833,none,AKShare/新浪基金历史,2026-09-04T01:02:29.548814+08:00
180401,2025-08-27,6.272,6.289,6.258,6.275,1081505,none,AKShare/新浪基金历史,2026-09-04T01:02:29.548814+08:00
180401,2025-08-28,6.32,6.336,6.285,6.298,1968256,none,AKShare/新浪基金历史,2026-09-04T01:02:29.548814+08:00
180401,2025-08-29,6.32,6.325,6.289,6.295,3177786,none,AKShare/新浪基金历史,2026-09-04T01:02:29.548814+08:00
180401,2025-09-01,6.295,6.318,6.285,6.3,2384287,none,AKShare/新浪基金历史,2026-09-04T01:02:29.548814+08:00
180401,2025-09-02,6.19,6.19,6.135,6.152,2430734,none,AKShare/新浪基金历史,2026-09-04T01:02:29.548814+08:00
180401,2025-09-03,6.179,6.179,6.151,6.156,2421674,none,AKShare/新浪基金历史,2026-09-04T01:02:29.548814+08:00
180401,2025-09-04,6.156,6.171,6.145,6.154,2091580,none,AKShare/新浪基金历史,2026-09-04T01:02:29.548814+08:00
180401,2025-09-05,6.154,6.16,6.141,6.145,1125040,none,AKShare/新浪基金历史,2026-09-04T01:02:29.548814+08:00
180401,2025-09-08,6.145,6.148,6.117,6.122,2876791,none,AKShare/新浪基金历史,2026-09-04T01:02:29.548814+08:00
180401,2025-09-09,6.122,6.149,6.116,6.123,1744520,none,AKShare/新浪基金历史,2026-09-04T01:02:29.548814+08:00
180401,2025-09-10,6.124,6.128,6.106,6.11,332194,none,AKShare/新浪基金历史,2026-09-04T01:02:29.548814+08:00
180401,2025-09-11,6.108,6.13,6.1,6.122,1787178,none,AKShare/新浪基金历史,2026-09-04T01:02:29.548814+08:00
180401,2025-09-12,6.148,6.148,6.101,6.127,1659283,none,AKShare/新浪基金历史,2026-09-04T01:02:29.548814+08:00
180401,2025-09-15,6.127,6.132,6.105,6.129,609976,none,AKShare/新浪基金历史,2026-09-04T01:02:29.548814+08:00
180401,2025-09-16,6.125,6.143,6.111,6.136,1768517,none,AKShare/新浪基金历史,2026-09-04T01:02:29.548814+08:00
180401,2025-09-17,6.12,6.142,6.109,6.14,1455568,none,AKShare/新浪基金历史,2026-09-04T01:02:29.548814+08:00
180401,2025-09-18,6.14,6.149,6.133,6.141,690201,none,AKShare/新浪基金历史,2026-09-04T01:02:29.548814+08:00
180401,2025-09-19,6.137,6.148,6.133,6.134,662661,none,AKShare/新浪基金历史,2026-09-04T01:02:29.548814+08:00
180401,2025-09-22,6.13,6.142,6.106,6.14,4117659,none,AKShare/新浪基金历史,2026-09-04T01:02:29.548814+08:00
180401,2025-09-23,6.14,6.14,6.109,6.135,2348251,none,AKShare/新浪基金历史,2026-09-04T01:02:29.548814+08:00
180401,2025-09-24,6.11,6.135,6.109,6.124,721162,none,AKShare/新浪基金历史,2026-09-04T01:02:29.548814+08:00
180401,2025-09-25,6.12,6.128,6.112,6.113,1129751,none,AKShare/新浪基金历史,2026-09-04T01:02:29.548814+08:00
180401,2025-09-26,6.113,6.131,6.109,6.109,1215587,none,AKShare/新浪基金历史,2026-09-04T01:02:29.548814+08:00
180401,2025-09-29,6.114,6.138,6.078,6.093,1083528,none,AKShare/新浪基金历史,2026-09-04T01:02:29.548814+08:00
180401,2025-09-30,6.095,6.121,6.07,6.091,1813585,none,AKShare/新浪基金历史,2026-09-04T01:02:29.548814+08:00
180401,2025-10-09,6.09,6.094,6.056,6.056,1150766,none,AKShare/新浪基金历史,2026-09-04T01:02:29.548814+08:00
180401,2025-10-10,6.056,6.076,6.05,6.05,2205252,none,AKShare/新浪基金历史,2026-09-04T01:02:29.548814+08:00
180401,2025-10-13,6.057,6.069,6.047,6.055,259530,none,AKShare/新浪基金历史,2026-09-04T01:02:29.548814+08:00
180401,2025-10-14,6.055,6.078,6.043,6.048,580321,none,AKShare/新浪基金历史,2026-09-04T01:02:29.548814+08:00
180401,2025-10-15,6.048,6.055,6.022,6.025,1248635,none,AKShare/新浪基金历史,2026-09-04T01:02:29.548814+08:00
180401,2025-10-16,6.026,6.04,6.0,6.003,1302312,none,AKShare/新浪基金历史,2026-09-04T01:02:29.548814+08:00
180401,2025-10-17,6.03,6.03,5.996,5.998,947103,none,AKShare/新浪基金历史,2026-09-04T01:02:29.548814+08:00
180401,2025-10-20,5.998,6.029,5.97,5.972,1372889,none,AKShare/新浪基金历史,2026-09-04T01:02:29.548814+08:00
180401,2025-10-21,5.972,5.996,5.91,5.911,2301378,none,AKShare/新浪基金历史,2026-09-04T01:02:29.548814+08:00
180401,2025-10-22,5.911,5.94,5.89,5.901,1331016,none,AKShare/新浪基金历史,2026-09-04T01:02:29.548814+08:00
180401,2025-10-23,5.901,6.019,5.901,6.0,2304657,none,AKShare/新浪基金历史,2026-09-04T01:02:29.548814+08:00
180401,2025-10-24,6.0,6.046,6.0,6.035,859045,none,AKShare/新浪基金历史,2026-09-04T01:02:29.548814+08:00
180401,2025-10-27,6.03,6.03,5.973,6.0,1059070,none,AKShare/新浪基金历史,2026-09-04T01:02:29.548814+08:00
180401,2025-10-28,6.0,6.019,5.994,6.001,840971,none,AKShare/新浪基金历史,2026-09-04T01:02:29.548814+08:00
180401,2025-10-29,5.993,6.024,5.979,6.014,845473,none,AKShare/新浪基金历史,2026-09-04T01:02:29.548814+08:00
180401,2025-10-30,6.014,6.023,6.0,6.0,1023234,none,AKShare/新浪基金历史,2026-09-04T01:02:29.548814+08:00
180401,2025-10-31,6.0,6.033,5.996,6.002,900416,none,AKShare/新浪基金历史,2026-09-04T01:02:29.548814+08:00
180401,2025-11-03,6.003,6.003,5.975,5.996,977096,none,AKShare/新浪基金历史,2026-09-04T01:02:29.548814+08:00
180401,2025-11-04,5.996,5.996,5.965,5.978,1297012,none,AKShare/新浪基金历史,2026-09-04T01:02:29.548814+08:00
180401,2025-11-05,5.978,5.99,5.975,5.978,1179336,none,AKShare/新浪基金历史,2026-09-04T01:02:29.548814+08:00
180401,2025-11-06,5.979,5.979,5.958,5.96,982073,none,AKShare/新浪基金历史,2026-09-04T01:02:29.548814+08:00
180401,2025-11-07,5.951,5.96,5.951,5.956,615672,none,AKShare/新浪基金历史,2026-09-04T01:02:29.548814+08:00
180401,2025-11-10,5.956,5.985,5.956,5.959,1139255,none,AKShare/新浪基金历史,2026-09-04T01:02:29.548814+08:00
180401,2025-11-11,5.959,5.964,5.947,5.96,1277531,none,AKShare/新浪基金历史,2026-09-04T01:02:29.548814+08:00
180401,2025-11-12,5.958,5.989,5.958,5.97,1867875,none,AKShare/新浪基金历史,2026-09-04T01:02:29.548814+08:00
180401,2025-11-13,5.97,5.97,5.94,5.94,1431781,none,AKShare/新浪基金历史,2026-09-04T01:02:29.548814+08:00
180401,2025-11-14,5.94,5.952,5.877,5.892,1998335,none,AKShare/新浪基金历史,2026-09-04T01:02:29.548814+08:00
180401,2025-11-17,5.909,5.91,5.87,5.87,1665146,none,AKShare/新浪基金历史,2026-09-04T01:02:29.548814+08:00
180401,2025-11-18,5.871,5.898,5.791,5.794,2010700,none,AKShare/新浪基金历史,2026-09-04T01:02:29.548814+08:00
180401,2025-11-19,5.8,5.8,5.73,5.734,1911595,none,AKShare/新浪基金历史,2026-09-04T01:02:29.548814+08:00
180401,2025-11-20,5.719,5.767,5.688,5.699,2597357,none,AKShare/新浪基金历史,2026-09-04T01:02:29.548814+08:00
180401,2025-11-21,5.699,5.907,5.696,5.796,2379690,none,AKShare/新浪基金历史,2026-09-04T01:02:29.548814+08:00
180401,2025-11-24,5.798,5.817,5.741,5.79,2384584,none,AKShare/新浪基金历史,2026-09-04T01:02:29.548814+08:00
180401,2025-11-25,5.789,5.801,5.761,5.77,897196,none,AKShare/新浪基金历史,2026-09-04T01:02:29.548814+08:00
180401,2025-11-26,5.773,5.79,5.753,5.78,898837,none,AKShare/新浪基金历史,2026-09-04T01:02:29.548814+08:00
180401,2025-11-27,5.78,5.8,5.756,5.8,371871,none,AKShare/新浪基金历史,2026-09-04T01:02:29.548814+08:00
180401,2025-11-28,5.78,5.8,5.76,5.763,836533,none,AKShare/新浪基金历史,2026-09-04T01:02:29.548814+08:00
180401,2025-12-01,5.779,5.88,5.73,5.734,717913,none,AKShare/新浪基金历史,2026-09-04T01:02:29.548814+08:00
180401,2025-12-02,5.735,5.765,5.734,5.744,115882,none,AKShare/新浪基金历史,2026-09-04T01:02:29.548814+08:00
180401,2025-12-03,5.73,5.757,5.729,5.736,352539,none,AKShare/新浪基金历史,2026-09-04T01:02:29.548814+08:00
180401,2025-12-04,5.764,5.764,5.723,5.727,757621,none,AKShare/新浪基金历史,2026-09-04T01:02:29.548814+08:00
180401,2025-12-05,5.727,5.848,5.727,5.82,1997993,none,AKShare/新浪基金历史,2026-09-04T01:02:29.548814+08:00
180401,2025-12-08,5.84,5.866,5.82,5.845,2013858,none,AKShare/新浪基金历史,2026-09-04T01:02:29.548814+08:00
180401,2025-12-09,5.845,5.855,5.78,5.784,884826,none,AKShare/新浪基金历史,2026-09-04T01:02:29.548814+08:00
180401,2025-12-10,5.665,5.693,5.639,5.658,948737,none,AKShare/新浪基金历史,2026-09-04T01:02:29.548814+08:00
180401,2025-12-11,5.674,5.678,5.66,5.666,1131155,none,AKShare/新浪基金历史,2026-09-04T01:02:29.548814+08:00
180401,2025-12-12,5.658,5.687,5.652,5.684,2253270,none,AKShare/新浪基金历史,2026-09-04T01:02:29.548814+08:00
180401,2025-12-15,5.684,5.691,5.649,5.661,1286869,none,AKShare/新浪基金历史,2026-09-04T01:02:29.548814+08:00
180401,2025-12-16,5.663,5.665,5.645,5.647,841106,none,AKShare/新浪基金历史,2026-09-04T01:02:29.548814+08:00
180401,2025-12-17,5.645,5.65,5.56,5.623,1729784,none,AKShare/新浪基金历史,2026-09-04T01:02:29.548814+08:00
180401,2025-12-18,5.629,5.651,5.554,5.563,1302350,none,AKShare/新浪基金历史,2026-09-04T01:02:29.548814+08:00
180401,2025-12-19,5.576,5.59,5.453,5.47,1916545,none,AKShare/新浪基金历史,2026-09-04T01:02:29.548814+08:00
180401,2025-12-22,5.47,5.487,5.41,5.41,2700880,none,AKShare/新浪基金历史,2026-09-04T01:02:29.548814+08:00
180401,2025-12-23,5.425,5.425,5.322,5.38,2965018,none,AKShare/新浪基金历史,2026-09-04T01:02:29.548814+08:00
180401,2025-12-24,5.392,5.433,5.35,5.433,3494563,none,AKShare/新浪基金历史,2026-09-04T01:02:29.548814+08:00
180401,2025-12-25,5.44,5.498,5.42,5.439,1062347,none,AKShare/新浪基金历史,2026-09-04T01:02:29.548814+08:00
180401,2025-12-26,5.439,5.465,5.434,5.434,691170,none,AKShare/新浪基金历史,2026-09-04T01:02:29.548814+08:00
180401,2025-12-29,5.434,5.439,5.415,5.439,1906459,none,AKShare/新浪基金历史,2026-09-04T01:02:29.548814+08:00
180401,2025-12-30,5.438,5.438,5.384,5.4,1782605,none,AKShare/新浪基金历史,2026-09-04T01:02:29.548814+08:00
180401,2025-12-31,5.4,5.4,5.356,5.373,958736,none,AKShare/新浪基金历史,2026-09-04T01:02:29.548814+08:00
180401,2026-01-05,5.374,5.425,5.371,5.378,1765102,none,AKShare/新浪基金历史,2026-09-04T01:02:29.548814+08:00
180401,2026-01-06,5.386,5.414,5.36,5.397,1175007,none,AKShare/新浪基金历史,2026-09-04T01:02:29.548814+08:00
180401,2026-01-07,5.412,5.424,5.371,5.411,2195815,none,AKShare/新浪基金历史,2026-09-04T01:02:29.548814+08:00
180401,2026-01-08,5.411,5.433,5.4,5.409,1148965,none,AKShare/新浪基金历史,2026-09-04T01:02:29.548814+08:00
180401,2026-01-09,5.41,5.468,5.408,5.416,1640212,none,AKShare/新浪基金历史,2026-09-04T01:02:29.548814+08:00
180401,2026-01-12,5.415,5.436,5.394,5.416,1494172,none,AKShare/新浪基金历史,2026-09-04T01:02:29.548814+08:00
180401,2026-01-13,5.416,5.421,5.372,5.381,1375755,none,AKShare/新浪基金历史,2026-09-04T01:02:29.548814+08:00
180401,2026-01-14,5.382,5.413,5.382,5.399,1499939,none,AKShare/新浪基金历史,2026-09-04T01:02:29.548814+08:00
180401,2026-01-15,5.4,5.499,5.329,5.352,1268676,none,AKShare/新浪基金历史,2026-09-04T01:02:29.548814+08:00
180401,2026-01-16,5.352,5.404,5.35,5.396,1506621,none,AKShare/新浪基金历史,2026-09-04T01:02:29.548814+08:00
180401,2026-01-19,5.396,5.432,5.385,5.428,1570203,none,AKShare/新浪基金历史,2026-09-04T01:02:29.548814+08:00
180401,2026-01-20,5.428,5.436,5.412,5.426,2595842,none,AKShare/新浪基金历史,2026-09-04T01:02:29.548814+08:00
180401,2026-01-21,5.405,5.428,5.383,5.399,5934025,none,AKShare/新浪基金历史,2026-09-04T01:02:29.548814+08:00
180401,2026-01-22,5.398,5.453,5.36,5.449,1274781,none,AKShare/新浪基金历史,2026-09-04T01:02:29.548814+08:00
180401,2026-01-23,5.447,5.468,5.431,5.455,5630466,none,AKShare/新浪基金历史,2026-09-04T01:02:29.548814+08:00
180401,2026-01-26,5.455,5.455,5.414,5.42,3543245,none,AKShare/新浪基金历史,2026-09-04T01:02:29.548814+08:00
180401,2026-01-27,5.42,5.453,5.399,5.44,1792520,none,AKShare/新浪基金历史,2026-09-04T01:02:29.548814+08:00
180401,2026-01-28,5.45,5.484,5.44,5.482,1602997,none,AKShare/新浪基金历史,2026-09-04T01:02:29.548814+08:00
180401,2026-01-29,5.482,5.56,5.482,5.547,2192904,none,AKShare/新浪基金历史,2026-09-04T01:02:29.548814+08:00
180401,2026-01-30,5.545,5.579,5.533,5.543,3298691,none,AKShare/新浪基金历史,2026-09-04T01:02:29.548814+08:00
180401,2026-02-02,5.543,5.543,5.5,5.525,2363304,none,AKShare/新浪基金历史,2026-09-04T01:02:29.548814+08:00
180401,2026-02-03,5.525,5.53,5.513,5.523,3235975,none,AKShare/新浪基金历史,2026-09-04T01:02:29.548814+08:00
180401,2026-02-04,5.519,5.552,5.5,5.54,3571560,none,AKShare/新浪基金历史,2026-09-04T01:02:29.548814+08:00
180401,2026-02-05,5.54,5.596,5.52,5.596,3009438,none,AKShare/新浪基金历史,2026-09-04T01:02:29.548814+08:00
180401,2026-02-06,5.599,5.636,5.556,5.625,1176560,none,AKShare/新浪基金历史,2026-09-04T01:02:29.548814+08:00
180401,2026-02-09,5.788,5.788,5.6,5.622,2486610,none,AKShare/新浪基金历史,2026-09-04T01:02:29.548814+08:00
180401,2026-02-10,5.622,5.667,5.585,5.661,1383510,none,AKShare/新浪基金历史,2026-09-04T01:02:29.548814+08:00
180401,2026-02-11,5.661,5.683,5.627,5.68,1549360,none,AKShare/新浪基金历史,2026-09-04T01:02:29.548814+08:00
180401,2026-02-12,5.679,5.703,5.66,5.7,1926895,none,AKShare/新浪基金历史,2026-09-04T01:02:29.548814+08:00
180401,2026-02-13,5.7,5.701,5.662,5.695,951471,none,AKShare/新浪基金历史,2026-09-04T01:02:29.548814+08:00
180401,2026-02-24,5.692,5.692,5.608,5.612,1457776,none,AKShare/新浪基金历史,2026-09-04T01:02:29.548814+08:00
180401,2026-02-25,5.612,5.616,5.58,5.58,2235498,none,AKShare/新浪基金历史,2026-09-04T01:02:29.548814+08:00
180401,2026-02-26,5.58,5.613,5.525,5.544,1985317,none,AKShare/新浪基金历史,2026-09-04T01:02:29.548814+08:00
180401,2026-02-27,5.54,5.559,5.532,5.544,1188846,none,AKShare/新浪基金历史,2026-09-04T01:02:29.548814+08:00
180401,2026-03-02,5.54,5.54,5.495,5.5,1807828,none,AKShare/新浪基金历史,2026-09-04T01:02:29.548814+08:00
180401,2026-03-03,5.491,5.523,5.45,5.513,2541669,none,AKShare/新浪基金历史,2026-09-04T01:02:29.548814+08:00
180401,2026-03-04,5.51,5.513,5.47,5.5,1384942,none,AKShare/新浪基金历史,2026-09-04T01:02:29.548814+08:00
180401,2026-03-05,5.5,5.522,5.465,5.48,870790,none,AKShare/新浪基金历史,2026-09-04T01:02:29.548814+08:00
180401,2026-03-06,5.48,5.5,5.45,5.498,660711,none,AKShare/新浪基金历史,2026-09-04T01:02:29.548814+08:00
180401,2026-03-09,5.498,5.498,5.434,5.448,2248335,none,AKShare/新浪基金历史,2026-09-04T01:02:29.548814+08:00
180401,2026-03-10,5.479,5.499,5.456,5.459,948212,none,AKShare/新浪基金历史,2026-09-04T01:02:29.548814+08:00
180401,2026-03-11,5.484,5.494,5.45,5.493,510573,none,AKShare/新浪基金历史,2026-09-04T01:02:29.548814+08:00
180401,2026-03-12,5.493,5.505,5.463,5.466,774669,none,AKShare/新浪基金历史,2026-09-04T01:02:29.548814+08:00
180401,2026-03-13,5.466,5.498,5.448,5.491,1332023,none,AKShare/新浪基金历史,2026-09-04T01:02:29.548814+08:00
180401,2026-03-16,5.491,5.518,5.491,5.514,1073925,none,AKShare/新浪基金历史,2026-09-04T01:02:29.548814+08:00
180401,2026-03-17,5.52,5.53,5.506,5.51,1075047,none,AKShare/新浪基金历史,2026-09-04T01:02:29.548814+08:00
180401,2026-03-18,5.51,5.51,5.501,5.507,547858,none,AKShare/新浪基金历史,2026-09-04T01:02:29.548814+08:00
180401,2026-03-19,5.525,5.525,5.495,5.509,147814,none,AKShare/新浪基金历史,2026-09-04T01:02:29.548814+08:00
180401,2026-03-20,5.5,5.529,5.492,5.5,744560,none,AKShare/新浪基金历史,2026-09-04T01:02:29.548814+08:00
180401,2026-03-23,5.5,5.5,5.443,5.451,883707,none,AKShare/新浪基金历史,2026-09-04T01:02:29.548814+08:00
180401,2026-03-24,5.451,5.483,5.435,5.448,1077297,none,AKShare/新浪基金历史,2026-09-04T01:02:29.548814+08:00
180401,2026-03-25,5.448,5.499,5.435,5.466,876278,none,AKShare/新浪基金历史,2026-09-04T01:02:29.548814+08:00
180401,2026-03-26,5.466,5.478,5.422,5.439,1760395,none,AKShare/新浪基金历史,2026-09-04T01:02:29.548814+08:00
180401,2026-03-27,5.423,5.46,5.422,5.44,576596,none,AKShare/新浪基金历史,2026-09-04T01:02:29.548814+08:00
180401,2026-03-30,5.441,5.449,5.419,5.437,1468483,none,AKShare/新浪基金历史,2026-09-04T01:02:29.548814+08:00
180401,2026-03-31,5.437,5.448,5.414,5.433,819058,none,AKShare/新浪基金历史,2026-09-04T01:02:29.548814+08:00
180401,2026-04-01,5.433,5.445,5.41,5.415,999312,none,AKShare/新浪基金历史,2026-09-04T01:02:29.548814+08:00
180401,2026-04-02,5.413,5.416,5.388,5.388,1061048,none,AKShare/新浪基金历史,2026-09-04T01:02:29.548814+08:00
180401,2026-04-03,5.388,5.413,5.375,5.386,794371,none,AKShare/新浪基金历史,2026-09-04T01:02:29.548814+08:00
180401,2026-04-07,5.387,5.405,5.386,5.389,634507,none,AKShare/新浪基金历史,2026-09-04T01:02:29.548814+08:00
180401,2026-04-08,5.389,5.401,5.378,5.384,1199347,none,AKShare/新浪基金历史,2026-09-04T01:02:29.548814+08:00
180401,2026-04-09,5.383,5.383,5.357,5.36,1151600,none,AKShare/新浪基金历史,2026-09-04T01:02:29.548814+08:00
180401,2026-04-10,5.361,5.419,5.361,5.392,1536816,none,AKShare/新浪基金历史,2026-09-04T01:02:29.548814+08:00
180401,2026-04-13,5.392,5.392,5.372,5.377,1236641,none,AKShare/新浪基金历史,2026-09-04T01:02:29.548814+08:00
180401,2026-04-14,5.377,5.39,5.365,5.377,1400140,none,AKShare/新浪基金历史,2026-09-04T01:02:29.548814+08:00
180401,2026-04-15,5.376,5.387,5.371,5.371,806325,none,AKShare/新浪基金历史,2026-09-04T01:02:29.548814+08:00
180401,2026-04-16,5.386,5.555,5.375,5.49,5775875,none,AKShare/新浪基金历史,2026-09-04T01:02:29.548814+08:00
180401,2026-04-17,5.457,5.483,5.446,5.469,783128,none,AKShare/新浪基金历史,2026-09-04T01:02:29.548814+08:00
180401,2026-04-20,5.469,5.571,5.453,5.566,3194414,none,AKShare/新浪基金历史,2026-09-04T01:02:29.548814+08:00
180401,2026-04-21,5.56,5.6,5.52,5.597,1605077,none,AKShare/新浪基金历史,2026-09-04T01:02:29.548814+08:00
180401,2026-04-22,5.592,5.592,5.532,5.535,672139,none,AKShare/新浪基金历史,2026-09-04T01:02:29.548814+08:00
180401,2026-04-23,5.525,5.525,5.48,5.494,1177981,none,AKShare/新浪基金历史,2026-09-04T01:02:29.548814+08:00
180401,2026-04-24,5.494,5.594,5.465,5.501,3094083,none,AKShare/新浪基金历史,2026-09-04T01:02:29.548814+08:00
180401,2026-04-27,5.501,5.56,5.496,5.5,4463822,none,AKShare/新浪基金历史,2026-09-04T01:02:29.548814+08:00
180401,2026-04-28,5.5,5.584,5.5,5.545,3629283,none,AKShare/新浪基金历史,2026-09-04T01:02:29.548814+08:00
180401,2026-04-29,5.546,5.578,5.538,5.548,3686175,none,AKShare/新浪基金历史,2026-09-04T01:02:29.548814+08:00
180401,2026-04-30,5.549,5.59,5.545,5.59,3787522,none,AKShare/新浪基金历史,2026-09-04T01:02:29.548814+08:00
180401,2026-05-06,5.47,5.5,5.405,5.465,1233028,none,AKShare/新浪基金历史,2026-09-04T01:02:29.548814+08:00
180401,2026-05-07,5.442,5.548,5.41,5.523,2502491,none,AKShare/新浪基金历史,2026-09-04T01:02:29.548814+08:00
180401,2026-05-08,5.508,5.54,5.468,5.525,3389953,none,AKShare/新浪基金历史,2026-09-04T01:02:29.548814+08:00
180401,2026-05-11,5.525,5.538,5.474,5.53,3475369,none,AKShare/新浪基金历史,2026-09-04T01:02:29.548814+08:00
180401,2026-05-12,5.499,5.539,5.498,5.524,731440,none,AKShare/新浪基金历史,2026-09-04T01:02:29.548814+08:00
180401,2026-05-13,5.524,5.532,5.495,5.532,1327374,none,AKShare/新浪基金历史,2026-09-04T01:02:29.548814+08:00
180401,2026-05-14,5.532,5.532,5.451,5.482,808960,none,AKShare/新浪基金历史,2026-09-04T01:02:29.548814+08:00
180401,2026-05-15,5.482,5.482,5.436,5.472,758379,none,AKShare/新浪基金历史,2026-09-04T01:02:29.548814+08:00
180401,2026-05-18,5.48,5.495,5.435,5.493,1356886,none,AKShare/新浪基金历史,2026-09-04T01:02:29.548814+08:00
180401,2026-05-19,5.496,5.61,5.465,5.59,3898771,none,AKShare/新浪基金历史,2026-09-04T01:02:29.548814+08:00
180401,2026-05-20,5.615,5.618,5.557,5.589,2114359,none,AKShare/新浪基金历史,2026-09-04T01:02:29.548814+08:00
180401,2026-05-21,5.589,5.598,5.52,5.577,1477703,none,AKShare/新浪基金历史,2026-09-04T01:02:29.548814+08:00
180401,2026-05-22,5.537,5.607,5.514,5.606,2244961,none,AKShare/新浪基金历史,2026-09-04T01:02:29.548814+08:00
180401,2026-05-25,5.605,5.666,5.566,5.664,2402151,none,AKShare/新浪基金历史,2026-09-04T01:02:29.548814+08:00
180401,2026-05-26,5.664,5.72,5.6,5.665,5096778,none,AKShare/新浪基金历史,2026-09-04T01:02:29.548814+08:00
180401,2026-05-27,5.659,5.747,5.522,5.746,2210612,none,AKShare/新浪基金历史,2026-09-04T01:02:29.548814+08:00
180401,2026-05-28,5.739,5.77,5.579,5.608,4344146,none,AKShare/新浪基金历史,2026-09-04T01:02:29.548814+08:00
180401,2026-05-29,5.68,5.722,5.615,5.722,909916,none,AKShare/新浪基金历史,2026-09-04T01:02:29.548814+08:00
180401,2026-06-01,5.722,5.783,5.722,5.774,1670953,none,AKShare/新浪基金历史,2026-09-04T01:02:29.548814+08:00
180401,2026-06-02,5.774,5.858,5.754,5.833,3102344,none,AKShare/新浪基金历史,2026-09-04T01:02:29.548814+08:00
180401,2026-06-03,5.825,5.848,5.756,5.765,3558029,none,AKShare/新浪基金历史,2026-09-04T01:02:29.548814+08:00
180401,2026-06-04,5.755,5.791,5.705,5.756,1986100,none,AKShare/新浪基金历史,2026-09-04T01:02:29.548814+08:00
180401,2026-06-05,5.763,5.763,5.71,5.755,3363379,none,AKShare/新浪基金历史,2026-09-04T01:02:29.548814+08:00
180401,2026-06-08,5.753,5.763,5.707,5.75,1795854,none,AKShare/新浪基金历史,2026-09-04T01:02:29.548814+08:00
180401,2026-06-09,5.754,5.754,5.636,5.65,1612201,none,AKShare/新浪基金历史,2026-09-04T01:02:29.548814+08:00
180401,2026-06-10,5.647,5.664,5.53,5.643,1595019,none,AKShare/新浪基金历史,2026-09-04T01:02:29.548814+08:00
180401,2026-06-11,5.641,5.641,5.551,5.551,2399221,none,AKShare/新浪基金历史,2026-09-04T01:02:29.548814+08:00
180401,2026-06-12,5.551,5.638,5.548,5.628,2640634,none,AKShare/新浪基金历史,2026-09-04T01:02:29.548814+08:00
180401,2026-06-15,5.628,5.64,5.586,5.64,1161424,none,AKShare/新浪基金历史,2026-09-04T01:02:29.548814+08:00
180401,2026-06-16,5.64,5.667,5.605,5.651,1314759,none,AKShare/新浪基金历史,2026-09-04T01:02:29.548814+08:00
180401,2026-06-17,5.659,5.67,5.62,5.626,749687,none,AKShare/新浪基金历史,2026-09-04T01:02:29.548814+08:00
180401,2026-06-18,5.615,5.615,5.555,5.561,484569,none,AKShare/新浪基金历史,2026-09-04T01:02:29.548814+08:00
180401,2026-06-22,5.604,5.604,5.35,5.45,964063,none,AKShare/新浪基金历史,2026-09-04T01:02:29.548814+08:00
180401,2026-06-23,5.489,5.52,5.457,5.49,3564871,none,AKShare/新浪基金历史,2026-09-04T01:02:29.548814+08:00
180401,2026-06-24,5.494,5.545,5.43,5.54,596682,none,AKShare/新浪基金历史,2026-09-04T01:02:29.548814+08:00
180401,2026-06-25,5.506,5.7,5.47,5.66,1245787,none,AKShare/新浪基金历史,2026-09-04T01:02:29.548814+08:00
180401,2026-06-26,5.629,5.7,5.624,5.644,1093915,none,AKShare/新浪基金历史,2026-09-04T01:02:29.548814+08:00
180401,2026-06-29,5.482,5.716,5.482,5.71,1816615,none,AKShare/新浪基金历史,2026-09-04T01:02:29.548814+08:00
180401,2026-06-30,5.693,5.725,5.659,5.707,2298639,none,AKShare/新浪基金历史,2026-09-04T01:02:29.548814+08:00
180401,2026-07-01,5.699,5.71,5.68,5.692,1041048,none,AKShare/新浪基金历史,2026-09-04T01:02:29.548814+08:00
180401,2026-07-02,5.675,5.692,5.123,5.643,941083,none,AKShare/新浪基金历史,2026-09-04T01:02:29.548814+08:00
180401,2026-07-03,5.675,5.711,5.645,5.711,702519,none,AKShare/新浪基金历史,2026-09-04T01:02:29.548814+08:00
180401,2026-07-06,5.711,5.732,5.682,5.696,1442140,none,AKShare/新浪基金历史,2026-09-04T01:02:29.548814+08:00
180401,2026-07-07,5.696,5.696,5.672,5.696,1050893,none,AKShare/新浪基金历史,2026-09-04T01:02:29.548814+08:00
180401,2026-07-08,5.676,5.691,5.66,5.661,813075,none,AKShare/新浪基金历史,2026-09-04T01:02:29.548814+08:00
180401,2026-07-09,5.654,5.684,5.63,5.669,1110588,none,AKShare/新浪基金历史,2026-09-04T01:02:29.548814+08:00
180401,2026-07-10,5.653,5.714,5.646,5.71,974011,none,AKShare/新浪基金历史,2026-09-04T01:02:29.548814+08:00
180401,2026-07-13,5.71,5.768,5.68,5.768,2272914,none,AKShare/新浪基金历史,2026-09-04T01:02:29.548814+08:00
180401,2026-07-14,5.79,5.79,5.763,5.763,2008565,none,AKShare/新浪基金历史,2026-09-04T01:02:29.548814+08:00
180401,2026-07-15,5.738,5.738,5.562,5.589,7988651,none,AKShare/新浪基金历史,2026-09-04T01:02:29.548814+08:00
180401,2026-07-16,5.587,5.707,5.539,5.679,3086095,none,AKShare/新浪基金历史,2026-09-04T01:02:29.548814+08:00
180401,2026-07-17,5.697,5.735,5.657,5.71,913776,none,AKShare/新浪基金历史,2026-09-04T01:02:29.548814+08:00
180401,2026-07-20,5.706,5.73,5.603,5.66,594472,none,AKShare/新浪基金历史,2026-09-04T01:02:29.548814+08:00
180401,2026-07-21,5.652,5.66,5.627,5.659,670904,none,AKShare/新浪基金历史,2026-09-04T01:02:29.548814+08:00
180401,2026-07-22,5.621,5.675,5.611,5.639,687433,none,AKShare/新浪基金历史,2026-09-04T01:02:29.548814+08:00
180401,2026-07-23,5.637,5.644,5.6,5.625,605257,none,AKShare/新浪基金历史,2026-09-04T01:02:29.548814+08:00
180401,2026-07-24,5.632,5.656,5.597,5.63,793336,none,AKShare/新浪基金历史,2026-09-04T01:02:29.548814+08:00
180401,2026-07-27,5.621,5.646,5.6,5.646,552234,none,AKShare/新浪基金历史,2026-09-04T01:02:29.548814+08:00
180401,2026-07-28,5.646,5.649,5.605,5.62,400512,none,AKShare/新浪基金历史,2026-09-04T01:02:29.548814+08:00
180401,2026-07-29,5.645,5.648,5.611,5.633,913942,none,AKShare/新浪基金历史,2026-09-04T01:02:29.548814+08:00
180401,2026-07-30,5.62,5.656,5.61,5.649,911140,none,AKShare/新浪基金历史,2026-09-04T01:02:29.548814+08:00
180401,2026-07-31,5.64,5.674,5.622,5.665,818024,none,AKShare/新浪基金历史,2026-09-04T01:02:29.548814+08:00
180401,2026-08-03,5.621,5.673,5.621,5.654,859700,none,AKShare/新浪基金历史,2026-09-04T01:02:29.548814+08:00
180401,2026-08-04,5.625,5.654,5.62,5.622,505011,none,AKShare/新浪基金历史,2026-09-04T01:02:29.548814+08:00
180401,2026-08-05,5.62,5.62,5.5,5.575,672753,none,AKShare/新浪基金历史,2026-09-04T01:02:29.548814+08:00
180401,2026-08-06,5.565,5.621,5.564,5.608,843510,none,AKShare/新浪基金历史,2026-09-04T01:02:29.548814+08:00
180401,2026-08-07,5.593,5.608,5.511,5.606,1419336,none,AKShare/新浪基金历史,2026-09-04T01:02:29.548814+08:00
180401,2026-08-10,5.6,5.619,5.584,5.589,1026105,none,AKShare/新浪基金历史,2026-09-04T01:02:29.548814+08:00
180401,2026-08-11,5.58,5.593,5.516,5.54,1096285,none,AKShare/新浪基金历史,2026-09-04T01:02:29.548814+08:00
180401,2026-08-12,5.553,5.562,5.501,5.561,864479,none,AKShare/新浪基金历史,2026-09-04T01:02:29.548814+08:00
180401,2026-08-13,5.526,5.574,5.526,5.567,189358,none,AKShare/新浪基金历史,2026-09-04T01:02:29.548814+08:00
180401,2026-08-14,5.567,5.6,5.538,5.6,147131,none,AKShare/新浪基金历史,2026-09-04T01:02:29.548814+08:00
180401,2026-08-17,5.604,5.604,5.55,5.604,719978,none,AKShare/新浪基金历史,2026-09-04T01:02:29.548814+08:00
180401,2026-08-18,5.605,5.658,5.566,5.656,743413,none,AKShare/新浪基金历史,2026-09-04T01:02:29.548814+08:00
180401,2026-08-19,5.622,5.673,5.622,5.656,776770,none,AKShare/新浪基金历史,2026-09-04T01:02:29.548814+08:00
180401,2026-08-20,5.622,5.681,5.622,5.681,727921,none,AKShare/新浪基金历史,2026-09-04T01:02:29.548814+08:00
180401,2026-08-21,5.676,5.703,5.621,5.674,787137,none,AKShare/新浪基金历史,2026-09-04T01:02:29.548814+08:00
180401,2026-08-24,5.664,5.664,5.619,5.646,1123328,none,AKShare/新浪基金历史,2026-09-04T01:02:29.548814+08:00
180401,2026-08-25,5.644,5.666,5.615,5.664,548224,none,AKShare/新浪基金历史,2026-09-04T01:02:29.548814+08:00
180401,2026-08-26,5.664,5.695,5.623,5.685,873494,none,AKShare/新浪基金历史,2026-09-04T01:02:29.548814+08:00
180401,2026-08-27,5.685,5.73,5.649,5.696,707415,none,AKShare/新浪基金历史,2026-09-04T01:02:29.548814+08:00
180401,2026-08-28,5.696,5.696,5.621,5.633,1221074,none,AKShare/新浪基金历史,2026-09-04T01:02:29.548814+08:00
180401,2026-08-31,5.633,5.644,5.616,5.616,252770,none,AKShare/新浪基金历史,2026-09-04T01:02:29.548814+08:00
180401,2026-09-01,5.645,5.647,5.555,5.602,757183,none,AKShare/新浪基金历史,2026-09-04T01:02:29.548814+08:00
180401,2026-09-02,5.564,5.567,5.54,5.551,563746,none,AKShare/新浪基金历史,2026-09-04T01:02:29.548814+08:00
508018,2022-04-28,9.898,10.121,9.399,9.606,72112168,none,AKShare/新浪基金历史,2026-09-04T01:02:29.548814+08:00
508018,2022-04-29,9.6,9.878,9.415,9.79,26586802,none,AKShare/新浪基金历史,2026-09-04T01:02:29.548814+08:00
508018,2022-05-05,9.794,9.794,9.601,9.699,10417874,none,AKShare/新浪基金历史,2026-09-04T01:02:29.548814+08:00
508018,2022-05-06,9.628,9.648,9.53,9.596,6315210,none,AKShare/新浪基金历史,2026-09-04T01:02:29.548814+08:00
508018,2022-05-09,9.596,9.596,9.548,9.552,4796532,none,AKShare/新浪基金历史,2026-09-04T01:02:29.548814+08:00
508018,2022-05-10,9.542,9.597,9.505,9.566,5572865,none,AKShare/新浪基金历史,2026-09-04T01:02:29.548814+08:00
508018,2022-05-11,9.566,9.595,9.552,9.563,6798111,none,AKShare/新浪基金历史,2026-09-04T01:02:29.548814+08:00
508018,2022-05-12,9.563,9.566,9.55,9.561,2778458,none,AKShare/新浪基金历史,2026-09-04T01:02:29.548814+08:00
508018,2022-05-13,9.561,9.568,9.561,9.561,4141997,none,AKShare/新浪基金历史,2026-09-04T01:02:29.548814+08:00
508018,2022-05-16,9.564,9.578,9.559,9.577,3477670,none,AKShare/新浪基金历史,2026-09-04T01:02:29.548814+08:00
508018,2022-05-17,9.578,9.582,9.556,9.564,5050259,none,AKShare/新浪基金历史,2026-09-04T01:02:29.548814+08:00
508018,2022-05-18,9.561,9.57,9.551,9.561,3095790,none,AKShare/新浪基金历史,2026-09-04T01:02:29.548814+08:00
508018,2022-05-19,9.557,9.557,9.54,9.544,2515649,none,AKShare/新浪基金历史,2026-09-04T01:02:29.548814+08:00
508018,2022-05-20,9.543,9.563,9.539,9.562,3038909,none,AKShare/新浪基金历史,2026-09-04T01:02:29.548814+08:00
508018,2022-05-23,9.561,9.561,9.538,9.539,4137477,none,AKShare/新浪基金历史,2026-09-04T01:02:29.548814+08:00
508018,2022-05-24,9.539,9.539,9.505,9.506,3232081,none,AKShare/新浪基金历史,2026-09-04T01:02:29.548814+08:00
508018,2022-05-25,9.502,9.504,9.47,9.479,4206613,none,AKShare/新浪基金历史,2026-09-04T01:02:29.548814+08:00
508018,2022-05-26,9.479,9.487,9.476,9.482,3367977,none,AKShare/新浪基金历史,2026-09-04T01:02:29.548814+08:00
508018,2022-05-27,9.48,9.486,9.479,9.481,2929278,none,AKShare/新浪基金历史,2026-09-04T01:02:29.548814+08:00
508018,2022-05-30,9.481,9.488,9.481,9.482,2359377,none,AKShare/新浪基金历史,2026-09-04T01:02:29.548814+08:00
508018,2022-05-31,9.482,9.485,9.453,9.457,4542579,none,AKShare/新浪基金历史,2026-09-04T01:02:29.548814+08:00
508018,2022-06-01,9.457,9.457,9.428,9.429,5323049,none,AKShare/新浪基金历史,2026-09-04T01:02:29.548814+08:00
508018,2022-06-02,9.429,9.447,9.426,9.427,4145323,none,AKShare/新浪基金历史,2026-09-04T01:02:29.548814+08:00
508018,2022-06-06,9.427,9.508,9.425,9.504,4434830,none,AKShare/新浪基金历史,2026-09-04T01:02:29.548814+08:00
508018,2022-06-07,9.499,9.63,9.478,9.61,6026426,none,AKShare/新浪基金历史,2026-09-04T01:02:29.548814+08:00
508018,2022-06-08,9.609,9.609,9.521,9.548,3698975,none,AKShare/新浪基金历史,2026-09-04T01:02:29.548814+08:00
508018,2022-06-09,9.543,9.56,9.51,9.549,3121826,none,AKShare/新浪基金历史,2026-09-04T01:02:29.548814+08:00
508018,2022-06-10,9.545,9.547,9.51,9.535,3111496,none,AKShare/新浪基金历史,2026-09-04T01:02:29.548814+08:00
508018,2022-06-13,9.518,9.522,9.502,9.522,2822896,none,AKShare/新浪基金历史,2026-09-04T01:02:29.548814+08:00
508018,2022-06-14,9.52,9.535,9.494,9.515,3217086,none,AKShare/新浪基金历史,2026-09-04T01:02:29.548814+08:00
508018,2022-06-15,9.513,9.521,9.507,9.512,3817817,none,AKShare/新浪基金历史,2026-09-04T01:02:29.548814+08:00
508018,2022-06-16,9.512,9.518,9.495,9.501,2958980,none,AKShare/新浪基金历史,2026-09-04T01:02:29.548814+08:00
508018,2022-06-17,9.499,9.499,9.48,9.483,2945642,none,AKShare/新浪基金历史,2026-09-04T01:02:29.548814+08:00
508018,2022-06-20,9.48,9.48,9.45,9.468,3946542,none,AKShare/新浪基金历史,2026-09-04T01:02:29.548814+08:00
508018,2022-06-21,9.468,9.502,9.455,9.5,2784727,none,AKShare/新浪基金历史,2026-09-04T01:02:29.548814+08:00
508018,2022-06-22,9.499,9.5,9.47,9.48,2234936,none,AKShare/新浪基金历史,2026-09-04T01:02:29.548814+08:00
508018,2022-06-23,9.48,9.495,9.47,9.473,2781197,none,AKShare/新浪基金历史,2026-09-04T01:02:29.548814+08:00
508018,2022-06-24,9.473,9.49,9.47,9.484,3225125,none,AKShare/新浪基金历史,2026-09-04T01:02:29.548814+08:00
508018,2022-06-27,9.484,9.504,9.474,9.499,3672648,none,AKShare/新浪基金历史,2026-09-04T01:02:29.548814+08:00
508018,2022-06-28,9.489,9.491,9.48,9.482,3748828,none,AKShare/新浪基金历史,2026-09-04T01:02:29.548814+08:00
508018,2022-06-29,9.482,9.494,9.47,9.492,3370780,none,AKShare/新浪基金历史,2026-09-04T01:02:29.548814+08:00
508018,2022-06-30,9.489,9.508,9.48,9.489,5884935,none,AKShare/新浪基金历史,2026-09-04T01:02:29.548814+08:00
508018,2022-07-01,9.49,9.5,9.48,9.488,2008256,none,AKShare/新浪基金历史,2026-09-04T01:02:29.548814+08:00
508018,2022-07-04,9.488,9.492,9.48,9.485,3263780,none,AKShare/新浪基金历史,2026-09-04T01:02:29.548814+08:00
508018,2022-07-05,9.485,9.485,9.465,9.467,3328725,none,AKShare/新浪基金历史,2026-09-04T01:02:29.548814+08:00
508018,2022-07-06,9.467,9.5,9.453,9.455,3316312,none,AKShare/新浪基金历史,2026-09-04T01:02:29.548814+08:00
508018,2022-07-07,9.454,9.464,9.45,9.452,3254639,none,AKShare/新浪基金历史,2026-09-04T01:02:29.548814+08:00
508018,2022-07-08,9.452,9.454,9.436,9.438,4095335,none,AKShare/新浪基金历史,2026-09-04T01:02:29.548814+08:00
508018,2022-07-11,9.438,9.441,9.426,9.44,2121824,none,AKShare/新浪基金历史,2026-09-04T01:02:29.548814+08:00
508018,2022-07-12,9.441,9.48,9.439,9.479,3329404,none,AKShare/新浪基金历史,2026-09-04T01:02:29.548814+08:00
508018,2022-07-13,9.48,9.49,9.476,9.477,2052843,none,AKShare/新浪基金历史,2026-09-04T01:02:29.548814+08:00
508018,2022-07-14,9.477,9.477,9.442,9.455,3052805,none,AKShare/新浪基金历史,2026-09-04T01:02:29.548814+08:00
508018,2022-07-15,9.455,9.46,9.44,9.456,1620366,none,AKShare/新浪基金历史,2026-09-04T01:02:29.548814+08:00
508018,2022-07-18,9.456,9.456,9.43,9.446,2026985,none,AKShare/新浪基金历史,2026-09-04T01:02:29.548814+08:00
508018,2022-07-19,9.445,9.456,9.435,9.454,1801111,none,AKShare/新浪基金历史,2026-09-04T01:02:29.548814+08:00
508018,2022-07-20,9.454,9.459,9.443,9.455,2585763,none,AKShare/新浪基金历史,2026-09-04T01:02:29.548814+08:00
508018,2022-07-21,9.45,9.457,9.438,9.456,2033428,none,AKShare/新浪基金历史,2026-09-04T01:02:29.548814+08:00
508018,2022-07-22,9.457,9.464,9.444,9.462,2312088,none,AKShare/新浪基金历史,2026-09-04T01:02:29.548814+08:00
508018,2022-07-25,9.461,9.48,9.448,9.47,3086569,none,AKShare/新浪基金历史,2026-09-04T01:02:29.548814+08:00
508018,2022-07-26,9.47,9.478,9.458,9.475,2666851,none,AKShare/新浪基金历史,2026-09-04T01:02:29.548814+08:00
508018,2022-07-27,9.474,9.49,9.456,9.478,1998667,none,AKShare/新浪基金历史,2026-09-04T01:02:29.548814+08:00
508018,2022-07-28,9.478,9.503,9.47,9.501,3682575,none,AKShare/新浪基金历史,2026-09-04T01:02:29.548814+08:00
508018,2022-07-29,9.501,9.503,9.499,9.501,2889829,none,AKShare/新浪基金历史,2026-09-04T01:02:29.548814+08:00
508018,2022-08-01,9.501,9.503,9.495,9.501,2529742,none,AKShare/新浪基金历史,2026-09-04T01:02:29.548814+08:00
508018,2022-08-02,9.5,9.5,9.463,9.471,3816402,none,AKShare/新浪基金历史,2026-09-04T01:02:29.548814+08:00
508018,2022-08-03,9.471,9.472,9.465,9.47,2086345,none,AKShare/新浪基金历史,2026-09-04T01:02:29.548814+08:00
508018,2022-08-04,9.47,9.498,9.462,9.485,2200950,none,AKShare/新浪基金历史,2026-09-04T01:02:29.548814+08:00
508018,2022-08-05,9.485,9.485,9.458,9.481,3026408,none,AKShare/新浪基金历史,2026-09-04T01:02:29.548814+08:00
508018,2022-08-08,9.48,9.482,9.462,9.478,2095016,none,AKShare/新浪基金历史,2026-09-04T01:02:29.548814+08:00
508018,2022-08-09,9.478,9.478,9.47,9.47,2345802,none,AKShare/新浪基金历史,2026-09-04T01:02:29.548814+08:00
508018,2022-08-10,9.47,9.47,9.462,9.467,3301659,none,AKShare/新浪基金历史,2026-09-04T01:02:29.548814+08:00
508018,2022-08-11,9.467,9.468,9.46,9.464,3326578,none,AKShare/新浪基金历史,2026-09-04T01:02:29.548814+08:00
508018,2022-08-12,9.464,9.525,9.46,9.5,4682810,none,AKShare/新浪基金历史,2026-09-04T01:02:29.548814+08:00
508018,2022-08-15,9.5,9.517,9.488,9.503,3501470,none,AKShare/新浪基金历史,2026-09-04T01:02:29.548814+08:00
508018,2022-08-16,9.502,9.502,9.49,9.494,3781358,none,AKShare/新浪基金历史,2026-09-04T01:02:29.548814+08:00
508018,2022-08-17,9.493,9.499,9.487,9.493,2478504,none,AKShare/新浪基金历史,2026-09-04T01:02:29.548814+08:00
508018,2022-08-18,9.493,9.514,9.488,9.502,3604636,none,AKShare/新浪基金历史,2026-09-04T01:02:29.548814+08:00
508018,2022-08-19,9.502,9.584,9.502,9.545,6398477,none,AKShare/新浪基金历史,2026-09-04T01:02:29.548814+08:00
508018,2022-08-22,9.542,9.57,9.538,9.549,3791828,none,AKShare/新浪基金历史,2026-09-04T01:02:29.548814+08:00
508018,2022-08-23,9.547,9.565,9.53,9.535,3211596,none,AKShare/新浪基金历史,2026-09-04T01:02:29.548814+08:00
508018,2022-08-24,9.531,9.534,9.505,9.522,2237944,none,AKShare/新浪基金历史,2026-09-04T01:02:29.548814+08:00
508018,2022-08-25,9.522,9.539,9.51,9.537,2598110,none,AKShare/新浪基金历史,2026-09-04T01:02:29.548814+08:00
508018,2022-08-26,9.537,9.55,9.525,9.534,3966842,none,AKShare/新浪基金历史,2026-09-04T01:02:29.548814+08:00
508018,2022-08-29,9.533,9.536,9.524,9.524,3029446,none,AKShare/新浪基金历史,2026-09-04T01:02:29.548814+08:00
508018,2022-08-30,9.52,9.544,9.51,9.541,4120375,none,AKShare/新浪基金历史,2026-09-04T01:02:29.548814+08:00
508018,2022-08-31,9.54,9.562,9.521,9.556,3547104,none,AKShare/新浪基金历史,2026-09-04T01:02:29.548814+08:00
508018,2022-09-01,9.557,9.557,9.522,9.528,3471677,none,AKShare/新浪基金历史,2026-09-04T01:02:29.548814+08:00
508018,2022-09-02,9.528,9.536,9.518,9.536,2539029,none,AKShare/新浪基金历史,2026-09-04T01:02:29.548814+08:00
508018,2022-09-05,9.55,9.56,9.526,9.541,2894091,none,AKShare/新浪基金历史,2026-09-04T01:02:29.548814+08:00
508018,2022-09-06,9.542,9.548,9.527,9.543,3329774,none,AKShare/新浪基金历史,2026-09-04T01:02:29.548814+08:00
508018,2022-09-07,9.543,9.552,9.529,9.549,2224327,none,AKShare/新浪基金历史,2026-09-04T01:02:29.548814+08:00
508018,2022-09-08,9.549,9.565,9.537,9.563,4254983,none,AKShare/新浪基金历史,2026-09-04T01:02:29.548814+08:00
508018,2022-09-09,9.564,9.579,9.551,9.579,3740536,none,AKShare/新浪基金历史,2026-09-04T01:02:29.548814+08:00
508018,2022-09-13,9.578,9.578,9.555,9.57,2674591,none,AKShare/新浪基金历史,2026-09-04T01:02:29.548814+08:00
508018,2022-09-14,9.57,9.57,9.549,9.554,4024118,none,AKShare/新浪基金历史,2026-09-04T01:02:29.548814+08:00
508018,2022-09-15,9.554,9.56,9.545,9.545,3616442,none,AKShare/新浪基金历史,2026-09-04T01:02:29.548814+08:00
508018,2022-09-16,9.544,9.548,9.515,9.53,4153480,none,AKShare/新浪基金历史,2026-09-04T01:02:29.548814+08:00
508018,2022-09-19,9.53,9.53,9.505,9.523,4177506,none,AKShare/新浪基金历史,2026-09-04T01:02:29.548814+08:00
508018,2022-09-20,9.523,9.53,9.51,9.518,4255198,none,AKShare/新浪基金历史,2026-09-04T01:02:29.548814+08:00
508018,2022-09-21,9.517,9.546,9.513,9.538,3475697,none,AKShare/新浪基金历史,2026-09-04T01:02:29.548814+08:00
508018,2022-09-22,9.538,9.541,9.515,9.529,3511636,none,AKShare/新浪基金历史,2026-09-04T01:02:29.548814+08:00
508018,2022-09-23,9.527,9.527,9.5,9.502,4794065,none,AKShare/新浪基金历史,2026-09-04T01:02:29.548814+08:00
508018,2022-09-26,9.501,9.505,9.454,9.457,5081411,none,AKShare/新浪基金历史,2026-09-04T01:02:29.548814+08:00
508018,2022-09-27,9.459,9.5,9.458,9.475,5485116,none,AKShare/新浪基金历史,2026-09-04T01:02:29.548814+08:00
508018,2022-09-28,9.477,9.488,9.467,9.472,5082967,none,AKShare/新浪基金历史,2026-09-04T01:02:29.548814+08:00
508018,2022-09-29,9.474,9.478,9.413,9.43,4843157,none,AKShare/新浪基金历史,2026-09-04T01:02:29.548814+08:00
508018,2022-09-30,9.43,9.465,9.43,9.452,3815432,none,AKShare/新浪基金历史,2026-09-04T01:02:29.548814+08:00
508018,2022-10-10,9.452,9.474,9.423,9.425,3424677,none,AKShare/新浪基金历史,2026-09-04T01:02:29.548814+08:00
508018,2022-10-11,9.425,9.43,9.42,9.427,3627347,none,AKShare/新浪基金历史,2026-09-04T01:02:29.548814+08:00
508018,2022-10-12,9.41,9.41,9.342,9.349,4203355,none,AKShare/新浪基金历史,2026-09-04T01:02:29.548814+08:00
508018,2022-10-13,9.349,9.377,9.34,9.36,3926935,none,AKShare/新浪基金历史,2026-09-04T01:02:29.548814+08:00
508018,2022-10-14,9.36,9.381,9.36,9.363,3064260,none,AKShare/新浪基金历史,2026-09-04T01:02:29.548814+08:00
508018,2022-10-17,9.364,9.371,9.333,9.364,3724019,none,AKShare/新浪基金历史,2026-09-04T01:02:29.548814+08:00
508018,2022-10-18,9.364,9.392,9.355,9.366,3231854,none,AKShare/新浪基金历史,2026-09-04T01:02:29.548814+08:00
508018,2022-10-19,9.366,9.386,9.356,9.378,4928941,none,AKShare/新浪基金历史,2026-09-04T01:02:29.548814+08:00
508018,2022-10-20,9.384,9.384,9.36,9.367,4660520,none,AKShare/新浪基金历史,2026-09-04T01:02:29.548814+08:00
508018,2022-10-21,9.363,9.364,9.33,9.352,4615294,none,AKShare/新浪基金历史,2026-09-04T01:02:29.548814+08:00
508018,2022-10-24,9.344,9.344,9.277,9.278,3754930,none,AKShare/新浪基金历史,2026-09-04T01:02:29.548814+08:00
508018,2022-10-25,9.278,9.3,9.183,9.203,4696207,none,AKShare/新浪基金历史,2026-09-04T01:02:29.548814+08:00
508018,2022-10-26,9.2,9.205,9.15,9.184,6489695,none,AKShare/新浪基金历史,2026-09-04T01:02:29.548814+08:00
508018,2022-10-27,9.183,9.223,9.136,9.139,4951187,none,AKShare/新浪基金历史,2026-09-04T01:02:29.548814+08:00
508018,2022-10-28,9.138,9.144,8.994,9.139,4363106,none,AKShare/新浪基金历史,2026-09-04T01:02:29.548814+08:00
508018,2022-10-31,9.127,9.127,8.905,8.92,5484841,none,AKShare/新浪基金历史,2026-09-04T01:02:29.548814+08:00
508018,2022-11-01,8.925,8.938,8.796,8.856,6237765,none,AKShare/新浪基金历史,2026-09-04T01:02:29.548814+08:00
508018,2022-11-02,8.865,8.935,8.806,8.928,8043939,none,AKShare/新浪基金历史,2026-09-04T01:02:29.548814+08:00
508018,2022-11-03,8.882,8.925,8.84,8.918,6897636,none,AKShare/新浪基金历史,2026-09-04T01:02:29.548814+08:00
508018,2022-11-04,8.918,9.014,8.918,8.94,8190771,none,AKShare/新浪基金历史,2026-09-04T01:02:29.548814+08:00
508018,2022-11-07,8.94,8.95,8.843,8.847,4583258,none,AKShare/新浪基金历史,2026-09-04T01:02:29.548814+08:00
508018,2022-11-08,8.848,8.866,8.745,8.786,6170189,none,AKShare/新浪基金历史,2026-09-04T01:02:29.548814+08:00
508018,2022-11-09,8.786,8.787,8.696,8.706,5493008,none,AKShare/新浪基金历史,2026-09-04T01:02:29.548814+08:00
508018,2022-11-10,8.708,8.721,8.6,8.624,5718845,none,AKShare/新浪基金历史,2026-09-04T01:02:29.548814+08:00
508018,2022-11-11,8.64,8.643,8.505,8.512,7702378,none,AKShare/新浪基金历史,2026-09-04T01:02:29.548814+08:00
508018,2022-11-14,8.509,8.509,8.375,8.393,8687000,none,AKShare/新浪基金历史,2026-09-04T01:02:29.548814+08:00
508018,2022-11-15,8.369,8.369,8.287,8.318,7867834,none,AKShare/新浪基金历史,2026-09-04T01:02:29.548814+08:00
508018,2022-11-16,8.319,8.44,8.2,8.312,9588526,none,AKShare/新浪基金历史,2026-09-04T01:02:29.548814+08:00
508018,2022-11-17,8.288,8.342,8.146,8.203,6033708,none,AKShare/新浪基金历史,2026-09-04T01:02:29.548814+08:00
508018,2022-11-18,8.204,8.276,8.128,8.26,6949290,none,AKShare/新浪基金历史,2026-09-04T01:02:29.548814+08:00
508018,2022-11-21,8.25,8.419,8.21,8.403,3984586,none,AKShare/新浪基金历史,2026-09-04T01:02:29.548814+08:00
508018,2022-11-22,8.435,8.435,8.373,8.401,2556143,none,AKShare/新浪基金历史,2026-09-04T01:02:29.548814+08:00
508018,2022-11-23,8.401,8.407,8.373,8.399,3098254,none,AKShare/新浪基金历史,2026-09-04T01:02:29.548814+08:00
508018,2022-11-24,8.396,8.408,8.39,8.399,4000128,none,AKShare/新浪基金历史,2026-09-04T01:02:29.548814+08:00
508018,2022-11-25,8.401,8.401,8.36,8.396,5613443,none,AKShare/新浪基金历史,2026-09-04T01:02:29.548814+08:00
508018,2022-11-28,8.402,8.402,8.348,8.353,4435859,none,AKShare/新浪基金历史,2026-09-04T01:02:29.548814+08:00
508018,2022-11-29,8.357,8.387,8.35,8.384,5815645,none,AKShare/新浪基金历史,2026-09-04T01:02:29.548814+08:00
508018,2022-11-30,8.384,8.411,8.346,8.366,5562428,none,AKShare/新浪基金历史,2026-09-04T01:02:29.548814+08:00
508018,2022-12-01,8.36,8.385,8.36,8.377,5949712,none,AKShare/新浪基金历史,2026-09-04T01:02:29.548814+08:00
508018,2022-12-02,8.354,8.354,8.21,8.286,5772727,none,AKShare/新浪基金历史,2026-09-04T01:02:29.548814+08:00
508018,2022-12-05,8.287,8.564,8.287,8.521,9944625,none,AKShare/新浪基金历史,2026-09-04T01:02:29.548814+08:00
508018,2022-12-06,8.531,8.764,8.531,8.685,10500855,none,AKShare/新浪基金历史,2026-09-04T01:02:29.548814+08:00
508018,2022-12-07,8.688,8.735,8.653,8.687,7662805,none,AKShare/新浪基金历史,2026-09-04T01:02:29.548814+08:00
508018,2022-12-08,8.69,8.734,8.688,8.706,7749908,none,AKShare/新浪基金历史,2026-09-04T01:02:29.548814+08:00
508018,2022-12-09,8.706,8.726,8.706,8.719,4298841,none,AKShare/新浪基金历史,2026-09-04T01:02:29.548814+08:00
508018,2022-12-12,8.718,8.719,8.67,8.682,4415535,none,AKShare/新浪基金历史,2026-09-04T01:02:29.548814+08:00
508018,2022-12-13,8.68,8.68,8.606,8.616,4474023,none,AKShare/新浪基金历史,2026-09-04T01:02:29.548814+08:00
508018,2022-12-14,8.613,8.613,8.47,8.488,5210960,none,AKShare/新浪基金历史,2026-09-04T01:02:29.548814+08:00
508018,2022-12-15,8.488,8.526,8.466,8.49,4762961,none,AKShare/新浪基金历史,2026-09-04T01:02:29.548814+08:00
508018,2022-12-16,8.52,8.52,8.465,8.483,5108685,none,AKShare/新浪基金历史,2026-09-04T01:02:29.548814+08:00
508018,2022-12-19,8.519,8.519,8.42,8.438,4324348,none,AKShare/新浪基金历史,2026-09-04T01:02:29.548814+08:00
508018,2022-12-20,8.45,8.45,8.29,8.308,3303682,none,AKShare/新浪基金历史,2026-09-04T01:02:29.548814+08:00
508018,2022-12-21,8.316,8.349,8.291,8.299,2491372,none,AKShare/新浪基金历史,2026-09-04T01:02:29.548814+08:00
508018,2022-12-22,8.317,8.345,8.299,8.343,2954113,none,AKShare/新浪基金历史,2026-09-04T01:02:29.548814+08:00
508018,2022-12-23,8.355,8.418,8.343,8.415,3971691,none,AKShare/新浪基金历史,2026-09-04T01:02:29.548814+08:00
508018,2022-12-26,8.415,8.415,8.392,8.403,3434127,none,AKShare/新浪基金历史,2026-09-04T01:02:29.548814+08:00
508018,2022-12-27,8.403,8.403,8.369,8.378,3139814,none,AKShare/新浪基金历史,2026-09-04T01:02:29.548814+08:00
508018,2022-12-28,8.378,8.378,8.338,8.34,1899574,none,AKShare/新浪基金历史,2026-09-04T01:02:29.548814+08:00
508018,2022-12-29,8.34,8.344,8.3,8.34,1751463,none,AKShare/新浪基金历史,2026-09-04T01:02:29.548814+08:00
508018,2022-12-30,8.338,8.386,8.305,8.38,2451355,none,AKShare/新浪基金历史,2026-09-04T01:02:29.548814+08:00
508018,2023-01-03,8.376,8.376,8.348,8.357,2652838,none,AKShare/新浪基金历史,2026-09-04T01:02:29.548814+08:00
508018,2023-01-04,8.357,8.357,8.328,8.34,2737839,none,AKShare/新浪基金历史,2026-09-04T01:02:29.548814+08:00
508018,2023-01-05,8.34,8.34,8.321,8.327,3656207,none,AKShare/新浪基金历史,2026-09-04T01:02:29.548814+08:00
508018,2023-01-06,8.327,8.372,8.32,8.368,3172186,none,AKShare/新浪基金历史,2026-09-04T01:02:29.548814+08:00
508018,2023-01-09,8.368,8.408,8.363,8.405,6841548,none,AKShare/新浪基金历史,2026-09-04T01:02:29.548814+08:00
508018,2023-01-10,8.406,8.468,8.406,8.462,6899848,none,AKShare/新浪基金历史,2026-09-04T01:02:29.548814+08:00
508018,2023-01-11,8.456,8.459,8.438,8.445,6318852,none,AKShare/新浪基金历史,2026-09-04T01:02:29.548814+08:00
508018,2023-01-12,8.446,8.451,8.425,8.438,5797386,none,AKShare/新浪基金历史,2026-09-04T01:02:29.548814+08:00
508018,2023-01-13,8.436,8.456,8.436,8.452,4861182,none,AKShare/新浪基金历史,2026-09-04T01:02:29.548814+08:00
508018,2023-01-16,8.453,8.476,8.444,8.474,4072122,none,AKShare/新浪基金历史,2026-09-04T01:02:29.548814+08:00
508018,2023-01-17,8.475,8.498,8.475,8.486,5145212,none,AKShare/新浪基金历史,2026-09-04T01:02:29.548814+08:00
508018,2023-01-18,8.486,8.491,8.446,8.485,4494136,none,AKShare/新浪基金历史,2026-09-04T01:02:29.548814+08:00
508018,2023-01-19,8.485,8.491,8.48,8.485,2947782,none,AKShare/新浪基金历史,2026-09-04T01:02:29.548814+08:00
508018,2023-01-20,8.489,8.53,8.489,8.527,3179534,none,AKShare/新浪基金历史,2026-09-04T01:02:29.548814+08:00
508018,2023-01-30,8.53,8.604,8.53,8.602,5767378,none,AKShare/新浪基金历史,2026-09-04T01:02:29.548814+08:00
508018,2023-01-31,8.606,8.673,8.602,8.665,6374173,none,AKShare/新浪基金历史,2026-09-04T01:02:29.548814+08:00
508018,2023-02-01,8.665,8.689,8.635,8.642,4260705,none,AKShare/新浪基金历史,2026-09-04T01:02:29.548814+08:00
508018,2023-02-02,8.637,8.64,8.563,8.579,6309124,none,AKShare/新浪基金历史,2026-09-04T01:02:29.548814+08:00
508018,2023-02-03,8.577,8.615,8.567,8.61,5125993,none,AKShare/新浪基金历史,2026-09-04T01:02:29.548814+08:00
508018,2023-02-06,8.609,8.66,8.539,8.629,4884002,none,AKShare/新浪基金历史,2026-09-04T01:02:29.548814+08:00
508018,2023-02-07,8.626,8.629,8.585,8.593,3991700,none,AKShare/新浪基金历史,2026-09-04T01:02:29.548814+08:00
508018,2023-02-08,8.593,8.608,8.585,8.601,3929737,none,AKShare/新浪基金历史,2026-09-04T01:02:29.548814+08:00
508018,2023-02-09,8.599,8.599,8.576,8.586,4679767,none,AKShare/新浪基金历史,2026-09-04T01:02:29.548814+08:00
508018,2023-02-10,8.585,8.628,8.571,8.6,5558448,none,AKShare/新浪基金历史,2026-09-04T01:02:29.548814+08:00
508018,2023-02-13,8.6,8.604,8.564,8.576,3703386,none,AKShare/新浪基金历史,2026-09-04T01:02:29.548814+08:00
508018,2023-02-14,8.576,8.602,8.556,8.57,5772389,none,AKShare/新浪基金历史,2026-09-04T01:02:29.548814+08:00
508018,2023-02-15,8.57,8.604,8.57,8.575,3610675,none,AKShare/新浪基金历史,2026-09-04T01:02:29.548814+08:00
508018,2023-02-16,8.565,8.602,8.565,8.576,4249635,none,AKShare/新浪基金历史,2026-09-04T01:02:29.548814+08:00
508018,2023-02-17,8.574,8.602,8.574,8.594,6275916,none,AKShare/新浪基金历史,2026-09-04T01:02:29.548814+08:00
508018,2023-02-20,8.593,8.599,8.578,8.595,7134993,none,AKShare/新浪基金历史,2026-09-04T01:02:29.548814+08:00
508018,2023-02-21,8.594,8.645,8.594,8.616,7602398,none,AKShare/新浪基金历史,2026-09-04T01:02:29.548814+08:00
508018,2023-02-22,8.615,8.645,8.601,8.605,5203387,none,AKShare/新浪基金历史,2026-09-04T01:02:29.548814+08:00
508018,2023-02-23,8.605,8.627,8.571,8.578,4308843,none,AKShare/新浪基金历史,2026-09-04T01:02:29.548814+08:00
508018,2023-02-24,8.578,8.58,8.493,8.518,4444093,none,AKShare/新浪基金历史,2026-09-04T01:02:29.548814+08:00
508018,2023-02-27,8.513,8.517,8.478,8.496,4896351,none,AKShare/新浪基金历史,2026-09-04T01:02:29.548814+08:00
508018,2023-02-28,8.494,8.509,8.484,8.49,7120326,none,AKShare/新浪基金历史,2026-09-04T01:02:29.548814+08:00
508018,2023-03-01,8.49,8.507,8.49,8.499,6267147,none,AKShare/新浪基金历史,2026-09-04T01:02:29.548814+08:00
508018,2023-03-02,8.499,8.511,8.49,8.503,7197152,none,AKShare/新浪基金历史,2026-09-04T01:02:29.548814+08:00
508018,2023-03-03,8.503,8.516,8.496,8.5,9430928,none,AKShare/新浪基金历史,2026-09-04T01:02:29.548814+08:00
508018,2023-03-06,8.499,8.505,8.492,8.501,6944998,none,AKShare/新浪基金历史,2026-09-04T01:02:29.548814+08:00
508018,2023-03-07,8.499,8.502,8.479,8.484,6077676,none,AKShare/新浪基金历史,2026-09-04T01:02:29.548814+08:00
508018,2023-03-08,8.48,8.48,8.459,8.465,6262043,none,AKShare/新浪基金历史,2026-09-04T01:02:29.548814+08:00
508018,2023-03-09,8.433,8.464,8.433,8.437,3477885,none,AKShare/新浪基金历史,2026-09-04T01:02:29.548814+08:00
508018,2023-03-10,8.437,8.451,8.41,8.414,5136099,none,AKShare/新浪基金历史,2026-09-04T01:02:29.548814+08:00
508018,2023-03-13,8.415,8.425,8.363,8.393,3611863,none,AKShare/新浪基金历史,2026-09-04T01:02:29.548814+08:00
508018,2023-03-14,8.361,8.386,8.361,8.383,8835515,none,AKShare/新浪基金历史,2026-09-04T01:02:29.548814+08:00
508018,2023-03-15,8.383,8.405,8.383,8.391,8463565,none,AKShare/新浪基金历史,2026-09-04T01:02:29.548814+08:00
508018,2023-03-16,8.393,8.404,8.36,8.361,3297623,none,AKShare/新浪基金历史,2026-09-04T01:02:29.548814+08:00
508018,2023-03-17,8.36,8.36,8.329,8.334,6109989,none,AKShare/新浪基金历史,2026-09-04T01:02:29.548814+08:00
508018,2023-03-20,8.334,8.34,8.23,8.243,5777841,none,AKShare/新浪基金历史,2026-09-04T01:02:29.548814+08:00
508018,2023-03-21,8.243,8.25,8.209,8.215,5828102,none,AKShare/新浪基金历史,2026-09-04T01:02:29.548814+08:00
508018,2023-03-22,8.215,8.215,8.19,8.197,5971643,none,AKShare/新浪基金历史,2026-09-04T01:02:29.548814+08:00
508018,2023-03-23,8.19,8.205,8.19,8.202,4224063,none,AKShare/新浪基金历史,2026-09-04T01:02:29.548814+08:00
508018,2023-03-24,8.202,8.217,8.202,8.213,3834898,none,AKShare/新浪基金历史,2026-09-04T01:02:29.548814+08:00
508018,2023-03-27,8.214,8.23,8.198,8.199,5560840,none,AKShare/新浪基金历史,2026-09-04T01:02:29.548814+08:00
508018,2023-03-28,8.199,8.202,8.164,8.166,3406216,none,AKShare/新浪基金历史,2026-09-04T01:02:29.548814+08:00
508018,2023-03-29,8.165,8.165,8.103,8.123,3058791,none,AKShare/新浪基金历史,2026-09-04T01:02:29.548814+08:00
508018,2023-03-30,8.123,8.129,8.097,8.117,3839414,none,AKShare/新浪基金历史,2026-09-04T01:02:29.548814+08:00
508018,2023-03-31,8.116,8.185,8.116,8.165,5978222,none,AKShare/新浪基金历史,2026-09-04T01:02:29.548814+08:00
508018,2023-04-03,8.163,8.225,8.15,8.157,8083960,none,AKShare/新浪基金历史,2026-09-04T01:02:29.548814+08:00
508018,2023-04-04,8.157,8.158,8.125,8.15,6250987,none,AKShare/新浪基金历史,2026-09-04T01:02:29.548814+08:00
508018,2023-04-06,8.151,8.156,8.1,8.12,6434624,none,AKShare/新浪基金历史,2026-09-04T01:02:29.548814+08:00
508018,2023-04-07,8.121,8.143,8.109,8.141,6974451,none,AKShare/新浪基金历史,2026-09-04T01:02:29.548814+08:00
508018,2023-04-10,8.141,8.155,8.136,8.144,5855081,none,AKShare/新浪基金历史,2026-09-04T01:02:29.548814+08:00
508018,2023-04-11,8.144,8.157,8.142,8.15,6548387,none,AKShare/新浪基金历史,2026-09-04T01:02:29.548814+08:00
508018,2023-04-12,8.15,8.155,8.143,8.153,4961643,none,AKShare/新浪基金历史,2026-09-04T01:02:29.548814+08:00
508018,2023-04-13,8.151,8.154,8.135,8.14,5623645,none,AKShare/新浪基金历史,2026-09-04T01:02:29.548814+08:00
508018,2023-04-14,8.139,8.147,8.1,8.103,4979376,none,AKShare/新浪基金历史,2026-09-04T01:02:29.548814+08:00
508018,2023-04-17,8.103,8.106,8.07,8.077,5639759,none,AKShare/新浪基金历史,2026-09-04T01:02:29.548814+08:00
508018,2023-04-18,8.076,8.076,8.01,8.02,5770933,none,AKShare/新浪基金历史,2026-09-04T01:02:29.548814+08:00
508018,2023-04-19,8.02,8.023,7.955,8.018,7810789,none,AKShare/新浪基金历史,2026-09-04T01:02:29.548814+08:00
508018,2023-04-20,8.022,8.022,7.855,7.997,10712067,none,AKShare/新浪基金历史,2026-09-04T01:02:29.548814+08:00
508018,2023-04-21,7.99,7.992,7.871,7.888,3451452,none,AKShare/新浪基金历史,2026-09-04T01:02:29.548814+08:00
508018,2023-04-24,7.878,7.878,7.728,7.731,4166273,none,AKShare/新浪基金历史,2026-09-04T01:02:29.548814+08:00
508018,2023-04-25,7.73,7.731,7.491,7.492,4969756,none,AKShare/新浪基金历史,2026-09-04T01:02:29.548814+08:00
508018,2023-04-26,7.492,7.492,6.778,7.163,7391572,none,AKShare/新浪基金历史,2026-09-04T01:02:29.548814+08:00
508018,2023-04-27,7.1,7.1,6.9,7.015,3234072,none,AKShare/新浪基金历史,2026-09-04T01:02:29.548814+08:00
508018,2023-04-28,7.014,7.21,7.0,7.11,9346092,none,AKShare/新浪基金历史,2026-09-04T01:02:29.548814+08:00
508018,2023-05-04,7.1,7.111,7.063,7.074,3628854,none,AKShare/新浪基金历史,2026-09-04T01:02:29.548814+08:00
508018,2023-05-05,7.077,7.102,7.063,7.071,3987700,none,AKShare/新浪基金历史,2026-09-04T01:02:29.548814+08:00
508018,2023-05-08,7.075,7.085,6.99,7.024,4437897,none,AKShare/新浪基金历史,2026-09-04T01:02:29.548814+08:00
508018,2023-05-09,7.029,7.052,6.985,7.051,4966000,none,AKShare/新浪基金历史,2026-09-04T01:02:29.548814+08:00
508018,2023-05-10,7.054,7.199,7.03,7.187,5506655,none,AKShare/新浪基金历史,2026-09-04T01:02:29.548814+08:00
508018,2023-05-11,7.124,7.186,7.085,7.184,6198053,none,AKShare/新浪基金历史,2026-09-04T01:02:29.548814+08:00
508018,2023-05-12,7.189,7.189,7.136,7.15,3733206,none,AKShare/新浪基金历史,2026-09-04T01:02:29.548814+08:00
508018,2023-05-15,7.15,7.15,7.064,7.087,4219417,none,AKShare/新浪基金历史,2026-09-04T01:02:29.548814+08:00
508018,2023-05-16,7.1,7.145,7.065,7.143,3854326,none,AKShare/新浪基金历史,2026-09-04T01:02:29.548814+08:00
508018,2023-05-17,7.143,7.143,7.108,7.112,2526033,none,AKShare/新浪基金历史,2026-09-04T01:02:29.548814+08:00
508018,2023-05-18,7.112,7.125,7.091,7.099,1694318,none,AKShare/新浪基金历史,2026-09-04T01:02:29.548814+08:00
508018,2023-05-19,7.1,7.105,7.062,7.072,1944084,none,AKShare/新浪基金历史,2026-09-04T01:02:29.548814+08:00
508018,2023-05-22,7.072,7.102,7.072,7.093,2605575,none,AKShare/新浪基金历史,2026-09-04T01:02:29.548814+08:00
508018,2023-05-23,7.093,7.103,7.08,7.094,3237675,none,AKShare/新浪基金历史,2026-09-04T01:02:29.548814+08:00
508018,2023-05-24,7.099,7.099,7.068,7.08,2779700,none,AKShare/新浪基金历史,2026-09-04T01:02:29.548814+08:00
508018,2023-05-25,7.08,7.125,7.071,7.109,2889812,none,AKShare/新浪基金历史,2026-09-04T01:02:29.548814+08:00
508018,2023-05-26,7.11,7.11,7.046,7.052,4413775,none,AKShare/新浪基金历史,2026-09-04T01:02:29.548814+08:00
508018,2023-05-29,7.052,7.052,6.942,6.946,3997179,none,AKShare/新浪基金历史,2026-09-04T01:02:29.548814+08:00
508018,2023-05-30,6.944,6.945,6.708,6.733,4054157,none,AKShare/新浪基金历史,2026-09-04T01:02:29.548814+08:00
508018,2023-05-31,6.722,6.722,6.656,6.677,4624106,none,AKShare/新浪基金历史,2026-09-04T01:02:29.548814+08:00
508018,2023-06-01,6.675,6.675,6.588,6.589,3055128,none,AKShare/新浪基金历史,2026-09-04T01:02:29.548814+08:00
508018,2023-06-02,6.589,6.59,6.452,6.479,4097292,none,AKShare/新浪基金历史,2026-09-04T01:02:29.548814+08:00
508018,2023-06-05,6.475,6.475,6.194,6.205,7367111,none,AKShare/新浪基金历史,2026-09-04T01:02:29.548814+08:00
508018,2023-06-06,6.194,6.204,6.0,6.184,6468693,none,AKShare/新浪基金历史,2026-09-04T01:02:29.548814+08:00
508018,2023-06-07,6.186,6.235,6.167,6.229,3687348,none,AKShare/新浪基金历史,2026-09-04T01:02:29.548814+08:00
508018,2023-06-08,6.232,6.369,6.23,6.353,5946468,none,AKShare/新浪基金历史,2026-09-04T01:02:29.548814+08:00
508018,2023-06-09,6.356,6.382,6.33,6.368,4287301,none,AKShare/新浪基金历史,2026-09-04T01:02:29.548814+08:00
508018,2023-06-12,6.363,6.363,6.3,6.345,2934156,none,AKShare/新浪基金历史,2026-09-04T01:02:29.548814+08:00
508018,2023-06-13,6.337,6.349,6.32,6.347,1413258,none,AKShare/新浪基金历史,2026-09-04T01:02:29.548814+08:00
508018,2023-06-14,6.348,6.355,6.322,6.335,2353875,none,AKShare/新浪基金历史,2026-09-04T01:02:29.548814+08:00
508018,2023-06-15,6.242,6.249,6.149,6.158,2177647,none,AKShare/新浪基金历史,2026-09-04T01:02:29.548814+08:00
508018,2023-06-16,6.158,6.158,6.11,6.148,2026496,none,AKShare/新浪基金历史,2026-09-04T01:02:29.548814+08:00
508018,2023-06-19,6.146,6.146,6.1,6.106,1725178,none,AKShare/新浪基金历史,2026-09-04T01:02:29.548814+08:00
508018,2023-06-20,6.106,6.115,6.07,6.079,2410731,none,AKShare/新浪基金历史,2026-09-04T01:02:29.548814+08:00
508018,2023-06-21,6.078,6.078,5.988,5.989,2698215,none,AKShare/新浪基金历史,2026-09-04T01:02:29.548814+08:00
508018,2023-06-26,5.991,5.995,5.911,5.932,2823894,none,AKShare/新浪基金历史,2026-09-04T01:02:29.548814+08:00
508018,2023-06-27,5.932,5.94,5.9,5.909,2244409,none,AKShare/新浪基金历史,2026-09-04T01:02:29.548814+08:00
508018,2023-06-28,5.908,5.914,5.844,5.883,3586901,none,AKShare/新浪基金历史,2026-09-04T01:02:29.548814+08:00
508018,2023-06-29,5.883,5.907,5.813,5.863,3237045,none,AKShare/新浪基金历史,2026-09-04T01:02:29.548814+08:00
508018,2023-06-30,5.864,5.899,5.829,5.891,5815860,none,AKShare/新浪基金历史,2026-09-04T01:02:29.548814+08:00
508018,2023-07-03,5.888,5.905,5.868,5.883,3487889,none,AKShare/新浪基金历史,2026-09-04T01:02:29.548814+08:00
508018,2023-07-04,5.882,5.9,5.871,5.881,3307723,none,AKShare/新浪基金历史,2026-09-04T01:02:29.548814+08:00
508018,2023-07-05,5.881,5.881,5.82,5.838,3024044,none,AKShare/新浪基金历史,2026-09-04T01:02:29.548814+08:00
508018,2023-07-06,5.834,5.894,5.813,5.849,5170499,none,AKShare/新浪基金历史,2026-09-04T01:02:29.548814+08:00
508018,2023-07-07,5.862,5.94,5.845,5.908,5684081,none,AKShare/新浪基金历史,2026-09-04T01:02:29.548814+08:00
508018,2023-07-10,5.905,5.932,5.905,5.929,4190533,none,AKShare/新浪基金历史,2026-09-04T01:02:29.548814+08:00
508018,2023-07-11,5.93,5.939,5.902,5.918,4502601,none,AKShare/新浪基金历史,2026-09-04T01:02:29.548814+08:00
508018,2023-07-12,5.918,5.92,5.908,5.91,2917153,none,AKShare/新浪基金历史,2026-09-04T01:02:29.548814+08:00
508018,2023-07-13,5.911,5.919,5.902,5.913,3655392,none,AKShare/新浪基金历史,2026-09-04T01:02:29.548814+08:00
508018,2023-07-14,5.913,6.029,5.906,6.008,4107692,none,AKShare/新浪基金历史,2026-09-04T01:02:29.548814+08:00
508018,2023-07-17,6.012,6.256,6.008,6.249,5103558,none,AKShare/新浪基金历史,2026-09-04T01:02:29.548814+08:00
508018,2023-07-18,6.25,6.483,6.236,6.459,6865873,none,AKShare/新浪基金历史,2026-09-04T01:02:29.548814+08:00
508018,2023-07-19,6.455,6.59,6.258,6.542,9704544,none,AKShare/新浪基金历史,2026-09-04T01:02:29.548814+08:00
508018,2023-07-20,6.497,6.497,6.33,6.396,5571699,none,AKShare/新浪基金历史,2026-09-04T01:02:29.548814+08:00
508018,2023-07-21,6.393,6.393,6.281,6.336,3529605,none,AKShare/新浪基金历史,2026-09-04T01:02:29.548814+08:00
508018,2023-07-24,6.32,6.32,6.212,6.22,2579255,none,AKShare/新浪基金历史,2026-09-04T01:02:29.548814+08:00
508018,2023-07-25,6.217,6.25,6.208,6.221,4638406,none,AKShare/新浪基金历史,2026-09-04T01:02:29.548814+08:00
508018,2023-07-26,6.239,6.264,6.213,6.223,2200475,none,AKShare/新浪基金历史,2026-09-04T01:02:29.548814+08:00
508018,2023-07-27,6.223,6.242,6.183,6.193,1870568,none,AKShare/新浪基金历史,2026-09-04T01:02:29.548814+08:00
508018,2023-07-28,6.194,6.194,6.116,6.175,2855648,none,AKShare/新浪基金历史,2026-09-04T01:02:29.548814+08:00
508018,2023-07-31,6.175,6.246,6.165,6.168,3239252,none,AKShare/新浪基金历史,2026-09-04T01:02:29.548814+08:00
508018,2023-08-01,6.17,6.244,6.141,6.16,3570950,none,AKShare/新浪基金历史,2026-09-04T01:02:29.548814+08:00
508018,2023-08-02,6.148,6.199,6.148,6.173,2136465,none,AKShare/新浪基金历史,2026-09-04T01:02:29.548814+08:00
508018,2023-08-03,6.173,6.198,6.17,6.197,2909941,none,AKShare/新浪基金历史,2026-09-04T01:02:29.548814+08:00
508018,2023-08-04,6.195,6.228,6.195,6.219,2202157,none,AKShare/新浪基金历史,2026-09-04T01:02:29.548814+08:00
508018,2023-08-07,6.218,6.227,6.195,6.223,1597475,none,AKShare/新浪基金历史,2026-09-04T01:02:29.548814+08:00
508018,2023-08-08,6.222,6.233,6.19,6.207,2075501,none,AKShare/新浪基金历史,2026-09-04T01:02:29.548814+08:00
508018,2023-08-09,6.208,6.217,6.18,6.196,1701339,none,AKShare/新浪基金历史,2026-09-04T01:02:29.548814+08:00
508018,2023-08-10,6.196,6.198,6.18,6.187,2305995,none,AKShare/新浪基金历史,2026-09-04T01:02:29.548814+08:00
508018,2023-08-11,6.186,6.19,6.145,6.15,1950387,none,AKShare/新浪基金历史,2026-09-04T01:02:29.548814+08:00
508018,2023-08-14,6.148,6.148,6.051,6.092,2302526,none,AKShare/新浪基金历史,2026-09-04T01:02:29.548814+08:00
508018,2023-08-15,6.091,6.128,6.08,6.119,2238103,none,AKShare/新浪基金历史,2026-09-04T01:02:29.548814+08:00
508018,2023-08-16,6.129,6.132,6.1,6.124,1816064,none,AKShare/新浪基金历史,2026-09-04T01:02:29.548814+08:00
508018,2023-08-17,6.123,6.125,6.112,6.122,1716426,none,AKShare/新浪基金历史,2026-09-04T01:02:29.548814+08:00
508018,2023-08-18,6.118,6.139,6.118,6.123,1966948,none,AKShare/新浪基金历史,2026-09-04T01:02:29.548814+08:00
508018,2023-08-21,6.12,6.12,6.095,6.101,1225242,none,AKShare/新浪基金历史,2026-09-04T01:02:29.548814+08:00
508018,2023-08-22,6.098,6.101,5.988,6.053,3451478,none,AKShare/新浪基金历史,2026-09-04T01:02:29.548814+08:00
508018,2023-08-23,6.043,6.043,5.995,6.015,3333769,none,AKShare/新浪基金历史,2026-09-04T01:02:29.548814+08:00
508018,2023-08-24,6.015,6.018,5.994,6.016,2921277,none,AKShare/新浪基金历史,2026-09-04T01:02:29.548814+08:00
508018,2023-08-25,6.01,6.026,6.0,6.004,4102758,none,AKShare/新浪基金历史,2026-09-04T01:02:29.548814+08:00
508018,2023-08-28,6.031,6.068,5.988,5.999,3205967,none,AKShare/新浪基金历史,2026-09-04T01:02:29.548814+08:00
508018,2023-08-29,5.965,5.965,5.916,5.918,2969821,none,AKShare/新浪基金历史,2026-09-04T01:02:29.548814+08:00
508018,2023-08-30,5.918,5.93,5.905,5.918,3155425,none,AKShare/新浪基金历史,2026-09-04T01:02:29.548814+08:00
508018,2023-08-31,5.918,5.93,5.885,5.893,2441892,none,AKShare/新浪基金历史,2026-09-04T01:02:29.548814+08:00
508018,2023-09-01,5.894,5.92,5.862,5.883,2723349,none,AKShare/新浪基金历史,2026-09-04T01:02:29.548814+08:00
508018,2023-09-04,5.883,5.892,5.871,5.877,3441526,none,AKShare/新浪基金历史,2026-09-04T01:02:29.548814+08:00
508018,2023-09-05,5.877,5.897,5.873,5.891,2038891,none,AKShare/新浪基金历史,2026-09-04T01:02:29.548814+08:00
508018,2023-09-06,5.895,5.903,5.865,5.878,1968783,none,AKShare/新浪基金历史,2026-09-04T01:02:29.548814+08:00
508018,2023-09-07,5.878,5.885,5.841,5.845,2480214,none,AKShare/新浪基金历史,2026-09-04T01:02:29.548814+08:00
508018,2023-09-08,5.845,5.868,5.821,5.828,3583530,none,AKShare/新浪基金历史,2026-09-04T01:02:29.548814+08:00
508018,2023-09-11,5.828,5.845,5.82,5.842,2777498,none,AKShare/新浪基金历史,2026-09-04T01:02:29.548814+08:00
508018,2023-09-12,5.841,5.855,5.827,5.837,2620308,none,AKShare/新浪基金历史,2026-09-04T01:02:29.548814+08:00
508018,2023-09-13,5.838,5.854,5.803,5.836,4541767,none,AKShare/新浪基金历史,2026-09-04T01:02:29.548814+08:00
508018,2023-09-14,5.833,5.855,5.803,5.846,4172592,none,AKShare/新浪基金历史,2026-09-04T01:02:29.548814+08:00
508018,2023-09-15,5.844,5.852,5.831,5.846,4007738,none,AKShare/新浪基金历史,2026-09-04T01:02:29.548814+08:00
508018,2023-09-18,5.844,5.85,5.834,5.834,2324029,none,AKShare/新浪基金历史,2026-09-04T01:02:29.548814+08:00
508018,2023-09-19,5.833,5.842,5.791,5.819,3439285,none,AKShare/新浪基金历史,2026-09-04T01:02:29.548814+08:00
508018,2023-09-20,5.804,5.816,5.798,5.799,2669582,none,AKShare/新浪基金历史,2026-09-04T01:02:29.548814+08:00
508018,2023-09-21,5.799,5.805,5.778,5.798,3044193,none,AKShare/新浪基金历史,2026-09-04T01:02:29.548814+08:00
508018,2023-09-22,5.797,5.797,5.767,5.793,3116449,none,AKShare/新浪基金历史,2026-09-04T01:02:29.548814+08:00
508018,2023-09-25,5.789,5.789,5.745,5.759,3152157,none,AKShare/新浪基金历史,2026-09-04T01:02:29.548814+08:00
508018,2023-09-26,5.759,5.762,5.745,5.762,2030359,none,AKShare/新浪基金历史,2026-09-04T01:02:29.548814+08:00
508018,2023-09-27,5.762,5.9,5.751,5.888,6200916,none,AKShare/新浪基金历史,2026-09-04T01:02:29.548814+08:00
508018,2023-09-28,5.888,5.993,5.888,5.971,10742496,none,AKShare/新浪基金历史,2026-09-04T01:02:29.548814+08:00
508018,2023-10-09,5.964,5.965,5.915,5.938,4202525,none,AKShare/新浪基金历史,2026-09-04T01:02:29.548814+08:00
508018,2023-10-10,5.938,5.94,5.888,5.901,3139931,none,AKShare/新浪基金历史,2026-09-04T01:02:29.548814+08:00
508018,2023-10-11,5.905,5.905,5.862,5.883,2791475,none,AKShare/新浪基金历史,2026-09-04T01:02:29.548814+08:00
508018,2023-10-12,5.88,5.898,5.873,5.889,3268524,none,AKShare/新浪基金历史,2026-09-04T01:02:29.548814+08:00
508018,2023-10-13,5.908,5.908,5.88,5.896,2575766,none,AKShare/新浪基金历史,2026-09-04T01:02:29.548814+08:00
508018,2023-10-16,5.897,5.897,5.845,5.846,3116732,none,AKShare/新浪基金历史,2026-09-04T01:02:29.548814+08:00
508018,2023-10-17,5.846,5.865,5.805,5.823,3284367,none,AKShare/新浪基金历史,2026-09-04T01:02:29.548814+08:00
508018,2023-10-18,5.82,5.826,5.788,5.812,2908913,none,AKShare/新浪基金历史,2026-09-04T01:02:29.548814+08:00
508018,2023-10-19,5.813,5.816,5.75,5.781,1924554,none,AKShare/新浪基金历史,2026-09-04T01:02:29.548814+08:00
508018,2023-10-20,5.78,5.78,5.691,5.695,3302947,none,AKShare/新浪基金历史,2026-09-04T01:02:29.548814+08:00
508018,2023-10-23,5.695,5.699,5.643,5.68,3400731,none,AKShare/新浪基金历史,2026-09-04T01:02:29.548814+08:00
508018,2023-10-24,5.679,5.75,5.648,5.749,3344607,none,AKShare/新浪基金历史,2026-09-04T01:02:29.548814+08:00
508018,2023-10-25,5.748,5.801,5.71,5.726,3111283,none,AKShare/新浪基金历史,2026-09-04T01:02:29.548814+08:00
508018,2023-10-26,5.726,5.744,5.705,5.715,2983504,none,AKShare/新浪基金历史,2026-09-04T01:02:29.548814+08:00
508018,2023-10-27,5.709,5.72,5.693,5.715,3870365,none,AKShare/新浪基金历史,2026-09-04T01:02:29.548814+08:00
508018,2023-10-30,5.709,5.715,5.68,5.709,3368669,none,AKShare/新浪基金历史,2026-09-04T01:02:29.548814+08:00
508018,2023-10-31,5.701,5.708,5.681,5.699,3020397,none,AKShare/新浪基金历史,2026-09-04T01:02:29.548814+08:00
508018,2023-11-01,5.697,5.7,5.684,5.695,3051159,none,AKShare/新浪基金历史,2026-09-04T01:02:29.548814+08:00
508018,2023-11-02,5.694,5.695,5.672,5.693,2259600,none,AKShare/新浪基金历史,2026-09-04T01:02:29.548814+08:00
508018,2023-11-03,5.687,5.709,5.686,5.689,3269316,none,AKShare/新浪基金历史,2026-09-04T01:02:29.548814+08:00
508018,2023-11-06,5.688,5.698,5.661,5.666,4071377,none,AKShare/新浪基金历史,2026-09-04T01:02:29.548814+08:00
508018,2023-11-07,5.663,5.663,5.649,5.649,1619630,none,AKShare/新浪基金历史,2026-09-04T01:02:29.548814+08:00
508018,2023-11-08,5.648,5.663,5.625,5.627,3597180,none,AKShare/新浪基金历史,2026-09-04T01:02:29.548814+08:00
508018,2023-11-09,5.627,5.637,5.587,5.602,5488072,none,AKShare/新浪基金历史,2026-09-04T01:02:29.548814+08:00
508018,2023-11-10,5.603,5.605,5.583,5.601,3063142,none,AKShare/新浪基金历史,2026-09-04T01:02:29.548814+08:00
508018,2023-11-13,5.6,5.6,5.546,5.558,4342729,none,AKShare/新浪基金历史,2026-09-04T01:02:29.548814+08:00
508018,2023-11-14,5.555,5.556,5.533,5.543,2207807,none,AKShare/新浪基金历史,2026-09-04T01:02:29.548814+08:00
508018,2023-11-15,5.541,5.541,5.49,5.506,3124752,none,AKShare/新浪基金历史,2026-09-04T01:02:29.548814+08:00
508018,2023-11-16,5.487,5.6,5.426,5.483,3025742,none,AKShare/新浪基金历史,2026-09-04T01:02:29.548814+08:00
508018,2023-11-17,5.468,5.481,5.445,5.473,3466424,none,AKShare/新浪基金历史,2026-09-04T01:02:29.548814+08:00
508018,2023-11-20,5.458,5.498,5.427,5.483,2367152,none,AKShare/新浪基金历史,2026-09-04T01:02:29.548814+08:00
508018,2023-11-21,5.48,5.543,5.462,5.54,3993360,none,AKShare/新浪基金历史,2026-09-04T01:02:29.548814+08:00
508018,2023-11-22,5.539,5.539,5.489,5.512,3229572,none,AKShare/新浪基金历史,2026-09-04T01:02:29.548814+08:00
508018,2023-11-23,5.505,5.505,5.437,5.438,5350544,none,AKShare/新浪基金历史,2026-09-04T01:02:29.548814+08:00
508018,2023-11-24,5.439,5.453,5.4,5.407,3369886,none,AKShare/新浪基金历史,2026-09-04T01:02:29.548814+08:00
508018,2023-11-27,5.345,5.345,5.29,5.291,2871676,none,AKShare/新浪基金历史,2026-09-04T01:02:29.548814+08:00
508018,2023-11-28,5.29,5.304,5.262,5.288,2952677,none,AKShare/新浪基金历史,2026-09-04T01:02:29.548814+08:00
508018,2023-11-29,5.285,5.288,5.209,5.241,4211729,none,AKShare/新浪基金历史,2026-09-04T01:02:29.548814+08:00
508018,2023-11-30,5.245,5.261,5.223,5.248,3962182,none,AKShare/新浪基金历史,2026-09-04T01:02:29.548814+08:00
508018,2023-12-01,5.241,5.249,5.203,5.241,3476380,none,AKShare/新浪基金历史,2026-09-04T01:02:29.548814+08:00
508018,2023-12-04,5.232,5.239,5.181,5.226,3523079,none,AKShare/新浪基金历史,2026-09-04T01:02:29.548814+08:00
508018,2023-12-05,5.217,5.235,5.201,5.229,3061427,none,AKShare/新浪基金历史,2026-09-04T01:02:29.548814+08:00
508018,2023-12-06,5.226,5.237,5.213,5.228,2766712,none,AKShare/新浪基金历史,2026-09-04T01:02:29.548814+08:00
508018,2023-12-07,5.227,5.227,5.186,5.204,2643440,none,AKShare/新浪基金历史,2026-09-04T01:02:29.548814+08:00
508018,2023-12-08,5.201,5.201,5.138,5.155,3173064,none,AKShare/新浪基金历史,2026-09-04T01:02:29.548814+08:00
508018,2023-12-11,5.155,5.157,5.061,5.096,4877115,none,AKShare/新浪基金历史,2026-09-04T01:02:29.548814+08:00
508018,2023-12-12,5.095,5.095,5.025,5.057,3796405,none,AKShare/新浪基金历史,2026-09-04T01:02:29.548814+08:00
508018,2023-12-13,5.048,5.049,4.999,5.018,3450583,none,AKShare/新浪基金历史,2026-09-04T01:02:29.548814+08:00
508018,2023-12-14,5.0,5.025,4.999,5.009,2294064,none,AKShare/新浪基金历史,2026-09-04T01:02:29.548814+08:00
508018,2023-12-15,5.007,5.027,4.995,5.023,2121409,none,AKShare/新浪基金历史,2026-09-04T01:02:29.548814+08:00
508018,2023-12-18,5.023,5.048,5.001,5.039,1423614,none,AKShare/新浪基金历史,2026-09-04T01:02:29.548814+08:00
508018,2023-12-19,5.039,5.098,5.031,5.095,2202015,none,AKShare/新浪基金历史,2026-09-04T01:02:29.548814+08:00
508018,2023-12-20,5.094,5.115,5.069,5.108,4867703,none,AKShare/新浪基金历史,2026-09-04T01:02:29.548814+08:00
508018,2023-12-21,5.107,5.182,5.071,5.166,7226548,none,AKShare/新浪基金历史,2026-09-04T01:02:29.548814+08:00
508018,2023-12-22,5.165,5.288,5.109,5.151,7894992,none,AKShare/新浪基金历史,2026-09-04T01:02:29.548814+08:00
508018,2023-12-25,5.134,5.14,5.054,5.126,4196498,none,AKShare/新浪基金历史,2026-09-04T01:02:29.548814+08:00
508018,2023-12-26,5.117,5.125,5.082,5.119,2674084,none,AKShare/新浪基金历史,2026-09-04T01:02:29.548814+08:00
508018,2023-12-27,5.113,5.117,5.089,5.104,2419042,none,AKShare/新浪基金历史,2026-09-04T01:02:29.548814+08:00
508018,2023-12-28,5.101,5.118,5.084,5.107,2259474,none,AKShare/新浪基金历史,2026-09-04T01:02:29.548814+08:00
508018,2023-12-29,5.111,5.178,5.082,5.15,3552501,none,AKShare/新浪基金历史,2026-09-04T01:02:29.548814+08:00
508018,2024-01-02,5.122,5.158,5.122,5.132,3608262,none,AKShare/新浪基金历史,2026-09-04T01:02:29.548814+08:00
508018,2024-01-03,5.124,5.15,5.107,5.123,4697754,none,AKShare/新浪基金历史,2026-09-04T01:02:29.548814+08:00
508018,2024-01-04,5.122,5.123,5.093,5.109,2213304,none,AKShare/新浪基金历史,2026-09-04T01:02:29.548814+08:00
508018,2024-01-05,5.105,5.119,5.074,5.076,2918106,none,AKShare/新浪基金历史,2026-09-04T01:02:29.548814+08:00
508018,2024-01-08,5.073,5.076,5.011,5.036,2474825,none,AKShare/新浪基金历史,2026-09-04T01:02:29.548814+08:00
508018,2024-01-09,5.022,5.07,5.013,5.013,1849424,none,AKShare/新浪基金历史,2026-09-04T01:02:29.548814+08:00
508018,2024-01-10,5.013,5.014,4.988,4.991,2051819,none,AKShare/新浪基金历史,2026-09-04T01:02:29.548814+08:00
508018,2024-01-11,4.991,5.014,4.991,5.0,3121414,none,AKShare/新浪基金历史,2026-09-04T01:02:29.548814+08:00
508018,2024-01-12,5.0,5.0,4.976,4.983,2774695,none,AKShare/新浪基金历史,2026-09-04T01:02:29.548814+08:00
508018,2024-01-15,4.986,5.013,4.98,4.998,3285700,none,AKShare/新浪基金历史,2026-09-04T01:02:29.548814+08:00
508018,2024-01-16,4.998,5.016,4.989,5.002,3492203,none,AKShare/新浪基金历史,2026-09-04T01:02:29.548814+08:00
508018,2024-01-17,5.0,5.035,4.996,5.012,4746848,none,AKShare/新浪基金历史,2026-09-04T01:02:29.548814+08:00
508018,2024-01-18,5.009,5.009,4.9,4.949,3610517,none,AKShare/新浪基金历史,2026-09-04T01:02:29.548814+08:00
508018,2024-01-19,4.959,4.962,4.932,4.949,2995907,none,AKShare/新浪基金历史,2026-09-04T01:02:29.548814+08:00
508018,2024-01-22,4.949,4.949,4.851,4.874,3863335,none,AKShare/新浪基金历史,2026-09-04T01:02:29.548814+08:00
508018,2024-01-23,4.879,4.884,4.783,4.82,4643250,none,AKShare/新浪基金历史,2026-09-04T01:02:29.548814+08:00
508018,2024-01-24,4.819,4.819,4.697,4.723,6951930,none,AKShare/新浪基金历史,2026-09-04T01:02:29.548814+08:00
508018,2024-01-25,4.715,4.767,4.59,4.765,8534866,none,AKShare/新浪基金历史,2026-09-04T01:02:29.548814+08:00
508018,2024-01-26,4.719,4.77,4.685,4.762,4192721,none,AKShare/新浪基金历史,2026-09-04T01:02:29.548814+08:00
508018,2024-01-29,4.739,4.749,4.731,4.738,4191018,none,AKShare/新浪基金历史,2026-09-04T01:02:29.548814+08:00
508018,2024-01-30,4.738,4.755,4.711,4.73,4427354,none,AKShare/新浪基金历史,2026-09-04T01:02:29.548814+08:00
508018,2024-01-31,4.73,4.762,4.722,4.729,6071865,none,AKShare/新浪基金历史,2026-09-04T01:02:29.548814+08:00
508018,2024-02-01,4.724,4.747,4.72,4.73,9390461,none,AKShare/新浪基金历史,2026-09-04T01:02:29.548814+08:00
508018,2024-02-02,4.729,4.745,4.72,4.731,7175349,none,AKShare/新浪基金历史,2026-09-04T01:02:29.548814+08:00
508018,2024-02-05,4.731,4.745,4.726,4.739,5920251,none,AKShare/新浪基金历史,2026-09-04T01:02:29.548814+08:00
508018,2024-02-06,4.736,4.738,4.727,4.737,8622677,none,AKShare/新浪基金历史,2026-09-04T01:02:29.548814+08:00
508018,2024-02-07,4.738,4.763,4.733,4.75,6231152,none,AKShare/新浪基金历史,2026-09-04T01:02:29.548814+08:00
508018,2024-02-08,4.751,4.832,4.733,4.831,8738863,none,AKShare/新浪基金历史,2026-09-04T01:02:29.548814+08:00
508018,2024-02-19,4.833,5.115,4.833,5.102,8499842,none,AKShare/新浪基金历史,2026-09-04T01:02:29.548814+08:00
508018,2024-02-20,5.098,5.267,5.062,5.222,8543182,none,AKShare/新浪基金历史,2026-09-04T01:02:29.548814+08:00
508018,2024-02-21,5.2,5.26,5.182,5.25,5261402,none,AKShare/新浪基金历史,2026-09-04T01:02:29.548814+08:00
508018,2024-02-22,5.26,5.26,5.212,5.259,5935070,none,AKShare/新浪基金历史,2026-09-04T01:02:29.548814+08:00
508018,2024-02-23,5.259,5.361,5.235,5.354,8787188,none,AKShare/新浪基金历史,2026-09-04T01:02:29.548814+08:00
508018,2024-02-26,5.322,5.597,5.319,5.588,8779180,none,AKShare/新浪基金历史,2026-09-04T01:02:29.548814+08:00
508018,2024-02-27,5.589,5.65,5.521,5.568,7012087,none,AKShare/新浪基金历史,2026-09-04T01:02:29.548814+08:00
508018,2024-02-28,5.551,5.551,5.446,5.461,6679652,none,AKShare/新浪基金历史,2026-09-04T01:02:29.548814+08:00
508018,2024-02-29,5.43,5.477,5.395,5.467,9207398,none,AKShare/新浪基金历史,2026-09-04T01:02:29.548814+08:00
508018,2024-03-01,5.464,5.595,5.464,5.579,8932649,none,AKShare/新浪基金历史,2026-09-04T01:02:29.548814+08:00
508018,2024-03-04,5.578,5.65,5.543,5.628,8997876,none,AKShare/新浪基金历史,2026-09-04T01:02:29.548814+08:00
508018,2024-03-05,5.628,5.674,5.591,5.625,9782453,none,AKShare/新浪基金历史,2026-09-04T01:02:29.548814+08:00
508018,2024-03-06,5.625,5.669,5.574,5.598,8989398,none,AKShare/新浪基金历史,2026-09-04T01:02:29.548814+08:00
508018,2024-03-07,5.579,5.618,5.491,5.537,8248749,none,AKShare/新浪基金历史,2026-09-04T01:02:29.548814+08:00
508018,2024-03-08,5.534,5.534,5.401,5.461,11146839,none,AKShare/新浪基金历史,2026-09-04T01:02:29.548814+08:00
508018,2024-03-11,5.456,5.47,5.421,5.428,6305882,none,AKShare/新浪基金历史,2026-09-04T01:02:29.548814+08:00
508018,2024-03-12,5.428,5.438,5.352,5.38,6505184,none,AKShare/新浪基金历史,2026-09-04T01:02:29.548814+08:00
508018,2024-03-13,5.385,5.417,5.359,5.365,4832360,none,AKShare/新浪基金历史,2026-09-04T01:02:29.548814+08:00
508018,2024-03-14,5.363,5.387,5.288,5.292,6049011,none,AKShare/新浪基金历史,2026-09-04T01:02:29.548814+08:00
508018,2024-03-15,5.291,5.296,5.271,5.286,4806792,none,AKShare/新浪基金历史,2026-09-04T01:02:29.548814+08:00
508018,2024-03-18,5.287,5.323,5.27,5.273,5293169,none,AKShare/新浪基金历史,2026-09-04T01:02:29.548814+08:00
508018,2024-03-19,5.273,5.292,5.25,5.258,3682911,none,AKShare/新浪基金历史,2026-09-04T01:02:29.548814+08:00
508018,2024-03-20,5.257,5.257,5.155,5.214,6311062,none,AKShare/新浪基金历史,2026-09-04T01:02:29.548814+08:00
508018,2024-03-21,5.204,5.205,5.17,5.194,5176213,none,AKShare/新浪基金历史,2026-09-04T01:02:29.548814+08:00
508018,2024-03-22,5.172,5.194,5.134,5.148,5206249,none,AKShare/新浪基金历史,2026-09-04T01:02:29.548814+08:00
508018,2024-03-25,5.148,5.148,5.11,5.122,4476382,none,AKShare/新浪基金历史,2026-09-04T01:02:29.548814+08:00
508018,2024-03-26,5.122,5.228,5.122,5.219,6983291,none,AKShare/新浪基金历史,2026-09-04T01:02:29.548814+08:00
508018,2024-03-27,5.226,5.335,5.211,5.32,6031615,none,AKShare/新浪基金历史,2026-09-04T01:02:29.548814+08:00
508018,2024-03-28,5.32,5.33,5.238,5.277,5655833,none,AKShare/新浪基金历史,2026-09-04T01:02:29.548814+08:00
508018,2024-03-29,5.276,5.276,5.21,5.241,4604311,none,AKShare/新浪基金历史,2026-09-04T01:02:29.548814+08:00
508018,2024-04-01,5.239,5.279,5.211,5.241,5355803,none,AKShare/新浪基金历史,2026-09-04T01:02:29.548814+08:00
508018,2024-04-02,5.234,5.24,5.18,5.185,4682778,none,AKShare/新浪基金历史,2026-09-04T01:02:29.548814+08:00
508018,2024-04-03,5.181,5.214,5.181,5.205,4688642,none,AKShare/新浪基金历史,2026-09-04T01:02:29.548814+08:00
508018,2024-04-08,5.205,5.239,5.202,5.231,6349755,none,AKShare/新浪基金历史,2026-09-04T01:02:29.548814+08:00
508018,2024-04-09,5.229,5.249,5.217,5.243,5510390,none,AKShare/新浪基金历史,2026-09-04T01:02:29.548814+08:00
508018,2024-04-10,5.241,5.253,5.237,5.25,4484610,none,AKShare/新浪基金历史,2026-09-04T01:02:29.548814+08:00
508018,2024-04-11,5.251,5.257,5.23,5.238,4737161,none,AKShare/新浪基金历史,2026-09-04T01:02:29.548814+08:00
508018,2024-04-12,5.239,5.265,5.15,5.206,7438089,none,AKShare/新浪基金历史,2026-09-04T01:02:29.548814+08:00
508018,2024-04-15,5.197,5.206,5.154,5.173,6941054,none,AKShare/新浪基金历史,2026-09-04T01:02:29.548814+08:00
508018,2024-04-16,5.172,5.178,5.12,5.127,5196437,none,AKShare/新浪基金历史,2026-09-04T01:02:29.548814+08:00
508018,2024-04-17,5.134,5.143,5.121,5.135,4403711,none,AKShare/新浪基金历史,2026-09-04T01:02:29.548814+08:00
508018,2024-04-18,5.12,5.137,5.116,5.135,4355772,none,AKShare/新浪基金历史,2026-09-04T01:02:29.548814+08:00
508018,2024-04-19,5.131,5.134,5.1,5.11,3649528,none,AKShare/新浪基金历史,2026-09-04T01:02:29.548814+08:00
508018,2024-04-22,5.11,5.22,5.1,5.22,4840627,none,AKShare/新浪基金历史,2026-09-04T01:02:29.548814+08:00
508018,2024-04-23,5.218,5.32,5.201,5.308,4660217,none,AKShare/新浪基金历史,2026-09-04T01:02:29.548814+08:00
508018,2024-04-24,5.322,5.331,5.301,5.312,5701426,none,AKShare/新浪基金历史,2026-09-04T01:02:29.548814+08:00
508018,2024-04-25,5.312,5.359,5.312,5.358,5562462,none,AKShare/新浪基金历史,2026-09-04T01:02:29.548814+08:00
508018,2024-04-26,5.358,5.416,5.337,5.394,4632955,none,AKShare/新浪基金历史,2026-09-04T01:02:29.548814+08:00
508018,2024-04-29,5.315,5.333,5.28,5.3,5619355,none,AKShare/新浪基金历史,2026-09-04T01:02:29.548814+08:00
508018,2024-04-30,5.304,5.327,5.286,5.298,3799880,none,AKShare/新浪基金历史,2026-09-04T01:02:29.548814+08:00
508018,2024-05-06,5.297,5.311,5.29,5.304,4404373,none,AKShare/新浪基金历史,2026-09-04T01:02:29.548814+08:00
508018,2024-05-07,5.304,5.34,5.299,5.322,3780600,none,AKShare/新浪基金历史,2026-09-04T01:02:29.548814+08:00
508018,2024-05-08,5.322,5.339,5.309,5.32,3860895,none,AKShare/新浪基金历史,2026-09-04T01:02:29.548814+08:00
508018,2024-05-09,5.308,5.327,5.307,5.323,3795487,none,AKShare/新浪基金历史,2026-09-04T01:02:29.548814+08:00
508018,2024-05-10,5.32,5.35,5.26,5.333,8962718,none,AKShare/新浪基金历史,2026-09-04T01:02:29.548814+08:00
508018,2024-05-13,5.327,5.327,5.23,5.28,8103027,none,AKShare/新浪基金历史,2026-09-04T01:02:29.548814+08:00
508018,2024-05-14,5.271,5.295,5.257,5.287,4930898,none,AKShare/新浪基金历史,2026-09-04T01:02:29.548814+08:00
508018,2024-05-15,5.284,5.299,5.264,5.276,3913216,none,AKShare/新浪基金历史,2026-09-04T01:02:29.548814+08:00
508018,2024-05-16,5.27,5.293,5.27,5.288,3884408,none,AKShare/新浪基金历史,2026-09-04T01:02:29.548814+08:00
508018,2024-05-17,5.288,5.293,5.281,5.288,2524798,none,AKShare/新浪基金历史,2026-09-04T01:02:29.548814+08:00
508018,2024-05-20,5.289,5.292,5.244,5.25,5958745,none,AKShare/新浪基金历史,2026-09-04T01:02:29.548814+08:00
508018,2024-05-21,5.251,5.255,5.22,5.25,6161160,none,AKShare/新浪基金历史,2026-09-04T01:02:29.548814+08:00
508018,2024-05-22,5.248,5.25,5.184,5.224,7384994,none,AKShare/新浪基金历史,2026-09-04T01:02:29.548814+08:00
508018,2024-05-23,5.217,5.232,5.206,5.221,4353717,none,AKShare/新浪基金历史,2026-09-04T01:02:29.548814+08:00
508018,2024-05-24,5.224,5.272,5.211,5.256,3905876,none,AKShare/新浪基金历史,2026-09-04T01:02:29.548814+08:00
508018,2024-05-27,5.261,5.268,5.249,5.255,3325509,none,AKShare/新浪基金历史,2026-09-04T01:02:29.548814+08:00
508018,2024-05-28,5.283,5.283,5.247,5.254,3693666,none,AKShare/新浪基金历史,2026-09-04T01:02:29.548814+08:00
508018,2024-05-29,5.254,5.28,5.23,5.246,4777496,none,AKShare/新浪基金历史,2026-09-04T01:02:29.548814+08:00
508018,2024-05-30,5.244,5.259,5.234,5.252,5163066,none,AKShare/新浪基金历史,2026-09-04T01:02:29.548814+08:00
508018,2024-05-31,5.249,5.259,5.229,5.237,5725954,none,AKShare/新浪基金历史,2026-09-04T01:02:29.548814+08:00
508018,2024-06-03,5.238,5.255,5.238,5.25,4114491,none,AKShare/新浪基金历史,2026-09-04T01:02:29.548814+08:00
508018,2024-06-04,5.2,5.2,5.159,5.177,3399587,none,AKShare/新浪基金历史,2026-09-04T01:02:29.548814+08:00
508018,2024-06-05,5.188,5.188,5.161,5.176,6061191,none,AKShare/新浪基金历史,2026-09-04T01:02:29.548814+08:00
508018,2024-06-06,5.176,5.183,5.17,5.176,3297659,none,AKShare/新浪基金历史,2026-09-04T01:02:29.548814+08:00
508018,2024-06-07,5.178,5.178,5.062,5.117,7950512,none,AKShare/新浪基金历史,2026-09-04T01:02:29.548814+08:00
508018,2024-06-11,5.105,5.12,5.08,5.109,3977796,none,AKShare/新浪基金历史,2026-09-04T01:02:29.548814+08:00
508018,2024-06-12,5.109,5.129,5.061,5.107,3389573,none,AKShare/新浪基金历史,2026-09-04T01:02:29.548814+08:00
508018,2024-06-13,5.106,5.114,5.083,5.107,3550976,none,AKShare/新浪基金历史,2026-09-04T01:02:29.548814+08:00
508018,2024-06-14,5.107,5.162,5.103,5.159,3296175,none,AKShare/新浪基金历史,2026-09-04T01:02:29.548814+08:00
508018,2024-06-17,5.157,5.157,5.112,5.131,3699005,none,AKShare/新浪基金历史,2026-09-04T01:02:29.548814+08:00
508018,2024-06-18,5.124,5.139,5.113,5.119,3322888,none,AKShare/新浪基金历史,2026-09-04T01:02:29.548814+08:00
508018,2024-06-19,5.119,5.183,5.119,5.159,4770227,none,AKShare/新浪基金历史,2026-09-04T01:02:29.548814+08:00
508018,2024-06-20,5.157,5.158,5.069,5.075,5556119,none,AKShare/新浪基金历史,2026-09-04T01:02:29.548814+08:00
508018,2024-06-21,5.073,5.1,5.06,5.094,3301099,none,AKShare/新浪基金历史,2026-09-04T01:02:29.548814+08:00
508018,2024-06-24,5.088,5.131,5.078,5.1,3229921,none,AKShare/新浪基金历史,2026-09-04T01:02:29.548814+08:00
508018,2024-06-25,5.08,5.119,5.076,5.097,3791894,none,AKShare/新浪基金历史,2026-09-04T01:02:29.548814+08:00
508018,2024-06-26,5.091,5.12,5.061,5.101,2316780,none,AKShare/新浪基金历史,2026-09-04T01:02:29.548814+08:00
508018,2024-06-27,5.101,5.129,5.086,5.121,2362730,none,AKShare/新浪基金历史,2026-09-04T01:02:29.548814+08:00
508018,2024-06-28,5.119,5.125,5.08,5.098,2689771,none,AKShare/新浪基金历史,2026-09-04T01:02:29.548814+08:00
508018,2024-07-01,5.087,5.1,5.072,5.087,3421054,none,AKShare/新浪基金历史,2026-09-04T01:02:29.548814+08:00
508018,2024-07-02,5.076,5.092,5.074,5.075,2840735,none,AKShare/新浪基金历史,2026-09-04T01:02:29.548814+08:00
508018,2024-07-03,5.077,5.089,5.068,5.074,4097135,none,AKShare/新浪基金历史,2026-09-04T01:02:29.548814+08:00
508018,2024-07-04,5.075,5.088,5.07,5.075,2094072,none,AKShare/新浪基金历史,2026-09-04T01:02:29.548814+08:00
508018,2024-07-05,5.075,5.089,5.074,5.085,3656963,none,AKShare/新浪基金历史,2026-09-04T01:02:29.548814+08:00
508018,2024-07-08,5.079,5.083,5.06,5.082,3945098,none,AKShare/新浪基金历史,2026-09-04T01:02:29.548814+08:00
508018,2024-07-09,5.076,5.085,5.062,5.067,2110426,none,AKShare/新浪基金历史,2026-09-04T01:02:29.548814+08:00
508018,2024-07-10,5.066,5.077,5.046,5.056,3039252,none,AKShare/新浪基金历史,2026-09-04T01:02:29.548814+08:00
508018,2024-07-11,5.056,5.065,5.025,5.04,4482865,none,AKShare/新浪基金历史,2026-09-04T01:02:29.548814+08:00
508018,2024-07-12,5.037,5.06,5.014,5.055,2127662,none,AKShare/新浪基金历史,2026-09-04T01:02:29.548814+08:00
508018,2024-07-15,5.037,5.061,5.037,5.052,1211972,none,AKShare/新浪基金历史,2026-09-04T01:02:29.548814+08:00
508018,2024-07-16,5.051,5.053,5.041,5.049,1591494,none,AKShare/新浪基金历史,2026-09-04T01:02:29.548814+08:00
508018,2024-07-17,5.049,5.056,5.041,5.045,1727484,none,AKShare/新浪基金历史,2026-09-04T01:02:29.548814+08:00
508018,2024-07-18,5.045,5.06,5.021,5.027,1625577,none,AKShare/新浪基金历史,2026-09-04T01:02:29.548814+08:00
508018,2024-07-19,5.024,5.029,5.009,5.026,2704446,none,AKShare/新浪基金历史,2026-09-04T01:02:29.548814+08:00
508018,2024-07-22,5.02,5.02,5.012,5.018,1807460,none,AKShare/新浪基金历史,2026-09-04T01:02:29.548814+08:00
508018,2024-07-23,5.017,5.018,5.007,5.016,2224973,none,AKShare/新浪基金历史,2026-09-04T01:02:29.548814+08:00
508018,2024-07-24,5.015,5.016,4.995,4.997,2927305,none,AKShare/新浪基金历史,2026-09-04T01:02:29.548814+08:00
508018,2024-07-25,4.996,5.009,4.984,5.0,2344117,none,AKShare/新浪基金历史,2026-09-04T01:02:29.548814+08:00
508018,2024-07-26,4.996,5.008,4.99,4.997,2097513,none,AKShare/新浪基金历史,2026-09-04T01:02:29.548814+08:00
508018,2024-07-29,4.997,4.997,4.983,4.985,2471262,none,AKShare/新浪基金历史,2026-09-04T01:02:29.548814+08:00
508018,2024-07-30,4.989,4.989,4.979,4.98,2647257,none,AKShare/新浪基金历史,2026-09-04T01:02:29.548814+08:00
508018,2024-07-31,4.98,5.0,4.98,4.988,3894285,none,AKShare/新浪基金历史,2026-09-04T01:02:29.548814+08:00
508018,2024-08-01,4.988,4.99,4.973,4.979,3443430,none,AKShare/新浪基金历史,2026-09-04T01:02:29.548814+08:00
508018,2024-08-02,4.975,5.026,4.971,5.012,4228849,none,AKShare/新浪基金历史,2026-09-04T01:02:29.548814+08:00
508018,2024-08-05,5.01,5.039,4.992,5.036,4540205,none,AKShare/新浪基金历史,2026-09-04T01:02:29.548814+08:00
508018,2024-08-06,5.035,5.09,5.018,5.081,4867239,none,AKShare/新浪基金历史,2026-09-04T01:02:29.548814+08:00
508018,2024-08-07,5.081,5.104,5.074,5.09,3942495,none,AKShare/新浪基金历史,2026-09-04T01:02:29.548814+08:00
508018,2024-08-08,5.092,5.092,5.055,5.062,3671494,none,AKShare/新浪基金历史,2026-09-04T01:02:29.548814+08:00
508018,2024-08-09,5.052,5.073,5.044,5.059,3076941,none,AKShare/新浪基金历史,2026-09-04T01:02:29.548814+08:00
508018,2024-08-12,5.058,5.068,5.055,5.061,3784843,none,AKShare/新浪基金历史,2026-09-04T01:02:29.548814+08:00
508018,2024-08-13,5.052,5.073,5.052,5.062,3418140,none,AKShare/新浪基金历史,2026-09-04T01:02:29.548814+08:00
508018,2024-08-14,5.058,5.093,5.057,5.081,4048282,none,AKShare/新浪基金历史,2026-09-04T01:02:29.548814+08:00
508018,2024-08-15,5.083,5.105,5.083,5.089,4859082,none,AKShare/新浪基金历史,2026-09-04T01:02:29.548814+08:00
508018,2024-08-16,5.089,5.095,5.074,5.085,3287842,none,AKShare/新浪基金历史,2026-09-04T01:02:29.548814+08:00
508018,2024-08-19,5.085,5.088,5.063,5.064,3190189,none,AKShare/新浪基金历史,2026-09-04T01:02:29.548814+08:00
508018,2024-08-20,5.03,5.03,4.992,5.006,3496811,none,AKShare/新浪基金历史,2026-09-04T01:02:29.548814+08:00
508018,2024-08-21,5.001,5.011,4.993,4.998,4853491,none,AKShare/新浪基金历史,2026-09-04T01:02:29.548814+08:00
508018,2024-08-22,4.998,5.01,4.996,5.0,5146691,none,AKShare/新浪基金历史,2026-09-04T01:02:29.548814+08:00
508018,2024-08-23,5.0,5.006,4.999,5.0,2944480,none,AKShare/新浪基金历史,2026-09-04T01:02:29.548814+08:00
508018,2024-08-26,5.0,5.006,4.995,5.0,3508816,none,AKShare/新浪基金历史,2026-09-04T01:02:29.548814+08:00
508018,2024-08-27,5.0,5.0,4.976,4.997,3355096,none,AKShare/新浪基金历史,2026-09-04T01:02:29.548814+08:00
508018,2024-08-28,4.995,5.004,4.979,4.986,3221002,none,AKShare/新浪基金历史,2026-09-04T01:02:29.548814+08:00
508018,2024-08-29,4.986,4.996,4.972,4.972,2971579,none,AKShare/新浪基金历史,2026-09-04T01:02:29.548814+08:00
508018,2024-08-30,4.973,4.979,4.966,4.972,3586037,none,AKShare/新浪基金历史,2026-09-04T01:02:29.548814+08:00
508018,2024-09-02,4.972,4.982,4.967,4.976,3169953,none,AKShare/新浪基金历史,2026-09-04T01:02:29.548814+08:00
508018,2024-09-03,4.966,4.984,4.963,4.965,2927271,none,AKShare/新浪基金历史,2026-09-04T01:02:29.548814+08:00
508018,2024-09-04,4.965,4.965,4.944,4.949,3098132,none,AKShare/新浪基金历史,2026-09-04T01:02:29.548814+08:00
508018,2024-09-05,4.949,4.967,4.931,4.946,3172258,none,AKShare/新浪基金历史,2026-09-04T01:02:29.548814+08:00
508018,2024-09-06,4.946,4.953,4.93,4.931,2790708,none,AKShare/新浪基金历史,2026-09-04T01:02:29.548814+08:00
508018,2024-09-09,4.923,4.949,4.897,4.898,3651985,none,AKShare/新浪基金历史,2026-09-04T01:02:29.548814+08:00
508018,2024-09-10,4.898,4.9,4.878,4.89,3548094,none,AKShare/新浪基金历史,2026-09-04T01:02:29.548814+08:00
508018,2024-09-11,4.888,4.888,4.863,4.868,3525703,none,AKShare/新浪基金历史,2026-09-04T01:02:29.548814+08:00
508018,2024-09-12,4.866,4.866,4.835,4.848,2677637,none,AKShare/新浪基金历史,2026-09-04T01:02:29.548814+08:00
508018,2024-09-13,4.847,4.86,4.841,4.845,2558952,none,AKShare/新浪基金历史,2026-09-04T01:02:29.548814+08:00
508018,2024-09-18,4.844,4.844,4.826,4.84,2437400,none,AKShare/新浪基金历史,2026-09-04T01:02:29.548814+08:00
508018,2024-09-19,4.84,4.852,4.826,4.847,2234200,none,AKShare/新浪基金历史,2026-09-04T01:02:29.548814+08:00
508018,2024-09-20,4.847,4.868,4.834,4.847,2748196,none,AKShare/新浪基金历史,2026-09-04T01:02:29.548814+08:00
508018,2024-09-23,4.844,4.849,4.837,4.843,1673866,none,AKShare/新浪基金历史,2026-09-04T01:02:29.548814+08:00
508018,2024-09-24,4.841,4.853,4.836,4.842,4132872,none,AKShare/新浪基金历史,2026-09-04T01:02:29.548814+08:00
508018,2024-09-25,4.845,4.918,4.843,4.854,5448232,none,AKShare/新浪基金历史,2026-09-04T01:02:29.548814+08:00
508018,2024-09-26,4.849,4.87,4.842,4.866,4082740,none,AKShare/新浪基金历史,2026-09-04T01:02:29.548814+08:00
508018,2024-09-27,4.866,4.899,4.866,4.888,1147546,none,AKShare/新浪基金历史,2026-09-04T01:02:29.548814+08:00
508018,2024-09-30,4.902,5.004,4.902,5.0,6494461,none,AKShare/新浪基金历史,2026-09-04T01:02:29.548814+08:00
508018,2024-10-08,5.05,5.281,5.031,5.082,9882132,none,AKShare/新浪基金历史,2026-09-04T01:02:29.548814+08:00
508018,2024-10-09,5.082,5.082,4.9,4.994,8536008,none,AKShare/新浪基金历史,2026-09-04T01:02:29.548814+08:00
508018,2024-10-10,4.99,4.99,4.921,4.97,5508546,none,AKShare/新浪基金历史,2026-09-04T01:02:29.548814+08:00
508018,2024-10-11,4.954,4.981,4.936,4.958,5659600,none,AKShare/新浪基金历史,2026-09-04T01:02:29.548814+08:00
508018,2024-10-14,4.959,4.961,4.945,4.95,5434520,none,AKShare/新浪基金历史,2026-09-04T01:02:29.548814+08:00
508018,2024-10-15,4.95,4.951,4.931,4.937,4612815,none,AKShare/新浪基金历史,2026-09-04T01:02:29.548814+08:00
508018,2024-10-16,4.937,4.938,4.912,4.922,4446184,none,AKShare/新浪基金历史,2026-09-04T01:02:29.548814+08:00
508018,2024-10-17,4.909,4.925,4.884,4.894,6179706,none,AKShare/新浪基金历史,2026-09-04T01:02:29.548814+08:00
508018,2024-10-18,4.893,4.919,4.863,4.913,6411167,none,AKShare/新浪基金历史,2026-09-04T01:02:29.548814+08:00
508018,2024-10-21,4.918,4.927,4.891,4.901,5275576,none,AKShare/新浪基金历史,2026-09-04T01:02:29.548814+08:00
508018,2024-10-22,4.895,4.905,4.893,4.901,4717050,none,AKShare/新浪基金历史,2026-09-04T01:02:29.548814+08:00
508018,2024-10-23,4.901,4.902,4.868,4.898,5748501,none,AKShare/新浪基金历史,2026-09-04T01:02:29.548814+08:00
508018,2024-10-24,4.898,4.899,4.882,4.892,4613142,none,AKShare/新浪基金历史,2026-09-04T01:02:29.548814+08:00
508018,2024-10-25,4.888,4.897,4.88,4.89,4076974,none,AKShare/新浪基金历史,2026-09-04T01:02:29.548814+08:00
508018,2024-10-28,4.891,4.904,4.881,4.9,5512387,none,AKShare/新浪基金历史,2026-09-04T01:02:29.548814+08:00
508018,2024-10-29,4.9,4.91,4.885,4.888,7842167,none,AKShare/新浪基金历史,2026-09-04T01:02:29.548814+08:00
508018,2024-10-30,4.886,4.924,4.88,4.89,6896518,none,AKShare/新浪基金历史,2026-09-04T01:02:29.548814+08:00
508018,2024-10-31,4.891,4.896,4.882,4.89,7603454,none,AKShare/新浪基金历史,2026-09-04T01:02:29.548814+08:00
508018,2024-11-01,4.89,4.913,4.88,4.895,5572604,none,AKShare/新浪基金历史,2026-09-04T01:02:29.548814+08:00
508018,2024-11-04,4.895,4.91,4.883,4.904,3910636,none,AKShare/新浪基金历史,2026-09-04T01:02:29.548814+08:00
508018,2024-11-05,4.904,4.915,4.895,4.908,5467649,none,AKShare/新浪基金历史,2026-09-04T01:02:29.548814+08:00
508018,2024-11-06,4.907,4.929,4.898,4.923,5235846,none,AKShare/新浪基金历史,2026-09-04T01:02:29.548814+08:00
508018,2024-11-07,4.921,4.956,4.915,4.955,6565914,none,AKShare/新浪基金历史,2026-09-04T01:02:29.548814+08:00
508018,2024-11-08,4.951,5.0,4.94,4.996,5150086,none,AKShare/新浪基金历史,2026-09-04T01:02:29.548814+08:00
508018,2024-11-11,4.995,4.996,4.97,4.99,4992578,none,AKShare/新浪基金历史,2026-09-04T01:02:29.548814+08:00
508018,2024-11-12,4.99,5.046,4.981,5.019,7219337,none,AKShare/新浪基金历史,2026-09-04T01:02:29.548814+08:00
508018,2024-11-13,5.007,5.05,5.007,5.019,9225185,none,AKShare/新浪基金历史,2026-09-04T01:02:29.548814+08:00
508018,2024-11-14,5.017,5.032,5.009,5.03,42285214,none,AKShare/新浪基金历史,2026-09-04T01:02:29.548814+08:00
508018,2024-11-15,5.028,5.05,5.012,5.028,5476496,none,AKShare/新浪基金历史,2026-09-04T01:02:29.548814+08:00
508018,2024-11-18,5.03,5.033,4.996,4.999,6581769,none,AKShare/新浪基金历史,2026-09-04T01:02:29.548814+08:00
508018,2024-11-19,4.99,5.002,4.98,4.999,4704985,none,AKShare/新浪基金历史,2026-09-04T01:02:29.548814+08:00
508018,2024-11-20,4.998,5.021,4.985,4.994,9576322,none,AKShare/新浪基金历史,2026-09-04T01:02:29.548814+08:00
508018,2024-11-21,4.994,4.999,4.99,4.99,3456757,none,AKShare/新浪基金历史,2026-09-04T01:02:29.548814+08:00
508018,2024-11-22,4.995,4.996,4.973,4.973,5160897,none,AKShare/新浪基金历史,2026-09-04T01:02:29.548814+08:00
508018,2024-11-25,4.973,4.977,4.939,4.955,5695675,none,AKShare/新浪基金历史,2026-09-04T01:02:29.548814+08:00
508018,2024-11-26,4.956,4.974,4.95,4.961,5517734,none,AKShare/新浪基金历史,2026-09-04T01:02:29.548814+08:00
508018,2024-11-27,4.961,4.969,4.944,4.952,4967897,none,AKShare/新浪基金历史,2026-09-04T01:02:29.548814+08:00
508018,2024-11-28,4.952,4.971,4.952,4.964,4607574,none,AKShare/新浪基金历史,2026-09-04T01:02:29.548814+08:00
508018,2024-11-29,4.906,4.913,4.87,4.913,5011741,none,AKShare/新浪基金历史,2026-09-04T01:02:29.548814+08:00
508018,2024-12-02,4.911,4.912,4.898,4.899,4508090,none,AKShare/新浪基金历史,2026-09-04T01:02:29.548814+08:00
508018,2024-12-03,4.899,4.906,4.894,4.901,4974304,none,AKShare/新浪基金历史,2026-09-04T01:02:29.548814+08:00
508018,2024-12-04,4.902,4.905,4.895,4.896,5520867,none,AKShare/新浪基金历史,2026-09-04T01:02:29.548814+08:00
508018,2024-12-05,4.895,4.896,4.877,4.88,3794530,none,AKShare/新浪基金历史,2026-09-04T01:02:29.548814+08:00
508018,2024-12-06,4.88,4.884,4.859,4.861,6463865,none,AKShare/新浪基金历史,2026-09-04T01:02:29.548814+08:00
508018,2024-12-09,4.854,4.862,4.851,4.858,4346924,none,AKShare/新浪基金历史,2026-09-04T01:02:29.548814+08:00
508018,2024-12-10,4.865,4.882,4.864,4.876,6011572,none,AKShare/新浪基金历史,2026-09-04T01:02:29.548814+08:00
508018,2024-12-11,4.874,4.929,4.865,4.92,7109906,none,AKShare/新浪基金历史,2026-09-04T01:02:29.548814+08:00
508018,2024-12-12,4.913,4.938,4.9,4.934,6553357,none,AKShare/新浪基金历史,2026-09-04T01:02:29.548814+08:00
508018,2024-12-13,4.937,4.937,4.898,4.907,4856252,none,AKShare/新浪基金历史,2026-09-04T01:02:29.548814+08:00
508018,2024-12-16,4.906,4.91,4.884,4.887,4490433,none,AKShare/新浪基金历史,2026-09-04T01:02:29.548814+08:00
508018,2024-12-17,4.888,4.895,4.859,4.859,4797699,none,AKShare/新浪基金历史,2026-09-04T01:02:29.548814+08:00
508018,2024-12-18,4.862,4.865,4.829,4.835,4688642,none,AKShare/新浪基金历史,2026-09-04T01:02:29.548814+08:00
508018,2024-12-19,4.834,4.834,4.807,4.813,2907313,none,AKShare/新浪基金历史,2026-09-04T01:02:29.548814+08:00
508018,2024-12-20,4.812,4.849,4.81,4.847,5165722,none,AKShare/新浪基金历史,2026-09-04T01:02:29.548814+08:00
508018,2024-12-23,4.846,4.87,4.84,4.865,4778695,none,AKShare/新浪基金历史,2026-09-04T01:02:29.548814+08:00
508018,2024-12-24,4.874,4.878,4.844,4.848,2920052,none,AKShare/新浪基金历史,2026-09-04T01:02:29.548814+08:00
508018,2024-12-25,4.847,4.847,4.808,4.811,6265789,none,AKShare/新浪基金历史,2026-09-04T01:02:29.548814+08:00
508018,2024-12-26,4.807,4.814,4.8,4.806,5892068,none,AKShare/新浪基金历史,2026-09-04T01:02:29.548814+08:00
508018,2024-12-27,4.805,4.821,4.8,4.82,6584474,none,AKShare/新浪基金历史,2026-09-04T01:02:29.548814+08:00
508018,2024-12-30,4.819,4.836,4.805,4.81,5611792,none,AKShare/新浪基金历史,2026-09-04T01:02:29.548814+08:00
508018,2024-12-31,4.81,4.82,4.8,4.813,5542461,none,AKShare/新浪基金历史,2026-09-04T01:02:29.548814+08:00
508018,2025-01-02,4.801,4.808,4.78,4.793,6160325,none,AKShare/新浪基金历史,2026-09-04T01:02:29.548814+08:00
508018,2025-01-03,4.793,4.869,4.79,4.838,9569378,none,AKShare/新浪基金历史,2026-09-04T01:02:29.548814+08:00
508018,2025-01-06,4.85,4.873,4.846,4.861,6665554,none,AKShare/新浪基金历史,2026-09-04T01:02:29.548814+08:00
508018,2025-01-07,4.863,4.867,4.806,4.814,5436323,none,AKShare/新浪基金历史,2026-09-04T01:02:29.548814+08:00
508018,2025-01-08,4.812,4.875,4.807,4.864,6809750,none,AKShare/新浪基金历史,2026-09-04T01:02:29.548814+08:00
508018,2025-01-09,4.872,4.898,4.85,4.89,6156531,none,AKShare/新浪基金历史,2026-09-04T01:02:29.548814+08:00
508018,2025-01-10,4.889,4.906,4.856,4.9,3938092,none,AKShare/新浪基金历史,2026-09-04T01:02:29.548814+08:00
508018,2025-01-13,4.9,4.922,4.875,4.909,7089221,none,AKShare/新浪基金历史,2026-09-04T01:02:29.548814+08:00
508018,2025-01-14,4.906,4.906,4.863,4.871,3885899,none,AKShare/新浪基金历史,2026-09-04T01:02:29.548814+08:00
508018,2025-01-15,4.864,4.896,4.864,4.892,6549583,none,AKShare/新浪基金历史,2026-09-04T01:02:29.548814+08:00
508018,2025-01-16,4.894,4.895,4.854,4.885,6060050,none,AKShare/新浪基金历史,2026-09-04T01:02:29.548814+08:00
508018,2025-01-17,4.87,4.874,4.853,4.857,4616072,none,AKShare/新浪基金历史,2026-09-04T01:02:29.548814+08:00
508018,2025-01-20,4.856,4.873,4.856,4.86,6181350,none,AKShare/新浪基金历史,2026-09-04T01:02:29.548814+08:00
508018,2025-01-21,4.86,4.866,4.848,4.865,5244689,none,AKShare/新浪基金历史,2026-09-04T01:02:29.548814+08:00
508018,2025-01-22,4.871,4.92,4.86,4.917,6966695,none,AKShare/新浪基金历史,2026-09-04T01:02:29.548814+08:00
508018,2025-01-23,4.917,4.959,4.895,4.949,5784966,none,AKShare/新浪基金历史,2026-09-04T01:02:29.548814+08:00
508018,2025-01-24,4.946,4.95,4.928,4.93,3629816,none,AKShare/新浪基金历史,2026-09-04T01:02:29.548814+08:00
508018,2025-01-27,4.929,4.948,4.92,4.945,2067675,none,AKShare/新浪基金历史,2026-09-04T01:02:29.548814+08:00
508018,2025-02-05,4.944,4.964,4.925,4.94,5080543,none,AKShare/新浪基金历史,2026-09-04T01:02:29.548814+08:00
508018,2025-02-06,4.934,4.948,4.915,4.94,5944210,none,AKShare/新浪基金历史,2026-09-04T01:02:29.548814+08:00
508018,2025-02-07,4.938,4.942,4.931,4.934,5715764,none,AKShare/新浪基金历史,2026-09-04T01:02:29.548814+08:00
508018,2025-02-10,4.933,4.988,4.93,4.986,7146550,none,AKShare/新浪基金历史,2026-09-04T01:02:29.548814+08:00
508018,2025-02-11,4.986,5.1,4.981,5.096,10342646,none,AKShare/新浪基金历史,2026-09-04T01:02:29.548814+08:00
508018,2025-02-12,5.095,5.126,5.064,5.076,9125298,none,AKShare/新浪基金历史,2026-09-04T01:02:29.548814+08:00
508018,2025-02-13,5.073,5.08,5.035,5.038,6439737,none,AKShare/新浪基金历史,2026-09-04T01:02:29.548814+08:00
508018,2025-02-14,5.025,5.106,5.022,5.096,7595246,none,AKShare/新浪基金历史,2026-09-04T01:02:29.548814+08:00
508018,2025-02-17,5.104,5.159,5.089,5.154,10820315,none,AKShare/新浪基金历史,2026-09-04T01:02:29.548814+08:00
508018,2025-02-18,5.149,5.173,5.129,5.148,8608674,none,AKShare/新浪基金历史,2026-09-04T01:02:29.548814+08:00
508018,2025-02-19,5.145,5.218,5.143,5.213,10739476,none,AKShare/新浪基金历史,2026-09-04T01:02:29.548814+08:00
508018,2025-02-20,5.213,5.327,5.201,5.312,11277225,none,AKShare/新浪基金历史,2026-09-04T01:02:29.548814+08:00
508018,2025-02-21,5.311,5.416,5.294,5.413,10262448,none,AKShare/新浪基金历史,2026-09-04T01:02:29.548814+08:00
508018,2025-02-24,5.405,5.415,5.37,5.375,7565253,none,AKShare/新浪基金历史,2026-09-04T01:02:29.548814+08:00
508018,2025-02-25,5.36,5.36,5.231,5.302,8399184,none,AKShare/新浪基金历史,2026-09-04T01:02:29.548814+08:00
508018,2025-02-26,5.294,5.305,5.263,5.297,7093172,none,AKShare/新浪基金历史,2026-09-04T01:02:29.548814+08:00
508018,2025-02-27,5.294,5.296,5.259,5.292,6539737,none,AKShare/新浪基金历史,2026-09-04T01:02:29.548814+08:00
508018,2025-02-28,5.28,5.309,5.186,5.256,9624287,none,AKShare/新浪基金历史,2026-09-04T01:02:29.548814+08:00
508018,2025-03-03,5.253,5.267,5.231,5.24,5889532,none,AKShare/新浪基金历史,2026-09-04T01:02:29.548814+08:00
508018,2025-03-04,5.249,5.357,5.231,5.348,11032406,none,AKShare/新浪基金历史,2026-09-04T01:02:29.548814+08:00
508018,2025-03-05,5.352,5.357,5.274,5.349,6032464,none,AKShare/新浪基金历史,2026-09-04T01:02:29.548814+08:00
508018,2025-03-06,5.339,5.34,5.32,5.334,6725640,none,AKShare/新浪基金历史,2026-09-04T01:02:29.548814+08:00
508018,2025-03-07,5.33,5.36,5.31,5.347,5630536,none,AKShare/新浪基金历史,2026-09-04T01:02:29.548814+08:00
508018,2025-03-10,5.342,5.358,5.321,5.342,4886917,none,AKShare/新浪基金历史,2026-09-04T01:02:29.548814+08:00
508018,2025-03-11,5.333,5.35,5.315,5.335,4697633,none,AKShare/新浪基金历史,2026-09-04T01:02:29.548814+08:00
508018,2025-03-12,5.334,5.34,5.319,5.332,4406464,none,AKShare/新浪基金历史,2026-09-04T01:02:29.548814+08:00
508018,2025-03-13,5.331,5.338,5.321,5.334,3312013,none,AKShare/新浪基金历史,2026-09-04T01:02:29.548814+08:00
508018,2025-03-14,5.321,5.34,5.31,5.332,3996694,none,AKShare/新浪基金历史,2026-09-04T01:02:29.548814+08:00
508018,2025-03-17,5.332,5.345,5.315,5.337,5473357,none,AKShare/新浪基金历史,2026-09-04T01:02:29.548814+08:00
508018,2025-03-18,5.334,5.342,5.322,5.339,3777894,none,AKShare/新浪基金历史,2026-09-04T01:02:29.548814+08:00
508018,2025-03-19,5.339,5.353,5.32,5.33,4443565,none,AKShare/新浪基金历史,2026-09-04T01:02:29.548814+08:00
508018,2025-03-20,5.33,5.353,5.321,5.35,5963897,none,AKShare/新浪基金历史,2026-09-04T01:02:29.548814+08:00
508018,2025-03-21,5.348,5.389,5.331,5.386,5690353,none,AKShare/新浪基金历史,2026-09-04T01:02:29.548814+08:00
508018,2025-03-24,5.386,5.411,5.37,5.396,5487105,none,AKShare/新浪基金历史,2026-09-04T01:02:29.548814+08:00
508018,2025-03-25,5.399,5.421,5.396,5.418,6256783,none,AKShare/新浪基金历史,2026-09-04T01:02:29.548814+08:00
508018,2025-03-26,5.419,5.424,5.402,5.411,3592774,none,AKShare/新浪基金历史,2026-09-04T01:02:29.548814+08:00
508018,2025-03-27,5.394,5.455,5.394,5.45,4355591,none,AKShare/新浪基金历史,2026-09-04T01:02:29.548814+08:00
508018,2025-03-28,5.45,5.457,5.397,5.409,3887820,none,AKShare/新浪基金历史,2026-09-04T01:02:29.548814+08:00
508018,2025-03-31,5.408,5.419,5.369,5.405,8359037,none,AKShare/新浪基金历史,2026-09-04T01:02:29.548814+08:00
508018,2025-04-01,5.405,5.418,5.351,5.405,5281676,none,AKShare/新浪基金历史,2026-09-04T01:02:29.548814+08:00
508018,2025-04-02,5.401,5.42,5.392,5.417,3518053,none,AKShare/新浪基金历史,2026-09-04T01:02:29.548814+08:00
508018,2025-04-03,5.409,5.47,5.401,5.469,5953772,none,AKShare/新浪基金历史,2026-09-04T01:02:29.548814+08:00
508018,2025-04-07,5.443,5.443,5.343,5.411,8498417,none,AKShare/新浪基金历史,2026-09-04T01:02:29.548814+08:00
508018,2025-04-08,5.407,5.425,5.372,5.423,9729109,none,AKShare/新浪基金历史,2026-09-04T01:02:29.548814+08:00
508018,2025-04-09,5.419,5.423,5.385,5.418,3173845,none,AKShare/新浪基金历史,2026-09-04T01:02:29.548814+08:00
508018,2025-04-10,5.415,5.439,5.388,5.396,9243522,none,AKShare/新浪基金历史,2026-09-04T01:02:29.548814+08:00
508018,2025-04-11,5.389,5.44,5.386,5.412,6471058,none,AKShare/新浪基金历史,2026-09-04T01:02:29.548814+08:00
508018,2025-04-14,5.411,5.457,5.392,5.444,5156803,none,AKShare/新浪基金历史,2026-09-04T01:02:29.548814+08:00
508018,2025-04-15,5.444,5.478,5.416,5.464,5155191,none,AKShare/新浪基金历史,2026-09-04T01:02:29.548814+08:00
508018,2025-04-16,5.464,5.48,5.422,5.47,4744203,none,AKShare/新浪基金历史,2026-09-04T01:02:29.548814+08:00
508018,2025-04-17,5.47,5.47,5.441,5.449,3290545,none,AKShare/新浪基金历史,2026-09-04T01:02:29.548814+08:00
508018,2025-04-18,5.435,5.459,5.405,5.411,2584372,none,AKShare/新浪基金历史,2026-09-04T01:02:29.548814+08:00
508018,2025-04-21,5.41,5.424,5.395,5.42,3551425,none,AKShare/新浪基金历史,2026-09-04T01:02:29.548814+08:00
508018,2025-04-22,5.411,5.431,5.391,5.405,5091633,none,AKShare/新浪基金历史,2026-09-04T01:02:29.548814+08:00
508018,2025-04-23,5.405,5.423,5.392,5.415,3746966,none,AKShare/新浪基金历史,2026-09-04T01:02:29.548814+08:00
508018,2025-04-24,5.415,5.432,5.402,5.409,4970650,none,AKShare/新浪基金历史,2026-09-04T01:02:29.548814+08:00
508018,2025-04-25,5.408,5.426,5.404,5.426,2896269,none,AKShare/新浪基金历史,2026-09-04T01:02:29.548814+08:00
508018,2025-04-28,5.42,5.44,5.409,5.428,2781552,none,AKShare/新浪基金历史,2026-09-04T01:02:29.548814+08:00
508018,2025-04-29,5.443,5.443,5.422,5.43,2577774,none,AKShare/新浪基金历史,2026-09-04T01:02:29.548814+08:00
508018,2025-04-30,5.435,5.455,5.434,5.455,3271938,none,AKShare/新浪基金历史,2026-09-04T01:02:29.548814+08:00
508018,2025-05-06,5.46,5.482,5.44,5.481,1073890,none,AKShare/新浪基金历史,2026-09-04T01:02:29.548814+08:00
508018,2025-05-07,5.472,5.49,5.46,5.489,4916435,none,AKShare/新浪基金历史,2026-09-04T01:02:29.548814+08:00
508018,2025-05-08,5.433,5.433,5.4,5.413,2956304,none,AKShare/新浪基金历史,2026-09-04T01:02:29.548814+08:00
508018,2025-05-09,5.404,5.426,5.388,5.408,563451,none,AKShare/新浪基金历史,2026-09-04T01:02:29.548814+08:00
508018,2025-05-12,5.408,5.437,5.4,5.431,798297,none,AKShare/新浪基金历史,2026-09-04T01:02:29.548814+08:00
508018,2025-05-13,5.43,5.43,5.42,5.424,2357517,none,AKShare/新浪基金历史,2026-09-04T01:02:29.548814+08:00
508018,2025-05-14,5.423,5.472,5.403,5.47,2947482,none,AKShare/新浪基金历史,2026-09-04T01:02:29.548814+08:00
508018,2025-05-15,5.471,5.477,5.463,5.47,1724957,none,AKShare/新浪基金历史,2026-09-04T01:02:29.548814+08:00
508018,2025-05-16,5.468,5.468,5.438,5.45,1634540,none,AKShare/新浪基金历史,2026-09-04T01:02:29.548814+08:00
508018,2025-05-19,5.449,5.495,5.432,5.48,2565496,none,AKShare/新浪基金历史,2026-09-04T01:02:29.548814+08:00
508018,2025-05-20,5.475,5.531,5.45,5.451,4495902,none,AKShare/新浪基金历史,2026-09-04T01:02:29.548814+08:00
508018,2025-05-21,5.459,5.525,5.459,5.521,2779792,none,AKShare/新浪基金历史,2026-09-04T01:02:29.548814+08:00
508018,2025-05-22,5.52,5.614,5.5,5.592,4833387,none,AKShare/新浪基金历史,2026-09-04T01:02:29.548814+08:00
508018,2025-05-23,5.591,5.627,5.58,5.621,5487870,none,AKShare/新浪基金历史,2026-09-04T01:02:29.548814+08:00
508018,2025-05-26,5.62,5.643,5.605,5.64,2585542,none,AKShare/新浪基金历史,2026-09-04T01:02:29.548814+08:00
508018,2025-05-27,5.64,5.727,5.622,5.646,6398898,none,AKShare/新浪基金历史,2026-09-04T01:02:29.548814+08:00
508018,2025-05-28,5.568,5.616,5.552,5.606,5163267,none,AKShare/新浪基金历史,2026-09-04T01:02:29.548814+08:00
508018,2025-05-29,5.604,5.677,5.587,5.66,4527274,none,AKShare/新浪基金历史,2026-09-04T01:02:29.548814+08:00
508018,2025-05-30,5.66,5.707,5.645,5.702,3595202,none,AKShare/新浪基金历史,2026-09-04T01:02:29.548814+08:00
508018,2025-06-03,5.703,5.743,5.683,5.724,5879267,none,AKShare/新浪基金历史,2026-09-04T01:02:29.548814+08:00
508018,2025-06-04,5.723,5.805,5.706,5.803,4554754,none,AKShare/新浪基金历史,2026-09-04T01:02:29.548814+08:00
508018,2025-06-05,5.804,5.908,5.803,5.897,8743737,none,AKShare/新浪基金历史,2026-09-04T01:02:29.548814+08:00
508018,2025-06-06,5.905,5.928,5.796,5.864,5811958,none,AKShare/新浪基金历史,2026-09-04T01:02:29.548814+08:00
508018,2025-06-09,5.863,5.863,5.731,5.738,9348897,none,AKShare/新浪基金历史,2026-09-04T01:02:29.548814+08:00
508018,2025-06-10,5.728,5.791,5.713,5.777,2619661,none,AKShare/新浪基金历史,2026-09-04T01:02:29.548814+08:00
508018,2025-06-11,5.776,5.806,5.755,5.801,5471281,none,AKShare/新浪基金历史,2026-09-04T01:02:29.548814+08:00
508018,2025-06-12,5.8,5.888,5.796,5.81,6718513,none,AKShare/新浪基金历史,2026-09-04T01:02:29.548814+08:00
508018,2025-06-13,5.8,5.859,5.8,5.841,6235063,none,AKShare/新浪基金历史,2026-09-04T01:02:29.548814+08:00
508018,2025-06-16,5.842,5.903,5.842,5.892,3545092,none,AKShare/新浪基金历史,2026-09-04T01:02:29.548814+08:00
508018,2025-06-17,5.892,5.918,5.821,5.83,5544313,none,AKShare/新浪基金历史,2026-09-04T01:02:29.548814+08:00
508018,2025-06-18,5.821,5.826,5.746,5.81,5781441,none,AKShare/新浪基金历史,2026-09-04T01:02:29.548814+08:00
508018,2025-06-19,5.808,5.808,5.771,5.785,6712030,none,AKShare/新浪基金历史,2026-09-04T01:02:29.548814+08:00
508018,2025-06-20,5.784,5.8,5.772,5.785,2064508,none,AKShare/新浪基金历史,2026-09-04T01:02:29.548814+08:00
508018,2025-06-23,5.782,5.797,5.758,5.786,5312826,none,AKShare/新浪基金历史,2026-09-04T01:02:29.548814+08:00
508018,2025-06-24,5.786,5.786,5.63,5.666,6337314,none,AKShare/新浪基金历史,2026-09-04T01:02:29.548814+08:00
508018,2025-06-25,5.665,5.676,5.632,5.663,4300043,none,AKShare/新浪基金历史,2026-09-04T01:02:29.548814+08:00
508018,2025-06-26,5.662,5.662,5.647,5.647,5076419,none,AKShare/新浪基金历史,2026-09-04T01:02:29.548814+08:00
508018,2025-06-27,5.642,5.666,5.642,5.65,3056380,none,AKShare/新浪基金历史,2026-09-04T01:02:29.548814+08:00
508018,2025-06-30,5.65,5.65,5.61,5.635,5125322,none,AKShare/新浪基金历史,2026-09-04T01:02:29.548814+08:00
508018,2025-07-01,5.632,5.634,5.6,5.605,4858626,none,AKShare/新浪基金历史,2026-09-04T01:02:29.548814+08:00
508018,2025-07-02,5.605,5.696,5.605,5.695,6388517,none,AKShare/新浪基金历史,2026-09-04T01:02:29.548814+08:00
508018,2025-07-03,5.694,5.755,5.667,5.753,3221867,none,AKShare/新浪基金历史,2026-09-04T01:02:29.548814+08:00
508018,2025-07-04,5.752,5.786,5.698,5.726,2083843,none,AKShare/新浪基金历史,2026-09-04T01:02:29.548814+08:00
508018,2025-07-07,5.731,5.731,5.684,5.71,908365,none,AKShare/新浪基金历史,2026-09-04T01:02:29.548814+08:00
508018,2025-07-08,5.704,5.704,5.66,5.662,3460528,none,AKShare/新浪基金历史,2026-09-04T01:02:29.548814+08:00
508018,2025-07-09,5.659,5.665,5.624,5.625,4455386,none,AKShare/新浪基金历史,2026-09-04T01:02:29.548814+08:00
508018,2025-07-10,5.63,5.659,5.628,5.658,4418892,none,AKShare/新浪基金历史,2026-09-04T01:02:29.548814+08:00
508018,2025-07-11,5.658,5.658,5.63,5.638,1852381,none,AKShare/新浪基金历史,2026-09-04T01:02:29.548814+08:00
508018,2025-07-14,5.632,5.646,5.62,5.641,1765223,none,AKShare/新浪基金历史,2026-09-04T01:02:29.548814+08:00
508018,2025-07-15,5.644,5.679,5.618,5.622,1850144,none,AKShare/新浪基金历史,2026-09-04T01:02:29.548814+08:00
508018,2025-07-16,5.621,5.647,5.618,5.645,943209,none,AKShare/新浪基金历史,2026-09-04T01:02:29.548814+08:00
508018,2025-07-17,5.655,5.658,5.64,5.643,610645,none,AKShare/新浪基金历史,2026-09-04T01:02:29.548814+08:00
508018,2025-07-18,5.643,5.643,5.616,5.629,2011469,none,AKShare/新浪基金历史,2026-09-04T01:02:29.548814+08:00
508018,2025-07-21,5.629,5.634,5.612,5.628,3444182,none,AKShare/新浪基金历史,2026-09-04T01:02:29.548814+08:00
508018,2025-07-22,5.628,5.628,5.574,5.598,2109100,none,AKShare/新浪基金历史,2026-09-04T01:02:29.548814+08:00
508018,2025-07-23,5.586,5.597,5.558,5.57,2953173,none,AKShare/新浪基金历史,2026-09-04T01:02:29.548814+08:00
508018,2025-07-24,5.57,5.598,5.561,5.592,4418897,none,AKShare/新浪基金历史,2026-09-04T01:02:29.548814+08:00
508018,2025-07-25,5.598,5.619,5.581,5.609,2875988,none,AKShare/新浪基金历史,2026-09-04T01:02:29.548814+08:00
508018,2025-07-28,5.6,5.61,5.569,5.604,2399657,none,AKShare/新浪基金历史,2026-09-04T01:02:29.548814+08:00
508018,2025-07-29,5.608,5.608,5.583,5.601,2969449,none,AKShare/新浪基金历史,2026-09-04T01:02:29.548814+08:00
508018,2025-07-30,5.602,5.608,5.585,5.598,3558931,none,AKShare/新浪基金历史,2026-09-04T01:02:29.548814+08:00
508018,2025-07-31,5.596,5.606,5.58,5.59,1891647,none,AKShare/新浪基金历史,2026-09-04T01:02:29.548814+08:00
508018,2025-08-01,5.59,5.599,5.562,5.563,4671020,none,AKShare/新浪基金历史,2026-09-04T01:02:29.548814+08:00
508018,2025-08-04,5.563,5.579,5.533,5.536,5764521,none,AKShare/新浪基金历史,2026-09-04T01:02:29.548814+08:00
508018,2025-08-05,5.536,5.536,5.487,5.495,2848915,none,AKShare/新浪基金历史,2026-09-04T01:02:29.548814+08:00
508018,2025-08-06,5.5,5.523,5.498,5.517,4505830,none,AKShare/新浪基金历史,2026-09-04T01:02:29.548814+08:00
508018,2025-08-07,5.516,5.626,5.491,5.595,6347345,none,AKShare/新浪基金历史,2026-09-04T01:02:29.548814+08:00
508018,2025-08-08,5.59,5.64,5.582,5.63,4512384,none,AKShare/新浪基金历史,2026-09-04T01:02:29.548814+08:00
508018,2025-08-11,5.63,5.639,5.562,5.591,4188408,none,AKShare/新浪基金历史,2026-09-04T01:02:29.548814+08:00
508018,2025-08-12,5.59,5.6,5.578,5.596,3786148,none,AKShare/新浪基金历史,2026-09-04T01:02:29.548814+08:00
508018,2025-08-13,5.595,5.595,5.551,5.577,2131020,none,AKShare/新浪基金历史,2026-09-04T01:02:29.548814+08:00
508018,2025-08-14,5.576,5.576,5.548,5.561,2538145,none,AKShare/新浪基金历史,2026-09-04T01:02:29.548814+08:00
508018,2025-08-15,5.561,5.585,5.501,5.513,4503972,none,AKShare/新浪基金历史,2026-09-04T01:02:29.548814+08:00
508018,2025-08-18,5.512,5.534,5.458,5.475,3708456,none,AKShare/新浪基金历史,2026-09-04T01:02:29.548814+08:00
508018,2025-08-19,5.474,5.474,5.422,5.422,3780291,none,AKShare/新浪基金历史,2026-09-04T01:02:29.548814+08:00
508018,2025-08-20,5.417,5.417,5.365,5.375,3856569,none,AKShare/新浪基金历史,2026-09-04T01:02:29.548814+08:00
508018,2025-08-21,5.373,5.397,5.373,5.373,4016245,none,AKShare/新浪基金历史,2026-09-04T01:02:29.548814+08:00
508018,2025-08-22,5.372,5.384,5.34,5.357,3216210,none,AKShare/新浪基金历史,2026-09-04T01:02:29.548814+08:00
508018,2025-08-25,5.341,5.36,5.318,5.357,5420383,none,AKShare/新浪基金历史,2026-09-04T01:02:29.548814+08:00
508018,2025-08-26,5.364,5.469,5.351,5.461,6910689,none,AKShare/新浪基金历史,2026-09-04T01:02:29.548814+08:00
508018,2025-08-27,5.457,5.457,5.421,5.452,2304841,none,AKShare/新浪基金历史,2026-09-04T01:02:29.548814+08:00
508018,2025-08-28,5.452,5.459,5.43,5.431,1114029,none,AKShare/新浪基金历史,2026-09-04T01:02:29.548814+08:00
508018,2025-08-29,5.431,5.445,5.365,5.393,2379773,none,AKShare/新浪基金历史,2026-09-04T01:02:29.548814+08:00
508018,2025-09-01,5.386,5.386,5.361,5.377,3240840,none,AKShare/新浪基金历史,2026-09-04T01:02:29.548814+08:00
508018,2025-09-02,5.375,5.428,5.362,5.425,3639721,none,AKShare/新浪基金历史,2026-09-04T01:02:29.548814+08:00
508018,2025-09-03,5.417,5.423,5.388,5.406,3107930,none,AKShare/新浪基金历史,2026-09-04T01:02:29.548814+08:00
508018,2025-09-04,5.392,5.434,5.386,5.418,2688244,none,AKShare/新浪基金历史,2026-09-04T01:02:29.548814+08:00
508018,2025-09-05,5.418,5.434,5.392,5.393,3383642,none,AKShare/新浪基金历史,2026-09-04T01:02:29.548814+08:00
508018,2025-09-08,5.393,5.393,5.362,5.365,1986223,none,AKShare/新浪基金历史,2026-09-04T01:02:29.548814+08:00
508018,2025-09-09,5.364,5.409,5.361,5.397,1768858,none,AKShare/新浪基金历史,2026-09-04T01:02:29.548814+08:00
508018,2025-09-10,5.4,5.401,5.37,5.378,646076,none,AKShare/新浪基金历史,2026-09-04T01:02:29.548814+08:00
508018,2025-09-11,5.366,5.384,5.335,5.355,3458858,none,AKShare/新浪基金历史,2026-09-04T01:02:29.548814+08:00
508018,2025-09-12,5.357,5.357,5.34,5.351,3217853,none,AKShare/新浪基金历史,2026-09-04T01:02:29.548814+08:00
508018,2025-09-15,5.341,5.399,5.333,5.391,832053,none,AKShare/新浪基金历史,2026-09-04T01:02:29.548814+08:00
508018,2025-09-16,5.387,5.388,5.364,5.382,2470117,none,AKShare/新浪基金历史,2026-09-04T01:02:29.548814+08:00
508018,2025-09-17,5.38,5.389,5.368,5.38,875694,none,AKShare/新浪基金历史,2026-09-04T01:02:29.548814+08:00
508018,2025-09-18,5.374,5.394,5.374,5.389,2067703,none,AKShare/新浪基金历史,2026-09-04T01:02:29.548814+08:00
508018,2025-09-19,5.385,5.393,5.377,5.388,2409253,none,AKShare/新浪基金历史,2026-09-04T01:02:29.548814+08:00
508018,2025-09-22,5.388,5.389,5.364,5.365,1923956,none,AKShare/新浪基金历史,2026-09-04T01:02:29.548814+08:00
508018,2025-09-23,5.365,5.371,5.346,5.351,1518631,none,AKShare/新浪基金历史,2026-09-04T01:02:29.548814+08:00
508018,2025-09-24,5.35,5.359,5.349,5.353,582965,none,AKShare/新浪基金历史,2026-09-04T01:02:29.548814+08:00
508018,2025-09-25,5.351,5.353,5.341,5.347,1464380,none,AKShare/新浪基金历史,2026-09-04T01:02:29.548814+08:00
508018,2025-09-26,5.349,5.369,5.342,5.367,2803208,none,AKShare/新浪基金历史,2026-09-04T01:02:29.548814+08:00
508018,2025-09-29,5.365,5.365,5.342,5.35,242507,none,AKShare/新浪基金历史,2026-09-04T01:02:29.548814+08:00
508018,2025-09-30,5.346,5.358,5.342,5.346,1707492,none,AKShare/新浪基金历史,2026-09-04T01:02:29.548814+08:00
508018,2025-10-09,5.345,5.366,5.341,5.346,1225484,none,AKShare/新浪基金历史,2026-09-04T01:02:29.548814+08:00
508018,2025-10-10,5.345,5.363,5.329,5.335,714414,none,AKShare/新浪基金历史,2026-09-04T01:02:29.548814+08:00
508018,2025-10-13,5.318,5.318,5.301,5.308,467953,none,AKShare/新浪基金历史,2026-09-04T01:02:29.548814+08:00
508018,2025-10-14,5.308,5.333,5.285,5.286,3347464,none,AKShare/新浪基金历史,2026-09-04T01:02:29.548814+08:00
508018,2025-10-15,5.286,5.309,5.267,5.269,2904042,none,AKShare/新浪基金历史,2026-09-04T01:02:29.548814+08:00
508018,2025-10-16,5.271,5.28,5.26,5.265,1564400,none,AKShare/新浪基金历史,2026-09-04T01:02:29.548814+08:00
508018,2025-10-17,5.291,5.291,5.249,5.258,3403124,none,AKShare/新浪基金历史,2026-09-04T01:02:29.548814+08:00
508018,2025-10-20,5.261,5.267,5.243,5.255,3540499,none,AKShare/新浪基金历史,2026-09-04T01:02:29.548814+08:00
508018,2025-10-21,5.255,5.268,5.241,5.249,885425,none,AKShare/新浪基金历史,2026-09-04T01:02:29.548814+08:00
508018,2025-10-22,5.25,5.255,5.229,5.235,1375227,none,AKShare/新浪基金历史,2026-09-04T01:02:29.548814+08:00
508018,2025-10-23,5.235,5.255,5.233,5.255,3040403,none,AKShare/新浪基金历史,2026-09-04T01:02:29.548814+08:00
508018,2025-10-24,5.251,5.296,5.25,5.291,2906009,none,AKShare/新浪基金历史,2026-09-04T01:02:29.548814+08:00
508018,2025-10-27,5.291,5.291,5.24,5.248,2973223,none,AKShare/新浪基金历史,2026-09-04T01:02:29.548814+08:00
508018,2025-10-28,5.25,5.297,5.249,5.291,4069941,none,AKShare/新浪基金历史,2026-09-04T01:02:29.548814+08:00
508018,2025-10-29,5.29,5.304,5.28,5.303,872991,none,AKShare/新浪基金历史,2026-09-04T01:02:29.548814+08:00
508018,2025-10-30,5.304,5.342,5.289,5.341,850876,none,AKShare/新浪基金历史,2026-09-04T01:02:29.548814+08:00
508018,2025-10-31,5.33,5.349,5.325,5.335,1595080,none,AKShare/新浪基金历史,2026-09-04T01:02:29.548814+08:00
508018,2025-11-03,5.333,5.333,5.3,5.311,3342910,none,AKShare/新浪基金历史,2026-09-04T01:02:29.548814+08:00
508018,2025-11-04,5.3,5.31,5.294,5.295,3609591,none,AKShare/新浪基金历史,2026-09-04T01:02:29.548814+08:00
508018,2025-11-05,5.295,5.339,5.295,5.327,1997947,none,AKShare/新浪基金历史,2026-09-04T01:02:29.548814+08:00
508018,2025-11-06,5.327,5.368,5.32,5.343,6620916,none,AKShare/新浪基金历史,2026-09-04T01:02:29.548814+08:00
508018,2025-11-07,5.334,5.41,5.328,5.403,4053273,none,AKShare/新浪基金历史,2026-09-04T01:02:29.548814+08:00
508018,2025-11-10,5.4,5.42,5.393,5.405,2894519,none,AKShare/新浪基金历史,2026-09-04T01:02:29.548814+08:00
508018,2025-11-11,5.405,5.424,5.361,5.393,2034937,none,AKShare/新浪基金历史,2026-09-04T01:02:29.548814+08:00
508018,2025-11-12,5.393,5.423,5.38,5.417,2905237,none,AKShare/新浪基金历史,2026-09-04T01:02:29.548814+08:00
508018,2025-11-13,5.417,5.44,5.411,5.438,4041261,none,AKShare/新浪基金历史,2026-09-04T01:02:29.548814+08:00
508018,2025-11-14,5.438,5.466,5.425,5.465,2643264,none,AKShare/新浪基金历史,2026-09-04T01:02:29.548814+08:00
508018,2025-11-17,5.463,5.54,5.435,5.53,3627124,none,AKShare/新浪基金历史,2026-09-04T01:02:29.548814+08:00
508018,2025-11-18,5.528,5.564,5.5,5.563,2739412,none,AKShare/新浪基金历史,2026-09-04T01:02:29.548814+08:00
508018,2025-11-19,5.56,5.566,5.492,5.52,3029256,none,AKShare/新浪基金历史,2026-09-04T01:02:29.548814+08:00
508018,2025-11-20,5.52,5.52,5.472,5.48,2169664,none,AKShare/新浪基金历史,2026-09-04T01:02:29.548814+08:00
508018,2025-11-21,5.452,5.478,5.403,5.462,3017830,none,AKShare/新浪基金历史,2026-09-04T01:02:29.548814+08:00
508018,2025-11-24,5.462,5.462,5.428,5.449,2856843,none,AKShare/新浪基金历史,2026-09-04T01:02:29.548814+08:00
508018,2025-11-25,5.449,5.496,5.43,5.481,2880313,none,AKShare/新浪基金历史,2026-09-04T01:02:29.548814+08:00
508018,2025-11-26,5.48,5.56,5.458,5.548,2749345,none,AKShare/新浪基金历史,2026-09-04T01:02:29.548814+08:00
508018,2025-11-27,5.547,5.595,5.531,5.551,3363513,none,AKShare/新浪基金历史,2026-09-04T01:02:29.548814+08:00
508018,2025-11-28,5.535,5.599,5.535,5.582,10672112,none,AKShare/新浪基金历史,2026-09-04T01:02:29.548814+08:00
508018,2025-12-01,5.551,5.594,5.551,5.591,3438597,none,AKShare/新浪基金历史,2026-09-04T01:02:29.548814+08:00
508018,2025-12-02,5.531,5.531,5.473,5.479,2917636,none,AKShare/新浪基金历史,2026-09-04T01:02:29.548814+08:00
508018,2025-12-03,5.476,5.476,5.428,5.435,4618061,none,AKShare/新浪基金历史,2026-09-04T01:02:29.548814+08:00
508018,2025-12-04,5.437,5.473,5.397,5.416,2672063,none,AKShare/新浪基金历史,2026-09-04T01:02:29.548814+08:00
508018,2025-12-05,5.44,5.44,5.374,5.393,2632051,none,AKShare/新浪基金历史,2026-09-04T01:02:29.548814+08:00
508018,2025-12-08,5.4,5.407,5.386,5.398,1868557,none,AKShare/新浪基金历史,2026-09-04T01:02:29.548814+08:00
508018,2025-12-09,5.391,5.399,5.372,5.378,1799316,none,AKShare/新浪基金历史,2026-09-04T01:02:29.548814+08:00
508018,2025-12-10,5.383,5.431,5.371,5.429,4765297,none,AKShare/新浪基金历史,2026-09-04T01:02:29.548814+08:00
508018,2025-12-11,5.429,5.45,5.407,5.435,6807447,none,AKShare/新浪基金历史,2026-09-04T01:02:29.548814+08:00
508018,2025-12-12,5.42,5.459,5.42,5.43,4039390,none,AKShare/新浪基金历史,2026-09-04T01:02:29.548814+08:00
508018,2025-12-15,5.42,5.42,5.345,5.381,2797326,none,AKShare/新浪基金历史,2026-09-04T01:02:29.548814+08:00
508018,2025-12-16,5.393,5.393,5.31,5.345,4510086,none,AKShare/新浪基金历史,2026-09-04T01:02:29.548814+08:00
508018,2025-12-17,5.377,5.377,5.25,5.274,4051649,none,AKShare/新浪基金历史,2026-09-04T01:02:29.548814+08:00
508018,2025-12-18,5.27,5.27,5.195,5.219,3984282,none,AKShare/新浪基金历史,2026-09-04T01:02:29.548814+08:00
508018,2025-12-19,5.218,5.219,5.171,5.184,4456571,none,AKShare/新浪基金历史,2026-09-04T01:02:29.548814+08:00
508018,2025-12-22,5.18,5.222,5.078,5.082,6290597,none,AKShare/新浪基金历史,2026-09-04T01:02:29.548814+08:00
508018,2025-12-23,5.08,5.155,4.999,5.02,5467754,none,AKShare/新浪基金历史,2026-09-04T01:02:29.548814+08:00
508018,2025-12-24,5.017,5.134,5.002,5.132,3311959,none,AKShare/新浪基金历史,2026-09-04T01:02:29.548814+08:00
508018,2025-12-25,5.12,5.259,5.101,5.256,4627269,none,AKShare/新浪基金历史,2026-09-04T01:02:29.548814+08:00
508018,2025-12-26,5.259,5.295,5.211,5.276,1596010,none,AKShare/新浪基金历史,2026-09-04T01:02:29.548814+08:00
508018,2025-12-29,5.276,5.284,5.256,5.272,3455906,none,AKShare/新浪基金历史,2026-09-04T01:02:29.548814+08:00
508018,2025-12-30,5.268,5.286,5.253,5.273,1885669,none,AKShare/新浪基金历史,2026-09-04T01:02:29.548814+08:00
508018,2025-12-31,5.272,5.294,5.255,5.269,2580508,none,AKShare/新浪基金历史,2026-09-04T01:02:29.548814+08:00
508018,2026-01-05,5.266,5.377,5.256,5.366,4376939,none,AKShare/新浪基金历史,2026-09-04T01:02:29.548814+08:00
508018,2026-01-06,5.364,5.485,5.326,5.466,4279691,none,AKShare/新浪基金历史,2026-09-04T01:02:29.548814+08:00
508018,2026-01-07,5.466,5.55,5.441,5.528,6572558,none,AKShare/新浪基金历史,2026-09-04T01:02:29.548814+08:00
508018,2026-01-08,5.537,5.537,5.434,5.493,5451403,none,AKShare/新浪基金历史,2026-09-04T01:02:29.548814+08:00
508018,2026-01-09,5.479,5.529,5.456,5.517,2954399,none,AKShare/新浪基金历史,2026-09-04T01:02:29.548814+08:00
508018,2026-01-12,5.516,5.552,5.466,5.551,2021148,none,AKShare/新浪基金历史,2026-09-04T01:02:29.548814+08:00
508018,2026-01-13,5.55,5.551,5.51,5.549,2737129,none,AKShare/新浪基金历史,2026-09-04T01:02:29.548814+08:00
508018,2026-01-14,5.549,5.557,5.521,5.549,3879279,none,AKShare/新浪基金历史,2026-09-04T01:02:29.548814+08:00
508018,2026-01-15,5.541,5.557,5.529,5.537,4966163,none,AKShare/新浪基金历史,2026-09-04T01:02:29.548814+08:00
508018,2026-01-16,5.531,5.534,5.485,5.486,3012830,none,AKShare/新浪基金历史,2026-09-04T01:02:29.548814+08:00
508018,2026-01-19,5.48,5.519,5.45,5.493,4378813,none,AKShare/新浪基金历史,2026-09-04T01:02:29.548814+08:00
508018,2026-01-20,5.492,5.549,5.461,5.545,3096618,none,AKShare/新浪基金历史,2026-09-04T01:02:29.548814+08:00
508018,2026-01-21,5.542,5.588,5.514,5.58,3783639,none,AKShare/新浪基金历史,2026-09-04T01:02:29.548814+08:00
508018,2026-01-22,5.578,5.62,5.531,5.6,2479723,none,AKShare/新浪基金历史,2026-09-04T01:02:29.548814+08:00
508018,2026-01-23,5.6,5.628,5.574,5.596,3490496,none,AKShare/新浪基金历史,2026-09-04T01:02:29.548814+08:00
508018,2026-01-26,5.595,5.602,5.56,5.6,1117167,none,AKShare/新浪基金历史,2026-09-04T01:02:29.548814+08:00
508018,2026-01-27,5.599,5.64,5.57,5.632,3196945,none,AKShare/新浪基金历史,2026-09-04T01:02:29.548814+08:00
508018,2026-01-28,5.625,5.639,5.58,5.601,1771963,none,AKShare/新浪基金历史,2026-09-04T01:02:29.548814+08:00
508018,2026-01-29,5.6,5.647,5.589,5.636,5096263,none,AKShare/新浪基金历史,2026-09-04T01:02:29.548814+08:00
508018,2026-01-30,5.61,5.635,5.6,5.6,2592799,none,AKShare/新浪基金历史,2026-09-04T01:02:29.548814+08:00
508018,2026-02-02,5.598,5.598,5.547,5.59,2943582,none,AKShare/新浪基金历史,2026-09-04T01:02:29.548814+08:00
508018,2026-02-03,5.587,5.589,5.552,5.557,4415358,none,AKShare/新浪基金历史,2026-09-04T01:02:29.548814+08:00
508018,2026-02-04,5.553,5.628,5.542,5.627,2692638,none,AKShare/新浪基金历史,2026-09-04T01:02:29.548814+08:00
508018,2026-02-05,5.624,5.626,5.592,5.606,1532714,none,AKShare/新浪基金历史,2026-09-04T01:02:29.548814+08:00
508018,2026-02-06,5.583,5.62,5.569,5.584,1005011,none,AKShare/新浪基金历史,2026-09-04T01:02:29.548814+08:00
508018,2026-02-09,5.584,5.589,5.542,5.553,1720005,none,AKShare/新浪基金历史,2026-09-04T01:02:29.548814+08:00
508018,2026-02-10,5.552,5.57,5.53,5.565,2623267,none,AKShare/新浪基金历史,2026-09-04T01:02:29.548814+08:00
508018,2026-02-11,5.545,5.572,5.545,5.56,1637395,none,AKShare/新浪基金历史,2026-09-04T01:02:29.548814+08:00
508018,2026-02-12,5.56,5.571,5.548,5.567,1389959,none,AKShare/新浪基金历史,2026-09-04T01:02:29.548814+08:00
508018,2026-02-13,5.566,5.566,5.543,5.548,986463,none,AKShare/新浪基金历史,2026-09-04T01:02:29.548814+08:00
508018,2026-02-24,5.55,5.565,5.526,5.542,1037680,none,AKShare/新浪基金历史,2026-09-04T01:02:29.548814+08:00
508018,2026-02-25,5.54,5.557,5.537,5.544,1027670,none,AKShare/新浪基金历史,2026-09-04T01:02:29.548814+08:00
508018,2026-02-26,5.544,5.55,5.527,5.531,1570576,none,AKShare/新浪基金历史,2026-09-04T01:02:29.548814+08:00
508018,2026-02-27,5.53,5.53,5.491,5.494,2648885,none,AKShare/新浪基金历史,2026-09-04T01:02:29.548814+08:00
508018,2026-03-02,5.494,5.52,5.471,5.51,2874115,none,AKShare/新浪基金历史,2026-09-04T01:02:29.548814+08:00
508018,2026-03-03,5.51,5.535,5.478,5.532,2203638,none,AKShare/新浪基金历史,2026-09-04T01:02:29.548814+08:00
508018,2026-03-04,5.521,5.534,5.511,5.53,1967131,none,AKShare/新浪基金历史,2026-09-04T01:02:29.548814+08:00
508018,2026-03-05,5.53,5.593,5.501,5.59,1728181,none,AKShare/新浪基金历史,2026-09-04T01:02:29.548814+08:00
508018,2026-03-06,5.585,5.597,5.561,5.566,950880,none,AKShare/新浪基金历史,2026-09-04T01:02:29.548814+08:00
508018,2026-03-09,5.566,5.566,5.518,5.53,1784797,none,AKShare/新浪基金历史,2026-09-04T01:02:29.548814+08:00
508018,2026-03-10,5.53,5.565,5.522,5.559,1958770,none,AKShare/新浪基金历史,2026-09-04T01:02:29.548814+08:00
508018,2026-03-11,5.561,5.577,5.539,5.562,1787803,none,AKShare/新浪基金历史,2026-09-04T01:02:29.548814+08:00
508018,2026-03-12,5.562,5.563,5.533,5.56,1736887,none,AKShare/新浪基金历史,2026-09-04T01:02:29.548814+08:00
508018,2026-03-13,5.55,5.578,5.535,5.577,1245685,none,AKShare/新浪基金历史,2026-09-04T01:02:29.548814+08:00
508018,2026-03-16,5.575,5.596,5.553,5.573,4091590,none,AKShare/新浪基金历史,2026-09-04T01:02:29.548814+08:00
508018,2026-03-17,5.56,5.59,5.56,5.562,3271052,none,AKShare/新浪基金历史,2026-09-04T01:02:29.548814+08:00
508018,2026-03-18,5.558,5.566,5.54,5.564,1957521,none,AKShare/新浪基金历史,2026-09-04T01:02:29.548814+08:00
508018,2026-03-19,5.56,5.56,5.505,5.531,953186,none,AKShare/新浪基金历史,2026-09-04T01:02:29.548814+08:00
508018,2026-03-20,5.528,5.542,5.5,5.53,842820,none,AKShare/新浪基金历史,2026-09-04T01:02:29.548814+08:00
508018,2026-03-23,5.5,5.521,5.492,5.492,1818748,none,AKShare/新浪基金历史,2026-09-04T01:02:29.548814+08:00
508018,2026-03-24,5.492,5.539,5.492,5.511,5444633,none,AKShare/新浪基金历史,2026-09-04T01:02:29.548814+08:00
508018,2026-03-25,5.51,5.598,5.503,5.56,2007691,none,AKShare/新浪基金历史,2026-09-04T01:02:29.548814+08:00
508018,2026-03-26,5.56,5.597,5.549,5.575,2098927,none,AKShare/新浪基金历史,2026-09-04T01:02:29.548814+08:00
508018,2026-03-27,5.561,5.597,5.558,5.58,3899174,none,AKShare/新浪基金历史,2026-09-04T01:02:29.548814+08:00
508018,2026-03-30,5.578,5.597,5.509,5.53,2381117,none,AKShare/新浪基金历史,2026-09-04T01:02:29.548814+08:00
508018,2026-03-31,5.534,5.557,5.492,5.51,4475025,none,AKShare/新浪基金历史,2026-09-04T01:02:29.548814+08:00
508018,2026-04-01,5.51,5.525,5.497,5.505,3076845,none,AKShare/新浪基金历史,2026-09-04T01:02:29.548814+08:00
508018,2026-04-02,5.504,5.524,5.504,5.52,2559691,none,AKShare/新浪基金历史,2026-09-04T01:02:29.548814+08:00
508018,2026-04-03,5.52,5.538,5.496,5.535,2069101,none,AKShare/新浪基金历史,2026-09-04T01:02:29.548814+08:00
508018,2026-04-07,5.54,5.54,5.501,5.512,2901049,none,AKShare/新浪基金历史,2026-09-04T01:02:29.548814+08:00
508018,2026-04-08,5.517,5.548,5.501,5.532,2366984,none,AKShare/新浪基金历史,2026-09-04T01:02:29.548814+08:00
508018,2026-04-09,5.51,5.548,5.503,5.507,4770295,none,AKShare/新浪基金历史,2026-09-04T01:02:29.548814+08:00
508018,2026-04-10,5.5,5.521,5.471,5.479,3753624,none,AKShare/新浪基金历史,2026-09-04T01:02:29.548814+08:00
508018,2026-04-13,5.479,5.499,5.44,5.467,2929974,none,AKShare/新浪基金历史,2026-09-04T01:02:29.548814+08:00
508018,2026-04-14,5.468,5.505,5.468,5.492,4178188,none,AKShare/新浪基金历史,2026-09-04T01:02:29.548814+08:00
508018,2026-04-15,5.492,5.562,5.473,5.535,2729111,none,AKShare/新浪基金历史,2026-09-04T01:02:29.548814+08:00
508018,2026-04-16,5.535,5.584,5.531,5.57,2157187,none,AKShare/新浪基金历史,2026-09-04T01:02:29.548814+08:00
508018,2026-04-17,5.542,5.572,5.542,5.567,1429706,none,AKShare/新浪基金历史,2026-09-04T01:02:29.548814+08:00
508018,2026-04-20,5.563,5.577,5.534,5.572,1564590,none,AKShare/新浪基金历史,2026-09-04T01:02:29.548814+08:00
508018,2026-04-21,5.571,5.606,5.55,5.592,3949395,none,AKShare/新浪基金历史,2026-09-04T01:02:29.548814+08:00
508018,2026-04-22,5.599,5.66,5.575,5.652,3320916,none,AKShare/新浪基金历史,2026-09-04T01:02:29.548814+08:00
508018,2026-04-23,5.63,5.689,5.63,5.683,3109931,none,AKShare/新浪基金历史,2026-09-04T01:02:29.548814+08:00
508018,2026-04-24,5.676,5.755,5.657,5.726,3276848,none,AKShare/新浪基金历史,2026-09-04T01:02:29.548814+08:00
508018,2026-04-27,5.724,5.753,5.701,5.743,2296390,none,AKShare/新浪基金历史,2026-09-04T01:02:29.548814+08:00
508018,2026-04-28,5.742,5.743,5.661,5.67,1377863,none,AKShare/新浪基金历史,2026-09-04T01:02:29.548814+08:00
508018,2026-04-29,5.625,5.625,5.575,5.581,355447,none,AKShare/新浪基金历史,2026-09-04T01:02:29.548814+08:00
508018,2026-04-30,5.581,5.621,5.56,5.572,736100,none,AKShare/新浪基金历史,2026-09-04T01:02:29.548814+08:00
508018,2026-05-06,5.566,5.59,5.557,5.589,918279,none,AKShare/新浪基金历史,2026-09-04T01:02:29.548814+08:00
508018,2026-05-07,5.589,5.639,5.579,5.631,1162451,none,AKShare/新浪基金历史,2026-09-04T01:02:29.548814+08:00
508018,2026-05-08,5.629,5.686,5.626,5.675,2243378,none,AKShare/新浪基金历史,2026-09-04T01:02:29.548814+08:00
508018,2026-05-11,5.67,5.702,5.63,5.687,2240760,none,AKShare/新浪基金历史,2026-09-04T01:02:29.548814+08:00
508018,2026-05-12,5.681,5.701,5.655,5.698,3049307,none,AKShare/新浪基金历史,2026-09-04T01:02:29.548814+08:00
508018,2026-05-13,5.71,5.71,5.677,5.677,1059585,none,AKShare/新浪基金历史,2026-09-04T01:02:29.548814+08:00
508018,2026-05-14,5.677,5.677,5.637,5.64,2178331,none,AKShare/新浪基金历史,2026-09-04T01:02:29.548814+08:00
508018,2026-05-15,5.639,5.639,5.608,5.628,1671154,none,AKShare/新浪基金历史,2026-09-04T01:02:29.548814+08:00
508018,2026-05-18,5.602,5.694,5.602,5.683,1731838,none,AKShare/新浪基金历史,2026-09-04T01:02:29.548814+08:00
508018,2026-05-19,5.666,5.9,5.666,5.87,6682735,none,AKShare/新浪基金历史,2026-09-04T01:02:29.548814+08:00
508018,2026-05-20,5.868,6.02,5.868,5.91,6501924,none,AKShare/新浪基金历史,2026-09-04T01:02:29.548814+08:00
508018,2026-05-21,5.89,5.95,5.819,5.945,2505470,none,AKShare/新浪基金历史,2026-09-04T01:02:29.548814+08:00
508018,2026-05-22,5.938,6.029,5.93,6.028,4695244,none,AKShare/新浪基金历史,2026-09-04T01:02:29.548814+08:00
508018,2026-05-25,6.029,6.103,6.029,6.098,4977938,none,AKShare/新浪基金历史,2026-09-04T01:02:29.548814+08:00
508018,2026-05-26,6.103,6.103,6.003,6.094,3409093,none,AKShare/新浪基金历史,2026-09-04T01:02:29.548814+08:00
508018,2026-05-27,6.021,6.021,5.87,5.893,2320527,none,AKShare/新浪基金历史,2026-09-04T01:02:29.548814+08:00
508018,2026-05-28,5.866,5.866,5.835,5.845,1314711,none,AKShare/新浪基金历史,2026-09-04T01:02:29.548814+08:00
508018,2026-05-29,5.834,5.919,5.808,5.912,2758287,none,AKShare/新浪基金历史,2026-09-04T01:02:29.548814+08:00
508018,2026-06-01,5.912,6.024,5.912,5.97,2727910,none,AKShare/新浪基金历史,2026-09-04T01:02:29.548814+08:00
508018,2026-06-02,5.963,5.968,5.908,5.918,3206408,none,AKShare/新浪基金历史,2026-09-04T01:02:29.548814+08:00
508018,2026-06-03,5.91,5.96,5.842,5.948,2435988,none,AKShare/新浪基金历史,2026-09-04T01:02:29.548814+08:00
508018,2026-06-04,5.92,6.019,5.898,5.985,2985353,none,AKShare/新浪基金历史,2026-09-04T01:02:29.548814+08:00
508018,2026-06-05,6.0,6.026,5.941,5.995,2046345,none,AKShare/新浪基金历史,2026-09-04T01:02:29.548814+08:00
508018,2026-06-08,5.968,6.002,5.951,5.991,2433526,none,AKShare/新浪基金历史,2026-09-04T01:02:29.548814+08:00
508018,2026-06-09,6.002,6.002,5.857,5.888,1707692,none,AKShare/新浪基金历史,2026-09-04T01:02:29.548814+08:00
508018,2026-06-10,5.888,5.91,5.851,5.863,411391,none,AKShare/新浪基金历史,2026-09-04T01:02:29.548814+08:00
508018,2026-06-11,5.863,5.865,5.754,5.797,3234986,none,AKShare/新浪基金历史,2026-09-04T01:02:29.548814+08:00
508018,2026-06-12,5.771,5.827,5.765,5.809,3455297,none,AKShare/新浪基金历史,2026-09-04T01:02:29.548814+08:00
508018,2026-06-15,5.809,5.82,5.788,5.795,764011,none,AKShare/新浪基金历史,2026-09-04T01:02:29.548814+08:00
508018,2026-06-16,5.783,5.8,5.77,5.78,1364169,none,AKShare/新浪基金历史,2026-09-04T01:02:29.548814+08:00
508018,2026-06-17,5.788,5.832,5.782,5.803,1578442,none,AKShare/新浪基金历史,2026-09-04T01:02:29.548814+08:00
508018,2026-06-18,5.78,5.784,5.7,5.759,1348453,none,AKShare/新浪基金历史,2026-09-04T01:02:29.548814+08:00
508018,2026-06-22,5.733,5.755,5.615,5.65,1935055,none,AKShare/新浪基金历史,2026-09-04T01:02:29.548814+08:00
508018,2026-06-23,5.651,5.651,5.549,5.55,1692743,none,AKShare/新浪基金历史,2026-09-04T01:02:29.548814+08:00
508018,2026-06-24,5.55,5.55,5.474,5.506,1864263,none,AKShare/新浪基金历史,2026-09-04T01:02:29.548814+08:00
508018,2026-06-25,5.521,5.749,5.521,5.7,1756451,none,AKShare/新浪基金历史,2026-09-04T01:02:29.548814+08:00
508018,2026-06-26,5.681,5.767,5.622,5.766,2254673,none,AKShare/新浪基金历史,2026-09-04T01:02:29.548814+08:00
508018,2026-06-29,5.766,5.82,5.663,5.809,1510005,none,AKShare/新浪基金历史,2026-09-04T01:02:29.548814+08:00
508018,2026-06-30,5.804,5.917,5.74,5.916,1742097,none,AKShare/新浪基金历史,2026-09-04T01:02:29.548814+08:00
508018,2026-07-01,5.916,5.98,5.86,5.97,1753699,none,AKShare/新浪基金历史,2026-09-04T01:02:29.548814+08:00
508018,2026-07-02,5.969,5.97,5.868,5.923,1451702,none,AKShare/新浪基金历史,2026-09-04T01:02:29.548814+08:00
508018,2026-07-03,5.896,5.974,5.896,5.974,1424358,none,AKShare/新浪基金历史,2026-09-04T01:02:29.548814+08:00
508018,2026-07-06,5.948,5.966,5.922,5.936,2060846,none,AKShare/新浪基金历史,2026-09-04T01:02:29.548814+08:00
508018,2026-07-07,5.909,5.939,5.89,5.915,1385939,none,AKShare/新浪基金历史,2026-09-04T01:02:29.548814+08:00
508018,2026-07-08,5.91,5.95,5.869,5.873,2112204,none,AKShare/新浪基金历史,2026-09-04T01:02:29.548814+08:00
508018,2026-07-09,5.85,5.872,5.8,5.858,1357511,none,AKShare/新浪基金历史,2026-09-04T01:02:29.548814+08:00
508018,2026-07-10,5.831,5.91,5.828,5.883,1669870,none,AKShare/新浪基金历史,2026-09-04T01:02:29.548814+08:00
508018,2026-07-13,5.882,5.92,5.846,5.891,830069,none,AKShare/新浪基金历史,2026-09-04T01:02:29.548814+08:00
508018,2026-07-14,5.892,5.919,5.842,5.846,1552156,none,AKShare/新浪基金历史,2026-09-04T01:02:29.548814+08:00
508018,2026-07-15,5.839,5.89,5.828,5.83,1685191,none,AKShare/新浪基金历史,2026-09-04T01:02:29.548814+08:00
508018,2026-07-16,5.808,5.879,5.803,5.84,1189714,none,AKShare/新浪基金历史,2026-09-04T01:02:29.548814+08:00
508018,2026-07-17,5.823,5.855,5.767,5.818,668797,none,AKShare/新浪基金历史,2026-09-04T01:02:29.548814+08:00
508018,2026-07-20,5.791,5.847,5.758,5.81,590445,none,AKShare/新浪基金历史,2026-09-04T01:02:29.548814+08:00
508018,2026-07-21,5.812,5.83,5.783,5.784,988563,none,AKShare/新浪基金历史,2026-09-04T01:02:29.548814+08:00
508018,2026-07-22,5.79,5.809,5.76,5.783,742668,none,AKShare/新浪基金历史,2026-09-04T01:02:29.548814+08:00
508018,2026-07-23,5.758,5.87,5.75,5.788,1084756,none,AKShare/新浪基金历史,2026-09-04T01:02:29.548814+08:00
508018,2026-07-24,5.778,5.87,5.77,5.868,1315947,none,AKShare/新浪基金历史,2026-09-04T01:02:29.548814+08:00
508018,2026-07-27,5.868,5.868,5.82,5.86,1087647,none,AKShare/新浪基金历史,2026-09-04T01:02:29.548814+08:00
508018,2026-07-28,5.858,5.885,5.82,5.84,604926,none,AKShare/新浪基金历史,2026-09-04T01:02:29.548814+08:00
508018,2026-07-29,5.832,5.87,5.801,5.85,1548029,none,AKShare/新浪基金历史,2026-09-04T01:02:29.548814+08:00
508018,2026-07-30,5.85,5.884,5.81,5.878,960027,none,AKShare/新浪基金历史,2026-09-04T01:02:29.548814+08:00
508018,2026-07-31,5.851,5.949,5.832,5.938,1308360,none,AKShare/新浪基金历史,2026-09-04T01:02:29.548814+08:00
508018,2026-08-03,5.934,5.97,5.934,5.938,1511899,none,AKShare/新浪基金历史,2026-09-04T01:02:29.548814+08:00
508018,2026-08-04,5.938,5.96,5.901,5.928,1254307,none,AKShare/新浪基金历史,2026-09-04T01:02:29.548814+08:00
508018,2026-08-05,5.905,5.942,5.879,5.93,1945672,none,AKShare/新浪基金历史,2026-09-04T01:02:29.548814+08:00
508018,2026-08-06,5.903,5.949,5.899,5.94,3188418,none,AKShare/新浪基金历史,2026-09-04T01:02:29.548814+08:00
508018,2026-08-07,5.915,5.968,5.911,5.941,571520,none,AKShare/新浪基金历史,2026-09-04T01:02:29.548814+08:00
508018,2026-08-10,5.941,5.95,5.922,5.934,1328985,none,AKShare/新浪基金历史,2026-09-04T01:02:29.548814+08:00
508018,2026-08-11,5.96,5.96,5.91,5.919,1096270,none,AKShare/新浪基金历史,2026-09-04T01:02:29.548814+08:00
508018,2026-08-12,5.918,5.92,5.871,5.888,1869942,none,AKShare/新浪基金历史,2026-09-04T01:02:29.548814+08:00
508018,2026-08-13,5.883,5.883,5.838,5.841,686034,none,AKShare/新浪基金历史,2026-09-04T01:02:29.548814+08:00
508018,2026-08-14,5.841,5.875,5.835,5.837,1392188,none,AKShare/新浪基金历史,2026-09-04T01:02:29.548814+08:00
508018,2026-08-17,5.837,5.88,5.837,5.868,1218048,none,AKShare/新浪基金历史,2026-09-04T01:02:29.548814+08:00
508018,2026-08-18,5.869,5.88,5.85,5.865,765016,none,AKShare/新浪基金历史,2026-09-04T01:02:29.548814+08:00
508018,2026-08-19,5.805,5.821,5.76,5.785,1063463,none,AKShare/新浪基金历史,2026-09-04T01:02:29.548814+08:00
508018,2026-08-20,5.811,5.811,5.76,5.769,1912310,none,AKShare/新浪基金历史,2026-09-04T01:02:29.548814+08:00
508018,2026-08-21,5.769,5.79,5.758,5.765,1185179,none,AKShare/新浪基金历史,2026-09-04T01:02:29.548814+08:00
508018,2026-08-24,5.765,5.78,5.76,5.774,1129466,none,AKShare/新浪基金历史,2026-09-04T01:02:29.548814+08:00
508018,2026-08-25,5.774,5.781,5.76,5.767,966155,none,AKShare/新浪基金历史,2026-09-04T01:02:29.548814+08:00
508018,2026-08-26,5.767,5.779,5.756,5.763,1623203,none,AKShare/新浪基金历史,2026-09-04T01:02:29.548814+08:00
508018,2026-08-27,5.769,5.845,5.764,5.804,1779033,none,AKShare/新浪基金历史,2026-09-04T01:02:29.548814+08:00
508018,2026-08-28,5.83,5.83,5.748,5.748,1842241,none,AKShare/新浪基金历史,2026-09-04T01:02:29.548814+08:00
508018,2026-08-31,5.747,5.773,5.725,5.73,892951,none,AKShare/新浪基金历史,2026-09-04T01:02:29.548814+08:00
508018,2026-09-01,5.714,5.758,5.671,5.695,1470817,none,AKShare/新浪基金历史,2026-09-04T01:02:29.548814+08:00
508018,2026-09-02,5.718,5.718,5.675,5.682,386186,none,AKShare/新浪基金历史,2026-09-04T01:02:29.548814+08:00
508026,2024-03-28,2.74,2.81,2.74,2.769,22487090,none,AKShare/新浪基金历史,2026-09-04T01:02:29.548814+08:00
508026,2024-03-29,2.769,2.866,2.769,2.848,5027133,none,AKShare/新浪基金历史,2026-09-04T01:02:29.548814+08:00
508026,2024-04-01,2.848,2.88,2.848,2.861,3032157,none,AKShare/新浪基金历史,2026-09-04T01:02:29.548814+08:00
508026,2024-04-02,2.861,2.871,2.837,2.86,3373310,none,AKShare/新浪基金历史,2026-09-04T01:02:29.548814+08:00
508026,2024-04-03,2.861,2.872,2.861,2.87,2441413,none,AKShare/新浪基金历史,2026-09-04T01:02:29.548814+08:00
508026,2024-04-08,2.87,2.921,2.841,2.907,2661613,none,AKShare/新浪基金历史,2026-09-04T01:02:29.548814+08:00
508026,2024-04-09,2.911,2.94,2.885,2.92,1425819,none,AKShare/新浪基金历史,2026-09-04T01:02:29.548814+08:00
508026,2024-04-10,2.92,2.945,2.901,2.93,989569,none,AKShare/新浪基金历史,2026-09-04T01:02:29.548814+08:00
508026,2024-04-11,2.933,2.98,2.933,2.976,952896,none,AKShare/新浪基金历史,2026-09-04T01:02:29.548814+08:00
508026,2024-04-12,2.977,3.006,2.977,2.995,1189566,none,AKShare/新浪基金历史,2026-09-04T01:02:29.548814+08:00
508026,2024-04-15,2.998,3.049,2.925,2.951,4635458,none,AKShare/新浪基金历史,2026-09-04T01:02:29.548814+08:00
508026,2024-04-16,2.949,2.981,2.891,2.979,943393,none,AKShare/新浪基金历史,2026-09-04T01:02:29.548814+08:00
508026,2024-04-17,2.984,2.999,2.979,2.993,908591,none,AKShare/新浪基金历史,2026-09-04T01:02:29.548814+08:00
508026,2024-04-18,3.0,3.002,2.989,3.001,693318,none,AKShare/新浪基金历史,2026-09-04T01:02:29.548814+08:00
508026,2024-04-19,2.981,3.016,2.981,2.994,1152397,none,AKShare/新浪基金历史,2026-09-04T01:02:29.548814+08:00
508026,2024-04-22,2.981,2.998,2.931,2.991,794965,none,AKShare/新浪基金历史,2026-09-04T01:02:29.548814+08:00
508026,2024-04-23,2.991,3.057,2.984,3.032,698203,none,AKShare/新浪基金历史,2026-09-04T01:02:29.548814+08:00
508026,2024-04-24,3.023,3.041,3.014,3.033,895799,none,AKShare/新浪基金历史,2026-09-04T01:02:29.548814+08:00
508026,2024-04-25,3.002,3.101,3.002,3.095,538021,none,AKShare/新浪基金历史,2026-09-04T01:02:29.548814+08:00
508026,2024-04-26,3.096,3.172,3.096,3.166,689882,none,AKShare/新浪基金历史,2026-09-04T01:02:29.548814+08:00
508026,2024-04-29,3.168,3.25,3.165,3.177,773328,none,AKShare/新浪基金历史,2026-09-04T01:02:29.548814+08:00
508026,2024-04-30,3.177,3.248,3.122,3.208,562153,none,AKShare/新浪基金历史,2026-09-04T01:02:29.548814+08:00
508026,2024-05-06,3.214,3.214,3.196,3.205,529640,none,AKShare/新浪基金历史,2026-09-04T01:02:29.548814+08:00
508026,2024-05-07,3.25,3.25,3.165,3.195,975836,none,AKShare/新浪基金历史,2026-09-04T01:02:29.548814+08:00
508026,2024-05-08,3.2,3.2,3.177,3.178,1041200,none,AKShare/新浪基金历史,2026-09-04T01:02:29.548814+08:00
508026,2024-05-09,3.177,3.178,3.174,3.174,300735,none,AKShare/新浪基金历史,2026-09-04T01:02:29.548814+08:00
508026,2024-05-10,3.174,3.192,3.174,3.179,283815,none,AKShare/新浪基金历史,2026-09-04T01:02:29.548814+08:00
508026,2024-05-13,3.205,3.205,3.178,3.187,385126,none,AKShare/新浪基金历史,2026-09-04T01:02:29.548814+08:00
508026,2024-05-14,3.189,3.203,3.178,3.2,340031,none,AKShare/新浪基金历史,2026-09-04T01:02:29.548814+08:00
508026,2024-05-15,3.2,3.254,3.2,3.249,1741566,none,AKShare/新浪基金历史,2026-09-04T01:02:29.548814+08:00
508026,2024-05-16,3.227,3.299,3.227,3.262,375764,none,AKShare/新浪基金历史,2026-09-04T01:02:29.548814+08:00
508026,2024-05-17,3.267,3.287,3.267,3.276,1330263,none,AKShare/新浪基金历史,2026-09-04T01:02:29.548814+08:00
508026,2024-05-20,3.268,3.299,3.24,3.244,442656,none,AKShare/新浪基金历史,2026-09-04T01:02:29.548814+08:00
508026,2024-05-21,3.243,3.244,3.19,3.19,908653,none,AKShare/新浪基金历史,2026-09-04T01:02:29.548814+08:00
508026,2024-05-22,3.19,3.196,3.116,3.117,1136123,none,AKShare/新浪基金历史,2026-09-04T01:02:29.548814+08:00
508026,2024-05-23,3.1,3.115,3.06,3.096,2104218,none,AKShare/新浪基金历史,2026-09-04T01:02:29.548814+08:00
508026,2024-05-24,3.091,3.13,3.06,3.119,928577,none,AKShare/新浪基金历史,2026-09-04T01:02:29.548814+08:00
508026,2024-05-27,3.119,3.14,3.093,3.116,672646,none,AKShare/新浪基金历史,2026-09-04T01:02:29.548814+08:00
508026,2024-05-28,3.116,3.149,3.116,3.14,3292066,none,AKShare/新浪基金历史,2026-09-04T01:02:29.548814+08:00
508026,2024-05-29,3.14,3.144,3.125,3.139,1548769,none,AKShare/新浪基金历史,2026-09-04T01:02:29.548814+08:00
508026,2024-05-30,3.139,3.157,3.132,3.139,724088,none,AKShare/新浪基金历史,2026-09-04T01:02:29.548814+08:00
508026,2024-05-31,3.139,3.168,3.139,3.164,2965836,none,AKShare/新浪基金历史,2026-09-04T01:02:29.548814+08:00
508026,2024-06-03,3.161,3.185,3.161,3.17,1008237,none,AKShare/新浪基金历史,2026-09-04T01:02:29.548814+08:00
508026,2024-06-04,3.162,3.2,3.16,3.165,1076979,none,AKShare/新浪基金历史,2026-09-04T01:02:29.548814+08:00
508026,2024-06-05,3.165,3.204,3.146,3.203,1729049,none,AKShare/新浪基金历史,2026-09-04T01:02:29.548814+08:00
508026,2024-06-06,3.203,3.23,3.193,3.21,2064598,none,AKShare/新浪基金历史,2026-09-04T01:02:29.548814+08:00
508026,2024-06-07,3.211,3.211,3.192,3.198,583447,none,AKShare/新浪基金历史,2026-09-04T01:02:29.548814+08:00
508026,2024-06-11,3.198,3.205,3.161,3.175,659562,none,AKShare/新浪基金历史,2026-09-04T01:02:29.548814+08:00
508026,2024-06-12,3.189,3.189,3.082,3.16,244979,none,AKShare/新浪基金历史,2026-09-04T01:02:29.548814+08:00
508026,2024-06-13,3.151,3.174,3.131,3.161,683874,none,AKShare/新浪基金历史,2026-09-04T01:02:29.548814+08:00
508026,2024-06-14,3.152,3.193,3.144,3.163,299626,none,AKShare/新浪基金历史,2026-09-04T01:02:29.548814+08:00
508026,2024-06-17,3.16,3.187,3.16,3.184,751487,none,AKShare/新浪基金历史,2026-09-04T01:02:29.548814+08:00
508026,2024-06-18,3.184,3.201,3.168,3.184,2650769,none,AKShare/新浪基金历史,2026-09-04T01:02:29.548814+08:00
508026,2024-06-19,3.164,3.182,3.164,3.177,797509,none,AKShare/新浪基金历史,2026-09-04T01:02:29.548814+08:00
508026,2024-06-20,3.156,3.182,3.156,3.176,95049,none,AKShare/新浪基金历史,2026-09-04T01:02:29.548814+08:00
508026,2024-06-21,3.161,3.189,3.161,3.179,534023,none,AKShare/新浪基金历史,2026-09-04T01:02:29.548814+08:00
508026,2024-06-24,3.148,3.247,3.148,3.236,1269567,none,AKShare/新浪基金历史,2026-09-04T01:02:29.548814+08:00
508026,2024-06-25,3.236,3.279,3.236,3.264,1147504,none,AKShare/新浪基金历史,2026-09-04T01:02:29.548814+08:00
508026,2024-06-26,3.251,3.274,3.251,3.27,696320,none,AKShare/新浪基金历史,2026-09-04T01:02:29.548814+08:00
508026,2024-06-27,3.299,3.38,3.22,3.373,2483910,none,AKShare/新浪基金历史,2026-09-04T01:02:29.548814+08:00
508026,2024-06-28,3.34,3.413,3.333,3.407,1480628,none,AKShare/新浪基金历史,2026-09-04T01:02:29.548814+08:00
508026,2024-07-01,3.402,3.409,3.395,3.399,661172,none,AKShare/新浪基金历史,2026-09-04T01:02:29.548814+08:00
508026,2024-07-02,3.398,3.45,3.365,3.397,2135529,none,AKShare/新浪基金历史,2026-09-04T01:02:29.548814+08:00
508026,2024-07-03,3.392,3.42,3.37,3.4,1077174,none,AKShare/新浪基金历史,2026-09-04T01:02:29.548814+08:00
508026,2024-07-04,3.41,3.41,3.336,3.34,3228438,none,AKShare/新浪基金历史,2026-09-04T01:02:29.548814+08:00
508026,2024-07-05,3.33,3.34,3.28,3.3,3419837,none,AKShare/新浪基金历史,2026-09-04T01:02:29.548814+08:00
508026,2024-07-08,3.28,3.352,3.28,3.326,721884,none,AKShare/新浪基金历史,2026-09-04T01:02:29.548814+08:00
508026,2024-07-09,3.336,3.336,3.3,3.324,1173621,none,AKShare/新浪基金历史,2026-09-04T01:02:29.548814+08:00
508026,2024-07-10,3.324,3.329,3.31,3.324,1396726,none,AKShare/新浪基金历史,2026-09-04T01:02:29.548814+08:00
508026,2024-07-11,3.325,3.345,3.301,3.311,1270935,none,AKShare/新浪基金历史,2026-09-04T01:02:29.548814+08:00
508026,2024-07-12,3.303,3.341,3.278,3.325,1540717,none,AKShare/新浪基金历史,2026-09-04T01:02:29.548814+08:00
508026,2024-07-15,3.329,3.44,3.329,3.405,4820559,none,AKShare/新浪基金历史,2026-09-04T01:02:29.548814+08:00
508026,2024-07-16,3.44,3.44,3.39,3.409,1212736,none,AKShare/新浪基金历史,2026-09-04T01:02:29.548814+08:00
508026,2024-07-17,3.409,3.445,3.39,3.404,1180958,none,AKShare/新浪基金历史,2026-09-04T01:02:29.548814+08:00
508026,2024-07-18,3.403,3.463,3.403,3.453,1807285,none,AKShare/新浪基金历史,2026-09-04T01:02:29.548814+08:00
508026,2024-07-19,3.464,3.465,3.41,3.453,2368750,none,AKShare/新浪基金历史,2026-09-04T01:02:29.548814+08:00
508026,2024-07-22,3.454,3.469,3.419,3.455,3240448,none,AKShare/新浪基金历史,2026-09-04T01:02:29.548814+08:00
508026,2024-07-23,3.455,3.47,3.422,3.441,2120007,none,AKShare/新浪基金历史,2026-09-04T01:02:29.548814+08:00
508026,2024-07-24,3.441,3.441,3.42,3.429,1820030,none,AKShare/新浪基金历史,2026-09-04T01:02:29.548814+08:00
508026,2024-07-25,3.429,3.429,3.413,3.429,1105156,none,AKShare/新浪基金历史,2026-09-04T01:02:29.548814+08:00
508026,2024-07-26,3.433,3.444,3.433,3.44,2009114,none,AKShare/新浪基金历史,2026-09-04T01:02:29.548814+08:00
508026,2024-07-29,3.44,3.44,3.421,3.426,1070267,none,AKShare/新浪基金历史,2026-09-04T01:02:29.548814+08:00
508026,2024-07-30,3.426,3.429,3.3,3.422,1391084,none,AKShare/新浪基金历史,2026-09-04T01:02:29.548814+08:00
508026,2024-07-31,3.425,3.435,3.422,3.422,1476859,none,AKShare/新浪基金历史,2026-09-04T01:02:29.548814+08:00
508026,2024-08-01,3.421,3.426,3.416,3.422,2928465,none,AKShare/新浪基金历史,2026-09-04T01:02:29.548814+08:00
508026,2024-08-02,3.421,3.44,3.421,3.434,837434,none,AKShare/新浪基金历史,2026-09-04T01:02:29.548814+08:00
508026,2024-08-05,3.434,3.54,3.434,3.54,1662089,none,AKShare/新浪基金历史,2026-09-04T01:02:29.548814+08:00
508026,2024-08-06,3.54,3.55,3.506,3.545,1444627,none,AKShare/新浪基金历史,2026-09-04T01:02:29.548814+08:00
508026,2024-08-07,3.545,3.603,3.525,3.554,3671811,none,AKShare/新浪基金历史,2026-09-04T01:02:29.548814+08:00
508026,2024-08-08,3.554,3.6,3.53,3.54,2729377,none,AKShare/新浪基金历史,2026-09-04T01:02:29.548814+08:00
508026,2024-08-09,3.537,3.537,3.505,3.511,1661150,none,AKShare/新浪基金历史,2026-09-04T01:02:29.548814+08:00
508026,2024-08-12,3.51,3.517,3.475,3.483,1165843,none,AKShare/新浪基金历史,2026-09-04T01:02:29.548814+08:00
508026,2024-08-13,3.47,3.47,3.437,3.462,1910440,none,AKShare/新浪基金历史,2026-09-04T01:02:29.548814+08:00
508026,2024-08-14,3.458,3.524,3.43,3.513,2934323,none,AKShare/新浪基金历史,2026-09-04T01:02:29.548814+08:00
508026,2024-08-15,3.514,3.544,3.514,3.526,2200415,none,AKShare/新浪基金历史,2026-09-04T01:02:29.548814+08:00
508026,2024-08-16,3.528,3.549,3.505,3.518,1339607,none,AKShare/新浪基金历史,2026-09-04T01:02:29.548814+08:00
508026,2024-08-19,3.532,3.544,3.496,3.52,1853978,none,AKShare/新浪基金历史,2026-09-04T01:02:29.548814+08:00
508026,2024-08-20,3.52,3.59,3.52,3.579,1439271,none,AKShare/新浪基金历史,2026-09-04T01:02:29.548814+08:00
508026,2024-08-21,3.56,3.574,3.542,3.542,2411877,none,AKShare/新浪基金历史,2026-09-04T01:02:29.548814+08:00
508026,2024-08-22,3.521,3.55,3.5,3.537,2612600,none,AKShare/新浪基金历史,2026-09-04T01:02:29.548814+08:00
508026,2024-08-23,3.539,3.549,3.521,3.539,1228468,none,AKShare/新浪基金历史,2026-09-04T01:02:29.548814+08:00
508026,2024-08-26,3.539,3.559,3.539,3.54,1629462,none,AKShare/新浪基金历史,2026-09-04T01:02:29.548814+08:00
508026,2024-08-27,3.515,3.535,3.515,3.526,1231159,none,AKShare/新浪基金历史,2026-09-04T01:02:29.548814+08:00
508026,2024-08-28,3.525,3.536,3.524,3.536,1063477,none,AKShare/新浪基金历史,2026-09-04T01:02:29.548814+08:00
508026,2024-08-29,3.536,3.546,3.525,3.532,1213571,none,AKShare/新浪基金历史,2026-09-04T01:02:29.548814+08:00
508026,2024-08-30,3.526,3.533,3.525,3.526,2895715,none,AKShare/新浪基金历史,2026-09-04T01:02:29.548814+08:00
508026,2024-09-02,3.526,3.526,3.503,3.514,1784881,none,AKShare/新浪基金历史,2026-09-04T01:02:29.548814+08:00
508026,2024-09-03,3.508,3.508,3.491,3.493,1603357,none,AKShare/新浪基金历史,2026-09-04T01:02:29.548814+08:00
508026,2024-09-04,3.49,3.494,3.434,3.494,1644135,none,AKShare/新浪基金历史,2026-09-04T01:02:29.548814+08:00
508026,2024-09-05,3.489,3.511,3.486,3.494,1210385,none,AKShare/新浪基金历史,2026-09-04T01:02:29.548814+08:00
508026,2024-09-06,3.494,3.5,3.46,3.466,1957126,none,AKShare/新浪基金历史,2026-09-04T01:02:29.548814+08:00
508026,2024-09-09,3.466,3.506,3.304,3.493,1814770,none,AKShare/新浪基金历史,2026-09-04T01:02:29.548814+08:00
508026,2024-09-10,3.488,3.495,3.444,3.482,1460715,none,AKShare/新浪基金历史,2026-09-04T01:02:29.548814+08:00
508026,2024-09-11,3.494,3.494,3.448,3.453,1780046,none,AKShare/新浪基金历史,2026-09-04T01:02:29.548814+08:00
508026,2024-09-12,3.418,3.454,3.418,3.425,1696445,none,AKShare/新浪基金历史,2026-09-04T01:02:29.548814+08:00
508026,2024-09-13,3.425,3.49,3.425,3.484,728669,none,AKShare/新浪基金历史,2026-09-04T01:02:29.548814+08:00
508026,2024-09-18,3.561,3.561,3.485,3.5,2549497,none,AKShare/新浪基金历史,2026-09-04T01:02:29.548814+08:00
508026,2024-09-19,3.5,3.5,3.47,3.498,1746553,none,AKShare/新浪基金历史,2026-09-04T01:02:29.548814+08:00
508026,2024-09-20,3.471,3.531,3.471,3.509,2553225,none,AKShare/新浪基金历史,2026-09-04T01:02:29.548814+08:00
508026,2024-09-23,3.509,3.509,3.473,3.479,1966924,none,AKShare/新浪基金历史,2026-09-04T01:02:29.548814+08:00
508026,2024-09-24,3.479,3.49,3.476,3.483,1922123,none,AKShare/新浪基金历史,2026-09-04T01:02:29.548814+08:00
508026,2024-09-25,3.483,3.5,3.456,3.483,4289689,none,AKShare/新浪基金历史,2026-09-04T01:02:29.548814+08:00
508026,2024-09-26,3.47,3.49,3.465,3.473,3172710,none,AKShare/新浪基金历史,2026-09-04T01:02:29.548814+08:00
508026,2024-09-27,3.456,3.457,3.44,3.452,167568,none,AKShare/新浪基金历史,2026-09-04T01:02:29.548814+08:00
508026,2024-09-30,3.45,3.45,3.302,3.417,1761486,none,AKShare/新浪基金历史,2026-09-04T01:02:29.548814+08:00
508026,2024-10-08,3.414,3.414,3.311,3.401,2322713,none,AKShare/新浪基金历史,2026-09-04T01:02:29.548814+08:00
508026,2024-10-09,3.367,3.385,3.367,3.381,2504881,none,AKShare/新浪基金历史,2026-09-04T01:02:29.548814+08:00
508026,2024-10-10,3.365,3.389,3.362,3.383,2662419,none,AKShare/新浪基金历史,2026-09-04T01:02:29.548814+08:00
508026,2024-10-11,3.397,3.423,3.386,3.4,3515791,none,AKShare/新浪基金历史,2026-09-04T01:02:29.548814+08:00
508026,2024-10-14,3.4,3.411,3.397,3.399,2073121,none,AKShare/新浪基金历史,2026-09-04T01:02:29.548814+08:00
508026,2024-10-15,3.405,3.407,3.372,3.38,2936037,none,AKShare/新浪基金历史,2026-09-04T01:02:29.548814+08:00
508026,2024-10-16,3.381,3.396,3.373,3.376,1970414,none,AKShare/新浪基金历史,2026-09-04T01:02:29.548814+08:00
508026,2024-10-17,3.405,3.405,3.368,3.373,1981626,none,AKShare/新浪基金历史,2026-09-04T01:02:29.548814+08:00
508026,2024-10-18,3.368,3.386,3.348,3.376,1863124,none,AKShare/新浪基金历史,2026-09-04T01:02:29.548814+08:00
508026,2024-10-21,3.383,3.383,3.365,3.38,1544747,none,AKShare/新浪基金历史,2026-09-04T01:02:29.548814+08:00
508026,2024-10-22,3.381,3.393,3.373,3.379,1439427,none,AKShare/新浪基金历史,2026-09-04T01:02:29.548814+08:00
508026,2024-10-23,3.373,3.376,3.359,3.36,2538514,none,AKShare/新浪基金历史,2026-09-04T01:02:29.548814+08:00
508026,2024-10-24,3.352,3.358,3.332,3.332,300645,none,AKShare/新浪基金历史,2026-09-04T01:02:29.548814+08:00
508026,2024-10-25,3.34,3.358,3.33,3.333,1140330,none,AKShare/新浪基金历史,2026-09-04T01:02:29.548814+08:00
508026,2024-10-28,3.333,3.35,3.316,3.33,1005999,none,AKShare/新浪基金历史,2026-09-04T01:02:29.548814+08:00
508026,2024-10-29,3.318,3.37,3.318,3.356,3149743,none,AKShare/新浪基金历史,2026-09-04T01:02:29.548814+08:00
508026,2024-10-30,3.356,3.456,3.355,3.417,1570934,none,AKShare/新浪基金历史,2026-09-04T01:02:29.548814+08:00
508026,2024-10-31,3.417,3.446,3.412,3.439,1087701,none,AKShare/新浪基金历史,2026-09-04T01:02:29.548814+08:00
508026,2024-11-01,3.433,3.443,3.433,3.441,1530073,none,AKShare/新浪基金历史,2026-09-04T01:02:29.548814+08:00
508026,2024-11-04,3.441,3.457,3.441,3.442,310843,none,AKShare/新浪基金历史,2026-09-04T01:02:29.548814+08:00
508026,2024-11-05,3.457,3.457,3.419,3.433,2546444,none,AKShare/新浪基金历史,2026-09-04T01:02:29.548814+08:00
508026,2024-11-06,3.406,3.458,3.406,3.455,2326613,none,AKShare/新浪基金历史,2026-09-04T01:02:29.548814+08:00
508026,2024-11-07,3.444,3.458,3.44,3.457,1481552,none,AKShare/新浪基金历史,2026-09-04T01:02:29.548814+08:00
508026,2024-11-08,3.44,3.469,3.421,3.46,986749,none,AKShare/新浪基金历史,2026-09-04T01:02:29.548814+08:00
508026,2024-11-11,3.457,3.5,3.457,3.485,601528,none,AKShare/新浪基金历史,2026-09-04T01:02:29.548814+08:00
508026,2024-11-12,3.491,3.558,3.491,3.555,1398136,none,AKShare/新浪基金历史,2026-09-04T01:02:29.548814+08:00
508026,2024-11-13,3.558,3.595,3.552,3.595,1722958,none,AKShare/新浪基金历史,2026-09-04T01:02:29.548814+08:00
508026,2024-11-14,3.595,3.615,3.432,3.532,730926,none,AKShare/新浪基金历史,2026-09-04T01:02:29.548814+08:00
508026,2024-11-15,3.502,3.504,3.46,3.497,1058207,none,AKShare/新浪基金历史,2026-09-04T01:02:29.548814+08:00
508026,2024-11-18,3.459,3.498,3.459,3.487,1475964,none,AKShare/新浪基金历史,2026-09-04T01:02:29.548814+08:00
508026,2024-11-19,3.465,3.486,3.465,3.471,787815,none,AKShare/新浪基金历史,2026-09-04T01:02:29.548814+08:00
508026,2024-11-20,3.465,3.528,3.462,3.523,1016544,none,AKShare/新浪基金历史,2026-09-04T01:02:29.548814+08:00
508026,2024-11-21,3.484,3.556,3.484,3.554,1365928,none,AKShare/新浪基金历史,2026-09-04T01:02:29.548814+08:00
508026,2024-11-22,3.514,3.586,3.503,3.525,1365000,none,AKShare/新浪基金历史,2026-09-04T01:02:29.548814+08:00
508026,2024-11-25,3.525,3.525,3.496,3.513,891896,none,AKShare/新浪基金历史,2026-09-04T01:02:29.548814+08:00
508026,2024-11-26,3.508,3.512,3.502,3.506,1591052,none,AKShare/新浪基金历史,2026-09-04T01:02:29.548814+08:00
508026,2024-11-27,3.496,3.503,3.49,3.502,1200300,none,AKShare/新浪基金历史,2026-09-04T01:02:29.548814+08:00
508026,2024-11-28,3.502,3.56,3.502,3.541,1063345,none,AKShare/新浪基金历史,2026-09-04T01:02:29.548814+08:00
508026,2024-11-29,3.551,3.568,3.546,3.561,580391,none,AKShare/新浪基金历史,2026-09-04T01:02:29.548814+08:00
508026,2024-12-02,3.561,3.629,3.522,3.583,990163,none,AKShare/新浪基金历史,2026-09-04T01:02:29.548814+08:00
508026,2024-12-03,3.584,3.616,3.582,3.596,1203114,none,AKShare/新浪基金历史,2026-09-04T01:02:29.548814+08:00
508026,2024-12-04,3.596,3.596,3.556,3.584,211100,none,AKShare/新浪基金历史,2026-09-04T01:02:29.548814+08:00
508026,2024-12-05,3.584,3.592,3.551,3.59,2028314,none,AKShare/新浪基金历史,2026-09-04T01:02:29.548814+08:00
508026,2024-12-06,3.53,3.59,3.53,3.576,1476400,none,AKShare/新浪基金历史,2026-09-04T01:02:29.548814+08:00
508026,2024-12-09,3.559,3.583,3.559,3.577,303721,none,AKShare/新浪基金历史,2026-09-04T01:02:29.548814+08:00
508026,2024-12-10,3.57,3.63,3.538,3.627,171934,none,AKShare/新浪基金历史,2026-09-04T01:02:29.548814+08:00
508026,2024-12-11,3.644,3.7,3.588,3.697,515480,none,AKShare/新浪基金历史,2026-09-04T01:02:29.548814+08:00
508026,2024-12-12,3.658,3.729,3.658,3.711,475228,none,AKShare/新浪基金历史,2026-09-04T01:02:29.548814+08:00
508026,2024-12-13,3.709,3.79,3.672,3.79,489398,none,AKShare/新浪基金历史,2026-09-04T01:02:29.548814+08:00
508026,2024-12-16,3.8,3.96,3.8,3.96,894235,none,AKShare/新浪基金历史,2026-09-04T01:02:29.548814+08:00
508026,2024-12-17,3.96,4.028,3.96,4.0,1753770,none,AKShare/新浪基金历史,2026-09-04T01:02:29.548814+08:00
508026,2024-12-18,3.994,4.047,3.96,3.979,625338,none,AKShare/新浪基金历史,2026-09-04T01:02:29.548814+08:00
508026,2024-12-19,3.969,4.026,3.9,3.907,783884,none,AKShare/新浪基金历史,2026-09-04T01:02:29.548814+08:00
508026,2024-12-20,3.895,3.919,3.892,3.911,643413,none,AKShare/新浪基金历史,2026-09-04T01:02:29.548814+08:00
508026,2024-12-23,3.911,4.025,3.911,3.928,1154300,none,AKShare/新浪基金历史,2026-09-04T01:02:29.548814+08:00
508026,2024-12-24,3.928,3.928,3.921,3.928,1331200,none,AKShare/新浪基金历史,2026-09-04T01:02:29.548814+08:00
508026,2024-12-25,3.911,3.989,3.911,3.923,1070700,none,AKShare/新浪基金历史,2026-09-04T01:02:29.548814+08:00
508026,2024-12-26,4.014,4.014,3.91,3.926,964087,none,AKShare/新浪基金历史,2026-09-04T01:02:29.548814+08:00
508026,2024-12-27,3.926,4.025,3.926,4.025,831342,none,AKShare/新浪基金历史,2026-09-04T01:02:29.548814+08:00
508026,2024-12-30,4.02,4.025,4.003,4.01,754110,none,AKShare/新浪基金历史,2026-09-04T01:02:29.548814+08:00
508026,2024-12-31,4.025,4.025,3.923,3.988,646643,none,AKShare/新浪基金历史,2026-09-04T01:02:29.548814+08:00
508026,2025-01-02,3.989,4.065,3.949,4.044,1744388,none,AKShare/新浪基金历史,2026-09-04T01:02:29.548814+08:00
508026,2025-01-03,4.043,4.2,4.04,4.157,1066239,none,AKShare/新浪基金历史,2026-09-04T01:02:29.548814+08:00
508026,2025-01-06,4.158,4.573,4.158,4.269,2098584,none,AKShare/新浪基金历史,2026-09-04T01:02:29.548814+08:00
508026,2025-01-07,4.269,4.35,4.21,4.21,921775,none,AKShare/新浪基金历史,2026-09-04T01:02:29.548814+08:00
508026,2025-01-08,4.171,4.259,4.15,4.179,2423412,none,AKShare/新浪基金历史,2026-09-04T01:02:29.548814+08:00
508026,2025-01-09,4.212,4.229,4.154,4.173,2218494,none,AKShare/新浪基金历史,2026-09-04T01:02:29.548814+08:00
508026,2025-01-10,4.215,4.215,4.096,4.135,1477185,none,AKShare/新浪基金历史,2026-09-04T01:02:29.548814+08:00
508026,2025-01-13,4.095,4.145,4.022,4.035,1624211,none,AKShare/新浪基金历史,2026-09-04T01:02:29.548814+08:00
508026,2025-01-14,4.042,4.084,3.971,3.989,992689,none,AKShare/新浪基金历史,2026-09-04T01:02:29.548814+08:00
508026,2025-01-15,3.989,4.039,3.989,4.039,2126362,none,AKShare/新浪基金历史,2026-09-04T01:02:29.548814+08:00
508026,2025-01-16,4.089,4.089,3.962,3.969,7761220,none,AKShare/新浪基金历史,2026-09-04T01:02:29.548814+08:00
508026,2025-01-17,4.011,4.011,3.929,3.95,3831737,none,AKShare/新浪基金历史,2026-09-04T01:02:29.548814+08:00
508026,2025-01-20,3.95,3.997,3.93,3.939,2119821,none,AKShare/新浪基金历史,2026-09-04T01:02:29.548814+08:00
508026,2025-01-21,3.94,3.978,3.917,3.943,2337728,none,AKShare/新浪基金历史,2026-09-04T01:02:29.548814+08:00
508026,2025-01-22,3.973,3.973,3.93,3.971,3792114,none,AKShare/新浪基金历史,2026-09-04T01:02:29.548814+08:00
508026,2025-01-23,3.952,4.03,3.952,3.997,1595700,none,AKShare/新浪基金历史,2026-09-04T01:02:29.548814+08:00
508026,2025-01-24,3.997,4.188,3.997,4.163,1676609,none,AKShare/新浪基金历史,2026-09-04T01:02:29.548814+08:00
508026,2025-01-27,4.167,4.288,4.032,4.084,3540098,none,AKShare/新浪基金历史,2026-09-04T01:02:29.548814+08:00
508026,2025-02-05,4.08,4.118,4.015,4.05,3121494,none,AKShare/新浪基金历史,2026-09-04T01:02:29.548814+08:00
508026,2025-02-06,4.021,4.111,4.021,4.082,942084,none,AKShare/新浪基金历史,2026-09-04T01:02:29.548814+08:00
508026,2025-02-07,4.082,4.118,4.08,4.087,1803333,none,AKShare/新浪基金历史,2026-09-04T01:02:29.548814+08:00
508026,2025-02-10,4.093,4.2,4.047,4.167,1168407,none,AKShare/新浪基金历史,2026-09-04T01:02:29.548814+08:00
508026,2025-02-11,4.187,4.251,4.13,4.186,1844410,none,AKShare/新浪基金历史,2026-09-04T01:02:29.548814+08:00
508026,2025-02-12,4.18,4.19,4.109,4.143,2558557,none,AKShare/新浪基金历史,2026-09-04T01:02:29.548814+08:00
508026,2025-02-13,4.145,4.145,4.06,4.074,2847844,none,AKShare/新浪基金历史,2026-09-04T01:02:29.548814+08:00
508026,2025-02-14,4.048,4.086,3.991,4.078,1495531,none,AKShare/新浪基金历史,2026-09-04T01:02:29.548814+08:00
508026,2025-02-17,4.079,4.108,4.039,4.069,1834828,none,AKShare/新浪基金历史,2026-09-04T01:02:29.548814+08:00
508026,2025-02-18,4.069,4.099,4.01,4.038,2027239,none,AKShare/新浪基金历史,2026-09-04T01:02:29.548814+08:00
508026,2025-02-19,4.063,4.078,4.031,4.075,2123126,none,AKShare/新浪基金历史,2026-09-04T01:02:29.548814+08:00
508026,2025-02-20,4.1,4.101,4.04,4.09,1922414,none,AKShare/新浪基金历史,2026-09-04T01:02:29.548814+08:00
508026,2025-02-21,4.051,4.155,4.05,4.15,2538304,none,AKShare/新浪基金历史,2026-09-04T01:02:29.548814+08:00
508026,2025-02-24,4.11,4.199,4.11,4.18,1406572,none,AKShare/新浪基金历史,2026-09-04T01:02:29.548814+08:00
508026,2025-02-25,4.18,4.24,4.169,4.238,2997017,none,AKShare/新浪基金历史,2026-09-04T01:02:29.548814+08:00
508026,2025-02-26,4.24,4.261,4.165,4.173,1864543,none,AKShare/新浪基金历史,2026-09-04T01:02:29.548814+08:00
508026,2025-02-27,4.172,4.205,4.095,4.177,2735500,none,AKShare/新浪基金历史,2026-09-04T01:02:29.548814+08:00
508026,2025-02-28,4.166,4.168,4.14,4.162,2798772,none,AKShare/新浪基金历史,2026-09-04T01:02:29.548814+08:00
508026,2025-03-03,4.122,4.264,4.1,4.264,2092900,none,AKShare/新浪基金历史,2026-09-04T01:02:29.548814+08:00
508026,2025-03-04,4.27,4.399,4.265,4.399,3881753,none,AKShare/新浪基金历史,2026-09-04T01:02:29.548814+08:00
508026,2025-03-05,4.389,4.4,4.302,4.328,2427025,none,AKShare/新浪基金历史,2026-09-04T01:02:29.548814+08:00
508026,2025-03-06,4.329,4.35,4.299,4.323,2286707,none,AKShare/新浪基金历史,2026-09-04T01:02:29.548814+08:00
508026,2025-03-07,4.205,4.224,4.143,4.155,438607,none,AKShare/新浪基金历史,2026-09-04T01:02:29.548814+08:00
508026,2025-03-10,4.143,4.174,4.12,4.159,2063960,none,AKShare/新浪基金历史,2026-09-04T01:02:29.548814+08:00
508026,2025-03-11,4.159,4.2,4.127,4.171,1528900,none,AKShare/新浪基金历史,2026-09-04T01:02:29.548814+08:00
508026,2025-03-12,4.171,4.183,4.128,4.162,1415846,none,AKShare/新浪基金历史,2026-09-04T01:02:29.548814+08:00
508026,2025-03-13,4.163,4.163,4.127,4.129,2321900,none,AKShare/新浪基金历史,2026-09-04T01:02:29.548814+08:00
508026,2025-03-14,4.126,4.18,4.09,4.174,1424428,none,AKShare/新浪基金历史,2026-09-04T01:02:29.548814+08:00
508026,2025-03-17,4.151,4.184,4.151,4.177,2359400,none,AKShare/新浪基金历史,2026-09-04T01:02:29.548814+08:00
508026,2025-03-18,4.155,4.18,4.155,4.17,1751807,none,AKShare/新浪基金历史,2026-09-04T01:02:29.548814+08:00
508026,2025-03-19,4.16,4.199,4.139,4.18,1754469,none,AKShare/新浪基金历史,2026-09-04T01:02:29.548814+08:00
508026,2025-03-20,4.2,4.366,4.19,4.245,1738294,none,AKShare/新浪基金历史,2026-09-04T01:02:29.548814+08:00
508026,2025-03-21,4.245,4.265,4.218,4.265,1951836,none,AKShare/新浪基金历史,2026-09-04T01:02:29.548814+08:00
508026,2025-03-24,4.265,4.347,4.25,4.263,1686372,none,AKShare/新浪基金历史,2026-09-04T01:02:29.548814+08:00
508026,2025-03-25,4.252,4.252,4.214,4.22,1352200,none,AKShare/新浪基金历史,2026-09-04T01:02:29.548814+08:00
508026,2025-03-26,4.22,4.22,4.146,4.198,2283980,none,AKShare/新浪基金历史,2026-09-04T01:02:29.548814+08:00
508026,2025-03-27,4.177,4.23,4.176,4.219,1529700,none,AKShare/新浪基金历史,2026-09-04T01:02:29.548814+08:00
508026,2025-03-28,4.23,4.24,4.218,4.223,3146115,none,AKShare/新浪基金历史,2026-09-04T01:02:29.548814+08:00
508026,2025-03-31,4.24,4.28,4.22,4.275,1748243,none,AKShare/新浪基金历史,2026-09-04T01:02:29.548814+08:00
508026,2025-04-01,4.288,4.306,4.263,4.3,1614814,none,AKShare/新浪基金历史,2026-09-04T01:02:29.548814+08:00
508026,2025-04-02,4.299,4.3,4.291,4.296,1333800,none,AKShare/新浪基金历史,2026-09-04T01:02:29.548814+08:00
508026,2025-04-03,4.295,4.362,4.283,4.32,2912207,none,AKShare/新浪基金历史,2026-09-04T01:02:29.548814+08:00
508026,2025-04-07,4.316,4.316,4.112,4.24,682328,none,AKShare/新浪基金历史,2026-09-04T01:02:29.548814+08:00
508026,2025-04-08,4.24,4.32,4.159,4.305,1913019,none,AKShare/新浪基金历史,2026-09-04T01:02:29.548814+08:00
508026,2025-04-09,4.299,4.32,4.258,4.302,542814,none,AKShare/新浪基金历史,2026-09-04T01:02:29.548814+08:00
508026,2025-04-10,4.262,4.329,4.262,4.301,668946,none,AKShare/新浪基金历史,2026-09-04T01:02:29.548814+08:00
508026,2025-04-11,4.279,4.336,4.261,4.31,1877840,none,AKShare/新浪基金历史,2026-09-04T01:02:29.548814+08:00
508026,2025-04-14,4.287,4.352,4.285,4.311,1093543,none,AKShare/新浪基金历史,2026-09-04T01:02:29.548814+08:00
508026,2025-04-15,4.311,4.365,4.275,4.345,1074314,none,AKShare/新浪基金历史,2026-09-04T01:02:29.548814+08:00
508026,2025-04-16,4.338,4.417,4.328,4.405,688362,none,AKShare/新浪基金历史,2026-09-04T01:02:29.548814+08:00
508026,2025-04-17,4.405,4.468,4.405,4.468,1081162,none,AKShare/新浪基金历史,2026-09-04T01:02:29.548814+08:00
508026,2025-04-18,4.45,4.495,4.45,4.472,640293,none,AKShare/新浪基金历史,2026-09-04T01:02:29.548814+08:00
508026,2025-04-21,4.561,4.561,4.436,4.442,1016121,none,AKShare/新浪基金历史,2026-09-04T01:02:29.548814+08:00
508026,2025-04-22,4.46,4.478,4.442,4.45,622300,none,AKShare/新浪基金历史,2026-09-04T01:02:29.548814+08:00
508026,2025-04-23,4.441,4.466,4.432,4.45,1377475,none,AKShare/新浪基金历史,2026-09-04T01:02:29.548814+08:00
508026,2025-04-24,4.451,4.506,4.44,4.467,1100321,none,AKShare/新浪基金历史,2026-09-04T01:02:29.548814+08:00
508026,2025-04-25,4.469,4.488,4.469,4.476,913309,none,AKShare/新浪基金历史,2026-09-04T01:02:29.548814+08:00
508026,2025-04-28,4.476,4.494,4.447,4.494,1125407,none,AKShare/新浪基金历史,2026-09-04T01:02:29.548814+08:00
508026,2025-04-29,4.48,4.48,4.402,4.455,1911019,none,AKShare/新浪基金历史,2026-09-04T01:02:29.548814+08:00
508026,2025-04-30,4.454,4.489,4.454,4.482,2256987,none,AKShare/新浪基金历史,2026-09-04T01:02:29.548814+08:00
508026,2025-05-06,4.464,4.499,4.419,4.428,705321,none,AKShare/新浪基金历史,2026-09-04T01:02:29.548814+08:00
508026,2025-05-07,4.415,4.485,4.4,4.462,786157,none,AKShare/新浪基金历史,2026-09-04T01:02:29.548814+08:00
508026,2025-05-08,4.419,4.419,4.381,4.388,1599400,none,AKShare/新浪基金历史,2026-09-04T01:02:29.548814+08:00
508026,2025-05-09,4.37,4.399,4.356,4.381,222663,none,AKShare/新浪基金历史,2026-09-04T01:02:29.548814+08:00
508026,2025-05-12,4.363,4.389,4.361,4.386,722407,none,AKShare/新浪基金历史,2026-09-04T01:02:29.548814+08:00
508026,2025-05-13,4.386,4.458,4.367,4.405,529489,none,AKShare/新浪基金历史,2026-09-04T01:02:29.548814+08:00
508026,2025-05-14,4.405,4.405,4.37,4.387,1068800,none,AKShare/新浪基金历史,2026-09-04T01:02:29.548814+08:00
508026,2025-05-15,4.385,4.402,4.352,4.385,1230520,none,AKShare/新浪基金历史,2026-09-04T01:02:29.548814+08:00
508026,2025-05-16,4.377,4.405,4.365,4.38,625600,none,AKShare/新浪基金历史,2026-09-04T01:02:29.548814+08:00
508026,2025-05-19,4.379,4.383,4.377,4.378,791607,none,AKShare/新浪基金历史,2026-09-04T01:02:29.548814+08:00
508026,2025-05-20,4.379,4.425,4.367,4.425,1230557,none,AKShare/新浪基金历史,2026-09-04T01:02:29.548814+08:00
508026,2025-05-21,4.425,4.486,4.407,4.465,1319983,none,AKShare/新浪基金历史,2026-09-04T01:02:29.548814+08:00
508026,2025-05-22,4.466,4.501,4.43,4.465,2294800,none,AKShare/新浪基金历史,2026-09-04T01:02:29.548814+08:00
508026,2025-05-23,4.447,4.494,4.443,4.488,795074,none,AKShare/新浪基金历史,2026-09-04T01:02:29.548814+08:00
508026,2025-05-26,4.494,4.515,4.471,4.509,831600,none,AKShare/新浪基金历史,2026-09-04T01:02:29.548814+08:00
508026,2025-05-27,4.527,4.54,4.44,4.478,1027100,none,AKShare/新浪基金历史,2026-09-04T01:02:29.548814+08:00
508026,2025-05-28,4.476,4.512,4.441,4.481,1100179,none,AKShare/新浪基金历史,2026-09-04T01:02:29.548814+08:00
508026,2025-05-29,4.483,4.487,4.455,4.464,1333397,none,AKShare/新浪基金历史,2026-09-04T01:02:29.548814+08:00
508026,2025-05-30,4.45,4.482,4.45,4.463,848528,none,AKShare/新浪基金历史,2026-09-04T01:02:29.548814+08:00
508026,2025-06-03,4.464,4.465,4.435,4.443,807200,none,AKShare/新浪基金历史,2026-09-04T01:02:29.548814+08:00
508026,2025-06-04,4.435,4.459,4.43,4.438,855107,none,AKShare/新浪基金历史,2026-09-04T01:02:29.548814+08:00
508026,2025-06-05,4.455,4.455,4.435,4.441,1048800,none,AKShare/新浪基金历史,2026-09-04T01:02:29.548814+08:00
508026,2025-06-06,4.459,4.468,4.431,4.444,867900,none,AKShare/新浪基金历史,2026-09-04T01:02:29.548814+08:00
508026,2025-06-09,4.462,4.462,4.42,4.445,1412300,none,AKShare/新浪基金历史,2026-09-04T01:02:29.548814+08:00
508026,2025-06-10,4.463,4.463,4.446,4.454,978145,none,AKShare/新浪基金历史,2026-09-04T01:02:29.548814+08:00
508026,2025-06-11,4.471,4.471,4.453,4.459,821707,none,AKShare/新浪基金历史,2026-09-04T01:02:29.548814+08:00
508026,2025-06-12,4.459,4.463,4.438,4.442,1439500,none,AKShare/新浪基金历史,2026-09-04T01:02:29.548814+08:00
508026,2025-06-13,4.43,4.44,4.428,4.44,1761900,none,AKShare/新浪基金历史,2026-09-04T01:02:29.548814+08:00
508026,2025-06-16,4.451,4.467,4.419,4.465,1126000,none,AKShare/新浪基金历史,2026-09-04T01:02:29.548814+08:00
508026,2025-06-17,4.463,4.468,4.45,4.46,1501600,none,AKShare/新浪基金历史,2026-09-04T01:02:29.548814+08:00
508026,2025-06-18,4.476,4.476,4.447,4.455,808672,none,AKShare/新浪基金历史,2026-09-04T01:02:29.548814+08:00
508026,2025-06-19,4.467,4.467,4.446,4.447,662200,none,AKShare/新浪基金历史,2026-09-04T01:02:29.548814+08:00
508026,2025-06-20,4.447,4.467,4.437,4.448,1155724,none,AKShare/新浪基金历史,2026-09-04T01:02:29.548814+08:00
508026,2025-06-23,4.449,4.452,4.443,4.45,1176383,none,AKShare/新浪基金历史,2026-09-04T01:02:29.548814+08:00
508026,2025-06-24,4.45,4.468,4.418,4.444,1096369,none,AKShare/新浪基金历史,2026-09-04T01:02:29.548814+08:00
508026,2025-06-25,4.431,4.461,4.431,4.454,240572,none,AKShare/新浪基金历史,2026-09-04T01:02:29.548814+08:00
508026,2025-06-26,4.454,4.48,4.419,4.44,1591787,none,AKShare/新浪基金历史,2026-09-04T01:02:29.548814+08:00
508026,2025-06-27,4.422,4.438,4.389,4.419,1227814,none,AKShare/新浪基金历史,2026-09-04T01:02:29.548814+08:00
508026,2025-06-30,4.4,4.421,4.383,4.401,1959007,none,AKShare/新浪基金历史,2026-09-04T01:02:29.548814+08:00
508026,2025-07-01,4.381,4.398,4.346,4.397,1073009,none,AKShare/新浪基金历史,2026-09-04T01:02:29.548814+08:00
508026,2025-07-02,4.379,4.419,4.366,4.415,787352,none,AKShare/新浪基金历史,2026-09-04T01:02:29.548814+08:00
508026,2025-07-03,4.415,4.439,4.415,4.425,1280025,none,AKShare/新浪基金历史,2026-09-04T01:02:29.548814+08:00
508026,2025-07-04,4.426,4.45,4.425,4.449,968000,none,AKShare/新浪基金历史,2026-09-04T01:02:29.548814+08:00
508026,2025-07-07,4.444,4.46,4.425,4.444,982200,none,AKShare/新浪基金历史,2026-09-04T01:02:29.548814+08:00
508026,2025-07-08,4.487,4.487,4.425,4.425,1034972,none,AKShare/新浪基金历史,2026-09-04T01:02:29.548814+08:00
508026,2025-07-09,4.425,4.439,4.41,4.421,1062128,none,AKShare/新浪基金历史,2026-09-04T01:02:29.548814+08:00
508026,2025-07-10,4.41,4.445,4.394,4.394,1362610,none,AKShare/新浪基金历史,2026-09-04T01:02:29.548814+08:00
508026,2025-07-11,4.395,4.412,4.366,4.368,1751400,none,AKShare/新浪基金历史,2026-09-04T01:02:29.548814+08:00
508026,2025-07-14,4.37,4.39,4.248,4.3,2332607,none,AKShare/新浪基金历史,2026-09-04T01:02:29.548814+08:00
508026,2025-07-15,4.28,4.326,4.263,4.32,1180314,none,AKShare/新浪基金历史,2026-09-04T01:02:29.548814+08:00
508026,2025-07-16,4.305,4.327,4.305,4.32,801700,none,AKShare/新浪基金历史,2026-09-04T01:02:29.548814+08:00
508026,2025-07-17,4.303,4.326,4.303,4.315,1595700,none,AKShare/新浪基金历史,2026-09-04T01:02:29.548814+08:00
508026,2025-07-18,4.298,4.327,4.296,4.308,1032464,none,AKShare/新浪基金历史,2026-09-04T01:02:29.548814+08:00
508026,2025-07-21,4.339,4.738,4.339,4.36,2326236,none,AKShare/新浪基金历史,2026-09-04T01:02:29.548814+08:00
508026,2025-07-22,4.361,4.445,4.291,4.293,1028709,none,AKShare/新浪基金历史,2026-09-04T01:02:29.548814+08:00
508026,2025-07-23,4.293,4.293,4.192,4.26,2237849,none,AKShare/新浪基金历史,2026-09-04T01:02:29.548814+08:00
508026,2025-07-24,4.243,4.269,4.192,4.25,2776821,none,AKShare/新浪基金历史,2026-09-04T01:02:29.548814+08:00
508026,2025-07-25,4.25,4.25,4.21,4.226,1488134,none,AKShare/新浪基金历史,2026-09-04T01:02:29.548814+08:00
508026,2025-07-28,4.226,4.243,4.18,4.24,2542847,none,AKShare/新浪基金历史,2026-09-04T01:02:29.548814+08:00
508026,2025-07-29,4.24,4.249,4.176,4.228,1243314,none,AKShare/新浪基金历史,2026-09-04T01:02:29.548814+08:00
508026,2025-07-30,4.23,4.264,4.22,4.253,3164219,none,AKShare/新浪基金历史,2026-09-04T01:02:29.548814+08:00
508026,2025-07-31,4.264,4.292,4.239,4.289,1370407,none,AKShare/新浪基金历史,2026-09-04T01:02:29.548814+08:00
508026,2025-08-01,4.272,4.377,4.272,4.349,2626179,none,AKShare/新浪基金历史,2026-09-04T01:02:29.548814+08:00
508026,2025-08-04,4.396,4.396,4.349,4.37,1269400,none,AKShare/新浪基金历史,2026-09-04T01:02:29.548814+08:00
508026,2025-08-05,4.4,4.4,4.351,4.379,669600,none,AKShare/新浪基金历史,2026-09-04T01:02:29.548814+08:00
508026,2025-08-06,4.379,4.395,4.344,4.347,1001549,none,AKShare/新浪基金历史,2026-09-04T01:02:29.548814+08:00
508026,2025-08-07,4.363,4.363,4.313,4.341,420219,none,AKShare/新浪基金历史,2026-09-04T01:02:29.548814+08:00
508026,2025-08-08,4.354,4.355,4.322,4.328,1861800,none,AKShare/新浪基金历史,2026-09-04T01:02:29.548814+08:00
508026,2025-08-11,4.34,4.34,4.31,4.331,1261900,none,AKShare/新浪基金历史,2026-09-04T01:02:29.548814+08:00
508026,2025-08-12,4.343,4.343,4.326,4.329,610600,none,AKShare/新浪基金历史,2026-09-04T01:02:29.548814+08:00
508026,2025-08-13,4.329,4.341,4.322,4.33,711700,none,AKShare/新浪基金历史,2026-09-04T01:02:29.548814+08:00
508026,2025-08-14,4.33,4.341,4.271,4.282,932748,none,AKShare/新浪基金历史,2026-09-04T01:02:29.548814+08:00
508026,2025-08-15,4.279,4.288,4.262,4.279,1345118,none,AKShare/新浪基金历史,2026-09-04T01:02:29.548814+08:00
508026,2025-08-18,4.296,4.296,4.129,4.223,2171579,none,AKShare/新浪基金历史,2026-09-04T01:02:29.548814+08:00
508026,2025-08-19,4.214,4.214,4.136,4.164,1304713,none,AKShare/新浪基金历史,2026-09-04T01:02:29.548814+08:00
508026,2025-08-20,4.181,4.23,4.139,4.18,1680977,none,AKShare/新浪基金历史,2026-09-04T01:02:29.548814+08:00
508026,2025-08-21,4.193,4.205,4.163,4.173,2393498,none,AKShare/新浪基金历史,2026-09-04T01:02:29.548814+08:00
508026,2025-08-22,4.174,4.2,4.15,4.162,1082157,none,AKShare/新浪基金历史,2026-09-04T01:02:29.548814+08:00
508026,2025-08-25,4.16,4.177,4.093,4.166,1205990,none,AKShare/新浪基金历史,2026-09-04T01:02:29.548814+08:00
508026,2025-08-26,4.166,4.2,4.141,4.193,1385722,none,AKShare/新浪基金历史,2026-09-04T01:02:29.548814+08:00
508026,2025-08-27,4.207,4.288,4.169,4.261,2455007,none,AKShare/新浪基金历史,2026-09-04T01:02:29.548814+08:00
508026,2025-08-28,4.261,4.332,4.239,4.266,1216007,none,AKShare/新浪基金历史,2026-09-04T01:02:29.548814+08:00
508026,2025-08-29,4.266,4.3,4.25,4.253,1891128,none,AKShare/新浪基金历史,2026-09-04T01:02:29.548814+08:00
508026,2025-09-01,4.271,4.271,4.215,4.217,1883800,none,AKShare/新浪基金历史,2026-09-04T01:02:29.548814+08:00
508026,2025-09-02,4.206,4.302,4.206,4.294,2573607,none,AKShare/新浪基金历史,2026-09-04T01:02:29.548814+08:00
508026,2025-09-03,4.294,4.31,4.267,4.3,2093543,none,AKShare/新浪基金历史,2026-09-04T01:02:29.548814+08:00
508026,2025-09-04,4.3,4.337,4.261,4.308,1908052,none,AKShare/新浪基金历史,2026-09-04T01:02:29.548814+08:00
508026,2025-09-05,4.318,4.318,4.214,4.246,2108306,none,AKShare/新浪基金历史,2026-09-04T01:02:29.548814+08:00
508026,2025-09-08,4.221,4.27,4.197,4.198,2035114,none,AKShare/新浪基金历史,2026-09-04T01:02:29.548814+08:00
508026,2025-09-09,4.198,4.215,4.173,4.209,2963350,none,AKShare/新浪基金历史,2026-09-04T01:02:29.548814+08:00
508026,2025-09-10,4.24,4.29,4.194,4.254,1832628,none,AKShare/新浪基金历史,2026-09-04T01:02:29.548814+08:00
508026,2025-09-11,4.233,4.31,4.233,4.275,1466321,none,AKShare/新浪基金历史,2026-09-04T01:02:29.548814+08:00
508026,2025-09-12,4.301,4.301,4.259,4.26,1431907,none,AKShare/新浪基金历史,2026-09-04T01:02:29.548814+08:00
508026,2025-09-15,4.234,4.28,4.211,4.259,875607,none,AKShare/新浪基金历史,2026-09-04T01:02:29.548814+08:00
508026,2025-09-16,4.25,4.25,4.215,4.232,1025607,none,AKShare/新浪基金历史,2026-09-04T01:02:29.548814+08:00
508026,2025-09-17,4.226,4.498,4.166,4.419,1973207,none,AKShare/新浪基金历史,2026-09-04T01:02:29.548814+08:00
508026,2025-09-18,4.338,4.338,4.255,4.321,790026,none,AKShare/新浪基金历史,2026-09-04T01:02:29.548814+08:00
508026,2025-09-19,4.313,4.337,4.251,4.264,1058133,none,AKShare/新浪基金历史,2026-09-04T01:02:29.548814+08:00
508026,2025-09-22,4.257,4.257,4.213,4.24,1651600,none,AKShare/新浪基金历史,2026-09-04T01:02:29.548814+08:00
508026,2025-09-23,4.215,4.281,4.201,4.268,833407,none,AKShare/新浪基金历史,2026-09-04T01:02:29.548814+08:00
508026,2025-09-24,4.246,4.32,4.229,4.273,2103272,none,AKShare/新浪基金历史,2026-09-04T01:02:29.548814+08:00
508026,2025-09-25,4.251,4.26,4.237,4.237,979400,none,AKShare/新浪基金历史,2026-09-04T01:02:29.548814+08:00
508026,2025-09-26,4.24,4.273,4.226,4.252,932600,none,AKShare/新浪基金历史,2026-09-04T01:02:29.548814+08:00
508026,2025-09-29,4.23,4.283,4.23,4.257,505943,none,AKShare/新浪基金历史,2026-09-04T01:02:29.548814+08:00
508026,2025-09-30,4.256,4.275,4.2,4.223,930500,none,AKShare/新浪基金历史,2026-09-04T01:02:29.548814+08:00
508026,2025-10-09,4.223,4.244,4.196,4.22,1077500,none,AKShare/新浪基金历史,2026-09-04T01:02:29.548814+08:00
508026,2025-10-10,4.199,4.202,4.103,4.111,1666900,none,AKShare/新浪基金历史,2026-09-04T01:02:29.548814+08:00
508026,2025-10-13,4.134,4.2,4.119,4.192,1641986,none,AKShare/新浪基金历史,2026-09-04T01:02:29.548814+08:00
508026,2025-10-14,4.193,4.225,4.153,4.2,1696614,none,AKShare/新浪基金历史,2026-09-04T01:02:29.548814+08:00
508026,2025-10-15,4.201,4.268,4.18,4.201,1634521,none,AKShare/新浪基金历史,2026-09-04T01:02:29.548814+08:00
508026,2025-10-16,4.2,4.212,4.142,4.16,472500,none,AKShare/新浪基金历史,2026-09-04T01:02:29.548814+08:00
508026,2025-10-17,4.16,4.2,4.108,4.14,1693200,none,AKShare/新浪基金历史,2026-09-04T01:02:29.548814+08:00
508026,2025-10-20,4.159,4.179,4.103,4.126,1360824,none,AKShare/新浪基金历史,2026-09-04T01:02:29.548814+08:00
508026,2025-10-21,4.126,4.126,4.076,4.118,1466798,none,AKShare/新浪基金历史,2026-09-04T01:02:29.548814+08:00
508026,2025-10-22,4.118,4.196,4.118,4.194,1344600,none,AKShare/新浪基金历史,2026-09-04T01:02:29.548814+08:00
508026,2025-10-23,4.169,4.24,4.155,4.23,1284057,none,AKShare/新浪基金历史,2026-09-04T01:02:29.548814+08:00
508026,2025-10-24,4.23,4.255,4.191,4.24,807208,none,AKShare/新浪基金历史,2026-09-04T01:02:29.548814+08:00
508026,2025-10-27,4.265,4.28,4.2,4.28,1189686,none,AKShare/新浪基金历史,2026-09-04T01:02:29.548814+08:00
508026,2025-10-28,4.28,4.29,4.241,4.265,2089292,none,AKShare/新浪基金历史,2026-09-04T01:02:29.548814+08:00
508026,2025-10-29,4.265,4.28,4.234,4.26,897407,none,AKShare/新浪基金历史,2026-09-04T01:02:29.548814+08:00
508026,2025-10-30,4.249,4.296,4.207,4.28,1178000,none,AKShare/新浪基金历史,2026-09-04T01:02:29.548814+08:00
508026,2025-10-31,4.28,4.297,4.211,4.27,982200,none,AKShare/新浪基金历史,2026-09-04T01:02:29.548814+08:00
508026,2025-11-03,4.27,4.27,4.203,4.235,1923528,none,AKShare/新浪基金历史,2026-09-04T01:02:29.548814+08:00
508026,2025-11-04,4.235,4.235,4.19,4.231,1345000,none,AKShare/新浪基金历史,2026-09-04T01:02:29.548814+08:00
508026,2025-11-05,4.23,4.256,4.161,4.224,2221109,none,AKShare/新浪基金历史,2026-09-04T01:02:29.548814+08:00
508026,2025-11-06,4.199,4.24,4.162,4.217,810800,none,AKShare/新浪基金历史,2026-09-04T01:02:29.548814+08:00
508026,2025-11-07,4.218,4.345,4.193,4.267,2175790,none,AKShare/新浪基金历史,2026-09-04T01:02:29.548814+08:00
508026,2025-11-10,4.241,4.28,4.228,4.241,1374898,none,AKShare/新浪基金历史,2026-09-04T01:02:29.548814+08:00
508026,2025-11-11,4.23,4.299,4.175,4.26,922800,none,AKShare/新浪基金历史,2026-09-04T01:02:29.548814+08:00
508026,2025-11-12,4.234,4.339,4.21,4.3,1089336,none,AKShare/新浪基金历史,2026-09-04T01:02:29.548814+08:00
508026,2025-11-13,4.31,4.31,4.252,4.287,1280136,none,AKShare/新浪基金历史,2026-09-04T01:02:29.548814+08:00
508026,2025-11-14,4.295,4.297,4.25,4.281,941098,none,AKShare/新浪基金历史,2026-09-04T01:02:29.548814+08:00
508026,2025-11-17,4.26,4.298,4.254,4.29,1533408,none,AKShare/新浪基金历史,2026-09-04T01:02:29.548814+08:00
508026,2025-11-18,4.283,4.314,4.266,4.288,1651107,none,AKShare/新浪基金历史,2026-09-04T01:02:29.548814+08:00
508026,2025-11-19,4.289,4.308,4.276,4.3,1896400,none,AKShare/新浪基金历史,2026-09-04T01:02:29.548814+08:00
508026,2025-11-20,4.287,4.3,4.267,4.285,985607,none,AKShare/新浪基金历史,2026-09-04T01:02:29.548814+08:00
508026,2025-11-21,4.27,4.271,4.221,4.249,984943,none,AKShare/新浪基金历史,2026-09-04T01:02:29.548814+08:00
508026,2025-11-24,4.247,4.247,4.202,4.234,2188661,none,AKShare/新浪基金历史,2026-09-04T01:02:29.548814+08:00
508026,2025-11-25,4.233,4.317,4.209,4.299,1323103,none,AKShare/新浪基金历史,2026-09-04T01:02:29.548814+08:00
508026,2025-11-26,4.296,4.333,4.296,4.326,1104500,none,AKShare/新浪基金历史,2026-09-04T01:02:29.548814+08:00
508026,2025-11-27,4.309,4.329,4.261,4.289,440900,none,AKShare/新浪基金历史,2026-09-04T01:02:29.548814+08:00
508026,2025-11-28,4.296,4.297,4.263,4.28,796958,none,AKShare/新浪基金历史,2026-09-04T01:02:29.548814+08:00
508026,2025-12-01,4.28,4.32,4.218,4.255,948200,none,AKShare/新浪基金历史,2026-09-04T01:02:29.548814+08:00
508026,2025-12-02,4.244,4.305,4.244,4.28,715814,none,AKShare/新浪基金历史,2026-09-04T01:02:29.548814+08:00
508026,2025-12-03,4.282,4.284,4.249,4.275,97010,none,AKShare/新浪基金历史,2026-09-04T01:02:29.548814+08:00
508026,2025-12-04,4.26,4.327,4.26,4.277,900257,none,AKShare/新浪基金历史,2026-09-04T01:02:29.548814+08:00
508026,2025-12-05,4.296,4.327,4.28,4.287,1031607,none,AKShare/新浪基金历史,2026-09-04T01:02:29.548814+08:00
508026,2025-12-08,4.287,4.339,4.278,4.282,936100,none,AKShare/新浪基金历史,2026-09-04T01:02:29.548814+08:00
508026,2025-12-09,4.296,4.321,4.25,4.288,495100,none,AKShare/新浪基金历史,2026-09-04T01:02:29.548814+08:00
508026,2025-12-10,4.296,4.318,4.288,4.312,1113700,none,AKShare/新浪基金历史,2026-09-04T01:02:29.548814+08:00
508026,2025-12-11,4.296,4.319,4.296,4.319,1175000,none,AKShare/新浪基金历史,2026-09-04T01:02:29.548814+08:00
508026,2025-12-12,4.322,4.366,4.297,4.35,1185507,none,AKShare/新浪基金历史,2026-09-04T01:02:29.548814+08:00
508026,2025-12-15,4.35,4.354,4.328,4.349,716100,none,AKShare/新浪基金历史,2026-09-04T01:02:29.548814+08:00
508026,2025-12-16,4.354,4.4,4.328,4.333,221408,none,AKShare/新浪基金历史,2026-09-04T01:02:29.548814+08:00
508026,2025-12-17,4.323,4.348,4.323,4.337,384600,none,AKShare/新浪基金历史,2026-09-04T01:02:29.548814+08:00
508026,2025-12-18,4.348,4.348,4.216,4.262,1122921,none,AKShare/新浪基金历史,2026-09-04T01:02:29.548814+08:00
508026,2025-12-19,4.222,4.283,4.113,4.165,2273800,none,AKShare/新浪基金历史,2026-09-04T01:02:29.548814+08:00
508026,2025-12-22,4.158,4.204,4.066,4.084,1242000,none,AKShare/新浪基金历史,2026-09-04T01:02:29.548814+08:00
508026,2025-12-23,4.078,4.091,3.79,3.935,4041114,none,AKShare/新浪基金历史,2026-09-04T01:02:29.548814+08:00
508026,2025-12-24,3.888,4.049,3.75,3.973,4424052,none,AKShare/新浪基金历史,2026-09-04T01:02:29.548814+08:00
508026,2025-12-25,3.96,4.048,3.948,4.004,3415800,none,AKShare/新浪基金历史,2026-09-04T01:02:29.548814+08:00
508026,2025-12-26,3.984,4.019,3.984,4.004,1559707,none,AKShare/新浪基金历史,2026-09-04T01:02:29.548814+08:00
508026,2025-12-29,3.996,4.032,3.996,4.002,2144227,none,AKShare/新浪基金历史,2026-09-04T01:02:29.548814+08:00
508026,2025-12-30,3.996,4.008,3.963,3.983,1857917,none,AKShare/新浪基金历史,2026-09-04T01:02:29.548814+08:00
508026,2025-12-31,4.008,4.02,3.981,4.012,1132662,none,AKShare/新浪基金历史,2026-09-04T01:02:29.548814+08:00
508026,2026-01-05,3.986,4.032,3.972,4.03,1122307,none,AKShare/新浪基金历史,2026-09-04T01:02:29.548814+08:00
508026,2026-01-06,4.03,4.075,4.013,4.035,2225826,none,AKShare/新浪基金历史,2026-09-04T01:02:29.548814+08:00
508026,2026-01-07,4.035,4.14,4.021,4.092,1656775,none,AKShare/新浪基金历史,2026-09-04T01:02:29.548814+08:00
508026,2026-01-08,4.092,4.16,4.065,4.153,1426271,none,AKShare/新浪基金历史,2026-09-04T01:02:29.548814+08:00
508026,2026-01-09,4.14,4.219,4.102,4.2,2258853,none,AKShare/新浪基金历史,2026-09-04T01:02:29.548814+08:00
508026,2026-01-12,4.2,4.238,4.16,4.207,489826,none,AKShare/新浪基金历史,2026-09-04T01:02:29.548814+08:00
508026,2026-01-13,4.207,4.236,4.116,4.181,914379,none,AKShare/新浪基金历史,2026-09-04T01:02:29.548814+08:00
508026,2026-01-14,4.181,4.187,4.134,4.154,488800,none,AKShare/新浪基金历史,2026-09-04T01:02:29.548814+08:00
508026,2026-01-15,4.142,4.219,4.119,4.165,1701108,none,AKShare/新浪基金历史,2026-09-04T01:02:29.548814+08:00
508026,2026-01-16,4.165,4.189,4.138,4.152,740100,none,AKShare/新浪基金历史,2026-09-04T01:02:29.548814+08:00
508026,2026-01-19,4.134,4.135,4.061,4.069,2483814,none,AKShare/新浪基金历史,2026-09-04T01:02:29.548814+08:00
508026,2026-01-20,4.069,4.069,4.023,4.039,1897221,none,AKShare/新浪基金历史,2026-09-04T01:02:29.548814+08:00
508026,2026-01-21,4.032,4.096,4.032,4.085,956472,none,AKShare/新浪基金历史,2026-09-04T01:02:29.548814+08:00
508026,2026-01-22,4.096,4.14,4.068,4.098,660407,none,AKShare/新浪基金历史,2026-09-04T01:02:29.548814+08:00
508026,2026-01-23,4.098,4.116,4.08,4.088,2162079,none,AKShare/新浪基金历史,2026-09-04T01:02:29.548814+08:00
508026,2026-01-26,4.09,4.109,4.027,4.069,90407,none,AKShare/新浪基金历史,2026-09-04T01:02:29.548814+08:00
508026,2026-01-27,4.068,4.102,4.048,4.066,1169407,none,AKShare/新浪基金历史,2026-09-04T01:02:29.548814+08:00
508026,2026-01-28,4.056,4.089,4.056,4.065,1478830,none,AKShare/新浪基金历史,2026-09-04T01:02:29.548814+08:00
508026,2026-01-29,4.068,4.145,4.068,4.106,1253386,none,AKShare/新浪基金历史,2026-09-04T01:02:29.548814+08:00
508026,2026-01-30,4.106,4.125,4.104,4.122,2085040,none,AKShare/新浪基金历史,2026-09-04T01:02:29.548814+08:00
508026,2026-02-02,4.122,4.122,4.07,4.075,1740800,none,AKShare/新浪基金历史,2026-09-04T01:02:29.548814+08:00
508026,2026-02-03,4.074,4.09,4.069,4.078,2131100,none,AKShare/新浪基金历史,2026-09-04T01:02:29.548814+08:00
508026,2026-02-04,4.092,4.108,4.08,4.08,2164600,none,AKShare/新浪基金历史,2026-09-04T01:02:29.548814+08:00
508026,2026-02-05,4.08,4.098,4.068,4.082,1133238,none,AKShare/新浪基金历史,2026-09-04T01:02:29.548814+08:00
508026,2026-02-06,4.082,4.093,4.074,4.081,588807,none,AKShare/新浪基金历史,2026-09-04T01:02:29.548814+08:00
508026,2026-02-09,4.081,4.102,4.079,4.094,1354607,none,AKShare/新浪基金历史,2026-09-04T01:02:29.548814+08:00
508026,2026-02-10,4.08,4.111,4.08,4.11,1346828,none,AKShare/新浪基金历史,2026-09-04T01:02:29.548814+08:00
508026,2026-02-11,4.116,4.176,4.06,4.107,2510638,none,AKShare/新浪基金历史,2026-09-04T01:02:29.548814+08:00
508026,2026-02-12,4.107,4.125,4.063,4.111,1582000,none,AKShare/新浪基金历史,2026-09-04T01:02:29.548814+08:00
508026,2026-02-13,4.1,4.12,4.096,4.11,780800,none,AKShare/新浪基金历史,2026-09-04T01:02:29.548814+08:00
508026,2026-02-24,4.103,4.122,4.101,4.112,131300,none,AKShare/新浪基金历史,2026-09-04T01:02:29.548814+08:00
508026,2026-02-25,4.103,4.127,4.1,4.126,203414,none,AKShare/新浪基金历史,2026-09-04T01:02:29.548814+08:00
508026,2026-02-26,4.127,4.145,4.072,4.101,1570607,none,AKShare/新浪基金历史,2026-09-04T01:02:29.548814+08:00
508026,2026-02-27,4.099,4.123,4.077,4.079,1548600,none,AKShare/新浪基金历史,2026-09-04T01:02:29.548814+08:00
508026,2026-03-02,4.079,4.11,4.042,4.075,2985261,none,AKShare/新浪基金历史,2026-09-04T01:02:29.548814+08:00
508026,2026-03-03,4.079,4.139,4.079,4.113,3023214,none,AKShare/新浪基金历史,2026-09-04T01:02:29.548814+08:00
508026,2026-03-04,4.114,4.15,4.105,4.111,3575536,none,AKShare/新浪基金历史,2026-09-04T01:02:29.548814+08:00
508026,2026-03-05,4.127,4.137,4.054,4.11,2428500,none,AKShare/新浪基金历史,2026-09-04T01:02:29.548814+08:00
508026,2026-03-06,4.11,4.141,4.08,4.081,1169551,none,AKShare/新浪基金历史,2026-09-04T01:02:29.548814+08:00
508026,2026-03-09,4.098,4.099,4.03,4.096,1927507,none,AKShare/新浪基金历史,2026-09-04T01:02:29.548814+08:00
508026,2026-03-10,4.096,4.115,4.096,4.107,1213933,none,AKShare/新浪基金历史,2026-09-04T01:02:29.548814+08:00
508026,2026-03-11,4.104,4.131,4.054,4.131,1493912,none,AKShare/新浪基金历史,2026-09-04T01:02:29.548814+08:00
508026,2026-03-12,4.131,4.139,4.08,4.083,1763300,none,AKShare/新浪基金历史,2026-09-04T01:02:29.548814+08:00
508026,2026-03-13,4.083,4.102,4.079,4.1,1456500,none,AKShare/新浪基金历史,2026-09-04T01:02:29.548814+08:00
508026,2026-03-16,4.079,4.115,4.079,4.113,1205300,none,AKShare/新浪基金历史,2026-09-04T01:02:29.548814+08:00
508026,2026-03-17,4.114,4.155,4.114,4.128,1964200,none,AKShare/新浪基金历史,2026-09-04T01:02:29.548814+08:00
508026,2026-03-18,4.115,4.132,4.115,4.128,1342500,none,AKShare/新浪基金历史,2026-09-04T01:02:29.548814+08:00
508026,2026-03-19,4.139,4.149,4.13,4.13,423107,none,AKShare/新浪基金历史,2026-09-04T01:02:29.548814+08:00
508026,2026-03-20,4.151,4.151,4.111,4.111,727872,none,AKShare/新浪基金历史,2026-09-04T01:02:29.548814+08:00
508026,2026-03-23,4.111,4.123,4.088,4.103,1052805,none,AKShare/新浪基金历史,2026-09-04T01:02:29.548814+08:00
508026,2026-03-24,4.115,4.151,4.115,4.13,1192418,none,AKShare/新浪基金历史,2026-09-04T01:02:29.548814+08:00
508026,2026-03-25,4.128,4.162,4.128,4.162,1147400,none,AKShare/新浪基金历史,2026-09-04T01:02:29.548814+08:00
508026,2026-03-26,4.163,4.163,4.133,4.154,730400,none,AKShare/新浪基金历史,2026-09-04T01:02:29.548814+08:00
508026,2026-03-27,4.14,4.155,4.127,4.142,1683600,none,AKShare/新浪基金历史,2026-09-04T01:02:29.548814+08:00
508026,2026-03-30,4.15,4.15,4.129,4.15,1878300,none,AKShare/新浪基金历史,2026-09-04T01:02:29.548814+08:00
508026,2026-03-31,4.15,4.154,4.133,4.15,1847010,none,AKShare/新浪基金历史,2026-09-04T01:02:29.548814+08:00
508026,2026-04-01,4.163,4.199,4.125,4.144,1265900,none,AKShare/新浪基金历史,2026-09-04T01:02:29.548814+08:00
508026,2026-04-02,4.144,4.166,4.121,4.14,2732900,none,AKShare/新浪基金历史,2026-09-04T01:02:29.548814+08:00
508026,2026-04-03,4.127,4.203,4.127,4.14,1604400,none,AKShare/新浪基金历史,2026-09-04T01:02:29.548814+08:00
508026,2026-04-07,4.152,4.156,4.127,4.132,1286700,none,AKShare/新浪基金历史,2026-09-04T01:02:29.548814+08:00
508026,2026-04-08,4.149,4.192,4.129,4.173,854914,none,AKShare/新浪基金历史,2026-09-04T01:02:29.548814+08:00
508026,2026-04-09,4.168,4.189,4.144,4.17,1107500,none,AKShare/新浪基金历史,2026-09-04T01:02:29.548814+08:00
508026,2026-04-10,4.177,4.177,4.163,4.163,911407,none,AKShare/新浪基金历史,2026-09-04T01:02:29.548814+08:00
508026,2026-04-13,4.158,4.158,4.121,4.143,1205507,none,AKShare/新浪基金历史,2026-09-04T01:02:29.548814+08:00
508026,2026-04-14,4.146,4.157,4.132,4.143,1274186,none,AKShare/新浪基金历史,2026-09-04T01:02:29.548814+08:00
508026,2026-04-15,4.145,4.208,4.118,4.118,2593100,none,AKShare/新浪基金历史,2026-09-04T01:02:29.548814+08:00
508026,2026-04-16,4.131,4.16,4.099,4.16,1911272,none,AKShare/新浪基金历史,2026-09-04T01:02:29.548814+08:00
508026,2026-04-17,4.144,4.22,4.132,4.2,1739421,none,AKShare/新浪基金历史,2026-09-04T01:02:29.548814+08:00
508026,2026-04-20,4.181,4.225,4.181,4.217,1194400,none,AKShare/新浪基金历史,2026-09-04T01:02:29.548814+08:00
508026,2026-04-21,4.207,4.218,4.182,4.197,840084,none,AKShare/新浪基金历史,2026-09-04T01:02:29.548814+08:00
508026,2026-04-22,4.205,4.251,4.205,4.226,2006207,none,AKShare/新浪基金历史,2026-09-04T01:02:29.548814+08:00
508026,2026-04-23,4.24,4.27,4.227,4.241,1267043,none,AKShare/新浪基金历史,2026-09-04T01:02:29.548814+08:00
508026,2026-04-24,4.247,4.25,4.22,4.248,1429057,none,AKShare/新浪基金历史,2026-09-04T01:02:29.548814+08:00
508026,2026-04-27,4.129,4.15,4.112,4.133,1979761,none,AKShare/新浪基金历史,2026-09-04T01:02:29.548814+08:00
508026,2026-04-28,4.129,4.203,4.105,4.175,1351400,none,AKShare/新浪基金历史,2026-09-04T01:02:29.548814+08:00
508026,2026-04-29,4.165,4.19,4.131,4.14,544700,none,AKShare/新浪基金历史,2026-09-04T01:02:29.548814+08:00
508026,2026-04-30,4.14,4.164,4.136,4.153,590500,none,AKShare/新浪基金历史,2026-09-04T01:02:29.548814+08:00
508026,2026-05-06,4.163,4.163,4.141,4.155,522672,none,AKShare/新浪基金历史,2026-09-04T01:02:29.548814+08:00
508026,2026-05-07,4.163,4.221,4.152,4.218,590000,none,AKShare/新浪基金历史,2026-09-04T01:02:29.548814+08:00
508026,2026-05-08,4.201,4.201,4.193,4.195,623800,none,AKShare/新浪基金历史,2026-09-04T01:02:29.548814+08:00
508026,2026-05-11,4.189,4.2,4.18,4.199,1036200,none,AKShare/新浪基金历史,2026-09-04T01:02:29.548814+08:00
508026,2026-05-12,4.18,4.224,4.163,4.219,1179600,none,AKShare/新浪基金历史,2026-09-04T01:02:29.548814+08:00
508026,2026-05-13,4.219,4.219,4.171,4.184,1233700,none,AKShare/新浪基金历史,2026-09-04T01:02:29.548814+08:00
508026,2026-05-14,4.182,4.182,4.12,4.15,1311900,none,AKShare/新浪基金历史,2026-09-04T01:02:29.548814+08:00
508026,2026-05-15,4.138,4.138,4.025,4.025,685160,none,AKShare/新浪基金历史,2026-09-04T01:02:29.548814+08:00
508026,2026-05-18,4.026,4.042,3.999,4.027,1115809,none,AKShare/新浪基金历史,2026-09-04T01:02:29.548814+08:00
508026,2026-05-19,4.03,4.155,4.03,4.108,3401009,none,AKShare/新浪基金历史,2026-09-04T01:02:29.548814+08:00
508026,2026-05-20,4.102,4.102,4.048,4.063,805272,none,AKShare/新浪基金历史,2026-09-04T01:02:29.548814+08:00
508026,2026-05-21,4.054,4.076,4.042,4.063,1790972,none,AKShare/新浪基金历史,2026-09-04T01:02:29.548814+08:00
508026,2026-05-22,4.043,4.102,4.042,4.083,1243265,none,AKShare/新浪基金历史,2026-09-04T01:02:29.548814+08:00
508026,2026-05-25,4.069,4.1,4.069,4.099,762714,none,AKShare/新浪基金历史,2026-09-04T01:02:29.548814+08:00
508026,2026-05-26,4.08,4.099,4.08,4.086,974700,none,AKShare/新浪基金历史,2026-09-04T01:02:29.548814+08:00
508026,2026-05-27,4.078,4.078,4.031,4.032,1276700,none,AKShare/新浪基金历史,2026-09-04T01:02:29.548814+08:00
508026,2026-05-28,4.054,4.066,4.04,4.045,1832944,none,AKShare/新浪基金历史,2026-09-04T01:02:29.548814+08:00
508026,2026-05-29,4.058,4.058,4.045,4.047,497307,none,AKShare/新浪基金历史,2026-09-04T01:02:29.548814+08:00
508026,2026-06-01,4.056,4.1,4.056,4.1,967000,none,AKShare/新浪基金历史,2026-09-04T01:02:29.548814+08:00
508026,2026-06-02,4.101,4.101,4.048,4.055,2124410,none,AKShare/新浪基金历史,2026-09-04T01:02:29.548814+08:00
508026,2026-06-03,4.066,4.088,4.042,4.053,1585200,none,AKShare/新浪基金历史,2026-09-04T01:02:29.548814+08:00
508026,2026-06-04,4.047,4.062,4.047,4.047,1551100,none,AKShare/新浪基金历史,2026-09-04T01:02:29.548814+08:00
508026,2026-06-05,4.047,4.062,4.029,4.029,1719314,none,AKShare/新浪基金历史,2026-09-04T01:02:29.548814+08:00
508026,2026-06-08,4.036,4.036,4.01,4.022,1844514,none,AKShare/新浪基金历史,2026-09-04T01:02:29.548814+08:00
508026,2026-06-09,4.009,4.029,3.983,4.01,2409328,none,AKShare/新浪基金历史,2026-09-04T01:02:29.548814+08:00
508026,2026-06-10,3.994,4.028,3.994,4.001,605000,none,AKShare/新浪基金历史,2026-09-04T01:02:29.548814+08:00
508026,2026-06-11,3.994,4.008,3.96,3.96,545668,none,AKShare/新浪基金历史,2026-09-04T01:02:29.548814+08:00
508026,2026-06-12,3.982,3.998,3.966,3.993,761221,none,AKShare/新浪基金历史,2026-09-04T01:02:29.548814+08:00
508026,2026-06-15,3.993,4.005,3.974,3.976,735600,none,AKShare/新浪基金历史,2026-09-04T01:02:29.548814+08:00
508026,2026-06-16,3.989,3.989,3.952,3.961,432968,none,AKShare/新浪基金历史,2026-09-04T01:02:29.548814+08:00
508026,2026-06-17,3.95,3.976,3.944,3.945,660433,none,AKShare/新浪基金历史,2026-09-04T01:02:29.548814+08:00
508026,2026-06-18,3.958,3.958,3.91,3.91,48500,none,AKShare/新浪基金历史,2026-09-04T01:02:29.548814+08:00
508026,2026-06-22,3.92,3.92,3.77,3.786,836400,none,AKShare/新浪基金历史,2026-09-04T01:02:29.548814+08:00
508026,2026-06-23,3.769,3.769,3.745,3.748,666121,none,AKShare/新浪基金历史,2026-09-04T01:02:29.548814+08:00
508026,2026-06-24,3.747,3.747,3.618,3.634,1591313,none,AKShare/新浪基金历史,2026-09-04T01:02:29.548814+08:00
508026,2026-06-25,3.636,3.718,3.605,3.683,3116316,none,AKShare/新浪基金历史,2026-09-04T01:02:29.548814+08:00
508026,2026-06-26,3.675,3.714,3.644,3.7,3522215,none,AKShare/新浪基金历史,2026-09-04T01:02:29.548814+08:00
508026,2026-06-29,3.708,3.781,3.684,3.74,5013307,none,AKShare/新浪基金历史,2026-09-04T01:02:29.548814+08:00
508026,2026-06-30,3.76,3.82,3.738,3.77,4073114,none,AKShare/新浪基金历史,2026-09-04T01:02:29.548814+08:00
508026,2026-07-01,3.771,3.808,3.768,3.799,2581800,none,AKShare/新浪基金历史,2026-09-04T01:02:29.548814+08:00
508026,2026-07-02,3.809,3.833,3.807,3.833,1950694,none,AKShare/新浪基金历史,2026-09-04T01:02:29.548814+08:00
508026,2026-07-03,3.836,3.905,3.833,3.897,2362800,none,AKShare/新浪基金历史,2026-09-04T01:02:29.548814+08:00
508026,2026-07-06,3.912,3.964,3.912,3.964,1829836,none,AKShare/新浪基金历史,2026-09-04T01:02:29.548814+08:00
508026,2026-07-07,3.944,3.964,3.928,3.928,1416200,none,AKShare/新浪基金历史,2026-09-04T01:02:29.548814+08:00
508026,2026-07-08,3.928,3.928,3.905,3.905,1532036,none,AKShare/新浪基金历史,2026-09-04T01:02:29.548814+08:00
508026,2026-07-09,3.904,3.904,3.834,3.896,2824200,none,AKShare/新浪基金历史,2026-09-04T01:02:29.548814+08:00
508026,2026-07-10,3.885,3.928,3.885,3.927,2816600,none,AKShare/新浪基金历史,2026-09-04T01:02:29.548814+08:00
508026,2026-07-13,3.909,3.916,3.864,3.875,1801300,none,AKShare/新浪基金历史,2026-09-04T01:02:29.548814+08:00
508026,2026-07-14,3.864,3.883,3.857,3.883,2352400,none,AKShare/新浪基金历史,2026-09-04T01:02:29.548814+08:00
508026,2026-07-15,3.89,3.89,3.874,3.877,2070900,none,AKShare/新浪基金历史,2026-09-04T01:02:29.548814+08:00
508026,2026-07-16,3.864,3.869,3.843,3.866,2479700,none,AKShare/新浪基金历史,2026-09-04T01:02:29.548814+08:00
508026,2026-07-17,3.848,3.872,3.844,3.862,223507,none,AKShare/新浪基金历史,2026-09-04T01:02:29.548814+08:00
508026,2026-07-20,3.856,3.856,3.78,3.787,419584,none,AKShare/新浪基金历史,2026-09-04T01:02:29.548814+08:00
508026,2026-07-21,3.78,3.78,3.75,3.753,835757,none,AKShare/新浪基金历史,2026-09-04T01:02:29.548814+08:00
508026,2026-07-22,3.739,3.756,3.609,3.694,2360804,none,AKShare/新浪基金历史,2026-09-04T01:02:29.548814+08:00
508026,2026-07-23,3.692,3.722,3.687,3.722,1894314,none,AKShare/新浪基金历史,2026-09-04T01:02:29.548814+08:00
508026,2026-07-24,3.729,3.73,3.709,3.728,1642907,none,AKShare/新浪基金历史,2026-09-04T01:02:29.548814+08:00
508026,2026-07-27,3.71,3.728,3.697,3.701,1686045,none,AKShare/新浪基金历史,2026-09-04T01:02:29.548814+08:00
508026,2026-07-28,3.694,3.694,3.673,3.69,138700,none,AKShare/新浪基金历史,2026-09-04T01:02:29.548814+08:00
508026,2026-07-29,3.692,3.704,3.685,3.7,1231509,none,AKShare/新浪基金历史,2026-09-04T01:02:29.548814+08:00
508026,2026-07-30,3.709,3.739,3.693,3.736,1187600,none,AKShare/新浪基金历史,2026-09-04T01:02:29.548814+08:00
508026,2026-07-31,3.747,3.766,3.728,3.766,1300128,none,AKShare/新浪基金历史,2026-09-04T01:02:29.548814+08:00
508026,2026-08-03,3.774,3.787,3.748,3.759,1463546,none,AKShare/新浪基金历史,2026-09-04T01:02:29.548814+08:00
508026,2026-08-04,3.753,3.753,3.69,3.691,627000,none,AKShare/新浪基金历史,2026-09-04T01:02:29.548814+08:00
508026,2026-08-05,3.702,3.702,3.68,3.681,1598800,none,AKShare/新浪基金历史,2026-09-04T01:02:29.548814+08:00
508026,2026-08-06,3.679,3.7,3.669,3.685,1425300,none,AKShare/新浪基金历史,2026-09-04T01:02:29.548814+08:00
508026,2026-08-07,3.708,3.719,3.69,3.718,1826600,none,AKShare/新浪基金历史,2026-09-04T01:02:29.548814+08:00
508026,2026-08-10,3.727,3.727,3.711,3.725,1195338,none,AKShare/新浪基金历史,2026-09-04T01:02:29.548814+08:00
508026,2026-08-11,3.735,3.735,3.694,3.695,1160600,none,AKShare/新浪基金历史,2026-09-04T01:02:29.548814+08:00
508026,2026-08-12,3.697,3.709,3.605,3.611,814971,none,AKShare/新浪基金历史,2026-09-04T01:02:29.548814+08:00
508026,2026-08-13,3.61,3.611,3.592,3.609,690900,none,AKShare/新浪基金历史,2026-09-04T01:02:29.548814+08:00
508026,2026-08-14,3.62,3.622,3.59,3.596,69100,none,AKShare/新浪基金历史,2026-09-04T01:02:29.548814+08:00
508026,2026-08-17,3.589,3.589,3.564,3.577,1394100,none,AKShare/新浪基金历史,2026-09-04T01:02:29.548814+08:00
508026,2026-08-18,3.589,3.607,3.586,3.604,1528700,none,AKShare/新浪基金历史,2026-09-04T01:02:29.548814+08:00
508026,2026-08-19,3.597,3.598,3.574,3.597,1380000,none,AKShare/新浪基金历史,2026-09-04T01:02:29.548814+08:00
508026,2026-08-20,3.58,3.697,3.579,3.694,1833900,none,AKShare/新浪基金历史,2026-09-04T01:02:29.548814+08:00
508026,2026-08-21,3.674,3.726,3.634,3.695,794500,none,AKShare/新浪基金历史,2026-09-04T01:02:29.548814+08:00
508026,2026-08-24,3.678,3.69,3.624,3.677,1144000,none,AKShare/新浪基金历史,2026-09-04T01:02:29.548814+08:00
508026,2026-08-25,3.677,3.739,3.664,3.733,816804,none,AKShare/新浪基金历史,2026-09-04T01:02:29.548814+08:00
508026,2026-08-26,3.733,3.782,3.714,3.764,819862,none,AKShare/新浪基金历史,2026-09-04T01:02:29.548814+08:00
508026,2026-08-27,3.764,3.877,3.764,3.822,2550000,none,AKShare/新浪基金历史,2026-09-04T01:02:29.548814+08:00
508026,2026-08-28,3.822,3.858,3.742,3.846,2102635,none,AKShare/新浪基金历史,2026-09-04T01:02:29.548814+08:00
508026,2026-08-31,3.828,3.85,3.798,3.811,321807,none,AKShare/新浪基金历史,2026-09-04T01:02:29.548814+08:00
508026,2026-09-01,3.811,3.811,3.752,3.759,27400,none,AKShare/新浪基金历史,2026-09-04T01:02:29.548814+08:00
508026,2026-09-02,3.744,3.744,3.706,3.711,207533,none,AKShare/新浪基金历史,2026-09-04T01:02:29.548814+08:00
508028,2023-03-29,9.889,10.26,9.889,9.99,52238439,none,AKShare/新浪基金历史,2026-09-04T01:02:29.548814+08:00
508028,2023-03-30,10.005,10.02,9.969,9.99,8140627,none,AKShare/新浪基金历史,2026-09-04T01:02:29.548814+08:00
508028,2023-03-31,9.995,10.004,9.981,10.0,4988076,none,AKShare/新浪基金历史,2026-09-04T01:02:29.548814+08:00
508028,2023-04-03,10.003,10.016,9.982,9.999,4445037,none,AKShare/新浪基金历史,2026-09-04T01:02:29.548814+08:00
508028,2023-04-04,9.999,9.999,9.951,9.968,3502047,none,AKShare/新浪基金历史,2026-09-04T01:02:29.548814+08:00
508028,2023-04-06,9.968,9.968,9.896,9.919,5885769,none,AKShare/新浪基金历史,2026-09-04T01:02:29.548814+08:00
508028,2023-04-07,9.91,9.926,9.893,9.907,7330742,none,AKShare/新浪基金历史,2026-09-04T01:02:29.548814+08:00
508028,2023-04-10,9.905,9.907,9.888,9.897,6365469,none,AKShare/新浪基金历史,2026-09-04T01:02:29.548814+08:00
508028,2023-04-11,9.897,9.898,9.863,9.884,5906780,none,AKShare/新浪基金历史,2026-09-04T01:02:29.548814+08:00
508028,2023-04-12,9.883,9.883,9.852,9.858,3670478,none,AKShare/新浪基金历史,2026-09-04T01:02:29.548814+08:00
508028,2023-04-13,9.856,9.856,9.826,9.837,7842246,none,AKShare/新浪基金历史,2026-09-04T01:02:29.548814+08:00
508028,2023-04-14,9.836,9.848,9.821,9.827,7295402,none,AKShare/新浪基金历史,2026-09-04T01:02:29.548814+08:00
508028,2023-04-17,9.829,9.905,9.829,9.9,5462640,none,AKShare/新浪基金历史,2026-09-04T01:02:29.548814+08:00
508028,2023-04-18,9.902,9.954,9.896,9.933,3450148,none,AKShare/新浪基金历史,2026-09-04T01:02:29.548814+08:00
508028,2023-04-19,9.931,9.939,9.891,9.918,5228085,none,AKShare/新浪基金历史,2026-09-04T01:02:29.548814+08:00
508028,2023-04-20,9.918,9.93,9.898,9.907,2446799,none,AKShare/新浪基金历史,2026-09-04T01:02:29.548814+08:00
508028,2023-04-21,9.908,9.911,9.86,9.87,2415116,none,AKShare/新浪基金历史,2026-09-04T01:02:29.548814+08:00
508028,2023-04-24,9.87,9.898,9.813,9.829,3276717,none,AKShare/新浪基金历史,2026-09-04T01:02:29.548814+08:00
508028,2023-04-25,9.829,9.839,9.813,9.826,2595826,none,AKShare/新浪基金历史,2026-09-04T01:02:29.548814+08:00
508028,2023-04-26,9.82,9.838,9.815,9.821,1997264,none,AKShare/新浪基金历史,2026-09-04T01:02:29.548814+08:00
508028,2023-04-27,9.813,9.826,9.793,9.807,4047330,none,AKShare/新浪基金历史,2026-09-04T01:02:29.548814+08:00
508028,2023-04-28,9.806,9.887,9.801,9.879,3027288,none,AKShare/新浪基金历史,2026-09-04T01:02:29.548814+08:00
508028,2023-05-04,9.878,9.888,9.85,9.867,2909461,none,AKShare/新浪基金历史,2026-09-04T01:02:29.548814+08:00
508028,2023-05-05,9.875,9.875,9.826,9.838,2607570,none,AKShare/新浪基金历史,2026-09-04T01:02:29.548814+08:00
508028,2023-05-08,9.838,9.856,9.835,9.837,2245595,none,AKShare/新浪基金历史,2026-09-04T01:02:29.548814+08:00
508028,2023-05-09,9.836,9.857,9.83,9.853,2438112,none,AKShare/新浪基金历史,2026-09-04T01:02:29.548814+08:00
508028,2023-05-10,9.854,9.928,9.838,9.921,4062020,none,AKShare/新浪基金历史,2026-09-04T01:02:29.548814+08:00
508028,2023-05-11,9.957,9.957,9.892,9.899,1865814,none,AKShare/新浪基金历史,2026-09-04T01:02:29.548814+08:00
508028,2023-05-12,9.899,9.899,9.852,9.871,1404243,none,AKShare/新浪基金历史,2026-09-04T01:02:29.548814+08:00
508028,2023-05-15,9.872,9.881,9.841,9.875,825890,none,AKShare/新浪基金历史,2026-09-04T01:02:29.548814+08:00
508028,2023-05-16,9.875,9.955,9.844,9.951,4147985,none,AKShare/新浪基金历史,2026-09-04T01:02:29.548814+08:00
508028,2023-05-17,9.892,9.955,9.892,9.915,2604590,none,AKShare/新浪基金历史,2026-09-04T01:02:29.548814+08:00
508028,2023-05-18,9.912,9.919,9.889,9.919,2956451,none,AKShare/新浪基金历史,2026-09-04T01:02:29.548814+08:00
508028,2023-05-19,9.917,9.917,9.888,9.9,2637749,none,AKShare/新浪基金历史,2026-09-04T01:02:29.548814+08:00
508028,2023-05-22,9.9,9.919,9.882,9.909,2494242,none,AKShare/新浪基金历史,2026-09-04T01:02:29.548814+08:00
508028,2023-05-23,9.916,9.916,9.891,9.903,2294157,none,AKShare/新浪基金历史,2026-09-04T01:02:29.548814+08:00
508028,2023-05-24,9.903,9.949,9.867,9.92,4360821,none,AKShare/新浪基金历史,2026-09-04T01:02:29.548814+08:00
508028,2023-05-25,9.921,9.951,9.893,9.937,4542104,none,AKShare/新浪基金历史,2026-09-04T01:02:29.548814+08:00
508028,2023-05-26,9.956,9.958,9.9,9.908,4270544,none,AKShare/新浪基金历史,2026-09-04T01:02:29.548814+08:00
508028,2023-05-29,9.901,9.928,9.9,9.916,3510615,none,AKShare/新浪基金历史,2026-09-04T01:02:29.548814+08:00
508028,2023-05-30,9.916,9.916,9.875,9.905,3634878,none,AKShare/新浪基金历史,2026-09-04T01:02:29.548814+08:00
508028,2023-05-31,9.908,9.911,9.875,9.908,2363512,none,AKShare/新浪基金历史,2026-09-04T01:02:29.548814+08:00
508028,2023-06-01,9.905,9.905,9.869,9.89,3076972,none,AKShare/新浪基金历史,2026-09-04T01:02:29.548814+08:00
508028,2023-06-02,9.89,9.893,9.866,9.875,2552336,none,AKShare/新浪基金历史,2026-09-04T01:02:29.548814+08:00
508028,2023-06-05,9.87,9.874,9.804,9.814,2251397,none,AKShare/新浪基金历史,2026-09-04T01:02:29.548814+08:00
508028,2023-06-06,9.814,9.816,9.0,9.777,13798616,none,AKShare/新浪基金历史,2026-09-04T01:02:29.548814+08:00
508028,2023-06-07,9.7,9.806,9.511,9.8,5877076,none,AKShare/新浪基金历史,2026-09-04T01:02:29.548814+08:00
508028,2023-06-08,9.81,9.853,9.763,9.838,4332995,none,AKShare/新浪基金历史,2026-09-04T01:02:29.548814+08:00
508028,2023-06-09,9.839,9.845,9.8,9.803,3286470,none,AKShare/新浪基金历史,2026-09-04T01:02:29.548814+08:00
508028,2023-06-12,9.763,9.795,9.725,9.773,3264822,none,AKShare/新浪基金历史,2026-09-04T01:02:29.548814+08:00
508028,2023-06-13,9.746,9.792,9.72,9.746,3643764,none,AKShare/新浪基金历史,2026-09-04T01:02:29.548814+08:00
508028,2023-06-14,9.731,9.799,9.731,9.76,3221441,none,AKShare/新浪基金历史,2026-09-04T01:02:29.548814+08:00
508028,2023-06-15,9.76,9.786,9.741,9.759,5062672,none,AKShare/新浪基金历史,2026-09-04T01:02:29.548814+08:00
508028,2023-06-16,9.76,9.76,9.745,9.753,2456234,none,AKShare/新浪基金历史,2026-09-04T01:02:29.548814+08:00
508028,2023-06-19,9.758,9.767,9.699,9.72,2865988,none,AKShare/新浪基金历史,2026-09-04T01:02:29.548814+08:00
508028,2023-06-20,9.73,9.738,9.69,9.721,5425426,none,AKShare/新浪基金历史,2026-09-04T01:02:29.548814+08:00
508028,2023-06-21,9.721,9.725,9.692,9.723,2747203,none,AKShare/新浪基金历史,2026-09-04T01:02:29.548814+08:00
508028,2023-06-26,9.723,9.724,9.654,9.675,5451546,none,AKShare/新浪基金历史,2026-09-04T01:02:29.548814+08:00
508028,2023-06-27,9.675,9.675,9.598,9.635,3930217,none,AKShare/新浪基金历史,2026-09-04T01:02:29.548814+08:00
508028,2023-06-28,9.635,9.635,9.411,9.5,6246422,none,AKShare/新浪基金历史,2026-09-04T01:02:29.548814+08:00
508028,2023-06-29,9.5,9.5,9.436,9.447,3679737,none,AKShare/新浪基金历史,2026-09-04T01:02:29.548814+08:00
508028,2023-06-30,9.435,9.99,9.435,9.849,5864560,none,AKShare/新浪基金历史,2026-09-04T01:02:29.548814+08:00
508028,2023-07-03,9.805,9.805,9.548,9.558,2379069,none,AKShare/新浪基金历史,2026-09-04T01:02:29.548814+08:00
508028,2023-07-04,9.546,9.549,9.457,9.493,1776820,none,AKShare/新浪基金历史,2026-09-04T01:02:29.548814+08:00
508028,2023-07-05,9.5,9.57,9.428,9.45,2995847,none,AKShare/新浪基金历史,2026-09-04T01:02:29.548814+08:00
508028,2023-07-06,9.449,9.522,9.43,9.511,2957043,none,AKShare/新浪基金历史,2026-09-04T01:02:29.548814+08:00
508028,2023-07-07,9.547,9.75,9.501,9.607,3580200,none,AKShare/新浪基金历史,2026-09-04T01:02:29.548814+08:00
508028,2023-07-10,9.607,9.644,9.57,9.63,3688347,none,AKShare/新浪基金历史,2026-09-04T01:02:29.548814+08:00
508028,2023-07-11,9.63,9.669,9.59,9.598,2377860,none,AKShare/新浪基金历史,2026-09-04T01:02:29.548814+08:00
508028,2023-07-12,9.596,9.629,9.528,9.548,1889581,none,AKShare/新浪基金历史,2026-09-04T01:02:29.548814+08:00
508028,2023-07-13,9.548,9.613,9.548,9.607,2786636,none,AKShare/新浪基金历史,2026-09-04T01:02:29.548814+08:00
508028,2023-07-14,9.607,9.727,9.598,9.686,3391985,none,AKShare/新浪基金历史,2026-09-04T01:02:29.548814+08:00
508028,2023-07-17,9.686,9.77,9.68,9.752,3192415,none,AKShare/新浪基金历史,2026-09-04T01:02:29.548814+08:00
508028,2023-07-18,9.752,9.898,9.727,9.88,5277955,none,AKShare/新浪基金历史,2026-09-04T01:02:29.548814+08:00
508028,2023-07-19,9.874,9.9,9.769,9.793,2806182,none,AKShare/新浪基金历史,2026-09-04T01:02:29.548814+08:00
508028,2023-07-20,9.793,9.85,9.698,9.72,1318533,none,AKShare/新浪基金历史,2026-09-04T01:02:29.548814+08:00
508028,2023-07-21,9.72,9.78,9.72,9.78,1778382,none,AKShare/新浪基金历史,2026-09-04T01:02:29.548814+08:00
508028,2023-07-24,9.78,9.847,9.761,9.808,3291318,none,AKShare/新浪基金历史,2026-09-04T01:02:29.548814+08:00
508028,2023-07-25,9.8,9.862,9.8,9.841,2698264,none,AKShare/新浪基金历史,2026-09-04T01:02:29.548814+08:00
508028,2023-07-26,9.838,9.877,9.804,9.835,1868445,none,AKShare/新浪基金历史,2026-09-04T01:02:29.548814+08:00
508028,2023-07-27,9.835,9.853,9.7,9.836,2501081,none,AKShare/新浪基金历史,2026-09-04T01:02:29.548814+08:00
508028,2023-07-28,9.835,9.878,9.8,9.868,4665903,none,AKShare/新浪基金历史,2026-09-04T01:02:29.548814+08:00
508028,2023-07-31,9.83,9.949,9.83,9.898,4425183,none,AKShare/新浪基金历史,2026-09-04T01:02:29.548814+08:00
508028,2023-08-01,9.898,9.96,9.849,9.926,3129568,none,AKShare/新浪基金历史,2026-09-04T01:02:29.548814+08:00
508028,2023-08-02,9.926,9.978,9.89,9.963,3542656,none,AKShare/新浪基金历史,2026-09-04T01:02:29.548814+08:00
508028,2023-08-03,9.963,10.006,9.953,10.0,3906990,none,AKShare/新浪基金历史,2026-09-04T01:02:29.548814+08:00
508028,2023-08-04,10.0,10.05,9.96,10.024,1924851,none,AKShare/新浪基金历史,2026-09-04T01:02:29.548814+08:00
508028,2023-08-07,10.023,10.098,10.023,10.094,3720161,none,AKShare/新浪基金历史,2026-09-04T01:02:29.548814+08:00
508028,2023-08-08,10.095,10.095,9.961,10.0,3672143,none,AKShare/新浪基金历史,2026-09-04T01:02:29.548814+08:00
508028,2023-08-09,9.987,10.047,9.961,10.0,2675059,none,AKShare/新浪基金历史,2026-09-04T01:02:29.548814+08:00
508028,2023-08-10,10.0,10.069,9.981,10.021,1596610,none,AKShare/新浪基金历史,2026-09-04T01:02:29.548814+08:00
508028,2023-08-11,10.02,10.058,10.02,10.041,1541574,none,AKShare/新浪基金历史,2026-09-04T01:02:29.548814+08:00
508028,2023-08-14,10.04,10.04,9.977,9.985,4023488,none,AKShare/新浪基金历史,2026-09-04T01:02:29.548814+08:00
508028,2023-08-15,9.985,10.011,9.985,10.003,3736940,none,AKShare/新浪基金历史,2026-09-04T01:02:29.548814+08:00
508028,2023-08-16,10.0,10.031,9.967,9.987,3045998,none,AKShare/新浪基金历史,2026-09-04T01:02:29.548814+08:00
508028,2023-08-17,9.981,9.998,9.975,9.986,2085690,none,AKShare/新浪基金历史,2026-09-04T01:02:29.548814+08:00
508028,2023-08-18,9.98,10.02,9.968,9.988,2793235,none,AKShare/新浪基金历史,2026-09-04T01:02:29.548814+08:00
508028,2023-08-21,9.948,9.986,9.948,9.954,2514764,none,AKShare/新浪基金历史,2026-09-04T01:02:29.548814+08:00
508028,2023-08-22,9.954,9.98,9.9,9.922,1851947,none,AKShare/新浪基金历史,2026-09-04T01:02:29.548814+08:00
508028,2023-08-23,9.903,9.94,9.9,9.91,2581970,none,AKShare/新浪基金历史,2026-09-04T01:02:29.548814+08:00
508028,2023-08-24,9.9,9.967,9.9,9.945,2458330,none,AKShare/新浪基金历史,2026-09-04T01:02:29.548814+08:00
508028,2023-08-25,9.91,9.955,9.91,9.932,2485441,none,AKShare/新浪基金历史,2026-09-04T01:02:29.548814+08:00
508028,2023-08-28,9.91,9.996,9.83,9.918,3845552,none,AKShare/新浪基金历史,2026-09-04T01:02:29.548814+08:00
508028,2023-08-29,9.916,9.952,9.895,9.929,2604799,none,AKShare/新浪基金历史,2026-09-04T01:02:29.548814+08:00
508028,2023-08-30,9.921,9.996,9.901,9.98,3359249,none,AKShare/新浪基金历史,2026-09-04T01:02:29.548814+08:00
508028,2023-08-31,9.98,9.999,9.915,9.923,2503189,none,AKShare/新浪基金历史,2026-09-04T01:02:29.548814+08:00
508028,2023-09-01,9.923,9.957,9.902,9.907,3393017,none,AKShare/新浪基金历史,2026-09-04T01:02:29.548814+08:00
508028,2023-09-04,9.902,9.927,9.9,9.917,2977839,none,AKShare/新浪基金历史,2026-09-04T01:02:29.548814+08:00
508028,2023-09-05,9.916,9.929,9.88,9.92,3081108,none,AKShare/新浪基金历史,2026-09-04T01:02:29.548814+08:00
508028,2023-09-06,9.903,9.929,9.89,9.915,2706790,none,AKShare/新浪基金历史,2026-09-04T01:02:29.548814+08:00
508028,2023-09-07,9.902,9.95,9.902,9.934,2023283,none,AKShare/新浪基金历史,2026-09-04T01:02:29.548814+08:00
508028,2023-09-08,9.934,9.95,9.911,9.948,2847680,none,AKShare/新浪基金历史,2026-09-04T01:02:29.548814+08:00
508028,2023-09-11,9.927,9.997,9.927,9.995,3879241,none,AKShare/新浪基金历史,2026-09-04T01:02:29.548814+08:00
508028,2023-09-12,9.995,10.028,9.962,10.016,2208590,none,AKShare/新浪基金历史,2026-09-04T01:02:29.548814+08:00
508028,2023-09-13,10.015,10.053,9.996,10.023,1856592,none,AKShare/新浪基金历史,2026-09-04T01:02:29.548814+08:00
508028,2023-09-14,10.023,10.052,9.989,10.005,2433658,none,AKShare/新浪基金历史,2026-09-04T01:02:29.548814+08:00
508028,2023-09-15,9.98,10.03,9.98,10.0,1760314,none,AKShare/新浪基金历史,2026-09-04T01:02:29.548814+08:00
508028,2023-09-18,10.018,10.02,9.97,9.994,1606181,none,AKShare/新浪基金历史,2026-09-04T01:02:29.548814+08:00
508028,2023-09-19,10.0,10.03,9.985,10.02,1555711,none,AKShare/新浪基金历史,2026-09-04T01:02:29.548814+08:00
508028,2023-09-20,10.02,10.026,9.991,10.018,1428781,none,AKShare/新浪基金历史,2026-09-04T01:02:29.548814+08:00
508028,2023-09-21,10.018,10.03,9.98,10.027,1601293,none,AKShare/新浪基金历史,2026-09-04T01:02:29.548814+08:00
508028,2023-09-22,9.777,9.917,9.7,9.717,1323030,none,AKShare/新浪基金历史,2026-09-04T01:02:29.548814+08:00
508028,2023-09-25,9.68,9.766,9.68,9.754,1812729,none,AKShare/新浪基金历史,2026-09-04T01:02:29.548814+08:00
508028,2023-09-26,9.754,9.774,9.74,9.759,1999719,none,AKShare/新浪基金历史,2026-09-04T01:02:29.548814+08:00
508028,2023-09-27,9.759,9.77,9.72,9.752,1821000,none,AKShare/新浪基金历史,2026-09-04T01:02:29.548814+08:00
508028,2023-09-28,9.752,9.88,9.72,9.878,2068932,none,AKShare/新浪基金历史,2026-09-04T01:02:29.548814+08:00
508028,2023-10-09,9.866,9.898,9.83,9.857,1555033,none,AKShare/新浪基金历史,2026-09-04T01:02:29.548814+08:00
508028,2023-10-10,9.856,9.856,9.8,9.843,1276576,none,AKShare/新浪基金历史,2026-09-04T01:02:29.548814+08:00
508028,2023-10-11,9.805,9.851,9.78,9.819,1856023,none,AKShare/新浪基金历史,2026-09-04T01:02:29.548814+08:00
508028,2023-10-12,9.82,9.859,9.803,9.855,2113081,none,AKShare/新浪基金历史,2026-09-04T01:02:29.548814+08:00
508028,2023-10-13,9.857,9.857,9.783,9.819,1023561,none,AKShare/新浪基金历史,2026-09-04T01:02:29.548814+08:00
508028,2023-10-16,9.81,9.81,9.71,9.777,645406,none,AKShare/新浪基金历史,2026-09-04T01:02:29.548814+08:00
508028,2023-10-17,9.738,9.775,9.62,9.669,1847036,none,AKShare/新浪基金历史,2026-09-04T01:02:29.548814+08:00
508028,2023-10-18,9.669,9.669,9.612,9.629,1622784,none,AKShare/新浪基金历史,2026-09-04T01:02:29.548814+08:00
508028,2023-10-19,9.629,9.675,9.58,9.639,920588,none,AKShare/新浪基金历史,2026-09-04T01:02:29.548814+08:00
508028,2023-10-20,9.639,9.708,9.5,9.546,841410,none,AKShare/新浪基金历史,2026-09-04T01:02:29.548814+08:00
508028,2023-10-23,9.527,9.55,9.469,9.483,1082676,none,AKShare/新浪基金历史,2026-09-04T01:02:29.548814+08:00
508028,2023-10-24,9.47,9.564,9.469,9.558,1533726,none,AKShare/新浪基金历史,2026-09-04T01:02:29.548814+08:00
508028,2023-10-25,9.557,9.661,9.556,9.594,2733062,none,AKShare/新浪基金历史,2026-09-04T01:02:29.548814+08:00
508028,2023-10-26,9.568,9.632,9.493,9.513,709424,none,AKShare/新浪基金历史,2026-09-04T01:02:29.548814+08:00
508028,2023-10-27,9.51,9.534,9.4,9.52,1605146,none,AKShare/新浪基金历史,2026-09-04T01:02:29.548814+08:00
508028,2023-10-30,9.52,9.52,9.424,9.431,853147,none,AKShare/新浪基金历史,2026-09-04T01:02:29.548814+08:00
508028,2023-10-31,9.431,9.475,9.35,9.388,905773,none,AKShare/新浪基金历史,2026-09-04T01:02:29.548814+08:00
508028,2023-11-01,9.425,9.451,9.35,9.42,1638867,none,AKShare/新浪基金历史,2026-09-04T01:02:29.548814+08:00
508028,2023-11-02,9.419,9.457,9.366,9.397,1057589,none,AKShare/新浪基金历史,2026-09-04T01:02:29.548814+08:00
508028,2023-11-03,9.367,9.435,9.349,9.408,1202827,none,AKShare/新浪基金历史,2026-09-04T01:02:29.548814+08:00
508028,2023-11-06,9.372,9.413,9.372,9.4,783613,none,AKShare/新浪基金历史,2026-09-04T01:02:29.548814+08:00
508028,2023-11-07,9.39,9.393,9.361,9.37,892558,none,AKShare/新浪基金历史,2026-09-04T01:02:29.548814+08:00
508028,2023-11-08,9.37,9.542,9.37,9.495,1888095,none,AKShare/新浪基金历史,2026-09-04T01:02:29.548814+08:00
508028,2023-11-09,9.467,9.623,9.467,9.587,1600292,none,AKShare/新浪基金历史,2026-09-04T01:02:29.548814+08:00
508028,2023-11-10,9.568,9.644,9.5,9.595,1552277,none,AKShare/新浪基金历史,2026-09-04T01:02:29.548814+08:00
508028,2023-11-13,9.558,9.629,9.502,9.534,475503,none,AKShare/新浪基金历史,2026-09-04T01:02:29.548814+08:00
508028,2023-11-14,9.533,9.589,9.515,9.583,1237397,none,AKShare/新浪基金历史,2026-09-04T01:02:29.548814+08:00
508028,2023-11-15,9.571,9.571,9.506,9.54,811192,none,AKShare/新浪基金历史,2026-09-04T01:02:29.548814+08:00
508028,2023-11-16,9.539,9.555,9.491,9.537,359889,none,AKShare/新浪基金历史,2026-09-04T01:02:29.548814+08:00
508028,2023-11-17,9.515,9.549,9.406,9.422,284085,none,AKShare/新浪基金历史,2026-09-04T01:02:29.548814+08:00
508028,2023-11-20,9.455,9.455,9.422,9.43,375921,none,AKShare/新浪基金历史,2026-09-04T01:02:29.548814+08:00
508028,2023-11-21,9.434,9.486,9.401,9.428,1060935,none,AKShare/新浪基金历史,2026-09-04T01:02:29.548814+08:00
508028,2023-11-22,9.4,9.411,9.37,9.374,788327,none,AKShare/新浪基金历史,2026-09-04T01:02:29.548814+08:00
508028,2023-11-23,9.37,9.375,9.313,9.356,1786493,none,AKShare/新浪基金历史,2026-09-04T01:02:29.548814+08:00
508028,2023-11-24,9.356,9.361,9.317,9.341,1356855,none,AKShare/新浪基金历史,2026-09-04T01:02:29.548814+08:00
508028,2023-11-27,9.341,9.351,9.272,9.292,1452303,none,AKShare/新浪基金历史,2026-09-04T01:02:29.548814+08:00
508028,2023-11-28,9.254,9.328,9.254,9.319,1419338,none,AKShare/新浪基金历史,2026-09-04T01:02:29.548814+08:00
508028,2023-11-29,9.302,9.391,9.302,9.321,1036772,none,AKShare/新浪基金历史,2026-09-04T01:02:29.548814+08:00
508028,2023-11-30,9.3,9.397,9.3,9.377,877969,none,AKShare/新浪基金历史,2026-09-04T01:02:29.548814+08:00
508028,2023-12-01,9.414,9.456,9.377,9.448,1283658,none,AKShare/新浪基金历史,2026-09-04T01:02:29.548814+08:00
508028,2023-12-04,9.448,9.477,9.396,9.412,819068,none,AKShare/新浪基金历史,2026-09-04T01:02:29.548814+08:00
508028,2023-12-05,9.4,9.436,9.36,9.41,899922,none,AKShare/新浪基金历史,2026-09-04T01:02:29.548814+08:00
508028,2023-12-06,9.391,9.517,9.39,9.495,812140,none,AKShare/新浪基金历史,2026-09-04T01:02:29.548814+08:00
508028,2023-12-07,9.494,9.495,9.399,9.471,1328561,none,AKShare/新浪基金历史,2026-09-04T01:02:29.548814+08:00
508028,2023-12-08,9.446,9.499,9.412,9.487,1349703,none,AKShare/新浪基金历史,2026-09-04T01:02:29.548814+08:00
508028,2023-12-11,9.509,9.509,9.435,9.468,1056985,none,AKShare/新浪基金历史,2026-09-04T01:02:29.548814+08:00
508028,2023-12-12,9.45,9.46,9.35,9.42,1152991,none,AKShare/新浪基金历史,2026-09-04T01:02:29.548814+08:00
508028,2023-12-13,9.4,9.4,9.28,9.31,1401883,none,AKShare/新浪基金历史,2026-09-04T01:02:29.548814+08:00
508028,2023-12-14,9.296,9.499,9.281,9.395,1361990,none,AKShare/新浪基金历史,2026-09-04T01:02:29.548814+08:00
508028,2023-12-15,9.393,9.393,9.283,9.338,1763464,none,AKShare/新浪基金历史,2026-09-04T01:02:29.548814+08:00
508028,2023-12-18,9.375,9.618,9.298,9.341,1109259,none,AKShare/新浪基金历史,2026-09-04T01:02:29.548814+08:00
508028,2023-12-19,9.316,9.346,9.281,9.298,1842405,none,AKShare/新浪基金历史,2026-09-04T01:02:29.548814+08:00
508028,2023-12-20,9.3,9.347,9.278,9.338,1093021,none,AKShare/新浪基金历史,2026-09-04T01:02:29.548814+08:00
508028,2023-12-21,8.988,9.252,8.901,9.12,1846441,none,AKShare/新浪基金历史,2026-09-04T01:02:29.548814+08:00
508028,2023-12-22,9.12,9.254,9.102,9.222,2247319,none,AKShare/新浪基金历史,2026-09-04T01:02:29.548814+08:00
508028,2023-12-25,9.185,9.329,9.055,9.241,3528555,none,AKShare/新浪基金历史,2026-09-04T01:02:29.548814+08:00
508028,2023-12-26,9.24,9.283,9.101,9.279,4999168,none,AKShare/新浪基金历史,2026-09-04T01:02:29.548814+08:00
508028,2023-12-27,9.241,9.259,9.176,9.226,3142347,none,AKShare/新浪基金历史,2026-09-04T01:02:29.548814+08:00
508028,2023-12-28,9.194,9.34,9.143,9.316,2461999,none,AKShare/新浪基金历史,2026-09-04T01:02:29.548814+08:00
508028,2023-12-29,9.3,9.6,9.211,9.557,2593105,none,AKShare/新浪基金历史,2026-09-04T01:02:29.548814+08:00
508028,2024-01-02,9.518,9.54,9.251,9.33,3219294,none,AKShare/新浪基金历史,2026-09-04T01:02:29.548814+08:00
508028,2024-01-03,9.292,9.363,9.212,9.301,1622414,none,AKShare/新浪基金历史,2026-09-04T01:02:29.548814+08:00
508028,2024-01-04,9.299,9.4,9.262,9.275,1657492,none,AKShare/新浪基金历史,2026-09-04T01:02:29.548814+08:00
508028,2024-01-05,9.275,9.35,9.236,9.251,1840627,none,AKShare/新浪基金历史,2026-09-04T01:02:29.548814+08:00
508028,2024-01-08,9.256,9.256,9.212,9.249,1095310,none,AKShare/新浪基金历史,2026-09-04T01:02:29.548814+08:00
508028,2024-01-09,9.249,9.284,9.2,9.22,2254284,none,AKShare/新浪基金历史,2026-09-04T01:02:29.548814+08:00
508028,2024-01-10,9.2,9.238,9.171,9.237,1482961,none,AKShare/新浪基金历史,2026-09-04T01:02:29.548814+08:00
508028,2024-01-11,9.224,9.295,9.2,9.293,2550457,none,AKShare/新浪基金历史,2026-09-04T01:02:29.548814+08:00
508028,2024-01-12,9.253,9.319,9.253,9.304,1336873,none,AKShare/新浪基金历史,2026-09-04T01:02:29.548814+08:00
508028,2024-01-15,9.264,9.305,9.25,9.301,2518923,none,AKShare/新浪基金历史,2026-09-04T01:02:29.548814+08:00
508028,2024-01-16,9.273,9.31,9.273,9.3,3512495,none,AKShare/新浪基金历史,2026-09-04T01:02:29.548814+08:00
508028,2024-01-17,9.3,9.33,9.279,9.31,2652712,none,AKShare/新浪基金历史,2026-09-04T01:02:29.548814+08:00
508028,2024-01-18,9.296,9.314,9.28,9.293,2803950,none,AKShare/新浪基金历史,2026-09-04T01:02:29.548814+08:00
508028,2024-01-19,9.281,9.321,9.253,9.297,1623045,none,AKShare/新浪基金历史,2026-09-04T01:02:29.548814+08:00
508028,2024-01-22,9.316,9.316,9.285,9.298,2816762,none,AKShare/新浪基金历史,2026-09-04T01:02:29.548814+08:00
508028,2024-01-23,9.298,9.31,9.251,9.285,2715367,none,AKShare/新浪基金历史,2026-09-04T01:02:29.548814+08:00
508028,2024-01-24,9.285,9.359,9.285,9.299,1583059,none,AKShare/新浪基金历史,2026-09-04T01:02:29.548814+08:00
508028,2024-01-25,9.299,9.33,9.28,9.3,2498773,none,AKShare/新浪基金历史,2026-09-04T01:02:29.548814+08:00
508028,2024-01-26,9.281,9.328,9.275,9.284,1119531,none,AKShare/新浪基金历史,2026-09-04T01:02:29.548814+08:00
508028,2024-01-29,9.284,9.327,9.26,9.277,1697838,none,AKShare/新浪基金历史,2026-09-04T01:02:29.548814+08:00
508028,2024-01-30,9.269,9.27,9.235,9.238,1137360,none,AKShare/新浪基金历史,2026-09-04T01:02:29.548814+08:00
508028,2024-01-31,9.246,9.248,9.207,9.216,2266887,none,AKShare/新浪基金历史,2026-09-04T01:02:29.548814+08:00
508028,2024-02-01,9.2,9.236,9.2,9.208,1486688,none,AKShare/新浪基金历史,2026-09-04T01:02:29.548814+08:00
508028,2024-02-02,9.3,9.3,9.21,9.227,1523360,none,AKShare/新浪基金历史,2026-09-04T01:02:29.548814+08:00
508028,2024-02-05,9.191,9.247,9.191,9.234,845704,none,AKShare/新浪基金历史,2026-09-04T01:02:29.548814+08:00
508028,2024-02-06,9.2,9.253,9.2,9.249,2640729,none,AKShare/新浪基金历史,2026-09-04T01:02:29.548814+08:00
508028,2024-02-07,9.248,9.31,9.22,9.298,2403833,none,AKShare/新浪基金历史,2026-09-04T01:02:29.548814+08:00
508028,2024-02-08,9.298,9.63,9.261,9.491,5753193,none,AKShare/新浪基金历史,2026-09-04T01:02:29.548814+08:00
508028,2024-02-19,9.47,9.662,9.452,9.63,2917329,none,AKShare/新浪基金历史,2026-09-04T01:02:29.548814+08:00
508028,2024-02-20,9.631,9.638,9.537,9.54,1718465,none,AKShare/新浪基金历史,2026-09-04T01:02:29.548814+08:00
508028,2024-02-21,9.519,9.55,9.445,9.504,1501562,none,AKShare/新浪基金历史,2026-09-04T01:02:29.548814+08:00
508028,2024-02-22,9.503,9.579,9.503,9.524,1659521,none,AKShare/新浪基金历史,2026-09-04T01:02:29.548814+08:00
508028,2024-02-23,9.524,9.798,9.507,9.78,2872084,none,AKShare/新浪基金历史,2026-09-04T01:02:29.548814+08:00
508028,2024-02-26,9.789,10.023,9.72,9.948,3687065,none,AKShare/新浪基金历史,2026-09-04T01:02:29.548814+08:00
508028,2024-02-27,9.95,10.037,9.681,9.756,3760973,none,AKShare/新浪基金历史,2026-09-04T01:02:29.548814+08:00
508028,2024-02-28,9.737,9.799,9.658,9.727,1386083,none,AKShare/新浪基金历史,2026-09-04T01:02:29.548814+08:00
508028,2024-02-29,9.7,9.85,9.581,9.722,1701357,none,AKShare/新浪基金历史,2026-09-04T01:02:29.548814+08:00
508028,2024-03-01,9.722,9.929,9.682,9.913,2356922,none,AKShare/新浪基金历史,2026-09-04T01:02:29.548814+08:00
508028,2024-03-04,9.873,10.229,9.873,10.21,6268693,none,AKShare/新浪基金历史,2026-09-04T01:02:29.548814+08:00
508028,2024-03-05,10.21,10.319,10.142,10.278,3940227,none,AKShare/新浪基金历史,2026-09-04T01:02:29.548814+08:00
508028,2024-03-06,10.278,10.3,10.008,10.135,1451664,none,AKShare/新浪基金历史,2026-09-04T01:02:29.548814+08:00
508028,2024-03-07,10.134,10.239,10.099,10.165,1541019,none,AKShare/新浪基金历史,2026-09-04T01:02:29.548814+08:00
508028,2024-03-08,10.165,10.195,10.115,10.184,2791152,none,AKShare/新浪基金历史,2026-09-04T01:02:29.548814+08:00
508028,2024-03-11,10.188,10.26,10.16,10.182,1498616,none,AKShare/新浪基金历史,2026-09-04T01:02:29.548814+08:00
508028,2024-03-12,10.161,10.28,10.113,10.157,1094460,none,AKShare/新浪基金历史,2026-09-04T01:02:29.548814+08:00
508028,2024-03-13,10.157,10.255,10.119,10.149,1626381,none,AKShare/新浪基金历史,2026-09-04T01:02:29.548814+08:00
508028,2024-03-14,10.109,10.165,10.049,10.146,2663675,none,AKShare/新浪基金历史,2026-09-04T01:02:29.548814+08:00
508028,2024-03-15,10.106,10.19,10.08,10.109,1973159,none,AKShare/新浪基金历史,2026-09-04T01:02:29.548814+08:00
508028,2024-03-18,10.125,10.125,10.055,10.065,1051869,none,AKShare/新浪基金历史,2026-09-04T01:02:29.548814+08:00
508028,2024-03-19,10.025,10.082,9.986,10.069,1132958,none,AKShare/新浪基金历史,2026-09-04T01:02:29.548814+08:00
508028,2024-03-20,10.029,10.128,10.011,10.063,1209918,none,AKShare/新浪基金历史,2026-09-04T01:02:29.548814+08:00
508028,2024-03-21,10.03,10.08,10.017,10.049,869087,none,AKShare/新浪基金历史,2026-09-04T01:02:29.548814+08:00
508028,2024-03-22,10.044,10.049,9.88,9.968,1463277,none,AKShare/新浪基金历史,2026-09-04T01:02:29.548814+08:00
508028,2024-03-25,9.928,10.2,9.77,9.976,1553422,none,AKShare/新浪基金历史,2026-09-04T01:02:29.548814+08:00
508028,2024-03-26,9.908,9.965,9.908,9.939,1524415,none,AKShare/新浪基金历史,2026-09-04T01:02:29.548814+08:00
508028,2024-03-27,9.939,9.96,9.921,9.957,1308658,none,AKShare/新浪基金历史,2026-09-04T01:02:29.548814+08:00
508028,2024-03-28,9.958,9.989,9.88,9.88,1279618,none,AKShare/新浪基金历史,2026-09-04T01:02:29.548814+08:00
508028,2024-03-29,9.89,9.942,9.752,9.8,3921060,none,AKShare/新浪基金历史,2026-09-04T01:02:29.548814+08:00
508028,2024-04-01,9.8,9.8,9.711,9.768,3654425,none,AKShare/新浪基金历史,2026-09-04T01:02:29.548814+08:00
508028,2024-04-02,9.86,9.86,9.72,9.732,1281701,none,AKShare/新浪基金历史,2026-09-04T01:02:29.548814+08:00
508028,2024-04-03,9.732,10.0,9.732,9.994,4239140,none,AKShare/新浪基金历史,2026-09-04T01:02:29.548814+08:00
508028,2024-04-08,9.994,10.134,9.979,10.085,2836557,none,AKShare/新浪基金历史,2026-09-04T01:02:29.548814+08:00
508028,2024-04-09,10.087,10.127,10.045,10.101,1129005,none,AKShare/新浪基金历史,2026-09-04T01:02:29.548814+08:00
508028,2024-04-10,10.099,10.14,10.051,10.09,3794347,none,AKShare/新浪基金历史,2026-09-04T01:02:29.548814+08:00
508028,2024-04-11,10.052,10.096,10.046,10.094,4876966,none,AKShare/新浪基金历史,2026-09-04T01:02:29.548814+08:00
508028,2024-04-12,10.094,10.12,10.063,10.077,3916639,none,AKShare/新浪基金历史,2026-09-04T01:02:29.548814+08:00
508028,2024-04-15,10.0,10.076,9.918,10.037,2751404,none,AKShare/新浪基金历史,2026-09-04T01:02:29.548814+08:00
508028,2024-04-16,10.03,10.082,9.951,10.011,3510783,none,AKShare/新浪基金历史,2026-09-04T01:02:29.548814+08:00
508028,2024-04-17,10.06,10.1,9.99,10.021,4812372,none,AKShare/新浪基金历史,2026-09-04T01:02:29.548814+08:00
508028,2024-04-18,10.061,10.153,10.022,10.144,4962189,none,AKShare/新浪基金历史,2026-09-04T01:02:29.548814+08:00
508028,2024-04-19,10.246,10.246,10.111,10.129,3284234,none,AKShare/新浪基金历史,2026-09-04T01:02:29.548814+08:00
508028,2024-04-22,10.135,10.309,10.121,10.145,4958795,none,AKShare/新浪基金历史,2026-09-04T01:02:29.548814+08:00
508028,2024-04-23,9.838,9.841,9.72,9.8,4616757,none,AKShare/新浪基金历史,2026-09-04T01:02:29.548814+08:00
508028,2024-04-24,9.796,9.948,9.76,9.932,2040488,none,AKShare/新浪基金历史,2026-09-04T01:02:29.548814+08:00
508028,2024-04-25,9.928,10.146,9.893,10.114,2290350,none,AKShare/新浪基金历史,2026-09-04T01:02:29.548814+08:00
508028,2024-04-26,10.115,10.24,10.115,10.2,3391173,none,AKShare/新浪基金历史,2026-09-04T01:02:29.548814+08:00
508028,2024-04-29,10.197,10.23,10.028,10.192,1748767,none,AKShare/新浪基金历史,2026-09-04T01:02:29.548814+08:00
508028,2024-04-30,10.152,10.289,10.061,10.289,3174523,none,AKShare/新浪基金历史,2026-09-04T01:02:29.548814+08:00
508028,2024-05-06,10.266,10.408,10.14,10.381,1536197,none,AKShare/新浪基金历史,2026-09-04T01:02:29.548814+08:00
508028,2024-05-07,10.381,10.381,10.289,10.298,2258816,none,AKShare/新浪基金历史,2026-09-04T01:02:29.548814+08:00
508028,2024-05-08,10.258,10.28,10.196,10.23,1952241,none,AKShare/新浪基金历史,2026-09-04T01:02:29.548814+08:00
508028,2024-05-09,10.23,10.266,10.21,10.265,2898784,none,AKShare/新浪基金历史,2026-09-04T01:02:29.548814+08:00
508028,2024-05-10,10.266,10.286,10.19,10.25,1812363,none,AKShare/新浪基金历史,2026-09-04T01:02:29.548814+08:00
508028,2024-05-13,10.247,10.26,10.179,10.209,1657907,none,AKShare/新浪基金历史,2026-09-04T01:02:29.548814+08:00
508028,2024-05-14,10.21,10.252,10.11,10.175,2131973,none,AKShare/新浪基金历史,2026-09-04T01:02:29.548814+08:00
508028,2024-05-15,10.135,10.183,10.1,10.148,2068050,none,AKShare/新浪基金历史,2026-09-04T01:02:29.548814+08:00
508028,2024-05-16,10.239,10.28,10.14,10.17,2476983,none,AKShare/新浪基金历史,2026-09-04T01:02:29.548814+08:00
508028,2024-05-17,10.171,10.2,10.11,10.161,2390044,none,AKShare/新浪基金历史,2026-09-04T01:02:29.548814+08:00
508028,2024-05-20,10.173,10.173,10.041,10.1,3284280,none,AKShare/新浪基金历史,2026-09-04T01:02:29.548814+08:00
508028,2024-05-21,10.098,10.098,9.98,10.046,2704279,none,AKShare/新浪基金历史,2026-09-04T01:02:29.548814+08:00
508028,2024-05-22,10.006,10.046,9.96,10.044,2464920,none,AKShare/新浪基金历史,2026-09-04T01:02:29.548814+08:00
508028,2024-05-23,10.01,10.092,9.972,10.079,1794068,none,AKShare/新浪基金历史,2026-09-04T01:02:29.548814+08:00
508028,2024-05-24,10.1,10.149,10.059,10.095,1482782,none,AKShare/新浪基金历史,2026-09-04T01:02:29.548814+08:00
508028,2024-05-27,10.095,10.095,10.055,10.083,2379190,none,AKShare/新浪基金历史,2026-09-04T01:02:29.548814+08:00
508028,2024-05-28,10.06,10.097,10.043,10.087,2416841,none,AKShare/新浪基金历史,2026-09-04T01:02:29.548814+08:00
508028,2024-05-29,10.067,10.087,10.05,10.065,2780882,none,AKShare/新浪基金历史,2026-09-04T01:02:29.548814+08:00
508028,2024-05-30,10.065,10.065,10.025,10.05,1476472,none,AKShare/新浪基金历史,2026-09-04T01:02:29.548814+08:00
508028,2024-05-31,10.01,10.098,10.01,10.085,994819,none,AKShare/新浪基金历史,2026-09-04T01:02:29.548814+08:00
508028,2024-06-03,10.072,10.095,10.052,10.086,989935,none,AKShare/新浪基金历史,2026-09-04T01:02:29.548814+08:00
508028,2024-06-04,10.076,10.119,9.88,10.103,1761216,none,AKShare/新浪基金历史,2026-09-04T01:02:29.548814+08:00
508028,2024-06-05,10.063,10.14,10.051,10.089,1326242,none,AKShare/新浪基金历史,2026-09-04T01:02:29.548814+08:00
508028,2024-06-06,10.09,10.124,10.05,10.085,3220526,none,AKShare/新浪基金历史,2026-09-04T01:02:29.548814+08:00
508028,2024-06-07,10.087,10.163,10.087,10.153,1276918,none,AKShare/新浪基金历史,2026-09-04T01:02:29.548814+08:00
508028,2024-06-11,10.14,10.197,10.113,10.178,1676521,none,AKShare/新浪基金历史,2026-09-04T01:02:29.548814+08:00
508028,2024-06-12,10.178,10.2,10.138,10.142,1640085,none,AKShare/新浪基金历史,2026-09-04T01:02:29.548814+08:00
508028,2024-06-13,10.141,10.189,10.138,10.184,1183686,none,AKShare/新浪基金历史,2026-09-04T01:02:29.548814+08:00
508028,2024-06-14,10.2,10.212,10.185,10.211,2064750,none,AKShare/新浪基金历史,2026-09-04T01:02:29.548814+08:00
508028,2024-06-17,10.198,10.198,10.148,10.186,2370227,none,AKShare/新浪基金历史,2026-09-04T01:02:29.548814+08:00
508028,2024-06-18,10.17,10.215,10.168,10.2,1982591,none,AKShare/新浪基金历史,2026-09-04T01:02:29.548814+08:00
508028,2024-06-19,10.2,10.24,10.161,10.195,1294421,none,AKShare/新浪基金历史,2026-09-04T01:02:29.548814+08:00
508028,2024-06-20,10.195,10.195,9.993,10.18,1310453,none,AKShare/新浪基金历史,2026-09-04T01:02:29.548814+08:00
508028,2024-06-21,10.14,10.205,10.14,10.205,1744852,none,AKShare/新浪基金历史,2026-09-04T01:02:29.548814+08:00
508028,2024-06-24,10.196,10.307,10.168,10.251,1853788,none,AKShare/新浪基金历史,2026-09-04T01:02:29.548814+08:00
508028,2024-06-25,10.252,10.3,10.221,10.259,577572,none,AKShare/新浪基金历史,2026-09-04T01:02:29.548814+08:00
508028,2024-06-26,10.26,10.299,10.2,10.254,1460509,none,AKShare/新浪基金历史,2026-09-04T01:02:29.548814+08:00
508028,2024-06-27,10.254,10.39,10.23,10.384,1498138,none,AKShare/新浪基金历史,2026-09-04T01:02:29.548814+08:00
508028,2024-06-28,10.385,10.405,10.355,10.358,3017905,none,AKShare/新浪基金历史,2026-09-04T01:02:29.548814+08:00
508028,2024-07-01,10.35,10.367,10.248,10.353,1711129,none,AKShare/新浪基金历史,2026-09-04T01:02:29.548814+08:00
508028,2024-07-02,10.36,10.387,10.3,10.338,2715387,none,AKShare/新浪基金历史,2026-09-04T01:02:29.548814+08:00
508028,2024-07-03,10.36,10.36,10.25,10.34,2054030,none,AKShare/新浪基金历史,2026-09-04T01:02:29.548814+08:00
508028,2024-07-04,10.346,10.346,10.232,10.254,2811810,none,AKShare/新浪基金历史,2026-09-04T01:02:29.548814+08:00
508028,2024-07-05,10.214,10.217,10.15,10.158,3075904,none,AKShare/新浪基金历史,2026-09-04T01:02:29.548814+08:00
508028,2024-07-08,10.158,10.24,10.158,10.168,3450542,none,AKShare/新浪基金历史,2026-09-04T01:02:29.548814+08:00
508028,2024-07-09,10.18,10.239,10.165,10.183,1704367,none,AKShare/新浪基金历史,2026-09-04T01:02:29.548814+08:00
508028,2024-07-10,10.179,10.249,10.15,10.225,2027404,none,AKShare/新浪基金历史,2026-09-04T01:02:29.548814+08:00
508028,2024-07-11,10.18,10.261,10.18,10.227,2922005,none,AKShare/新浪基金历史,2026-09-04T01:02:29.548814+08:00
508028,2024-07-12,10.174,10.293,10.174,10.282,2635637,none,AKShare/新浪基金历史,2026-09-04T01:02:29.548814+08:00
508028,2024-07-15,10.282,10.4,10.25,10.349,2558491,none,AKShare/新浪基金历史,2026-09-04T01:02:29.548814+08:00
508028,2024-07-16,10.363,10.39,10.307,10.359,3002664,none,AKShare/新浪基金历史,2026-09-04T01:02:29.548814+08:00
508028,2024-07-17,10.358,10.39,10.312,10.373,3257693,none,AKShare/新浪基金历史,2026-09-04T01:02:29.548814+08:00
508028,2024-07-18,10.343,10.343,10.212,10.261,2723689,none,AKShare/新浪基金历史,2026-09-04T01:02:29.548814+08:00
508028,2024-07-19,10.237,10.241,10.16,10.211,1643065,none,AKShare/新浪基金历史,2026-09-04T01:02:29.548814+08:00
508028,2024-07-22,10.204,10.205,10.158,10.173,1771073,none,AKShare/新浪基金历史,2026-09-04T01:02:29.548814+08:00
508028,2024-07-23,10.173,10.229,10.165,10.206,2688832,none,AKShare/新浪基金历史,2026-09-04T01:02:29.548814+08:00
508028,2024-07-24,10.16,10.236,10.16,10.217,1633462,none,AKShare/新浪基金历史,2026-09-04T01:02:29.548814+08:00
508028,2024-07-25,10.22,10.251,10.201,10.23,1431924,none,AKShare/新浪基金历史,2026-09-04T01:02:29.548814+08:00
508028,2024-07-26,10.285,10.285,10.19,10.211,1283302,none,AKShare/新浪基金历史,2026-09-04T01:02:29.548814+08:00
508028,2024-07-29,10.19,10.212,10.152,10.21,1634081,none,AKShare/新浪基金历史,2026-09-04T01:02:29.548814+08:00
508028,2024-07-30,10.151,10.271,10.151,10.252,1512891,none,AKShare/新浪基金历史,2026-09-04T01:02:29.548814+08:00
508028,2024-07-31,10.185,10.276,10.185,10.269,1198870,none,AKShare/新浪基金历史,2026-09-04T01:02:29.548814+08:00
508028,2024-08-01,10.215,10.297,10.187,10.217,1526090,none,AKShare/新浪基金历史,2026-09-04T01:02:29.548814+08:00
508028,2024-08-02,10.217,10.274,10.151,10.269,1087725,none,AKShare/新浪基金历史,2026-09-04T01:02:29.548814+08:00
508028,2024-08-05,10.269,10.339,10.269,10.333,1304466,none,AKShare/新浪基金历史,2026-09-04T01:02:29.548814+08:00
508028,2024-08-06,10.31,10.33,10.28,10.299,770290,none,AKShare/新浪基金历史,2026-09-04T01:02:29.548814+08:00
508028,2024-08-07,10.32,10.38,10.24,10.31,2664416,none,AKShare/新浪基金历史,2026-09-04T01:02:29.548814+08:00
508028,2024-08-08,10.31,10.348,10.29,10.305,2857269,none,AKShare/新浪基金历史,2026-09-04T01:02:29.548814+08:00
508028,2024-08-09,10.315,10.399,10.281,10.353,1536924,none,AKShare/新浪基金历史,2026-09-04T01:02:29.548814+08:00
508028,2024-08-12,10.354,10.4,10.337,10.345,859911,none,AKShare/新浪基金历史,2026-09-04T01:02:29.548814+08:00
508028,2024-08-13,10.344,10.359,10.261,10.35,1485536,none,AKShare/新浪基金历史,2026-09-04T01:02:29.548814+08:00
508028,2024-08-14,10.31,10.376,10.31,10.35,1810634,none,AKShare/新浪基金历史,2026-09-04T01:02:29.548814+08:00
508028,2024-08-15,10.4,10.4,10.313,10.362,1740873,none,AKShare/新浪基金历史,2026-09-04T01:02:29.548814+08:00
508028,2024-08-16,10.334,10.394,10.334,10.344,959854,none,AKShare/新浪基金历史,2026-09-04T01:02:29.548814+08:00
508028,2024-08-19,10.322,10.395,10.29,10.386,734599,none,AKShare/新浪基金历史,2026-09-04T01:02:29.548814+08:00
508028,2024-08-20,10.386,10.399,10.319,10.386,862342,none,AKShare/新浪基金历史,2026-09-04T01:02:29.548814+08:00
508028,2024-08-21,10.39,10.41,10.338,10.393,1892759,none,AKShare/新浪基金历史,2026-09-04T01:02:29.548814+08:00
508028,2024-08-22,10.4,10.4,10.331,10.379,690591,none,AKShare/新浪基金历史,2026-09-04T01:02:29.548814+08:00
508028,2024-08-23,10.388,10.404,10.368,10.368,1583595,none,AKShare/新浪基金历史,2026-09-04T01:02:29.548814+08:00
508028,2024-08-26,10.368,10.41,10.337,10.36,939448,none,AKShare/新浪基金历史,2026-09-04T01:02:29.548814+08:00
508028,2024-08-27,10.372,10.399,10.339,10.362,1444728,none,AKShare/新浪基金历史,2026-09-04T01:02:29.548814+08:00
508028,2024-08-28,10.368,10.42,10.33,10.37,1236903,none,AKShare/新浪基金历史,2026-09-04T01:02:29.548814+08:00
508028,2024-08-29,10.39,10.4,10.325,10.387,1447502,none,AKShare/新浪基金历史,2026-09-04T01:02:29.548814+08:00
508028,2024-08-30,10.385,10.395,10.304,10.361,1656874,none,AKShare/新浪基金历史,2026-09-04T01:02:29.548814+08:00
508028,2024-09-02,10.33,10.388,10.33,10.344,1806841,none,AKShare/新浪基金历史,2026-09-04T01:02:29.548814+08:00
508028,2024-09-03,10.343,10.35,10.295,10.338,876072,none,AKShare/新浪基金历史,2026-09-04T01:02:29.548814+08:00
508028,2024-09-04,10.329,10.358,10.301,10.344,1090035,none,AKShare/新浪基金历史,2026-09-04T01:02:29.548814+08:00
508028,2024-09-05,10.3,10.348,10.3,10.344,1569984,none,AKShare/新浪基金历史,2026-09-04T01:02:29.548814+08:00
508028,2024-09-06,10.33,10.377,10.281,10.337,1475801,none,AKShare/新浪基金历史,2026-09-04T01:02:29.548814+08:00
508028,2024-09-09,10.337,10.337,10.27,10.311,1102907,none,AKShare/新浪基金历史,2026-09-04T01:02:29.548814+08:00
508028,2024-09-10,10.311,10.321,10.191,10.226,1810288,none,AKShare/新浪基金历史,2026-09-04T01:02:29.548814+08:00
508028,2024-09-11,10.227,10.227,10.18,10.191,955162,none,AKShare/新浪基金历史,2026-09-04T01:02:29.548814+08:00
508028,2024-09-12,10.188,10.219,10.146,10.188,1494902,none,AKShare/新浪基金历史,2026-09-04T01:02:29.548814+08:00
508028,2024-09-13,10.192,10.202,10.16,10.186,1285531,none,AKShare/新浪基金历史,2026-09-04T01:02:29.548814+08:00
508028,2024-09-18,10.186,10.215,10.131,10.14,1839768,none,AKShare/新浪基金历史,2026-09-04T01:02:29.548814+08:00
508028,2024-09-19,10.169,10.23,10.151,10.228,1840531,none,AKShare/新浪基金历史,2026-09-04T01:02:29.548814+08:00
508028,2024-09-20,10.228,10.24,10.081,10.186,1623467,none,AKShare/新浪基金历史,2026-09-04T01:02:29.548814+08:00
508028,2024-09-23,10.186,10.196,10.087,10.12,2626951,none,AKShare/新浪基金历史,2026-09-04T01:02:29.548814+08:00
508028,2024-09-24,10.062,10.068,9.949,10.041,2295043,none,AKShare/新浪基金历史,2026-09-04T01:02:29.548814+08:00
508028,2024-09-25,10.055,10.16,9.97,10.16,2095160,none,AKShare/新浪基金历史,2026-09-04T01:02:29.548814+08:00
508028,2024-09-26,10.16,10.198,10.102,10.195,1553661,none,AKShare/新浪基金历史,2026-09-04T01:02:29.548814+08:00
508028,2024-09-27,10.13,10.16,10.101,10.15,139092,none,AKShare/新浪基金历史,2026-09-04T01:02:29.548814+08:00
508028,2024-09-30,10.149,10.149,9.942,10.09,1492065,none,AKShare/新浪基金历史,2026-09-04T01:02:29.548814+08:00
508028,2024-10-08,10.09,10.09,9.9,10.054,1459507,none,AKShare/新浪基金历史,2026-09-04T01:02:29.548814+08:00
508028,2024-10-09,9.97,10.08,9.97,10.079,1404745,none,AKShare/新浪基金历史,2026-09-04T01:02:29.548814+08:00
508028,2024-10-10,10.1,10.18,10.08,10.139,2434818,none,AKShare/新浪基金历史,2026-09-04T01:02:29.548814+08:00
508028,2024-10-11,10.08,10.18,10.061,10.129,1199032,none,AKShare/新浪基金历史,2026-09-04T01:02:29.548814+08:00
508028,2024-10-14,10.129,10.151,10.04,10.055,1338806,none,AKShare/新浪基金历史,2026-09-04T01:02:29.548814+08:00
508028,2024-10-15,10.048,10.085,10.0,10.032,1797790,none,AKShare/新浪基金历史,2026-09-04T01:02:29.548814+08:00
508028,2024-10-16,10.029,10.06,10.002,10.035,1628971,none,AKShare/新浪基金历史,2026-09-04T01:02:29.548814+08:00
508028,2024-10-17,9.995,10.059,9.995,10.031,2027073,none,AKShare/新浪基金历史,2026-09-04T01:02:29.548814+08:00
508028,2024-10-18,10.0,10.115,10.0,10.091,1851229,none,AKShare/新浪基金历史,2026-09-04T01:02:29.548814+08:00
508028,2024-10-21,10.115,10.131,10.01,10.052,542824,none,AKShare/新浪基金历史,2026-09-04T01:02:29.548814+08:00
508028,2024-10-22,10.052,10.054,10.0,10.048,1730771,none,AKShare/新浪基金历史,2026-09-04T01:02:29.548814+08:00
508028,2024-10-23,10.01,10.045,9.99,9.999,1024225,none,AKShare/新浪基金历史,2026-09-04T01:02:29.548814+08:00
508028,2024-10-24,9.999,10.017,9.983,10.0,1993248,none,AKShare/新浪基金历史,2026-09-04T01:02:29.548814+08:00
508028,2024-10-25,10.02,10.02,10.0,10.008,1811226,none,AKShare/新浪基金历史,2026-09-04T01:02:29.548814+08:00
508028,2024-10-28,10.012,10.038,9.981,10.015,1320752,none,AKShare/新浪基金历史,2026-09-04T01:02:29.548814+08:00
508028,2024-10-29,10.016,10.026,9.991,10.015,793927,none,AKShare/新浪基金历史,2026-09-04T01:02:29.548814+08:00
508028,2024-10-30,10.014,10.044,10.0,10.023,540127,none,AKShare/新浪基金历史,2026-09-04T01:02:29.548814+08:00
508028,2024-10-31,10.023,10.026,9.997,10.011,1463490,none,AKShare/新浪基金历史,2026-09-04T01:02:29.548814+08:00
508028,2024-11-01,10.011,10.045,10.005,10.016,1199527,none,AKShare/新浪基金历史,2026-09-04T01:02:29.548814+08:00
508028,2024-11-04,10.023,10.036,10.002,10.035,1134001,none,AKShare/新浪基金历史,2026-09-04T01:02:29.548814+08:00
508028,2024-11-05,10.035,10.054,10.025,10.04,1221863,none,AKShare/新浪基金历史,2026-09-04T01:02:29.548814+08:00
508028,2024-11-06,10.04,10.074,10.039,10.067,1878856,none,AKShare/新浪基金历史,2026-09-04T01:02:29.548814+08:00
508028,2024-11-07,10.118,10.118,10.034,10.045,1738815,none,AKShare/新浪基金历史,2026-09-04T01:02:29.548814+08:00
508028,2024-11-08,10.047,10.066,10.006,10.045,896739,none,AKShare/新浪基金历史,2026-09-04T01:02:29.548814+08:00
508028,2024-11-11,10.045,10.118,10.037,10.106,1760925,none,AKShare/新浪基金历史,2026-09-04T01:02:29.548814+08:00
508028,2024-11-12,10.066,10.166,10.066,10.12,700290,none,AKShare/新浪基金历史,2026-09-04T01:02:29.548814+08:00
508028,2024-11-13,10.12,10.18,10.08,10.129,1247264,none,AKShare/新浪基金历史,2026-09-04T01:02:29.548814+08:00
508028,2024-11-14,10.13,10.2,10.108,10.125,1003536,none,AKShare/新浪基金历史,2026-09-04T01:02:29.548814+08:00
508028,2024-11-15,10.157,10.18,10.079,10.131,7955630,none,AKShare/新浪基金历史,2026-09-04T01:02:29.548814+08:00
508028,2024-11-18,10.12,10.158,10.031,10.081,1741354,none,AKShare/新浪基金历史,2026-09-04T01:02:29.548814+08:00
508028,2024-11-19,10.08,10.121,10.041,10.084,1515510,none,AKShare/新浪基金历史,2026-09-04T01:02:29.548814+08:00
508028,2024-11-20,10.05,10.148,10.035,10.073,1268165,none,AKShare/新浪基金历史,2026-09-04T01:02:29.548814+08:00
508028,2024-11-21,10.073,10.077,10.046,10.053,1615082,none,AKShare/新浪基金历史,2026-09-04T01:02:29.548814+08:00
508028,2024-11-22,10.054,10.078,10.035,10.055,2570959,none,AKShare/新浪基金历史,2026-09-04T01:02:29.548814+08:00
508028,2024-11-25,10.056,10.059,10.035,10.047,1410789,none,AKShare/新浪基金历史,2026-09-04T01:02:29.548814+08:00
508028,2024-11-26,10.1,10.11,10.032,10.067,1473918,none,AKShare/新浪基金历史,2026-09-04T01:02:29.548814+08:00
508028,2024-11-27,10.067,10.067,10.037,10.043,1695542,none,AKShare/新浪基金历史,2026-09-04T01:02:29.548814+08:00
508028,2024-11-28,10.043,10.099,10.035,10.05,1348319,none,AKShare/新浪基金历史,2026-09-04T01:02:29.548814+08:00
508028,2024-11-29,10.05,10.068,10.04,10.052,1740951,none,AKShare/新浪基金历史,2026-09-04T01:02:29.548814+08:00
508028,2024-12-02,10.052,10.137,10.052,10.134,1826764,none,AKShare/新浪基金历史,2026-09-04T01:02:29.548814+08:00
508028,2024-12-03,10.1,10.205,10.1,10.197,1445281,none,AKShare/新浪基金历史,2026-09-04T01:02:29.548814+08:00
508028,2024-12-04,10.199,10.21,10.15,10.187,1993567,none,AKShare/新浪基金历史,2026-09-04T01:02:29.548814+08:00
508028,2024-12-05,10.189,10.189,10.091,10.115,3751020,none,AKShare/新浪基金历史,2026-09-04T01:02:29.548814+08:00
508028,2024-12-06,10.084,10.139,10.084,10.131,3547196,none,AKShare/新浪基金历史,2026-09-04T01:02:29.548814+08:00
508028,2024-12-09,10.124,10.154,10.124,10.144,1513824,none,AKShare/新浪基金历史,2026-09-04T01:02:29.548814+08:00
508028,2024-12-10,10.144,10.28,10.12,10.263,2742236,none,AKShare/新浪基金历史,2026-09-04T01:02:29.548814+08:00
508028,2024-12-11,10.265,10.458,10.265,10.44,3261230,none,AKShare/新浪基金历史,2026-09-04T01:02:29.548814+08:00
508028,2024-12-12,10.447,10.453,10.366,10.45,4488937,none,AKShare/新浪基金历史,2026-09-04T01:02:29.548814+08:00
508028,2024-12-13,10.454,10.469,10.436,10.451,1521853,none,AKShare/新浪基金历史,2026-09-04T01:02:29.548814+08:00
508028,2024-12-16,10.451,10.579,10.451,10.551,1132486,none,AKShare/新浪基金历史,2026-09-04T01:02:29.548814+08:00
508028,2024-12-17,10.551,10.65,10.511,10.529,1923510,none,AKShare/新浪基金历史,2026-09-04T01:02:29.548814+08:00
508028,2024-12-18,10.519,10.628,10.331,10.453,1470165,none,AKShare/新浪基金历史,2026-09-04T01:02:29.548814+08:00
508028,2024-12-19,10.219,10.219,10.077,10.117,966981,none,AKShare/新浪基金历史,2026-09-04T01:02:29.548814+08:00
508028,2024-12-20,10.116,10.205,10.116,10.146,1505074,none,AKShare/新浪基金历史,2026-09-04T01:02:29.548814+08:00
508028,2024-12-23,10.141,10.29,10.141,10.185,1956229,none,AKShare/新浪基金历史,2026-09-04T01:02:29.548814+08:00
508028,2024-12-24,10.185,10.263,10.147,10.16,1169701,none,AKShare/新浪基金历史,2026-09-04T01:02:29.548814+08:00
508028,2024-12-25,10.161,10.199,10.139,10.156,1647948,none,AKShare/新浪基金历史,2026-09-04T01:02:29.548814+08:00
508028,2024-12-26,10.189,10.191,10.154,10.162,1234413,none,AKShare/新浪基金历史,2026-09-04T01:02:29.548814+08:00
508028,2024-12-27,10.163,10.248,10.141,10.15,2352980,none,AKShare/新浪基金历史,2026-09-04T01:02:29.548814+08:00
508028,2024-12-30,10.149,10.216,10.149,10.196,1602950,none,AKShare/新浪基金历史,2026-09-04T01:02:29.548814+08:00
508028,2024-12-31,10.204,10.294,9.95,10.021,1051404,none,AKShare/新浪基金历史,2026-09-04T01:02:29.548814+08:00
508028,2025-01-02,10.119,10.266,10.115,10.248,1141679,none,AKShare/新浪基金历史,2026-09-04T01:02:29.548814+08:00
508028,2025-01-03,10.251,10.5,10.251,10.437,2177086,none,AKShare/新浪基金历史,2026-09-04T01:02:29.548814+08:00
508028,2025-01-06,10.437,10.62,10.437,10.601,2952152,none,AKShare/新浪基金历史,2026-09-04T01:02:29.548814+08:00
508028,2025-01-07,10.66,10.706,10.47,10.698,1639292,none,AKShare/新浪基金历史,2026-09-04T01:02:29.548814+08:00
508028,2025-01-08,10.698,10.821,10.561,10.818,6199009,none,AKShare/新浪基金历史,2026-09-04T01:02:29.548814+08:00
508028,2025-01-09,10.818,10.855,10.788,10.815,2072044,none,AKShare/新浪基金历史,2026-09-04T01:02:29.548814+08:00
508028,2025-01-10,10.8,10.923,10.596,10.855,1510088,none,AKShare/新浪基金历史,2026-09-04T01:02:29.548814+08:00
508028,2025-01-13,10.815,10.837,10.744,10.791,2584249,none,AKShare/新浪基金历史,2026-09-04T01:02:29.548814+08:00
508028,2025-01-14,10.751,10.836,10.576,10.695,1727366,none,AKShare/新浪基金历史,2026-09-04T01:02:29.548814+08:00
508028,2025-01-15,10.694,10.753,10.59,10.746,2358092,none,AKShare/新浪基金历史,2026-09-04T01:02:29.548814+08:00
508028,2025-01-16,10.754,10.757,10.68,10.739,1400412,none,AKShare/新浪基金历史,2026-09-04T01:02:29.548814+08:00
508028,2025-01-17,10.73,10.73,10.641,10.728,811469,none,AKShare/新浪基金历史,2026-09-04T01:02:29.548814+08:00
508028,2025-01-20,10.688,10.727,10.599,10.72,1552225,none,AKShare/新浪基金历史,2026-09-04T01:02:29.548814+08:00
508028,2025-01-21,10.72,10.79,10.645,10.657,1932181,none,AKShare/新浪基金历史,2026-09-04T01:02:29.548814+08:00
508028,2025-01-22,10.656,10.92,10.655,10.765,1309831,none,AKShare/新浪基金历史,2026-09-04T01:02:29.548814+08:00
508028,2025-01-23,10.774,10.9,10.725,10.788,1333923,none,AKShare/新浪基金历史,2026-09-04T01:02:29.548814+08:00
508028,2025-01-24,10.784,10.923,10.777,10.879,4340707,none,AKShare/新浪基金历史,2026-09-04T01:02:29.548814+08:00
508028,2025-01-27,10.89,11.244,10.89,11.13,409649,none,AKShare/新浪基金历史,2026-09-04T01:02:29.548814+08:00
508028,2025-02-05,11.11,11.352,10.98,11.309,1545542,none,AKShare/新浪基金历史,2026-09-04T01:02:29.548814+08:00
508028,2025-02-06,11.31,11.4,11.18,11.24,657081,none,AKShare/新浪基金历史,2026-09-04T01:02:29.548814+08:00
508028,2025-02-07,11.255,11.305,11.18,11.234,1209664,none,AKShare/新浪基金历史,2026-09-04T01:02:29.548814+08:00
508028,2025-02-10,11.252,11.252,11.177,11.246,2058023,none,AKShare/新浪基金历史,2026-09-04T01:02:29.548814+08:00
508028,2025-02-11,11.24,11.263,11.21,11.24,3331120,none,AKShare/新浪基金历史,2026-09-04T01:02:29.548814+08:00
508028,2025-02-12,11.239,11.299,11.181,11.235,2031737,none,AKShare/新浪基金历史,2026-09-04T01:02:29.548814+08:00
508028,2025-02-13,11.235,11.274,10.95,11.0,1335215,none,AKShare/新浪基金历史,2026-09-04T01:02:29.548814+08:00
508028,2025-02-14,10.865,11.12,10.865,11.113,2050776,none,AKShare/新浪基金历史,2026-09-04T01:02:29.548814+08:00
508028,2025-02-17,11.113,11.265,11.113,11.215,1830865,none,AKShare/新浪基金历史,2026-09-04T01:02:29.548814+08:00
508028,2025-02-18,11.215,11.26,11.081,11.125,3038330,none,AKShare/新浪基金历史,2026-09-04T01:02:29.548814+08:00
508028,2025-02-19,11.125,11.189,11.0,11.072,1743948,none,AKShare/新浪基金历史,2026-09-04T01:02:29.548814+08:00
508028,2025-02-20,11.032,11.071,10.98,11.01,1710058,none,AKShare/新浪基金历史,2026-09-04T01:02:29.548814+08:00
508028,2025-02-21,11.01,11.101,10.968,11.0,3626116,none,AKShare/新浪基金历史,2026-09-04T01:02:29.548814+08:00
508028,2025-02-24,10.998,11.003,10.854,10.886,1464137,none,AKShare/新浪基金历史,2026-09-04T01:02:29.548814+08:00
508028,2025-02-25,10.909,10.95,10.77,10.804,2816355,none,AKShare/新浪基金历史,2026-09-04T01:02:29.548814+08:00
508028,2025-02-26,10.78,10.842,10.78,10.817,1965754,none,AKShare/新浪基金历史,2026-09-04T01:02:29.548814+08:00
508028,2025-02-27,10.817,10.823,10.65,10.679,2460058,none,AKShare/新浪基金历史,2026-09-04T01:02:29.548814+08:00
508028,2025-02-28,10.679,10.684,10.55,10.659,2994954,none,AKShare/新浪基金历史,2026-09-04T01:02:29.548814+08:00
508028,2025-03-03,10.699,10.98,10.615,10.968,2571091,none,AKShare/新浪基金历史,2026-09-04T01:02:29.548814+08:00
508028,2025-03-04,10.97,11.013,10.9,10.98,2335699,none,AKShare/新浪基金历史,2026-09-04T01:02:29.548814+08:00
508028,2025-03-05,10.98,10.984,10.86,10.89,2381609,none,AKShare/新浪基金历史,2026-09-04T01:02:29.548814+08:00
508028,2025-03-06,10.86,10.904,10.841,10.9,2731942,none,AKShare/新浪基金历史,2026-09-04T01:02:29.548814+08:00
508028,2025-03-07,10.9,10.929,10.7,10.928,1738044,none,AKShare/新浪基金历史,2026-09-04T01:02:29.548814+08:00
508028,2025-03-10,10.888,10.928,10.86,10.922,2053947,none,AKShare/新浪基金历史,2026-09-04T01:02:29.548814+08:00
508028,2025-03-11,10.922,10.922,10.801,10.883,1359002,none,AKShare/新浪基金历史,2026-09-04T01:02:29.548814+08:00
508028,2025-03-12,10.92,10.92,10.812,10.879,2262814,none,AKShare/新浪基金历史,2026-09-04T01:02:29.548814+08:00
508028,2025-03-13,10.88,10.919,10.811,10.918,2797762,none,AKShare/新浪基金历史,2026-09-04T01:02:29.548814+08:00
508028,2025-03-14,10.917,10.921,10.843,10.899,1456857,none,AKShare/新浪基金历史,2026-09-04T01:02:29.548814+08:00
508028,2025-03-17,10.899,10.94,10.848,10.899,1587991,none,AKShare/新浪基金历史,2026-09-04T01:02:29.548814+08:00
508028,2025-03-18,10.936,11.062,10.8,11.014,1967427,none,AKShare/新浪基金历史,2026-09-04T01:02:29.548814+08:00
508028,2025-03-19,11.014,11.1,10.96,11.1,1950474,none,AKShare/新浪基金历史,2026-09-04T01:02:29.548814+08:00
508028,2025-03-20,11.1,11.133,11.0,11.098,2516318,none,AKShare/新浪基金历史,2026-09-04T01:02:29.548814+08:00
508028,2025-03-21,11.096,11.096,10.983,11.05,1923549,none,AKShare/新浪基金历史,2026-09-04T01:02:29.548814+08:00
508028,2025-03-24,11.01,11.065,10.94,11.006,2566176,none,AKShare/新浪基金历史,2026-09-04T01:02:29.548814+08:00
508028,2025-03-25,11.006,11.082,11.005,11.055,3354846,none,AKShare/新浪基金历史,2026-09-04T01:02:29.548814+08:00
508028,2025-03-26,11.055,11.099,11.03,11.033,1806386,none,AKShare/新浪基金历史,2026-09-04T01:02:29.548814+08:00
508028,2025-03-27,11.05,11.053,11.03,11.041,2810166,none,AKShare/新浪基金历史,2026-09-04T01:02:29.548814+08:00
508028,2025-03-28,11.002,11.123,10.986,11.102,894155,none,AKShare/新浪基金历史,2026-09-04T01:02:29.548814+08:00
508028,2025-03-31,11.122,11.204,11.08,11.083,2566463,none,AKShare/新浪基金历史,2026-09-04T01:02:29.548814+08:00
508028,2025-04-01,11.074,11.13,11.011,11.031,2923959,none,AKShare/新浪基金历史,2026-09-04T01:02:29.548814+08:00
508028,2025-04-02,11.031,11.19,11.031,11.16,2128048,none,AKShare/新浪基金历史,2026-09-04T01:02:29.548814+08:00
508028,2025-04-03,10.638,10.88,10.6,10.848,1627107,none,AKShare/新浪基金历史,2026-09-04T01:02:29.548814+08:00
508028,2025-04-07,10.848,10.877,10.7,10.877,1678643,none,AKShare/新浪基金历史,2026-09-04T01:02:29.548814+08:00
508028,2025-04-08,10.877,10.896,10.82,10.868,1593522,none,AKShare/新浪基金历史,2026-09-04T01:02:29.548814+08:00
508028,2025-04-09,10.868,10.868,10.8,10.821,663596,none,AKShare/新浪基金历史,2026-09-04T01:02:29.548814+08:00
508028,2025-04-10,10.821,10.868,10.74,10.766,1888123,none,AKShare/新浪基金历史,2026-09-04T01:02:29.548814+08:00
508028,2025-04-11,10.726,10.808,10.726,10.795,1514549,none,AKShare/新浪基金历史,2026-09-04T01:02:29.548814+08:00
508028,2025-04-14,10.8,10.8,10.75,10.76,1889217,none,AKShare/新浪基金历史,2026-09-04T01:02:29.548814+08:00
508028,2025-04-15,10.764,10.765,10.699,10.741,2171202,none,AKShare/新浪基金历史,2026-09-04T01:02:29.548814+08:00
508028,2025-04-16,10.724,10.73,10.695,10.708,2659403,none,AKShare/新浪基金历史,2026-09-04T01:02:29.548814+08:00
508028,2025-04-17,10.708,10.767,10.7,10.724,2562764,none,AKShare/新浪基金历史,2026-09-04T01:02:29.548814+08:00
508028,2025-04-18,10.726,10.728,10.709,10.717,1933708,none,AKShare/新浪基金历史,2026-09-04T01:02:29.548814+08:00
508028,2025-04-21,10.717,10.738,10.595,10.609,2029867,none,AKShare/新浪基金历史,2026-09-04T01:02:29.548814+08:00
508028,2025-04-22,10.608,10.608,10.429,10.488,2923314,none,AKShare/新浪基金历史,2026-09-04T01:02:29.548814+08:00
508028,2025-04-23,10.495,10.56,10.488,10.518,2509202,none,AKShare/新浪基金历史,2026-09-04T01:02:29.548814+08:00
508028,2025-04-24,10.524,10.602,10.501,10.523,994135,none,AKShare/新浪基金历史,2026-09-04T01:02:29.548814+08:00
508028,2025-04-25,10.514,10.607,10.5,10.55,2190910,none,AKShare/新浪基金历史,2026-09-04T01:02:29.548814+08:00
508028,2025-04-28,10.554,10.58,10.53,10.557,2301932,none,AKShare/新浪基金历史,2026-09-04T01:02:29.548814+08:00
508028,2025-04-29,10.557,10.59,10.53,10.579,2204093,none,AKShare/新浪基金历史,2026-09-04T01:02:29.548814+08:00
508028,2025-04-30,10.582,10.659,10.58,10.62,2603022,none,AKShare/新浪基金历史,2026-09-04T01:02:29.548814+08:00
508028,2025-05-06,10.621,10.638,10.6,10.624,686639,none,AKShare/新浪基金历史,2026-09-04T01:02:29.548814+08:00
508028,2025-05-07,10.62,10.659,10.58,10.64,1295421,none,AKShare/新浪基金历史,2026-09-04T01:02:29.548814+08:00
508028,2025-05-08,10.639,10.666,10.639,10.663,1922753,none,AKShare/新浪基金历史,2026-09-04T01:02:29.548814+08:00
508028,2025-05-09,10.663,10.706,10.663,10.702,1801541,none,AKShare/新浪基金历史,2026-09-04T01:02:29.548814+08:00
508028,2025-05-12,10.685,10.75,10.68,10.723,1668248,none,AKShare/新浪基金历史,2026-09-04T01:02:29.548814+08:00
508028,2025-05-13,10.723,10.76,10.595,10.677,1960492,none,AKShare/新浪基金历史,2026-09-04T01:02:29.548814+08:00
508028,2025-05-14,10.676,10.729,10.646,10.71,1752630,none,AKShare/新浪基金历史,2026-09-04T01:02:29.548814+08:00
508028,2025-05-15,10.67,10.729,10.601,10.677,206549,none,AKShare/新浪基金历史,2026-09-04T01:02:29.548814+08:00
508028,2025-05-16,10.673,10.72,10.64,10.641,1730527,none,AKShare/新浪基金历史,2026-09-04T01:02:29.548814+08:00
508028,2025-05-19,10.643,10.659,10.62,10.622,466553,none,AKShare/新浪基金历史,2026-09-04T01:02:29.548814+08:00
508028,2025-05-20,10.583,10.7,10.583,10.7,3539144,none,AKShare/新浪基金历史,2026-09-04T01:02:29.548814+08:00
508028,2025-05-21,10.7,10.81,10.66,10.801,2725584,none,AKShare/新浪基金历史,2026-09-04T01:02:29.548814+08:00
508028,2025-05-22,10.801,10.815,10.787,10.802,2492014,none,AKShare/新浪基金历史,2026-09-04T01:02:29.548814+08:00
508028,2025-05-23,10.806,10.84,10.786,10.812,1011610,none,AKShare/新浪基金历史,2026-09-04T01:02:29.548814+08:00
508028,2025-05-26,10.803,10.87,10.802,10.869,1052224,none,AKShare/新浪基金历史,2026-09-04T01:02:29.548814+08:00
508028,2025-05-27,10.869,10.898,10.861,10.869,1698111,none,AKShare/新浪基金历史,2026-09-04T01:02:29.548814+08:00
508028,2025-05-28,10.898,10.899,10.823,10.868,1836375,none,AKShare/新浪基金历史,2026-09-04T01:02:29.548814+08:00
508028,2025-05-29,10.874,10.878,10.828,10.871,1222573,none,AKShare/新浪基金历史,2026-09-04T01:02:29.548814+08:00
508028,2025-05-30,10.871,10.9,10.855,10.88,858673,none,AKShare/新浪基金历史,2026-09-04T01:02:29.548814+08:00
508028,2025-06-03,10.891,10.909,10.87,10.892,1327008,none,AKShare/新浪基金历史,2026-09-04T01:02:29.548814+08:00
508028,2025-06-04,10.919,10.919,10.888,10.888,284516,none,AKShare/新浪基金历史,2026-09-04T01:02:29.548814+08:00
508028,2025-06-05,10.889,10.905,10.888,10.892,589892,none,AKShare/新浪基金历史,2026-09-04T01:02:29.548814+08:00
508028,2025-06-06,10.899,10.981,10.899,10.94,262343,none,AKShare/新浪基金历史,2026-09-04T01:02:29.548814+08:00
508028,2025-06-09,10.984,11.025,10.975,11.004,2133778,none,AKShare/新浪基金历史,2026-09-04T01:02:29.548814+08:00
508028,2025-06-10,11.019,11.027,10.933,10.969,1341944,none,AKShare/新浪基金历史,2026-09-04T01:02:29.548814+08:00
508028,2025-06-11,10.948,11.034,10.914,10.97,1163335,none,AKShare/新浪基金历史,2026-09-04T01:02:29.548814+08:00
508028,2025-06-12,10.969,11.013,10.928,10.946,725131,none,AKShare/新浪基金历史,2026-09-04T01:02:29.548814+08:00
508028,2025-06-13,10.945,10.999,10.893,10.896,703684,none,AKShare/新浪基金历史,2026-09-04T01:02:29.548814+08:00
508028,2025-06-16,10.895,10.938,10.893,10.914,1113085,none,AKShare/新浪基金历史,2026-09-04T01:02:29.548814+08:00
508028,2025-06-17,10.916,10.951,10.855,10.889,3039123,none,AKShare/新浪基金历史,2026-09-04T01:02:29.548814+08:00
508028,2025-06-18,10.864,10.9,10.842,10.855,2099508,none,AKShare/新浪基金历史,2026-09-04T01:02:29.548814+08:00
508028,2025-06-19,10.879,10.88,10.804,10.873,3003691,none,AKShare/新浪基金历史,2026-09-04T01:02:29.548814+08:00
508028,2025-06-20,10.874,10.98,10.814,10.88,1267357,none,AKShare/新浪基金历史,2026-09-04T01:02:29.548814+08:00
508028,2025-06-23,10.88,10.888,10.842,10.883,1295113,none,AKShare/新浪基金历史,2026-09-04T01:02:29.548814+08:00
508028,2025-06-24,10.888,10.927,10.768,10.882,651344,none,AKShare/新浪基金历史,2026-09-04T01:02:29.548814+08:00
508028,2025-06-25,10.888,10.95,10.845,10.936,1040787,none,AKShare/新浪基金历史,2026-09-04T01:02:29.548814+08:00
508028,2025-06-26,10.936,10.992,10.896,10.945,1005924,none,AKShare/新浪基金历史,2026-09-04T01:02:29.548814+08:00
508028,2025-06-27,10.988,10.988,10.881,10.889,1034752,none,AKShare/新浪基金历史,2026-09-04T01:02:29.548814+08:00
508028,2025-06-30,10.9,10.953,10.848,10.951,694593,none,AKShare/新浪基金历史,2026-09-04T01:02:29.548814+08:00
508028,2025-07-01,10.907,10.938,10.852,10.883,2583127,none,AKShare/新浪基金历史,2026-09-04T01:02:29.548814+08:00
508028,2025-07-02,10.883,10.969,10.843,10.912,830714,none,AKShare/新浪基金历史,2026-09-04T01:02:29.548814+08:00
508028,2025-07-03,10.956,10.974,10.889,10.903,2352043,none,AKShare/新浪基金历史,2026-09-04T01:02:29.548814+08:00
508028,2025-07-04,10.904,10.965,10.903,10.92,1436499,none,AKShare/新浪基金历史,2026-09-04T01:02:29.548814+08:00
508028,2025-07-07,10.91,10.98,10.888,10.945,771879,none,AKShare/新浪基金历史,2026-09-04T01:02:29.548814+08:00
508028,2025-07-08,10.92,10.921,10.888,10.906,1728003,none,AKShare/新浪基金历史,2026-09-04T01:02:29.548814+08:00
508028,2025-07-09,10.92,10.943,10.885,10.919,2631448,none,AKShare/新浪基金历史,2026-09-04T01:02:29.548814+08:00
508028,2025-07-10,10.927,10.927,10.88,10.918,1338164,none,AKShare/新浪基金历史,2026-09-04T01:02:29.548814+08:00
508028,2025-07-11,10.881,10.92,10.878,10.913,1410547,none,AKShare/新浪基金历史,2026-09-04T01:02:29.548814+08:00
508028,2025-07-14,10.896,10.919,10.858,10.913,793856,none,AKShare/新浪基金历史,2026-09-04T01:02:29.548814+08:00
508028,2025-07-15,10.918,10.918,10.89,10.896,2164263,none,AKShare/新浪基金历史,2026-09-04T01:02:29.548814+08:00
508028,2025-07-16,10.894,10.897,10.882,10.887,1819137,none,AKShare/新浪基金历史,2026-09-04T01:02:29.548814+08:00
508028,2025-07-17,10.887,10.92,10.847,10.869,1409416,none,AKShare/新浪基金历史,2026-09-04T01:02:29.548814+08:00
508028,2025-07-18,10.864,10.9,10.827,10.86,1776734,none,AKShare/新浪基金历史,2026-09-04T01:02:29.548814+08:00
508028,2025-07-21,10.895,10.9,10.85,10.855,1272246,none,AKShare/新浪基金历史,2026-09-04T01:02:29.548814+08:00
508028,2025-07-22,10.857,10.89,10.812,10.84,1249659,none,AKShare/新浪基金历史,2026-09-04T01:02:29.548814+08:00
508028,2025-07-23,10.843,10.843,10.58,10.78,1908923,none,AKShare/新浪基金历史,2026-09-04T01:02:29.548814+08:00
508028,2025-07-24,10.736,10.759,10.681,10.733,2919851,none,AKShare/新浪基金历史,2026-09-04T01:02:29.548814+08:00
508028,2025-07-25,10.732,10.786,10.64,10.741,1267896,none,AKShare/新浪基金历史,2026-09-04T01:02:29.548814+08:00
508028,2025-07-28,10.732,10.82,10.671,10.819,2564988,none,AKShare/新浪基金历史,2026-09-04T01:02:29.548814+08:00
508028,2025-07-29,10.824,10.85,10.79,10.82,577416,none,AKShare/新浪基金历史,2026-09-04T01:02:29.548814+08:00
508028,2025-07-30,10.84,10.861,10.818,10.85,1716775,none,AKShare/新浪基金历史,2026-09-04T01:02:29.548814+08:00
508028,2025-07-31,10.864,10.88,10.85,10.86,1999822,none,AKShare/新浪基金历史,2026-09-04T01:02:29.548814+08:00
508028,2025-08-01,10.862,10.9,10.843,10.874,2445015,none,AKShare/新浪基金历史,2026-09-04T01:02:29.548814+08:00
508028,2025-08-04,10.874,10.899,10.86,10.889,1236799,none,AKShare/新浪基金历史,2026-09-04T01:02:29.548814+08:00
508028,2025-08-05,10.89,10.95,10.87,10.949,1612015,none,AKShare/新浪基金历史,2026-09-04T01:02:29.548814+08:00
508028,2025-08-06,10.949,10.98,10.944,10.95,1293800,none,AKShare/新浪基金历史,2026-09-04T01:02:29.548814+08:00
508028,2025-08-07,10.95,10.989,10.91,10.972,749577,none,AKShare/新浪基金历史,2026-09-04T01:02:29.548814+08:00
508028,2025-08-08,10.988,10.994,10.951,10.967,308286,none,AKShare/新浪基金历史,2026-09-04T01:02:29.548814+08:00
508028,2025-08-11,10.972,10.972,10.885,10.945,1704214,none,AKShare/新浪基金历史,2026-09-04T01:02:29.548814+08:00
508028,2025-08-12,10.901,10.934,10.891,10.898,1643695,none,AKShare/新浪基金历史,2026-09-04T01:02:29.548814+08:00
508028,2025-08-13,10.897,10.9,10.86,10.88,1299617,none,AKShare/新浪基金历史,2026-09-04T01:02:29.548814+08:00
508028,2025-08-14,10.861,10.88,10.845,10.871,2766624,none,AKShare/新浪基金历史,2026-09-04T01:02:29.548814+08:00
508028,2025-08-15,10.872,10.879,10.834,10.87,634569,none,AKShare/新浪基金历史,2026-09-04T01:02:29.548814+08:00
508028,2025-08-18,10.87,10.87,10.7,10.796,791149,none,AKShare/新浪基金历史,2026-09-04T01:02:29.548814+08:00
508028,2025-08-19,10.756,10.795,10.67,10.716,1039042,none,AKShare/新浪基金历史,2026-09-04T01:02:29.548814+08:00
508028,2025-08-20,10.716,10.83,10.691,10.799,1539736,none,AKShare/新浪基金历史,2026-09-04T01:02:29.548814+08:00
508028,2025-08-21,10.799,10.808,10.76,10.791,1574823,none,AKShare/新浪基金历史,2026-09-04T01:02:29.548814+08:00
508028,2025-08-22,10.791,10.831,10.784,10.809,1332276,none,AKShare/新浪基金历史,2026-09-04T01:02:29.548814+08:00
508028,2025-08-25,10.809,10.82,10.67,10.804,1718110,none,AKShare/新浪基金历史,2026-09-04T01:02:29.548814+08:00
508028,2025-08-26,10.804,10.868,10.767,10.848,1485964,none,AKShare/新浪基金历史,2026-09-04T01:02:29.548814+08:00
508028,2025-08-27,10.848,10.859,10.816,10.834,681554,none,AKShare/新浪基金历史,2026-09-04T01:02:29.548814+08:00
508028,2025-08-28,10.837,10.862,10.777,10.841,2974810,none,AKShare/新浪基金历史,2026-09-04T01:02:29.548814+08:00
508028,2025-08-29,10.841,10.841,10.81,10.836,1047543,none,AKShare/新浪基金历史,2026-09-04T01:02:29.548814+08:00
508028,2025-09-01,10.859,10.859,10.821,10.838,1652387,none,AKShare/新浪基金历史,2026-09-04T01:02:29.548814+08:00
508028,2025-09-02,10.838,10.9,10.804,10.86,1271036,none,AKShare/新浪基金历史,2026-09-04T01:02:29.548814+08:00
508028,2025-09-03,10.849,10.86,10.835,10.852,1648672,none,AKShare/新浪基金历史,2026-09-04T01:02:29.548814+08:00
508028,2025-09-04,10.876,10.95,10.821,10.941,1174953,none,AKShare/新浪基金历史,2026-09-04T01:02:29.548814+08:00
508028,2025-09-05,10.94,10.989,10.911,10.938,769104,none,AKShare/新浪基金历史,2026-09-04T01:02:29.548814+08:00
508028,2025-09-08,10.9,10.937,10.868,10.885,960300,none,AKShare/新浪基金历史,2026-09-04T01:02:29.548814+08:00
508028,2025-09-09,10.885,10.887,10.846,10.879,530115,none,AKShare/新浪基金历史,2026-09-04T01:02:29.548814+08:00
508028,2025-09-10,10.87,10.91,10.849,10.853,1016795,none,AKShare/新浪基金历史,2026-09-04T01:02:29.548814+08:00
508028,2025-09-11,10.815,10.877,10.815,10.866,991798,none,AKShare/新浪基金历史,2026-09-04T01:02:29.548814+08:00
508028,2025-09-12,10.868,10.877,10.826,10.86,1816468,none,AKShare/新浪基金历史,2026-09-04T01:02:29.548814+08:00
508028,2025-09-15,10.86,10.919,10.851,10.872,406796,none,AKShare/新浪基金历史,2026-09-04T01:02:29.548814+08:00
508028,2025-09-16,10.87,10.877,10.855,10.86,1660802,none,AKShare/新浪基金历史,2026-09-04T01:02:29.548814+08:00
508028,2025-09-17,10.859,10.911,10.85,10.88,1002818,none,AKShare/新浪基金历史,2026-09-04T01:02:29.548814+08:00
508028,2025-09-18,10.88,10.941,10.84,10.87,1123732,none,AKShare/新浪基金历史,2026-09-04T01:02:29.548814+08:00
508028,2025-09-19,10.869,10.915,10.86,10.908,918875,none,AKShare/新浪基金历史,2026-09-04T01:02:29.548814+08:00
508028,2025-09-22,10.908,10.97,10.873,10.95,1019697,none,AKShare/新浪基金历史,2026-09-04T01:02:29.548814+08:00
508028,2025-09-23,10.938,10.963,10.911,10.96,665189,none,AKShare/新浪基金历史,2026-09-04T01:02:29.548814+08:00
508028,2025-09-24,10.96,10.964,10.902,10.955,104444,none,AKShare/新浪基金历史,2026-09-04T01:02:29.548814+08:00
508028,2025-09-25,10.955,10.97,10.916,10.969,1014415,none,AKShare/新浪基金历史,2026-09-04T01:02:29.548814+08:00
508028,2025-09-26,10.98,11.032,10.965,11.015,1630716,none,AKShare/新浪基金历史,2026-09-04T01:02:29.548814+08:00
508028,2025-09-29,11.059,11.059,10.92,10.957,279475,none,AKShare/新浪基金历史,2026-09-04T01:02:29.548814+08:00
508028,2025-09-30,10.987,10.995,10.96,10.974,467495,none,AKShare/新浪基金历史,2026-09-04T01:02:29.548814+08:00
508028,2025-10-09,10.952,10.999,10.952,10.985,254364,none,AKShare/新浪基金历史,2026-09-04T01:02:29.548814+08:00
508028,2025-10-10,10.998,10.999,10.97,10.99,311425,none,AKShare/新浪基金历史,2026-09-04T01:02:29.548814+08:00
508028,2025-10-13,10.988,10.988,10.88,10.967,536612,none,AKShare/新浪基金历史,2026-09-04T01:02:29.548814+08:00
508028,2025-10-14,10.966,10.966,10.88,10.881,1063405,none,AKShare/新浪基金历史,2026-09-04T01:02:29.548814+08:00
508028,2025-10-15,10.88,10.906,10.865,10.87,509040,none,AKShare/新浪基金历史,2026-09-04T01:02:29.548814+08:00
508028,2025-10-16,10.863,10.866,10.78,10.855,1543568,none,AKShare/新浪基金历史,2026-09-04T01:02:29.548814+08:00
508028,2025-10-17,10.816,10.821,10.721,10.807,1618225,none,AKShare/新浪基金历史,2026-09-04T01:02:29.548814+08:00
508028,2025-10-20,10.775,10.839,10.767,10.794,721379,none,AKShare/新浪基金历史,2026-09-04T01:02:29.548814+08:00
508028,2025-10-21,10.78,10.78,10.49,10.643,3067813,none,AKShare/新浪基金历史,2026-09-04T01:02:29.548814+08:00
508028,2025-10-22,10.6,10.695,10.51,10.645,3764893,none,AKShare/新浪基金历史,2026-09-04T01:02:29.548814+08:00
508028,2025-10-23,10.606,10.752,10.606,10.75,2176958,none,AKShare/新浪基金历史,2026-09-04T01:02:29.548814+08:00
508028,2025-10-24,10.75,10.83,10.711,10.827,2398693,none,AKShare/新浪基金历史,2026-09-04T01:02:29.548814+08:00
508028,2025-10-27,10.82,10.879,10.732,10.819,884170,none,AKShare/新浪基金历史,2026-09-04T01:02:29.548814+08:00
508028,2025-10-28,10.82,10.86,10.755,10.797,2364031,none,AKShare/新浪基金历史,2026-09-04T01:02:29.548814+08:00
508028,2025-10-29,10.797,10.833,10.752,10.817,332425,none,AKShare/新浪基金历史,2026-09-04T01:02:29.548814+08:00
508028,2025-10-30,10.81,10.838,10.798,10.82,2889514,none,AKShare/新浪基金历史,2026-09-04T01:02:29.548814+08:00
508028,2025-10-31,10.856,10.856,10.758,10.794,1232025,none,AKShare/新浪基金历史,2026-09-04T01:02:29.548814+08:00
508028,2025-11-03,10.793,10.829,10.755,10.82,1334832,none,AKShare/新浪基金历史,2026-09-04T01:02:29.548814+08:00
508028,2025-11-04,10.82,10.848,10.714,10.752,416766,none,AKShare/新浪基金历史,2026-09-04T01:02:29.548814+08:00
508028,2025-11-05,10.754,10.801,10.712,10.787,1577623,none,AKShare/新浪基金历史,2026-09-04T01:02:29.548814+08:00
508028,2025-11-06,10.787,10.847,10.681,10.681,2146751,none,AKShare/新浪基金历史,2026-09-04T01:02:29.548814+08:00
508028,2025-11-07,10.68,10.799,10.617,10.799,1553616,none,AKShare/新浪基金历史,2026-09-04T01:02:29.548814+08:00
508028,2025-11-10,10.797,10.824,10.758,10.815,721117,none,AKShare/新浪基金历史,2026-09-04T01:02:29.548814+08:00
508028,2025-11-11,10.838,10.838,10.747,10.789,1146738,none,AKShare/新浪基金历史,2026-09-04T01:02:29.548814+08:00
508028,2025-11-12,10.788,10.84,10.782,10.814,746251,none,AKShare/新浪基金历史,2026-09-04T01:02:29.548814+08:00
508028,2025-11-13,10.809,10.857,10.77,10.798,260758,none,AKShare/新浪基金历史,2026-09-04T01:02:29.548814+08:00
508028,2025-11-14,10.839,10.839,10.759,10.808,1117138,none,AKShare/新浪基金历史,2026-09-04T01:02:29.548814+08:00
508028,2025-11-17,10.808,10.825,10.77,10.809,2189571,none,AKShare/新浪基金历史,2026-09-04T01:02:29.548814+08:00
508028,2025-11-18,10.825,10.838,10.75,10.784,1133047,none,AKShare/新浪基金历史,2026-09-04T01:02:29.548814+08:00
508028,2025-11-19,10.75,10.841,10.75,10.766,910749,none,AKShare/新浪基金历史,2026-09-04T01:02:29.548814+08:00
508028,2025-11-20,10.808,10.808,10.7,10.745,1335712,none,AKShare/新浪基金历史,2026-09-04T01:02:29.548814+08:00
508028,2025-11-21,10.786,10.797,10.693,10.744,1506941,none,AKShare/新浪基金历史,2026-09-04T01:02:29.548814+08:00
508028,2025-11-24,10.732,10.78,10.65,10.661,1936177,none,AKShare/新浪基金历史,2026-09-04T01:02:29.548814+08:00
508028,2025-11-25,10.691,10.749,10.629,10.736,2140551,none,AKShare/新浪基金历史,2026-09-04T01:02:29.548814+08:00
508028,2025-11-26,10.777,10.777,10.678,10.744,2951709,none,AKShare/新浪基金历史,2026-09-04T01:02:29.548814+08:00
508028,2025-11-27,10.784,10.784,10.674,10.688,1816214,none,AKShare/新浪基金历史,2026-09-04T01:02:29.548814+08:00
508028,2025-11-28,10.648,10.719,10.648,10.692,296502,none,AKShare/新浪基金历史,2026-09-04T01:02:29.548814+08:00
508028,2025-12-01,10.692,10.702,10.63,10.699,1071320,none,AKShare/新浪基金历史,2026-09-04T01:02:29.548814+08:00
508028,2025-12-02,10.66,10.705,10.659,10.699,66935,none,AKShare/新浪基金历史,2026-09-04T01:02:29.548814+08:00
508028,2025-12-03,10.66,10.749,10.66,10.695,119069,none,AKShare/新浪基金历史,2026-09-04T01:02:29.548814+08:00
508028,2025-12-04,10.676,10.7,10.641,10.661,701209,none,AKShare/新浪基金历史,2026-09-04T01:02:29.548814+08:00
508028,2025-12-05,10.621,10.675,10.621,10.626,1006414,none,AKShare/新浪基金历史,2026-09-04T01:02:29.548814+08:00
508028,2025-12-08,10.626,10.626,10.58,10.602,443632,none,AKShare/新浪基金历史,2026-09-04T01:02:29.548814+08:00
508028,2025-12-09,10.604,10.728,10.5,10.672,429120,none,AKShare/新浪基金历史,2026-09-04T01:02:29.548814+08:00
508028,2025-12-10,10.629,10.66,10.541,10.622,913410,none,AKShare/新浪基金历史,2026-09-04T01:02:29.548814+08:00
508028,2025-12-11,10.582,10.619,10.556,10.562,1486827,none,AKShare/新浪基金历史,2026-09-04T01:02:29.548814+08:00
508028,2025-12-12,10.56,10.562,10.496,10.524,1728665,none,AKShare/新浪基金历史,2026-09-04T01:02:29.548814+08:00
508028,2025-12-15,10.512,10.524,10.321,10.434,839764,none,AKShare/新浪基金历史,2026-09-04T01:02:29.548814+08:00
508028,2025-12-16,10.399,10.464,10.374,10.455,409241,none,AKShare/新浪基金历史,2026-09-04T01:02:29.548814+08:00
508028,2025-12-17,10.512,10.512,10.449,10.486,406823,none,AKShare/新浪基金历史,2026-09-04T01:02:29.548814+08:00
508028,2025-12-18,10.448,10.53,10.448,10.53,734459,none,AKShare/新浪基金历史,2026-09-04T01:02:29.548814+08:00
508028,2025-12-19,10.49,10.49,10.292,10.399,1672408,none,AKShare/新浪基金历史,2026-09-04T01:02:29.548814+08:00
508028,2025-12-22,10.359,10.401,10.193,10.215,1586830,none,AKShare/新浪基金历史,2026-09-04T01:02:29.548814+08:00
508028,2025-12-23,10.175,10.223,10.05,10.199,695945,none,AKShare/新浪基金历史,2026-09-04T01:02:29.548814+08:00
508028,2025-12-24,10.199,10.505,10.1,10.49,1733928,none,AKShare/新浪基金历史,2026-09-04T01:02:29.548814+08:00
508028,2025-12-25,10.476,10.501,10.45,10.493,1738396,none,AKShare/新浪基金历史,2026-09-04T01:02:29.548814+08:00
508028,2025-12-26,10.493,10.5,10.453,10.49,719277,none,AKShare/新浪基金历史,2026-09-04T01:02:29.548814+08:00
508028,2025-12-29,10.482,10.495,10.364,10.474,1671768,none,AKShare/新浪基金历史,2026-09-04T01:02:29.548814+08:00
508028,2025-12-30,10.48,10.509,10.452,10.474,604905,none,AKShare/新浪基金历史,2026-09-04T01:02:29.548814+08:00
508028,2025-12-31,10.353,10.353,10.241,10.245,903700,none,AKShare/新浪基金历史,2026-09-04T01:02:29.548814+08:00
508028,2026-01-05,10.245,10.4,10.237,10.29,762213,none,AKShare/新浪基金历史,2026-09-04T01:02:29.548814+08:00
508028,2026-01-06,10.25,10.392,10.228,10.391,1234851,none,AKShare/新浪基金历史,2026-09-04T01:02:29.548814+08:00
508028,2026-01-07,10.391,10.42,10.351,10.394,1099047,none,AKShare/新浪基金历史,2026-09-04T01:02:29.548814+08:00
508028,2026-01-08,10.395,10.395,10.35,10.379,501636,none,AKShare/新浪基金历史,2026-09-04T01:02:29.548814+08:00
508028,2026-01-09,10.379,10.405,10.057,10.385,1553266,none,AKShare/新浪基金历史,2026-09-04T01:02:29.548814+08:00
508028,2026-01-12,10.343,10.385,10.268,10.37,432594,none,AKShare/新浪基金历史,2026-09-04T01:02:29.548814+08:00
508028,2026-01-13,10.33,10.37,10.291,10.356,623644,none,AKShare/新浪基金历史,2026-09-04T01:02:29.548814+08:00
508028,2026-01-14,10.356,10.357,10.301,10.35,751672,none,AKShare/新浪基金历史,2026-09-04T01:02:29.548814+08:00
508028,2026-01-15,10.321,10.342,10.25,10.308,1712022,none,AKShare/新浪基金历史,2026-09-04T01:02:29.548814+08:00
508028,2026-01-16,10.308,10.308,10.25,10.279,1238333,none,AKShare/新浪基金历史,2026-09-04T01:02:29.548814+08:00
508028,2026-01-19,10.279,10.279,10.2,10.242,939805,none,AKShare/新浪基金历史,2026-09-04T01:02:29.548814+08:00
508028,2026-01-20,10.239,10.277,10.2,10.247,627092,none,AKShare/新浪基金历史,2026-09-04T01:02:29.548814+08:00
508028,2026-01-21,10.238,10.384,10.23,10.353,1456223,none,AKShare/新浪基金历史,2026-09-04T01:02:29.548814+08:00
508028,2026-01-22,10.353,10.46,10.345,10.424,1147580,none,AKShare/新浪基金历史,2026-09-04T01:02:29.548814+08:00
508028,2026-01-23,10.464,10.464,10.351,10.439,1008208,none,AKShare/新浪基金历史,2026-09-04T01:02:29.548814+08:00
508028,2026-01-26,10.439,10.439,10.336,10.429,296580,none,AKShare/新浪基金历史,2026-09-04T01:02:29.548814+08:00
508028,2026-01-27,10.429,10.491,10.292,10.458,1162531,none,AKShare/新浪基金历史,2026-09-04T01:02:29.548814+08:00
508028,2026-01-28,10.418,10.475,10.35,10.453,1459331,none,AKShare/新浪基金历史,2026-09-04T01:02:29.548814+08:00
508028,2026-01-29,10.458,10.629,10.4,10.602,1982384,none,AKShare/新浪基金历史,2026-09-04T01:02:29.548814+08:00
508028,2026-01-30,10.6,10.6,10.502,10.538,712653,none,AKShare/新浪基金历史,2026-09-04T01:02:29.548814+08:00
508028,2026-02-02,10.57,10.57,10.43,10.51,824635,none,AKShare/新浪基金历史,2026-09-04T01:02:29.548814+08:00
508028,2026-02-03,10.505,10.506,10.445,10.46,1476214,none,AKShare/新浪基金历史,2026-09-04T01:02:29.548814+08:00
508028,2026-02-04,10.459,10.497,10.421,10.483,708796,none,AKShare/新浪基金历史,2026-09-04T01:02:29.548814+08:00
508028,2026-02-05,10.483,10.514,10.423,10.494,478031,none,AKShare/新浪基金历史,2026-09-04T01:02:29.548814+08:00
508028,2026-02-06,10.514,10.514,10.46,10.49,835304,none,AKShare/新浪基金历史,2026-09-04T01:02:29.548814+08:00
508028,2026-02-09,10.45,10.485,10.402,10.454,594176,none,AKShare/新浪基金历史,2026-09-04T01:02:29.548814+08:00
508028,2026-02-10,10.45,10.45,10.401,10.437,523800,none,AKShare/新浪基金历史,2026-09-04T01:02:29.548814+08:00
508028,2026-02-11,10.4,10.448,10.374,10.441,960191,none,AKShare/新浪基金历史,2026-09-04T01:02:29.548814+08:00
508028,2026-02-12,10.401,10.47,10.39,10.391,557516,none,AKShare/新浪基金历史,2026-09-04T01:02:29.548814+08:00
508028,2026-02-13,10.373,10.391,10.351,10.364,364507,none,AKShare/新浪基金历史,2026-09-04T01:02:29.548814+08:00
508028,2026-02-24,10.358,10.36,10.324,10.353,240453,none,AKShare/新浪基金历史,2026-09-04T01:02:29.548814+08:00
508028,2026-02-25,10.394,10.426,10.33,10.397,242457,none,AKShare/新浪基金历史,2026-09-04T01:02:29.548814+08:00
508028,2026-02-26,10.397,10.419,10.369,10.377,706806,none,AKShare/新浪基金历史,2026-09-04T01:02:29.548814+08:00
508028,2026-02-27,10.376,10.376,10.281,10.33,753030,none,AKShare/新浪基金历史,2026-09-04T01:02:29.548814+08:00
508028,2026-03-02,10.32,10.36,10.27,10.338,738153,none,AKShare/新浪基金历史,2026-09-04T01:02:29.548814+08:00
508028,2026-03-03,10.337,10.46,10.3,10.415,1027710,none,AKShare/新浪基金历史,2026-09-04T01:02:29.548814+08:00
508028,2026-03-04,10.416,10.474,10.351,10.454,1391270,none,AKShare/新浪基金历史,2026-09-04T01:02:29.548814+08:00
508028,2026-03-05,10.454,10.537,10.415,10.494,2064442,none,AKShare/新浪基金历史,2026-09-04T01:02:29.548814+08:00
508028,2026-03-06,10.483,10.608,10.44,10.555,1372935,none,AKShare/新浪基金历史,2026-09-04T01:02:29.548814+08:00
508028,2026-03-09,10.561,10.62,10.522,10.546,2035948,none,AKShare/新浪基金历史,2026-09-04T01:02:29.548814+08:00
508028,2026-03-10,10.539,10.55,10.46,10.549,1785218,none,AKShare/新浪基金历史,2026-09-04T01:02:29.548814+08:00
508028,2026-03-11,10.51,10.6,10.51,10.575,843933,none,AKShare/新浪基金历史,2026-09-04T01:02:29.548814+08:00
508028,2026-03-12,10.577,10.786,10.52,10.53,465304,none,AKShare/新浪基金历史,2026-09-04T01:02:29.548814+08:00
508028,2026-03-13,10.53,10.672,10.5,10.578,740546,none,AKShare/新浪基金历史,2026-09-04T01:02:29.548814+08:00
508028,2026-03-16,10.578,10.649,10.578,10.596,916231,none,AKShare/新浪基金历史,2026-09-04T01:02:29.548814+08:00
508028,2026-03-17,10.596,10.64,10.565,10.61,636039,none,AKShare/新浪基金历史,2026-09-04T01:02:29.548814+08:00
508028,2026-03-18,10.61,10.654,10.555,10.608,677039,none,AKShare/新浪基金历史,2026-09-04T01:02:29.548814+08:00
508028,2026-03-19,10.624,10.641,10.585,10.609,1036464,none,AKShare/新浪基金历史,2026-09-04T01:02:29.548814+08:00
508028,2026-03-20,10.588,10.59,10.487,10.555,407069,none,AKShare/新浪基金历史,2026-09-04T01:02:29.548814+08:00
508028,2026-03-23,10.507,10.525,10.42,10.52,639660,none,AKShare/新浪基金历史,2026-09-04T01:02:29.548814+08:00
508028,2026-03-24,10.536,10.565,10.48,10.554,250613,none,AKShare/新浪基金历史,2026-09-04T01:02:29.548814+08:00
508028,2026-03-25,10.556,10.579,10.42,10.535,448805,none,AKShare/新浪基金历史,2026-09-04T01:02:29.548814+08:00
508028,2026-03-26,10.535,10.56,10.379,10.525,646559,none,AKShare/新浪基金历史,2026-09-04T01:02:29.548814+08:00
508028,2026-03-27,10.485,10.525,10.35,10.518,1223174,none,AKShare/新浪基金历史,2026-09-04T01:02:29.548814+08:00
508028,2026-03-30,10.47,10.47,10.268,10.429,3399207,none,AKShare/新浪基金历史,2026-09-04T01:02:29.548814+08:00
508028,2026-03-31,10.382,10.42,10.298,10.37,3803230,none,AKShare/新浪基金历史,2026-09-04T01:02:29.548814+08:00
508028,2026-04-01,10.33,10.37,10.235,10.362,1119558,none,AKShare/新浪基金历史,2026-09-04T01:02:29.548814+08:00
508028,2026-04-02,10.352,10.393,10.251,10.369,740698,none,AKShare/新浪基金历史,2026-09-04T01:02:29.548814+08:00
508028,2026-04-03,10.384,10.384,10.28,10.312,1392560,none,AKShare/新浪基金历史,2026-09-04T01:02:29.548814+08:00
508028,2026-04-07,10.285,10.32,10.266,10.298,3105033,none,AKShare/新浪基金历史,2026-09-04T01:02:29.548814+08:00
508028,2026-04-08,10.3,10.33,10.285,10.298,2619701,none,AKShare/新浪基金历史,2026-09-04T01:02:29.548814+08:00
508028,2026-04-09,10.298,10.315,10.28,10.28,1668530,none,AKShare/新浪基金历史,2026-09-04T01:02:29.548814+08:00
508028,2026-04-10,10.282,10.307,10.268,10.29,2065575,none,AKShare/新浪基金历史,2026-09-04T01:02:29.548814+08:00
508028,2026-04-13,10.3,10.352,10.275,10.35,1483575,none,AKShare/新浪基金历史,2026-09-04T01:02:29.548814+08:00
508028,2026-04-14,10.41,10.427,10.288,10.42,3147821,none,AKShare/新浪基金历史,2026-09-04T01:02:29.548814+08:00
508028,2026-04-15,10.445,10.5,10.383,10.412,1984481,none,AKShare/新浪基金历史,2026-09-04T01:02:29.548814+08:00
508028,2026-04-16,10.456,10.456,10.386,10.401,1213594,none,AKShare/新浪基金历史,2026-09-04T01:02:29.548814+08:00
508028,2026-04-17,10.401,10.422,10.375,10.413,949286,none,AKShare/新浪基金历史,2026-09-04T01:02:29.548814+08:00
508028,2026-04-20,10.366,10.444,10.365,10.391,2300422,none,AKShare/新浪基金历史,2026-09-04T01:02:29.548814+08:00
508028,2026-04-21,10.391,10.409,10.348,10.36,3484376,none,AKShare/新浪基金历史,2026-09-04T01:02:29.548814+08:00
508028,2026-04-22,10.36,10.372,10.341,10.361,1103809,none,AKShare/新浪基金历史,2026-09-04T01:02:29.548814+08:00
508028,2026-04-23,10.36,10.371,10.321,10.352,2042504,none,AKShare/新浪基金历史,2026-09-04T01:02:29.548814+08:00
508028,2026-04-24,10.307,10.399,10.307,10.355,1731488,none,AKShare/新浪基金历史,2026-09-04T01:02:29.548814+08:00
508028,2026-04-27,10.355,10.396,10.305,10.309,1603421,none,AKShare/新浪基金历史,2026-09-04T01:02:29.548814+08:00
508028,2026-04-28,10.295,10.32,10.28,10.312,2320206,none,AKShare/新浪基金历史,2026-09-04T01:02:29.548814+08:00
508028,2026-04-29,10.285,10.32,10.285,10.31,969999,none,AKShare/新浪基金历史,2026-09-04T01:02:29.548814+08:00
508028,2026-04-30,10.319,10.32,10.295,10.305,812992,none,AKShare/新浪基金历史,2026-09-04T01:02:29.548814+08:00
508028,2026-05-06,10.32,10.385,10.287,10.379,975485,none,AKShare/新浪基金历史,2026-09-04T01:02:29.548814+08:00
508028,2026-05-07,10.38,10.386,10.288,10.33,1102913,none,AKShare/新浪基金历史,2026-09-04T01:02:29.548814+08:00
508028,2026-05-08,10.3,10.325,10.251,10.317,920238,none,AKShare/新浪基金历史,2026-09-04T01:02:29.548814+08:00
508028,2026-05-11,10.31,10.316,10.261,10.262,721143,none,AKShare/新浪基金历史,2026-09-04T01:02:29.548814+08:00
508028,2026-05-12,10.27,10.287,10.26,10.26,1363277,none,AKShare/新浪基金历史,2026-09-04T01:02:29.548814+08:00
508028,2026-05-13,10.258,10.269,10.22,10.234,1298244,none,AKShare/新浪基金历史,2026-09-04T01:02:29.548814+08:00
508028,2026-05-14,10.234,10.235,10.146,10.169,1021241,none,AKShare/新浪基金历史,2026-09-04T01:02:29.548814+08:00
508028,2026-05-15,10.173,10.229,10.0,10.087,1143980,none,AKShare/新浪基金历史,2026-09-04T01:02:29.548814+08:00
508028,2026-05-18,10.08,10.12,9.998,10.07,2746381,none,AKShare/新浪基金历史,2026-09-04T01:02:29.548814+08:00
508028,2026-05-19,10.2,10.415,10.2,10.337,5768137,none,AKShare/新浪基金历史,2026-09-04T01:02:29.548814+08:00
508028,2026-05-20,10.336,10.412,10.255,10.278,3199924,none,AKShare/新浪基金历史,2026-09-04T01:02:29.548814+08:00
508028,2026-05-21,10.23,10.257,10.085,10.204,2069053,none,AKShare/新浪基金历史,2026-09-04T01:02:29.548814+08:00
508028,2026-05-22,10.199,10.319,10.199,10.292,1889459,none,AKShare/新浪基金历史,2026-09-04T01:02:29.548814+08:00
508028,2026-05-25,10.298,10.42,10.298,10.414,2412691,none,AKShare/新浪基金历史,2026-09-04T01:02:29.548814+08:00
508028,2026-05-26,10.373,10.539,10.373,10.5,2939857,none,AKShare/新浪基金历史,2026-09-04T01:02:29.548814+08:00
508028,2026-05-27,9.9,10.051,9.726,9.778,2198214,none,AKShare/新浪基金历史,2026-09-04T01:02:29.548814+08:00
508028,2026-05-28,9.8,9.9,9.751,9.774,572084,none,AKShare/新浪基金历史,2026-09-04T01:02:29.548814+08:00
508028,2026-05-29,9.768,9.799,9.681,9.796,646728,none,AKShare/新浪基金历史,2026-09-04T01:02:29.548814+08:00
508028,2026-06-01,9.796,10.024,9.752,9.942,900381,none,AKShare/新浪基金历史,2026-09-04T01:02:29.548814+08:00
508028,2026-06-02,9.954,9.954,9.869,9.909,864606,none,AKShare/新浪基金历史,2026-09-04T01:02:29.548814+08:00
508028,2026-06-03,9.894,9.894,9.818,9.84,1017305,none,AKShare/新浪基金历史,2026-09-04T01:02:29.548814+08:00
508028,2026-06-04,9.81,9.81,9.75,9.79,896217,none,AKShare/新浪基金历史,2026-09-04T01:02:29.548814+08:00
508028,2026-06-05,9.799,9.942,9.73,9.875,654094,none,AKShare/新浪基金历史,2026-09-04T01:02:29.548814+08:00
508028,2026-06-08,9.801,9.893,9.801,9.87,453724,none,AKShare/新浪基金历史,2026-09-04T01:02:29.548814+08:00
508028,2026-06-09,9.85,9.85,9.77,9.802,1008958,none,AKShare/新浪基金历史,2026-09-04T01:02:29.548814+08:00
508028,2026-06-10,9.806,9.806,9.76,9.785,63474,none,AKShare/新浪基金历史,2026-09-04T01:02:29.548814+08:00
508028,2026-06-11,9.75,9.847,9.72,9.759,812118,none,AKShare/新浪基金历史,2026-09-04T01:02:29.548814+08:00
508028,2026-06-12,9.716,9.779,9.667,9.7,1074844,none,AKShare/新浪基金历史,2026-09-04T01:02:29.548814+08:00
508028,2026-06-15,9.7,9.719,9.676,9.679,1169280,none,AKShare/新浪基金历史,2026-09-04T01:02:29.548814+08:00
508028,2026-06-16,9.72,9.764,9.593,9.7,621548,none,AKShare/新浪基金历史,2026-09-04T01:02:29.548814+08:00
508028,2026-06-17,9.7,9.704,9.63,9.684,917866,none,AKShare/新浪基金历史,2026-09-04T01:02:29.548814+08:00
508028,2026-06-18,9.599,9.682,9.502,9.665,1105743,none,AKShare/新浪基金历史,2026-09-04T01:02:29.548814+08:00
508028,2026-06-22,9.664,9.664,9.55,9.589,895015,none,AKShare/新浪基金历史,2026-09-04T01:02:29.548814+08:00
508028,2026-06-23,9.588,9.66,9.511,9.616,591878,none,AKShare/新浪基金历史,2026-09-04T01:02:29.548814+08:00
508028,2026-06-24,9.615,9.666,9.6,9.655,950289,none,AKShare/新浪基金历史,2026-09-04T01:02:29.548814+08:00
508028,2026-06-25,9.656,9.889,9.487,9.825,1035067,none,AKShare/新浪基金历史,2026-09-04T01:02:29.548814+08:00
508028,2026-06-26,9.78,9.825,9.588,9.823,729268,none,AKShare/新浪基金历史,2026-09-04T01:02:29.548814+08:00
508028,2026-06-29,9.775,9.825,9.695,9.825,1132811,none,AKShare/新浪基金历史,2026-09-04T01:02:29.548814+08:00
508028,2026-06-30,9.737,9.859,9.737,9.853,1017425,none,AKShare/新浪基金历史,2026-09-04T01:02:29.548814+08:00
508028,2026-07-01,9.811,9.988,9.811,9.958,1681890,none,AKShare/新浪基金历史,2026-09-04T01:02:29.548814+08:00
508028,2026-07-02,9.947,9.957,9.83,9.933,1572163,none,AKShare/新浪基金历史,2026-09-04T01:02:29.548814+08:00
508028,2026-07-03,9.913,9.97,9.912,9.94,1230266,none,AKShare/新浪基金历史,2026-09-04T01:02:29.548814+08:00
508028,2026-07-06,9.941,10.01,9.821,9.86,1768012,none,AKShare/新浪基金历史,2026-09-04T01:02:29.548814+08:00
508028,2026-07-07,9.86,9.948,9.81,9.899,634851,none,AKShare/新浪基金历史,2026-09-04T01:02:29.548814+08:00
508028,2026-07-08,9.897,9.901,9.785,9.818,751456,none,AKShare/新浪基金历史,2026-09-04T01:02:29.548814+08:00
508028,2026-07-09,9.811,9.99,9.73,9.988,204451,none,AKShare/新浪基金历史,2026-09-04T01:02:29.548814+08:00
508028,2026-07-10,10.028,10.028,9.85,9.978,801540,none,AKShare/新浪基金历史,2026-09-04T01:02:29.548814+08:00
508028,2026-07-13,9.978,9.978,9.87,9.871,692590,none,AKShare/新浪基金历史,2026-09-04T01:02:29.548814+08:00
508028,2026-07-14,9.87,9.87,9.752,9.778,1066449,none,AKShare/新浪基金历史,2026-09-04T01:02:29.548814+08:00
508028,2026-07-15,9.784,9.864,9.72,9.728,1038626,none,AKShare/新浪基金历史,2026-09-04T01:02:29.548814+08:00
508028,2026-07-16,9.685,9.8,9.684,9.758,2062011,none,AKShare/新浪基金历史,2026-09-04T01:02:29.548814+08:00
508028,2026-07-17,9.758,9.758,9.618,9.63,977330,none,AKShare/新浪基金历史,2026-09-04T01:02:29.548814+08:00
508028,2026-07-20,9.63,9.715,9.6,9.65,785829,none,AKShare/新浪基金历史,2026-09-04T01:02:29.548814+08:00
508028,2026-07-21,9.607,9.65,9.509,9.562,848662,none,AKShare/新浪基金历史,2026-09-04T01:02:29.548814+08:00
508028,2026-07-22,9.561,9.67,9.521,9.564,860553,none,AKShare/新浪基金历史,2026-09-04T01:02:29.548814+08:00
508028,2026-07-23,9.554,9.648,9.531,9.606,1498649,none,AKShare/新浪基金历史,2026-09-04T01:02:29.548814+08:00
508028,2026-07-24,9.606,9.692,9.51,9.536,1515502,none,AKShare/新浪基金历史,2026-09-04T01:02:29.548814+08:00
508028,2026-07-27,9.55,9.567,9.5,9.555,2662795,none,AKShare/新浪基金历史,2026-09-04T01:02:29.548814+08:00
508028,2026-07-28,9.55,9.55,9.506,9.528,390305,none,AKShare/新浪基金历史,2026-09-04T01:02:29.548814+08:00
508028,2026-07-29,9.507,9.624,9.506,9.54,1458216,none,AKShare/新浪基金历史,2026-09-04T01:02:29.548814+08:00
508028,2026-07-30,9.531,9.575,9.513,9.565,2286836,none,AKShare/新浪基金历史,2026-09-04T01:02:29.548814+08:00
508028,2026-07-31,9.565,9.7,9.513,9.629,1152230,none,AKShare/新浪基金历史,2026-09-04T01:02:29.548814+08:00
508028,2026-08-03,9.699,9.699,9.587,9.626,1045991,none,AKShare/新浪基金历史,2026-09-04T01:02:29.548814+08:00
508028,2026-08-04,9.625,9.649,9.515,9.598,883100,none,AKShare/新浪基金历史,2026-09-04T01:02:29.548814+08:00
508028,2026-08-05,9.597,9.599,9.512,9.561,986236,none,AKShare/新浪基金历史,2026-09-04T01:02:29.548814+08:00
508028,2026-08-06,9.562,9.609,9.522,9.581,855102,none,AKShare/新浪基金历史,2026-09-04T01:02:29.548814+08:00
508028,2026-08-07,9.583,9.623,9.537,9.588,1271408,none,AKShare/新浪基金历史,2026-09-04T01:02:29.548814+08:00
508028,2026-08-10,9.585,9.65,9.541,9.635,1035316,none,AKShare/新浪基金历史,2026-09-04T01:02:29.548814+08:00
508028,2026-08-11,9.635,9.696,9.601,9.649,828291,none,AKShare/新浪基金历史,2026-09-04T01:02:29.548814+08:00
508028,2026-08-12,9.637,9.69,9.61,9.645,1582523,none,AKShare/新浪基金历史,2026-09-04T01:02:29.548814+08:00
508028,2026-08-13,9.645,9.69,9.61,9.69,453102,none,AKShare/新浪基金历史,2026-09-04T01:02:29.548814+08:00
508028,2026-08-14,9.621,9.693,9.621,9.693,420909,none,AKShare/新浪基金历史,2026-09-04T01:02:29.548814+08:00
508028,2026-08-17,9.7,9.72,9.55,9.66,1376403,none,AKShare/新浪基金历史,2026-09-04T01:02:29.548814+08:00
508028,2026-08-18,9.623,9.687,9.574,9.659,1163600,none,AKShare/新浪基金历史,2026-09-04T01:02:29.548814+08:00
508028,2026-08-19,9.577,9.738,9.577,9.732,843535,none,AKShare/新浪基金历史,2026-09-04T01:02:29.548814+08:00
508028,2026-08-20,9.732,9.825,9.675,9.765,934393,none,AKShare/新浪基金历史,2026-09-04T01:02:29.548814+08:00
508028,2026-08-21,9.742,9.878,9.701,9.8,951689,none,AKShare/新浪基金历史,2026-09-04T01:02:29.548814+08:00
508028,2026-08-24,9.8,9.85,9.669,9.8,745159,none,AKShare/新浪基金历史,2026-09-04T01:02:29.548814+08:00
508028,2026-08-25,9.8,9.8,9.731,9.8,640504,none,AKShare/新浪基金历史,2026-09-04T01:02:29.548814+08:00
508028,2026-08-26,9.8,9.85,9.734,9.84,852885,none,AKShare/新浪基金历史,2026-09-04T01:02:29.548814+08:00
508028,2026-08-27,9.84,9.889,9.745,9.878,648422,none,AKShare/新浪基金历史,2026-09-04T01:02:29.548814+08:00
508028,2026-08-28,9.75,9.858,9.701,9.825,948477,none,AKShare/新浪基金历史,2026-09-04T01:02:29.548814+08:00
508028,2026-08-31,9.81,9.81,9.67,9.714,618212,none,AKShare/新浪基金历史,2026-09-04T01:02:29.548814+08:00
508028,2026-09-01,9.671,9.72,9.571,9.716,1062186,none,AKShare/新浪基金历史,2026-09-04T01:02:29.548814+08:00
508028,2026-09-02,9.672,9.73,9.615,9.644,678639,none,AKShare/新浪基金历史,2026-09-04T01:02:29.548814+08:00
508056,2021-06-21,3.92,4.279,3.92,3.972,75799938,none,AKShare/新浪基金历史,2026-09-04T01:02:29.548814+08:00
508056,2021-06-22,3.97,3.97,3.77,3.894,21127689,none,AKShare/新浪基金历史,2026-09-04T01:02:29.548814+08:00
508056,2021-06-23,3.904,3.913,3.889,3.911,5599722,none,AKShare/新浪基金历史,2026-09-04T01:02:29.548814+08:00
508056,2021-06-24,3.912,3.912,3.895,3.901,2849178,none,AKShare/新浪基金历史,2026-09-04T01:02:29.548814+08:00
508056,2021-06-25,3.9,3.91,3.89,3.909,4518077,none,AKShare/新浪基金历史,2026-09-04T01:02:29.548814+08:00
508056,2021-06-28,3.911,3.911,3.897,3.898,1724616,none,AKShare/新浪基金历史,2026-09-04T01:02:29.548814+08:00
508056,2021-06-29,3.897,3.897,3.891,3.891,1763228,none,AKShare/新浪基金历史,2026-09-04T01:02:29.548814+08:00
508056,2021-06-30,3.89,3.9,3.89,3.893,854211,none,AKShare/新浪基金历史,2026-09-04T01:02:29.548814+08:00
508056,2021-07-01,3.895,3.91,3.895,3.904,1295803,none,AKShare/新浪基金历史,2026-09-04T01:02:29.548814+08:00
508056,2021-07-02,3.9,3.9,3.888,3.896,1952624,none,AKShare/新浪基金历史,2026-09-04T01:02:29.548814+08:00
508056,2021-07-05,3.895,3.895,3.889,3.891,2581337,none,AKShare/新浪基金历史,2026-09-04T01:02:29.548814+08:00
508056,2021-07-06,3.89,3.891,3.883,3.886,2679350,none,AKShare/新浪基金历史,2026-09-04T01:02:29.548814+08:00
508056,2021-07-07,3.886,3.886,3.871,3.872,1782166,none,AKShare/新浪基金历史,2026-09-04T01:02:29.548814+08:00
508056,2021-07-08,3.872,3.874,3.853,3.855,2425684,none,AKShare/新浪基金历史,2026-09-04T01:02:29.548814+08:00
508056,2021-07-09,3.855,3.855,3.837,3.845,2041831,none,AKShare/新浪基金历史,2026-09-04T01:02:29.548814+08:00
508056,2021-07-12,3.845,3.85,3.825,3.832,2130405,none,AKShare/新浪基金历史,2026-09-04T01:02:29.548814+08:00
508056,2021-07-13,3.831,3.86,3.816,3.846,1538372,none,AKShare/新浪基金历史,2026-09-04T01:02:29.548814+08:00
508056,2021-07-14,3.846,3.849,3.836,3.845,1006719,none,AKShare/新浪基金历史,2026-09-04T01:02:29.548814+08:00
508056,2021-07-15,3.845,3.882,3.843,3.881,837088,none,AKShare/新浪基金历史,2026-09-04T01:02:29.548814+08:00
508056,2021-07-16,3.88,3.891,3.877,3.89,2294346,none,AKShare/新浪基金历史,2026-09-04T01:02:29.548814+08:00
508056,2021-07-19,3.89,3.89,3.87,3.884,2689227,none,AKShare/新浪基金历史,2026-09-04T01:02:29.548814+08:00
508056,2021-07-20,3.884,3.884,3.878,3.882,1530971,none,AKShare/新浪基金历史,2026-09-04T01:02:29.548814+08:00
508056,2021-07-21,3.88,3.884,3.875,3.879,1297013,none,AKShare/新浪基金历史,2026-09-04T01:02:29.548814+08:00
508056,2021-07-22,3.877,3.897,3.875,3.896,798496,none,AKShare/新浪基金历史,2026-09-04T01:02:29.548814+08:00
508056,2021-07-23,3.895,3.914,3.887,3.909,919730,none,AKShare/新浪基金历史,2026-09-04T01:02:29.548814+08:00
508056,2021-07-26,3.908,3.908,3.859,3.865,2978016,none,AKShare/新浪基金历史,2026-09-04T01:02:29.548814+08:00
508056,2021-07-27,3.865,3.871,3.851,3.855,1110183,none,AKShare/新浪基金历史,2026-09-04T01:02:29.548814+08:00
508056,2021-07-28,3.855,3.88,3.831,3.87,1322903,none,AKShare/新浪基金历史,2026-09-04T01:02:29.548814+08:00
508056,2021-07-29,3.868,3.892,3.855,3.889,1204265,none,AKShare/新浪基金历史,2026-09-04T01:02:29.548814+08:00
508056,2021-07-30,3.889,3.89,3.871,3.889,2424815,none,AKShare/新浪基金历史,2026-09-04T01:02:29.548814+08:00
508056,2021-08-02,3.889,3.906,3.883,3.898,4397407,none,AKShare/新浪基金历史,2026-09-04T01:02:29.548814+08:00
508056,2021-08-03,3.898,3.915,3.895,3.901,2547009,none,AKShare/新浪基金历史,2026-09-04T01:02:29.548814+08:00
508056,2021-08-04,3.901,3.911,3.895,3.903,4235675,none,AKShare/新浪基金历史,2026-09-04T01:02:29.548814+08:00
508056,2021-08-05,3.903,3.909,3.903,3.907,1936662,none,AKShare/新浪基金历史,2026-09-04T01:02:29.548814+08:00
508056,2021-08-06,3.907,3.921,3.9,3.915,2492324,none,AKShare/新浪基金历史,2026-09-04T01:02:29.548814+08:00
508056,2021-08-09,3.915,3.915,3.907,3.911,1129177,none,AKShare/新浪基金历史,2026-09-04T01:02:29.548814+08:00
508056,2021-08-10,3.911,3.911,3.901,3.905,1691725,none,AKShare/新浪基金历史,2026-09-04T01:02:29.548814+08:00
508056,2021-08-11,3.905,3.908,3.9,3.902,2226753,none,AKShare/新浪基金历史,2026-09-04T01:02:29.548814+08:00
508056,2021-08-12,3.902,3.907,3.9,3.902,1537316,none,AKShare/新浪基金历史,2026-09-04T01:02:29.548814+08:00
508056,2021-08-13,3.901,3.907,3.901,3.902,1098881,none,AKShare/新浪基金历史,2026-09-04T01:02:29.548814+08:00
508056,2021-08-16,3.903,3.903,3.891,3.896,1816234,none,AKShare/新浪基金历史,2026-09-04T01:02:29.548814+08:00
508056,2021-08-17,3.896,3.905,3.888,3.904,2738623,none,AKShare/新浪基金历史,2026-09-04T01:02:29.548814+08:00
508056,2021-08-18,3.903,3.918,3.898,3.916,3963035,none,AKShare/新浪基金历史,2026-09-04T01:02:29.548814+08:00
508056,2021-08-19,3.916,3.931,3.912,3.93,4036590,none,AKShare/新浪基金历史,2026-09-04T01:02:29.548814+08:00
508056,2021-08-20,3.93,3.935,3.927,3.93,2186837,none,AKShare/新浪基金历史,2026-09-04T01:02:29.548814+08:00
508056,2021-08-23,3.93,3.93,3.916,3.927,1921586,none,AKShare/新浪基金历史,2026-09-04T01:02:29.548814+08:00
508056,2021-08-24,3.927,3.948,3.918,3.941,5680029,none,AKShare/新浪基金历史,2026-09-04T01:02:29.548814+08:00
508056,2021-08-25,3.941,3.984,3.932,3.984,8714320,none,AKShare/新浪基金历史,2026-09-04T01:02:29.548814+08:00
508056,2021-08-26,3.985,4.018,3.977,4.008,9660224,none,AKShare/新浪基金历史,2026-09-04T01:02:29.548814+08:00
508056,2021-08-27,4.008,4.074,4.004,4.06,6764990,none,AKShare/新浪基金历史,2026-09-04T01:02:29.548814+08:00
508056,2021-08-30,4.061,4.127,4.055,4.091,12484737,none,AKShare/新浪基金历史,2026-09-04T01:02:29.548814+08:00
508056,2021-08-31,4.091,4.114,4.07,4.089,9661955,none,AKShare/新浪基金历史,2026-09-04T01:02:29.548814+08:00
508056,2021-09-01,4.087,4.087,4.022,4.048,12082628,none,AKShare/新浪基金历史,2026-09-04T01:02:29.548814+08:00
508056,2021-09-02,4.045,4.095,4.033,4.09,4638484,none,AKShare/新浪基金历史,2026-09-04T01:02:29.548814+08:00
508056,2021-09-03,4.089,4.103,4.069,4.091,4192557,none,AKShare/新浪基金历史,2026-09-04T01:02:29.548814+08:00
508056,2021-09-06,4.092,4.098,4.078,4.09,1856986,none,AKShare/新浪基金历史,2026-09-04T01:02:29.548814+08:00
508056,2021-09-07,4.09,4.097,4.084,4.093,3676467,none,AKShare/新浪基金历史,2026-09-04T01:02:29.548814+08:00
508056,2021-09-08,4.093,4.096,4.09,4.092,1138238,none,AKShare/新浪基金历史,2026-09-04T01:02:29.548814+08:00
508056,2021-09-09,4.092,4.096,4.082,4.091,2859930,none,AKShare/新浪基金历史,2026-09-04T01:02:29.548814+08:00
508056,2021-09-10,4.091,4.091,4.085,4.091,922413,none,AKShare/新浪基金历史,2026-09-04T01:02:29.548814+08:00
508056,2021-09-13,4.091,4.097,4.085,4.097,6557449,none,AKShare/新浪基金历史,2026-09-04T01:02:29.548814+08:00
508056,2021-09-14,4.097,4.129,4.088,4.129,12470396,none,AKShare/新浪基金历史,2026-09-04T01:02:29.548814+08:00
508056,2021-09-15,4.13,4.244,4.129,4.243,10128238,none,AKShare/新浪基金历史,2026-09-04T01:02:29.548814+08:00
508056,2021-09-16,4.244,4.254,4.221,4.238,16876885,none,AKShare/新浪基金历史,2026-09-04T01:02:29.548814+08:00
508056,2021-09-17,4.238,4.253,4.184,4.189,20902995,none,AKShare/新浪基金历史,2026-09-04T01:02:29.548814+08:00
508056,2021-09-22,4.189,4.2,4.152,4.194,13954564,none,AKShare/新浪基金历史,2026-09-04T01:02:29.548814+08:00
508056,2021-09-23,4.194,4.284,4.185,4.234,20778527,none,AKShare/新浪基金历史,2026-09-04T01:02:29.548814+08:00
508056,2021-09-24,4.234,4.251,4.215,4.226,10088585,none,AKShare/新浪基金历史,2026-09-04T01:02:29.548814+08:00
508056,2021-09-27,4.226,4.292,4.22,4.271,4344323,none,AKShare/新浪基金历史,2026-09-04T01:02:29.548814+08:00
508056,2021-09-28,4.271,4.271,4.18,4.237,13292157,none,AKShare/新浪基金历史,2026-09-04T01:02:29.548814+08:00
508056,2021-09-29,4.237,4.273,4.237,4.269,2293388,none,AKShare/新浪基金历史,2026-09-04T01:02:29.548814+08:00
508056,2021-09-30,4.271,4.299,4.266,4.285,2718978,none,AKShare/新浪基金历史,2026-09-04T01:02:29.548814+08:00
508056,2021-10-08,4.286,4.311,4.273,4.311,8735400,none,AKShare/新浪基金历史,2026-09-04T01:02:29.548814+08:00
508056,2021-10-11,4.311,4.324,4.288,4.293,10221760,none,AKShare/新浪基金历史,2026-09-04T01:02:29.548814+08:00
508056,2021-10-12,4.292,4.292,4.265,4.275,8060737,none,AKShare/新浪基金历史,2026-09-04T01:02:29.548814+08:00
508056,2021-10-13,4.275,4.284,4.255,4.28,8219437,none,AKShare/新浪基金历史,2026-09-04T01:02:29.548814+08:00
508056,2021-10-14,4.282,4.283,4.27,4.282,4086386,none,AKShare/新浪基金历史,2026-09-04T01:02:29.548814+08:00
508056,2021-10-15,4.283,4.288,4.276,4.287,2510820,none,AKShare/新浪基金历史,2026-09-04T01:02:29.548814+08:00
508056,2021-10-18,4.287,4.302,4.287,4.299,5832159,none,AKShare/新浪基金历史,2026-09-04T01:02:29.548814+08:00
508056,2021-10-19,4.3,4.389,4.3,4.374,7279862,none,AKShare/新浪基金历史,2026-09-04T01:02:29.548814+08:00
508056,2021-10-20,4.374,4.473,4.366,4.464,6842479,none,AKShare/新浪基金历史,2026-09-04T01:02:29.548814+08:00
508056,2021-10-21,4.464,4.534,4.464,4.507,6541062,none,AKShare/新浪基金历史,2026-09-04T01:02:29.548814+08:00
508056,2021-10-22,4.508,4.597,4.508,4.585,12882232,none,AKShare/新浪基金历史,2026-09-04T01:02:29.548814+08:00
508056,2021-10-25,4.587,4.63,4.581,4.63,9691871,none,AKShare/新浪基金历史,2026-09-04T01:02:29.548814+08:00
508056,2021-10-26,4.631,4.736,4.548,4.652,12389566,none,AKShare/新浪基金历史,2026-09-04T01:02:29.548814+08:00
508056,2021-10-27,4.654,4.76,4.648,4.75,19765761,none,AKShare/新浪基金历史,2026-09-04T01:02:29.548814+08:00
508056,2021-10-28,4.752,4.948,4.752,4.933,19470024,none,AKShare/新浪基金历史,2026-09-04T01:02:29.548814+08:00
508056,2021-10-29,4.928,5.12,4.928,5.067,22533369,none,AKShare/新浪基金历史,2026-09-04T01:02:29.548814+08:00
508056,2021-11-01,5.065,5.135,4.949,5.005,30770866,none,AKShare/新浪基金历史,2026-09-04T01:02:29.548814+08:00
508056,2021-11-02,5.005,5.007,4.804,4.888,22965877,none,AKShare/新浪基金历史,2026-09-04T01:02:29.548814+08:00
508056,2021-11-03,4.887,4.911,4.796,4.853,16285081,none,AKShare/新浪基金历史,2026-09-04T01:02:29.548814+08:00
508056,2021-11-04,4.853,4.964,4.745,4.95,16092603,none,AKShare/新浪基金历史,2026-09-04T01:02:29.548814+08:00
508056,2021-11-05,4.95,5.088,4.939,4.997,18834797,none,AKShare/新浪基金历史,2026-09-04T01:02:29.548814+08:00
508056,2021-11-08,5.0,5.021,4.885,4.919,20311507,none,AKShare/新浪基金历史,2026-09-04T01:02:29.548814+08:00
508056,2021-11-09,4.914,4.947,4.84,4.848,14462875,none,AKShare/新浪基金历史,2026-09-04T01:02:29.548814+08:00
508056,2021-11-10,4.849,4.903,4.788,4.816,16301320,none,AKShare/新浪基金历史,2026-09-04T01:02:29.548814+08:00
508056,2021-11-11,4.816,4.883,4.771,4.867,15837644,none,AKShare/新浪基金历史,2026-09-04T01:02:29.548814+08:00
508056,2021-11-12,4.869,4.933,4.82,4.852,24320358,none,AKShare/新浪基金历史,2026-09-04T01:02:29.548814+08:00
508056,2021-11-15,4.855,4.888,4.786,4.837,19474455,none,AKShare/新浪基金历史,2026-09-04T01:02:29.548814+08:00
508056,2021-11-16,4.837,4.85,4.788,4.849,17841592,none,AKShare/新浪基金历史,2026-09-04T01:02:29.548814+08:00
508056,2021-11-17,4.846,4.857,4.709,4.854,19687616,none,AKShare/新浪基金历史,2026-09-04T01:02:29.548814+08:00
508056,2021-11-18,4.852,4.854,4.794,4.835,16724474,none,AKShare/新浪基金历史,2026-09-04T01:02:29.548814+08:00
508056,2021-11-19,4.834,4.867,4.747,4.796,23763910,none,AKShare/新浪基金历史,2026-09-04T01:02:29.548814+08:00
508056,2021-11-22,4.794,4.794,4.696,4.699,26414877,none,AKShare/新浪基金历史,2026-09-04T01:02:29.548814+08:00
508056,2021-11-23,4.696,4.715,4.648,4.703,23275674,none,AKShare/新浪基金历史,2026-09-04T01:02:29.548814+08:00
508056,2021-11-24,4.705,4.738,4.669,4.717,11551930,none,AKShare/新浪基金历史,2026-09-04T01:02:29.548814+08:00
508056,2021-11-25,4.714,4.746,4.68,4.728,10969002,none,AKShare/新浪基金历史,2026-09-04T01:02:29.548814+08:00
508056,2021-11-26,4.723,4.75,4.696,4.729,8692215,none,AKShare/新浪基金历史,2026-09-04T01:02:29.548814+08:00
508056,2021-11-29,4.725,4.75,4.701,4.722,5985280,none,AKShare/新浪基金历史,2026-09-04T01:02:29.548814+08:00
508056,2021-11-30,4.723,4.755,4.711,4.736,5508331,none,AKShare/新浪基金历史,2026-09-04T01:02:29.548814+08:00
508056,2021-12-01,4.74,4.753,4.729,4.746,4163055,none,AKShare/新浪基金历史,2026-09-04T01:02:29.548814+08:00
508056,2021-12-02,4.748,4.876,4.737,4.873,18269882,none,AKShare/新浪基金历史,2026-09-04T01:02:29.548814+08:00
508056,2021-12-03,4.875,4.978,4.844,4.867,17976345,none,AKShare/新浪基金历史,2026-09-04T01:02:29.548814+08:00
508056,2021-12-06,4.867,4.882,4.849,4.876,8424215,none,AKShare/新浪基金历史,2026-09-04T01:02:29.548814+08:00
508056,2021-12-07,4.879,4.95,4.871,4.937,19413319,none,AKShare/新浪基金历史,2026-09-04T01:02:29.548814+08:00
508056,2021-12-08,4.941,5.001,4.922,4.967,9403665,none,AKShare/新浪基金历史,2026-09-04T01:02:29.548814+08:00
508056,2021-12-09,4.967,5.014,4.967,5.002,11506937,none,AKShare/新浪基金历史,2026-09-04T01:02:29.548814+08:00
508056,2021-12-10,5.002,5.034,4.97,5.023,9524512,none,AKShare/新浪基金历史,2026-09-04T01:02:29.548814+08:00
508056,2021-12-13,5.025,5.074,5.004,5.021,9672975,none,AKShare/新浪基金历史,2026-09-04T01:02:29.548814+08:00
508056,2021-12-14,5.021,5.035,4.962,5.006,9601957,none,AKShare/新浪基金历史,2026-09-04T01:02:29.548814+08:00
508056,2021-12-15,5.018,5.063,4.981,5.057,6625364,none,AKShare/新浪基金历史,2026-09-04T01:02:29.548814+08:00
508056,2021-12-16,5.062,5.064,4.949,4.96,8051856,none,AKShare/新浪基金历史,2026-09-04T01:02:29.548814+08:00
508056,2021-12-17,4.959,5.014,4.945,4.969,14465759,none,AKShare/新浪基金历史,2026-09-04T01:02:29.548814+08:00
508056,2021-12-20,4.969,4.976,4.93,4.934,1396825,none,AKShare/新浪基金历史,2026-09-04T01:02:29.548814+08:00
508056,2021-12-21,4.934,4.939,4.92,4.924,1734402,none,AKShare/新浪基金历史,2026-09-04T01:02:29.548814+08:00
508056,2021-12-22,4.92,4.926,4.899,4.925,2063029,none,AKShare/新浪基金历史,2026-09-04T01:02:29.548814+08:00
508056,2021-12-23,4.926,4.975,4.925,4.969,3367218,none,AKShare/新浪基金历史,2026-09-04T01:02:29.548814+08:00
508056,2021-12-24,4.967,4.999,4.941,4.945,2884664,none,AKShare/新浪基金历史,2026-09-04T01:02:29.548814+08:00
508056,2021-12-27,4.945,4.956,4.932,4.943,2197229,none,AKShare/新浪基金历史,2026-09-04T01:02:29.548814+08:00
508056,2021-12-28,4.943,4.946,4.926,4.93,1521802,none,AKShare/新浪基金历史,2026-09-04T01:02:29.548814+08:00
508056,2021-12-29,4.929,4.933,4.882,4.889,3282909,none,AKShare/新浪基金历史,2026-09-04T01:02:29.548814+08:00
508056,2021-12-30,4.888,4.888,4.828,4.832,4926228,none,AKShare/新浪基金历史,2026-09-04T01:02:29.548814+08:00
508056,2021-12-31,4.832,4.881,4.826,4.865,5513416,none,AKShare/新浪基金历史,2026-09-04T01:02:29.548814+08:00
508056,2022-01-04,4.886,4.892,4.851,4.872,3746181,none,AKShare/新浪基金历史,2026-09-04T01:02:29.548814+08:00
508056,2022-01-05,4.835,4.882,4.835,4.875,1362538,none,AKShare/新浪基金历史,2026-09-04T01:02:29.548814+08:00
508056,2022-01-06,4.875,4.925,4.841,4.924,3127066,none,AKShare/新浪基金历史,2026-09-04T01:02:29.548814+08:00
508056,2022-01-07,4.924,4.985,4.91,4.971,4947795,none,AKShare/新浪基金历史,2026-09-04T01:02:29.548814+08:00
508056,2022-01-10,4.971,4.984,4.933,4.97,2755328,none,AKShare/新浪基金历史,2026-09-04T01:02:29.548814+08:00
508056,2022-01-11,4.969,4.996,4.942,4.992,4382319,none,AKShare/新浪基金历史,2026-09-04T01:02:29.548814+08:00
508056,2022-01-12,4.99,4.992,4.97,4.985,2065100,none,AKShare/新浪基金历史,2026-09-04T01:02:29.548814+08:00
508056,2022-01-13,4.985,4.986,4.971,4.983,2652943,none,AKShare/新浪基金历史,2026-09-04T01:02:29.548814+08:00
508056,2022-01-14,4.983,5.019,4.975,5.007,4292317,none,AKShare/新浪基金历史,2026-09-04T01:02:29.548814+08:00
508056,2022-01-17,5.008,5.06,5.008,5.059,3445356,none,AKShare/新浪基金历史,2026-09-04T01:02:29.548814+08:00
508056,2022-01-18,5.06,5.084,5.006,5.025,4945400,none,AKShare/新浪基金历史,2026-09-04T01:02:29.548814+08:00
508056,2022-01-19,5.02,5.029,4.993,5.022,2024079,none,AKShare/新浪基金历史,2026-09-04T01:02:29.548814+08:00
508056,2022-01-20,5.019,5.023,5.013,5.023,1890930,none,AKShare/新浪基金历史,2026-09-04T01:02:29.548814+08:00
508056,2022-01-21,5.022,5.162,5.0,5.156,5320615,none,AKShare/新浪基金历史,2026-09-04T01:02:29.548814+08:00
508056,2022-01-24,5.157,5.32,5.072,5.109,10751012,none,AKShare/新浪基金历史,2026-09-04T01:02:29.548814+08:00
508056,2022-01-25,5.11,5.113,4.957,4.989,5426331,none,AKShare/新浪基金历史,2026-09-04T01:02:29.548814+08:00
508056,2022-01-26,4.985,5.036,4.947,5.034,3368829,none,AKShare/新浪基金历史,2026-09-04T01:02:29.548814+08:00
508056,2022-01-27,4.993,5.033,4.992,5.003,2960923,none,AKShare/新浪基金历史,2026-09-04T01:02:29.548814+08:00
508056,2022-01-28,5.005,5.073,5.0,5.065,4894465,none,AKShare/新浪基金历史,2026-09-04T01:02:29.548814+08:00
508056,2022-02-07,5.069,5.264,5.067,5.238,10736687,none,AKShare/新浪基金历史,2026-09-04T01:02:29.548814+08:00
508056,2022-02-08,5.242,5.437,5.242,5.397,9350206,none,AKShare/新浪基金历史,2026-09-04T01:02:29.548814+08:00
508056,2022-02-09,5.401,5.467,5.23,5.325,6708186,none,AKShare/新浪基金历史,2026-09-04T01:02:29.548814+08:00
508056,2022-02-10,5.325,5.395,5.227,5.316,6266596,none,AKShare/新浪基金历史,2026-09-04T01:02:29.548814+08:00
508056,2022-02-11,5.315,5.36,5.26,5.34,10442465,none,AKShare/新浪基金历史,2026-09-04T01:02:29.548814+08:00
508056,2022-02-14,5.343,5.395,5.343,5.375,8152637,none,AKShare/新浪基金历史,2026-09-04T01:02:29.548814+08:00
508056,2022-02-15,5.374,5.404,5.265,5.332,9288967,none,AKShare/新浪基金历史,2026-09-04T01:02:29.548814+08:00
508056,2022-02-16,5.332,5.332,5.146,5.22,8478034,none,AKShare/新浪基金历史,2026-09-04T01:02:29.548814+08:00
508056,2022-02-17,5.216,5.216,5.137,5.165,7557534,none,AKShare/新浪基金历史,2026-09-04T01:02:29.548814+08:00
508056,2022-02-18,5.161,5.3,5.07,5.29,12310365,none,AKShare/新浪基金历史,2026-09-04T01:02:29.548814+08:00
508056,2022-02-21,5.29,5.389,5.242,5.271,5173498,none,AKShare/新浪基金历史,2026-09-04T01:02:29.548814+08:00
508056,2022-02-22,5.267,5.268,5.085,5.095,9399341,none,AKShare/新浪基金历史,2026-09-04T01:02:29.548814+08:00
508056,2022-02-23,5.091,5.095,5.0,5.043,9479606,none,AKShare/新浪基金历史,2026-09-04T01:02:29.548814+08:00
508056,2022-02-24,5.018,5.042,5.0,5.007,10103050,none,AKShare/新浪基金历史,2026-09-04T01:02:29.548814+08:00
508056,2022-02-25,5.004,5.076,5.002,5.012,4109641,none,AKShare/新浪基金历史,2026-09-04T01:02:29.548814+08:00
508056,2022-02-28,5.012,5.012,4.962,4.999,2237482,none,AKShare/新浪基金历史,2026-09-04T01:02:29.548814+08:00
508056,2022-03-01,4.999,5.012,4.994,5.012,2909468,none,AKShare/新浪基金历史,2026-09-04T01:02:29.548814+08:00
508056,2022-03-02,5.012,5.165,4.886,5.16,7356411,none,AKShare/新浪基金历史,2026-09-04T01:02:29.548814+08:00
508056,2022-03-03,5.164,5.201,5.127,5.181,4362743,none,AKShare/新浪基金历史,2026-09-04T01:02:29.548814+08:00
508056,2022-03-04,5.18,5.2,5.067,5.1,10747294,none,AKShare/新浪基金历史,2026-09-04T01:02:29.548814+08:00
508056,2022-03-07,5.093,5.124,4.998,5.045,7378941,none,AKShare/新浪基金历史,2026-09-04T01:02:29.548814+08:00
508056,2022-03-08,5.039,5.049,4.998,5.005,3883649,none,AKShare/新浪基金历史,2026-09-04T01:02:29.548814+08:00
508056,2022-03-09,5.005,5.067,4.95,5.004,5207795,none,AKShare/新浪基金历史,2026-09-04T01:02:29.548814+08:00
508056,2022-03-10,5.01,5.097,5.01,5.04,2769729,none,AKShare/新浪基金历史,2026-09-04T01:02:29.548814+08:00
508056,2022-03-11,5.037,5.037,4.993,5.023,3808931,none,AKShare/新浪基金历史,2026-09-04T01:02:29.548814+08:00
508056,2022-03-14,5.018,5.022,4.986,5.001,3589262,none,AKShare/新浪基金历史,2026-09-04T01:02:29.548814+08:00
508056,2022-03-15,4.98,4.98,4.683,4.686,11191243,none,AKShare/新浪基金历史,2026-09-04T01:02:29.548814+08:00
508056,2022-03-16,4.679,4.728,4.416,4.71,15133060,none,AKShare/新浪基金历史,2026-09-04T01:02:29.548814+08:00
508056,2022-03-17,4.715,4.8,4.635,4.729,7064179,none,AKShare/新浪基金历史,2026-09-04T01:02:29.548814+08:00
508056,2022-03-18,4.722,4.726,4.638,4.685,5055458,none,AKShare/新浪基金历史,2026-09-04T01:02:29.548814+08:00
508056,2022-03-21,4.685,4.766,4.678,4.753,3608393,none,AKShare/新浪基金历史,2026-09-04T01:02:29.548814+08:00
508056,2022-03-22,4.758,4.852,4.755,4.85,2893050,none,AKShare/新浪基金历史,2026-09-04T01:02:29.548814+08:00
508056,2022-03-23,4.851,4.915,4.832,4.864,7279595,none,AKShare/新浪基金历史,2026-09-04T01:02:29.548814+08:00
508056,2022-03-24,4.864,4.928,4.7,4.902,4905799,none,AKShare/新浪基金历史,2026-09-04T01:02:29.548814+08:00
508056,2022-03-25,4.899,4.912,4.863,4.899,2661232,none,AKShare/新浪基金历史,2026-09-04T01:02:29.548814+08:00
508056,2022-03-28,4.896,4.898,4.806,4.887,6195744,none,AKShare/新浪基金历史,2026-09-04T01:02:29.548814+08:00
508056,2022-03-29,4.887,4.9,4.867,4.872,1740636,none,AKShare/新浪基金历史,2026-09-04T01:02:29.548814+08:00
508056,2022-03-30,4.872,4.896,4.84,4.847,2766134,none,AKShare/新浪基金历史,2026-09-04T01:02:29.548814+08:00
508056,2022-03-31,4.847,4.847,4.8,4.829,2549629,none,AKShare/新浪基金历史,2026-09-04T01:02:29.548814+08:00
508056,2022-04-01,4.827,4.896,4.8,4.892,4359029,none,AKShare/新浪基金历史,2026-09-04T01:02:29.548814+08:00
508056,2022-04-06,4.892,4.892,4.821,4.855,5227028,none,AKShare/新浪基金历史,2026-09-04T01:02:29.548814+08:00
508056,2022-04-07,4.848,4.848,4.768,4.771,1648791,none,AKShare/新浪基金历史,2026-09-04T01:02:29.548814+08:00
508056,2022-04-08,4.77,4.814,4.77,4.804,2507998,none,AKShare/新浪基金历史,2026-09-04T01:02:29.548814+08:00
508056,2022-04-11,4.81,4.816,4.793,4.798,2834642,none,AKShare/新浪基金历史,2026-09-04T01:02:29.548814+08:00
508056,2022-04-12,4.8,4.835,4.792,4.812,4203483,none,AKShare/新浪基金历史,2026-09-04T01:02:29.548814+08:00
508056,2022-04-13,4.811,4.849,4.805,4.818,5402255,none,AKShare/新浪基金历史,2026-09-04T01:02:29.548814+08:00
508056,2022-04-14,4.818,4.83,4.805,4.814,3418382,none,AKShare/新浪基金历史,2026-09-04T01:02:29.548814+08:00
508056,2022-04-15,4.814,4.814,4.78,4.798,2935853,none,AKShare/新浪基金历史,2026-09-04T01:02:29.548814+08:00
508056,2022-04-18,4.795,4.819,4.774,4.813,4743977,none,AKShare/新浪基金历史,2026-09-04T01:02:29.548814+08:00
508056,2022-04-19,4.813,4.816,4.791,4.801,2636296,none,AKShare/新浪基金历史,2026-09-04T01:02:29.548814+08:00
508056,2022-04-20,4.8,4.811,4.796,4.808,2105668,none,AKShare/新浪基金历史,2026-09-04T01:02:29.548814+08:00
508056,2022-04-21,4.807,4.81,4.759,4.77,4263606,none,AKShare/新浪基金历史,2026-09-04T01:02:29.548814+08:00
508056,2022-04-22,4.77,4.77,4.697,4.752,6039683,none,AKShare/新浪基金历史,2026-09-04T01:02:29.548814+08:00
508056,2022-04-25,4.753,4.756,4.699,4.716,3000790,none,AKShare/新浪基金历史,2026-09-04T01:02:29.548814+08:00
508056,2022-04-26,4.716,4.742,4.682,4.734,3175622,none,AKShare/新浪基金历史,2026-09-04T01:02:29.548814+08:00
508056,2022-04-27,4.73,4.753,4.687,4.745,2577729,none,AKShare/新浪基金历史,2026-09-04T01:02:29.548814+08:00
508056,2022-04-28,4.744,4.748,4.682,4.685,3922425,none,AKShare/新浪基金历史,2026-09-04T01:02:29.548814+08:00
508056,2022-04-29,4.689,4.715,4.682,4.713,1141789,none,AKShare/新浪基金历史,2026-09-04T01:02:29.548814+08:00
508056,2022-05-05,4.712,4.712,4.651,4.667,3231182,none,AKShare/新浪基金历史,2026-09-04T01:02:29.548814+08:00
508056,2022-05-06,4.663,4.663,4.63,4.638,2701010,none,AKShare/新浪基金历史,2026-09-04T01:02:29.548814+08:00
508056,2022-05-09,4.643,4.663,4.6,4.646,4462870,none,AKShare/新浪基金历史,2026-09-04T01:02:29.548814+08:00
508056,2022-05-10,4.64,4.691,4.633,4.674,4033467,none,AKShare/新浪基金历史,2026-09-04T01:02:29.548814+08:00
508056,2022-05-11,4.678,4.763,4.678,4.751,5925079,none,AKShare/新浪基金历史,2026-09-04T01:02:29.548814+08:00
508056,2022-05-12,4.745,4.823,4.745,4.807,5320164,none,AKShare/新浪基金历史,2026-09-04T01:02:29.548814+08:00
508056,2022-05-13,4.804,4.832,4.781,4.796,2883136,none,AKShare/新浪基金历史,2026-09-04T01:02:29.548814+08:00
508056,2022-05-16,4.79,4.801,4.787,4.795,996054,none,AKShare/新浪基金历史,2026-09-04T01:02:29.548814+08:00
508056,2022-05-17,4.794,4.794,4.777,4.786,1970840,none,AKShare/新浪基金历史,2026-09-04T01:02:29.548814+08:00
508056,2022-05-18,4.786,4.791,4.77,4.775,1427903,none,AKShare/新浪基金历史,2026-09-04T01:02:29.548814+08:00
508056,2022-05-19,4.772,4.775,4.745,4.756,2193285,none,AKShare/新浪基金历史,2026-09-04T01:02:29.548814+08:00
508056,2022-05-20,4.756,4.785,4.74,4.773,910250,none,AKShare/新浪基金历史,2026-09-04T01:02:29.548814+08:00
508056,2022-05-23,4.769,4.772,4.743,4.754,2504636,none,AKShare/新浪基金历史,2026-09-04T01:02:29.548814+08:00
508056,2022-05-24,4.751,4.751,4.731,4.734,2959743,none,AKShare/新浪基金历史,2026-09-04T01:02:29.548814+08:00
508056,2022-05-25,4.734,4.767,4.725,4.746,2405598,none,AKShare/新浪基金历史,2026-09-04T01:02:29.548814+08:00
508056,2022-05-26,4.749,4.77,4.732,4.741,6935283,none,AKShare/新浪基金历史,2026-09-04T01:02:29.548814+08:00
508056,2022-05-27,4.74,4.753,4.727,4.733,5443815,none,AKShare/新浪基金历史,2026-09-04T01:02:29.548814+08:00
508056,2022-05-30,4.733,4.743,4.718,4.727,2267868,none,AKShare/新浪基金历史,2026-09-04T01:02:29.548814+08:00
508056,2022-05-31,4.723,4.723,4.691,4.697,4895114,none,AKShare/新浪基金历史,2026-09-04T01:02:29.548814+08:00
508056,2022-06-01,4.695,4.706,4.621,4.681,4551207,none,AKShare/新浪基金历史,2026-09-04T01:02:29.548814+08:00
508056,2022-06-02,4.677,4.709,4.652,4.708,5179756,none,AKShare/新浪基金历史,2026-09-04T01:02:29.548814+08:00
508056,2022-06-06,4.708,4.76,4.703,4.754,4553458,none,AKShare/新浪基金历史,2026-09-04T01:02:29.548814+08:00
508056,2022-06-07,4.759,4.819,4.758,4.816,4900578,none,AKShare/新浪基金历史,2026-09-04T01:02:29.548814+08:00
508056,2022-06-08,4.817,4.839,4.81,4.83,1895311,none,AKShare/新浪基金历史,2026-09-04T01:02:29.548814+08:00
508056,2022-06-09,4.821,4.864,4.774,4.852,5809264,none,AKShare/新浪基金历史,2026-09-04T01:02:29.548814+08:00
508056,2022-06-10,4.821,4.87,4.811,4.859,2776758,none,AKShare/新浪基金历史,2026-09-04T01:02:29.548814+08:00
508056,2022-06-13,4.821,4.884,4.81,4.878,2761215,none,AKShare/新浪基金历史,2026-09-04T01:02:29.548814+08:00
508056,2022-06-14,4.822,4.932,4.822,4.92,5666904,none,AKShare/新浪基金历史,2026-09-04T01:02:29.548814+08:00
508056,2022-06-15,4.838,4.953,4.838,4.932,2628910,none,AKShare/新浪基金历史,2026-09-04T01:02:29.548814+08:00
508056,2022-06-16,4.888,4.939,4.888,4.931,2415130,none,AKShare/新浪基金历史,2026-09-04T01:02:29.548814+08:00
508056,2022-06-17,4.869,4.966,4.869,4.946,2998218,none,AKShare/新浪基金历史,2026-09-04T01:02:29.548814+08:00
508056,2022-06-20,4.872,4.942,4.872,4.928,3507554,none,AKShare/新浪基金历史,2026-09-04T01:02:29.548814+08:00
508056,2022-06-21,4.89,4.946,4.89,4.906,3603818,none,AKShare/新浪基金历史,2026-09-04T01:02:29.548814+08:00
508056,2022-06-22,4.85,4.919,4.85,4.915,1489462,none,AKShare/新浪基金历史,2026-09-04T01:02:29.548814+08:00
508056,2022-06-23,4.91,4.992,4.91,4.978,4297997,none,AKShare/新浪基金历史,2026-09-04T01:02:29.548814+08:00
508056,2022-06-24,4.902,5.2,4.902,5.102,4569143,none,AKShare/新浪基金历史,2026-09-04T01:02:29.548814+08:00
508056,2022-06-27,5.106,5.155,5.102,5.144,4399995,none,AKShare/新浪基金历史,2026-09-04T01:02:29.548814+08:00
508056,2022-06-28,5.144,5.16,5.123,5.15,3746563,none,AKShare/新浪基金历史,2026-09-04T01:02:29.548814+08:00
508056,2022-06-29,5.15,5.202,5.091,5.154,7519856,none,AKShare/新浪基金历史,2026-09-04T01:02:29.548814+08:00
508056,2022-06-30,5.154,5.195,5.121,5.17,4873395,none,AKShare/新浪基金历史,2026-09-04T01:02:29.548814+08:00
508056,2022-07-01,5.17,5.17,5.143,5.156,3796075,none,AKShare/新浪基金历史,2026-09-04T01:02:29.548814+08:00
508056,2022-07-04,5.147,5.181,5.129,5.17,3694821,none,AKShare/新浪基金历史,2026-09-04T01:02:29.548814+08:00
508056,2022-07-05,5.17,5.17,5.12,5.136,3366364,none,AKShare/新浪基金历史,2026-09-04T01:02:29.548814+08:00
508056,2022-07-06,5.134,5.134,5.086,5.095,4117893,none,AKShare/新浪基金历史,2026-09-04T01:02:29.548814+08:00
508056,2022-07-07,5.091,5.091,5.036,5.058,3487079,none,AKShare/新浪基金历史,2026-09-04T01:02:29.548814+08:00
508056,2022-07-08,5.054,5.103,5.054,5.073,4244617,none,AKShare/新浪基金历史,2026-09-04T01:02:29.548814+08:00
508056,2022-07-11,5.071,5.071,5.021,5.038,7510310,none,AKShare/新浪基金历史,2026-09-04T01:02:29.548814+08:00
508056,2022-07-12,5.036,5.045,5.022,5.033,8327774,none,AKShare/新浪基金历史,2026-09-04T01:02:29.548814+08:00
508056,2022-07-13,5.031,5.031,4.999,5.013,6143645,none,AKShare/新浪基金历史,2026-09-04T01:02:29.548814+08:00
508056,2022-07-14,5.011,5.068,5.001,5.063,4603620,none,AKShare/新浪基金历史,2026-09-04T01:02:29.548814+08:00
508056,2022-07-15,5.061,5.108,5.054,5.09,4734340,none,AKShare/新浪基金历史,2026-09-04T01:02:29.548814+08:00
508056,2022-07-18,5.086,5.119,5.081,5.118,3412693,none,AKShare/新浪基金历史,2026-09-04T01:02:29.548814+08:00
508056,2022-07-19,5.116,5.148,5.091,5.125,5883444,none,AKShare/新浪基金历史,2026-09-04T01:02:29.548814+08:00
508056,2022-07-20,5.125,5.159,5.102,5.156,4143624,none,AKShare/新浪基金历史,2026-09-04T01:02:29.548814+08:00
508056,2022-07-21,5.152,5.188,5.127,5.18,5907905,none,AKShare/新浪基金历史,2026-09-04T01:02:29.548814+08:00
508056,2022-07-22,5.176,5.19,5.16,5.179,4416579,none,AKShare/新浪基金历史,2026-09-04T01:02:29.548814+08:00
508056,2022-07-25,5.175,5.208,5.152,5.179,6788185,none,AKShare/新浪基金历史,2026-09-04T01:02:29.548814+08:00
508056,2022-07-26,5.174,5.18,5.157,5.163,2396439,none,AKShare/新浪基金历史,2026-09-04T01:02:29.548814+08:00
508056,2022-07-27,5.163,5.178,5.151,5.165,4016339,none,AKShare/新浪基金历史,2026-09-04T01:02:29.548814+08:00
508056,2022-07-28,5.161,5.196,5.151,5.182,2918692,none,AKShare/新浪基金历史,2026-09-04T01:02:29.548814+08:00
508056,2022-07-29,5.183,5.226,5.165,5.222,5743850,none,AKShare/新浪基金历史,2026-09-04T01:02:29.548814+08:00
508056,2022-08-01,5.223,5.25,5.202,5.248,4594056,none,AKShare/新浪基金历史,2026-09-04T01:02:29.548814+08:00
508056,2022-08-02,5.244,5.295,5.215,5.289,4353886,none,AKShare/新浪基金历史,2026-09-04T01:02:29.548814+08:00
508056,2022-08-03,5.285,5.33,5.267,5.309,4464926,none,AKShare/新浪基金历史,2026-09-04T01:02:29.548814+08:00
508056,2022-08-04,5.307,5.341,5.289,5.329,4554033,none,AKShare/新浪基金历史,2026-09-04T01:02:29.548814+08:00
508056,2022-08-05,5.329,5.34,5.281,5.288,3906058,none,AKShare/新浪基金历史,2026-09-04T01:02:29.548814+08:00
508056,2022-08-08,5.284,5.284,5.24,5.256,4008003,none,AKShare/新浪基金历史,2026-09-04T01:02:29.548814+08:00
508056,2022-08-09,5.252,5.252,5.175,5.192,5828824,none,AKShare/新浪基金历史,2026-09-04T01:02:29.548814+08:00
508056,2022-08-10,5.189,5.232,5.169,5.209,4438824,none,AKShare/新浪基金历史,2026-09-04T01:02:29.548814+08:00
508056,2022-08-11,5.207,5.23,5.191,5.221,1571608,none,AKShare/新浪基金历史,2026-09-04T01:02:29.548814+08:00
508056,2022-08-12,5.219,5.304,5.202,5.299,4023231,none,AKShare/新浪基金历史,2026-09-04T01:02:29.548814+08:00
508056,2022-08-15,5.296,5.363,5.288,5.338,5163725,none,AKShare/新浪基金历史,2026-09-04T01:02:29.548814+08:00
508056,2022-08-16,5.341,5.37,5.334,5.362,4086337,none,AKShare/新浪基金历史,2026-09-04T01:02:29.548814+08:00
508056,2022-08-17,5.364,5.364,5.312,5.325,4119297,none,AKShare/新浪基金历史,2026-09-04T01:02:29.548814+08:00
508056,2022-08-18,5.32,5.337,5.312,5.333,2431575,none,AKShare/新浪基金历史,2026-09-04T01:02:29.548814+08:00
508056,2022-08-19,5.333,5.405,5.29,5.393,5150988,none,AKShare/新浪基金历史,2026-09-04T01:02:29.548814+08:00
508056,2022-08-22,5.393,5.495,5.311,5.342,9506476,none,AKShare/新浪基金历史,2026-09-04T01:02:29.548814+08:00
508056,2022-08-23,5.339,5.36,5.292,5.36,4623708,none,AKShare/新浪基金历史,2026-09-04T01:02:29.548814+08:00
508056,2022-08-24,5.359,5.359,5.316,5.337,5361399,none,AKShare/新浪基金历史,2026-09-04T01:02:29.548814+08:00
508056,2022-08-25,5.336,5.357,5.29,5.344,3090936,none,AKShare/新浪基金历史,2026-09-04T01:02:29.548814+08:00
508056,2022-08-26,5.341,5.348,5.288,5.323,4229754,none,AKShare/新浪基金历史,2026-09-04T01:02:29.548814+08:00
508056,2022-08-29,5.317,5.333,5.271,5.314,6027001,none,AKShare/新浪基金历史,2026-09-04T01:02:29.548814+08:00
508056,2022-08-30,5.309,5.364,5.28,5.35,5576623,none,AKShare/新浪基金历史,2026-09-04T01:02:29.548814+08:00
508056,2022-08-31,5.35,5.422,5.32,5.411,5848698,none,AKShare/新浪基金历史,2026-09-04T01:02:29.548814+08:00
508056,2022-09-01,5.406,5.44,5.347,5.382,3665983,none,AKShare/新浪基金历史,2026-09-04T01:02:29.548814+08:00
508056,2022-09-02,5.376,5.411,5.322,5.38,7613453,none,AKShare/新浪基金历史,2026-09-04T01:02:29.548814+08:00
508056,2022-09-05,5.373,5.4,5.353,5.371,2646070,none,AKShare/新浪基金历史,2026-09-04T01:02:29.548814+08:00
508056,2022-09-06,5.366,5.386,5.282,5.381,8399336,none,AKShare/新浪基金历史,2026-09-04T01:02:29.548814+08:00
508056,2022-09-07,5.376,5.459,5.341,5.415,7857571,none,AKShare/新浪基金历史,2026-09-04T01:02:29.548814+08:00
508056,2022-09-08,5.41,5.479,5.41,5.47,5795654,none,AKShare/新浪基金历史,2026-09-04T01:02:29.548814+08:00
508056,2022-09-09,5.468,5.549,5.448,5.548,6552248,none,AKShare/新浪基金历史,2026-09-04T01:02:29.548814+08:00
508056,2022-09-13,5.546,5.565,5.521,5.552,5806118,none,AKShare/新浪基金历史,2026-09-04T01:02:29.548814+08:00
508056,2022-09-14,5.547,5.547,5.49,5.514,3788088,none,AKShare/新浪基金历史,2026-09-04T01:02:29.548814+08:00
508056,2022-09-15,5.509,5.524,5.486,5.49,3085690,none,AKShare/新浪基金历史,2026-09-04T01:02:29.548814+08:00
508056,2022-09-16,5.485,5.496,5.426,5.432,3117000,none,AKShare/新浪基金历史,2026-09-04T01:02:29.548814+08:00
508056,2022-09-19,5.43,5.459,5.407,5.452,2580640,none,AKShare/新浪基金历史,2026-09-04T01:02:29.548814+08:00
508056,2022-09-20,5.447,5.511,5.447,5.456,4744677,none,AKShare/新浪基金历史,2026-09-04T01:02:29.548814+08:00
508056,2022-09-21,5.463,5.479,5.433,5.477,3943292,none,AKShare/新浪基金历史,2026-09-04T01:02:29.548814+08:00
508056,2022-09-22,5.482,5.52,5.482,5.516,4745560,none,AKShare/新浪基金历史,2026-09-04T01:02:29.548814+08:00
508056,2022-09-23,5.518,5.554,5.49,5.54,4982699,none,AKShare/新浪基金历史,2026-09-04T01:02:29.548814+08:00
508056,2022-09-26,5.54,5.583,5.534,5.553,3106599,none,AKShare/新浪基金历史,2026-09-04T01:02:29.548814+08:00
508056,2022-09-27,5.555,5.555,5.515,5.528,4948726,none,AKShare/新浪基金历史,2026-09-04T01:02:29.548814+08:00
508056,2022-09-28,5.55,5.666,5.55,5.639,11374752,none,AKShare/新浪基金历史,2026-09-04T01:02:29.548814+08:00
508056,2022-09-29,5.641,5.643,5.504,5.51,10213748,none,AKShare/新浪基金历史,2026-09-04T01:02:29.548814+08:00
508056,2022-09-30,5.504,5.509,5.401,5.458,8702086,none,AKShare/新浪基金历史,2026-09-04T01:02:29.548814+08:00
508056,2022-10-10,5.521,5.521,5.325,5.358,7151495,none,AKShare/新浪基金历史,2026-09-04T01:02:29.548814+08:00
508056,2022-10-11,5.351,5.36,5.295,5.349,5550694,none,AKShare/新浪基金历史,2026-09-04T01:02:29.548814+08:00
508056,2022-10-12,5.349,5.352,5.3,5.332,4780845,none,AKShare/新浪基金历史,2026-09-04T01:02:29.548814+08:00
508056,2022-10-13,5.332,5.363,5.302,5.36,4446146,none,AKShare/新浪基金历史,2026-09-04T01:02:29.548814+08:00
508056,2022-10-14,5.36,5.382,5.343,5.363,4422935,none,AKShare/新浪基金历史,2026-09-04T01:02:29.548814+08:00
508056,2022-10-17,5.356,5.368,5.319,5.348,4888465,none,AKShare/新浪基金历史,2026-09-04T01:02:29.548814+08:00
508056,2022-10-18,5.348,5.384,5.322,5.359,2904515,none,AKShare/新浪基金历史,2026-09-04T01:02:29.548814+08:00
508056,2022-10-19,5.359,5.374,5.354,5.359,1586696,none,AKShare/新浪基金历史,2026-09-04T01:02:29.548814+08:00
508056,2022-10-20,5.358,5.372,5.32,5.351,3372739,none,AKShare/新浪基金历史,2026-09-04T01:02:29.548814+08:00
508056,2022-10-21,5.346,5.362,5.306,5.326,5594008,none,AKShare/新浪基金历史,2026-09-04T01:02:29.548814+08:00
508056,2022-10-24,5.322,5.341,5.203,5.225,8381032,none,AKShare/新浪基金历史,2026-09-04T01:02:29.548814+08:00
508056,2022-10-25,5.22,5.22,5.115,5.181,9361364,none,AKShare/新浪基金历史,2026-09-04T01:02:29.548814+08:00
508056,2022-10-26,5.175,5.208,5.125,5.205,6714449,none,AKShare/新浪基金历史,2026-09-04T01:02:29.548814+08:00
508056,2022-10-27,5.198,5.205,5.1,5.126,5388292,none,AKShare/新浪基金历史,2026-09-04T01:02:29.548814+08:00
508056,2022-10-28,5.119,5.22,5.05,5.216,7101163,none,AKShare/新浪基金历史,2026-09-04T01:02:29.548814+08:00
508056,2022-10-31,5.216,5.216,5.128,5.176,4047038,none,AKShare/新浪基金历史,2026-09-04T01:02:29.548814+08:00
508056,2022-11-01,5.171,5.178,5.12,5.162,3891171,none,AKShare/新浪基金历史,2026-09-04T01:02:29.548814+08:00
508056,2022-11-02,5.154,5.218,5.091,5.21,4987610,none,AKShare/新浪基金历史,2026-09-04T01:02:29.548814+08:00
508056,2022-11-03,5.197,5.244,5.192,5.232,3730981,none,AKShare/新浪基金历史,2026-09-04T01:02:29.548814+08:00
508056,2022-11-04,5.23,5.28,5.196,5.271,8242526,none,AKShare/新浪基金历史,2026-09-04T01:02:29.548814+08:00
508056,2022-11-07,5.265,5.276,5.213,5.223,2840613,none,AKShare/新浪基金历史,2026-09-04T01:02:29.548814+08:00
508056,2022-11-08,5.217,5.229,5.1,5.169,5965222,none,AKShare/新浪基金历史,2026-09-04T01:02:29.548814+08:00
508056,2022-11-09,5.158,5.17,5.102,5.146,6695377,none,AKShare/新浪基金历史,2026-09-04T01:02:29.548814+08:00
508056,2022-11-10,5.142,5.159,5.11,5.143,2936999,none,AKShare/新浪基金历史,2026-09-04T01:02:29.548814+08:00
508056,2022-11-11,5.143,5.182,5.132,5.151,5063399,none,AKShare/新浪基金历史,2026-09-04T01:02:29.548814+08:00
508056,2022-11-14,5.151,5.157,5.107,5.122,4162782,none,AKShare/新浪基金历史,2026-09-04T01:02:29.548814+08:00
508056,2022-11-15,5.122,5.153,5.1,5.129,3003981,none,AKShare/新浪基金历史,2026-09-04T01:02:29.548814+08:00
508056,2022-11-16,5.122,5.145,5.122,5.129,4348881,none,AKShare/新浪基金历史,2026-09-04T01:02:29.548814+08:00
508056,2022-11-17,5.128,5.128,5.05,5.084,9167708,none,AKShare/新浪基金历史,2026-09-04T01:02:29.548814+08:00
508056,2022-11-18,5.081,5.104,5.031,5.104,4238094,none,AKShare/新浪基金历史,2026-09-04T01:02:29.548814+08:00
508056,2022-11-21,5.101,5.149,5.063,5.106,5658660,none,AKShare/新浪基金历史,2026-09-04T01:02:29.548814+08:00
508056,2022-11-22,5.101,5.105,5.06,5.072,3590521,none,AKShare/新浪基金历史,2026-09-04T01:02:29.548814+08:00
508056,2022-11-23,5.072,5.072,5.029,5.04,6283288,none,AKShare/新浪基金历史,2026-09-04T01:02:29.548814+08:00
508056,2022-11-24,5.04,5.067,5.002,5.041,4752401,none,AKShare/新浪基金历史,2026-09-04T01:02:29.548814+08:00
508056,2022-11-25,5.038,5.054,5.015,5.05,2050584,none,AKShare/新浪基金历史,2026-09-04T01:02:29.548814+08:00
508056,2022-11-28,5.05,5.053,5.019,5.032,2886919,none,AKShare/新浪基金历史,2026-09-04T01:02:29.548814+08:00
508056,2022-11-29,5.029,5.073,5.01,5.068,3949996,none,AKShare/新浪基金历史,2026-09-04T01:02:29.548814+08:00
508056,2022-11-30,5.068,5.077,5.026,5.073,3496941,none,AKShare/新浪基金历史,2026-09-04T01:02:29.548814+08:00
508056,2022-12-01,5.073,5.107,5.047,5.098,3763608,none,AKShare/新浪基金历史,2026-09-04T01:02:29.548814+08:00
508056,2022-12-02,5.098,5.145,5.069,5.114,5838368,none,AKShare/新浪基金历史,2026-09-04T01:02:29.548814+08:00
508056,2022-12-05,5.11,5.16,5.093,5.154,3734575,none,AKShare/新浪基金历史,2026-09-04T01:02:29.548814+08:00
508056,2022-12-06,5.154,5.198,5.151,5.176,6985446,none,AKShare/新浪基金历史,2026-09-04T01:02:29.548814+08:00
508056,2022-12-07,5.175,5.175,5.14,5.148,4151469,none,AKShare/新浪基金历史,2026-09-04T01:02:29.548814+08:00
508056,2022-12-08,5.149,5.189,5.103,5.151,4021168,none,AKShare/新浪基金历史,2026-09-04T01:02:29.548814+08:00
508056,2022-12-09,5.151,5.178,5.131,5.155,3226400,none,AKShare/新浪基金历史,2026-09-04T01:02:29.548814+08:00
508056,2022-12-12,5.158,5.184,5.113,5.125,3869186,none,AKShare/新浪基金历史,2026-09-04T01:02:29.548814+08:00
508056,2022-12-13,5.12,5.12,5.096,5.109,4664374,none,AKShare/新浪基金历史,2026-09-04T01:02:29.548814+08:00
508056,2022-12-14,5.104,5.109,5.074,5.09,3496590,none,AKShare/新浪基金历史,2026-09-04T01:02:29.548814+08:00
508056,2022-12-15,5.09,5.099,5.029,5.062,4096115,none,AKShare/新浪基金历史,2026-09-04T01:02:29.548814+08:00
508056,2022-12-16,5.056,5.078,5.046,5.063,2584662,none,AKShare/新浪基金历史,2026-09-04T01:02:29.548814+08:00
508056,2022-12-19,5.063,5.065,5.04,5.05,3578366,none,AKShare/新浪基金历史,2026-09-04T01:02:29.548814+08:00
508056,2022-12-20,5.05,5.058,5.0,5.024,1878883,none,AKShare/新浪基金历史,2026-09-04T01:02:29.548814+08:00
508056,2022-12-21,5.025,5.034,5.0,5.023,3768317,none,AKShare/新浪基金历史,2026-09-04T01:02:29.548814+08:00
508056,2022-12-22,5.023,5.049,5.003,5.038,3882640,none,AKShare/新浪基金历史,2026-09-04T01:02:29.548814+08:00
508056,2022-12-23,5.034,5.078,5.02,5.073,3492371,none,AKShare/新浪基金历史,2026-09-04T01:02:29.548814+08:00
508056,2022-12-26,5.072,5.124,4.85,5.092,5322524,none,AKShare/新浪基金历史,2026-09-04T01:02:29.548814+08:00
508056,2022-12-27,5.089,5.124,5.041,5.079,3981964,none,AKShare/新浪基金历史,2026-09-04T01:02:29.548814+08:00
508056,2022-12-28,5.065,5.065,4.97,5.016,6273223,none,AKShare/新浪基金历史,2026-09-04T01:02:29.548814+08:00
508056,2022-12-29,5.005,5.141,4.971,5.134,9501227,none,AKShare/新浪基金历史,2026-09-04T01:02:29.548814+08:00
508056,2022-12-30,5.134,5.404,5.068,5.397,14792973,none,AKShare/新浪基金历史,2026-09-04T01:02:29.548814+08:00
508056,2023-01-03,5.138,5.276,5.138,5.152,5309484,none,AKShare/新浪基金历史,2026-09-04T01:02:29.548814+08:00
508056,2023-01-04,5.138,5.139,5.029,5.037,5208249,none,AKShare/新浪基金历史,2026-09-04T01:02:29.548814+08:00
508056,2023-01-05,5.12,5.12,4.994,5.015,4783888,none,AKShare/新浪基金历史,2026-09-04T01:02:29.548814+08:00
508056,2023-01-06,5.111,5.111,5.0,5.035,6285535,none,AKShare/新浪基金历史,2026-09-04T01:02:29.548814+08:00
508056,2023-01-09,5.11,5.11,5.011,5.034,3036693,none,AKShare/新浪基金历史,2026-09-04T01:02:29.548814+08:00
508056,2023-01-10,5.026,5.053,5.002,5.049,3813293,none,AKShare/新浪基金历史,2026-09-04T01:02:29.548814+08:00
508056,2023-01-11,5.045,5.08,5.012,5.028,8765056,none,AKShare/新浪基金历史,2026-09-04T01:02:29.548814+08:00
508056,2023-01-12,5.021,5.071,4.992,5.014,6428954,none,AKShare/新浪基金历史,2026-09-04T01:02:29.548814+08:00
508056,2023-01-13,5.019,5.021,4.999,5.009,6473661,none,AKShare/新浪基金历史,2026-09-04T01:02:29.548814+08:00
508056,2023-01-16,5.008,5.012,4.981,4.994,3470721,none,AKShare/新浪基金历史,2026-09-04T01:02:29.548814+08:00
508056,2023-01-17,4.99,5.004,4.973,4.988,3816497,none,AKShare/新浪基金历史,2026-09-04T01:02:29.548814+08:00
508056,2023-01-18,4.984,5.012,4.965,4.99,5871151,none,AKShare/新浪基金历史,2026-09-04T01:02:29.548814+08:00
508056,2023-01-19,4.986,5.005,4.951,4.993,8646118,none,AKShare/新浪基金历史,2026-09-04T01:02:29.548814+08:00
508056,2023-01-20,4.989,5.059,4.962,5.004,11329659,none,AKShare/新浪基金历史,2026-09-04T01:02:29.548814+08:00
508056,2023-01-30,5.005,5.055,4.971,5.039,7818436,none,AKShare/新浪基金历史,2026-09-04T01:02:29.548814+08:00
508056,2023-01-31,5.035,5.149,5.035,5.127,10161974,none,AKShare/新浪基金历史,2026-09-04T01:02:29.548814+08:00
508056,2023-02-01,5.131,5.198,5.13,5.19,5933021,none,AKShare/新浪基金历史,2026-09-04T01:02:29.548814+08:00
508056,2023-02-02,5.193,5.211,5.107,5.153,9849686,none,AKShare/新浪基金历史,2026-09-04T01:02:29.548814+08:00
508056,2023-02-03,5.144,5.199,5.103,5.175,12428500,none,AKShare/新浪基金历史,2026-09-04T01:02:29.548814+08:00
508056,2023-02-06,5.17,5.19,5.144,5.172,10019598,none,AKShare/新浪基金历史,2026-09-04T01:02:29.548814+08:00
508056,2023-02-07,5.162,5.179,5.138,5.165,7065591,none,AKShare/新浪基金历史,2026-09-04T01:02:29.548814+08:00
508056,2023-02-08,5.155,5.169,5.127,5.143,3199259,none,AKShare/新浪基金历史,2026-09-04T01:02:29.548814+08:00
508056,2023-02-09,5.133,5.15,5.127,5.141,5595667,none,AKShare/新浪基金历史,2026-09-04T01:02:29.548814+08:00
508056,2023-02-10,5.141,5.189,5.135,5.178,13264759,none,AKShare/新浪基金历史,2026-09-04T01:02:29.548814+08:00
508056,2023-02-13,5.176,5.274,5.166,5.231,7179626,none,AKShare/新浪基金历史,2026-09-04T01:02:29.548814+08:00
508056,2023-02-14,5.23,5.308,5.221,5.292,8268699,none,AKShare/新浪基金历史,2026-09-04T01:02:29.548814+08:00
508056,2023-02-15,5.285,5.33,5.211,5.238,7887658,none,AKShare/新浪基金历史,2026-09-04T01:02:29.548814+08:00
508056,2023-02-16,5.23,5.279,5.189,5.209,14846372,none,AKShare/新浪基金历史,2026-09-04T01:02:29.548814+08:00
508056,2023-02-17,5.202,5.227,5.177,5.198,6874674,none,AKShare/新浪基金历史,2026-09-04T01:02:29.548814+08:00
508056,2023-02-20,5.195,5.24,5.18,5.222,4885527,none,AKShare/新浪基金历史,2026-09-04T01:02:29.548814+08:00
508056,2023-02-21,5.222,5.255,5.207,5.244,4835280,none,AKShare/新浪基金历史,2026-09-04T01:02:29.548814+08:00
508056,2023-02-22,5.241,5.288,5.191,5.201,7064682,none,AKShare/新浪基金历史,2026-09-04T01:02:29.548814+08:00
508056,2023-02-23,5.189,5.223,5.177,5.183,4735229,none,AKShare/新浪基金历史,2026-09-04T01:02:29.548814+08:00
508056,2023-02-24,5.18,5.199,5.102,5.14,6583396,none,AKShare/新浪基金历史,2026-09-04T01:02:29.548814+08:00
508056,2023-02-27,5.138,5.138,5.08,5.097,9795876,none,AKShare/新浪基金历史,2026-09-04T01:02:29.548814+08:00
508056,2023-02-28,5.097,5.12,5.084,5.112,6144221,none,AKShare/新浪基金历史,2026-09-04T01:02:29.548814+08:00
508056,2023-03-01,5.123,5.123,5.082,5.113,4964443,none,AKShare/新浪基金历史,2026-09-04T01:02:29.548814+08:00
508056,2023-03-02,5.113,5.137,5.09,5.106,7989794,none,AKShare/新浪基金历史,2026-09-04T01:02:29.548814+08:00
508056,2023-03-03,5.1,5.117,5.088,5.106,9386907,none,AKShare/新浪基金历史,2026-09-04T01:02:29.548814+08:00
508056,2023-03-06,5.106,5.119,5.067,5.073,4447320,none,AKShare/新浪基金历史,2026-09-04T01:02:29.548814+08:00
508056,2023-03-07,5.064,5.087,5.028,5.028,6328579,none,AKShare/新浪基金历史,2026-09-04T01:02:29.548814+08:00
508056,2023-03-08,5.03,5.038,5.005,5.02,4354547,none,AKShare/新浪基金历史,2026-09-04T01:02:29.548814+08:00
508056,2023-03-09,5.019,5.045,5.008,5.024,8197457,none,AKShare/新浪基金历史,2026-09-04T01:02:29.548814+08:00
508056,2023-03-10,5.024,5.039,5.003,5.023,5175787,none,AKShare/新浪基金历史,2026-09-04T01:02:29.548814+08:00
508056,2023-03-13,5.01,5.139,5.01,5.129,8569851,none,AKShare/新浪基金历史,2026-09-04T01:02:29.548814+08:00
508056,2023-03-14,5.121,5.121,5.07,5.078,7495795,none,AKShare/新浪基金历史,2026-09-04T01:02:29.548814+08:00
508056,2023-03-15,5.078,5.09,5.061,5.068,7137378,none,AKShare/新浪基金历史,2026-09-04T01:02:29.548814+08:00
508056,2023-03-16,5.069,5.082,5.021,5.053,5722601,none,AKShare/新浪基金历史,2026-09-04T01:02:29.548814+08:00
508056,2023-03-17,5.05,5.088,5.031,5.058,5915970,none,AKShare/新浪基金历史,2026-09-04T01:02:29.548814+08:00
508056,2023-03-20,5.058,5.069,5.027,5.038,5440659,none,AKShare/新浪基金历史,2026-09-04T01:02:29.548814+08:00
508056,2023-03-21,5.021,5.049,5.021,5.035,5870383,none,AKShare/新浪基金历史,2026-09-04T01:02:29.548814+08:00
508056,2023-03-22,5.035,5.052,5.022,5.036,5783948,none,AKShare/新浪基金历史,2026-09-04T01:02:29.548814+08:00
508056,2023-03-23,5.033,5.048,5.023,5.037,9150992,none,AKShare/新浪基金历史,2026-09-04T01:02:29.548814+08:00
508056,2023-03-24,5.048,5.048,5.015,5.036,9273605,none,AKShare/新浪基金历史,2026-09-04T01:02:29.548814+08:00
508056,2023-03-27,5.036,5.073,5.021,5.061,7481897,none,AKShare/新浪基金历史,2026-09-04T01:02:29.548814+08:00
508056,2023-03-28,5.06,5.099,5.041,5.049,9488139,none,AKShare/新浪基金历史,2026-09-04T01:02:29.548814+08:00
508056,2023-03-29,5.049,5.059,4.99,5.001,10020153,none,AKShare/新浪基金历史,2026-09-04T01:02:29.548814+08:00
508056,2023-03-30,5.001,5.043,4.992,5.042,5276132,none,AKShare/新浪基金历史,2026-09-04T01:02:29.548814+08:00
508056,2023-03-31,5.028,5.077,5.023,5.046,9304011,none,AKShare/新浪基金历史,2026-09-04T01:02:29.548814+08:00
508056,2023-04-03,5.047,5.065,5.022,5.024,6121130,none,AKShare/新浪基金历史,2026-09-04T01:02:29.548814+08:00
508056,2023-04-04,5.032,5.052,4.985,4.999,6880793,none,AKShare/新浪基金历史,2026-09-04T01:02:29.548814+08:00
508056,2023-04-06,4.958,4.958,4.875,4.902,7054273,none,AKShare/新浪基金历史,2026-09-04T01:02:29.548814+08:00
508056,2023-04-07,4.901,4.955,4.875,4.918,6645833,none,AKShare/新浪基金历史,2026-09-04T01:02:29.548814+08:00
508056,2023-04-10,4.929,4.942,4.903,4.913,6319774,none,AKShare/新浪基金历史,2026-09-04T01:02:29.548814+08:00
508056,2023-04-11,4.913,4.925,4.82,4.853,9285080,none,AKShare/新浪基金历史,2026-09-04T01:02:29.548814+08:00
508056,2023-04-12,4.853,4.865,4.722,4.782,10345212,none,AKShare/新浪基金历史,2026-09-04T01:02:29.548814+08:00
508056,2023-04-13,4.789,4.789,4.669,4.769,11150193,none,AKShare/新浪基金历史,2026-09-04T01:02:29.548814+08:00
508056,2023-04-14,4.755,4.813,4.735,4.792,10434072,none,AKShare/新浪基金历史,2026-09-04T01:02:29.548814+08:00
508056,2023-04-17,4.792,4.866,4.792,4.851,10321480,none,AKShare/新浪基金历史,2026-09-04T01:02:29.548814+08:00
508056,2023-04-18,4.85,4.898,4.84,4.878,10172056,none,AKShare/新浪基金历史,2026-09-04T01:02:29.548814+08:00
508056,2023-04-19,4.87,4.915,4.856,4.863,8624444,none,AKShare/新浪基金历史,2026-09-04T01:02:29.548814+08:00
508056,2023-04-20,4.873,4.884,4.816,4.843,6024768,none,AKShare/新浪基金历史,2026-09-04T01:02:29.548814+08:00
508056,2023-04-21,4.84,4.84,4.651,4.71,8624836,none,AKShare/新浪基金历史,2026-09-04T01:02:29.548814+08:00
508056,2023-04-24,4.71,4.739,4.68,4.735,3021936,none,AKShare/新浪基金历史,2026-09-04T01:02:29.548814+08:00
508056,2023-04-25,4.736,4.791,4.735,4.75,3430013,none,AKShare/新浪基金历史,2026-09-04T01:02:29.548814+08:00
508056,2023-04-26,4.746,4.76,4.713,4.735,2188072,none,AKShare/新浪基金历史,2026-09-04T01:02:29.548814+08:00
508056,2023-04-27,4.735,4.735,4.695,4.699,3217867,none,AKShare/新浪基金历史,2026-09-04T01:02:29.548814+08:00
508056,2023-04-28,4.699,4.725,4.685,4.722,2156582,none,AKShare/新浪基金历史,2026-09-04T01:02:29.548814+08:00
508056,2023-05-04,4.713,4.717,4.688,4.699,1116193,none,AKShare/新浪基金历史,2026-09-04T01:02:29.548814+08:00
508056,2023-05-05,4.698,4.712,4.693,4.698,1510932,none,AKShare/新浪基金历史,2026-09-04T01:02:29.548814+08:00
508056,2023-05-08,4.699,4.71,4.69,4.695,1306785,none,AKShare/新浪基金历史,2026-09-04T01:02:29.548814+08:00
508056,2023-05-09,4.695,4.714,4.684,4.712,1873091,none,AKShare/新浪基金历史,2026-09-04T01:02:29.548814+08:00
508056,2023-05-10,4.713,4.76,4.7,4.74,1693202,none,AKShare/新浪基金历史,2026-09-04T01:02:29.548814+08:00
508056,2023-05-11,4.74,4.75,4.685,4.698,2224766,none,AKShare/新浪基金历史,2026-09-04T01:02:29.548814+08:00
508056,2023-05-12,4.7,4.708,4.686,4.699,1774563,none,AKShare/新浪基金历史,2026-09-04T01:02:29.548814+08:00
508056,2023-05-15,4.699,4.714,4.675,4.686,2210254,none,AKShare/新浪基金历史,2026-09-04T01:02:29.548814+08:00
508056,2023-05-16,4.686,4.695,4.671,4.677,1315214,none,AKShare/新浪基金历史,2026-09-04T01:02:29.548814+08:00
508056,2023-05-17,4.677,4.696,4.673,4.68,1182989,none,AKShare/新浪基金历史,2026-09-04T01:02:29.548814+08:00
508056,2023-05-19,4.68,4.7,4.65,4.654,2242023,none,AKShare/新浪基金历史,2026-09-04T01:02:29.548814+08:00
508056,2023-05-22,4.65,4.65,4.613,4.632,2573337,none,AKShare/新浪基金历史,2026-09-04T01:02:29.548814+08:00
508056,2023-05-23,4.63,4.663,4.629,4.66,2614261,none,AKShare/新浪基金历史,2026-09-04T01:02:29.548814+08:00
508056,2023-05-24,4.664,4.675,4.66,4.667,1058324,none,AKShare/新浪基金历史,2026-09-04T01:02:29.548814+08:00
508056,2023-05-25,4.669,4.699,4.665,4.697,2532383,none,AKShare/新浪基金历史,2026-09-04T01:02:29.548814+08:00
508056,2023-05-26,4.697,4.704,4.648,4.69,2957894,none,AKShare/新浪基金历史,2026-09-04T01:02:29.548814+08:00
508056,2023-05-29,4.697,4.697,4.59,4.614,3882905,none,AKShare/新浪基金历史,2026-09-04T01:02:29.548814+08:00
508056,2023-05-30,4.6,4.6,4.43,4.48,3298873,none,AKShare/新浪基金历史,2026-09-04T01:02:29.548814+08:00
508056,2023-05-31,4.471,4.471,4.38,4.391,1369850,none,AKShare/新浪基金历史,2026-09-04T01:02:29.548814+08:00
508056,2023-06-01,4.391,4.466,4.366,4.415,4334186,none,AKShare/新浪基金历史,2026-09-04T01:02:29.548814+08:00
508056,2023-06-02,4.41,4.425,4.4,4.41,931962,none,AKShare/新浪基金历史,2026-09-04T01:02:29.548814+08:00
508056,2023-06-05,4.408,4.42,4.26,4.269,1658835,none,AKShare/新浪基金历史,2026-09-04T01:02:29.548814+08:00
508056,2023-06-06,4.27,4.271,4.0,4.197,4855913,none,AKShare/新浪基金历史,2026-09-04T01:02:29.548814+08:00
508056,2023-06-07,4.185,4.237,4.102,4.235,2057737,none,AKShare/新浪基金历史,2026-09-04T01:02:29.548814+08:00
508056,2023-06-08,4.215,4.35,4.215,4.339,6403256,none,AKShare/新浪基金历史,2026-09-04T01:02:29.548814+08:00
508056,2023-06-09,4.348,4.38,4.317,4.317,4098055,none,AKShare/新浪基金历史,2026-09-04T01:02:29.548814+08:00
508056,2023-06-12,4.317,4.317,4.251,4.286,2420054,none,AKShare/新浪基金历史,2026-09-04T01:02:29.548814+08:00
508056,2023-06-13,4.28,4.28,4.202,4.234,2901491,none,AKShare/新浪基金历史,2026-09-04T01:02:29.548814+08:00
508056,2023-06-14,4.231,4.231,4.182,4.19,1390667,none,AKShare/新浪基金历史,2026-09-04T01:02:29.548814+08:00
508056,2023-06-15,4.189,4.189,4.155,4.166,3156098,none,AKShare/新浪基金历史,2026-09-04T01:02:29.548814+08:00
508056,2023-06-16,4.182,4.223,4.172,4.22,1400874,none,AKShare/新浪基金历史,2026-09-04T01:02:29.548814+08:00
508056,2023-06-19,4.22,4.22,4.194,4.195,427474,none,AKShare/新浪基金历史,2026-09-04T01:02:29.548814+08:00
508056,2023-06-20,4.195,4.196,4.154,4.184,2476933,none,AKShare/新浪基金历史,2026-09-04T01:02:29.548814+08:00
508056,2023-06-21,4.184,4.198,4.144,4.151,1613134,none,AKShare/新浪基金历史,2026-09-04T01:02:29.548814+08:00
508056,2023-06-26,4.151,4.196,4.128,4.138,2374350,none,AKShare/新浪基金历史,2026-09-04T01:02:29.548814+08:00
508056,2023-06-27,4.143,4.159,4.11,4.116,978964,none,AKShare/新浪基金历史,2026-09-04T01:02:29.548814+08:00
508056,2023-06-28,4.11,4.11,4.052,4.07,3347956,none,AKShare/新浪基金历史,2026-09-04T01:02:29.548814+08:00
508056,2023-06-29,4.07,4.07,3.969,4.02,5038261,none,AKShare/新浪基金历史,2026-09-04T01:02:29.548814+08:00
508056,2023-06-30,4.009,4.009,3.946,3.956,5506897,none,AKShare/新浪基金历史,2026-09-04T01:02:29.548814+08:00
508056,2023-07-03,3.95,3.95,3.862,3.878,3586363,none,AKShare/新浪基金历史,2026-09-04T01:02:29.548814+08:00
508056,2023-07-04,3.876,3.882,3.799,3.799,4313234,none,AKShare/新浪基金历史,2026-09-04T01:02:29.548814+08:00
508056,2023-07-05,3.799,3.9,3.68,3.733,5001900,none,AKShare/新浪基金历史,2026-09-04T01:02:29.548814+08:00
508056,2023-07-06,3.747,3.966,3.72,3.93,5182283,none,AKShare/新浪基金历史,2026-09-04T01:02:29.548814+08:00
508056,2023-07-07,3.921,4.168,3.91,4.11,7002797,none,AKShare/新浪基金历史,2026-09-04T01:02:29.548814+08:00
508056,2023-07-10,4.11,4.199,4.105,4.131,3696929,none,AKShare/新浪基金历史,2026-09-04T01:02:29.548814+08:00
508056,2023-07-11,4.0,4.181,4.0,4.115,2856897,none,AKShare/新浪基金历史,2026-09-04T01:02:29.548814+08:00
508056,2023-07-12,4.098,4.134,4.038,4.103,3615000,none,AKShare/新浪基金历史,2026-09-04T01:02:29.548814+08:00
508056,2023-07-13,4.086,4.133,4.077,4.132,5823036,none,AKShare/新浪基金历史,2026-09-04T01:02:29.548814+08:00
508056,2023-07-14,4.115,4.185,4.104,4.139,4249822,none,AKShare/新浪基金历史,2026-09-04T01:02:29.548814+08:00
508056,2023-07-17,4.155,4.3,4.107,4.286,5339640,none,AKShare/新浪基金历史,2026-09-04T01:02:29.548814+08:00
508056,2023-07-18,4.286,4.418,4.286,4.389,5724492,none,AKShare/新浪基金历史,2026-09-04T01:02:29.548814+08:00
508056,2023-07-19,4.4,4.4,4.258,4.29,5539607,none,AKShare/新浪基金历史,2026-09-04T01:02:29.548814+08:00
508056,2023-07-20,4.286,4.329,4.198,4.199,2813266,none,AKShare/新浪基金历史,2026-09-04T01:02:29.548814+08:00
508056,2023-07-21,4.215,4.229,4.187,4.201,4367292,none,AKShare/新浪基金历史,2026-09-04T01:02:29.548814+08:00
508056,2023-07-24,4.201,4.222,4.151,4.211,6337497,none,AKShare/新浪基金历史,2026-09-04T01:02:29.548814+08:00
508056,2023-07-25,4.2,4.263,4.194,4.203,3804774,none,AKShare/新浪基金历史,2026-09-04T01:02:29.548814+08:00
508056,2023-07-26,4.202,4.24,4.176,4.206,1288675,none,AKShare/新浪基金历史,2026-09-04T01:02:29.548814+08:00
508056,2023-07-27,4.206,4.218,4.169,4.201,1644387,none,AKShare/新浪基金历史,2026-09-04T01:02:29.548814+08:00
508056,2023-07-28,4.208,4.22,4.167,4.203,2970649,none,AKShare/新浪基金历史,2026-09-04T01:02:29.548814+08:00
508056,2023-07-31,4.2,4.218,4.186,4.206,5995607,none,AKShare/新浪基金历史,2026-09-04T01:02:29.548814+08:00
508056,2023-08-01,4.205,4.309,4.181,4.289,7138714,none,AKShare/新浪基金历史,2026-09-04T01:02:29.548814+08:00
508056,2023-08-02,4.288,4.358,4.25,4.3,7497239,none,AKShare/新浪基金历史,2026-09-04T01:02:29.548814+08:00
508056,2023-08-03,4.296,4.34,4.267,4.299,4448782,none,AKShare/新浪基金历史,2026-09-04T01:02:29.548814+08:00
508056,2023-08-04,4.294,4.333,4.278,4.332,1802205,none,AKShare/新浪基金历史,2026-09-04T01:02:29.548814+08:00
508056,2023-08-07,4.331,4.363,4.3,4.357,3073412,none,AKShare/新浪基金历史,2026-09-04T01:02:29.548814+08:00
508056,2023-08-08,4.355,4.396,4.34,4.379,5027009,none,AKShare/新浪基金历史,2026-09-04T01:02:29.548814+08:00
508056,2023-08-09,4.379,4.409,4.363,4.399,1941129,none,AKShare/新浪基金历史,2026-09-04T01:02:29.548814+08:00
508056,2023-08-10,4.401,4.415,4.386,4.397,3081342,none,AKShare/新浪基金历史,2026-09-04T01:02:29.548814+08:00
508056,2023-08-11,4.397,4.397,4.369,4.369,1907299,none,AKShare/新浪基金历史,2026-09-04T01:02:29.548814+08:00
508056,2023-08-14,4.367,4.367,4.298,4.356,2605743,none,AKShare/新浪基金历史,2026-09-04T01:02:29.548814+08:00
508056,2023-08-15,4.34,4.398,4.333,4.355,2615784,none,AKShare/新浪基金历史,2026-09-04T01:02:29.548814+08:00
508056,2023-08-16,4.355,4.368,4.314,4.348,1441828,none,AKShare/新浪基金历史,2026-09-04T01:02:29.548814+08:00
508056,2023-08-17,4.32,4.34,4.302,4.315,1610571,none,AKShare/新浪基金历史,2026-09-04T01:02:29.548814+08:00
508056,2023-08-18,4.3,4.344,4.29,4.318,2799853,none,AKShare/新浪基金历史,2026-09-04T01:02:29.548814+08:00
508056,2023-08-21,4.315,4.317,4.217,4.262,2434460,none,AKShare/新浪基金历史,2026-09-04T01:02:29.548814+08:00
508056,2023-08-22,4.234,4.271,4.192,4.262,3923819,none,AKShare/新浪基金历史,2026-09-04T01:02:29.548814+08:00
508056,2023-08-23,4.246,4.295,4.234,4.29,3258256,none,AKShare/新浪基金历史,2026-09-04T01:02:29.548814+08:00
508056,2023-08-24,4.289,4.355,4.269,4.347,3600795,none,AKShare/新浪基金历史,2026-09-04T01:02:29.548814+08:00
508056,2023-08-25,4.33,4.398,4.319,4.395,4322051,none,AKShare/新浪基金历史,2026-09-04T01:02:29.548814+08:00
508056,2023-08-28,4.392,4.44,4.352,4.413,5552406,none,AKShare/新浪基金历史,2026-09-04T01:02:29.548814+08:00
508056,2023-08-29,4.399,4.415,4.341,4.382,4858467,none,AKShare/新浪基金历史,2026-09-04T01:02:29.548814+08:00
508056,2023-08-30,4.365,4.406,4.34,4.357,4913350,none,AKShare/新浪基金历史,2026-09-04T01:02:29.548814+08:00
508056,2023-08-31,4.34,4.358,4.328,4.337,2203243,none,AKShare/新浪基金历史,2026-09-04T01:02:29.548814+08:00
508056,2023-09-01,4.337,4.349,4.28,4.301,2966865,none,AKShare/新浪基金历史,2026-09-04T01:02:29.548814+08:00
508056,2023-09-04,4.301,4.359,4.266,4.302,6086196,none,AKShare/新浪基金历史,2026-09-04T01:02:29.548814+08:00
508056,2023-09-05,4.231,4.239,4.185,4.223,3513567,none,AKShare/新浪基金历史,2026-09-04T01:02:29.548814+08:00
508056,2023-09-06,4.215,4.223,4.191,4.2,4211608,none,AKShare/新浪基金历史,2026-09-04T01:02:29.548814+08:00
508056,2023-09-07,4.2,4.207,4.16,4.192,1992056,none,AKShare/新浪基金历史,2026-09-04T01:02:29.548814+08:00
508056,2023-09-08,4.185,4.215,4.175,4.21,2566505,none,AKShare/新浪基金历史,2026-09-04T01:02:29.548814+08:00
508056,2023-09-11,4.215,4.328,4.212,4.315,6272282,none,AKShare/新浪基金历史,2026-09-04T01:02:29.548814+08:00
508056,2023-09-12,4.316,4.339,4.279,4.28,2293171,none,AKShare/新浪基金历史,2026-09-04T01:02:29.548814+08:00
508056,2023-09-13,4.262,4.291,4.262,4.273,1172271,none,AKShare/新浪基金历史,2026-09-04T01:02:29.548814+08:00
508056,2023-09-14,4.27,4.273,4.213,4.257,2226374,none,AKShare/新浪基金历史,2026-09-04T01:02:29.548814+08:00
508056,2023-09-15,4.245,4.263,4.217,4.236,1906760,none,AKShare/新浪基金历史,2026-09-04T01:02:29.548814+08:00
508056,2023-09-18,4.219,4.24,4.217,4.223,1357433,none,AKShare/新浪基金历史,2026-09-04T01:02:29.548814+08:00
508056,2023-09-19,4.217,4.238,4.197,4.227,1932964,none,AKShare/新浪基金历史,2026-09-04T01:02:29.548814+08:00
508056,2023-09-20,4.225,4.269,4.215,4.262,1771125,none,AKShare/新浪基金历史,2026-09-04T01:02:29.548814+08:00
508056,2023-09-21,4.257,4.268,4.22,4.266,1122810,none,AKShare/新浪基金历史,2026-09-04T01:02:29.548814+08:00
508056,2023-09-22,4.245,4.289,4.22,4.288,3729890,none,AKShare/新浪基金历史,2026-09-04T01:02:29.548814+08:00
508056,2023-09-25,4.275,4.289,4.271,4.283,2041168,none,AKShare/新浪基金历史,2026-09-04T01:02:29.548814+08:00
508056,2023-09-26,4.28,4.287,4.265,4.28,1681592,none,AKShare/新浪基金历史,2026-09-04T01:02:29.548814+08:00
508056,2023-09-27,4.28,4.28,4.247,4.263,3524256,none,AKShare/新浪基金历史,2026-09-04T01:02:29.548814+08:00
508056,2023-09-28,4.263,4.269,4.235,4.242,1570293,none,AKShare/新浪基金历史,2026-09-04T01:02:29.548814+08:00
508056,2023-10-09,4.242,4.242,4.211,4.211,1201947,none,AKShare/新浪基金历史,2026-09-04T01:02:29.548814+08:00
508056,2023-10-10,4.209,4.214,4.191,4.2,929938,none,AKShare/新浪基金历史,2026-09-04T01:02:29.548814+08:00
508056,2023-10-11,4.196,4.201,4.121,4.137,2367290,none,AKShare/新浪基金历史,2026-09-04T01:02:29.548814+08:00
508056,2023-10-12,4.137,4.149,4.111,4.132,2279119,none,AKShare/新浪基金历史,2026-09-04T01:02:29.548814+08:00
508056,2023-10-13,4.138,4.138,4.091,4.103,1501557,none,AKShare/新浪基金历史,2026-09-04T01:02:29.548814+08:00
508056,2023-10-16,4.107,4.107,3.991,3.999,1867387,none,AKShare/新浪基金历史,2026-09-04T01:02:29.548814+08:00
508056,2023-10-17,3.999,4.015,3.937,3.985,2431548,none,AKShare/新浪基金历史,2026-09-04T01:02:29.548814+08:00
508056,2023-10-18,3.991,3.995,3.901,3.981,3112048,none,AKShare/新浪基金历史,2026-09-04T01:02:29.548814+08:00
508056,2023-10-19,3.979,3.979,3.89,3.908,2318437,none,AKShare/新浪基金历史,2026-09-04T01:02:29.548814+08:00
508056,2023-10-20,3.907,3.907,3.809,3.823,2271421,none,AKShare/新浪基金历史,2026-09-04T01:02:29.548814+08:00
508056,2023-10-23,3.81,3.81,3.709,3.735,5513403,none,AKShare/新浪基金历史,2026-09-04T01:02:29.548814+08:00
508056,2023-10-24,3.721,3.8,3.701,3.748,4942623,none,AKShare/新浪基金历史,2026-09-04T01:02:29.548814+08:00
508056,2023-10-25,3.736,3.826,3.736,3.786,7464937,none,AKShare/新浪基金历史,2026-09-04T01:02:29.548814+08:00
508056,2023-10-26,3.785,3.81,3.744,3.805,4569512,none,AKShare/新浪基金历史,2026-09-04T01:02:29.548814+08:00
508056,2023-10-27,3.819,3.826,3.781,3.818,6027649,none,AKShare/新浪基金历史,2026-09-04T01:02:29.548814+08:00
508056,2023-10-30,3.827,3.827,3.77,3.79,4957322,none,AKShare/新浪基金历史,2026-09-04T01:02:29.548814+08:00
508056,2023-10-31,3.797,3.82,3.758,3.766,4328708,none,AKShare/新浪基金历史,2026-09-04T01:02:29.548814+08:00
508056,2023-11-01,3.766,3.766,3.707,3.713,2443221,none,AKShare/新浪基金历史,2026-09-04T01:02:29.548814+08:00
508056,2023-11-02,3.702,3.72,3.658,3.703,2412616,none,AKShare/新浪基金历史,2026-09-04T01:02:29.548814+08:00
508056,2023-11-03,3.712,3.739,3.669,3.69,2022587,none,AKShare/新浪基金历史,2026-09-04T01:02:29.548814+08:00
508056,2023-11-06,3.704,3.704,3.661,3.681,2747661,none,AKShare/新浪基金历史,2026-09-04T01:02:29.548814+08:00
508056,2023-11-07,3.681,3.698,3.64,3.655,1603050,none,AKShare/新浪基金历史,2026-09-04T01:02:29.548814+08:00
508056,2023-11-08,3.642,3.69,3.638,3.671,2501929,none,AKShare/新浪基金历史,2026-09-04T01:02:29.548814+08:00
508056,2023-11-09,3.68,3.733,3.67,3.725,3388921,none,AKShare/新浪基金历史,2026-09-04T01:02:29.548814+08:00
508056,2023-11-10,3.718,3.731,3.681,3.727,2495959,none,AKShare/新浪基金历史,2026-09-04T01:02:29.548814+08:00
508056,2023-11-13,3.725,3.763,3.691,3.719,1546100,none,AKShare/新浪基金历史,2026-09-04T01:02:29.548814+08:00
508056,2023-11-14,3.725,3.746,3.699,3.705,2033357,none,AKShare/新浪基金历史,2026-09-04T01:02:29.548814+08:00
508056,2023-11-15,3.704,3.75,3.661,3.674,1939741,none,AKShare/新浪基金历史,2026-09-04T01:02:29.548814+08:00
508056,2023-11-16,3.674,3.678,3.636,3.665,1465611,none,AKShare/新浪基金历史,2026-09-04T01:02:29.548814+08:00
508056,2023-11-17,3.65,3.659,3.629,3.64,1730005,none,AKShare/新浪基金历史,2026-09-04T01:02:29.548814+08:00
508056,2023-11-20,3.628,3.659,3.554,3.6,4429978,none,AKShare/新浪基金历史,2026-09-04T01:02:29.548814+08:00
508056,2023-11-21,3.585,3.585,3.52,3.525,7005492,none,AKShare/新浪基金历史,2026-09-04T01:02:29.548814+08:00
508056,2023-11-22,3.51,3.519,3.443,3.456,5121085,none,AKShare/新浪基金历史,2026-09-04T01:02:29.548814+08:00
508056,2023-11-23,3.449,3.449,3.386,3.388,3396697,none,AKShare/新浪基金历史,2026-09-04T01:02:29.548814+08:00
508056,2023-11-24,3.39,3.392,3.263,3.273,6491293,none,AKShare/新浪基金历史,2026-09-04T01:02:29.548814+08:00
508056,2023-11-27,3.26,3.27,3.155,3.194,6609344,none,AKShare/新浪基金历史,2026-09-04T01:02:29.548814+08:00
508056,2023-11-28,3.181,3.192,3.142,3.162,3806425,none,AKShare/新浪基金历史,2026-09-04T01:02:29.548814+08:00
508056,2023-11-29,3.162,3.189,3.093,3.171,5279634,none,AKShare/新浪基金历史,2026-09-04T01:02:29.548814+08:00
508056,2023-11-30,3.157,3.198,3.113,3.18,9117473,none,AKShare/新浪基金历史,2026-09-04T01:02:29.548814+08:00
508056,2023-12-01,3.175,3.18,3.135,3.17,3628907,none,AKShare/新浪基金历史,2026-09-04T01:02:29.548814+08:00
508056,2023-12-04,3.167,3.167,3.11,3.127,6773329,none,AKShare/新浪基金历史,2026-09-04T01:02:29.548814+08:00
508056,2023-12-05,3.114,3.13,3.08,3.124,5495168,none,AKShare/新浪基金历史,2026-09-04T01:02:29.548814+08:00
508056,2023-12-06,3.12,3.185,3.1,3.165,3718074,none,AKShare/新浪基金历史,2026-09-04T01:02:29.548814+08:00
508056,2023-12-07,3.165,3.206,3.154,3.203,2931274,none,AKShare/新浪基金历史,2026-09-04T01:02:29.548814+08:00
508056,2023-12-08,3.21,3.224,3.149,3.169,3554769,none,AKShare/新浪基金历史,2026-09-04T01:02:29.548814+08:00
508056,2023-12-11,3.156,3.188,3.102,3.118,2970758,none,AKShare/新浪基金历史,2026-09-04T01:02:29.548814+08:00
508056,2023-12-12,3.12,3.129,3.019,3.104,6684915,none,AKShare/新浪基金历史,2026-09-04T01:02:29.548814+08:00
508056,2023-12-13,3.091,3.121,3.021,3.116,3767082,none,AKShare/新浪基金历史,2026-09-04T01:02:29.548814+08:00
508056,2023-12-14,3.103,3.116,3.04,3.086,9346545,none,AKShare/新浪基金历史,2026-09-04T01:02:29.548814+08:00
508056,2023-12-15,3.066,3.19,3.04,3.18,5892908,none,AKShare/新浪基金历史,2026-09-04T01:02:29.548814+08:00
508056,2023-12-18,3.178,3.221,3.135,3.167,9773400,none,AKShare/新浪基金历史,2026-09-04T01:02:29.548814+08:00
508056,2023-12-19,3.148,3.165,3.11,3.143,3553112,none,AKShare/新浪基金历史,2026-09-04T01:02:29.548814+08:00
508056,2023-12-20,3.14,3.17,3.106,3.158,7748479,none,AKShare/新浪基金历史,2026-09-04T01:02:29.548814+08:00
508056,2023-12-21,3.124,3.204,3.106,3.188,9442453,none,AKShare/新浪基金历史,2026-09-04T01:02:29.548814+08:00
508056,2023-12-22,3.19,3.36,3.19,3.282,16201344,none,AKShare/新浪基金历史,2026-09-04T01:02:29.548814+08:00
508056,2023-12-25,3.3,3.36,3.205,3.319,12412553,none,AKShare/新浪基金历史,2026-09-04T01:02:29.548814+08:00
508056,2023-12-26,3.319,3.38,3.26,3.365,11102634,none,AKShare/新浪基金历史,2026-09-04T01:02:29.548814+08:00
508056,2023-12-27,3.329,3.5,3.265,3.404,16237874,none,AKShare/新浪基金历史,2026-09-04T01:02:29.548814+08:00
508056,2023-12-28,3.321,3.472,3.32,3.43,18551428,none,AKShare/新浪基金历史,2026-09-04T01:02:29.548814+08:00
508056,2023-12-29,3.408,3.431,3.369,3.41,20815334,none,AKShare/新浪基金历史,2026-09-04T01:02:29.548814+08:00
508056,2024-01-02,3.387,3.387,3.28,3.295,6491458,none,AKShare/新浪基金历史,2026-09-04T01:02:29.548814+08:00
508056,2024-01-03,3.259,3.315,3.206,3.223,5734723,none,AKShare/新浪基金历史,2026-09-04T01:02:29.548814+08:00
508056,2024-01-04,3.21,3.234,3.156,3.175,5690392,none,AKShare/新浪基金历史,2026-09-04T01:02:29.548814+08:00
508056,2024-01-05,3.17,3.216,3.06,3.073,7470449,none,AKShare/新浪基金历史,2026-09-04T01:02:29.548814+08:00
508056,2024-01-08,3.073,3.087,2.938,2.971,9127137,none,AKShare/新浪基金历史,2026-09-04T01:02:29.548814+08:00
508056,2024-01-09,2.959,2.959,2.779,2.784,10354418,none,AKShare/新浪基金历史,2026-09-04T01:02:29.548814+08:00
508056,2024-01-10,2.773,2.774,2.598,2.677,14202215,none,AKShare/新浪基金历史,2026-09-04T01:02:29.548814+08:00
508056,2024-01-11,2.681,2.7,2.62,2.629,13303811,none,AKShare/新浪基金历史,2026-09-04T01:02:29.548814+08:00
508056,2024-01-12,2.618,2.654,2.561,2.61,11469754,none,AKShare/新浪基金历史,2026-09-04T01:02:29.548814+08:00
508056,2024-01-15,2.614,2.699,2.556,2.697,11792241,none,AKShare/新浪基金历史,2026-09-04T01:02:29.548814+08:00
508056,2024-01-16,2.696,2.816,2.67,2.8,11443120,none,AKShare/新浪基金历史,2026-09-04T01:02:29.548814+08:00
508056,2024-01-17,2.8,2.914,2.8,2.893,11715034,none,AKShare/新浪基金历史,2026-09-04T01:02:29.548814+08:00
508056,2024-01-18,2.805,2.905,2.764,2.896,8536823,none,AKShare/新浪基金历史,2026-09-04T01:02:29.548814+08:00
508056,2024-01-19,2.896,2.97,2.868,2.935,11616871,none,AKShare/新浪基金历史,2026-09-04T01:02:29.548814+08:00
508056,2024-01-22,2.938,2.938,2.89,2.9,4266578,none,AKShare/新浪基金历史,2026-09-04T01:02:29.548814+08:00
508056,2024-01-23,2.9,2.9,2.8,2.807,7218114,none,AKShare/新浪基金历史,2026-09-04T01:02:29.548814+08:00
508056,2024-01-24,2.8,2.847,2.783,2.817,4407922,none,AKShare/新浪基金历史,2026-09-04T01:02:29.548814+08:00
508056,2024-01-25,2.812,2.921,2.8,2.917,7297061,none,AKShare/新浪基金历史,2026-09-04T01:02:29.548814+08:00
508056,2024-01-26,2.927,2.999,2.89,2.962,7591690,none,AKShare/新浪基金历史,2026-09-04T01:02:29.548814+08:00
508056,2024-01-29,2.962,3.039,2.962,3.012,9679160,none,AKShare/新浪基金历史,2026-09-04T01:02:29.548814+08:00
508056,2024-01-30,3.012,3.063,2.978,3.043,5782712,none,AKShare/新浪基金历史,2026-09-04T01:02:29.548814+08:00
508056,2024-01-31,3.041,3.08,2.987,3.011,4883458,none,AKShare/新浪基金历史,2026-09-04T01:02:29.548814+08:00
508056,2024-02-01,3.009,3.009,2.972,3.005,3342076,none,AKShare/新浪基金历史,2026-09-04T01:02:29.548814+08:00
508056,2024-02-02,3.0,3.039,2.98,3.01,5262307,none,AKShare/新浪基金历史,2026-09-04T01:02:29.548814+08:00
508056,2024-02-05,3.01,3.024,2.936,2.972,4127947,none,AKShare/新浪基金历史,2026-09-04T01:02:29.548814+08:00
508056,2024-02-06,2.972,3.022,2.905,2.928,5512143,none,AKShare/新浪基金历史,2026-09-04T01:02:29.548814+08:00
508056,2024-02-07,2.928,2.932,2.886,2.929,5194677,none,AKShare/新浪基金历史,2026-09-04T01:02:29.548814+08:00
508056,2024-02-08,2.929,3.057,2.92,3.025,5316993,none,AKShare/新浪基金历史,2026-09-04T01:02:29.548814+08:00
508056,2024-02-19,3.04,3.241,3.04,3.227,12449124,none,AKShare/新浪基金历史,2026-09-04T01:02:29.548814+08:00
508056,2024-02-20,3.25,3.44,3.227,3.285,7044199,none,AKShare/新浪基金历史,2026-09-04T01:02:29.548814+08:00
508056,2024-02-21,3.286,3.374,3.24,3.359,5647952,none,AKShare/新浪基金历史,2026-09-04T01:02:29.548814+08:00
508056,2024-02-22,3.353,3.405,3.322,3.404,4061827,none,AKShare/新浪基金历史,2026-09-04T01:02:29.548814+08:00
508056,2024-02-23,3.407,3.497,3.405,3.489,9268084,none,AKShare/新浪基金历史,2026-09-04T01:02:29.548814+08:00
508056,2024-02-26,3.494,3.601,3.4,3.6,7050398,none,AKShare/新浪基金历史,2026-09-04T01:02:29.548814+08:00
508056,2024-02-27,3.558,3.621,3.418,3.528,11010013,none,AKShare/新浪基金历史,2026-09-04T01:02:29.548814+08:00
508056,2024-02-28,3.525,3.525,3.451,3.484,4833176,none,AKShare/新浪基金历史,2026-09-04T01:02:29.548814+08:00
508056,2024-02-29,3.4,3.56,3.4,3.553,4837798,none,AKShare/新浪基金历史,2026-09-04T01:02:29.548814+08:00
508056,2024-03-01,3.548,3.66,3.548,3.659,7465823,none,AKShare/新浪基金历史,2026-09-04T01:02:29.548814+08:00
508056,2024-03-04,3.661,3.744,3.65,3.714,6089540,none,AKShare/新浪基金历史,2026-09-04T01:02:29.548814+08:00
508056,2024-03-05,3.714,3.755,3.688,3.713,4047132,none,AKShare/新浪基金历史,2026-09-04T01:02:29.548814+08:00
508056,2024-03-06,3.7,3.735,3.603,3.646,7044656,none,AKShare/新浪基金历史,2026-09-04T01:02:29.548814+08:00
508056,2024-03-07,3.646,3.689,3.578,3.596,6743267,none,AKShare/新浪基金历史,2026-09-04T01:02:29.548814+08:00
508056,2024-03-08,3.609,3.609,3.521,3.58,6454640,none,AKShare/新浪基金历史,2026-09-04T01:02:29.548814+08:00
508056,2024-03-11,3.594,3.631,3.561,3.613,3384666,none,AKShare/新浪基金历史,2026-09-04T01:02:29.548814+08:00
508056,2024-03-12,3.6,3.626,3.53,3.616,4664877,none,AKShare/新浪基金历史,2026-09-04T01:02:29.548814+08:00
508056,2024-03-13,3.616,3.618,3.569,3.595,3952602,none,AKShare/新浪基金历史,2026-09-04T01:02:29.548814+08:00
508056,2024-03-14,3.593,3.605,3.56,3.588,3456483,none,AKShare/新浪基金历史,2026-09-04T01:02:29.548814+08:00
508056,2024-03-15,3.577,3.602,3.57,3.578,3530097,none,AKShare/新浪基金历史,2026-09-04T01:02:29.548814+08:00
508056,2024-03-18,3.58,3.593,3.58,3.589,2857960,none,AKShare/新浪基金历史,2026-09-04T01:02:29.548814+08:00
508056,2024-03-19,3.6,3.63,3.544,3.573,3246293,none,AKShare/新浪基金历史,2026-09-04T01:02:29.548814+08:00
508056,2024-03-20,3.577,3.577,3.528,3.546,2766059,none,AKShare/新浪基金历史,2026-09-04T01:02:29.548814+08:00
508056,2024-03-21,3.547,3.549,3.49,3.545,5703648,none,AKShare/新浪基金历史,2026-09-04T01:02:29.548814+08:00
508056,2024-03-22,3.535,3.551,3.495,3.512,5123409,none,AKShare/新浪基金历史,2026-09-04T01:02:29.548814+08:00
508056,2024-03-25,3.508,3.508,3.467,3.495,2475610,none,AKShare/新浪基金历史,2026-09-04T01:02:29.548814+08:00
508056,2024-03-26,3.495,3.536,3.471,3.518,2400315,none,AKShare/新浪基金历史,2026-09-04T01:02:29.548814+08:00
508056,2024-03-27,3.518,3.617,3.512,3.587,2860955,none,AKShare/新浪基金历史,2026-09-04T01:02:29.548814+08:00
508056,2024-03-28,3.588,3.61,3.552,3.561,2097760,none,AKShare/新浪基金历史,2026-09-04T01:02:29.548814+08:00
508056,2024-03-29,3.561,3.599,3.541,3.568,3024033,none,AKShare/新浪基金历史,2026-09-04T01:02:29.548814+08:00
508056,2024-04-01,3.575,3.592,3.511,3.555,2814136,none,AKShare/新浪基金历史,2026-09-04T01:02:29.548814+08:00
508056,2024-04-02,3.555,3.555,3.472,3.527,6443013,none,AKShare/新浪基金历史,2026-09-04T01:02:29.548814+08:00
508056,2024-04-03,3.471,3.504,3.462,3.471,2770519,none,AKShare/新浪基金历史,2026-09-04T01:02:29.548814+08:00
508056,2024-04-08,3.471,3.518,3.447,3.469,3601028,none,AKShare/新浪基金历史,2026-09-04T01:02:29.548814+08:00
508056,2024-04-09,3.473,3.479,3.42,3.468,5982364,none,AKShare/新浪基金历史,2026-09-04T01:02:29.548814+08:00
508056,2024-04-10,3.467,3.517,3.46,3.488,4793571,none,AKShare/新浪基金历史,2026-09-04T01:02:29.548814+08:00
508056,2024-04-11,3.484,3.541,3.484,3.515,4844095,none,AKShare/新浪基金历史,2026-09-04T01:02:29.548814+08:00
508056,2024-04-12,3.515,3.515,3.461,3.502,3920915,none,AKShare/新浪基金历史,2026-09-04T01:02:29.548814+08:00
508056,2024-04-15,3.495,3.52,3.463,3.492,2495265,none,AKShare/新浪基金历史,2026-09-04T01:02:29.548814+08:00
508056,2024-04-16,3.49,3.5,3.425,3.476,4140059,none,AKShare/新浪基金历史,2026-09-04T01:02:29.548814+08:00
508056,2024-04-17,3.465,3.525,3.436,3.52,3042777,none,AKShare/新浪基金历史,2026-09-04T01:02:29.548814+08:00
508056,2024-04-18,3.52,3.587,3.509,3.566,2640654,none,AKShare/新浪基金历史,2026-09-04T01:02:29.548814+08:00
508056,2024-04-19,3.556,3.583,3.532,3.57,1592625,none,AKShare/新浪基金历史,2026-09-04T01:02:29.548814+08:00
508056,2024-04-22,3.555,3.608,3.539,3.597,1969420,none,AKShare/新浪基金历史,2026-09-04T01:02:29.548814+08:00
508056,2024-04-23,3.595,3.615,3.575,3.594,2181493,none,AKShare/新浪基金历史,2026-09-04T01:02:29.548814+08:00
508056,2024-04-24,3.585,3.598,3.572,3.589,1628959,none,AKShare/新浪基金历史,2026-09-04T01:02:29.548814+08:00
508056,2024-04-25,3.588,3.666,3.568,3.64,2295681,none,AKShare/新浪基金历史,2026-09-04T01:02:29.548814+08:00
508056,2024-04-26,3.64,3.716,3.64,3.676,4014621,none,AKShare/新浪基金历史,2026-09-04T01:02:29.548814+08:00
508056,2024-04-29,3.677,3.715,3.619,3.659,3059199,none,AKShare/新浪基金历史,2026-09-04T01:02:29.548814+08:00
508056,2024-04-30,3.654,3.665,3.606,3.646,4142307,none,AKShare/新浪基金历史,2026-09-04T01:02:29.548814+08:00
508056,2024-05-06,3.636,3.684,3.635,3.651,2839175,none,AKShare/新浪基金历史,2026-09-04T01:02:29.548814+08:00
508056,2024-05-07,3.648,3.694,3.618,3.683,3785813,none,AKShare/新浪基金历史,2026-09-04T01:02:29.548814+08:00
508056,2024-05-08,3.676,3.698,3.645,3.66,1999268,none,AKShare/新浪基金历史,2026-09-04T01:02:29.548814+08:00
508056,2024-05-09,3.658,3.674,3.628,3.663,2537022,none,AKShare/新浪基金历史,2026-09-04T01:02:29.548814+08:00
508056,2024-05-10,3.671,3.69,3.648,3.684,1489465,none,AKShare/新浪基金历史,2026-09-04T01:02:29.548814+08:00
508056,2024-05-13,3.677,3.698,3.651,3.685,1612553,none,AKShare/新浪基金历史,2026-09-04T01:02:29.548814+08:00
508056,2024-05-14,3.676,3.694,3.653,3.666,1913054,none,AKShare/新浪基金历史,2026-09-04T01:02:29.548814+08:00
508056,2024-05-15,3.655,3.666,3.61,3.632,2336684,none,AKShare/新浪基金历史,2026-09-04T01:02:29.548814+08:00
508056,2024-05-16,3.618,3.639,3.57,3.598,2341006,none,AKShare/新浪基金历史,2026-09-04T01:02:29.548814+08:00
508056,2024-05-17,3.598,3.625,3.572,3.618,1862114,none,AKShare/新浪基金历史,2026-09-04T01:02:29.548814+08:00
508056,2024-05-20,3.618,3.618,3.596,3.609,2178861,none,AKShare/新浪基金历史,2026-09-04T01:02:29.548814+08:00
508056,2024-05-21,3.598,3.608,3.578,3.584,2811927,none,AKShare/新浪基金历史,2026-09-04T01:02:29.548814+08:00
508056,2024-05-22,3.578,3.588,3.553,3.569,2225822,none,AKShare/新浪基金历史,2026-09-04T01:02:29.548814+08:00
508056,2024-05-23,3.568,3.574,3.518,3.561,3566411,none,AKShare/新浪基金历史,2026-09-04T01:02:29.548814+08:00
508056,2024-05-24,3.56,3.608,3.538,3.606,2505500,none,AKShare/新浪基金历史,2026-09-04T01:02:29.548814+08:00
508056,2024-05-27,3.609,3.633,3.606,3.62,2089446,none,AKShare/新浪基金历史,2026-09-04T01:02:29.548814+08:00
508056,2024-05-28,3.62,3.641,3.584,3.617,2795293,none,AKShare/新浪基金历史,2026-09-04T01:02:29.548814+08:00
508056,2024-05-29,3.6,3.643,3.6,3.629,2607574,none,AKShare/新浪基金历史,2026-09-04T01:02:29.548814+08:00
508056,2024-05-30,3.621,3.63,3.606,3.62,1595703,none,AKShare/新浪基金历史,2026-09-04T01:02:29.548814+08:00
508056,2024-05-31,3.62,3.631,3.598,3.617,7585790,none,AKShare/新浪基金历史,2026-09-04T01:02:29.548814+08:00
508056,2024-06-03,3.617,3.628,3.578,3.609,2918911,none,AKShare/新浪基金历史,2026-09-04T01:02:29.548814+08:00
508056,2024-06-04,3.599,3.612,3.565,3.594,3874755,none,AKShare/新浪基金历史,2026-09-04T01:02:29.548814+08:00
508056,2024-06-05,3.585,3.602,3.571,3.595,2116722,none,AKShare/新浪基金历史,2026-09-04T01:02:29.548814+08:00
508056,2024-06-06,3.592,3.621,3.568,3.598,6331617,none,AKShare/新浪基金历史,2026-09-04T01:02:29.548814+08:00
508056,2024-06-07,3.588,3.606,3.584,3.598,696840,none,AKShare/新浪基金历史,2026-09-04T01:02:29.548814+08:00
508056,2024-06-11,3.592,3.592,3.57,3.582,1461960,none,AKShare/新浪基金历史,2026-09-04T01:02:29.548814+08:00
508056,2024-06-12,3.58,3.59,3.55,3.564,2841018,none,AKShare/新浪基金历史,2026-09-04T01:02:29.548814+08:00
508056,2024-06-13,3.564,3.58,3.536,3.58,1984232,none,AKShare/新浪基金历史,2026-09-04T01:02:29.548814+08:00
508056,2024-06-14,3.568,3.598,3.557,3.585,2335924,none,AKShare/新浪基金历史,2026-09-04T01:02:29.548814+08:00
508056,2024-06-17,3.598,3.598,3.544,3.558,1672871,none,AKShare/新浪基金历史,2026-09-04T01:02:29.548814+08:00
508056,2024-06-18,3.552,3.592,3.544,3.55,1896169,none,AKShare/新浪基金历史,2026-09-04T01:02:29.548814+08:00
508056,2024-06-19,3.548,3.568,3.479,3.54,13857721,none,AKShare/新浪基金历史,2026-09-04T01:02:29.548814+08:00
508056,2024-06-20,3.538,3.538,3.501,3.529,3141438,none,AKShare/新浪基金历史,2026-09-04T01:02:29.548814+08:00
508056,2024-06-21,3.529,3.56,3.497,3.555,3308503,none,AKShare/新浪基金历史,2026-09-04T01:02:29.548814+08:00
508056,2024-06-24,3.556,3.587,3.545,3.569,3630125,none,AKShare/新浪基金历史,2026-09-04T01:02:29.548814+08:00
508056,2024-06-25,3.578,3.578,3.515,3.568,7743957,none,AKShare/新浪基金历史,2026-09-04T01:02:29.548814+08:00
508056,2024-06-26,3.551,3.589,3.528,3.575,2963681,none,AKShare/新浪基金历史,2026-09-04T01:02:29.548814+08:00
508056,2024-06-27,3.575,3.595,3.546,3.584,3206679,none,AKShare/新浪基金历史,2026-09-04T01:02:29.548814+08:00
508056,2024-06-28,3.584,3.598,3.54,3.576,6856462,none,AKShare/新浪基金历史,2026-09-04T01:02:29.548814+08:00
508056,2024-07-01,3.511,3.511,3.368,3.415,18180897,none,AKShare/新浪基金历史,2026-09-04T01:02:29.548814+08:00
508056,2024-07-02,3.368,3.46,3.348,3.449,12641945,none,AKShare/新浪基金历史,2026-09-04T01:02:29.548814+08:00
508056,2024-07-03,3.444,3.46,3.418,3.457,2195752,none,AKShare/新浪基金历史,2026-09-04T01:02:29.548814+08:00
508056,2024-07-04,3.448,3.448,3.394,3.416,6523321,none,AKShare/新浪基金历史,2026-09-04T01:02:29.548814+08:00
508056,2024-07-05,3.408,3.426,3.4,3.419,2228645,none,AKShare/新浪基金历史,2026-09-04T01:02:29.548814+08:00
508056,2024-07-08,3.419,3.419,3.384,3.407,1431214,none,AKShare/新浪基金历史,2026-09-04T01:02:29.548814+08:00
508056,2024-07-09,3.406,3.411,3.386,3.398,2876016,none,AKShare/新浪基金历史,2026-09-04T01:02:29.548814+08:00
508056,2024-07-10,3.398,3.449,3.375,3.415,3228009,none,AKShare/新浪基金历史,2026-09-04T01:02:29.548814+08:00
508056,2024-07-11,3.406,3.434,3.347,3.376,8799341,none,AKShare/新浪基金历史,2026-09-04T01:02:29.548814+08:00
508056,2024-07-12,3.366,3.398,3.348,3.367,3998306,none,AKShare/新浪基金历史,2026-09-04T01:02:29.548814+08:00
508056,2024-07-15,3.378,3.405,3.343,3.402,4226757,none,AKShare/新浪基金历史,2026-09-04T01:02:29.548814+08:00
508056,2024-07-16,3.401,3.418,3.368,3.401,2861714,none,AKShare/新浪基金历史,2026-09-04T01:02:29.548814+08:00
508056,2024-07-17,3.398,3.415,3.388,3.405,2446677,none,AKShare/新浪基金历史,2026-09-04T01:02:29.548814+08:00
508056,2024-07-18,3.405,3.41,3.364,3.404,2747323,none,AKShare/新浪基金历史,2026-09-04T01:02:29.548814+08:00
508056,2024-07-19,3.404,3.424,3.4,3.41,1905135,none,AKShare/新浪基金历史,2026-09-04T01:02:29.548814+08:00
508056,2024-07-22,3.41,3.41,3.381,3.405,1743275,none,AKShare/新浪基金历史,2026-09-04T01:02:29.548814+08:00
508056,2024-07-23,3.408,3.41,3.371,3.401,2783615,none,AKShare/新浪基金历史,2026-09-04T01:02:29.548814+08:00
508056,2024-07-24,3.388,3.405,3.388,3.4,1509203,none,AKShare/新浪基金历史,2026-09-04T01:02:29.548814+08:00
508056,2024-07-25,3.4,3.409,3.361,3.4,901359,none,AKShare/新浪基金历史,2026-09-04T01:02:29.548814+08:00
508056,2024-07-26,3.399,3.42,3.37,3.417,3702879,none,AKShare/新浪基金历史,2026-09-04T01:02:29.548814+08:00
508056,2024-07-29,3.418,3.449,3.405,3.439,4143285,none,AKShare/新浪基金历史,2026-09-04T01:02:29.548814+08:00
508056,2024-07-30,3.445,3.473,3.416,3.468,3734574,none,AKShare/新浪基金历史,2026-09-04T01:02:29.548814+08:00
508056,2024-07-31,3.474,3.485,3.446,3.48,2994920,none,AKShare/新浪基金历史,2026-09-04T01:02:29.548814+08:00
508056,2024-08-01,3.48,3.5,3.449,3.488,4494611,none,AKShare/新浪基金历史,2026-09-04T01:02:29.548814+08:00
508056,2024-08-02,3.454,3.454,3.41,3.442,2506967,none,AKShare/新浪基金历史,2026-09-04T01:02:29.548814+08:00
508056,2024-08-05,3.434,3.492,3.402,3.487,1934995,none,AKShare/新浪基金历史,2026-09-04T01:02:29.548814+08:00
508056,2024-08-06,3.487,3.556,3.475,3.554,4750060,none,AKShare/新浪基金历史,2026-09-04T01:02:29.548814+08:00
508056,2024-08-07,3.542,3.636,3.536,3.618,4157869,none,AKShare/新浪基金历史,2026-09-04T01:02:29.548814+08:00
508056,2024-08-08,3.612,3.667,3.591,3.602,5046532,none,AKShare/新浪基金历史,2026-09-04T01:02:29.548814+08:00
508056,2024-08-09,3.601,3.632,3.575,3.625,2762708,none,AKShare/新浪基金历史,2026-09-04T01:02:29.548814+08:00
508056,2024-08-12,3.625,3.642,3.611,3.636,2219915,none,AKShare/新浪基金历史,2026-09-04T01:02:29.548814+08:00
508056,2024-08-13,3.636,3.649,3.601,3.64,2189888,none,AKShare/新浪基金历史,2026-09-04T01:02:29.548814+08:00
508056,2024-08-14,3.626,3.659,3.601,3.656,3665968,none,AKShare/新浪基金历史,2026-09-04T01:02:29.548814+08:00
508056,2024-08-15,3.657,3.669,3.625,3.657,3899000,none,AKShare/新浪基金历史,2026-09-04T01:02:29.548814+08:00
508056,2024-08-16,3.652,3.66,3.627,3.652,3058604,none,AKShare/新浪基金历史,2026-09-04T01:02:29.548814+08:00
508056,2024-08-19,3.644,3.655,3.6,3.618,2682023,none,AKShare/新浪基金历史,2026-09-04T01:02:29.548814+08:00
508056,2024-08-20,3.608,3.623,3.565,3.6,4272346,none,AKShare/新浪基金历史,2026-09-04T01:02:29.548814+08:00
508056,2024-08-21,3.583,3.604,3.565,3.595,3816387,none,AKShare/新浪基金历史,2026-09-04T01:02:29.548814+08:00
508056,2024-08-22,3.585,3.595,3.562,3.576,4376699,none,AKShare/新浪基金历史,2026-09-04T01:02:29.548814+08:00
508056,2024-08-23,3.567,3.587,3.539,3.562,3337613,none,AKShare/新浪基金历史,2026-09-04T01:02:29.548814+08:00
508056,2024-08-26,3.555,3.568,3.535,3.543,2715001,none,AKShare/新浪基金历史,2026-09-04T01:02:29.548814+08:00
508056,2024-08-27,3.547,3.552,3.501,3.538,2939176,none,AKShare/新浪基金历史,2026-09-04T01:02:29.548814+08:00
508056,2024-08-28,3.532,3.568,3.508,3.541,2442484,none,AKShare/新浪基金历史,2026-09-04T01:02:29.548814+08:00
508056,2024-08-29,3.55,3.558,3.48,3.492,4875295,none,AKShare/新浪基金历史,2026-09-04T01:02:29.548814+08:00
508056,2024-08-30,3.484,3.499,3.465,3.488,6272828,none,AKShare/新浪基金历史,2026-09-04T01:02:29.548814+08:00
508056,2024-09-02,3.492,3.51,3.464,3.501,3826543,none,AKShare/新浪基金历史,2026-09-04T01:02:29.548814+08:00
508056,2024-09-03,3.5,3.521,3.462,3.484,3155512,none,AKShare/新浪基金历史,2026-09-04T01:02:29.548814+08:00
508056,2024-09-04,3.488,3.488,3.428,3.467,4891441,none,AKShare/新浪基金历史,2026-09-04T01:02:29.548814+08:00
508056,2024-09-05,3.472,3.478,3.428,3.467,4974601,none,AKShare/新浪基金历史,2026-09-04T01:02:29.548814+08:00
508056,2024-09-06,3.465,3.469,3.44,3.459,3283569,none,AKShare/新浪基金历史,2026-09-04T01:02:29.548814+08:00
508056,2024-09-09,3.46,3.468,3.445,3.46,820016,none,AKShare/新浪基金历史,2026-09-04T01:02:29.548814+08:00
508056,2024-09-10,3.46,3.462,3.425,3.45,4412486,none,AKShare/新浪基金历史,2026-09-04T01:02:29.548814+08:00
508056,2024-09-11,3.439,3.47,3.413,3.463,2288508,none,AKShare/新浪基金历史,2026-09-04T01:02:29.548814+08:00
508056,2024-09-12,3.479,3.479,3.432,3.455,2119546,none,AKShare/新浪基金历史,2026-09-04T01:02:29.548814+08:00
508056,2024-09-13,3.457,3.465,3.416,3.459,2315656,none,AKShare/新浪基金历史,2026-09-04T01:02:29.548814+08:00
508056,2024-09-18,3.462,3.48,3.429,3.443,2733212,none,AKShare/新浪基金历史,2026-09-04T01:02:29.548814+08:00
508056,2024-09-19,3.443,3.46,3.41,3.421,4761493,none,AKShare/新浪基金历史,2026-09-04T01:02:29.548814+08:00
508056,2024-09-20,3.421,3.448,3.396,3.429,2157760,none,AKShare/新浪基金历史,2026-09-04T01:02:29.548814+08:00
508056,2024-09-23,3.435,3.435,3.403,3.417,2693799,none,AKShare/新浪基金历史,2026-09-04T01:02:29.548814+08:00
508056,2024-09-24,3.417,3.474,3.401,3.471,1523843,none,AKShare/新浪基金历史,2026-09-04T01:02:29.548814+08:00
508056,2024-09-25,3.472,3.514,3.441,3.5,3177768,none,AKShare/新浪基金历史,2026-09-04T01:02:29.548814+08:00
508056,2024-09-26,3.5,3.516,3.463,3.498,5104769,none,AKShare/新浪基金历史,2026-09-04T01:02:29.548814+08:00
508056,2024-09-27,3.492,3.497,3.473,3.493,1643281,none,AKShare/新浪基金历史,2026-09-04T01:02:29.548814+08:00
508056,2024-09-30,3.493,3.493,3.392,3.452,5288296,none,AKShare/新浪基金历史,2026-09-04T01:02:29.548814+08:00
508056,2024-10-08,3.52,3.553,3.421,3.452,6195214,none,AKShare/新浪基金历史,2026-09-04T01:02:29.548814+08:00
508056,2024-10-09,3.452,3.485,3.422,3.464,4671264,none,AKShare/新浪基金历史,2026-09-04T01:02:29.548814+08:00
508056,2024-10-10,3.464,3.472,3.422,3.463,4235059,none,AKShare/新浪基金历史,2026-09-04T01:02:29.548814+08:00
508056,2024-10-11,3.454,3.493,3.436,3.475,2759217,none,AKShare/新浪基金历史,2026-09-04T01:02:29.548814+08:00
508056,2024-10-14,3.476,3.51,3.461,3.476,2461301,none,AKShare/新浪基金历史,2026-09-04T01:02:29.548814+08:00
508056,2024-10-15,3.474,3.49,3.462,3.482,1935441,none,AKShare/新浪基金历史,2026-09-04T01:02:29.548814+08:00
508056,2024-10-16,3.482,3.505,3.465,3.488,2144867,none,AKShare/新浪基金历史,2026-09-04T01:02:29.548814+08:00
508056,2024-10-17,3.488,3.5,3.459,3.486,1307825,none,AKShare/新浪基金历史,2026-09-04T01:02:29.548814+08:00
508056,2024-10-18,3.475,3.497,3.455,3.495,2769974,none,AKShare/新浪基金历史,2026-09-04T01:02:29.548814+08:00
508056,2024-10-21,3.495,3.495,3.456,3.473,2603363,none,AKShare/新浪基金历史,2026-09-04T01:02:29.548814+08:00
508056,2024-10-22,3.473,3.491,3.472,3.49,4216646,none,AKShare/新浪基金历史,2026-09-04T01:02:29.548814+08:00
508056,2024-10-23,3.478,3.5,3.476,3.482,3034295,none,AKShare/新浪基金历史,2026-09-04T01:02:29.548814+08:00
508056,2024-10-24,3.478,3.5,3.462,3.48,2932117,none,AKShare/新浪基金历史,2026-09-04T01:02:29.548814+08:00
508056,2024-10-25,3.479,3.487,3.462,3.483,3773357,none,AKShare/新浪基金历史,2026-09-04T01:02:29.548814+08:00
508056,2024-10-28,3.485,3.495,3.465,3.481,3343299,none,AKShare/新浪基金历史,2026-09-04T01:02:29.548814+08:00
508056,2024-10-29,3.48,3.49,3.478,3.481,4230083,none,AKShare/新浪基金历史,2026-09-04T01:02:29.548814+08:00
508056,2024-10-30,3.467,3.467,3.407,3.434,4288005,none,AKShare/新浪基金历史,2026-09-04T01:02:29.548814+08:00
508056,2024-10-31,3.434,3.482,3.405,3.425,4522709,none,AKShare/新浪基金历史,2026-09-04T01:02:29.548814+08:00
508056,2024-11-01,3.418,3.427,3.411,3.421,1355954,none,AKShare/新浪基金历史,2026-09-04T01:02:29.548814+08:00
508056,2024-11-04,3.42,3.427,3.413,3.418,2856552,none,AKShare/新浪基金历史,2026-09-04T01:02:29.548814+08:00
508056,2024-11-05,3.425,3.425,3.4,3.406,4215346,none,AKShare/新浪基金历史,2026-09-04T01:02:29.548814+08:00
508056,2024-11-06,3.4,3.417,3.397,3.409,2520738,none,AKShare/新浪基金历史,2026-09-04T01:02:29.548814+08:00
508056,2024-11-07,3.4,3.415,3.37,3.385,3021415,none,AKShare/新浪基金历史,2026-09-04T01:02:29.548814+08:00
508056,2024-11-08,3.385,3.389,3.356,3.364,4163991,none,AKShare/新浪基金历史,2026-09-04T01:02:29.548814+08:00
508056,2024-11-11,3.364,3.379,3.353,3.376,1247261,none,AKShare/新浪基金历史,2026-09-04T01:02:29.548814+08:00
508056,2024-11-12,3.376,3.391,3.36,3.372,2924389,none,AKShare/新浪基金历史,2026-09-04T01:02:29.548814+08:00
508056,2024-11-13,3.374,3.379,3.35,3.366,5981452,none,AKShare/新浪基金历史,2026-09-04T01:02:29.548814+08:00
508056,2024-11-14,3.366,3.379,3.35,3.35,749043,none,AKShare/新浪基金历史,2026-09-04T01:02:29.548814+08:00
508056,2024-11-15,3.352,3.365,3.336,3.344,3245109,none,AKShare/新浪基金历史,2026-09-04T01:02:29.548814+08:00
508056,2024-11-18,3.346,3.353,3.332,3.337,3463074,none,AKShare/新浪基金历史,2026-09-04T01:02:29.548814+08:00
508056,2024-11-19,3.345,3.348,3.318,3.323,34758060,none,AKShare/新浪基金历史,2026-09-04T01:02:29.548814+08:00
508056,2024-11-20,3.319,3.347,3.319,3.322,2124977,none,AKShare/新浪基金历史,2026-09-04T01:02:29.548814+08:00
508056,2024-11-21,3.324,3.333,3.312,3.318,3507238,none,AKShare/新浪基金历史,2026-09-04T01:02:29.548814+08:00
508056,2024-11-22,3.315,3.33,3.296,3.306,3874315,none,AKShare/新浪基金历史,2026-09-04T01:02:29.548814+08:00
508056,2024-11-25,3.291,3.32,3.282,3.299,2071285,none,AKShare/新浪基金历史,2026-09-04T01:02:29.548814+08:00
508056,2024-11-26,3.288,3.305,3.276,3.289,1711581,none,AKShare/新浪基金历史,2026-09-04T01:02:29.548814+08:00
508056,2024-11-27,3.289,3.296,3.274,3.289,1356390,none,AKShare/新浪基金历史,2026-09-04T01:02:29.548814+08:00
508056,2024-11-28,3.278,3.295,3.259,3.271,2388898,none,AKShare/新浪基金历史,2026-09-04T01:02:29.548814+08:00
508056,2024-11-29,3.27,3.307,3.255,3.26,3340297,none,AKShare/新浪基金历史,2026-09-04T01:02:29.548814+08:00
508056,2024-12-02,3.27,3.28,3.256,3.269,1978045,none,AKShare/新浪基金历史,2026-09-04T01:02:29.548814+08:00
508056,2024-12-03,3.265,3.28,3.25,3.268,1790064,none,AKShare/新浪基金历史,2026-09-04T01:02:29.548814+08:00
508056,2024-12-04,3.269,3.269,3.255,3.264,1293523,none,AKShare/新浪基金历史,2026-09-04T01:02:29.548814+08:00
508056,2024-12-05,3.256,3.276,3.243,3.257,3705750,none,AKShare/新浪基金历史,2026-09-04T01:02:29.548814+08:00
508056,2024-12-06,3.257,3.263,3.24,3.246,4730264,none,AKShare/新浪基金历史,2026-09-04T01:02:29.548814+08:00
508056,2024-12-09,3.241,3.255,3.22,3.239,2680543,none,AKShare/新浪基金历史,2026-09-04T01:02:29.548814+08:00
508056,2024-12-10,3.23,3.271,3.228,3.254,1810967,none,AKShare/新浪基金历史,2026-09-04T01:02:29.548814+08:00
508056,2024-12-11,3.26,3.328,3.255,3.317,3131834,none,AKShare/新浪基金历史,2026-09-04T01:02:29.548814+08:00
508056,2024-12-12,3.329,3.329,3.281,3.305,3300042,none,AKShare/新浪基金历史,2026-09-04T01:02:29.548814+08:00
508056,2024-12-13,3.309,3.321,3.281,3.291,1866132,none,AKShare/新浪基金历史,2026-09-04T01:02:29.548814+08:00
508056,2024-12-16,3.301,3.302,3.275,3.288,2637339,none,AKShare/新浪基金历史,2026-09-04T01:02:29.548814+08:00
508056,2024-12-17,3.281,3.299,3.261,3.286,1504901,none,AKShare/新浪基金历史,2026-09-04T01:02:29.548814+08:00
508056,2024-12-18,3.288,3.288,3.263,3.274,1376108,none,AKShare/新浪基金历史,2026-09-04T01:02:29.548814+08:00
508056,2024-12-19,3.274,3.274,3.23,3.254,2319851,none,AKShare/新浪基金历史,2026-09-04T01:02:29.548814+08:00
508056,2024-12-20,3.253,3.253,3.227,3.237,2128800,none,AKShare/新浪基金历史,2026-09-04T01:02:29.548814+08:00
508056,2024-12-23,3.237,3.271,3.23,3.237,2946848,none,AKShare/新浪基金历史,2026-09-04T01:02:29.548814+08:00
508056,2024-12-24,3.238,3.269,3.233,3.239,1241859,none,AKShare/新浪基金历史,2026-09-04T01:02:29.548814+08:00
508056,2024-12-25,3.248,3.277,3.237,3.277,1902811,none,AKShare/新浪基金历史,2026-09-04T01:02:29.548814+08:00
508056,2024-12-26,3.277,3.291,3.242,3.264,3671753,none,AKShare/新浪基金历史,2026-09-04T01:02:29.548814+08:00
508056,2024-12-27,3.265,3.319,3.252,3.315,5446909,none,AKShare/新浪基金历史,2026-09-04T01:02:29.548814+08:00
508056,2024-12-30,3.315,3.36,3.302,3.346,4716733,none,AKShare/新浪基金历史,2026-09-04T01:02:29.548814+08:00
508056,2024-12-31,3.35,3.428,3.325,3.38,9097265,none,AKShare/新浪基金历史,2026-09-04T01:02:29.548814+08:00
508056,2025-01-02,3.339,3.36,3.3,3.344,3472630,none,AKShare/新浪基金历史,2026-09-04T01:02:29.548814+08:00
508056,2025-01-03,3.346,3.375,3.335,3.352,7853641,none,AKShare/新浪基金历史,2026-09-04T01:02:29.548814+08:00
508056,2025-01-06,3.352,3.385,3.33,3.37,6463388,none,AKShare/新浪基金历史,2026-09-04T01:02:29.548814+08:00
508056,2025-01-07,3.37,3.379,3.333,3.361,3574851,none,AKShare/新浪基金历史,2026-09-04T01:02:29.548814+08:00
508056,2025-01-08,3.361,3.369,3.339,3.362,3711578,none,AKShare/新浪基金历史,2026-09-04T01:02:29.548814+08:00
508056,2025-01-09,3.362,3.415,3.333,3.41,6803360,none,AKShare/新浪基金历史,2026-09-04T01:02:29.548814+08:00
508056,2025-01-10,3.412,3.468,3.385,3.459,6777614,none,AKShare/新浪基金历史,2026-09-04T01:02:29.548814+08:00
508056,2025-01-13,3.465,3.475,3.428,3.458,7505905,none,AKShare/新浪基金历史,2026-09-04T01:02:29.548814+08:00
508056,2025-01-14,3.445,3.46,3.404,3.447,3985339,none,AKShare/新浪基金历史,2026-09-04T01:02:29.548814+08:00
508056,2025-01-15,3.446,3.468,3.409,3.453,2906112,none,AKShare/新浪基金历史,2026-09-04T01:02:29.548814+08:00
508056,2025-01-16,3.454,3.455,3.42,3.435,4263393,none,AKShare/新浪基金历史,2026-09-04T01:02:29.548814+08:00
508056,2025-01-17,3.424,3.435,3.393,3.409,2947038,none,AKShare/新浪基金历史,2026-09-04T01:02:29.548814+08:00
508056,2025-01-20,3.41,3.439,3.377,3.4,3577305,none,AKShare/新浪基金历史,2026-09-04T01:02:29.548814+08:00
508056,2025-01-21,3.397,3.438,3.382,3.406,12803662,none,AKShare/新浪基金历史,2026-09-04T01:02:29.548814+08:00
508056,2025-01-22,3.41,3.479,3.401,3.477,7784142,none,AKShare/新浪基金历史,2026-09-04T01:02:29.548814+08:00
508056,2025-01-23,3.47,3.503,3.454,3.499,6489539,none,AKShare/新浪基金历史,2026-09-04T01:02:29.548814+08:00
508056,2025-01-24,3.485,3.504,3.468,3.494,3755737,none,AKShare/新浪基金历史,2026-09-04T01:02:29.548814+08:00
508056,2025-01-27,3.498,3.535,3.479,3.511,3344055,none,AKShare/新浪基金历史,2026-09-04T01:02:29.548814+08:00
508056,2025-02-05,3.514,3.52,3.47,3.511,3436049,none,AKShare/新浪基金历史,2026-09-04T01:02:29.548814+08:00
508056,2025-02-06,3.511,3.536,3.502,3.531,5684530,none,AKShare/新浪基金历史,2026-09-04T01:02:29.548814+08:00
508056,2025-02-07,3.535,3.6,3.52,3.588,7173417,none,AKShare/新浪基金历史,2026-09-04T01:02:29.548814+08:00
508056,2025-02-10,3.59,3.774,3.57,3.77,20107226,none,AKShare/新浪基金历史,2026-09-04T01:02:29.548814+08:00
508056,2025-02-11,3.756,3.818,3.756,3.799,22627206,none,AKShare/新浪基金历史,2026-09-04T01:02:29.548814+08:00
508056,2025-02-12,3.8,3.831,3.759,3.767,9814407,none,AKShare/新浪基金历史,2026-09-04T01:02:29.548814+08:00
508056,2025-02-13,3.751,3.754,3.675,3.728,6927469,none,AKShare/新浪基金历史,2026-09-04T01:02:29.548814+08:00
508056,2025-02-14,3.72,3.773,3.67,3.749,5425557,none,AKShare/新浪基金历史,2026-09-04T01:02:29.548814+08:00
508056,2025-02-17,3.754,3.77,3.724,3.744,10097742,none,AKShare/新浪基金历史,2026-09-04T01:02:29.548814+08:00
508056,2025-02-18,3.724,3.766,3.694,3.721,12826274,none,AKShare/新浪基金历史,2026-09-04T01:02:29.548814+08:00
508056,2025-02-19,3.714,3.733,3.662,3.696,17072673,none,AKShare/新浪基金历史,2026-09-04T01:02:29.548814+08:00
508056,2025-02-20,3.686,3.713,3.672,3.69,11304419,none,AKShare/新浪基金历史,2026-09-04T01:02:29.548814+08:00
508056,2025-02-21,3.698,3.72,3.65,3.716,10120234,none,AKShare/新浪基金历史,2026-09-04T01:02:29.548814+08:00
508056,2025-02-24,3.714,3.714,3.65,3.679,5574673,none,AKShare/新浪基金历史,2026-09-04T01:02:29.548814+08:00
508056,2025-02-25,3.663,3.687,3.635,3.652,3996097,none,AKShare/新浪基金历史,2026-09-04T01:02:29.548814+08:00
508056,2025-02-26,3.655,3.695,3.638,3.65,4533053,none,AKShare/新浪基金历史,2026-09-04T01:02:29.548814+08:00
508056,2025-02-27,3.651,3.69,3.632,3.64,4507252,none,AKShare/新浪基金历史,2026-09-04T01:02:29.548814+08:00
508056,2025-02-28,3.639,3.675,3.59,3.627,5444469,none,AKShare/新浪基金历史,2026-09-04T01:02:29.548814+08:00
508056,2025-03-03,3.616,3.673,3.6,3.67,5945882,none,AKShare/新浪基金历史,2026-09-04T01:02:29.548814+08:00
508056,2025-03-04,3.669,3.698,3.651,3.688,10015016,none,AKShare/新浪基金历史,2026-09-04T01:02:29.548814+08:00
508056,2025-03-05,3.677,3.7,3.659,3.678,5689619,none,AKShare/新浪基金历史,2026-09-04T01:02:29.548814+08:00
508056,2025-03-06,3.673,3.695,3.652,3.68,4497440,none,AKShare/新浪基金历史,2026-09-04T01:02:29.548814+08:00
508056,2025-03-07,3.681,3.681,3.644,3.663,3634496,none,AKShare/新浪基金历史,2026-09-04T01:02:29.548814+08:00
508056,2025-03-10,3.662,3.67,3.645,3.659,3125928,none,AKShare/新浪基金历史,2026-09-04T01:02:29.548814+08:00
508056,2025-03-11,3.658,3.665,3.623,3.65,2732902,none,AKShare/新浪基金历史,2026-09-04T01:02:29.548814+08:00
508056,2025-03-12,3.653,3.668,3.626,3.658,3732102,none,AKShare/新浪基金历史,2026-09-04T01:02:29.548814+08:00
508056,2025-03-13,3.67,3.677,3.627,3.655,4211263,none,AKShare/新浪基金历史,2026-09-04T01:02:29.548814+08:00
508056,2025-03-14,3.659,3.666,3.615,3.663,3773485,none,AKShare/新浪基金历史,2026-09-04T01:02:29.548814+08:00
508056,2025-03-17,3.652,3.666,3.649,3.656,2282580,none,AKShare/新浪基金历史,2026-09-04T01:02:29.548814+08:00
508056,2025-03-18,3.656,3.66,3.616,3.654,57575635,none,AKShare/新浪基金历史,2026-09-04T01:02:29.548814+08:00
508056,2025-03-19,3.654,3.686,3.651,3.665,4811941,none,AKShare/新浪基金历史,2026-09-04T01:02:29.548814+08:00
508056,2025-03-20,3.668,3.723,3.643,3.707,4060313,none,AKShare/新浪基金历史,2026-09-04T01:02:29.548814+08:00
508056,2025-03-21,3.7,3.725,3.675,3.724,3706678,none,AKShare/新浪基金历史,2026-09-04T01:02:29.548814+08:00
508056,2025-03-24,3.722,3.73,3.688,3.697,4773259,none,AKShare/新浪基金历史,2026-09-04T01:02:29.548814+08:00
508056,2025-03-25,3.697,3.718,3.683,3.694,3410198,none,AKShare/新浪基金历史,2026-09-04T01:02:29.548814+08:00
508056,2025-03-26,3.686,3.699,3.665,3.672,4821521,none,AKShare/新浪基金历史,2026-09-04T01:02:29.548814+08:00
508056,2025-03-27,3.672,3.699,3.651,3.67,4228285,none,AKShare/新浪基金历史,2026-09-04T01:02:29.548814+08:00
508056,2025-03-28,3.682,3.742,3.658,3.726,4905136,none,AKShare/新浪基金历史,2026-09-04T01:02:29.548814+08:00
508056,2025-03-31,3.73,3.773,3.69,3.697,10235034,none,AKShare/新浪基金历史,2026-09-04T01:02:29.548814+08:00
508056,2025-04-01,3.696,3.716,3.675,3.692,4860756,none,AKShare/新浪基金历史,2026-09-04T01:02:29.548814+08:00
508056,2025-04-02,3.657,3.699,3.604,3.698,4787040,none,AKShare/新浪基金历史,2026-09-04T01:02:29.548814+08:00
508056,2025-04-03,3.688,3.705,3.655,3.663,6515721,none,AKShare/新浪基金历史,2026-09-04T01:02:29.548814+08:00
508056,2025-04-07,3.651,3.66,3.507,3.553,10148492,none,AKShare/新浪基金历史,2026-09-04T01:02:29.548814+08:00
508056,2025-04-08,3.55,3.6,3.471,3.499,5555576,none,AKShare/新浪基金历史,2026-09-04T01:02:29.548814+08:00
508056,2025-04-09,3.49,3.525,3.42,3.442,11549366,none,AKShare/新浪基金历史,2026-09-04T01:02:29.548814+08:00
508056,2025-04-10,3.428,3.498,3.421,3.496,3841691,none,AKShare/新浪基金历史,2026-09-04T01:02:29.548814+08:00
508056,2025-04-11,3.494,3.535,3.467,3.53,6078873,none,AKShare/新浪基金历史,2026-09-04T01:02:29.548814+08:00
508056,2025-04-14,3.535,3.567,3.5,3.566,4414243,none,AKShare/新浪基金历史,2026-09-04T01:02:29.548814+08:00
508056,2025-04-15,3.574,3.6,3.548,3.561,5762029,none,AKShare/新浪基金历史,2026-09-04T01:02:29.548814+08:00
508056,2025-04-16,3.554,3.594,3.537,3.564,5608853,none,AKShare/新浪基金历史,2026-09-04T01:02:29.548814+08:00
508056,2025-04-17,3.555,3.588,3.531,3.585,4362476,none,AKShare/新浪基金历史,2026-09-04T01:02:29.548814+08:00
508056,2025-04-18,3.585,3.6,3.556,3.585,2081288,none,AKShare/新浪基金历史,2026-09-04T01:02:29.548814+08:00
508056,2025-04-21,3.585,3.618,3.55,3.61,2096021,none,AKShare/新浪基金历史,2026-09-04T01:02:29.548814+08:00
508056,2025-04-22,3.61,3.62,3.563,3.609,2121280,none,AKShare/新浪基金历史,2026-09-04T01:02:29.548814+08:00
508056,2025-04-23,3.609,3.609,3.577,3.595,3324849,none,AKShare/新浪基金历史,2026-09-04T01:02:29.548814+08:00
508056,2025-04-24,3.595,3.608,3.571,3.584,2552830,none,AKShare/新浪基金历史,2026-09-04T01:02:29.548814+08:00
508056,2025-04-25,3.57,3.619,3.558,3.572,3429999,none,AKShare/新浪基金历史,2026-09-04T01:02:29.548814+08:00
508056,2025-04-28,3.57,3.595,3.533,3.557,2508277,none,AKShare/新浪基金历史,2026-09-04T01:02:29.548814+08:00
508056,2025-04-29,3.556,3.595,3.537,3.593,1930888,none,AKShare/新浪基金历史,2026-09-04T01:02:29.548814+08:00
508056,2025-04-30,3.585,3.63,3.585,3.613,5202280,none,AKShare/新浪基金历史,2026-09-04T01:02:29.548814+08:00
508056,2025-05-06,3.627,3.638,3.6,3.609,3279415,none,AKShare/新浪基金历史,2026-09-04T01:02:29.548814+08:00
508056,2025-05-07,3.606,3.636,3.601,3.612,3242781,none,AKShare/新浪基金历史,2026-09-04T01:02:29.548814+08:00
508056,2025-05-08,3.614,3.625,3.571,3.603,3097127,none,AKShare/新浪基金历史,2026-09-04T01:02:29.548814+08:00
508056,2025-05-09,3.59,3.616,3.581,3.6,4897582,none,AKShare/新浪基金历史,2026-09-04T01:02:29.548814+08:00
508056,2025-05-12,3.601,3.617,3.592,3.606,6552027,none,AKShare/新浪基金历史,2026-09-04T01:02:29.548814+08:00
508056,2025-05-13,3.605,3.621,3.59,3.606,2190549,none,AKShare/新浪基金历史,2026-09-04T01:02:29.548814+08:00
508056,2025-05-14,3.607,3.611,3.59,3.592,5171032,none,AKShare/新浪基金历史,2026-09-04T01:02:29.548814+08:00
508056,2025-05-15,3.591,3.643,3.584,3.631,3429294,none,AKShare/新浪基金历史,2026-09-04T01:02:29.548814+08:00
508056,2025-05-16,3.63,3.703,3.601,3.68,5185606,none,AKShare/新浪基金历史,2026-09-04T01:02:29.548814+08:00
508056,2025-05-19,3.68,3.709,3.651,3.689,4121452,none,AKShare/新浪基金历史,2026-09-04T01:02:29.548814+08:00
508056,2025-05-20,3.682,3.723,3.66,3.72,4225080,none,AKShare/新浪基金历史,2026-09-04T01:02:29.548814+08:00
508056,2025-05-21,3.719,3.75,3.691,3.746,2257821,none,AKShare/新浪基金历史,2026-09-04T01:02:29.548814+08:00
508056,2025-05-22,3.754,3.779,3.701,3.725,2004641,none,AKShare/新浪基金历史,2026-09-04T01:02:29.548814+08:00
508056,2025-05-23,3.714,3.744,3.674,3.7,2996169,none,AKShare/新浪基金历史,2026-09-04T01:02:29.548814+08:00
508056,2025-05-26,3.7,3.735,3.673,3.693,1976059,none,AKShare/新浪基金历史,2026-09-04T01:02:29.548814+08:00
508056,2025-05-27,3.695,3.704,3.672,3.69,1108987,none,AKShare/新浪基金历史,2026-09-04T01:02:29.548814+08:00
508056,2025-05-28,3.692,3.712,3.677,3.703,1773110,none,AKShare/新浪基金历史,2026-09-04T01:02:29.548814+08:00
508056,2025-05-29,3.708,3.725,3.664,3.684,2112872,none,AKShare/新浪基金历史,2026-09-04T01:02:29.548814+08:00
508056,2025-05-30,3.689,3.718,3.653,3.677,570135,none,AKShare/新浪基金历史,2026-09-04T01:02:29.548814+08:00
508056,2025-06-03,3.687,3.687,3.657,3.68,867795,none,AKShare/新浪基金历史,2026-09-04T01:02:29.548814+08:00
508056,2025-06-04,3.681,3.7,3.672,3.686,1035276,none,AKShare/新浪基金历史,2026-09-04T01:02:29.548814+08:00
508056,2025-06-05,3.687,3.717,3.672,3.71,2653371,none,AKShare/新浪基金历史,2026-09-04T01:02:29.548814+08:00
508056,2025-06-06,3.715,3.74,3.695,3.728,2763193,none,AKShare/新浪基金历史,2026-09-04T01:02:29.548814+08:00
508056,2025-06-09,3.741,3.748,3.701,3.73,2858695,none,AKShare/新浪基金历史,2026-09-04T01:02:29.548814+08:00
508056,2025-06-10,3.725,3.74,3.703,3.716,1504038,none,AKShare/新浪基金历史,2026-09-04T01:02:29.548814+08:00
508056,2025-06-11,3.71,3.732,3.705,3.724,1142551,none,AKShare/新浪基金历史,2026-09-04T01:02:29.548814+08:00
508056,2025-06-12,3.727,3.766,3.71,3.729,3372576,none,AKShare/新浪基金历史,2026-09-04T01:02:29.548814+08:00
508056,2025-06-13,3.729,3.762,3.705,3.752,5695263,none,AKShare/新浪基金历史,2026-09-04T01:02:29.548814+08:00
508056,2025-06-16,3.751,3.752,3.713,3.742,2547440,none,AKShare/新浪基金历史,2026-09-04T01:02:29.548814+08:00
508056,2025-06-17,3.742,3.742,3.711,3.723,2718758,none,AKShare/新浪基金历史,2026-09-04T01:02:29.548814+08:00
508056,2025-06-18,3.723,3.738,3.71,3.736,1790405,none,AKShare/新浪基金历史,2026-09-04T01:02:29.548814+08:00
508056,2025-06-19,3.736,3.759,3.711,3.755,4319791,none,AKShare/新浪基金历史,2026-09-04T01:02:29.548814+08:00
508056,2025-06-20,3.758,3.86,3.747,3.843,2637482,none,AKShare/新浪基金历史,2026-09-04T01:02:29.548814+08:00
508056,2025-06-23,3.842,3.875,3.814,3.868,7292627,none,AKShare/新浪基金历史,2026-09-04T01:02:29.548814+08:00
508056,2025-06-24,3.859,3.868,3.788,3.801,4045671,none,AKShare/新浪基金历史,2026-09-04T01:02:29.548814+08:00
508056,2025-06-25,3.796,3.848,3.757,3.84,3866342,none,AKShare/新浪基金历史,2026-09-04T01:02:29.548814+08:00
508056,2025-06-26,3.848,3.865,3.802,3.848,5052311,none,AKShare/新浪基金历史,2026-09-04T01:02:29.548814+08:00
508056,2025-06-27,3.862,3.862,3.812,3.852,6333015,none,AKShare/新浪基金历史,2026-09-04T01:02:29.548814+08:00
508056,2025-06-30,3.85,3.87,3.798,3.811,4039100,none,AKShare/新浪基金历史,2026-09-04T01:02:29.548814+08:00
508056,2025-07-01,3.811,3.816,3.781,3.796,4662233,none,AKShare/新浪基金历史,2026-09-04T01:02:29.548814+08:00
508056,2025-07-02,3.796,3.818,3.772,3.81,5592141,none,AKShare/新浪基金历史,2026-09-04T01:02:29.548814+08:00
508056,2025-07-03,3.814,3.838,3.792,3.8,2474094,none,AKShare/新浪基金历史,2026-09-04T01:02:29.548814+08:00
508056,2025-07-04,3.791,3.82,3.78,3.796,3388273,none,AKShare/新浪基金历史,2026-09-04T01:02:29.548814+08:00
508056,2025-07-07,3.785,3.8,3.757,3.79,2038586,none,AKShare/新浪基金历史,2026-09-04T01:02:29.548814+08:00
508056,2025-07-08,3.783,3.791,3.726,3.745,3763922,none,AKShare/新浪基金历史,2026-09-04T01:02:29.548814+08:00
508056,2025-07-09,3.741,3.757,3.713,3.728,6131167,none,AKShare/新浪基金历史,2026-09-04T01:02:29.548814+08:00
508056,2025-07-10,3.727,3.756,3.701,3.747,3734484,none,AKShare/新浪基金历史,2026-09-04T01:02:29.548814+08:00
508056,2025-07-11,3.743,3.753,3.72,3.738,1435333,none,AKShare/新浪基金历史,2026-09-04T01:02:29.548814+08:00
508056,2025-07-14,3.738,3.757,3.719,3.722,1158455,none,AKShare/新浪基金历史,2026-09-04T01:02:29.548814+08:00
508056,2025-07-15,3.72,3.736,3.715,3.722,1632552,none,AKShare/新浪基金历史,2026-09-04T01:02:29.548814+08:00
508056,2025-07-16,3.721,3.739,3.71,3.725,2075816,none,AKShare/新浪基金历史,2026-09-04T01:02:29.548814+08:00
508056,2025-07-17,3.72,3.731,3.709,3.716,1821268,none,AKShare/新浪基金历史,2026-09-04T01:02:29.548814+08:00
508056,2025-07-18,3.717,3.749,3.717,3.72,2171781,none,AKShare/新浪基金历史,2026-09-04T01:02:29.548814+08:00
508056,2025-07-21,3.72,3.73,3.694,3.701,2619071,none,AKShare/新浪基金历史,2026-09-04T01:02:29.548814+08:00
508056,2025-07-22,3.703,3.704,3.684,3.7,2633540,none,AKShare/新浪基金历史,2026-09-04T01:02:29.548814+08:00
508056,2025-07-23,3.665,3.669,3.625,3.635,3118947,none,AKShare/新浪基金历史,2026-09-04T01:02:29.548814+08:00
508056,2025-07-24,3.625,3.645,3.625,3.634,1508056,none,AKShare/新浪基金历史,2026-09-04T01:02:29.548814+08:00
508056,2025-07-25,3.64,3.658,3.63,3.655,2781162,none,AKShare/新浪基金历史,2026-09-04T01:02:29.548814+08:00
508056,2025-07-28,3.647,3.647,3.583,3.645,4594367,none,AKShare/新浪基金历史,2026-09-04T01:02:29.548814+08:00
508056,2025-07-29,3.642,3.65,3.612,3.645,1323415,none,AKShare/新浪基金历史,2026-09-04T01:02:29.548814+08:00
508056,2025-07-30,3.646,3.662,3.633,3.656,1755546,none,AKShare/新浪基金历史,2026-09-04T01:02:29.548814+08:00
508056,2025-07-31,3.655,3.677,3.65,3.675,3895165,none,AKShare/新浪基金历史,2026-09-04T01:02:29.548814+08:00
508056,2025-08-01,3.68,3.684,3.629,3.674,2741833,none,AKShare/新浪基金历史,2026-09-04T01:02:29.548814+08:00
508056,2025-08-04,3.674,3.683,3.628,3.637,3815715,none,AKShare/新浪基金历史,2026-09-04T01:02:29.548814+08:00
508056,2025-08-05,3.631,3.649,3.608,3.616,6838728,none,AKShare/新浪基金历史,2026-09-04T01:02:29.548814+08:00
508056,2025-08-06,3.616,3.642,3.602,3.61,1525405,none,AKShare/新浪基金历史,2026-09-04T01:02:29.548814+08:00
508056,2025-08-07,3.609,3.641,3.602,3.633,3595904,none,AKShare/新浪基金历史,2026-09-04T01:02:29.548814+08:00
508056,2025-08-08,3.633,3.65,3.621,3.648,4455275,none,AKShare/新浪基金历史,2026-09-04T01:02:29.548814+08:00
508056,2025-08-11,3.648,3.649,3.619,3.632,2482752,none,AKShare/新浪基金历史,2026-09-04T01:02:29.548814+08:00
508056,2025-08-12,3.635,3.643,3.606,3.641,2406091,none,AKShare/新浪基金历史,2026-09-04T01:02:29.548814+08:00
508056,2025-08-13,3.641,3.645,3.611,3.632,2709594,none,AKShare/新浪基金历史,2026-09-04T01:02:29.548814+08:00
508056,2025-08-14,3.631,3.638,3.608,3.611,3534468,none,AKShare/新浪基金历史,2026-09-04T01:02:29.548814+08:00
508056,2025-08-15,3.611,3.625,3.583,3.583,7039881,none,AKShare/新浪基金历史,2026-09-04T01:02:29.548814+08:00
508056,2025-08-18,3.582,3.593,3.52,3.538,2347163,none,AKShare/新浪基金历史,2026-09-04T01:02:29.548814+08:00
508056,2025-08-19,3.531,3.571,3.51,3.53,7797834,none,AKShare/新浪基金历史,2026-09-04T01:02:29.548814+08:00
508056,2025-08-20,3.53,3.549,3.502,3.509,3573720,none,AKShare/新浪基金历史,2026-09-04T01:02:29.548814+08:00
508056,2025-08-21,3.509,3.538,3.5,3.533,5645724,none,AKShare/新浪基金历史,2026-09-04T01:02:29.548814+08:00
508056,2025-08-22,3.53,3.572,3.511,3.542,4381446,none,AKShare/新浪基金历史,2026-09-04T01:02:29.548814+08:00
508056,2025-08-25,3.539,3.567,3.532,3.567,2589833,none,AKShare/新浪基金历史,2026-09-04T01:02:29.548814+08:00
508056,2025-08-26,3.566,3.658,3.525,3.65,4106896,none,AKShare/新浪基金历史,2026-09-04T01:02:29.548814+08:00
508056,2025-08-27,3.643,3.65,3.614,3.625,2951372,none,AKShare/新浪基金历史,2026-09-04T01:02:29.548814+08:00
508056,2025-08-28,3.625,3.646,3.596,3.62,2608805,none,AKShare/新浪基金历史,2026-09-04T01:02:29.548814+08:00
508056,2025-08-29,3.62,3.628,3.582,3.586,2986772,none,AKShare/新浪基金历史,2026-09-04T01:02:29.548814+08:00
508056,2025-09-01,3.586,3.605,3.571,3.577,3025874,none,AKShare/新浪基金历史,2026-09-04T01:02:29.548814+08:00
508056,2025-09-02,3.577,3.605,3.57,3.6,2013221,none,AKShare/新浪基金历史,2026-09-04T01:02:29.548814+08:00
508056,2025-09-03,3.605,3.617,3.593,3.614,2336083,none,AKShare/新浪基金历史,2026-09-04T01:02:29.548814+08:00
508056,2025-09-04,3.614,3.644,3.61,3.634,2860207,none,AKShare/新浪基金历史,2026-09-04T01:02:29.548814+08:00
508056,2025-09-05,3.625,3.634,3.595,3.612,5537564,none,AKShare/新浪基金历史,2026-09-04T01:02:29.548814+08:00
508056,2025-09-08,3.612,3.622,3.555,3.569,6708986,none,AKShare/新浪基金历史,2026-09-04T01:02:29.548814+08:00
508056,2025-09-09,3.569,3.59,3.553,3.561,2421104,none,AKShare/新浪基金历史,2026-09-04T01:02:29.548814+08:00
508056,2025-09-10,3.562,3.579,3.53,3.545,2177367,none,AKShare/新浪基金历史,2026-09-04T01:02:29.548814+08:00
508056,2025-09-11,3.545,3.555,3.523,3.546,4752563,none,AKShare/新浪基金历史,2026-09-04T01:02:29.548814+08:00
508056,2025-09-12,3.546,3.57,3.546,3.563,1587620,none,AKShare/新浪基金历史,2026-09-04T01:02:29.548814+08:00
508056,2025-09-15,3.563,3.58,3.535,3.564,2577321,none,AKShare/新浪基金历史,2026-09-04T01:02:29.548814+08:00
508056,2025-09-16,3.564,3.565,3.536,3.557,1786342,none,AKShare/新浪基金历史,2026-09-04T01:02:29.548814+08:00
508056,2025-09-17,3.556,3.578,3.547,3.566,1726141,none,AKShare/新浪基金历史,2026-09-04T01:02:29.548814+08:00
508056,2025-09-18,3.566,3.586,3.541,3.564,1691463,none,AKShare/新浪基金历史,2026-09-04T01:02:29.548814+08:00
508056,2025-09-19,3.559,3.58,3.541,3.551,2792374,none,AKShare/新浪基金历史,2026-09-04T01:02:29.548814+08:00
508056,2025-09-22,3.551,3.569,3.536,3.542,1530639,none,AKShare/新浪基金历史,2026-09-04T01:02:29.548814+08:00
508056,2025-09-23,3.549,3.56,3.532,3.543,453258,none,AKShare/新浪基金历史,2026-09-04T01:02:29.548814+08:00
508056,2025-09-24,3.542,3.545,3.537,3.543,707014,none,AKShare/新浪基金历史,2026-09-04T01:02:29.548814+08:00
508056,2025-09-25,3.549,3.549,3.51,3.544,2618341,none,AKShare/新浪基金历史,2026-09-04T01:02:29.548814+08:00
508056,2025-09-26,3.544,3.559,3.523,3.542,958241,none,AKShare/新浪基金历史,2026-09-04T01:02:29.548814+08:00
508056,2025-09-29,3.543,3.557,3.526,3.529,549384,none,AKShare/新浪基金历史,2026-09-04T01:02:29.548814+08:00
508056,2025-09-30,3.53,3.54,3.505,3.525,754486,none,AKShare/新浪基金历史,2026-09-04T01:02:29.548814+08:00
508056,2025-10-09,3.524,3.549,3.501,3.522,978441,none,AKShare/新浪基金历史,2026-09-04T01:02:29.548814+08:00
508056,2025-10-10,3.521,3.542,3.514,3.525,1782076,none,AKShare/新浪基金历史,2026-09-04T01:02:29.548814+08:00
508056,2025-10-13,3.524,3.541,3.502,3.528,1607146,none,AKShare/新浪基金历史,2026-09-04T01:02:29.548814+08:00
508056,2025-10-14,3.525,3.535,3.5,3.519,2434126,none,AKShare/新浪基金历史,2026-09-04T01:02:29.548814+08:00
508056,2025-10-15,3.519,3.519,3.496,3.505,1555271,none,AKShare/新浪基金历史,2026-09-04T01:02:29.548814+08:00
508056,2025-10-16,3.5,3.504,3.474,3.489,1936024,none,AKShare/新浪基金历史,2026-09-04T01:02:29.548814+08:00
508056,2025-10-17,3.488,3.488,3.463,3.472,2276451,none,AKShare/新浪基金历史,2026-09-04T01:02:29.548814+08:00
508056,2025-10-20,3.472,3.488,3.434,3.451,2407808,none,AKShare/新浪基金历史,2026-09-04T01:02:29.548814+08:00
508056,2025-10-21,3.44,3.451,3.417,3.444,5627957,none,AKShare/新浪基金历史,2026-09-04T01:02:29.548814+08:00
508056,2025-10-22,3.443,3.452,3.41,3.426,4981365,none,AKShare/新浪基金历史,2026-09-04T01:02:29.548814+08:00
508056,2025-10-23,3.426,3.458,3.4,3.452,5229037,none,AKShare/新浪基金历史,2026-09-04T01:02:29.548814+08:00
508056,2025-10-24,3.45,3.488,3.431,3.485,6747097,none,AKShare/新浪基金历史,2026-09-04T01:02:29.548814+08:00
508056,2025-10-27,3.482,3.482,3.447,3.464,4925586,none,AKShare/新浪基金历史,2026-09-04T01:02:29.548814+08:00
508056,2025-10-28,3.463,3.492,3.448,3.492,8231573,none,AKShare/新浪基金历史,2026-09-04T01:02:29.548814+08:00
508056,2025-10-29,3.489,3.499,3.455,3.49,2259482,none,AKShare/新浪基金历史,2026-09-04T01:02:29.548814+08:00
508056,2025-10-30,3.49,3.49,3.421,3.45,5554494,none,AKShare/新浪基金历史,2026-09-04T01:02:29.548814+08:00
508056,2025-10-31,3.407,3.415,3.373,3.383,6279367,none,AKShare/新浪基金历史,2026-09-04T01:02:29.548814+08:00
508056,2025-11-03,3.383,3.392,3.318,3.325,6369835,none,AKShare/新浪基金历史,2026-09-04T01:02:29.548814+08:00
508056,2025-11-04,3.32,3.329,3.276,3.292,4737199,none,AKShare/新浪基金历史,2026-09-04T01:02:29.548814+08:00
508056,2025-11-05,3.287,3.297,3.275,3.288,3993845,none,AKShare/新浪基金历史,2026-09-04T01:02:29.548814+08:00
508056,2025-11-06,3.288,3.315,3.273,3.302,2489991,none,AKShare/新浪基金历史,2026-09-04T01:02:29.548814+08:00
508056,2025-11-07,3.303,3.314,3.278,3.299,4719280,none,AKShare/新浪基金历史,2026-09-04T01:02:29.548814+08:00
508056,2025-11-10,3.297,3.356,3.287,3.34,2739299,none,AKShare/新浪基金历史,2026-09-04T01:02:29.548814+08:00
508056,2025-11-11,3.35,3.353,3.315,3.328,1699209,none,AKShare/新浪基金历史,2026-09-04T01:02:29.548814+08:00
508056,2025-11-12,3.33,3.353,3.324,3.328,2133096,none,AKShare/新浪基金历史,2026-09-04T01:02:29.548814+08:00
508056,2025-11-13,3.327,3.348,3.3,3.302,2426183,none,AKShare/新浪基金历史,2026-09-04T01:02:29.548814+08:00
508056,2025-11-14,3.299,3.318,3.293,3.295,2584134,none,AKShare/新浪基金历史,2026-09-04T01:02:29.548814+08:00
508056,2025-11-17,3.293,3.305,3.293,3.3,1864473,none,AKShare/新浪基金历史,2026-09-04T01:02:29.548814+08:00
508056,2025-11-18,3.298,3.312,3.294,3.3,2163770,none,AKShare/新浪基金历史,2026-09-04T01:02:29.548814+08:00
508056,2025-11-19,3.304,3.304,3.275,3.279,1827577,none,AKShare/新浪基金历史,2026-09-04T01:02:29.548814+08:00
508056,2025-11-20,3.28,3.286,3.271,3.275,1630063,none,AKShare/新浪基金历史,2026-09-04T01:02:29.548814+08:00
508056,2025-11-21,3.267,3.282,3.259,3.277,1875441,none,AKShare/新浪基金历史,2026-09-04T01:02:29.548814+08:00
508056,2025-11-24,3.28,3.28,3.264,3.269,1932994,none,AKShare/新浪基金历史,2026-09-04T01:02:29.548814+08:00
508056,2025-11-25,3.26,3.316,3.26,3.304,3240374,none,AKShare/新浪基金历史,2026-09-04T01:02:29.548814+08:00
508056,2025-11-26,3.304,3.324,3.284,3.293,2560260,none,AKShare/新浪基金历史,2026-09-04T01:02:29.548814+08:00
508056,2025-11-27,3.293,3.293,3.255,3.263,3120066,none,AKShare/新浪基金历史,2026-09-04T01:02:29.548814+08:00
508056,2025-11-28,3.266,3.266,3.25,3.259,2173783,none,AKShare/新浪基金历史,2026-09-04T01:02:29.548814+08:00
508056,2025-12-01,3.258,3.265,3.24,3.255,1586448,none,AKShare/新浪基金历史,2026-09-04T01:02:29.548814+08:00
508056,2025-12-02,3.255,3.259,3.239,3.253,1319963,none,AKShare/新浪基金历史,2026-09-04T01:02:29.548814+08:00
508056,2025-12-03,3.255,3.278,3.242,3.275,3688602,none,AKShare/新浪基金历史,2026-09-04T01:02:29.548814+08:00
508056,2025-12-04,3.271,3.349,3.247,3.299,9460558,none,AKShare/新浪基金历史,2026-09-04T01:02:29.548814+08:00
508056,2025-12-05,3.299,3.299,3.257,3.275,6357846,none,AKShare/新浪基金历史,2026-09-04T01:02:29.548814+08:00
508056,2025-12-08,3.271,3.278,3.242,3.243,5157675,none,AKShare/新浪基金历史,2026-09-04T01:02:29.548814+08:00
508056,2025-12-09,3.246,3.26,3.228,3.238,4319626,none,AKShare/新浪基金历史,2026-09-04T01:02:29.548814+08:00
508056,2025-12-10,3.238,3.259,3.219,3.254,4621889,none,AKShare/新浪基金历史,2026-09-04T01:02:29.548814+08:00
508056,2025-12-11,3.254,3.254,3.225,3.236,1366477,none,AKShare/新浪基金历史,2026-09-04T01:02:29.548814+08:00
508056,2025-12-12,3.237,3.241,3.222,3.237,3252995,none,AKShare/新浪基金历史,2026-09-04T01:02:29.548814+08:00
508056,2025-12-15,3.234,3.24,3.207,3.225,4583219,none,AKShare/新浪基金历史,2026-09-04T01:02:29.548814+08:00
508056,2025-12-16,3.227,3.227,3.194,3.209,5171231,none,AKShare/新浪基金历史,2026-09-04T01:02:29.548814+08:00
508056,2025-12-17,3.217,3.217,3.178,3.198,5651304,none,AKShare/新浪基金历史,2026-09-04T01:02:29.548814+08:00
508056,2025-12-18,3.192,3.206,3.179,3.202,2577080,none,AKShare/新浪基金历史,2026-09-04T01:02:29.548814+08:00
508056,2025-12-19,3.203,3.203,3.166,3.194,5636209,none,AKShare/新浪基金历史,2026-09-04T01:02:29.548814+08:00
508056,2025-12-22,3.194,3.202,3.184,3.192,2276520,none,AKShare/新浪基金历史,2026-09-04T01:02:29.548814+08:00
508056,2025-12-23,3.192,3.208,3.168,3.187,2645897,none,AKShare/新浪基金历史,2026-09-04T01:02:29.548814+08:00
508056,2025-12-24,3.187,3.288,3.17,3.284,4494852,none,AKShare/新浪基金历史,2026-09-04T01:02:29.548814+08:00
508056,2025-12-25,3.284,3.32,3.278,3.317,5846573,none,AKShare/新浪基金历史,2026-09-04T01:02:29.548814+08:00
508056,2025-12-26,3.319,3.319,3.283,3.299,2538382,none,AKShare/新浪基金历史,2026-09-04T01:02:29.548814+08:00
508056,2025-12-29,3.298,3.298,3.259,3.284,3128342,none,AKShare/新浪基金历史,2026-09-04T01:02:29.548814+08:00
508056,2025-12-30,3.24,3.241,3.212,3.235,2148849,none,AKShare/新浪基金历史,2026-09-04T01:02:29.548814+08:00
508056,2025-12-31,3.238,3.246,3.222,3.236,3348985,none,AKShare/新浪基金历史,2026-09-04T01:02:29.548814+08:00
508056,2026-01-05,3.23,3.255,3.22,3.246,3175690,none,AKShare/新浪基金历史,2026-09-04T01:02:29.548814+08:00
508056,2026-01-06,3.246,3.326,3.11,3.299,11187967,none,AKShare/新浪基金历史,2026-09-04T01:02:29.548814+08:00
508056,2026-01-07,3.287,3.304,3.278,3.292,12040403,none,AKShare/新浪基金历史,2026-09-04T01:02:29.548814+08:00
508056,2026-01-08,3.292,3.308,3.267,3.292,5568701,none,AKShare/新浪基金历史,2026-09-04T01:02:29.548814+08:00
508056,2026-01-09,3.292,3.294,3.242,3.26,6746998,none,AKShare/新浪基金历史,2026-09-04T01:02:29.548814+08:00
508056,2026-01-12,3.262,3.264,3.235,3.26,6328833,none,AKShare/新浪基金历史,2026-09-04T01:02:29.548814+08:00
508056,2026-01-13,3.258,3.258,3.24,3.251,2709939,none,AKShare/新浪基金历史,2026-09-04T01:02:29.548814+08:00
508056,2026-01-14,3.257,3.259,3.228,3.257,2504252,none,AKShare/新浪基金历史,2026-09-04T01:02:29.548814+08:00
508056,2026-01-15,3.257,3.278,3.238,3.258,3721268,none,AKShare/新浪基金历史,2026-09-04T01:02:29.548814+08:00
508056,2026-01-16,3.27,3.27,3.243,3.249,6785118,none,AKShare/新浪基金历史,2026-09-04T01:02:29.548814+08:00
508056,2026-01-19,3.248,3.258,3.226,3.242,8020887,none,AKShare/新浪基金历史,2026-09-04T01:02:29.548814+08:00
508056,2026-01-20,3.248,3.28,3.234,3.28,5768202,none,AKShare/新浪基金历史,2026-09-04T01:02:29.548814+08:00
508056,2026-01-21,3.267,3.298,3.258,3.292,6349373,none,AKShare/新浪基金历史,2026-09-04T01:02:29.548814+08:00
508056,2026-01-22,3.288,3.348,3.281,3.333,6615529,none,AKShare/新浪基金历史,2026-09-04T01:02:29.548814+08:00
508056,2026-01-23,3.337,3.391,3.321,3.346,7615181,none,AKShare/新浪基金历史,2026-09-04T01:02:29.548814+08:00
508056,2026-01-26,3.346,3.353,3.309,3.349,4287239,none,AKShare/新浪基金历史,2026-09-04T01:02:29.548814+08:00
508056,2026-01-27,3.348,3.369,3.321,3.365,4129396,none,AKShare/新浪基金历史,2026-09-04T01:02:29.548814+08:00
508056,2026-01-28,3.365,3.392,3.353,3.376,4959461,none,AKShare/新浪基金历史,2026-09-04T01:02:29.548814+08:00
508056,2026-01-29,3.386,3.443,3.36,3.438,6402847,none,AKShare/新浪基金历史,2026-09-04T01:02:29.548814+08:00
508056,2026-01-30,3.435,3.455,3.396,3.412,5604683,none,AKShare/新浪基金历史,2026-09-04T01:02:29.548814+08:00
508056,2026-02-02,3.407,3.407,3.333,3.339,5130034,none,AKShare/新浪基金历史,2026-09-04T01:02:29.548814+08:00
508056,2026-02-03,3.333,3.384,3.333,3.382,2526898,none,AKShare/新浪基金历史,2026-09-04T01:02:29.548814+08:00
508056,2026-02-04,3.371,3.394,3.35,3.381,1145593,none,AKShare/新浪基金历史,2026-09-04T01:02:29.548814+08:00
508056,2026-02-05,3.372,3.398,3.348,3.369,1738569,none,AKShare/新浪基金历史,2026-09-04T01:02:29.548814+08:00
508056,2026-02-06,3.369,3.383,3.351,3.369,2992481,none,AKShare/新浪基金历史,2026-09-04T01:02:29.548814+08:00
508056,2026-02-09,3.365,3.386,3.353,3.37,1812244,none,AKShare/新浪基金历史,2026-09-04T01:02:29.548814+08:00
508056,2026-02-10,3.37,3.393,3.356,3.388,1883826,none,AKShare/新浪基金历史,2026-09-04T01:02:29.548814+08:00
508056,2026-02-11,3.389,3.437,3.383,3.407,3703166,none,AKShare/新浪基金历史,2026-09-04T01:02:29.548814+08:00
508056,2026-02-12,3.407,3.428,3.395,3.403,1443345,none,AKShare/新浪基金历史,2026-09-04T01:02:29.548814+08:00
508056,2026-02-13,3.397,3.417,3.394,3.41,1705131,none,AKShare/新浪基金历史,2026-09-04T01:02:29.548814+08:00
508056,2026-02-24,3.409,3.431,3.397,3.409,1524273,none,AKShare/新浪基金历史,2026-09-04T01:02:29.548814+08:00
508056,2026-02-25,3.409,3.421,3.395,3.411,2995029,none,AKShare/新浪基金历史,2026-09-04T01:02:29.548814+08:00
508056,2026-02-26,3.411,3.416,3.373,3.388,2730365,none,AKShare/新浪基金历史,2026-09-04T01:02:29.548814+08:00
508056,2026-02-27,3.387,3.387,3.356,3.377,1095981,none,AKShare/新浪基金历史,2026-09-04T01:02:29.548814+08:00
508056,2026-03-02,3.377,3.379,3.344,3.375,2765622,none,AKShare/新浪基金历史,2026-09-04T01:02:29.548814+08:00
508056,2026-03-03,3.378,3.379,3.341,3.361,6415454,none,AKShare/新浪基金历史,2026-09-04T01:02:29.548814+08:00
508056,2026-03-04,3.363,3.363,3.334,3.342,2351930,none,AKShare/新浪基金历史,2026-09-04T01:02:29.548814+08:00
508056,2026-03-05,3.35,3.35,3.319,3.345,3532574,none,AKShare/新浪基金历史,2026-09-04T01:02:29.548814+08:00
508056,2026-03-06,3.345,3.357,3.335,3.346,1591893,none,AKShare/新浪基金历史,2026-09-04T01:02:29.548814+08:00
508056,2026-03-09,3.345,3.345,3.307,3.323,2230935,none,AKShare/新浪基金历史,2026-09-04T01:02:29.548814+08:00
508056,2026-03-10,3.326,3.333,3.309,3.329,4214352,none,AKShare/新浪基金历史,2026-09-04T01:02:29.548814+08:00
508056,2026-03-11,3.336,3.336,3.311,3.327,1447572,none,AKShare/新浪基金历史,2026-09-04T01:02:29.548814+08:00
508056,2026-03-12,3.328,3.328,3.3,3.31,2159913,none,AKShare/新浪基金历史,2026-09-04T01:02:29.548814+08:00
508056,2026-03-13,3.308,3.318,3.302,3.317,2356712,none,AKShare/新浪基金历史,2026-09-04T01:02:29.548814+08:00
508056,2026-03-16,3.317,3.32,3.267,3.272,3725925,none,AKShare/新浪基金历史,2026-09-04T01:02:29.548814+08:00
508056,2026-03-17,3.272,3.288,3.25,3.27,1886292,none,AKShare/新浪基金历史,2026-09-04T01:02:29.548814+08:00
508056,2026-03-18,3.27,3.27,3.216,3.237,7415584,none,AKShare/新浪基金历史,2026-09-04T01:02:29.548814+08:00
508056,2026-03-19,3.222,3.234,3.202,3.211,3456797,none,AKShare/新浪基金历史,2026-09-04T01:02:29.548814+08:00
508056,2026-03-20,3.212,3.212,3.164,3.169,4331762,none,AKShare/新浪基金历史,2026-09-04T01:02:29.548814+08:00
508056,2026-03-23,3.166,3.179,3.081,3.107,4997471,none,AKShare/新浪基金历史,2026-09-04T01:02:29.548814+08:00
508056,2026-03-24,3.106,3.117,3.047,3.048,5271331,none,AKShare/新浪基金历史,2026-09-04T01:02:29.548814+08:00
508056,2026-03-25,3.05,3.052,3.0,3.034,7547618,none,AKShare/新浪基金历史,2026-09-04T01:02:29.548814+08:00
508056,2026-03-26,3.039,3.039,2.976,3.031,9045123,none,AKShare/新浪基金历史,2026-09-04T01:02:29.548814+08:00
508056,2026-03-27,3.03,3.098,3.002,3.092,9440583,none,AKShare/新浪基金历史,2026-09-04T01:02:29.548814+08:00
508056,2026-03-30,3.092,3.108,3.044,3.052,7891075,none,AKShare/新浪基金历史,2026-09-04T01:02:29.548814+08:00
508056,2026-03-31,3.058,3.065,3.04,3.044,4106045,none,AKShare/新浪基金历史,2026-09-04T01:02:29.548814+08:00
508056,2026-04-01,3.053,3.081,3.044,3.047,4374831,none,AKShare/新浪基金历史,2026-09-04T01:02:29.548814+08:00
508056,2026-04-02,3.047,3.054,3.033,3.045,2773789,none,AKShare/新浪基金历史,2026-09-04T01:02:29.548814+08:00
508056,2026-04-03,3.046,3.051,3.027,3.038,4917400,none,AKShare/新浪基金历史,2026-09-04T01:02:29.548814+08:00
508056,2026-04-07,2.992,3.044,2.991,3.035,7826427,none,AKShare/新浪基金历史,2026-09-04T01:02:29.548814+08:00
508056,2026-04-08,3.036,3.067,3.019,3.053,9933306,none,AKShare/新浪基金历史,2026-09-04T01:02:29.548814+08:00
508056,2026-04-09,3.054,3.066,3.027,3.04,3182901,none,AKShare/新浪基金历史,2026-09-04T01:02:29.548814+08:00
508056,2026-04-10,3.04,3.102,3.033,3.089,3849102,none,AKShare/新浪基金历史,2026-09-04T01:02:29.548814+08:00
508056,2026-04-13,3.085,3.096,3.066,3.081,2994426,none,AKShare/新浪基金历史,2026-09-04T01:02:29.548814+08:00
508056,2026-04-14,3.083,3.083,3.065,3.069,3626359,none,AKShare/新浪基金历史,2026-09-04T01:02:29.548814+08:00
508056,2026-04-15,3.067,3.067,3.04,3.058,4055783,none,AKShare/新浪基金历史,2026-09-04T01:02:29.548814+08:00
508056,2026-04-16,3.06,3.115,3.05,3.109,6300526,none,AKShare/新浪基金历史,2026-09-04T01:02:29.548814+08:00
508056,2026-04-17,3.11,3.118,3.078,3.107,2687840,none,AKShare/新浪基金历史,2026-09-04T01:02:29.548814+08:00
508056,2026-04-20,3.107,3.115,3.09,3.1,4965525,none,AKShare/新浪基金历史,2026-09-04T01:02:29.548814+08:00
508056,2026-04-21,3.103,3.103,3.07,3.079,5139251,none,AKShare/新浪基金历史,2026-09-04T01:02:29.548814+08:00
508056,2026-04-22,3.079,3.079,2.969,3.035,11077564,none,AKShare/新浪基金历史,2026-09-04T01:02:29.548814+08:00
508056,2026-04-23,3.021,3.032,2.991,2.997,4518308,none,AKShare/新浪基金历史,2026-09-04T01:02:29.548814+08:00
508056,2026-04-24,2.999,2.999,2.969,2.983,4492848,none,AKShare/新浪基金历史,2026-09-04T01:02:29.548814+08:00
508056,2026-04-27,2.983,2.985,2.971,2.979,2254650,none,AKShare/新浪基金历史,2026-09-04T01:02:29.548814+08:00
508056,2026-04-28,2.98,2.99,2.979,2.99,1604767,none,AKShare/新浪基金历史,2026-09-04T01:02:29.548814+08:00
508056,2026-04-29,2.989,2.993,2.984,2.992,1877843,none,AKShare/新浪基金历史,2026-09-04T01:02:29.548814+08:00
508056,2026-04-30,2.992,2.995,2.986,2.994,1294984,none,AKShare/新浪基金历史,2026-09-04T01:02:29.548814+08:00
508056,2026-05-06,2.999,3.0,2.98,2.986,2285944,none,AKShare/新浪基金历史,2026-09-04T01:02:29.548814+08:00
508056,2026-05-07,2.986,2.988,2.973,2.974,2434637,none,AKShare/新浪基金历史,2026-09-04T01:02:29.548814+08:00
508056,2026-05-08,2.97,2.971,2.939,2.969,2226936,none,AKShare/新浪基金历史,2026-09-04T01:02:29.548814+08:00
508056,2026-05-11,2.97,2.98,2.958,2.961,3208616,none,AKShare/新浪基金历史,2026-09-04T01:02:29.548814+08:00
508056,2026-05-12,2.962,2.962,2.949,2.955,2815605,none,AKShare/新浪基金历史,2026-09-04T01:02:29.548814+08:00
508056,2026-05-13,2.957,2.958,2.92,2.927,3947418,none,AKShare/新浪基金历史,2026-09-04T01:02:29.548814+08:00
508056,2026-05-14,2.926,2.926,2.89,2.899,5647476,none,AKShare/新浪基金历史,2026-09-04T01:02:29.548814+08:00
508056,2026-05-15,2.9,2.905,2.828,2.841,7941612,none,AKShare/新浪基金历史,2026-09-04T01:02:29.548814+08:00
508056,2026-05-18,2.856,2.856,2.779,2.822,13679860,none,AKShare/新浪基金历史,2026-09-04T01:02:29.548814+08:00
508056,2026-05-19,2.838,2.92,2.838,2.903,11452668,none,AKShare/新浪基金历史,2026-09-04T01:02:29.548814+08:00
508056,2026-05-20,2.903,2.912,2.829,2.855,9043021,none,AKShare/新浪基金历史,2026-09-04T01:02:29.548814+08:00
508056,2026-05-21,2.852,2.852,2.776,2.795,8664456,none,AKShare/新浪基金历史,2026-09-04T01:02:29.548814+08:00
508056,2026-05-22,2.793,2.793,2.735,2.754,8224885,none,AKShare/新浪基金历史,2026-09-04T01:02:29.548814+08:00
508056,2026-05-25,2.751,2.751,2.698,2.701,8947365,none,AKShare/新浪基金历史,2026-09-04T01:02:29.548814+08:00
508056,2026-05-26,2.701,2.701,2.606,2.657,11595700,none,AKShare/新浪基金历史,2026-09-04T01:02:29.548814+08:00
508056,2026-05-27,2.645,2.645,2.598,2.614,12924494,none,AKShare/新浪基金历史,2026-09-04T01:02:29.548814+08:00
508056,2026-05-28,2.604,2.618,2.51,2.536,16547817,none,AKShare/新浪基金历史,2026-09-04T01:02:29.548814+08:00
508056,2026-05-29,2.523,2.598,2.492,2.592,12795144,none,AKShare/新浪基金历史,2026-09-04T01:02:29.548814+08:00
508056,2026-06-01,2.598,2.619,2.549,2.599,8530207,none,AKShare/新浪基金历史,2026-09-04T01:02:29.548814+08:00
508056,2026-06-02,2.595,2.595,2.535,2.565,6602706,none,AKShare/新浪基金历史,2026-09-04T01:02:29.548814+08:00
508056,2026-06-03,2.563,2.563,2.54,2.549,3878829,none,AKShare/新浪基金历史,2026-09-04T01:02:29.548814+08:00
508056,2026-06-04,2.549,2.571,2.535,2.546,4198080,none,AKShare/新浪基金历史,2026-09-04T01:02:29.548814+08:00
508056,2026-06-05,2.547,2.549,2.498,2.509,5323752,none,AKShare/新浪基金历史,2026-09-04T01:02:29.548814+08:00
508056,2026-06-08,2.497,2.509,2.48,2.494,4322228,none,AKShare/新浪基金历史,2026-09-04T01:02:29.548814+08:00
508056,2026-06-09,2.494,2.504,2.474,2.483,3324636,none,AKShare/新浪基金历史,2026-09-04T01:02:29.548814+08:00
508056,2026-06-10,2.471,2.478,2.442,2.445,4438456,none,AKShare/新浪基金历史,2026-09-04T01:02:29.548814+08:00
508056,2026-06-11,2.44,2.44,2.38,2.406,8268820,none,AKShare/新浪基金历史,2026-09-04T01:02:29.548814+08:00
508056,2026-06-12,2.4,2.46,2.38,2.446,5832588,none,AKShare/新浪基金历史,2026-09-04T01:02:29.548814+08:00
508056,2026-06-15,2.446,2.453,2.381,2.394,9529467,none,AKShare/新浪基金历史,2026-09-04T01:02:29.548814+08:00
508056,2026-06-16,2.383,2.39,2.353,2.378,5269919,none,AKShare/新浪基金历史,2026-09-04T01:02:29.548814+08:00
508056,2026-06-17,2.37,2.389,2.366,2.386,3895156,none,AKShare/新浪基金历史,2026-09-04T01:02:29.548814+08:00
508056,2026-06-18,2.386,2.395,2.3,2.307,10048098,none,AKShare/新浪基金历史,2026-09-04T01:02:29.548814+08:00
508056,2026-06-22,2.31,2.31,2.217,2.233,12516283,none,AKShare/新浪基金历史,2026-09-04T01:02:29.548814+08:00
508056,2026-06-23,2.233,2.268,2.2,2.217,7851295,none,AKShare/新浪基金历史,2026-09-04T01:02:29.548814+08:00
508056,2026-06-24,2.217,2.234,2.165,2.181,6713293,none,AKShare/新浪基金历史,2026-09-04T01:02:29.548814+08:00
508056,2026-06-25,2.186,2.255,2.173,2.232,12920758,none,AKShare/新浪基金历史,2026-09-04T01:02:29.548814+08:00
508056,2026-06-26,2.239,2.258,2.193,2.207,5842107,none,AKShare/新浪基金历史,2026-09-04T01:02:29.548814+08:00
508056,2026-06-29,2.209,2.29,2.187,2.288,9806547,none,AKShare/新浪基金历史,2026-09-04T01:02:29.548814+08:00
508056,2026-06-30,2.284,2.381,2.279,2.37,9437446,none,AKShare/新浪基金历史,2026-09-04T01:02:29.548814+08:00
508056,2026-07-01,2.385,2.448,2.373,2.39,8974230,none,AKShare/新浪基金历史,2026-09-04T01:02:29.548814+08:00
508056,2026-07-02,2.39,2.44,2.374,2.4,6939080,none,AKShare/新浪基金历史,2026-09-04T01:02:29.548814+08:00
508056,2026-07-03,2.355,2.459,2.355,2.452,7988696,none,AKShare/新浪基金历史,2026-09-04T01:02:29.548814+08:00
508056,2026-07-06,2.458,2.498,2.423,2.481,11190387,none,AKShare/新浪基金历史,2026-09-04T01:02:29.548814+08:00
508056,2026-07-07,2.491,2.491,2.439,2.465,4287945,none,AKShare/新浪基金历史,2026-09-04T01:02:29.548814+08:00
508056,2026-07-08,2.464,2.476,2.401,2.45,6958077,none,AKShare/新浪基金历史,2026-09-04T01:02:29.548814+08:00
508056,2026-07-09,2.439,2.439,2.366,2.429,7177148,none,AKShare/新浪基金历史,2026-09-04T01:02:29.548814+08:00
508056,2026-07-10,2.418,2.48,2.404,2.46,5700192,none,AKShare/新浪基金历史,2026-09-04T01:02:29.548814+08:00
508056,2026-07-13,2.46,2.465,2.409,2.43,5295429,none,AKShare/新浪基金历史,2026-09-04T01:02:29.548814+08:00
508056,2026-07-14,2.419,2.43,2.395,2.413,3844324,none,AKShare/新浪基金历史,2026-09-04T01:02:29.548814+08:00
508056,2026-07-15,2.409,2.412,2.372,2.4,5847397,none,AKShare/新浪基金历史,2026-09-04T01:02:29.548814+08:00
508056,2026-07-16,2.4,2.438,2.39,2.416,9014531,none,AKShare/新浪基金历史,2026-09-04T01:02:29.548814+08:00
508056,2026-07-17,2.417,2.434,2.382,2.412,7240107,none,AKShare/新浪基金历史,2026-09-04T01:02:29.548814+08:00
508056,2026-07-20,2.402,2.435,2.398,2.401,3747229,none,AKShare/新浪基金历史,2026-09-04T01:02:29.548814+08:00
508056,2026-07-21,2.411,2.46,2.402,2.426,4156765,none,AKShare/新浪基金历史,2026-09-04T01:02:29.548814+08:00
508056,2026-07-22,2.426,2.426,2.389,2.395,4231822,none,AKShare/新浪基金历史,2026-09-04T01:02:29.548814+08:00
508056,2026-07-23,2.394,2.401,2.372,2.384,3275062,none,AKShare/新浪基金历史,2026-09-04T01:02:29.548814+08:00
508056,2026-07-24,2.384,2.396,2.37,2.384,1737741,none,AKShare/新浪基金历史,2026-09-04T01:02:29.548814+08:00
508056,2026-07-27,2.378,2.393,2.359,2.36,2170110,none,AKShare/新浪基金历史,2026-09-04T01:02:29.548814+08:00
508056,2026-07-28,2.36,2.372,2.335,2.337,2459318,none,AKShare/新浪基金历史,2026-09-04T01:02:29.548814+08:00
508056,2026-07-29,2.337,2.375,2.33,2.346,2667417,none,AKShare/新浪基金历史,2026-09-04T01:02:29.548814+08:00
508056,2026-07-30,2.348,2.372,2.343,2.343,2994206,none,AKShare/新浪基金历史,2026-09-04T01:02:29.548814+08:00
508056,2026-07-31,2.343,2.379,2.32,2.379,4148967,none,AKShare/新浪基金历史,2026-09-04T01:02:29.548814+08:00
508056,2026-08-03,2.379,2.389,2.343,2.355,6189186,none,AKShare/新浪基金历史,2026-09-04T01:02:29.548814+08:00
508056,2026-08-04,2.355,2.355,2.311,2.313,3233443,none,AKShare/新浪基金历史,2026-09-04T01:02:29.548814+08:00
508056,2026-08-05,2.313,2.329,2.234,2.258,6799911,none,AKShare/新浪基金历史,2026-09-04T01:02:29.548814+08:00
508056,2026-08-06,2.256,2.269,2.238,2.252,4197293,none,AKShare/新浪基金历史,2026-09-04T01:02:29.548814+08:00
508056,2026-08-07,2.252,2.273,2.245,2.271,4440486,none,AKShare/新浪基金历史,2026-09-04T01:02:29.548814+08:00
508056,2026-08-10,2.28,2.28,2.256,2.271,2156129,none,AKShare/新浪基金历史,2026-09-04T01:02:29.548814+08:00
508056,2026-08-11,2.271,2.279,2.246,2.261,2623779,none,AKShare/新浪基金历史,2026-09-04T01:02:29.548814+08:00
508056,2026-08-12,2.261,2.266,2.245,2.256,2477866,none,AKShare/新浪基金历史,2026-09-04T01:02:29.548814+08:00
508056,2026-08-13,2.256,2.265,2.226,2.248,2721676,none,AKShare/新浪基金历史,2026-09-04T01:02:29.548814+08:00
508056,2026-08-14,2.248,2.281,2.232,2.27,3728020,none,AKShare/新浪基金历史,2026-09-04T01:02:29.548814+08:00
508056,2026-08-17,2.278,2.278,2.237,2.241,3346600,none,AKShare/新浪基金历史,2026-09-04T01:02:29.548814+08:00
508056,2026-08-18,2.242,2.27,2.224,2.24,5106557,none,AKShare/新浪基金历史,2026-09-04T01:02:29.548814+08:00
508056,2026-08-19,2.241,2.249,2.232,2.248,2777405,none,AKShare/新浪基金历史,2026-09-04T01:02:29.548814+08:00
508056,2026-08-20,2.24,2.32,2.238,2.319,8453546,none,AKShare/新浪基金历史,2026-09-04T01:02:29.548814+08:00
508056,2026-08-21,2.319,2.35,2.292,2.32,3906393,none,AKShare/新浪基金历史,2026-09-04T01:02:29.548814+08:00
508056,2026-08-24,2.32,2.34,2.28,2.33,4203689,none,AKShare/新浪基金历史,2026-09-04T01:02:29.548814+08:00
508056,2026-08-25,2.33,2.364,2.305,2.361,5397907,none,AKShare/新浪基金历史,2026-09-04T01:02:29.548814+08:00
508056,2026-08-26,2.365,2.417,2.343,2.417,7062635,none,AKShare/新浪基金历史,2026-09-04T01:02:29.548814+08:00
508056,2026-08-27,2.417,2.466,2.397,2.43,8337098,none,AKShare/新浪基金历史,2026-09-04T01:02:29.548814+08:00
508056,2026-08-28,2.419,2.425,2.397,2.408,6100528,none,AKShare/新浪基金历史,2026-09-04T01:02:29.548814+08:00
508056,2026-08-31,2.408,2.418,2.378,2.384,3516615,none,AKShare/新浪基金历史,2026-09-04T01:02:29.548814+08:00
508056,2026-09-01,2.385,2.393,2.344,2.362,5021634,none,AKShare/新浪基金历史,2026-09-04T01:02:29.548814+08:00
508056,2026-09-02,2.36,2.37,2.335,2.35,8575736,none,AKShare/新浪基金历史,2026-09-04T01:02:29.548814+08:00
508096,2023-03-29,10.798,11.249,10.74,10.992,21410941,none,AKShare/新浪基金历史,2026-09-04T01:02:29.548814+08:00
508096,2023-03-30,10.995,11.0,10.87,10.909,2225125,none,AKShare/新浪基金历史,2026-09-04T01:02:29.548814+08:00
508096,2023-03-31,10.898,10.981,10.851,10.952,1892609,none,AKShare/新浪基金历史,2026-09-04T01:02:29.548814+08:00
508096,2023-04-03,10.948,10.95,10.87,10.949,1539026,none,AKShare/新浪基金历史,2026-09-04T01:02:29.548814+08:00
508096,2023-04-04,10.93,10.93,10.867,10.867,1229047,none,AKShare/新浪基金历史,2026-09-04T01:02:29.548814+08:00
508096,2023-04-06,10.867,10.869,10.838,10.839,1034369,none,AKShare/新浪基金历史,2026-09-04T01:02:29.548814+08:00
508096,2023-04-07,10.8,10.833,10.795,10.808,907142,none,AKShare/新浪基金历史,2026-09-04T01:02:29.548814+08:00
508096,2023-04-10,10.79,10.807,10.722,10.784,1053001,none,AKShare/新浪基金历史,2026-09-04T01:02:29.548814+08:00
508096,2023-04-11,10.779,10.785,10.746,10.783,528615,none,AKShare/新浪基金历史,2026-09-04T01:02:29.548814+08:00
508096,2023-04-12,10.784,10.784,10.76,10.768,284252,none,AKShare/新浪基金历史,2026-09-04T01:02:29.548814+08:00
508096,2023-04-13,10.768,10.768,10.726,10.727,417313,none,AKShare/新浪基金历史,2026-09-04T01:02:29.548814+08:00
508096,2023-04-14,10.726,10.779,10.698,10.777,435542,none,AKShare/新浪基金历史,2026-09-04T01:02:29.548814+08:00
508096,2023-04-17,10.777,10.923,10.777,10.915,831548,none,AKShare/新浪基金历史,2026-09-04T01:02:29.548814+08:00
508096,2023-04-18,10.915,10.927,10.9,10.921,1036031,none,AKShare/新浪基金历史,2026-09-04T01:02:29.548814+08:00
508096,2023-04-19,10.923,10.924,10.85,10.915,342922,none,AKShare/新浪基金历史,2026-09-04T01:02:29.548814+08:00
508096,2023-04-20,10.915,10.915,10.85,10.899,311603,none,AKShare/新浪基金历史,2026-09-04T01:02:29.548814+08:00
508096,2023-04-21,10.9,10.9,10.79,10.853,570518,none,AKShare/新浪基金历史,2026-09-04T01:02:29.548814+08:00
508096,2023-04-24,10.852,10.852,10.795,10.828,587139,none,AKShare/新浪基金历史,2026-09-04T01:02:29.548814+08:00
508096,2023-04-25,10.828,10.828,10.746,10.827,448748,none,AKShare/新浪基金历史,2026-09-04T01:02:29.548814+08:00
508096,2023-04-26,10.818,10.818,10.737,10.754,1617081,none,AKShare/新浪基金历史,2026-09-04T01:02:29.548814+08:00
508096,2023-04-27,10.751,10.751,10.591,10.606,619080,none,AKShare/新浪基金历史,2026-09-04T01:02:29.548814+08:00
508096,2023-04-28,10.596,10.64,10.52,10.639,575790,none,AKShare/新浪基金历史,2026-09-04T01:02:29.548814+08:00
508096,2023-05-04,10.638,10.643,10.381,10.42,1130210,none,AKShare/新浪基金历史,2026-09-04T01:02:29.548814+08:00
508096,2023-05-05,10.443,10.5,10.2,10.339,712629,none,AKShare/新浪基金历史,2026-09-04T01:02:29.548814+08:00
508096,2023-05-08,10.339,10.339,10.28,10.293,848062,none,AKShare/新浪基金历史,2026-09-04T01:02:29.548814+08:00
508096,2023-05-09,10.293,10.293,10.16,10.238,1014783,none,AKShare/新浪基金历史,2026-09-04T01:02:29.548814+08:00
508096,2023-05-10,10.22,10.366,10.169,10.356,2423067,none,AKShare/新浪基金历史,2026-09-04T01:02:29.548814+08:00
508096,2023-05-11,10.398,10.52,10.349,10.517,1251697,none,AKShare/新浪基金历史,2026-09-04T01:02:29.548814+08:00
508096,2023-05-12,10.517,10.616,10.47,10.616,605520,none,AKShare/新浪基金历史,2026-09-04T01:02:29.548814+08:00
508096,2023-05-15,10.616,10.616,10.501,10.519,515388,none,AKShare/新浪基金历史,2026-09-04T01:02:29.548814+08:00
508096,2023-05-16,10.519,10.609,10.519,10.569,711198,none,AKShare/新浪基金历史,2026-09-04T01:02:29.548814+08:00
508096,2023-05-17,10.57,10.57,10.528,10.529,552351,none,AKShare/新浪基金历史,2026-09-04T01:02:29.548814+08:00
508096,2023-05-18,10.432,10.543,10.43,10.53,588714,none,AKShare/新浪基金历史,2026-09-04T01:02:29.548814+08:00
508096,2023-05-19,10.5,10.518,10.449,10.518,527628,none,AKShare/新浪基金历史,2026-09-04T01:02:29.548814+08:00
508096,2023-05-22,10.518,10.518,10.471,10.481,626268,none,AKShare/新浪基金历史,2026-09-04T01:02:29.548814+08:00
508096,2023-05-23,10.481,10.529,10.481,10.49,537050,none,AKShare/新浪基金历史,2026-09-04T01:02:29.548814+08:00
508096,2023-05-24,10.434,10.604,10.434,10.568,737198,none,AKShare/新浪基金历史,2026-09-04T01:02:29.548814+08:00
508096,2023-05-25,10.571,10.628,10.57,10.604,896632,none,AKShare/新浪基金历史,2026-09-04T01:02:29.548814+08:00
508096,2023-05-26,10.6,10.628,10.557,10.587,1437547,none,AKShare/新浪基金历史,2026-09-04T01:02:29.548814+08:00
508096,2023-05-29,10.605,10.794,10.583,10.586,1011047,none,AKShare/新浪基金历史,2026-09-04T01:02:29.548814+08:00
508096,2023-05-30,10.585,10.715,10.546,10.57,482482,none,AKShare/新浪基金历史,2026-09-04T01:02:29.548814+08:00
508096,2023-05-31,10.569,10.569,10.386,10.421,541409,none,AKShare/新浪基金历史,2026-09-04T01:02:29.548814+08:00
508096,2023-06-01,10.425,10.425,10.335,10.338,1010430,none,AKShare/新浪基金历史,2026-09-04T01:02:29.548814+08:00
508096,2023-06-02,10.321,10.397,10.321,10.375,366657,none,AKShare/新浪基金历史,2026-09-04T01:02:29.548814+08:00
508096,2023-06-05,10.321,10.491,10.321,10.4,431928,none,AKShare/新浪基金历史,2026-09-04T01:02:29.548814+08:00
508096,2023-06-06,10.434,10.434,10.011,10.061,1226979,none,AKShare/新浪基金历史,2026-09-04T01:02:29.548814+08:00
508096,2023-06-07,10.047,10.19,10.041,10.113,812256,none,AKShare/新浪基金历史,2026-09-04T01:02:29.548814+08:00
508096,2023-06-08,10.113,10.43,10.113,10.418,969203,none,AKShare/新浪基金历史,2026-09-04T01:02:29.548814+08:00
508096,2023-06-09,10.419,10.499,10.3,10.407,1030505,none,AKShare/新浪基金历史,2026-09-04T01:02:29.548814+08:00
508096,2023-06-12,10.356,10.409,10.199,10.391,547310,none,AKShare/新浪基金历史,2026-09-04T01:02:29.548814+08:00
508096,2023-06-13,10.397,10.49,10.334,10.426,666313,none,AKShare/新浪基金历史,2026-09-04T01:02:29.548814+08:00
508096,2023-06-14,10.42,10.49,10.333,10.45,576093,none,AKShare/新浪基金历史,2026-09-04T01:02:29.548814+08:00
508096,2023-06-15,10.45,10.576,10.4,10.453,142873,none,AKShare/新浪基金历史,2026-09-04T01:02:29.548814+08:00
508096,2023-06-16,10.454,10.536,10.344,10.527,1031480,none,AKShare/新浪基金历史,2026-09-04T01:02:29.548814+08:00
508096,2023-06-19,10.527,10.527,10.324,10.46,860938,none,AKShare/新浪基金历史,2026-09-04T01:02:29.548814+08:00
508096,2023-06-20,10.46,10.49,10.338,10.459,326957,none,AKShare/新浪基金历史,2026-09-04T01:02:29.548814+08:00
508096,2023-06-21,10.432,10.512,10.38,10.47,380564,none,AKShare/新浪基金历史,2026-09-04T01:02:29.548814+08:00
508096,2023-06-26,10.464,10.58,10.359,10.431,532699,none,AKShare/新浪基金历史,2026-09-04T01:02:29.548814+08:00
508096,2023-06-27,10.431,10.489,10.276,10.353,996588,none,AKShare/新浪基金历史,2026-09-04T01:02:29.548814+08:00
508096,2023-06-28,10.353,10.353,10.16,10.191,475011,none,AKShare/新浪基金历史,2026-09-04T01:02:29.548814+08:00
508096,2023-06-29,10.184,10.26,10.11,10.159,445564,none,AKShare/新浪基金历史,2026-09-04T01:02:29.548814+08:00
508096,2023-06-30,10.159,10.194,10.007,10.18,858422,none,AKShare/新浪基金历史,2026-09-04T01:02:29.548814+08:00
508096,2023-07-03,10.179,10.179,9.99,10.003,1248577,none,AKShare/新浪基金历史,2026-09-04T01:02:29.548814+08:00
508096,2023-07-04,9.998,10.135,9.985,10.006,929973,none,AKShare/新浪基金历史,2026-09-04T01:02:29.548814+08:00
508096,2023-07-05,10.006,10.077,9.951,9.967,535279,none,AKShare/新浪基金历史,2026-09-04T01:02:29.548814+08:00
508096,2023-07-06,9.945,10.298,9.945,10.276,2499200,none,AKShare/新浪基金历史,2026-09-04T01:02:29.548814+08:00
508096,2023-07-07,10.276,10.467,10.144,10.364,2421905,none,AKShare/新浪基金历史,2026-09-04T01:02:29.548814+08:00
508096,2023-07-10,10.349,10.482,10.252,10.335,1411523,none,AKShare/新浪基金历史,2026-09-04T01:02:29.548814+08:00
508096,2023-07-11,10.34,10.435,10.261,10.312,369542,none,AKShare/新浪基金历史,2026-09-04T01:02:29.548814+08:00
508096,2023-07-12,10.33,10.375,10.19,10.268,713384,none,AKShare/新浪基金历史,2026-09-04T01:02:29.548814+08:00
508096,2023-07-13,10.27,10.378,10.216,10.373,563530,none,AKShare/新浪基金历史,2026-09-04T01:02:29.548814+08:00
508096,2023-07-14,10.374,10.48,10.231,10.436,618813,none,AKShare/新浪基金历史,2026-09-04T01:02:29.548814+08:00
508096,2023-07-17,10.498,10.626,10.428,10.592,1401453,none,AKShare/新浪基金历史,2026-09-04T01:02:29.548814+08:00
508096,2023-07-18,10.615,10.782,10.592,10.708,1115791,none,AKShare/新浪基金历史,2026-09-04T01:02:29.548814+08:00
508096,2023-07-19,10.7,10.799,10.625,10.67,1303086,none,AKShare/新浪基金历史,2026-09-04T01:02:29.548814+08:00
508096,2023-07-20,10.67,10.67,10.49,10.595,219314,none,AKShare/新浪基金历史,2026-09-04T01:02:29.548814+08:00
508096,2023-07-21,10.558,10.64,10.53,10.594,1566302,none,AKShare/新浪基金历史,2026-09-04T01:02:29.548814+08:00
508096,2023-07-24,10.58,10.628,10.553,10.597,1358914,none,AKShare/新浪基金历史,2026-09-04T01:02:29.548814+08:00
508096,2023-07-25,10.568,10.65,10.552,10.591,892864,none,AKShare/新浪基金历史,2026-09-04T01:02:29.548814+08:00
508096,2023-07-26,10.561,10.6,10.496,10.528,199414,none,AKShare/新浪基金历史,2026-09-04T01:02:29.548814+08:00
508096,2023-07-27,10.5,10.528,10.469,10.477,302795,none,AKShare/新浪基金历史,2026-09-04T01:02:29.548814+08:00
508096,2023-07-28,10.446,10.5,10.446,10.481,207336,none,AKShare/新浪基金历史,2026-09-04T01:02:29.548814+08:00
508096,2023-07-31,10.472,10.533,10.472,10.5,498776,none,AKShare/新浪基金历史,2026-09-04T01:02:29.548814+08:00
508096,2023-08-01,10.5,10.55,10.49,10.538,815232,none,AKShare/新浪基金历史,2026-09-04T01:02:29.548814+08:00
508096,2023-08-02,10.538,10.599,10.498,10.581,458666,none,AKShare/新浪基金历史,2026-09-04T01:02:29.548814+08:00
508096,2023-08-03,10.584,10.692,10.584,10.655,380148,none,AKShare/新浪基金历史,2026-09-04T01:02:29.548814+08:00
508096,2023-08-04,10.629,10.644,10.604,10.613,241193,none,AKShare/新浪基金历史,2026-09-04T01:02:29.548814+08:00
508096,2023-08-07,10.613,10.62,10.522,10.6,635839,none,AKShare/新浪基金历史,2026-09-04T01:02:29.548814+08:00
508096,2023-08-08,10.599,10.63,10.596,10.621,375470,none,AKShare/新浪基金历史,2026-09-04T01:02:29.548814+08:00
508096,2023-08-09,10.653,10.728,10.628,10.726,293058,none,AKShare/新浪基金历史,2026-09-04T01:02:29.548814+08:00
508096,2023-08-10,10.705,10.797,10.684,10.793,577769,none,AKShare/新浪基金历史,2026-09-04T01:02:29.548814+08:00
508096,2023-08-11,10.793,10.8,10.763,10.773,340497,none,AKShare/新浪基金历史,2026-09-04T01:02:29.548814+08:00
508096,2023-08-14,10.764,10.793,10.701,10.793,513340,none,AKShare/新浪基金历史,2026-09-04T01:02:29.548814+08:00
508096,2023-08-15,10.764,10.86,10.739,10.854,833946,none,AKShare/新浪基金历史,2026-09-04T01:02:29.548814+08:00
508096,2023-08-16,10.816,10.875,10.816,10.849,172492,none,AKShare/新浪基金历史,2026-09-04T01:02:29.548814+08:00
508096,2023-08-17,10.849,10.87,10.816,10.839,194266,none,AKShare/新浪基金历史,2026-09-04T01:02:29.548814+08:00
508096,2023-08-18,10.855,10.855,10.79,10.85,204515,none,AKShare/新浪基金历史,2026-09-04T01:02:29.548814+08:00
508096,2023-08-21,10.855,10.89,10.816,10.829,204259,none,AKShare/新浪基金历史,2026-09-04T01:02:29.548814+08:00
508096,2023-08-22,10.829,10.85,10.66,10.817,466613,none,AKShare/新浪基金历史,2026-09-04T01:02:29.548814+08:00
508096,2023-08-23,10.815,10.815,10.708,10.793,719333,none,AKShare/新浪基金历史,2026-09-04T01:02:29.548814+08:00
508096,2023-08-24,10.788,10.817,10.764,10.805,339529,none,AKShare/新浪基金历史,2026-09-04T01:02:29.548814+08:00
508096,2023-08-25,10.79,10.818,10.765,10.779,322294,none,AKShare/新浪基金历史,2026-09-04T01:02:29.548814+08:00
508096,2023-08-28,10.818,10.91,10.779,10.888,960715,none,AKShare/新浪基金历史,2026-09-04T01:02:29.548814+08:00
508096,2023-08-29,10.878,10.91,10.878,10.907,151846,none,AKShare/新浪基金历史,2026-09-04T01:02:29.548814+08:00
508096,2023-08-30,10.875,10.955,10.875,10.93,353523,none,AKShare/新浪基金历史,2026-09-04T01:02:29.548814+08:00
508096,2023-08-31,10.916,10.916,10.894,10.914,894494,none,AKShare/新浪基金历史,2026-09-04T01:02:29.548814+08:00
508096,2023-09-01,10.914,10.915,10.819,10.87,191154,none,AKShare/新浪基金历史,2026-09-04T01:02:29.548814+08:00
508096,2023-09-04,10.87,10.89,10.818,10.837,538000,none,AKShare/新浪基金历史,2026-09-04T01:02:29.548814+08:00
508096,2023-09-05,10.836,10.88,10.82,10.87,739259,none,AKShare/新浪基金历史,2026-09-04T01:02:29.548814+08:00
508096,2023-09-06,10.87,10.894,10.842,10.873,66171,none,AKShare/新浪基金历史,2026-09-04T01:02:29.548814+08:00
508096,2023-09-07,10.886,10.894,10.879,10.894,102848,none,AKShare/新浪基金历史,2026-09-04T01:02:29.548814+08:00
508096,2023-09-08,10.877,10.91,10.877,10.903,98860,none,AKShare/新浪基金历史,2026-09-04T01:02:29.548814+08:00
508096,2023-09-11,10.919,10.972,10.911,10.94,297444,none,AKShare/新浪基金历史,2026-09-04T01:02:29.548814+08:00
508096,2023-09-12,10.945,10.972,10.869,10.947,539692,none,AKShare/新浪基金历史,2026-09-04T01:02:29.548814+08:00
508096,2023-09-13,10.92,10.95,10.907,10.95,417568,none,AKShare/新浪基金历史,2026-09-04T01:02:29.548814+08:00
508096,2023-09-14,10.949,10.971,10.903,10.941,467691,none,AKShare/新浪基金历史,2026-09-04T01:02:29.548814+08:00
508096,2023-09-15,10.94,10.941,10.894,10.907,421145,none,AKShare/新浪基金历史,2026-09-04T01:02:29.548814+08:00
508096,2023-09-18,10.899,10.899,10.86,10.881,289735,none,AKShare/新浪基金历史,2026-09-04T01:02:29.548814+08:00
508096,2023-09-19,10.87,10.87,10.764,10.845,207349,none,AKShare/新浪基金历史,2026-09-04T01:02:29.548814+08:00
508096,2023-09-20,10.845,10.85,10.794,10.85,432344,none,AKShare/新浪基金历史,2026-09-04T01:02:29.548814+08:00
508096,2023-09-21,10.84,10.969,10.761,10.868,413084,none,AKShare/新浪基金历史,2026-09-04T01:02:29.548814+08:00
508096,2023-09-22,10.86,10.883,10.819,10.866,384696,none,AKShare/新浪基金历史,2026-09-04T01:02:29.548814+08:00
508096,2023-09-25,10.877,10.877,10.836,10.847,380648,none,AKShare/新浪基金历史,2026-09-04T01:02:29.548814+08:00
508096,2023-09-26,10.842,10.89,10.842,10.89,624840,none,AKShare/新浪基金历史,2026-09-04T01:02:29.548814+08:00
508096,2023-09-27,10.89,10.89,10.846,10.885,226434,none,AKShare/新浪基金历史,2026-09-04T01:02:29.548814+08:00
508096,2023-09-28,10.885,10.998,10.885,10.969,302810,none,AKShare/新浪基金历史,2026-09-04T01:02:29.548814+08:00
508096,2023-10-09,10.96,10.96,10.92,10.959,930734,none,AKShare/新浪基金历史,2026-09-04T01:02:29.548814+08:00
508096,2023-10-10,10.92,10.976,10.919,10.968,642893,none,AKShare/新浪基金历史,2026-09-04T01:02:29.548814+08:00
508096,2023-10-11,10.969,10.976,10.924,10.959,693963,none,AKShare/新浪基金历史,2026-09-04T01:02:29.548814+08:00
508096,2023-10-12,10.969,10.97,10.918,10.934,460588,none,AKShare/新浪基金历史,2026-09-04T01:02:29.548814+08:00
508096,2023-10-13,10.929,10.95,10.85,10.858,383051,none,AKShare/新浪基金历史,2026-09-04T01:02:29.548814+08:00
508096,2023-10-16,10.842,10.858,10.665,10.857,298730,none,AKShare/新浪基金历史,2026-09-04T01:02:29.548814+08:00
508096,2023-10-17,10.765,10.765,10.66,10.671,722695,none,AKShare/新浪基金历史,2026-09-04T01:02:29.548814+08:00
508096,2023-10-18,10.66,10.67,10.609,10.627,1190805,none,AKShare/新浪基金历史,2026-09-04T01:02:29.548814+08:00
508096,2023-10-19,10.623,10.623,10.563,10.622,256091,none,AKShare/新浪基金历史,2026-09-04T01:02:29.548814+08:00
508096,2023-10-20,10.583,10.608,10.465,10.59,279467,none,AKShare/新浪基金历史,2026-09-04T01:02:29.548814+08:00
508096,2023-10-23,10.558,10.558,10.41,10.441,681709,none,AKShare/新浪基金历史,2026-09-04T01:02:29.548814+08:00
508096,2023-10-24,10.441,10.604,10.4,10.6,1259035,none,AKShare/新浪基金历史,2026-09-04T01:02:29.548814+08:00
508096,2023-10-25,10.593,10.797,10.593,10.629,819362,none,AKShare/新浪基金历史,2026-09-04T01:02:29.548814+08:00
508096,2023-10-26,10.629,10.777,10.41,10.598,1068012,none,AKShare/新浪基金历史,2026-09-04T01:02:29.548814+08:00
508096,2023-10-27,10.598,10.749,10.531,10.683,1682530,none,AKShare/新浪基金历史,2026-09-04T01:02:29.548814+08:00
508096,2023-10-30,10.709,10.709,10.601,10.66,664133,none,AKShare/新浪基金历史,2026-09-04T01:02:29.548814+08:00
508096,2023-10-31,10.666,10.701,10.63,10.695,581647,none,AKShare/新浪基金历史,2026-09-04T01:02:29.548814+08:00
508096,2023-11-01,10.69,10.69,10.6,10.678,578626,none,AKShare/新浪基金历史,2026-09-04T01:02:29.548814+08:00
508096,2023-11-02,10.652,10.652,10.6,10.621,823499,none,AKShare/新浪基金历史,2026-09-04T01:02:29.548814+08:00
508096,2023-11-03,10.632,10.688,10.6,10.613,742532,none,AKShare/新浪基金历史,2026-09-04T01:02:29.548814+08:00
508096,2023-11-06,10.613,10.629,10.552,10.626,1218102,none,AKShare/新浪基金历史,2026-09-04T01:02:29.548814+08:00
508096,2023-11-07,10.618,10.63,10.451,10.597,858209,none,AKShare/新浪基金历史,2026-09-04T01:02:29.548814+08:00
508096,2023-11-08,10.69,10.806,10.625,10.796,1619276,none,AKShare/新浪基金历史,2026-09-04T01:02:29.548814+08:00
508096,2023-11-09,10.801,10.988,10.801,10.96,734970,none,AKShare/新浪基金历史,2026-09-04T01:02:29.548814+08:00
508096,2023-11-10,11.0,11.002,10.938,10.943,961133,none,AKShare/新浪基金历史,2026-09-04T01:02:29.548814+08:00
508096,2023-11-13,9.85,9.85,9.509,9.798,712511,none,AKShare/新浪基金历史,2026-09-04T01:02:29.548814+08:00
508096,2023-11-14,9.796,9.797,9.7,9.707,819950,none,AKShare/新浪基金历史,2026-09-04T01:02:29.548814+08:00
508096,2023-11-15,9.686,9.71,9.667,9.674,332041,none,AKShare/新浪基金历史,2026-09-04T01:02:29.548814+08:00
508096,2023-11-16,9.674,9.674,9.225,9.614,752117,none,AKShare/新浪基金历史,2026-09-04T01:02:29.548814+08:00
508096,2023-11-17,9.614,9.63,9.581,9.599,379594,none,AKShare/新浪基金历史,2026-09-04T01:02:29.548814+08:00
508096,2023-11-20,9.583,9.626,9.583,9.587,1140408,none,AKShare/新浪基金历史,2026-09-04T01:02:29.548814+08:00
508096,2023-11-21,9.6,9.606,9.583,9.597,773212,none,AKShare/新浪基金历史,2026-09-04T01:02:29.548814+08:00
508096,2023-11-22,9.625,9.625,9.554,9.559,637626,none,AKShare/新浪基金历史,2026-09-04T01:02:29.548814+08:00
508096,2023-11-23,9.559,9.565,9.509,9.512,689777,none,AKShare/新浪基金历史,2026-09-04T01:02:29.548814+08:00
508096,2023-11-24,9.508,9.508,9.45,9.481,511477,none,AKShare/新浪基金历史,2026-09-04T01:02:29.548814+08:00
508096,2023-11-27,9.472,9.52,9.3,9.312,616608,none,AKShare/新浪基金历史,2026-09-04T01:02:29.548814+08:00
508096,2023-11-28,9.275,9.518,9.266,9.348,609559,none,AKShare/新浪基金历史,2026-09-04T01:02:29.548814+08:00
508096,2023-11-29,9.348,9.352,9.317,9.337,1380736,none,AKShare/新浪基金历史,2026-09-04T01:02:29.548814+08:00
508096,2023-11-30,9.337,9.56,9.337,9.555,2014682,none,AKShare/新浪基金历史,2026-09-04T01:02:29.548814+08:00
508096,2023-12-01,9.555,9.65,9.536,9.593,1345950,none,AKShare/新浪基金历史,2026-09-04T01:02:29.548814+08:00
508096,2023-12-04,9.612,9.7,9.583,9.664,635393,none,AKShare/新浪基金历史,2026-09-04T01:02:29.548814+08:00
508096,2023-12-05,9.625,9.7,9.475,9.585,1388409,none,AKShare/新浪基金历史,2026-09-04T01:02:29.548814+08:00
508096,2023-12-06,9.545,9.651,9.54,9.607,805624,none,AKShare/新浪基金历史,2026-09-04T01:02:29.548814+08:00
508096,2023-12-07,9.583,9.657,9.52,9.655,736945,none,AKShare/新浪基金历史,2026-09-04T01:02:29.548814+08:00
508096,2023-12-08,9.614,9.658,9.482,9.591,1315242,none,AKShare/新浪基金历史,2026-09-04T01:02:29.548814+08:00
508096,2023-12-11,9.588,9.588,9.505,9.534,1443210,none,AKShare/新浪基金历史,2026-09-04T01:02:29.548814+08:00
508096,2023-12-12,9.55,9.6,9.4,9.446,716161,none,AKShare/新浪基金历史,2026-09-04T01:02:29.548814+08:00
508096,2023-12-13,9.406,9.5,9.37,9.452,691022,none,AKShare/新浪基金历史,2026-09-04T01:02:29.548814+08:00
508096,2023-12-14,9.412,9.81,9.32,9.461,1061638,none,AKShare/新浪基金历史,2026-09-04T01:02:29.548814+08:00
508096,2023-12-15,9.421,9.51,9.305,9.399,861779,none,AKShare/新浪基金历史,2026-09-04T01:02:29.548814+08:00
508096,2023-12-18,9.399,9.43,9.331,9.342,801868,none,AKShare/新浪基金历史,2026-09-04T01:02:29.548814+08:00
508096,2023-12-19,9.5,9.5,9.293,9.345,985245,none,AKShare/新浪基金历史,2026-09-04T01:02:29.548814+08:00
508096,2023-12-20,9.37,9.465,9.281,9.461,978733,none,AKShare/新浪基金历史,2026-09-04T01:02:29.548814+08:00
508096,2023-12-21,9.481,9.698,9.461,9.649,1463661,none,AKShare/新浪基金历史,2026-09-04T01:02:29.548814+08:00
508096,2023-12-22,9.655,9.808,9.631,9.75,1429087,none,AKShare/新浪基金历史,2026-09-04T01:02:29.548814+08:00
508096,2023-12-25,9.749,9.791,9.547,9.693,2125531,none,AKShare/新浪基金历史,2026-09-04T01:02:29.548814+08:00
508096,2023-12-26,9.653,9.663,9.42,9.598,1745956,none,AKShare/新浪基金历史,2026-09-04T01:02:29.548814+08:00
508096,2023-12-27,9.558,9.638,9.447,9.464,1666843,none,AKShare/新浪基金历史,2026-09-04T01:02:29.548814+08:00
508096,2023-12-28,9.424,9.6,9.424,9.568,1008347,none,AKShare/新浪基金历史,2026-09-04T01:02:29.548814+08:00
508096,2023-12-29,9.57,9.77,9.546,9.701,879687,none,AKShare/新浪基金历史,2026-09-04T01:02:29.548814+08:00
508096,2024-01-02,9.657,9.676,9.529,9.529,1340247,none,AKShare/新浪基金历史,2026-09-04T01:02:29.548814+08:00
508096,2024-01-03,9.529,9.56,9.408,9.421,997209,none,AKShare/新浪基金历史,2026-09-04T01:02:29.548814+08:00
508096,2024-01-04,9.408,9.41,9.312,9.33,1265659,none,AKShare/新浪基金历史,2026-09-04T01:02:29.548814+08:00
508096,2024-01-05,9.33,9.388,9.27,9.274,1208420,none,AKShare/新浪基金历史,2026-09-04T01:02:29.548814+08:00
508096,2024-01-08,9.272,9.288,9.233,9.279,1260605,none,AKShare/新浪基金历史,2026-09-04T01:02:29.548814+08:00
508096,2024-01-09,9.28,9.371,9.245,9.254,1271190,none,AKShare/新浪基金历史,2026-09-04T01:02:29.548814+08:00
508096,2024-01-10,9.258,9.285,9.215,9.254,1232800,none,AKShare/新浪基金历史,2026-09-04T01:02:29.548814+08:00
508096,2024-01-11,9.254,9.359,9.24,9.358,1669177,none,AKShare/新浪基金历史,2026-09-04T01:02:29.548814+08:00
508096,2024-01-12,9.38,9.38,9.32,9.364,964413,none,AKShare/新浪基金历史,2026-09-04T01:02:29.548814+08:00
508096,2024-01-15,9.391,9.474,9.365,9.453,1672138,none,AKShare/新浪基金历史,2026-09-04T01:02:29.548814+08:00
508096,2024-01-16,9.453,9.519,9.453,9.504,1460870,none,AKShare/新浪基金历史,2026-09-04T01:02:29.548814+08:00
508096,2024-01-17,9.527,9.598,9.483,9.524,1281163,none,AKShare/新浪基金历史,2026-09-04T01:02:29.548814+08:00
508096,2024-01-18,9.525,9.548,9.476,9.502,832148,none,AKShare/新浪基金历史,2026-09-04T01:02:29.548814+08:00
508096,2024-01-19,9.506,9.506,9.42,9.421,772126,none,AKShare/新浪基金历史,2026-09-04T01:02:29.548814+08:00
508096,2024-01-22,9.397,9.485,9.35,9.369,904690,none,AKShare/新浪基金历史,2026-09-04T01:02:29.548814+08:00
508096,2024-01-23,9.363,9.363,9.25,9.289,1366397,none,AKShare/新浪基金历史,2026-09-04T01:02:29.548814+08:00
508096,2024-01-24,9.249,9.389,9.249,9.292,918943,none,AKShare/新浪基金历史,2026-09-04T01:02:29.548814+08:00
508096,2024-01-25,9.26,9.355,9.26,9.321,1776058,none,AKShare/新浪基金历史,2026-09-04T01:02:29.548814+08:00
508096,2024-01-26,9.32,9.659,9.28,9.313,876383,none,AKShare/新浪基金历史,2026-09-04T01:02:29.548814+08:00
508096,2024-01-29,9.31,9.332,9.285,9.291,1466108,none,AKShare/新浪基金历史,2026-09-04T01:02:29.548814+08:00
508096,2024-01-30,9.291,9.297,9.272,9.28,1271924,none,AKShare/新浪基金历史,2026-09-04T01:02:29.548814+08:00
508096,2024-01-31,9.28,9.295,9.25,9.275,1550698,none,AKShare/新浪基金历史,2026-09-04T01:02:29.548814+08:00
508096,2024-02-01,9.269,9.27,9.236,9.236,1047354,none,AKShare/新浪基金历史,2026-09-04T01:02:29.548814+08:00
508096,2024-02-02,9.252,9.252,9.207,9.225,1743158,none,AKShare/新浪基金历史,2026-09-04T01:02:29.548814+08:00
508096,2024-02-05,9.247,9.247,9.202,9.206,1663369,none,AKShare/新浪基金历史,2026-09-04T01:02:29.548814+08:00
508096,2024-02-06,9.205,9.239,9.205,9.218,952052,none,AKShare/新浪基金历史,2026-09-04T01:02:29.548814+08:00
508096,2024-02-07,9.22,9.224,9.206,9.221,1382524,none,AKShare/新浪基金历史,2026-09-04T01:02:29.548814+08:00
508096,2024-02-08,9.328,9.331,9.221,9.33,683937,none,AKShare/新浪基金历史,2026-09-04T01:02:29.548814+08:00
508096,2024-02-19,9.33,9.522,9.33,9.521,1691160,none,AKShare/新浪基金历史,2026-09-04T01:02:29.548814+08:00
508096,2024-02-20,9.54,9.689,9.399,9.486,1239493,none,AKShare/新浪基金历史,2026-09-04T01:02:29.548814+08:00
508096,2024-02-21,9.452,9.58,9.446,9.54,1522093,none,AKShare/新浪基金历史,2026-09-04T01:02:29.548814+08:00
508096,2024-02-22,9.54,9.65,9.456,9.65,1770329,none,AKShare/新浪基金历史,2026-09-04T01:02:29.548814+08:00
508096,2024-02-23,9.644,9.8,9.644,9.79,1731945,none,AKShare/新浪基金历史,2026-09-04T01:02:29.548814+08:00
508096,2024-02-26,9.79,10.35,9.761,10.127,1785389,none,AKShare/新浪基金历史,2026-09-04T01:02:29.548814+08:00
508096,2024-02-27,10.129,10.253,9.804,9.884,2197955,none,AKShare/新浪基金历史,2026-09-04T01:02:29.548814+08:00
508096,2024-02-28,9.883,9.96,9.802,9.848,2254977,none,AKShare/新浪基金历史,2026-09-04T01:02:29.548814+08:00
508096,2024-02-29,9.812,10.079,9.779,9.933,2166422,none,AKShare/新浪基金历史,2026-09-04T01:02:29.548814+08:00
508096,2024-03-01,9.933,10.1,9.933,10.056,2008719,none,AKShare/新浪基金历史,2026-09-04T01:02:29.548814+08:00
508096,2024-03-04,10.057,10.3,10.016,10.296,1989788,none,AKShare/新浪基金历史,2026-09-04T01:02:29.548814+08:00
508096,2024-03-05,10.256,10.488,10.256,10.429,2774632,none,AKShare/新浪基金历史,2026-09-04T01:02:29.548814+08:00
508096,2024-03-06,10.356,10.48,10.096,10.2,2034080,none,AKShare/新浪基金历史,2026-09-04T01:02:29.548814+08:00
508096,2024-03-07,10.198,10.342,10.163,10.229,2530996,none,AKShare/新浪基金历史,2026-09-04T01:02:29.548814+08:00
508096,2024-03-08,10.213,10.4,10.213,10.399,1324065,none,AKShare/新浪基金历史,2026-09-04T01:02:29.548814+08:00
508096,2024-03-11,10.4,10.442,10.395,10.425,1541744,none,AKShare/新浪基金历史,2026-09-04T01:02:29.548814+08:00
508096,2024-03-12,10.426,10.426,10.373,10.4,1866396,none,AKShare/新浪基金历史,2026-09-04T01:02:29.548814+08:00
508096,2024-03-13,10.4,10.401,10.17,10.259,1950665,none,AKShare/新浪基金历史,2026-09-04T01:02:29.548814+08:00
508096,2024-03-14,10.219,10.28,10.176,10.22,706216,none,AKShare/新浪基金历史,2026-09-04T01:02:29.548814+08:00
508096,2024-03-15,10.221,10.35,10.0,10.196,1156936,none,AKShare/新浪基金历史,2026-09-04T01:02:29.548814+08:00
508096,2024-03-18,10.211,10.211,10.147,10.185,1016270,none,AKShare/新浪基金历史,2026-09-04T01:02:29.548814+08:00
508096,2024-03-19,10.185,10.186,10.062,10.176,560355,none,AKShare/新浪基金历史,2026-09-04T01:02:29.548814+08:00
508096,2024-03-20,10.164,10.19,10.09,10.1,764420,none,AKShare/新浪基金历史,2026-09-04T01:02:29.548814+08:00
508096,2024-03-21,10.086,10.11,10.045,10.08,1093311,none,AKShare/新浪基金历史,2026-09-04T01:02:29.548814+08:00
508096,2024-03-22,10.062,10.08,9.945,9.996,1447862,none,AKShare/新浪基金历史,2026-09-04T01:02:29.548814+08:00
508096,2024-03-25,9.996,10.023,9.954,9.97,1089115,none,AKShare/新浪基金历史,2026-09-04T01:02:29.548814+08:00
508096,2024-03-26,9.97,9.98,9.923,9.946,1291743,none,AKShare/新浪基金历史,2026-09-04T01:02:29.548814+08:00
508096,2024-03-27,9.946,10.01,9.946,9.994,1535620,none,AKShare/新浪基金历史,2026-09-04T01:02:29.548814+08:00
508096,2024-03-28,9.994,10.05,9.926,9.98,978723,none,AKShare/新浪基金历史,2026-09-04T01:02:29.548814+08:00
508096,2024-03-29,9.98,9.98,9.72,9.841,4384713,none,AKShare/新浪基金历史,2026-09-04T01:02:29.548814+08:00
508096,2024-04-01,9.84,9.84,9.612,9.764,5162275,none,AKShare/新浪基金历史,2026-09-04T01:02:29.548814+08:00
508096,2024-04-02,9.768,9.78,9.682,9.71,3932471,none,AKShare/新浪基金历史,2026-09-04T01:02:29.548814+08:00
508096,2024-04-03,9.711,9.97,9.697,9.877,4076674,none,AKShare/新浪基金历史,2026-09-04T01:02:29.548814+08:00
508096,2024-04-08,9.878,10.014,9.852,10.004,2747043,none,AKShare/新浪基金历史,2026-09-04T01:02:29.548814+08:00
508096,2024-04-09,10.012,10.1,9.96,10.071,2546419,none,AKShare/新浪基金历史,2026-09-04T01:02:29.548814+08:00
508096,2024-04-10,10.069,10.11,10.031,10.095,2056964,none,AKShare/新浪基金历史,2026-09-04T01:02:29.548814+08:00
508096,2024-04-11,10.095,10.14,10.086,10.114,2801064,none,AKShare/新浪基金历史,2026-09-04T01:02:29.548814+08:00
508096,2024-04-12,10.115,10.115,10.0,10.112,2792842,none,AKShare/新浪基金历史,2026-09-04T01:02:29.548814+08:00
508096,2024-04-15,10.072,10.072,9.914,9.98,4199768,none,AKShare/新浪基金历史,2026-09-04T01:02:29.548814+08:00
508096,2024-04-16,9.94,10.018,9.829,9.989,3464647,none,AKShare/新浪基金历史,2026-09-04T01:02:29.548814+08:00
508096,2024-04-17,9.969,10.1,9.86,10.073,1408725,none,AKShare/新浪基金历史,2026-09-04T01:02:29.548814+08:00
508096,2024-04-18,10.074,10.18,10.036,10.167,2166555,none,AKShare/新浪基金历史,2026-09-04T01:02:29.548814+08:00
508096,2024-04-19,10.2,10.25,10.127,10.195,1778060,none,AKShare/新浪基金历史,2026-09-04T01:02:29.548814+08:00
508096,2024-04-22,10.25,10.352,10.234,10.266,3655270,none,AKShare/新浪基金历史,2026-09-04T01:02:29.548814+08:00
508096,2024-04-23,10.261,10.339,10.06,10.3,3797849,none,AKShare/新浪基金历史,2026-09-04T01:02:29.548814+08:00
508096,2024-04-24,10.298,10.399,10.279,10.364,3371234,none,AKShare/新浪基金历史,2026-09-04T01:02:29.548814+08:00
508096,2024-04-25,9.84,10.06,9.812,9.938,1705728,none,AKShare/新浪基金历史,2026-09-04T01:02:29.548814+08:00
508096,2024-04-26,9.898,10.131,9.898,10.112,2567688,none,AKShare/新浪基金历史,2026-09-04T01:02:29.548814+08:00
508096,2024-04-29,10.13,10.16,9.98,10.097,2902695,none,AKShare/新浪基金历史,2026-09-04T01:02:29.548814+08:00
508096,2024-04-30,10.09,10.18,10.051,10.164,1465293,none,AKShare/新浪基金历史,2026-09-04T01:02:29.548814+08:00
508096,2024-05-06,10.161,10.22,10.144,10.21,1193808,none,AKShare/新浪基金历史,2026-09-04T01:02:29.548814+08:00
508096,2024-05-07,10.21,10.243,10.167,10.17,1608521,none,AKShare/新浪基金历史,2026-09-04T01:02:29.548814+08:00
508096,2024-05-08,10.14,10.2,10.1,10.193,1381959,none,AKShare/新浪基金历史,2026-09-04T01:02:29.548814+08:00
508096,2024-05-09,10.19,10.2,10.17,10.192,1840475,none,AKShare/新浪基金历史,2026-09-04T01:02:29.548814+08:00
508096,2024-05-10,10.18,10.19,10.141,10.144,941367,none,AKShare/新浪基金历史,2026-09-04T01:02:29.548814+08:00
508096,2024-05-13,10.144,10.159,10.09,10.145,1503363,none,AKShare/新浪基金历史,2026-09-04T01:02:29.548814+08:00
508096,2024-05-14,10.145,10.15,10.103,10.108,646970,none,AKShare/新浪基金历史,2026-09-04T01:02:29.548814+08:00
508096,2024-05-15,10.1,10.1,10.05,10.056,1433986,none,AKShare/新浪基金历史,2026-09-04T01:02:29.548814+08:00
508096,2024-05-16,10.056,10.24,10.056,10.135,1743721,none,AKShare/新浪基金历史,2026-09-04T01:02:29.548814+08:00
508096,2024-05-17,10.136,10.2,10.136,10.181,1525423,none,AKShare/新浪基金历史,2026-09-04T01:02:29.548814+08:00
508096,2024-05-20,10.182,10.182,10.06,10.06,2971346,none,AKShare/新浪基金历史,2026-09-04T01:02:29.548814+08:00
508096,2024-05-21,10.059,10.06,10.0,10.003,2343303,none,AKShare/新浪基金历史,2026-09-04T01:02:29.548814+08:00
508096,2024-05-22,10.003,10.08,9.993,9.997,2441138,none,AKShare/新浪基金历史,2026-09-04T01:02:29.548814+08:00
508096,2024-05-23,9.996,9.996,9.901,9.903,1975143,none,AKShare/新浪基金历史,2026-09-04T01:02:29.548814+08:00
508096,2024-05-24,9.903,9.955,9.903,9.919,3190309,none,AKShare/新浪基金历史,2026-09-04T01:02:29.548814+08:00
508096,2024-05-27,9.919,9.978,9.841,9.912,1986387,none,AKShare/新浪基金历史,2026-09-04T01:02:29.548814+08:00
508096,2024-05-28,9.9,9.969,9.9,9.925,3632036,none,AKShare/新浪基金历史,2026-09-04T01:02:29.548814+08:00
508096,2024-05-29,9.923,9.95,9.92,9.93,2171345,none,AKShare/新浪基金历史,2026-09-04T01:02:29.548814+08:00
508096,2024-05-30,9.919,9.938,9.919,9.92,1207649,none,AKShare/新浪基金历史,2026-09-04T01:02:29.548814+08:00
508096,2024-05-31,9.92,9.922,9.88,9.904,1663828,none,AKShare/新浪基金历史,2026-09-04T01:02:29.548814+08:00
508096,2024-06-03,9.949,9.949,9.9,9.9,1541880,none,AKShare/新浪基金历史,2026-09-04T01:02:29.548814+08:00
508096,2024-06-04,9.9,9.9,9.849,9.856,2067013,none,AKShare/新浪基金历史,2026-09-04T01:02:29.548814+08:00
508096,2024-06-05,9.849,9.897,9.849,9.885,1877798,none,AKShare/新浪基金历史,2026-09-04T01:02:29.548814+08:00
508096,2024-06-06,9.885,9.908,9.881,9.904,5538973,none,AKShare/新浪基金历史,2026-09-04T01:02:29.548814+08:00
508096,2024-06-07,9.929,10.143,9.908,10.046,1418572,none,AKShare/新浪基金历史,2026-09-04T01:02:29.548814+08:00
508096,2024-06-11,10.04,10.09,10.04,10.079,1177769,none,AKShare/新浪基金历史,2026-09-04T01:02:29.548814+08:00
508096,2024-06-12,10.079,10.096,10.005,10.048,965465,none,AKShare/新浪基金历史,2026-09-04T01:02:29.548814+08:00
508096,2024-06-13,10.008,10.175,10.0,10.146,1624196,none,AKShare/新浪基金历史,2026-09-04T01:02:29.548814+08:00
508096,2024-06-14,10.106,10.166,10.075,10.161,1321617,none,AKShare/新浪基金历史,2026-09-04T01:02:29.548814+08:00
508096,2024-06-17,10.121,10.15,10.058,10.106,1571600,none,AKShare/新浪基金历史,2026-09-04T01:02:29.548814+08:00
508096,2024-06-18,10.067,10.093,10.06,10.062,1334817,none,AKShare/新浪基金历史,2026-09-04T01:02:29.548814+08:00
508096,2024-06-19,10.062,10.11,10.023,10.109,1155720,none,AKShare/新浪基金历史,2026-09-04T01:02:29.548814+08:00
508096,2024-06-20,9.996,10.09,9.996,10.09,983118,none,AKShare/新浪基金历史,2026-09-04T01:02:29.548814+08:00
508096,2024-06-21,10.15,10.17,10.07,10.098,1609337,none,AKShare/新浪基金历史,2026-09-04T01:02:29.548814+08:00
508096,2024-06-24,10.098,10.199,10.082,10.162,1291130,none,AKShare/新浪基金历史,2026-09-04T01:02:29.548814+08:00
508096,2024-06-25,10.162,10.185,10.14,10.163,1291811,none,AKShare/新浪基金历史,2026-09-04T01:02:29.548814+08:00
508096,2024-06-26,10.163,10.193,10.103,10.175,1324884,none,AKShare/新浪基金历史,2026-09-04T01:02:29.548814+08:00
508096,2024-06-27,10.082,10.3,10.082,10.3,1078289,none,AKShare/新浪基金历史,2026-09-04T01:02:29.548814+08:00
508096,2024-06-28,10.3,10.33,10.174,10.305,1415876,none,AKShare/新浪基金历史,2026-09-04T01:02:29.548814+08:00
508096,2024-07-01,10.305,10.335,10.28,10.33,1130891,none,AKShare/新浪基金历史,2026-09-04T01:02:29.548814+08:00
508096,2024-07-02,10.3,10.53,10.3,10.516,2089417,none,AKShare/新浪基金历史,2026-09-04T01:02:29.548814+08:00
508096,2024-07-03,10.513,10.515,10.353,10.505,1873190,none,AKShare/新浪基金历史,2026-09-04T01:02:29.548814+08:00
508096,2024-07-04,10.465,10.505,10.398,10.4,1721435,none,AKShare/新浪基金历史,2026-09-04T01:02:29.548814+08:00
508096,2024-07-05,10.352,10.352,10.262,10.314,1288482,none,AKShare/新浪基金历史,2026-09-04T01:02:29.548814+08:00
508096,2024-07-08,10.311,10.361,10.311,10.341,935548,none,AKShare/新浪基金历史,2026-09-04T01:02:29.548814+08:00
508096,2024-07-09,10.35,10.42,10.35,10.37,971345,none,AKShare/新浪基金历史,2026-09-04T01:02:29.548814+08:00
508096,2024-07-10,10.442,10.469,10.352,10.398,1693508,none,AKShare/新浪基金历史,2026-09-04T01:02:29.548814+08:00
508096,2024-07-11,10.4,10.562,10.36,10.403,1353115,none,AKShare/新浪基金历史,2026-09-04T01:02:29.548814+08:00
508096,2024-07-12,10.352,10.497,10.301,10.429,829521,none,AKShare/新浪基金历史,2026-09-04T01:02:29.548814+08:00
508096,2024-07-15,10.411,10.539,10.411,10.493,807295,none,AKShare/新浪基金历史,2026-09-04T01:02:29.548814+08:00
508096,2024-07-16,10.53,10.56,10.48,10.557,1433288,none,AKShare/新浪基金历史,2026-09-04T01:02:29.548814+08:00
508096,2024-07-17,10.453,10.614,10.453,10.568,1506456,none,AKShare/新浪基金历史,2026-09-04T01:02:29.548814+08:00
508096,2024-07-18,10.568,10.598,10.4,10.474,868857,none,AKShare/新浪基金历史,2026-09-04T01:02:29.548814+08:00
508096,2024-07-19,10.474,10.48,10.42,10.48,1906782,none,AKShare/新浪基金历史,2026-09-04T01:02:29.548814+08:00
508096,2024-07-22,10.475,10.529,10.443,10.469,1217731,none,AKShare/新浪基金历史,2026-09-04T01:02:29.548814+08:00
508096,2024-07-23,10.45,10.474,10.401,10.426,1116955,none,AKShare/新浪基金历史,2026-09-04T01:02:29.548814+08:00
508096,2024-07-24,10.352,10.424,10.352,10.401,989097,none,AKShare/新浪基金历史,2026-09-04T01:02:29.548814+08:00
508096,2024-07-25,10.381,10.381,10.333,10.353,1251026,none,AKShare/新浪基金历史,2026-09-04T01:02:29.548814+08:00
508096,2024-07-26,10.354,10.496,10.353,10.44,1296350,none,AKShare/新浪基金历史,2026-09-04T01:02:29.548814+08:00
508096,2024-07-29,10.439,10.464,10.354,10.386,714236,none,AKShare/新浪基金历史,2026-09-04T01:02:29.548814+08:00
508096,2024-07-30,10.378,10.46,10.362,10.403,1640248,none,AKShare/新浪基金历史,2026-09-04T01:02:29.548814+08:00
508096,2024-07-31,10.374,10.468,10.374,10.43,770317,none,AKShare/新浪基金历史,2026-09-04T01:02:29.548814+08:00
508096,2024-08-01,10.391,10.435,10.374,10.401,825628,none,AKShare/新浪基金历史,2026-09-04T01:02:29.548814+08:00
508096,2024-08-02,10.401,10.45,10.401,10.437,942957,none,AKShare/新浪基金历史,2026-09-04T01:02:29.548814+08:00
508096,2024-08-05,10.468,10.468,10.354,10.446,1430792,none,AKShare/新浪基金历史,2026-09-04T01:02:29.548814+08:00
508096,2024-08-06,10.359,10.522,10.359,10.471,997831,none,AKShare/新浪基金历史,2026-09-04T01:02:29.548814+08:00
508096,2024-08-07,10.49,10.599,10.476,10.548,1700683,none,AKShare/新浪基金历史,2026-09-04T01:02:29.548814+08:00
508096,2024-08-08,10.584,10.599,10.549,10.598,1570061,none,AKShare/新浪基金历史,2026-09-04T01:02:29.548814+08:00
508096,2024-08-09,10.59,10.694,10.5,10.583,1555122,none,AKShare/新浪基金历史,2026-09-04T01:02:29.548814+08:00
508096,2024-08-12,10.585,10.585,10.482,10.55,1492203,none,AKShare/新浪基金历史,2026-09-04T01:02:29.548814+08:00
508096,2024-08-13,10.569,10.569,10.477,10.535,1581065,none,AKShare/新浪基金历史,2026-09-04T01:02:29.548814+08:00
508096,2024-08-14,10.545,10.545,10.51,10.544,1395202,none,AKShare/新浪基金历史,2026-09-04T01:02:29.548814+08:00
508096,2024-08-15,10.51,10.549,10.51,10.535,1121848,none,AKShare/新浪基金历史,2026-09-04T01:02:29.548814+08:00
508096,2024-08-16,10.501,10.555,10.481,10.525,896902,none,AKShare/新浪基金历史,2026-09-04T01:02:29.548814+08:00
508096,2024-08-19,10.525,10.559,10.52,10.547,522817,none,AKShare/新浪基金历史,2026-09-04T01:02:29.548814+08:00
508096,2024-08-20,10.547,10.56,10.547,10.551,1402126,none,AKShare/新浪基金历史,2026-09-04T01:02:29.548814+08:00
508096,2024-08-21,10.552,10.57,10.549,10.56,977504,none,AKShare/新浪基金历史,2026-09-04T01:02:29.548814+08:00
508096,2024-08-22,10.559,10.569,10.476,10.535,1135376,none,AKShare/新浪基金历史,2026-09-04T01:02:29.548814+08:00
508096,2024-08-23,10.544,10.556,10.525,10.528,1275614,none,AKShare/新浪基金历史,2026-09-04T01:02:29.548814+08:00
508096,2024-08-26,10.528,10.63,10.528,10.629,1099950,none,AKShare/新浪基金历史,2026-09-04T01:02:29.548814+08:00
508096,2024-08-27,10.63,10.649,10.606,10.649,787863,none,AKShare/新浪基金历史,2026-09-04T01:02:29.548814+08:00
508096,2024-08-28,10.695,10.762,10.556,10.599,814704,none,AKShare/新浪基金历史,2026-09-04T01:02:29.548814+08:00
508096,2024-08-29,10.622,10.726,10.622,10.645,1250502,none,AKShare/新浪基金历史,2026-09-04T01:02:29.548814+08:00
508096,2024-08-30,10.648,10.66,10.625,10.654,1026398,none,AKShare/新浪基金历史,2026-09-04T01:02:29.548814+08:00
508096,2024-09-02,10.656,10.699,10.651,10.652,1196169,none,AKShare/新浪基金历史,2026-09-04T01:02:29.548814+08:00
508096,2024-09-03,10.652,10.722,10.5,10.597,940645,none,AKShare/新浪基金历史,2026-09-04T01:02:29.548814+08:00
508096,2024-09-04,10.593,10.595,10.555,10.583,847528,none,AKShare/新浪基金历史,2026-09-04T01:02:29.548814+08:00
508096,2024-09-05,10.583,10.609,10.494,10.572,1316307,none,AKShare/新浪基金历史,2026-09-04T01:02:29.548814+08:00
508096,2024-09-06,10.576,10.576,10.51,10.531,720400,none,AKShare/新浪基金历史,2026-09-04T01:02:29.548814+08:00
508096,2024-09-09,10.538,10.617,10.443,10.491,959594,none,AKShare/新浪基金历史,2026-09-04T01:02:29.548814+08:00
508096,2024-09-10,10.539,10.539,10.375,10.511,1390545,none,AKShare/新浪基金历史,2026-09-04T01:02:29.548814+08:00
508096,2024-09-11,10.5,10.5,10.397,10.473,1104058,none,AKShare/新浪基金历史,2026-09-04T01:02:29.548814+08:00
508096,2024-09-12,10.401,10.482,10.401,10.477,1533736,none,AKShare/新浪基金历史,2026-09-04T01:02:29.548814+08:00
508096,2024-09-13,10.448,10.517,10.408,10.509,1116505,none,AKShare/新浪基金历史,2026-09-04T01:02:29.548814+08:00
508096,2024-09-18,10.543,10.617,10.4,10.449,1006029,none,AKShare/新浪基金历史,2026-09-04T01:02:29.548814+08:00
508096,2024-09-19,10.448,10.495,10.401,10.441,2182784,none,AKShare/新浪基金历史,2026-09-04T01:02:29.548814+08:00
508096,2024-09-20,10.42,10.465,10.42,10.447,787895,none,AKShare/新浪基金历史,2026-09-04T01:02:29.548814+08:00
508096,2024-09-23,10.401,10.447,10.329,10.402,1698881,none,AKShare/新浪基金历史,2026-09-04T01:02:29.548814+08:00
508096,2024-09-24,10.402,10.47,10.35,10.463,1153236,none,AKShare/新浪基金历史,2026-09-04T01:02:29.548814+08:00
508096,2024-09-25,10.39,10.48,10.372,10.465,1331479,none,AKShare/新浪基金历史,2026-09-04T01:02:29.548814+08:00
508096,2024-09-26,10.425,10.482,10.412,10.464,1228748,none,AKShare/新浪基金历史,2026-09-04T01:02:29.548814+08:00
508096,2024-09-27,10.421,10.463,10.342,10.426,153148,none,AKShare/新浪基金历史,2026-09-04T01:02:29.548814+08:00
508096,2024-09-30,10.417,10.417,10.016,10.378,1282200,none,AKShare/新浪基金历史,2026-09-04T01:02:29.548814+08:00
508096,2024-10-08,10.3,10.406,10.1,10.391,878070,none,AKShare/新浪基金历史,2026-09-04T01:02:29.548814+08:00
508096,2024-10-09,10.386,10.386,10.201,10.369,991183,none,AKShare/新浪基金历史,2026-09-04T01:02:29.548814+08:00
508096,2024-10-10,10.329,10.405,10.3,10.37,1234950,none,AKShare/新浪基金历史,2026-09-04T01:02:29.548814+08:00
508096,2024-10-11,10.37,10.49,10.37,10.49,959451,none,AKShare/新浪基金历史,2026-09-04T01:02:29.548814+08:00
508096,2024-10-14,10.494,10.508,10.493,10.497,1073068,none,AKShare/新浪基金历史,2026-09-04T01:02:29.548814+08:00
508096,2024-10-15,10.493,10.539,10.493,10.539,1361756,none,AKShare/新浪基金历史,2026-09-04T01:02:29.548814+08:00
508096,2024-10-16,10.54,10.546,10.499,10.502,1133396,none,AKShare/新浪基金历史,2026-09-04T01:02:29.548814+08:00
508096,2024-10-17,10.5,10.5,10.479,10.489,955821,none,AKShare/新浪基金历史,2026-09-04T01:02:29.548814+08:00
508096,2024-10-18,10.483,10.515,10.473,10.495,886686,none,AKShare/新浪基金历史,2026-09-04T01:02:29.548814+08:00
508096,2024-10-21,10.6,10.61,10.497,10.498,1419404,none,AKShare/新浪基金历史,2026-09-04T01:02:29.548814+08:00
508096,2024-10-22,10.473,10.56,10.473,10.493,915168,none,AKShare/新浪基金历史,2026-09-04T01:02:29.548814+08:00
508096,2024-10-23,10.453,10.578,10.453,10.566,901730,none,AKShare/新浪基金历史,2026-09-04T01:02:29.548814+08:00
508096,2024-10-24,10.57,10.6,10.5,10.57,1252212,none,AKShare/新浪基金历史,2026-09-04T01:02:29.548814+08:00
508096,2024-10-25,10.599,10.599,10.494,10.5,973374,none,AKShare/新浪基金历史,2026-09-04T01:02:29.548814+08:00
508096,2024-10-28,10.5,10.566,10.478,10.5,483293,none,AKShare/新浪基金历史,2026-09-04T01:02:29.548814+08:00
508096,2024-10-29,10.47,10.53,10.47,10.5,803522,none,AKShare/新浪基金历史,2026-09-04T01:02:29.548814+08:00
508096,2024-10-30,10.501,10.591,10.5,10.584,1873019,none,AKShare/新浪基金历史,2026-09-04T01:02:29.548814+08:00
508096,2024-10-31,10.58,10.588,10.565,10.578,2105091,none,AKShare/新浪基金历史,2026-09-04T01:02:29.548814+08:00
508096,2024-11-01,10.594,10.734,10.542,10.55,2640456,none,AKShare/新浪基金历史,2026-09-04T01:02:29.548814+08:00
508096,2024-11-04,10.17,10.17,9.928,9.942,455649,none,AKShare/新浪基金历史,2026-09-04T01:02:29.548814+08:00
508096,2024-11-05,9.943,10.05,9.941,9.943,849749,none,AKShare/新浪基金历史,2026-09-04T01:02:29.548814+08:00
508096,2024-11-06,9.959,9.999,9.541,9.964,1056631,none,AKShare/新浪基金历史,2026-09-04T01:02:29.548814+08:00
508096,2024-11-07,9.965,9.979,9.958,9.96,1685335,none,AKShare/新浪基金历史,2026-09-04T01:02:29.548814+08:00
508096,2024-11-08,9.953,9.969,9.935,9.965,1372559,none,AKShare/新浪基金历史,2026-09-04T01:02:29.548814+08:00
508096,2024-11-11,9.968,9.996,9.951,9.996,824522,none,AKShare/新浪基金历史,2026-09-04T01:02:29.548814+08:00
508096,2024-11-12,10.007,10.058,9.997,10.039,1259392,none,AKShare/新浪基金历史,2026-09-04T01:02:29.548814+08:00
508096,2024-11-13,10.051,10.056,9.981,10.012,863697,none,AKShare/新浪基金历史,2026-09-04T01:02:29.548814+08:00
508096,2024-11-14,10.06,10.061,9.97,9.973,1933830,none,AKShare/新浪基金历史,2026-09-04T01:02:29.548814+08:00
508096,2024-11-15,9.997,10.0,9.98,9.983,1393408,none,AKShare/新浪基金历史,2026-09-04T01:02:29.548814+08:00
508096,2024-11-18,9.983,10.009,9.961,9.965,980415,none,AKShare/新浪基金历史,2026-09-04T01:02:29.548814+08:00
508096,2024-11-19,9.965,9.995,9.96,9.972,511279,none,AKShare/新浪基金历史,2026-09-04T01:02:29.548814+08:00
508096,2024-11-20,9.951,9.995,9.951,9.995,443265,none,AKShare/新浪基金历史,2026-09-04T01:02:29.548814+08:00
508096,2024-11-21,9.98,10.013,9.98,10.009,843545,none,AKShare/新浪基金历史,2026-09-04T01:02:29.548814+08:00
508096,2024-11-22,10.01,10.072,10.009,10.064,926058,none,AKShare/新浪基金历史,2026-09-04T01:02:29.548814+08:00
508096,2024-11-25,10.07,10.098,10.024,10.056,1211314,none,AKShare/新浪基金历史,2026-09-04T01:02:29.548814+08:00
508096,2024-11-26,10.056,10.059,10.041,10.051,857407,none,AKShare/新浪基金历史,2026-09-04T01:02:29.548814+08:00
508096,2024-11-27,10.039,10.052,10.022,10.035,146648,none,AKShare/新浪基金历史,2026-09-04T01:02:29.548814+08:00
508096,2024-11-28,10.012,10.035,10.012,10.026,796929,none,AKShare/新浪基金历史,2026-09-04T01:02:29.548814+08:00
508096,2024-11-29,10.026,10.05,10.026,10.048,923811,none,AKShare/新浪基金历史,2026-09-04T01:02:29.548814+08:00
508096,2024-12-02,10.016,10.14,10.016,10.14,859411,none,AKShare/新浪基金历史,2026-09-04T01:02:29.548814+08:00
508096,2024-12-03,10.139,10.185,10.11,10.183,799075,none,AKShare/新浪基金历史,2026-09-04T01:02:29.548814+08:00
508096,2024-12-04,10.179,10.183,10.143,10.179,320174,none,AKShare/新浪基金历史,2026-09-04T01:02:29.548814+08:00
508096,2024-12-05,10.173,10.173,10.15,10.164,1107338,none,AKShare/新浪基金历史,2026-09-04T01:02:29.548814+08:00
508096,2024-12-06,10.126,10.18,10.126,10.174,628271,none,AKShare/新浪基金历史,2026-09-04T01:02:29.548814+08:00
508096,2024-12-09,10.17,10.17,10.102,10.107,796807,none,AKShare/新浪基金历史,2026-09-04T01:02:29.548814+08:00
508096,2024-12-10,10.098,10.128,10.05,10.104,3329357,none,AKShare/新浪基金历史,2026-09-04T01:02:29.548814+08:00
508096,2024-12-11,10.097,10.24,10.097,10.21,492152,none,AKShare/新浪基金历史,2026-09-04T01:02:29.548814+08:00
508096,2024-12-12,10.21,10.259,10.203,10.258,890674,none,AKShare/新浪基金历史,2026-09-04T01:02:29.548814+08:00
508096,2024-12-13,10.3,10.3,10.2,10.297,432135,none,AKShare/新浪基金历史,2026-09-04T01:02:29.548814+08:00
508096,2024-12-16,10.297,10.448,10.257,10.321,619272,none,AKShare/新浪基金历史,2026-09-04T01:02:29.548814+08:00
508096,2024-12-17,10.364,10.466,10.32,10.375,996731,none,AKShare/新浪基金历史,2026-09-04T01:02:29.548814+08:00
508096,2024-12-18,10.467,10.49,10.297,10.351,550530,none,AKShare/新浪基金历史,2026-09-04T01:02:29.548814+08:00
508096,2024-12-19,10.351,10.388,10.326,10.35,360341,none,AKShare/新浪基金历史,2026-09-04T01:02:29.548814+08:00
508096,2024-12-20,10.355,10.489,10.355,10.484,532273,none,AKShare/新浪基金历史,2026-09-04T01:02:29.548814+08:00
508096,2024-12-23,10.484,10.567,10.444,10.503,793515,none,AKShare/新浪基金历史,2026-09-04T01:02:29.548814+08:00
508096,2024-12-24,10.503,10.6,10.452,10.503,963008,none,AKShare/新浪基金历史,2026-09-04T01:02:29.548814+08:00
508096,2024-12-25,10.608,10.608,10.412,10.453,935236,none,AKShare/新浪基金历史,2026-09-04T01:02:29.548814+08:00
508096,2024-12-26,10.456,10.55,10.414,10.53,726870,none,AKShare/新浪基金历史,2026-09-04T01:02:29.548814+08:00
508096,2024-12-27,10.53,10.635,10.508,10.586,587130,none,AKShare/新浪基金历史,2026-09-04T01:02:29.548814+08:00
508096,2024-12-30,10.586,10.635,10.4,10.492,857747,none,AKShare/新浪基金历史,2026-09-04T01:02:29.548814+08:00
508096,2024-12-31,10.5,10.678,10.45,10.556,1269008,none,AKShare/新浪基金历史,2026-09-04T01:02:29.548814+08:00
508096,2025-01-02,10.556,10.677,10.556,10.67,986024,none,AKShare/新浪基金历史,2026-09-04T01:02:29.548814+08:00
508096,2025-01-03,10.67,10.91,10.67,10.839,594076,none,AKShare/新浪基金历史,2026-09-04T01:02:29.548814+08:00
508096,2025-01-06,10.839,11.02,10.839,10.968,949378,none,AKShare/新浪基金历史,2026-09-04T01:02:29.548814+08:00
508096,2025-01-07,10.969,10.994,10.391,10.988,439262,none,AKShare/新浪基金历史,2026-09-04T01:02:29.548814+08:00
508096,2025-01-08,10.984,11.098,10.948,10.989,1015072,none,AKShare/新浪基金历史,2026-09-04T01:02:29.548814+08:00
508096,2025-01-09,10.99,11.191,10.961,11.023,1376654,none,AKShare/新浪基金历史,2026-09-04T01:02:29.548814+08:00
508096,2025-01-10,11.023,11.188,10.971,10.993,581435,none,AKShare/新浪基金历史,2026-09-04T01:02:29.548814+08:00
508096,2025-01-13,11.0,11.1,10.963,10.963,618426,none,AKShare/新浪基金历史,2026-09-04T01:02:29.548814+08:00
508096,2025-01-14,10.971,10.974,10.9,10.937,1447938,none,AKShare/新浪基金历史,2026-09-04T01:02:29.548814+08:00
508096,2025-01-15,10.937,10.937,10.897,10.937,842823,none,AKShare/新浪基金历史,2026-09-04T01:02:29.548814+08:00
508096,2025-01-16,10.939,10.993,10.917,10.937,1220034,none,AKShare/新浪基金历史,2026-09-04T01:02:29.548814+08:00
508096,2025-01-17,10.999,11.0,10.902,10.918,888057,none,AKShare/新浪基金历史,2026-09-04T01:02:29.548814+08:00
508096,2025-01-20,10.885,10.9,10.84,10.862,679175,none,AKShare/新浪基金历史,2026-09-04T01:02:29.548814+08:00
508096,2025-01-21,10.823,10.823,10.602,10.711,3556606,none,AKShare/新浪基金历史,2026-09-04T01:02:29.548814+08:00
508096,2025-01-22,10.671,10.822,10.609,10.802,763490,none,AKShare/新浪基金历史,2026-09-04T01:02:29.548814+08:00
508096,2025-01-23,10.815,10.83,10.768,10.83,1263080,none,AKShare/新浪基金历史,2026-09-04T01:02:29.548814+08:00
508096,2025-01-24,10.83,10.96,10.828,10.96,1274020,none,AKShare/新浪基金历史,2026-09-04T01:02:29.548814+08:00
508096,2025-01-27,10.92,11.01,10.92,10.99,416939,none,AKShare/新浪基金历史,2026-09-04T01:02:29.548814+08:00
508096,2025-02-05,10.977,10.99,10.9,10.902,555281,none,AKShare/新浪基金历史,2026-09-04T01:02:29.548814+08:00
508096,2025-02-06,10.88,10.977,10.8,10.809,548606,none,AKShare/新浪基金历史,2026-09-04T01:02:29.548814+08:00
508096,2025-02-07,10.801,10.91,10.801,10.848,868570,none,AKShare/新浪基金历史,2026-09-04T01:02:29.548814+08:00
508096,2025-02-10,10.844,11.1,10.821,11.07,892004,none,AKShare/新浪基金历史,2026-09-04T01:02:29.548814+08:00
508096,2025-02-11,11.36,11.36,11.08,11.305,1091552,none,AKShare/新浪基金历史,2026-09-04T01:02:29.548814+08:00
508096,2025-02-12,11.38,11.38,11.307,11.346,1131925,none,AKShare/新浪基金历史,2026-09-04T01:02:29.548814+08:00
508096,2025-02-13,11.306,11.38,11.306,11.358,768136,none,AKShare/新浪基金历史,2026-09-04T01:02:29.548814+08:00
508096,2025-02-14,11.358,11.585,11.33,11.573,1115552,none,AKShare/新浪基金历史,2026-09-04T01:02:29.548814+08:00
508096,2025-02-17,11.575,11.999,11.575,11.994,990540,none,AKShare/新浪基金历史,2026-09-04T01:02:29.548814+08:00
508096,2025-02-18,11.991,12.17,11.852,11.92,2952213,none,AKShare/新浪基金历史,2026-09-04T01:02:29.548814+08:00
508096,2025-02-19,11.899,11.999,11.806,11.958,2452970,none,AKShare/新浪基金历史,2026-09-04T01:02:29.548814+08:00
508096,2025-02-20,11.925,11.998,11.925,11.958,1737624,none,AKShare/新浪基金历史,2026-09-04T01:02:29.548814+08:00
508096,2025-02-21,11.957,12.07,11.888,12.063,1018243,none,AKShare/新浪基金历史,2026-09-04T01:02:29.548814+08:00
508096,2025-02-24,12.063,12.085,11.988,12.031,1562496,none,AKShare/新浪基金历史,2026-09-04T01:02:29.548814+08:00
508096,2025-02-25,12.04,12.2,11.952,11.954,777366,none,AKShare/新浪基金历史,2026-09-04T01:02:29.548814+08:00
508096,2025-02-26,11.914,12.206,11.759,11.822,1361164,none,AKShare/新浪基金历史,2026-09-04T01:02:29.548814+08:00
508096,2025-02-27,11.812,11.812,11.666,11.67,1403772,none,AKShare/新浪基金历史,2026-09-04T01:02:29.548814+08:00
508096,2025-02-28,11.65,11.749,11.418,11.431,1060620,none,AKShare/新浪基金历史,2026-09-04T01:02:29.548814+08:00
508096,2025-03-03,11.423,11.795,11.423,11.705,1005302,none,AKShare/新浪基金历史,2026-09-04T01:02:29.548814+08:00
508096,2025-03-04,11.8,11.8,11.715,11.747,1010347,none,AKShare/新浪基金历史,2026-09-04T01:02:29.548814+08:00
508096,2025-03-05,11.747,11.75,11.715,11.735,1262037,none,AKShare/新浪基金历史,2026-09-04T01:02:29.548814+08:00
508096,2025-03-06,11.735,11.798,11.726,11.784,1440812,none,AKShare/新浪基金历史,2026-09-04T01:02:29.548814+08:00
508096,2025-03-07,11.784,11.958,11.761,11.781,313396,none,AKShare/新浪基金历史,2026-09-04T01:02:29.548814+08:00
508096,2025-03-10,11.781,11.943,11.781,11.89,1301356,none,AKShare/新浪基金历史,2026-09-04T01:02:29.548814+08:00
508096,2025-03-11,11.861,11.96,11.861,11.892,1051873,none,AKShare/新浪基金历史,2026-09-04T01:02:29.548814+08:00
508096,2025-03-12,11.899,11.954,11.852,11.891,1282706,none,AKShare/新浪基金历史,2026-09-04T01:02:29.548814+08:00
508096,2025-03-13,11.891,11.9,11.872,11.894,1164972,none,AKShare/新浪基金历史,2026-09-04T01:02:29.548814+08:00
508096,2025-03-14,11.855,11.92,11.854,11.912,1233438,none,AKShare/新浪基金历史,2026-09-04T01:02:29.548814+08:00
508096,2025-03-17,11.92,12.0,11.873,11.983,1104826,none,AKShare/新浪基金历史,2026-09-04T01:02:29.548814+08:00
508096,2025-03-18,12.0,12.0,11.947,11.987,1044595,none,AKShare/新浪基金历史,2026-09-04T01:02:29.548814+08:00
508096,2025-03-19,11.987,11.992,11.972,11.978,1123442,none,AKShare/新浪基金历史,2026-09-04T01:02:29.548814+08:00
508096,2025-03-20,11.984,12.0,11.973,11.981,1148454,none,AKShare/新浪基金历史,2026-09-04T01:02:29.548814+08:00
508096,2025-03-21,12.0,12.038,11.999,12.035,1173273,none,AKShare/新浪基金历史,2026-09-04T01:02:29.548814+08:00
508096,2025-03-24,12.001,12.2,12.001,12.121,322125,none,AKShare/新浪基金历史,2026-09-04T01:02:29.548814+08:00
508096,2025-03-25,12.12,12.142,12.035,12.121,657644,none,AKShare/新浪基金历史,2026-09-04T01:02:29.548814+08:00
508096,2025-03-26,12.081,12.121,12.08,12.099,1336566,none,AKShare/新浪基金历史,2026-09-04T01:02:29.548814+08:00
508096,2025-03-27,12.099,12.236,12.099,12.21,706561,none,AKShare/新浪基金历史,2026-09-04T01:02:29.548814+08:00
508096,2025-03-28,12.21,12.322,12.14,12.31,613543,none,AKShare/新浪基金历史,2026-09-04T01:02:29.548814+08:00
508096,2025-03-31,12.314,12.335,12.314,12.317,683527,none,AKShare/新浪基金历史,2026-09-04T01:02:29.548814+08:00
508096,2025-04-01,12.31,12.31,12.045,12.149,640383,none,AKShare/新浪基金历史,2026-09-04T01:02:29.548814+08:00
508096,2025-04-02,12.12,12.208,11.91,12.169,470656,none,AKShare/新浪基金历史,2026-09-04T01:02:29.548814+08:00
508096,2025-04-03,12.129,12.275,12.129,12.21,1211000,none,AKShare/新浪基金历史,2026-09-04T01:02:29.548814+08:00
508096,2025-04-07,12.207,12.328,11.906,12.25,849774,none,AKShare/新浪基金历史,2026-09-04T01:02:29.548814+08:00
508096,2025-04-08,12.297,12.394,12.25,12.301,725997,none,AKShare/新浪基金历史,2026-09-04T01:02:29.548814+08:00
508096,2025-04-09,12.261,12.309,12.24,12.259,481203,none,AKShare/新浪基金历史,2026-09-04T01:02:29.548814+08:00
508096,2025-04-10,12.257,12.264,12.13,12.23,463580,none,AKShare/新浪基金历史,2026-09-04T01:02:29.548814+08:00
508096,2025-04-11,12.214,12.253,12.19,12.244,792014,none,AKShare/新浪基金历史,2026-09-04T01:02:29.548814+08:00
508096,2025-04-14,12.245,12.354,12.245,12.316,301217,none,AKShare/新浪基金历史,2026-09-04T01:02:29.548814+08:00
508096,2025-04-15,12.316,12.49,12.3,12.421,967089,none,AKShare/新浪基金历史,2026-09-04T01:02:29.548814+08:00
508096,2025-04-16,12.502,12.597,12.42,12.5,1273436,none,AKShare/新浪基金历史,2026-09-04T01:02:29.548814+08:00
508096,2025-04-17,12.649,12.649,12.501,12.567,1005505,none,AKShare/新浪基金历史,2026-09-04T01:02:29.548814+08:00
508096,2025-04-18,12.579,12.75,12.527,12.533,817109,none,AKShare/新浪基金历史,2026-09-04T01:02:29.548814+08:00
508096,2025-04-21,12.57,12.59,12.166,12.174,743894,none,AKShare/新浪基金历史,2026-09-04T01:02:29.548814+08:00
508096,2025-04-22,12.12,12.13,11.868,11.9,1972100,none,AKShare/新浪基金历史,2026-09-04T01:02:29.548814+08:00
508096,2025-04-23,11.909,12.042,11.909,11.924,1057303,none,AKShare/新浪基金历史,2026-09-04T01:02:29.548814+08:00
508096,2025-04-24,11.924,11.972,11.801,11.822,567614,none,AKShare/新浪基金历史,2026-09-04T01:02:29.548814+08:00
508096,2025-04-25,11.802,11.82,11.653,11.682,1789268,none,AKShare/新浪基金历史,2026-09-04T01:02:29.548814+08:00
508096,2025-04-28,11.654,11.654,11.443,11.507,2373902,none,AKShare/新浪基金历史,2026-09-04T01:02:29.548814+08:00
508096,2025-04-29,11.459,11.478,11.278,11.337,1784796,none,AKShare/新浪基金历史,2026-09-04T01:02:29.548814+08:00
508096,2025-04-30,11.337,11.496,11.3,11.441,2158352,none,AKShare/新浪基金历史,2026-09-04T01:02:29.548814+08:00
508096,2025-05-06,11.448,11.585,11.448,11.57,544756,none,AKShare/新浪基金历史,2026-09-04T01:02:29.548814+08:00
508096,2025-05-07,11.649,11.649,11.53,11.562,531003,none,AKShare/新浪基金历史,2026-09-04T01:02:29.548814+08:00
508096,2025-05-08,11.556,11.608,11.518,11.58,1037509,none,AKShare/新浪基金历史,2026-09-04T01:02:29.548814+08:00
508096,2025-05-09,11.626,11.626,11.518,11.551,399823,none,AKShare/新浪基金历史,2026-09-04T01:02:29.548814+08:00
508096,2025-05-12,11.521,11.58,11.515,11.57,739313,none,AKShare/新浪基金历史,2026-09-04T01:02:29.548814+08:00
508096,2025-05-13,11.57,11.653,11.497,11.499,757072,none,AKShare/新浪基金历史,2026-09-04T01:02:29.548814+08:00
508096,2025-05-14,11.499,11.543,11.47,11.493,1195245,none,AKShare/新浪基金历史,2026-09-04T01:02:29.548814+08:00
508096,2025-05-15,11.499,11.499,11.425,11.429,318402,none,AKShare/新浪基金历史,2026-09-04T01:02:29.548814+08:00
508096,2025-05-16,11.4,11.473,11.383,11.446,1348638,none,AKShare/新浪基金历史,2026-09-04T01:02:29.548814+08:00
508096,2025-05-19,11.445,11.51,11.384,11.489,293404,none,AKShare/新浪基金历史,2026-09-04T01:02:29.548814+08:00
508096,2025-05-20,11.493,11.523,11.444,11.469,1347600,none,AKShare/新浪基金历史,2026-09-04T01:02:29.548814+08:00
508096,2025-05-21,11.469,11.494,11.458,11.48,654277,none,AKShare/新浪基金历史,2026-09-04T01:02:29.548814+08:00
508096,2025-05-22,11.463,11.53,11.463,11.485,1241675,none,AKShare/新浪基金历史,2026-09-04T01:02:29.548814+08:00
508096,2025-05-23,11.499,11.53,11.499,11.509,1029000,none,AKShare/新浪基金历史,2026-09-04T01:02:29.548814+08:00
508096,2025-05-26,11.487,11.878,11.487,11.877,948315,none,AKShare/新浪基金历史,2026-09-04T01:02:29.548814+08:00
508096,2025-05-27,11.878,11.878,11.663,11.72,615503,none,AKShare/新浪基金历史,2026-09-04T01:02:29.548814+08:00
508096,2025-05-28,11.72,11.805,11.673,11.781,952269,none,AKShare/新浪基金历史,2026-09-04T01:02:29.548814+08:00
508096,2025-05-29,11.741,11.779,11.741,11.766,424862,none,AKShare/新浪基金历史,2026-09-04T01:02:29.548814+08:00
508096,2025-05-30,11.78,11.788,11.74,11.761,313134,none,AKShare/新浪基金历史,2026-09-04T01:02:29.548814+08:00
508096,2025-06-03,11.808,11.808,11.74,11.765,147202,none,AKShare/新浪基金历史,2026-09-04T01:02:29.548814+08:00
508096,2025-06-04,11.726,11.85,11.726,11.834,152057,none,AKShare/新浪基金历史,2026-09-04T01:02:29.548814+08:00
508096,2025-06-05,11.8,12.12,11.8,12.105,386746,none,AKShare/新浪基金历史,2026-09-04T01:02:29.548814+08:00
508096,2025-06-06,12.065,12.068,11.917,11.96,352512,none,AKShare/新浪基金历史,2026-09-04T01:02:29.548814+08:00
508096,2025-06-09,11.959,12.054,11.912,12.043,506606,none,AKShare/新浪基金历史,2026-09-04T01:02:29.548814+08:00
508096,2025-06-10,12.043,12.05,12.012,12.031,351401,none,AKShare/新浪基金历史,2026-09-04T01:02:29.548814+08:00
508096,2025-06-11,12.012,12.08,12.012,12.03,93702,none,AKShare/新浪基金历史,2026-09-04T01:02:29.548814+08:00
508096,2025-06-12,11.991,12.077,11.977,11.997,176505,none,AKShare/新浪基金历史,2026-09-04T01:02:29.548814+08:00
508096,2025-06-13,11.976,12.045,11.976,11.999,276716,none,AKShare/新浪基金历史,2026-09-04T01:02:29.548814+08:00
508096,2025-06-16,11.999,12.099,11.963,12.094,451989,none,AKShare/新浪基金历史,2026-09-04T01:02:29.548814+08:00
508096,2025-06-17,12.154,12.175,12.025,12.123,204427,none,AKShare/新浪基金历史,2026-09-04T01:02:29.548814+08:00
508096,2025-06-18,12.139,12.171,12.139,12.152,394011,none,AKShare/新浪基金历史,2026-09-04T01:02:29.548814+08:00
508096,2025-06-19,12.2,12.2,12.09,12.127,812925,none,AKShare/新浪基金历史,2026-09-04T01:02:29.548814+08:00
508096,2025-06-20,12.127,12.136,12.088,12.124,301626,none,AKShare/新浪基金历史,2026-09-04T01:02:29.548814+08:00
508096,2025-06-23,12.118,12.14,12.087,12.137,595324,none,AKShare/新浪基金历史,2026-09-04T01:02:29.548814+08:00
508096,2025-06-24,12.185,12.26,12.132,12.254,567438,none,AKShare/新浪基金历史,2026-09-04T01:02:29.548814+08:00
508096,2025-06-25,12.256,12.48,12.256,12.43,304305,none,AKShare/新浪基金历史,2026-09-04T01:02:29.548814+08:00
508096,2025-06-26,12.48,12.48,12.33,12.43,777332,none,AKShare/新浪基金历史,2026-09-04T01:02:29.548814+08:00
508096,2025-06-27,12.382,12.382,12.112,12.239,469899,none,AKShare/新浪基金历史,2026-09-04T01:02:29.548814+08:00
508096,2025-06-30,12.25,12.25,11.912,12.104,560303,none,AKShare/新浪基金历史,2026-09-04T01:02:29.548814+08:00
508096,2025-07-01,12.144,12.144,12.025,12.13,260862,none,AKShare/新浪基金历史,2026-09-04T01:02:29.548814+08:00
508096,2025-07-02,12.108,12.374,12.09,12.369,296124,none,AKShare/新浪基金历史,2026-09-04T01:02:29.548814+08:00
508096,2025-07-03,12.329,12.456,12.329,12.455,333116,none,AKShare/新浪基金历史,2026-09-04T01:02:29.548814+08:00
508096,2025-07-04,12.416,12.47,12.416,12.463,414492,none,AKShare/新浪基金历史,2026-09-04T01:02:29.548814+08:00
508096,2025-07-07,12.424,12.649,12.422,12.646,662613,none,AKShare/新浪基金历史,2026-09-04T01:02:29.548814+08:00
508096,2025-07-08,12.655,12.655,12.33,12.553,438253,none,AKShare/新浪基金历史,2026-09-04T01:02:29.548814+08:00
508096,2025-07-09,12.6,12.602,12.5,12.564,359548,none,AKShare/新浪基金历史,2026-09-04T01:02:29.548814+08:00
508096,2025-07-10,12.524,12.619,12.524,12.56,622769,none,AKShare/新浪基金历史,2026-09-04T01:02:29.548814+08:00
508096,2025-07-11,12.56,12.575,12.51,12.543,993409,none,AKShare/新浪基金历史,2026-09-04T01:02:29.548814+08:00
508096,2025-07-14,12.449,12.543,12.427,12.434,447022,none,AKShare/新浪基金历史,2026-09-04T01:02:29.548814+08:00
508096,2025-07-15,12.394,12.48,12.2,12.4,572303,none,AKShare/新浪基金历史,2026-09-04T01:02:29.548814+08:00
508096,2025-07-16,12.398,12.544,12.36,12.396,723070,none,AKShare/新浪基金历史,2026-09-04T01:02:29.548814+08:00
508096,2025-07-17,12.358,12.549,12.358,12.39,441124,none,AKShare/新浪基金历史,2026-09-04T01:02:29.548814+08:00
508096,2025-07-18,12.39,12.549,12.261,12.293,682278,none,AKShare/新浪基金历史,2026-09-04T01:02:29.548814+08:00
508096,2025-07-21,12.28,12.28,11.064,11.91,1043824,none,AKShare/新浪基金历史,2026-09-04T01:02:29.548814+08:00
508096,2025-07-22,11.8,11.88,11.459,11.765,1019977,none,AKShare/新浪基金历史,2026-09-04T01:02:29.548814+08:00
508096,2025-07-23,11.735,11.821,11.65,11.776,1251842,none,AKShare/新浪基金历史,2026-09-04T01:02:29.548814+08:00
508096,2025-07-24,11.736,11.906,11.736,11.875,975538,none,AKShare/新浪基金历史,2026-09-04T01:02:29.548814+08:00
508096,2025-07-25,11.87,11.871,11.62,11.715,906859,none,AKShare/新浪基金历史,2026-09-04T01:02:29.548814+08:00
508096,2025-07-28,11.736,11.853,11.736,11.81,610393,none,AKShare/新浪基金历史,2026-09-04T01:02:29.548814+08:00
508096,2025-07-29,11.81,11.857,11.7,11.763,676140,none,AKShare/新浪基金历史,2026-09-04T01:02:29.548814+08:00
508096,2025-07-30,11.723,11.904,11.715,11.85,383151,none,AKShare/新浪基金历史,2026-09-04T01:02:29.548814+08:00
508096,2025-07-31,11.879,11.999,11.879,11.993,687866,none,AKShare/新浪基金历史,2026-09-04T01:02:29.548814+08:00
508096,2025-08-01,11.993,12.154,11.89,12.089,758496,none,AKShare/新浪基金历史,2026-09-04T01:02:29.548814+08:00
508096,2025-08-04,12.13,12.15,12.05,12.089,531140,none,AKShare/新浪基金历史,2026-09-04T01:02:29.548814+08:00
508096,2025-08-05,12.115,12.115,11.945,12.09,654143,none,AKShare/新浪基金历史,2026-09-04T01:02:29.548814+08:00
508096,2025-08-06,12.05,12.2,12.041,12.118,404621,none,AKShare/新浪基金历史,2026-09-04T01:02:29.548814+08:00
508096,2025-08-07,12.165,12.262,12.118,12.135,666251,none,AKShare/新浪基金历史,2026-09-04T01:02:29.548814+08:00
508096,2025-08-08,12.156,12.243,12.059,12.179,1339919,none,AKShare/新浪基金历史,2026-09-04T01:02:29.548814+08:00
508096,2025-08-11,12.179,12.228,12.083,12.179,1099907,none,AKShare/新浪基金历史,2026-09-04T01:02:29.548814+08:00
508096,2025-08-12,12.179,12.575,12.179,12.316,2822482,none,AKShare/新浪基金历史,2026-09-04T01:02:29.548814+08:00
508096,2025-08-13,12.318,12.499,12.318,12.373,784139,none,AKShare/新浪基金历史,2026-09-04T01:02:29.548814+08:00
508096,2025-08-14,12.422,12.504,12.358,12.407,1264898,none,AKShare/新浪基金历史,2026-09-04T01:02:29.548814+08:00
508096,2025-08-15,12.17,12.18,11.871,11.987,1150833,none,AKShare/新浪基金历史,2026-09-04T01:02:29.548814+08:00
508096,2025-08-18,11.947,11.947,11.35,11.406,2432404,none,AKShare/新浪基金历史,2026-09-04T01:02:29.548814+08:00
508096,2025-08-19,11.346,11.431,11.1,11.397,1505452,none,AKShare/新浪基金历史,2026-09-04T01:02:29.548814+08:00
508096,2025-08-20,11.357,11.53,11.357,11.512,1106909,none,AKShare/新浪基金历史,2026-09-04T01:02:29.548814+08:00
508096,2025-08-21,11.512,11.574,11.315,11.449,1102763,none,AKShare/新浪基金历史,2026-09-04T01:02:29.548814+08:00
508096,2025-08-22,11.443,11.587,11.38,11.45,1093365,none,AKShare/新浪基金历史,2026-09-04T01:02:29.548814+08:00
508096,2025-08-25,11.44,11.46,11.381,11.412,931270,none,AKShare/新浪基金历史,2026-09-04T01:02:29.548814+08:00
508096,2025-08-26,11.44,11.453,11.329,11.338,1219584,none,AKShare/新浪基金历史,2026-09-04T01:02:29.548814+08:00
508096,2025-08-27,11.339,11.402,11.32,11.329,825528,none,AKShare/新浪基金历史,2026-09-04T01:02:29.548814+08:00
508096,2025-08-28,11.326,11.349,11.151,11.305,1108841,none,AKShare/新浪基金历史,2026-09-04T01:02:29.548814+08:00
508096,2025-08-29,11.372,11.372,11.273,11.301,1910634,none,AKShare/新浪基金历史,2026-09-04T01:02:29.548814+08:00
508096,2025-09-01,11.261,11.366,11.232,11.3,1446351,none,AKShare/新浪基金历史,2026-09-04T01:02:29.548814+08:00
508096,2025-09-02,11.302,11.347,11.238,11.304,1207639,none,AKShare/新浪基金历史,2026-09-04T01:02:29.548814+08:00
508096,2025-09-03,11.305,11.306,11.206,11.305,1669100,none,AKShare/新浪基金历史,2026-09-04T01:02:29.548814+08:00
508096,2025-09-04,11.305,11.34,11.249,11.294,1384670,none,AKShare/新浪基金历史,2026-09-04T01:02:29.548814+08:00
508096,2025-09-05,11.35,11.35,11.221,11.265,1299502,none,AKShare/新浪基金历史,2026-09-04T01:02:29.548814+08:00
508096,2025-09-08,11.255,11.299,11.15,11.245,1183044,none,AKShare/新浪基金历史,2026-09-04T01:02:29.548814+08:00
508096,2025-09-09,11.245,11.264,11.188,11.26,1112167,none,AKShare/新浪基金历史,2026-09-04T01:02:29.548814+08:00
508096,2025-09-10,11.27,11.27,11.231,11.231,947225,none,AKShare/新浪基金历史,2026-09-04T01:02:29.548814+08:00
508096,2025-09-11,11.26,11.26,11.135,11.169,1027244,none,AKShare/新浪基金历史,2026-09-04T01:02:29.548814+08:00
508096,2025-09-12,11.135,11.215,11.135,11.175,1150696,none,AKShare/新浪基金历史,2026-09-04T01:02:29.548814+08:00
508096,2025-09-15,11.136,11.335,11.068,11.168,580426,none,AKShare/新浪基金历史,2026-09-04T01:02:29.548814+08:00
508096,2025-09-16,11.13,11.192,11.13,11.152,513396,none,AKShare/新浪基金历史,2026-09-04T01:02:29.548814+08:00
508096,2025-09-17,11.152,11.277,11.12,11.171,989223,none,AKShare/新浪基金历史,2026-09-04T01:02:29.548814+08:00
508096,2025-09-18,11.132,11.268,11.132,11.231,1107399,none,AKShare/新浪基金历史,2026-09-04T01:02:29.548814+08:00
508096,2025-09-19,11.231,11.305,11.23,11.303,889092,none,AKShare/新浪基金历史,2026-09-04T01:02:29.548814+08:00
508096,2025-09-22,11.378,11.438,11.378,11.401,557407,none,AKShare/新浪基金历史,2026-09-04T01:02:29.548814+08:00
508096,2025-09-23,11.361,11.5,11.306,11.444,493407,none,AKShare/新浪基金历史,2026-09-04T01:02:29.548814+08:00
508096,2025-09-24,11.404,11.459,11.404,11.439,818828,none,AKShare/新浪基金历史,2026-09-04T01:02:29.548814+08:00
508096,2025-09-25,11.399,11.447,11.371,11.375,436480,none,AKShare/新浪基金历史,2026-09-04T01:02:29.548814+08:00
508096,2025-09-26,11.4,11.41,11.306,11.376,426037,none,AKShare/新浪基金历史,2026-09-04T01:02:29.548814+08:00
508096,2025-09-29,11.376,11.42,11.196,11.35,120805,none,AKShare/新浪基金历史,2026-09-04T01:02:29.548814+08:00
508096,2025-09-30,11.35,11.416,11.309,11.331,366505,none,AKShare/新浪基金历史,2026-09-04T01:02:29.548814+08:00
508096,2025-10-09,11.308,11.398,11.241,11.302,741537,none,AKShare/新浪基金历史,2026-09-04T01:02:29.548814+08:00
508096,2025-10-10,11.263,11.393,11.263,11.295,405851,none,AKShare/新浪基金历史,2026-09-04T01:02:29.548814+08:00
508096,2025-10-13,11.295,11.362,11.135,11.231,534403,none,AKShare/新浪基金历史,2026-09-04T01:02:29.548814+08:00
508096,2025-10-14,11.25,11.27,11.148,11.154,769552,none,AKShare/新浪基金历史,2026-09-04T01:02:29.548814+08:00
508096,2025-10-15,11.139,11.219,11.126,11.148,551605,none,AKShare/新浪基金历史,2026-09-04T01:02:29.548814+08:00
508096,2025-10-16,11.148,11.148,10.974,11.11,502835,none,AKShare/新浪基金历史,2026-09-04T01:02:29.548814+08:00
508096,2025-10-17,11.1,11.1,10.981,11.043,665966,none,AKShare/新浪基金历史,2026-09-04T01:02:29.548814+08:00
508096,2025-10-20,11.043,11.099,10.898,10.933,543571,none,AKShare/新浪基金历史,2026-09-04T01:02:29.548814+08:00
508096,2025-10-21,10.91,10.92,10.74,10.784,1010130,none,AKShare/新浪基金历史,2026-09-04T01:02:29.548814+08:00
508096,2025-10-22,10.784,10.816,10.65,10.676,831815,none,AKShare/新浪基金历史,2026-09-04T01:02:29.548814+08:00
508096,2025-10-23,10.676,10.78,10.636,10.779,507723,none,AKShare/新浪基金历史,2026-09-04T01:02:29.548814+08:00
508096,2025-10-24,10.739,10.884,10.739,10.856,411622,none,AKShare/新浪基金历史,2026-09-04T01:02:29.548814+08:00
508096,2025-10-27,10.856,10.985,10.745,10.804,410054,none,AKShare/新浪基金历史,2026-09-04T01:02:29.548814+08:00
508096,2025-10-28,10.804,10.972,10.719,10.969,591156,none,AKShare/新浪基金历史,2026-09-04T01:02:29.548814+08:00
508096,2025-10-29,10.969,11.099,10.847,11.043,611658,none,AKShare/新浪基金历史,2026-09-04T01:02:29.548814+08:00
508096,2025-10-30,11.089,11.108,10.975,11.035,499474,none,AKShare/新浪基金历史,2026-09-04T01:02:29.548814+08:00
508096,2025-10-31,11.034,11.034,10.85,10.902,576019,none,AKShare/新浪基金历史,2026-09-04T01:02:29.548814+08:00
508096,2025-11-03,10.902,10.999,10.82,10.839,497800,none,AKShare/新浪基金历史,2026-09-04T01:02:29.548814+08:00
508096,2025-11-04,10.799,10.799,10.756,10.758,533233,none,AKShare/新浪基金历史,2026-09-04T01:02:29.548814+08:00
508096,2025-11-05,10.75,10.969,10.68,10.961,468612,none,AKShare/新浪基金历史,2026-09-04T01:02:29.548814+08:00
508096,2025-11-06,10.96,10.96,10.825,10.91,1331535,none,AKShare/新浪基金历史,2026-09-04T01:02:29.548814+08:00
508096,2025-11-07,10.88,10.907,10.815,10.829,309913,none,AKShare/新浪基金历史,2026-09-04T01:02:29.548814+08:00
508096,2025-11-10,10.829,10.829,10.758,10.825,687606,none,AKShare/新浪基金历史,2026-09-04T01:02:29.548814+08:00
508096,2025-11-11,10.787,10.827,10.715,10.728,799000,none,AKShare/新浪基金历史,2026-09-04T01:02:29.548814+08:00
508096,2025-11-12,10.782,10.782,10.689,10.78,1149425,none,AKShare/新浪基金历史,2026-09-04T01:02:29.548814+08:00
508096,2025-11-13,10.78,10.78,10.65,10.73,1103664,none,AKShare/新浪基金历史,2026-09-04T01:02:29.548814+08:00
508096,2025-11-14,10.719,11.054,10.69,10.883,1957904,none,AKShare/新浪基金历史,2026-09-04T01:02:29.548814+08:00
508096,2025-11-17,10.883,10.95,10.88,10.905,1196986,none,AKShare/新浪基金历史,2026-09-04T01:02:29.548814+08:00
508096,2025-11-18,10.905,10.987,10.84,10.861,671628,none,AKShare/新浪基金历史,2026-09-04T01:02:29.548814+08:00
508096,2025-11-19,10.858,10.873,10.77,10.77,331131,none,AKShare/新浪基金历史,2026-09-04T01:02:29.548814+08:00
508096,2025-11-20,10.828,10.828,10.75,10.755,725086,none,AKShare/新浪基金历史,2026-09-04T01:02:29.548814+08:00
508096,2025-11-21,10.75,10.785,10.716,10.755,523684,none,AKShare/新浪基金历史,2026-09-04T01:02:29.548814+08:00
508096,2025-11-24,10.716,10.756,10.716,10.735,601111,none,AKShare/新浪基金历史,2026-09-04T01:02:29.548814+08:00
508096,2025-11-25,10.72,10.919,10.702,10.841,1757365,none,AKShare/新浪基金历史,2026-09-04T01:02:29.548814+08:00
508096,2025-11-26,10.895,10.895,10.802,10.839,1004006,none,AKShare/新浪基金历史,2026-09-04T01:02:29.548814+08:00
508096,2025-11-27,10.893,10.893,10.805,10.871,234924,none,AKShare/新浪基金历史,2026-09-04T01:02:29.548814+08:00
508096,2025-11-28,10.831,10.886,10.831,10.851,456226,none,AKShare/新浪基金历史,2026-09-04T01:02:29.548814+08:00
508096,2025-12-01,10.85,10.878,10.8,10.859,755294,none,AKShare/新浪基金历史,2026-09-04T01:02:29.548814+08:00
508096,2025-12-02,10.855,10.887,10.68,10.816,392300,none,AKShare/新浪基金历史,2026-09-04T01:02:29.548814+08:00
508096,2025-12-03,10.783,10.865,10.701,10.759,744456,none,AKShare/新浪基金历史,2026-09-04T01:02:29.548814+08:00
508096,2025-12-04,10.719,10.793,10.7,10.71,689800,none,AKShare/新浪基金历史,2026-09-04T01:02:29.548814+08:00
508096,2025-12-08,10.71,10.776,10.665,10.671,350106,none,AKShare/新浪基金历史,2026-09-04T01:02:29.548814+08:00
508096,2025-12-09,10.66,10.732,10.651,10.651,149919,none,AKShare/新浪基金历史,2026-09-04T01:02:29.548814+08:00
508096,2025-12-10,10.64,10.708,10.62,10.625,611377,none,AKShare/新浪基金历史,2026-09-04T01:02:29.548814+08:00
508096,2025-12-11,10.624,10.629,10.611,10.629,823801,none,AKShare/新浪基金历史,2026-09-04T01:02:29.548814+08:00
508096,2025-12-12,10.612,10.682,10.612,10.649,653197,none,AKShare/新浪基金历史,2026-09-04T01:02:29.548814+08:00
508096,2025-12-15,10.638,10.679,10.581,10.592,117003,none,AKShare/新浪基金历史,2026-09-04T01:02:29.548814+08:00
508096,2025-12-16,10.591,10.764,10.501,10.706,164049,none,AKShare/新浪基金历史,2026-09-04T01:02:29.548814+08:00
508096,2025-12-17,10.706,10.736,10.356,10.579,594033,none,AKShare/新浪基金历史,2026-09-04T01:02:29.548814+08:00
508096,2025-12-18,10.539,10.54,10.392,10.479,703838,none,AKShare/新浪基金历史,2026-09-04T01:02:29.548814+08:00
508096,2025-12-19,10.45,10.45,10.205,10.317,1023100,none,AKShare/新浪基金历史,2026-09-04T01:02:29.548814+08:00
508096,2025-12-22,10.277,10.389,10.099,10.129,887539,none,AKShare/新浪基金历史,2026-09-04T01:02:29.548814+08:00
508096,2025-12-23,10.1,10.1,9.772,9.805,2407793,none,AKShare/新浪基金历史,2026-09-04T01:02:29.548814+08:00
508096,2025-12-24,9.838,9.98,9.702,9.889,2185113,none,AKShare/新浪基金历史,2026-09-04T01:02:29.548814+08:00
508096,2025-12-25,9.886,10.097,9.886,10.069,1094682,none,AKShare/新浪基金历史,2026-09-04T01:02:29.548814+08:00
508096,2025-12-26,10.066,10.245,9.911,10.13,220688,none,AKShare/新浪基金历史,2026-09-04T01:02:29.548814+08:00
508096,2025-12-29,10.248,10.248,10.137,10.157,368836,none,AKShare/新浪基金历史,2026-09-04T01:02:29.548814+08:00
508096,2025-12-30,10.12,10.2,10.024,10.128,344040,none,AKShare/新浪基金历史,2026-09-04T01:02:29.548814+08:00
508096,2025-12-31,10.125,10.195,10.099,10.1,655747,none,AKShare/新浪基金历史,2026-09-04T01:02:29.548814+08:00
508096,2026-01-05,10.105,10.24,9.977,10.12,673434,none,AKShare/新浪基金历史,2026-09-04T01:02:29.548814+08:00
508096,2026-01-06,10.08,10.221,10.005,10.18,598150,none,AKShare/新浪基金历史,2026-09-04T01:02:29.548814+08:00
508096,2026-01-07,10.168,10.199,10.031,10.188,847099,none,AKShare/新浪基金历史,2026-09-04T01:02:29.548814+08:00
508096,2026-01-08,10.148,10.26,10.069,10.221,1178224,none,AKShare/新浪基金历史,2026-09-04T01:02:29.548814+08:00
508096,2026-01-09,10.203,10.279,10.118,10.197,1264318,none,AKShare/新浪基金历史,2026-09-04T01:02:29.548814+08:00
508096,2026-01-12,10.2,10.226,10.052,10.16,893612,none,AKShare/新浪基金历史,2026-09-04T01:02:29.548814+08:00
508096,2026-01-13,10.139,10.199,10.03,10.164,800998,none,AKShare/新浪基金历史,2026-09-04T01:02:29.548814+08:00
508096,2026-01-14,10.163,10.68,10.05,10.16,580907,none,AKShare/新浪基金历史,2026-09-04T01:02:29.548814+08:00
508096,2026-01-15,10.145,10.258,10.063,10.16,1647449,none,AKShare/新浪基金历史,2026-09-04T01:02:29.548814+08:00
508096,2026-01-16,10.15,10.24,10.1,10.148,1833525,none,AKShare/新浪基金历史,2026-09-04T01:02:29.548814+08:00
508096,2026-01-19,10.148,10.188,10.0,10.123,2643314,none,AKShare/新浪基金历史,2026-09-04T01:02:29.548814+08:00
508096,2026-01-20,9.893,9.893,9.7,9.77,1772370,none,AKShare/新浪基金历史,2026-09-04T01:02:29.548814+08:00
508096,2026-01-21,9.77,9.875,9.763,9.787,1019132,none,AKShare/新浪基金历史,2026-09-04T01:02:29.548814+08:00
508096,2026-01-22,9.84,9.84,9.771,9.781,576717,none,AKShare/新浪基金历史,2026-09-04T01:02:29.548814+08:00
508096,2026-01-23,9.755,9.901,9.754,9.765,1061042,none,AKShare/新浪基金历史,2026-09-04T01:02:29.548814+08:00
508096,2026-01-26,9.76,9.88,9.622,9.711,932810,none,AKShare/新浪基金历史,2026-09-04T01:02:29.548814+08:00
508096,2026-01-27,9.7,9.799,9.622,9.784,807410,none,AKShare/新浪基金历史,2026-09-04T01:02:29.548814+08:00
508096,2026-01-28,9.785,9.82,9.744,9.795,832311,none,AKShare/新浪基金历史,2026-09-04T01:02:29.548814+08:00
508096,2026-01-29,9.803,9.95,9.752,9.949,2381138,none,AKShare/新浪基金历史,2026-09-04T01:02:29.548814+08:00
508096,2026-01-30,9.946,10.063,9.852,10.0,1618262,none,AKShare/新浪基金历史,2026-09-04T01:02:29.548814+08:00
508096,2026-02-02,10.007,10.007,9.886,9.944,955806,none,AKShare/新浪基金历史,2026-09-04T01:02:29.548814+08:00
508096,2026-02-03,9.942,9.942,9.861,9.89,1030375,none,AKShare/新浪基金历史,2026-09-04T01:02:29.548814+08:00
508096,2026-02-04,9.891,10.036,9.87,9.969,592713,none,AKShare/新浪基金历史,2026-09-04T01:02:29.548814+08:00
508096,2026-02-05,10.031,10.031,9.903,9.939,289107,none,AKShare/新浪基金历史,2026-09-04T01:02:29.548814+08:00
508096,2026-02-06,9.973,9.973,9.91,9.914,225770,none,AKShare/新浪基金历史,2026-09-04T01:02:29.548814+08:00
508096,2026-02-09,9.916,10.059,9.887,10.026,982536,none,AKShare/新浪基金历史,2026-09-04T01:02:29.548814+08:00
508096,2026-02-10,10.025,10.07,9.938,10.0,657279,none,AKShare/新浪基金历史,2026-09-04T01:02:29.548814+08:00
508096,2026-02-11,9.985,10.045,9.96,9.969,683756,none,AKShare/新浪基金历史,2026-09-04T01:02:29.548814+08:00
508096,2026-02-12,9.995,10.069,9.931,10.033,474015,none,AKShare/新浪基金历史,2026-09-04T01:02:29.548814+08:00
508096,2026-02-13,10.033,10.055,9.969,9.989,593612,none,AKShare/新浪基金历史,2026-09-04T01:02:29.548814+08:00
508096,2026-02-24,9.97,9.992,9.965,9.978,391014,none,AKShare/新浪基金历史,2026-09-04T01:02:29.548814+08:00
508096,2026-02-25,9.971,10.053,9.971,10.05,215622,none,AKShare/新浪基金历史,2026-09-04T01:02:29.548814+08:00
508096,2026-02-26,10.048,10.104,9.97,10.085,756226,none,AKShare/新浪基金历史,2026-09-04T01:02:29.548814+08:00
508096,2026-02-27,10.045,10.099,9.988,10.024,619330,none,AKShare/新浪基金历史,2026-09-04T01:02:29.548814+08:00
508096,2026-03-02,10.019,10.083,9.921,9.941,781473,none,AKShare/新浪基金历史,2026-09-04T01:02:29.548814+08:00
508096,2026-03-03,9.91,10.075,9.91,10.05,729813,none,AKShare/新浪基金历史,2026-09-04T01:02:29.548814+08:00
508096,2026-03-04,10.052,10.09,9.986,10.084,711307,none,AKShare/新浪基金历史,2026-09-04T01:02:29.548814+08:00
508096,2026-03-05,10.044,10.069,9.991,10.024,582508,none,AKShare/新浪基金历史,2026-09-04T01:02:29.548814+08:00
508096,2026-03-06,10.022,10.027,9.971,9.993,728651,none,AKShare/新浪基金历史,2026-09-04T01:02:29.548814+08:00
508096,2026-03-09,9.965,10.099,9.964,10.069,571120,none,AKShare/新浪基金历史,2026-09-04T01:02:29.548814+08:00
508096,2026-03-10,10.066,10.188,10.029,10.093,618638,none,AKShare/新浪基金历史,2026-09-04T01:02:29.548814+08:00
508096,2026-03-11,10.104,10.104,10.036,10.098,464164,none,AKShare/新浪基金历史,2026-09-04T01:02:29.548814+08:00
508096,2026-03-12,10.08,10.13,10.035,10.038,489625,none,AKShare/新浪基金历史,2026-09-04T01:02:29.548814+08:00
508096,2026-03-13,10.036,10.05,10.005,10.025,411982,none,AKShare/新浪基金历史,2026-09-04T01:02:29.548814+08:00
508096,2026-03-16,10.032,10.048,9.995,10.017,1017413,none,AKShare/新浪基金历史,2026-09-04T01:02:29.548814+08:00
508096,2026-03-17,10.033,10.05,10.014,10.041,314192,none,AKShare/新浪基金历史,2026-09-04T01:02:29.548814+08:00
508096,2026-03-18,10.015,10.11,10.0,10.084,675526,none,AKShare/新浪基金历史,2026-09-04T01:02:29.548814+08:00
508096,2026-03-19,10.078,10.132,10.016,10.043,434158,none,AKShare/新浪基金历史,2026-09-04T01:02:29.548814+08:00
508096,2026-03-20,10.039,10.079,9.985,10.065,490447,none,AKShare/新浪基金历史,2026-09-04T01:02:29.548814+08:00
508096,2026-03-23,10.067,10.085,9.985,10.01,594033,none,AKShare/新浪基金历史,2026-09-04T01:02:29.548814+08:00
508096,2026-03-24,9.987,10.059,9.986,10.016,337435,none,AKShare/新浪基金历史,2026-09-04T01:02:29.548814+08:00
508096,2026-03-25,10.029,10.029,9.942,9.962,460757,none,AKShare/新浪基金历史,2026-09-04T01:02:29.548814+08:00
508096,2026-03-26,9.943,9.954,9.885,9.897,585809,none,AKShare/新浪基金历史,2026-09-04T01:02:29.548814+08:00
508096,2026-03-27,9.898,9.898,9.8,9.814,461900,none,AKShare/新浪基金历史,2026-09-04T01:02:29.548814+08:00
508096,2026-03-30,9.836,9.868,9.788,9.862,448621,none,AKShare/新浪基金历史,2026-09-04T01:02:29.548814+08:00
508096,2026-03-31,9.86,9.912,9.85,9.85,642633,none,AKShare/新浪基金历史,2026-09-04T01:02:29.548814+08:00
508096,2026-04-01,9.837,9.963,9.837,9.86,600587,none,AKShare/新浪基金历史,2026-09-04T01:02:29.548814+08:00
508096,2026-04-02,9.836,9.942,9.82,9.914,684519,none,AKShare/新浪基金历史,2026-09-04T01:02:29.548814+08:00
508096,2026-04-03,9.877,9.983,9.877,9.947,525602,none,AKShare/新浪基金历史,2026-09-04T01:02:29.548814+08:00
508096,2026-04-07,9.948,9.989,9.882,9.989,980215,none,AKShare/新浪基金历史,2026-09-04T01:02:29.548814+08:00
508096,2026-04-08,9.984,10.096,9.959,10.025,764405,none,AKShare/新浪基金历史,2026-09-04T01:02:29.548814+08:00
508096,2026-04-09,10.022,10.05,9.991,10.017,522406,none,AKShare/新浪基金历史,2026-09-04T01:02:29.548814+08:00
508096,2026-04-10,10.022,10.059,9.993,10.009,325832,none,AKShare/新浪基金历史,2026-09-04T01:02:29.548814+08:00
508096,2026-04-13,10.009,10.021,9.923,10.016,150976,none,AKShare/新浪基金历史,2026-09-04T01:02:29.548814+08:00
508096,2026-04-14,9.99,10.068,9.973,10.024,577366,none,AKShare/新浪基金历史,2026-09-04T01:02:29.548814+08:00
508096,2026-04-15,9.993,10.046,9.918,10.012,1060318,none,AKShare/新浪基金历史,2026-09-04T01:02:29.548814+08:00
508096,2026-04-16,9.962,10.068,9.955,10.02,523481,none,AKShare/新浪基金历史,2026-09-04T01:02:29.548814+08:00
508096,2026-04-17,10.02,10.031,9.95,9.999,650638,none,AKShare/新浪基金历史,2026-09-04T01:02:29.548814+08:00
508096,2026-04-20,10.0,10.01,9.868,9.999,655940,none,AKShare/新浪基金历史,2026-09-04T01:02:29.548814+08:00
508096,2026-04-21,9.998,10.02,9.954,9.97,391635,none,AKShare/新浪基金历史,2026-09-04T01:02:29.548814+08:00
508096,2026-04-22,9.97,10.0,9.853,9.968,742537,none,AKShare/新浪基金历史,2026-09-04T01:02:29.548814+08:00
508096,2026-04-23,9.956,9.956,9.88,9.898,551007,none,AKShare/新浪基金历史,2026-09-04T01:02:29.548814+08:00
508096,2026-04-24,9.885,9.955,9.75,9.89,761756,none,AKShare/新浪基金历史,2026-09-04T01:02:29.548814+08:00
508096,2026-04-27,9.841,9.864,9.767,9.788,1060555,none,AKShare/新浪基金历史,2026-09-04T01:02:29.548814+08:00
508096,2026-04-28,9.77,9.89,9.757,9.812,674487,none,AKShare/新浪基金历史,2026-09-04T01:02:29.548814+08:00
508096,2026-04-29,9.894,9.894,9.746,9.778,304042,none,AKShare/新浪基金历史,2026-09-04T01:02:29.548814+08:00
508096,2026-04-30,9.778,9.825,9.756,9.774,126100,none,AKShare/新浪基金历史,2026-09-04T01:02:29.548814+08:00
508096,2026-05-06,9.78,9.84,9.634,9.817,533998,none,AKShare/新浪基金历史,2026-09-04T01:02:29.548814+08:00
508096,2026-05-07,9.814,9.849,9.723,9.818,457841,none,AKShare/新浪基金历史,2026-09-04T01:02:29.548814+08:00
508096,2026-05-08,9.76,9.919,9.73,9.849,415717,none,AKShare/新浪基金历史,2026-09-04T01:02:29.548814+08:00
508096,2026-05-11,9.839,9.849,9.757,9.768,939967,none,AKShare/新浪基金历史,2026-09-04T01:02:29.548814+08:00
508096,2026-05-12,9.77,9.77,9.69,9.721,636274,none,AKShare/新浪基金历史,2026-09-04T01:02:29.548814+08:00
508096,2026-05-13,9.739,9.76,9.634,9.71,632856,none,AKShare/新浪基金历史,2026-09-04T01:02:29.548814+08:00
508096,2026-05-14,9.71,9.71,9.65,9.665,678629,none,AKShare/新浪基金历史,2026-09-04T01:02:29.548814+08:00
508096,2026-05-15,9.665,9.723,9.605,9.665,505208,none,AKShare/新浪基金历史,2026-09-04T01:02:29.548814+08:00
508096,2026-05-18,9.5,9.5,9.235,9.269,925634,none,AKShare/新浪基金历史,2026-09-04T01:02:29.548814+08:00
508096,2026-05-19,9.323,9.46,9.29,9.436,612248,none,AKShare/新浪基金历史,2026-09-04T01:02:29.548814+08:00
508096,2026-05-20,9.436,9.6,9.436,9.494,1018134,none,AKShare/新浪基金历史,2026-09-04T01:02:29.548814+08:00
508096,2026-05-21,9.494,9.537,9.454,9.509,760633,none,AKShare/新浪基金历史,2026-09-04T01:02:29.548814+08:00
508096,2026-05-22,9.485,9.63,9.45,9.594,1143496,none,AKShare/新浪基金历史,2026-09-04T01:02:29.548814+08:00
508096,2026-05-25,9.6,9.688,9.581,9.629,653603,none,AKShare/新浪基金历史,2026-09-04T01:02:29.548814+08:00
508096,2026-05-26,9.671,9.704,9.601,9.699,862661,none,AKShare/新浪基金历史,2026-09-04T01:02:29.548814+08:00
508096,2026-05-27,9.699,9.704,9.62,9.685,1121342,none,AKShare/新浪基金历史,2026-09-04T01:02:29.548814+08:00
508096,2026-05-28,9.668,9.725,9.64,9.669,373453,none,AKShare/新浪基金历史,2026-09-04T01:02:29.548814+08:00
508096,2026-05-29,9.669,9.699,9.634,9.698,164422,none,AKShare/新浪基金历史,2026-09-04T01:02:29.548814+08:00
508096,2026-06-01,9.698,9.799,9.655,9.75,655003,none,AKShare/新浪基金历史,2026-09-04T01:02:29.548814+08:00
508096,2026-06-02,9.771,9.771,9.577,9.718,1227992,none,AKShare/新浪基金历史,2026-09-04T01:02:29.548814+08:00
508096,2026-06-03,9.692,9.753,9.656,9.698,1301221,none,AKShare/新浪基金历史,2026-09-04T01:02:29.548814+08:00
508096,2026-06-04,9.662,9.719,9.6,9.669,501400,none,AKShare/新浪基金历史,2026-09-04T01:02:29.548814+08:00
508096,2026-06-05,9.625,9.719,9.585,9.679,475579,none,AKShare/新浪基金历史,2026-09-04T01:02:29.548814+08:00
508096,2026-06-08,9.679,9.679,9.617,9.62,442101,none,AKShare/新浪基金历史,2026-09-04T01:02:29.548814+08:00
508096,2026-06-09,9.62,9.858,9.526,9.574,602327,none,AKShare/新浪基金历史,2026-09-04T01:02:29.548814+08:00
508096,2026-06-10,9.57,9.57,9.377,9.394,411019,none,AKShare/新浪基金历史,2026-09-04T01:02:29.548814+08:00
508096,2026-06-11,9.365,9.468,9.26,9.261,644211,none,AKShare/新浪基金历史,2026-09-04T01:02:29.548814+08:00
508096,2026-06-12,9.3,9.306,9.247,9.285,701112,none,AKShare/新浪基金历史,2026-09-04T01:02:29.548814+08:00
508096,2026-06-15,9.279,9.28,9.232,9.25,766207,none,AKShare/新浪基金历史,2026-09-04T01:02:29.548814+08:00
508096,2026-06-16,9.25,9.31,9.23,9.276,527019,none,AKShare/新浪基金历史,2026-09-04T01:02:29.548814+08:00
508096,2026-06-17,9.298,9.404,9.269,9.3,544296,none,AKShare/新浪基金历史,2026-09-04T01:02:29.548814+08:00
508096,2026-06-18,9.3,9.34,9.22,9.221,128803,none,AKShare/新浪基金历史,2026-09-04T01:02:29.548814+08:00
508096,2026-06-22,9.221,9.221,9.104,9.128,103055,none,AKShare/新浪基金历史,2026-09-04T01:02:29.548814+08:00
508096,2026-06-23,9.132,9.132,9.087,9.1,527025,none,AKShare/新浪基金历史,2026-09-04T01:02:29.548814+08:00
508096,2026-06-24,9.091,9.1,8.993,9.015,721031,none,AKShare/新浪基金历史,2026-09-04T01:02:29.548814+08:00
508096,2026-06-25,8.991,9.314,8.991,9.24,1036938,none,AKShare/新浪基金历史,2026-09-04T01:02:29.548814+08:00
508096,2026-06-26,9.248,9.248,9.154,9.227,635601,none,AKShare/新浪基金历史,2026-09-04T01:02:29.548814+08:00
508096,2026-06-29,9.227,9.288,9.175,9.248,795153,none,AKShare/新浪基金历史,2026-09-04T01:02:29.548814+08:00
508096,2026-06-30,9.248,9.321,9.191,9.276,1166930,none,AKShare/新浪基金历史,2026-09-04T01:02:29.548814+08:00
508096,2026-07-01,9.276,9.37,9.238,9.369,939668,none,AKShare/新浪基金历史,2026-09-04T01:02:29.548814+08:00
508096,2026-07-02,9.35,9.42,9.335,9.417,528497,none,AKShare/新浪基金历史,2026-09-04T01:02:29.548814+08:00
508096,2026-07-03,9.424,9.499,9.382,9.481,326752,none,AKShare/新浪基金历史,2026-09-04T01:02:29.548814+08:00
508096,2026-07-06,9.464,9.523,9.432,9.483,864204,none,AKShare/新浪基金历史,2026-09-04T01:02:29.548814+08:00
508096,2026-07-07,9.482,9.483,9.32,9.457,465558,none,AKShare/新浪基金历史,2026-09-04T01:02:29.548814+08:00
508096,2026-07-08,9.414,9.453,9.328,9.353,672166,none,AKShare/新浪基金历史,2026-09-04T01:02:29.548814+08:00
508096,2026-07-09,9.352,9.386,9.195,9.38,281243,none,AKShare/新浪基金历史,2026-09-04T01:02:29.548814+08:00
508096,2026-07-10,9.331,9.456,9.331,9.456,577821,none,AKShare/新浪基金历史,2026-09-04T01:02:29.548814+08:00
508096,2026-07-13,9.456,9.456,9.407,9.446,311770,none,AKShare/新浪基金历史,2026-09-04T01:02:29.548814+08:00
508096,2026-07-14,9.412,9.415,9.379,9.39,259258,none,AKShare/新浪基金历史,2026-09-04T01:02:29.548814+08:00
508096,2026-07-15,9.388,9.402,9.308,9.4,211791,none,AKShare/新浪基金历史,2026-09-04T01:02:29.548814+08:00
508096,2026-07-16,9.384,9.549,9.378,9.526,788577,none,AKShare/新浪基金历史,2026-09-04T01:02:29.548814+08:00
508096,2026-07-17,9.56,9.56,9.446,9.508,318054,none,AKShare/新浪基金历史,2026-09-04T01:02:29.548814+08:00
508096,2026-07-20,9.47,9.516,9.403,9.449,99980,none,AKShare/新浪基金历史,2026-09-04T01:02:29.548814+08:00
508096,2026-07-21,9.408,9.49,9.408,9.458,486901,none,AKShare/新浪基金历史,2026-09-04T01:02:29.548814+08:00
508096,2026-07-22,9.423,9.459,9.313,9.361,508933,none,AKShare/新浪基金历史,2026-09-04T01:02:29.548814+08:00
508096,2026-07-23,9.329,9.329,9.201,9.299,271426,none,AKShare/新浪基金历史,2026-09-04T01:02:29.548814+08:00
508096,2026-07-24,9.258,9.302,9.236,9.271,1087427,none,AKShare/新浪基金历史,2026-09-04T01:02:29.548814+08:00
508096,2026-07-27,9.26,9.396,9.201,9.385,438482,none,AKShare/新浪基金历史,2026-09-04T01:02:29.548814+08:00
508096,2026-07-28,9.386,9.386,9.275,9.342,89403,none,AKShare/新浪基金历史,2026-09-04T01:02:29.548814+08:00
508096,2026-07-29,9.373,9.373,9.307,9.356,384514,none,AKShare/新浪基金历史,2026-09-04T01:02:29.548814+08:00
508096,2026-07-30,9.316,9.373,9.315,9.352,423013,none,AKShare/新浪基金历史,2026-09-04T01:02:29.548814+08:00
508096,2026-07-31,9.304,9.355,9.258,9.355,599579,none,AKShare/新浪基金历史,2026-09-04T01:02:29.548814+08:00
508096,2026-08-03,9.314,9.42,9.314,9.394,466500,none,AKShare/新浪基金历史,2026-09-04T01:02:29.548814+08:00
508096,2026-08-04,9.408,9.467,9.329,9.352,341700,none,AKShare/新浪基金历史,2026-09-04T01:02:29.548814+08:00
508096,2026-08-05,9.329,9.344,9.3,9.309,472343,none,AKShare/新浪基金历史,2026-09-04T01:02:29.548814+08:00
508096,2026-08-06,9.303,9.37,9.27,9.37,1136535,none,AKShare/新浪基金历史,2026-09-04T01:02:29.548814+08:00
508096,2026-08-07,9.372,9.428,9.372,9.428,766916,none,AKShare/新浪基金历史,2026-09-04T01:02:29.548814+08:00
508096,2026-08-10,9.445,9.483,9.351,9.444,297015,none,AKShare/新浪基金历史,2026-09-04T01:02:29.548814+08:00
508096,2026-08-11,9.275,9.282,9.22,9.278,1420305,none,AKShare/新浪基金历史,2026-09-04T01:02:29.548814+08:00
508096,2026-08-12,9.278,9.349,9.259,9.264,328343,none,AKShare/新浪基金历史,2026-09-04T01:02:29.548814+08:00
508096,2026-08-13,9.327,9.327,9.211,9.229,106106,none,AKShare/新浪基金历史,2026-09-04T01:02:29.548814+08:00
508096,2026-08-14,9.271,9.311,9.226,9.232,157400,none,AKShare/新浪基金历史,2026-09-04T01:02:29.548814+08:00
508096,2026-08-17,9.279,9.28,9.204,9.236,384601,none,AKShare/新浪基金历史,2026-09-04T01:02:29.548814+08:00
508096,2026-08-18,9.236,9.238,9.143,9.237,402301,none,AKShare/新浪基金历史,2026-09-04T01:02:29.548814+08:00
508096,2026-08-19,9.188,9.237,9.188,9.235,393071,none,AKShare/新浪基金历史,2026-09-04T01:02:29.548814+08:00
508096,2026-08-20,9.201,9.238,9.201,9.237,372900,none,AKShare/新浪基金历史,2026-09-04T01:02:29.548814+08:00
508096,2026-08-21,9.237,9.254,9.203,9.242,451202,none,AKShare/新浪基金历史,2026-09-04T01:02:29.548814+08:00
508096,2026-08-24,9.229,9.245,9.121,9.236,611702,none,AKShare/新浪基金历史,2026-09-04T01:02:29.548814+08:00
508096,2026-08-25,9.236,9.249,9.19,9.226,354763,none,AKShare/新浪基金历史,2026-09-04T01:02:29.548814+08:00
508096,2026-08-26,9.227,9.227,9.144,9.227,387740,none,AKShare/新浪基金历史,2026-09-04T01:02:29.548814+08:00
508096,2026-08-27,9.227,9.253,9.204,9.225,690600,none,AKShare/新浪基金历史,2026-09-04T01:02:29.548814+08:00
508096,2026-08-28,9.202,9.239,9.19,9.19,354518,none,AKShare/新浪基金历史,2026-09-04T01:02:29.548814+08:00
508096,2026-08-31,9.19,9.19,9.156,9.159,175100,none,AKShare/新浪基金历史,2026-09-04T01:02:29.548814+08:00
508096,2026-09-01,9.205,9.205,9.159,9.169,83907,none,AKShare/新浪基金历史,2026-09-04T01:02:29.548814+08:00
508096,2026-09-02,9.165,9.165,9.1,9.125,135063,none,AKShare/新浪基金历史,2026-09-04T01:02:29.548814+08:00
